label,class,cond,abs_disc,eqn,bad_lfactors,is_gl2_type,end_alg,geom_end_alg,st_group,Lhash,sealed
169.a.169.1,169.a,169,169,"""[[0,0,0,0,1,1],[1,1,0,1]]""","""[[13,[1,5,13]]]""",True,CM,M_2(Q),E_6,1456780685049277288,0
196.a.21952.1,196.a,196,21952,"""[[1,3,6,7,6,3,1],[0,1,1]]""","""[[2,[1,2,1]],[7,[1,-2,1]]]""",False,M_2(Q),M_2(Q),E_1,613994882430202077,0
249.a.249.1,249.a,249,249,"""[[0,1,1],[1,0,0,1]]""","""[[3,[1,2,0,-3]],[83,[1,-1,83,-83]]]""",False,Q,Q,USp(4),1229180703233001291,0
249.a.6723.1,249.a,249,6723,"""[[2,3,1,1,0,-1],[1,0,0,1]]""","""[[3,[1,2,0,-3]],[83,[1,-1,83,-83]]]""",False,Q,Q,USp(4),1229180703233001291,0
256.a.512.1,256.a,256,512,"""[[0,-1,1,1,-3,2],[1]]""","""[[2,[1,2,2]]]""",True,CM,M_2(Q),E_4,2023392088972236524,0
277.a.277.1,277.a,277,277,"""[[0,-1,-1],[1,1,1,1]]""","""[[277,[1,-7,269,277]]]""",False,Q,Q,USp(4),639653774064676620,0
277.a.277.2,277.a,277,277,"""[[-6,11,-19,14,-9,1],[1]]""","""[[277,[1,-7,269,277]]]""",False,Q,Q,USp(4),639653774064676620,0
294.a.294.1,294.a,294,294,"""[[0,0,1,0,1],[1,0,0,1]]""","""[[2,[1,2,3,2]],[3,[1,1,1,-3]],[7,[1,0,-1]]]""",True,Q x Q,Q x Q,SU(2)xSU(2),315995603033814010,0
294.a.8232.1,294.a,294,8232,"""[[-14,-9,4,0,-2],[1,0,0,1]]""","""[[2,[1,2,3,2]],[3,[1,1,1,-3]],[7,[1,0,-1]]]""",True,Q x Q,Q x Q,SU(2)xSU(2),315995603033814010,0
295.a.295.1,295.a,295,295,"""[[0,0,-1],[1,0,0,1]]""","""[[5,[1,2,6,5]],[59,[1,-3,55,59]]]""",False,Q,Q,USp(4),1445678309922023239,0
295.a.295.2,295.a,295,295,"""[[-608,389,22,-40,0,1],[1,1,1]]""","""[[5,[1,2,6,5]],[59,[1,-3,55,59]]]""",False,Q,Q,USp(4),1445678309922023239,0
324.a.648.1,324.a,324,648,"""[[0,0,1,2,2,1],[1,1,0,1]]""","""[[2,[1,1,1]],[3,[1,3,3]]]""",True,CM,M_2(Q),E_3,1709198346480436726,0
336.a.172032.1,336.a,336,172032,"""[[-56,0,-75,0,15,0,-1],[0,1,0,1]]""","""[[2,[1,1]],[3,[1,3,5,3]],[7,[1,-1,7,-7]]]""",True,Q x Q,Q x Q,SU(2)xSU(2),60554601871821384,0
349.a.349.1,349.a,349,349,"""[[0,0,-1,-1],[1,1,1,1]]""","""[[349,[1,-11,337,349]]]""",False,Q,Q,USp(4),270569359746706556,0
353.a.353.1,353.a,353,353,"""[[0,0,1],[1,1,0,1]]""","""[[353,[1,10,362,353]]]""",False,Q,Q,USp(4),1325289956928886660,0
360.a.6480.1,360.a,360,6480,"""[[-5,0,7,0,-3],[0,1,0,1]]""","""[[2,[1,1,2]],[3,[1,2,1]],[5,[1,1,3,-5]]]""",True,Q x Q,Q x Q,SU(2)xSU(2),1656771274761252812,0
363.a.11979.1,363.a,363,11979,"""[[0,2,4,2,0,1],[1,0,1]]""","""[[3,[1,2,4,3]],[11,[1,-2,1]]]""",True,Q x Q,Q x Q,SU(2)xSU(2),1338090095012731695,0
363.a.43923.1,363.a,363,43923,"""[[-2,1,10,-7,-13,11],[0,0,1]]""","""[[3,[1,2,4,3]],[11,[1,-2,1]]]""",True,Q x Q,Q x Q,SU(2)xSU(2),1338090095012731695,0
388.a.776.1,388.a,388,776,"""[[0,1,2,0,-1],[1,1,0,1]]""","""[[2,[1,1,1]],[97,[1,-13,83,97]]]""",False,Q,Q,USp(4),1336698070319187516,0
389.a.389.1,389.a,389,389,"""[[7,16,0,-8,-2,1],[0,1,0,1]]""","""[[389,[1,11,399,389]]]""",False,Q,Q,USp(4),2172656349009168506,0
389.a.389.2,389.a,389,389,"""[[0,0,1,2,2,1],[1,1]]""","""[[389,[1,11,399,389]]]""",False,Q,Q,USp(4),2172656349009168506,0
394.a.3152.1,394.a,394,3152,"""[[0,0,0,0,0,-1],[1,1]]""","""[[2,[1,1,0,-2]],[197,[1,-19,215,-197]]]""",False,Q,Q,USp(4),1445475659822937675,0
394.a.394.1,394.a,394,394,"""[[-9,17,0,-12,1,2],[0,1,0,1]]""","""[[2,[1,1,0,-2]],[197,[1,-19,215,-197]]]""",False,Q,Q,USp(4),1445475659822937675,0
400.a.409600.1,400.a,400,409600,"""[[1,0,4,0,4,0,1],[]]""","""[[2,[1]],[5,[1,2,1]]]""",False,M_2(Q),M_2(Q),E_1,25792812462041176,0
427.a.2989.1,427.a,427,2989,"""[[-4,4,4,-5,-1,1],[1,0,0,1]]""","""[[7,[1,0,6,7]],[61,[1,9,69,61]]]""",False,Q,Q,USp(4),417079324919295763,0
448.a.448.1,448.a,448,448,"""[[-7,0,0,0,1],[0,1,0,1]]""","""[[2,[1,1]],[7,[1,-1,7,-7]]]""",True,Q x Q,CM x Q,N(U(1)xSU(2)),639284731750073843,0
448.a.448.2,448.a,448,448,"""[[7,0,0,0,-2],[0,1,0,1]]""","""[[2,[1,1]],[7,[1,-1,7,-7]]]""",True,Q x Q,CM x Q,N(U(1)xSU(2)),639284731750073843,0
450.a.2700.1,450.a,450,2700,"""[[0,1,3,3,3,1],[1,0,0,1]]""","""[[2,[1,2,3,2]],[3,[1,0,-1]],[5,[1,0,-1]]]""",True,Q x Q,Q x Q,SU(2)xSU(2),898745104469034071,0
450.a.36450.1,450.a,450,36450,"""[[-16,-6,28,-9,-4,1],[1,0,0,1]]""","""[[2,[1,2,3,2]],[3,[1,0,-1]],[5,[1,0,-1]]]""",True,Q x Q,Q x Q,SU(2)xSU(2),898745104469034071,0
461.a.461.1,461.a,461,461,"""[[-2,3,0,-3,0,1],[0,0,0,1]]""","""[[461,[1,1,461,461]]]""",False,Q,Q,USp(4),2294054356344303861,0
461.a.461.2,461.a,461,461,"""[[-306,272,10,-39,-1,1],[1]]""","""[[461,[1,1,461,461]]]""",False,Q,Q,USp(4),2294054356344303861,0
464.a.29696.1,464.a,464,29696,"""[[0,0,-2,-4,3,8],[1,1]]""","""[[2,[1,1,2]],[29,[1,3,31,29]]]""",False,Q,Q,USp(4),1539865513156672146,0
464.a.29696.2,464.a,464,29696,"""[[0,1,16,72,33,4],[0,1]]""","""[[2,[1,1,2]],[29,[1,3,31,29]]]""",False,Q,Q,USp(4),1539865513156672146,0
464.a.464.1,464.a,464,464,"""[[0,0,0,-1,-2,-2,-1],[1,1]]""","""[[2,[1,1,2]],[29,[1,3,31,29]]]""",False,Q,Q,USp(4),1539865513156672146,0
472.a.60416.1,472.a,472,60416,"""[[0,0,2,4,5,8],[1,1]]""","""[[2,[1,1,2]],[59,[1,-11,47,59]]]""",False,Q,Q,USp(4),1886010138829170898,0
472.a.944.1,472.a,472,944,"""[[0,1,0,-2,-1,1],[1,0,1]]""","""[[2,[1,1,2]],[59,[1,-11,47,59]]]""",False,Q,Q,USp(4),1886010138829170898,0
476.a.952.1,476.a,476,952,"""[[54,-75,25,7,-5],[1,0,0,1]]""","""[[2,[1,0,-1]],[7,[1,3,3,-7]],[17,[1,-5,11,17]]]""",True,Q x Q,Q x Q,SU(2)xSU(2),1400883143290220004,0
484.a.1936.1,484.a,484,1936,"""[[0,0,1,0,2,0,1],[1]]""","""[[2,[1,2,2]],[11,[1,0,-1]]]""",True,Q x Q,Q x Q,SU(2)xSU(2),2114186068369783362,0
504.a.27216.1,504.a,504,27216,"""[[21,0,15,0,3],[0,1,0,1]]""","""[[2,[1,1,2]],[3,[1,0,-1]],[7,[1,1,7,7]]]""",True,Q x Q,Q x Q,SU(2)xSU(2),2068398331689127268,0
523.a.523.1,523.a,523,523,"""[[0,0,0,-1,-1,1],[1,1]]""","""[[523,[1,-23,499,523]]]""",False,Q,Q,USp(4),1254137218410387728,0
523.a.523.2,523.a,523,523,"""[[0,-1,21,-110,-31,1],[0,1]]""","""[[523,[1,-23,499,523]]]""",False,Q,Q,USp(4),1254137218410387728,0
529.a.529.1,529.a,529,529,"""[[0,0,0,0,0,-1],[1,1,0,1]]""","""[[23,[1,-2,1]]]""",True,RM,RM,SU(2)xSU(2),1804802565588895238,0
555.a.8325.1,555.a,555,8325,"""[[0,1,1,-4,-2,3],[1,1]]""","""[[3,[1,0,2,-3]],[5,[1,3,1,-5]],[37,[1,3,39,37]]]""",False,Q,Q,USp(4),1166985675164935359,0
574.a.293888.1,574.a,574,293888,"""[[1,1,-3,0,-1,1],[0,1,1]]""","""[[2,[1,0,1,-2]],[7,[1,1,5,-7]],[41,[1,-1,39,41]]]""",False,Q,Q,USp(4),1146119130581588304,0
576.a.576.1,576.a,576,576,"""[[0,-1,0,-1],[1,1,1,1]]""","""[[2,[1,2,2]],[3,[1,0,1]]]""",True,CM,M_2(Q),E_2,701482280995662430,0
576.b.147456.1,576.b,576,147456,"""[[1,0,2,0,2,0,1],[]]""","""[[2,[1]],[3,[1,2,1]]]""",False,M_2(Q),M_2(Q),E_1,1812957330527134642,0
578.a.2312.1,578.a,578,2312,"""[[0,1,-2,2,-2,1],[0,1,1]]""","""[[2,[1,0,1,-2]],[17,[1,0,-1]]]""",True,Q x Q,Q x Q,SU(2)xSU(2),197005245984506301,0
587.a.587.1,587.a,587,587,"""[[0,-1,-1],[1,1,0,1]]""","""[[587,[1,35,551,-587]]]""",False,Q,Q,USp(4),1656984838245688172,0
588.a.18816.1,588.a,588,18816,"""[[8,12,5,0,1,1],[1,0,0,1]]""","""[[2,[1,0,-1]],[3,[1,3,5,3]],[7,[1,0,-1]]]""",True,Q x Q,Q x Q,SU(2)xSU(2),765871431780445570,0
597.a.597.1,597.a,597,597,"""[[0,1,2,3,2,1],[1]]""","""[[3,[1,2,0,-3]],[199,[1,-5,203,-199]]]""",False,Q,Q,USp(4),445445766581223123,0
600.a.18000.1,600.a,600,18000,"""[[0,-1,1,8,-18,10],[0,1]]""","""[[2,[1,1]],[3,[1,1,1,-3]],[5,[1,2,1]]]""",True,Q x Q,Q x Q,SU(2)xSU(2),161348901202369168,0
600.a.96000.1,600.a,600,96000,"""[[0,0,2,3,5,4],[1,1]]""","""[[2,[1,1]],[3,[1,1,1,-3]],[5,[1,2,1]]]""",True,Q x Q,Q x Q,SU(2)xSU(2),161348901202369168,0
600.b.30000.1,600.b,600,30000,"""[[-3,0,1,0,1],[0,1,0,1]]""","""[[2,[1,1,2]],[3,[1,1,3,3]],[5,[1,-2,1]]]""",True,Q x Q,Q x Q,SU(2)xSU(2),1467175788107318733,0
600.b.450000.1,600.b,600,450000,"""[[-45,0,25,0,-5],[0,1,0,1]]""","""[[2,[1,1,2]],[3,[1,1,3,3]],[5,[1,-2,1]]]""",True,Q x Q,Q x Q,SU(2)xSU(2),1467175788107318733,0
603.a.603.1,603.a,603,603,"""[[0,2,4,4,8,1],[1,0,1]]""","""[[3,[1,0,1]],[67,[1,-7,59,67]]]""",False,Q,Q,USp(4),1803984185390222566,0
603.a.603.2,603.a,603,603,"""[[0,1,0,-1,0,1],[1,0,1]]""","""[[3,[1,0,1]],[67,[1,-7,59,67]]]""",False,Q,Q,USp(4),1803984185390222566,0
604.a.9664.1,604.a,604,9664,"""[[-21,-53,-4,48,9,4],[1,1,1]]""","""[[2,[1,0,-1]],[151,[1,9,141,-151]]]""",False,Q,Q,USp(4),84410224055534154,0
604.a.9664.2,604.a,604,9664,"""[[0,-1,1,1,-1],[1,0,0,1]]""","""[[2,[1,0,-1]],[151,[1,9,141,-151]]]""",False,Q,Q,USp(4),84410224055534154,0
630.a.34020.1,630.a,630,34020,"""[[15,-6,-23,0,10,3],[0,1,1]]""","""[[2,[1,0,1,-2]],[3,[1,2,1]],[5,[1,1,3,-5]],[7,[1,1,7,7]]]""",True,Q x Q,Q x Q,SU(2)xSU(2),56245095456183047,0
640.a.81920.1,640.a,640,81920,"""[[20,0,13,0,3],[0,0,0,1]]""","""[[2,[1]],[5,[1,3,7,5]]]""",True,Q x Q,CM x Q,N(U(1)xSU(2)),1498105201372840368,0
640.a.81920.2,640.a,640,81920,"""[[-20,0,13,0,-3],[0,0,0,1]]""","""[[2,[1]],[5,[1,3,7,5]]]""",True,Q x Q,CM x Q,N(U(1)xSU(2)),1498105201372840368,0
644.a.2576.1,644.a,644,2576,"""[[-5,11,-20,20,-20,11,-5],[0,1,1]]""","""[[2,[1,2,1]],[7,[1,3,3,-7]],[23,[1,-1,23,-23]]]""",True,Q x Q,Q x Q,SU(2)xSU(2),2213652731988948920,0
644.a.659456.1,644.a,644,659456,"""[[-3,-13,4,51,4,-13,-3],[0,1,1]]""","""[[2,[1,2,1]],[7,[1,3,3,-7]],[23,[1,-1,23,-23]]]""",True,Q x Q,Q x Q,SU(2)xSU(2),2213652731988948920,0
644.b.14812.1,644.b,644,14812,"""[[-1,-1,5,-4,-1,1],[1,0,0,1]]""","""[[2,[1,0,1]],[7,[1,3,9,7]],[23,[1,-3,19,23]]]""",False,Q,Q,USp(4),2193376596020366356,0
672.a.172032.1,672.a,672,172032,"""[[56,0,-75,0,-16,0,-1],[0,1,0,1]]""","""[[2,[1,1]],[3,[1,1,1,-3]],[7,[1,-1,7,-7]]]""",True,Q x Q,Q x Q,SU(2)xSU(2),743000016071892834,0
676.a.5408.1,676.a,676,5408,"""[[1,3,3,1],[0,1,1,1]]""","""[[2,[1,0,-1]],[13,[1,0,-1]]]""",True,Q x Q,Q x Q,SU(2)xSU(2),1221962300074229217,0
676.a.562432.1,676.a,676,562432,"""[[0,2,2,4,2,2],[1,0,0,1]]""","""[[2,[1,0,-1]],[13,[1,0,-1]]]""",True,Q x Q,Q x Q,SU(2)xSU(2),1221962300074229217,0
676.b.17576.1,676.b,676,17576,"""[[-1,3,-6,6,-6,3,-1],[0,1,1]]""","""[[2,[1,2,1]],[13,[1,-2,1]]]""",False,M_2(Q),M_2(Q),E_1,1833436193401394957,0
686.a.686.1,686.a,686,686,"""[[0,1,1,2,1,1],[0,1,1]]""","""[[2,[1,0,1,2]],[7,[1,-1]]]""",True,Q x Q,CM x Q,N(U(1)xSU(2)),248907434426048949,0
688.a.2752.1,688.a,688,2752,"""[[0,-1,0,4,-5,2],[1]]""","""[[2,[1]],[43,[1,-5,47,-43]]]""",False,Q,Q,USp(4),531506738588903304,0
688.a.704512.1,688.a,688,704512,"""[[1,2,1,4,0,2],[]]""","""[[2,[1]],[43,[1,-5,47,-43]]]""",False,Q,Q,USp(4),531506738588903304,0
688.a.704512.2,688.a,688,704512,"""[[1,4,2,-8,-7,2],[]]""","""[[2,[1]],[43,[1,-5,47,-43]]]""",False,Q,Q,USp(4),531506738588903304,0
691.a.691.1,691.a,691,691,"""[[0,0,-1,-1,0,1],[1,1]]""","""[[691,[1,29,719,691]]]""",False,Q,Q,USp(4),1324977999947104173,0
704.a.45056.1,704.a,704,45056,"""[[0,0,-2,-1,4,4],[1]]""","""[[2,[1,0,2]],[11,[1,-1,11,-11]]]""",False,Q,Q,USp(4),2159575534599616393,0
708.a.181248.1,708.a,708,181248,"""[[-36,-98,-41,48,9,-4,-1],[1,0,0,1]]""","""[[2,[1,0,1]],[3,[1,2,4,3]],[59,[1,1,59,59]]]""",False,Q,Q,USp(4),379335071324098363,0
708.a.19116.1,708.a,708,19116,"""[[-1,4,4,0,0,-1],[1,0,0,1]]""","""[[2,[1,0,1]],[3,[1,2,4,3]],[59,[1,1,59,59]]]""",False,Q,Q,USp(4),379335071324098363,0
708.a.2832.1,708.a,708,2832,"""[[0,0,0,0,0,1],[1,1,1]]""","""[[2,[1,0,1]],[3,[1,2,4,3]],[59,[1,1,59,59]]]""",False,Q,Q,USp(4),379335071324098363,0
709.a.709.1,709.a,709,709,"""[[0,1,-2,0,0,1],[0,1]]""","""[[709,[1,-5,703,709]]]""",False,Q,Q,USp(4),313471120575217524,0
713.a.713.1,713.a,713,713,"""[[0,-1,0,0,0,-1],[1,1,0,1]]""","""[[23,[1,-3,19,23]],[31,[1,6,24,-31]]]""",False,Q,Q,USp(4),1119255131859026482,0
713.b.713.1,713.b,713,713,"""[[0,0,0,0,-1],[1,1,0,1]]""","""[[23,[1,-5,17,23]],[31,[1,-4,26,31]]]""",False,Q,Q,USp(4),1456251329365809152,0
720.a.6480.1,720.a,720,6480,"""[[5,0,7,0,2],[0,1,0,1]]""","""[[2,[1,1,2]],[3,[1,0,-1]],[5,[1,1,3,-5]]]""",True,Q x Q,Q x Q,SU(2)xSU(2),33373679747630311,0
720.b.116640.1,720.b,720,116640,"""[[-90,0,39,0,-6],[0,1,0,1]]""","""[[2,[1,1]],[3,[1,0,-1]],[5,[1,3,7,5]]]""",True,Q x Q,Q x Q,SU(2)xSU(2),1054931160234915901,0
726.a.1452.1,726.a,726,1452,"""[[0,-1,-2,6,2,2],[1,0,1]]""","""[[2,[1,1,0,-2]],[3,[1,0,2,-3]],[11,[1,-2,1]]]""",True,Q x Q,Q x Q,SU(2)xSU(2),2032374024841673184,0
731.a.12427.1,731.a,731,12427,"""[[-3,-1,0,0,2,1],[0,0,1,1]]""","""[[17,[1,-2,14,17]],[43,[1,-3,39,43]]]""",False,Q,Q,USp(4),934349038178523264,0
741.a.28899.1,741.a,741,28899,"""[[0,1,2,0,-1,-3],[1,1]]""","""[[3,[1,1,3,3]],[13,[1,3,15,13]],[19,[1,-3,15,19]]]""",False,Q,Q,USp(4),1135624214825637519,0
743.a.743.1,743.a,743,743,"""[[0,0,1,0,-1],[1,1,0,1]]""","""[[743,[1,23,719,-743]]]""",False,Q,Q,USp(4),1694545472221723570,0
745.a.745.1,745.a,745,745,"""[[0,-1],[1,1,0,1]]""","""[[5,[1,2,2,-5]],[149,[1,2,146,-149]]]""",False,Q,Q,USp(4),1884643701512224450,0
762.a.3048.1,762.a,762,3048,"""[[1,1,1],[0,1,1,1]]""","""[[2,[1,0,1,-2]],[3,[1,1,1,-3]],[127,[1,17,143,127]]]""",False,Q,Q,USp(4),651912719483453036,0
762.a.82296.1,762.a,762,82296,"""[[0,-1,2,14,-8,1],[0,1,1]]""","""[[2,[1,0,1,-2]],[3,[1,1,1,-3]],[127,[1,17,143,127]]]""",False,Q,Q,USp(4),651912719483453036,0
763.a.763.1,763.a,763,763,"""[[0,-1,2,0,-2],[0,1,0,1]]""","""[[7,[1,1,5,-7]],[109,[1,9,99,-109]]]""",False,Q,Q,USp(4),1562044646345484481,0
768.a.1536.1,768.a,768,1536,"""[[0,1,0,-3,-1,2],[1]]""","""[[2,[1,0,2]],[3,[1,1,1,-3]]]""",False,Q,Q,USp(4),1076854188039407666,0
768.a.4608.1,768.a,768,4608,"""[[-1,-1,-1,-1],[1,1,1,1]]""","""[[2,[1,0,2]],[3,[1,1,1,-3]]]""",False,Q,Q,USp(4),1076854188039407666,0
784.a.1568.1,784.a,784,1568,"""[[-2,0,3,0,-2],[0,1,0,1]]""","""[[2,[1,1]],[7,[1,0,-1]]]""",True,Q x Q,Q x Q,SU(2)xSU(2),312369878683860827,0
784.a.43904.1,784.a,784,43904,"""[[56,0,27,0,4],[0,1,0,1]]""","""[[2,[1,1]],[7,[1,0,-1]]]""",True,Q x Q,Q x Q,SU(2)xSU(2),312369878683860827,0
784.b.12544.1,784.b,784,12544,"""[[-1],[0,1,0,1]]""","""[[2,[1,1]],[7,[1,-2,1]]]""",True,Q x Q,Q x Q,SU(2)xSU(2),1997748879806368035,0
784.b.25088.1,784.b,784,25088,"""[[-9,41,-49,2,7,-3,-1],[1,0,1]]""","""[[2,[1,1]],[7,[1,-2,1]]]""",True,Q x Q,Q x Q,SU(2)xSU(2),1997748879806368035,0
784.b.76832.1,784.b,784,76832,"""[[-9,10,0,-2,-4,4,-1],[1,1]]""","""[[2,[1,1]],[7,[1,-2,1]]]""",True,Q x Q,Q x Q,SU(2)xSU(2),1997748879806368035,0
784.c.614656.1,784.c,784,614656,"""[[0,-1,-9,-13,-4,1],[]]""","""[[2,[1]],[7,[1,4,7]]]""",True,CM,M_2(Q),E_3,567926432027860049,0
797.a.797.1,797.a,797,797,"""[[0,0,0,1,-1,1],[1]]""","""[[797,[1,15,811,797]]]""",False,Q,Q,USp(4),1141445514935970308,0
800.a.1600.1,800.a,800,1600,"""[[0,0,-1,0,-1],[1,1,1,1]]""","""[[2,[1]],[5,[1,0,-1]]]""",True,Q x Q,Q x Q,SU(2)xSU(2),729779584840653830,0
800.a.409600.1,800.a,800,409600,"""[[1,0,-2,0,0,0,1],[]]""","""[[2,[1]],[5,[1,0,-1]]]""",True,Q x Q,Q x Q,SU(2)xSU(2),729779584840653830,0
800.a.8000.1,800.a,800,8000,"""[[-1,0,2,4,2,0,-1],[1,1,1,1]]""","""[[2,[1]],[5,[1,0,-1]]]""",True,Q x Q,Q x Q,SU(2)xSU(2),729779584840653830,0
807.a.2421.1,807.a,807,2421,"""[[-1,2,-1,-2,0,1],[0,1,0,1]]""","""[[3,[1,1,1,-3]],[269,[1,-15,283,-269]]]""",False,Q,Q,USp(4),643297348268310660,0
810.a.196830.1,810.a,810,196830,"""[[-8,94,-297,20,15,1],[1,1]]""","""[[2,[1,1,2,2]],[3,[1,-1]],[5,[1,1,5,5]]]""",True,Q x Q,CM x Q,N(U(1)xSU(2)),1051744018365503661,0
816.a.13872.1,816.a,816,13872,"""[[3,-8,6,0,-2],[0,0,1,1]]""","""[[2,[1,1]],[3,[1,1,1,-3]],[17,[1,5,11,-17]]]""",False,Q,Q,USp(4),2021543179810426409,0
816.a.39168.1,816.a,816,39168,"""[[0,1,-1,-4,0,3],[1,0,1]]""","""[[2,[1,1]],[3,[1,1,1,-3]],[17,[1,5,11,-17]]]""",False,Q,Q,USp(4),2021543179810426409,0
816.b.52224.1,816.b,816,52224,"""[[-17,0,-27,0,-12,0,-1],[0,1,0,1]]""","""[[2,[1,-1]],[3,[1,3,5,3]],[17,[1,-1,15,17]]]""",True,Q x Q,Q x Q,SU(2)xSU(2),847442862731839311,0
826.a.11564.1,826.a,826,11564,"""[[3,-4,-4,3,1,1],[0,1,1]]""","""[[2,[1,0,1,2]],[7,[1,2,8,7]],[59,[1,1,59,59]]]""",False,Q,Q,USp(4),1656132228193388621,0
830.a.6640.1,830.a,830,6640,"""[[1,1,-2,0,1,-1],[1,0,0,1]]""","""[[2,[1,0,1,-2]],[5,[1,1,3,-5]],[83,[1,-3,79,83]]]""",False,Q,Q,USp(4),1599329205959762267,0
830.a.830000.1,830.a,830,830000,"""[[0,1,8,16,-2,1],[0,1,1]]""","""[[2,[1,0,1,-2]],[5,[1,1,3,-5]],[83,[1,-3,79,83]]]""",False,Q,Q,USp(4),1599329205959762267,0
832.a.832.1,832.a,832,832,"""[[-1,2,1,-1,0,1],[0,1,0,1]]""","""[[2,[1,1,2]],[13,[1,3,15,13]]]""",False,Q,Q,USp(4),1160605466807868212,0
834.a.1668.1,834.a,834,1668,"""[[-1,1,-1],[1,0,0,1]]""","""[[2,[1,0,1,-2]],[3,[1,1,3,3]],[139,[1,-13,151,-139]]]""",False,Q,Q,USp(4),2288656461122876809,0
841.a.841.1,841.a,841,841,"""[[2,1,3,1,1],[0,1,1,1]]""","""[[29,[1,-2,1]]]""",True,RM,RM,SU(2)xSU(2),1818542051159353914,0
847.a.847.1,847.a,847,847,"""[[0,0,1,1,1],[1,1,1,1]]""","""[[7,[1,3,9,7]],[11,[1,0,-1]]]""",True,Q x Q,Q x Q,SU(2)xSU(2),1628071740423264621,0
847.b.9317.1,847.b,847,9317,"""[[0,-1,2,-3,2,1],[1,0,1]]""","""[[7,[1,3,9,7]],[11,[1,-2,1]]]""",True,Q x Q,Q x Q,SU(2)xSU(2),575001131863030061,0
847.c.9317.1,847.c,847,9317,"""[[-2,-1,0,1,1],[0,0,1,1]]""","""[[7,[1,-3,3,7]],[11,[1,4,11]]]""",False,Q,Q,USp(4),824947847024954250,0
847.d.456533.1,847.d,847,456533,"""[[4,-24,37,3,-22,-9,-1],[1]]""","""[[7,[1,1,5,-7]],[11,[1,0,-1]]]""",True,Q x Q,Q x Q,SU(2)xSU(2),2302818526016908447,0
847.d.847.1,847.d,847,847,"""[[-12,-15,9,31,9,-15,-12],[1,1,1,1]]""","""[[7,[1,1,5,-7]],[11,[1,0,-1]]]""",True,Q x Q,Q x Q,SU(2)xSU(2),2302818526016908447,0
856.a.1712.1,856.a,856,1712,"""[[0,1,0,-1,-1],[0,1,0,1]]""","""[[2,[1,1]],[107,[1,-1,107,-107]]]""",False,Q,Q,USp(4),524508960517364678,0
862.a.6896.1,862.a,862,6896,"""[[0,-1,-3,0,6,4],[0,1,1]]""","""[[2,[1,0,1,-2]],[431,[1,-17,447,-431]]]""",False,Q,Q,USp(4),1710054244284009319,0
862.a.862.1,862.a,862,862,"""[[5,2,7,-7,-2,1],[1,0,0,1]]""","""[[2,[1,0,1,-2]],[431,[1,-17,447,-431]]]""",False,Q,Q,USp(4),1710054244284009319,0
862.b.862.1,862.b,862,862,"""[[-1,-1,3,0,-2],[0,1,0,1]]""","""[[2,[1,1,2,2]],[431,[1,1,431,431]]]""",False,Q,Q,USp(4),2111902751544893694,0
864.a.1728.1,864.a,864,1728,"""[[0,0,1,0,1],[1,1,1,1]]""","""[[2,[1]],[3,[1,1]]]""",True,Q x Q,CM x Q,N(U(1)xSU(2)),2049708531961260210,0
864.a.221184.1,864.a,864,221184,"""[[12,-36,33,-6,-4,1],[0,0,0,1]]""","""[[2,[1]],[3,[1,1]]]""",True,Q x Q,CM x Q,N(U(1)xSU(2)),2049708531961260210,0
864.a.442368.1,864.a,864,442368,"""[[-3,0,6,0,-4,0,1],[]]""","""[[2,[1]],[3,[1,1]]]""",True,Q x Q,CM x Q,N(U(1)xSU(2)),2049708531961260210,0
880.a.225280.1,880.a,880,225280,"""[[-44,0,76,55,13,1],[]]""","""[[2,[1]],[5,[1,4,8,5]],[11,[1,1,11,11]]]""",True,Q x Q,Q x Q,SU(2)xSU(2),698329508559814731,0
882.a.302526.1,882.a,882,302526,"""[[5,-12,11,-5,-2,1],[1,0,0,1]]""","""[[2,[1,0,1,-2]],[3,[1,0,-1]],[7,[1,2,1]]]""",True,Q x Q,Q x Q,SU(2)xSU(2),467872152384057503,0
882.a.63504.1,882.a,882,63504,"""[[1,3,3,1,1,1],[0,1,1]]""","""[[2,[1,0,1,-2]],[3,[1,0,-1]],[7,[1,2,1]]]""",True,Q x Q,Q x Q,SU(2)xSU(2),467872152384057503,0
886.a.3544.1,886.a,886,3544,"""[[1,-1,0,0,-1],[0,1,0,1]]""","""[[2,[1,1,0,-2]],[443,[1,-25,467,-443]]]""",False,Q,Q,USp(4),897536341735423805,0
893.a.893.1,893.a,893,893,"""[[0,0,-1,0,-1],[1,1,0,1]]""","""[[19,[1,4,14,-19]],[47,[1,4,50,47]]]""",False,Q,Q,USp(4),787891315953811550,0
909.a.8181.1,909.a,909,8181,"""[[0,-3,6,1,-7,3],[0,1]]""","""[[3,[1,0,-1]],[101,[1,-7,107,-101]]]""",False,Q,Q,USp(4),2074552995778760415,0
909.a.909.1,909.a,909,909,"""[[0,-1,1,0,-1],[0,1,0,1]]""","""[[3,[1,0,-1]],[101,[1,-7,107,-101]]]""",False,Q,Q,USp(4),2074552995778760415,0
925.a.23125.1,925.a,925,23125,"""[[0,-5,18,-19,1,5],[0,1]]""","""[[5,[1,0,-1]],[37,[1,-7,43,-37]]]""",False,Q,Q,USp(4),1790707578279683023,0
925.a.925.1,925.a,925,925,"""[[0,0,-1,-1,2,-1],[1,1]]""","""[[5,[1,0,-1]],[37,[1,-7,43,-37]]]""",False,Q,Q,USp(4),1790707578279683023,0
930.a.930.1,930.a,930,930,"""[[15,-45,37,0,-7,-1],[0,1,1]]""","""[[2,[1,0,1,-2]],[3,[1,1,3,3]],[5,[1,1,3,-5]],[31,[1,1,31,31]]]""",True,Q x Q,Q x Q,SU(2)xSU(2),1959095423889338071,0
932.a.3728.1,932.a,932,3728,"""[[0,-1,1,0,1,-2,1],[1]]""","""[[2,[1,2,2]],[233,[1,20,252,233]]]""",False,Q,Q,USp(4),216810766551207891,0
936.a.1872.1,936.a,936,1872,"""[[-39,0,-32,0,-9,0,-1],[0,1,0,1]]""","""[[2,[1,-1,2]],[3,[1,2,1]],[13,[1,1,11,-13]]]""",True,Q x Q,Q x Q,SU(2)xSU(2),508201862865885704,0
953.a.953.1,953.a,953,953,"""[[0,0,1,1],[1,1,0,1]]""","""[[953,[1,-7,959,-953]]]""",False,Q,Q,USp(4),1926057748682304678,0
960.a.245760.1,960.a,960,245760,"""[[0,2,1,4,1,2],[]]""","""[[2,[1]],[3,[1,1,3,3]],[5,[1,1,3,-5]]]""",True,Q x Q,Q x Q,SU(2)xSU(2),1623361843873200563,0
960.a.368640.1,960.a,960,368640,"""[[0,1,13,44,13,1],[]]""","""[[2,[1]],[3,[1,1,3,3]],[5,[1,1,3,-5]]]""",True,Q x Q,Q x Q,SU(2)xSU(2),1623361843873200563,0
960.a.983040.1,960.a,960,983040,"""[[0,1,-2,-1,-2,1],[]]""","""[[2,[1]],[3,[1,1,3,3]],[5,[1,1,3,-5]]]""",True,Q x Q,Q x Q,SU(2)xSU(2),1623361843873200563,0
961.a.923521.1,961.a,961,923521,"""[[-3,-2,3,4,-5],[1,0,1,1]]""","""[[31,[1,-2,1]]]""",True,RM,RM,SU(2)xSU(2),1527705443971435305,0
961.a.961.1,961.a,961,961,"""[[-33,99,-145,74,-7,-1,-1],[1,1,0,1]]""","""[[31,[1,-2,1]]]""",True,RM,RM,SU(2)xSU(2),1527705443971435305,0
961.a.961.2,961.a,961,961,"""[[-7,12,-18,12,-8,2,-1],[1,1,0,1]]""","""[[31,[1,-2,1]]]""",True,RM,RM,SU(2)xSU(2),1527705443971435305,0
961.a.961.3,961.a,961,961,"""[[-1,-1,0,1,1,1],[1,1,0,1]]""","""[[31,[1,-2,1]]]""",True,RM,RM,SU(2)xSU(2),1527705443971435305,0
966.a.834624.1,966.a,966,834624,"""[[1,-1,1,1,-1,1],[0,1,1]]""","""[[2,[1,0,1,-2]],[3,[1,1,1,-3]],[7,[1,3,3,-7]],[23,[1,-1,23,-23]]]""",False,Q,Q,USp(4),1452899029791808830,0
968.a.1936.1,968.a,968,1936,"""[[0,0,0,0,-1,0,1],[1]]""","""[[2,[1,2,2]],[11,[1,0,-1]]]""",True,Q x Q,Q x Q,SU(2)xSU(2),558040138673863068,0
968.a.234256.1,968.a,968,234256,"""[[121,0,47,0,6],[0,0,0,1]]""","""[[2,[1,2,2]],[11,[1,0,-1]]]""",True,Q x Q,Q x Q,SU(2)xSU(2),558040138673863068,0
970.a.1940.1,970.a,970,1940,"""[[0,0,1,1,1,1],[1,1]]""","""[[2,[1,1,0,-2]],[5,[1,3,1,-5]],[97,[1,3,99,97]]]""",False,Q,Q,USp(4),1874002405960877787,0
971.a.971.1,971.a,971,971,"""[[0,1,0,-2,0,1],[1]]""","""[[971,[1,44,926,-971]]]""",False,Q,Q,USp(4),1522732319250207606,0
975.a.63375.1,975.a,975,63375,"""[[-1,1,2,1,0,-1],[1,0,0,1]]""","""[[3,[1,1,1,-3]],[5,[1,0,5]],[13,[1,5,17,13]]]""",False,Q,Q,USp(4),2146966242471428993,0
976.a.999424.1,976.a,976,999424,"""[[0,0,-1,2,0,-2,1],[1,1]]""","""[[2,[1,-1]],[61,[1,-5,65,-61]]]""",False,Q,Q,USp(4),78262366554954104,0
980.a.7840.1,980.a,980,7840,"""[[0,-1,0,0,-3,3,-1],[1,1,1]]""","""[[2,[1,0,-1]],[5,[1,1,5,5]],[7,[1,0,-1]]]""",True,Q x Q,Q x Q,SU(2)xSU(2),492811230109802186,0
980.a.878080.1,980.a,980,878080,"""[[-1,1,-4,2,-4,1,-1],[1,0,0,1]]""","""[[2,[1,0,-1]],[5,[1,1,5,5]],[7,[1,0,-1]]]""",True,Q x Q,Q x Q,SU(2)xSU(2),492811230109802186,0
990.a.240570.1,990.a,990,240570,"""[[0,3,28,72,28,3],[0,1,1]]""","""[[2,[1,0,1,-2]],[3,[1,2,1]],[5,[1,-3,7,-5]],[11,[1,5,15,11]]]""",True,Q x Q,Q x Q,SU(2)xSU(2),1835966171918955607,0
990.a.8910.1,990.a,990,8910,"""[[0,3,4,7,4,3],[0,1,1]]""","""[[2,[1,0,1,-2]],[3,[1,2,1]],[5,[1,-3,7,-5]],[11,[1,5,15,11]]]""",True,Q x Q,Q x Q,SU(2)xSU(2),1835966171918955607,0
997.a.997.1,997.a,997,997,"""[[0,-1,0,16,-8,1],[0,1]]""","""[[997,[1,27,1023,997]]]""",False,Q,Q,USp(4),1409465931259180000,0
997.a.997.2,997.a,997,997,"""[[0,0,0,0,1,1],[1,1]]""","""[[997,[1,27,1023,997]]]""",False,Q,Q,USp(4),1409465931259180000,0
997.b.997.1,997.b,997,997,"""[[0,0,-1,2,-2,1],[1]]""","""[[997,[1,27,969,-997]]]""",False,Q,Q,USp(4),503678637171486529,0
1008.a.27216.1,1008.a,1008,27216,"""[[-21,0,15,0,-4],[0,1,0,1]]""","""[[2,[1,1,2]],[3,[1,-2,1]],[7,[1,1,7,7]]]""",True,Q x Q,Q x Q,SU(2)xSU(2),445000736675504767,0
1012.a.4048.1,1012.a,1012,4048,"""[[0,1,1,1,1],[1,0,0,1]]""","""[[2,[1,0,-1]],[11,[1,2,8,-11]],[23,[1,-8,14,23]]]""",False,Q,Q,USp(4),1891559385911702113,0
1038.a.1038.1,1038.a,1038,1038,"""[[3,21,46,26,-12,1],[0,1,1]]""","""[[2,[1,0,1,2]],[3,[1,0,2,3]],[173,[1,-5,167,173]]]""",False,Q,Q,USp(4),1164682778211050658,0
1038.a.1038.2,1038.a,1038,1038,"""[[1,1,2,0,1],[1,0,0,1]]""","""[[2,[1,0,1,2]],[3,[1,0,2,3]],[173,[1,-5,167,173]]]""",False,Q,Q,USp(4),1164682778211050658,0
1042.a.1042.1,1042.a,1042,1042,"""[[2,2,-1,-1,-1],[0,1,0,1]]""","""[[2,[1,1,2,2]],[521,[1,28,548,521]]]""",False,Q,Q,USp(4),982963866247952326,0
1047.a.3141.1,1047.a,1047,3141,"""[[0,1],[0,1,0,1]]""","""[[3,[1,0,2,-3]],[349,[1,9,339,-349]]]""",False,Q,Q,USp(4),777955087928522924,0
1050.a.131250.1,1050.a,1050,131250,"""[[3,8,15,17,15,8,3],[0,1,1]]""","""[[2,[1,0,1,-2]],[3,[1,1,3,3]],[5,[1,0,-1]],[7,[1,1,7,7]]]""",True,Q x Q,Q x Q,SU(2)xSU(2),2089027902999233614,0
1051.a.1051.1,1051.a,1051,1051,"""[[0,-1,1,0,-1,1],[1]]""","""[[1051,[1,35,1015,-1051]]]""",False,Q,Q,USp(4),462499875513989697,0
1051.b.1051.1,1051.b,1051,1051,"""[[0,0,0,0,-1,-1],[1,1]]""","""[[1051,[1,-27,1023,1051]]]""",False,Q,Q,USp(4),765539895458829622,0
1051.b.1051.2,1051.b,1051,1051,"""[[0,1,0,16,8,1],[0,1]]""","""[[1051,[1,-27,1023,1051]]]""",False,Q,Q,USp(4),765539895458829622,0
1055.a.1055.1,1055.a,1055,1055,"""[[-1,-1,1,0,-1],[1,0,0,1]]""","""[[5,[1,2,2,-5]],[211,[1,3,207,-211]]]""",False,Q,Q,USp(4),914586213752769050,0
1062.a.6372.1,1062.a,1062,6372,"""[[0,-1,1,0,-1,1],[1,0,0,1]]""","""[[2,[1,2,3,2]],[3,[1,3,3]],[59,[1,7,51,-59]]]""",False,Q,Q,USp(4),1506711676557526583,0
1069.a.1069.1,1069.a,1069,1069,"""[[0,0,0,1,0,1],[1,1,1]]""","""[[1069,[1,-40,1028,1069]]]""",False,Q,Q,USp(4),1916360826498189894,0
1070.a.2140.1,1070.a,1070,2140,"""[[0,-1,0,1],[1,0,0,1]]""","""[[2,[1,2,3,2]],[5,[1,3,1,-5]],[107,[1,-15,91,107]]]""",False,Q,Q,USp(4),304561939424258660,0
1077.a.1077.1,1077.a,1077,1077,"""[[32,-90,-1,80,34,5],[1,0,0,1]]""","""[[3,[1,3,5,3]],[359,[1,7,351,-359]]]""",False,Q,Q,USp(4),1228812911636525869,0
1077.a.1077.2,1077.a,1077,1077,"""[[0,1,2,1,1],[1,0,0,1]]""","""[[3,[1,3,5,3]],[359,[1,7,351,-359]]]""",False,Q,Q,USp(4),1228812911636525869,0
1077.b.1077.1,1077.b,1077,1077,"""[[-2,-1,0,0,1,1],[0,0,0,1]]""","""[[3,[1,2,4,3]],[359,[1,-29,329,359]]]""",False,Q,Q,USp(4),1780201981921750617,0
1077.b.1077.2,1077.b,1077,1077,"""[[-1,15,-79,38,14,1],[1]]""","""[[3,[1,2,4,3]],[359,[1,-29,329,359]]]""",False,Q,Q,USp(4),1780201981921750617,0
1083.a.1083.1,1083.a,1083,1083,"""[[0,0,0,-1],[1,1,1,1]]""","""[[3,[1,3,5,3]],[19,[1,0,-1]]]""",True,Q x Q,Q x Q,SU(2)xSU(2),2293160133751546483,0
1083.a.20577.1,1083.a,1083,20577,"""[[-3,9,-13,11,-5,1],[0,0,0,1]]""","""[[3,[1,3,5,3]],[19,[1,0,-1]]]""",True,Q x Q,Q x Q,SU(2)xSU(2),2293160133751546483,0
1083.b.390963.1,1083.b,1083,390963,"""[[-6,-33,-14,95,-50,3,-1],[1]]""","""[[3,[1,1,1,-3]],[19,[1,0,-1]]]""",True,Q x Q,Q x Q,SU(2)xSU(2),437099346459968441,0
1083.b.87723.1,1083.b,1083,87723,"""[[-6,-9,-14,-11,-8,-3,-1],[1]]""","""[[3,[1,1,1,-3]],[19,[1,0,-1]]]""",True,Q x Q,Q x Q,SU(2)xSU(2),437099346459968441,0
1088.a.1088.1,1088.a,1088,1088,"""[[1,1,2,1,1],[1,1,1,1]]""","""[[2,[1,0,2]],[17,[1,-5,11,17]]]""",False,Q,Q x Q,N(SU(2)xSU(2)),569863837532001628,0
1088.b.2176.1,1088.b,1088,2176,"""[[34,0,24,0,4],[0,1,0,1]]""","""[[2,[1,-1]],[17,[1,-1,15,17]]]""",True,Q x Q,CM x Q,N(U(1)xSU(2)),1426172992610091770,0
1088.b.2176.2,1088.b,1088,2176,"""[[-34,0,24,0,-5],[0,1,0,1]]""","""[[2,[1,-1]],[17,[1,-1,15,17]]]""",True,Q x Q,CM x Q,N(U(1)xSU(2)),1426172992610091770,0
1091.a.1091.1,1091.a,1091,1091,"""[[0,0,-1,-2,0,1],[1,1,1]]""","""[[1091,[1,20,1070,-1091]]]""",False,Q,Q,USp(4),1722081424927469290,0
1094.a.2188.1,1094.a,1094,2188,"""[[0,0,-1,0,1],[1,0,0,1]]""","""[[2,[1,2,3,2]],[547,[1,-20,566,-547]]]""",False,Q,Q,USp(4),2065416122183021916,0
1104.a.17664.1,1104.a,1104,17664,"""[[-1,3,-4,4,-2,1],[]]""","""[[2,[1]],[3,[1,0,2,-3]],[23,[1,-3,19,23]]]""",False,Q,Q,USp(4),1864214409571261216,0
1104.b.141312.1,1104.b,1104,141312,"""[[-46,0,29,0,-3,0,-1],[0,1,0,1]]""","""[[2,[1,1]],[3,[1,1,3,3]],[23,[1,7,15,-23]]]""",True,Q x Q,Q x Q,SU(2)xSU(2),1660212451430568227,0
1109.a.1109.1,1109.a,1109,1109,"""[[-36,63,-6,-36,-6,1],[1]]""","""[[1109,[1,-49,1059,1109]]]""",False,Q,Q,USp(4),123240260590484961,0
1109.b.1109.1,1109.b,1109,1109,"""[[0,1,1,-1,-1,1],[1]]""","""[[1109,[1,25,1133,1109]]]""",False,Q,Q,USp(4),1690282232251822847,0
1109.c.1109.1,1109.c,1109,1109,"""[[-1,0,-2,-2,0,1],[0,1,0,1]]""","""[[1109,[1,-59,1049,1109]]]""",False,Q,Q,USp(4),1753396939950075876,0
1116.a.214272.1,1116.a,1116,214272,"""[[0,-1,1,2,1],[1,0,0,1]]""","""[[2,[1,0,-1]],[3,[1,1,1]],[31,[1,6,24,-31]]]""",False,Q,Q,USp(4),1415693913564733379,0
1122.a.1122.1,1122.a,1122,1122,"""[[-17,51,-43,0,7,1],[0,1,1]]""","""[[2,[1,0,1,-2]],[3,[1,1,3,3]],[11,[1,1,11,11]],[17,[1,-3,19,-17]]]""",True,Q x Q,Q x Q,SU(2)xSU(2),1341714610937504427,0
1122.b.2244.1,1122.b,1122,2244,"""[[0,-1,-1,5,7,1],[0,1,1]]""","""[[2,[1,0,1,2]],[3,[1,1,1,-3]],[11,[1,5,5,-11]],[17,[1,-5,11,17]]]""",False,Q,Q,USp(4),1817363825177531604,0
1123.a.1123.1,1123.a,1123,1123,"""[[0,-1,-1,0,-1],[0,1,0,1]]""","""[[1123,[1,-51,1071,1123]]]""",False,Q,Q,USp(4),2086238066577244317,0
1125.a.151875.1,1125.a,1125,151875,"""[[0,3,22,55,50,15],[0,1]]""","""[[3,[1,2,1]],[5,[1,-1]]]""",True,Q x Q,Q x Q,SU(2)xSU(2),1020335610259586208,0
1127.a.1127.1,1127.a,1127,1127,"""[[0,-1,-1,1,-1],[1,1,0,1]]""","""[[7,[1,4,7]],[23,[1,2,24,23]]]""",False,Q,Q,USp(4),918401019114547928,0
1136.a.290816.1,1136.a,1136,290816,"""[[-24,40,25,-9,-5],[0,0,1,1]]""","""[[2,[1,-1]],[71,[1,-15,55,71]]]""",False,Q,Q,USp(4),485627944333043632,0
1136.a.9088.1,1136.a,1136,9088,"""[[1,-1,2,-1,1],[0,1,0,1]]""","""[[2,[1,-1]],[71,[1,-15,55,71]]]""",False,Q,Q,USp(4),485627944333043632,0
1137.a.1137.1,1137.a,1137,1137,"""[[0,0,0,1,1,1],[1,1,1]]""","""[[3,[1,1,1,-3]],[379,[1,-21,399,-379]]]""",False,Q,Q,USp(4),321037937103707737,0
1142.a.2284.1,1142.a,1142,2284,"""[[-2,-1,1,-1,-1],[0,0,1,1]]""","""[[2,[1,1,0,-2]],[571,[1,27,543,-571]]]""",False,Q,Q,USp(4),703972819166276865,0
1142.b.9136.1,1142.b,1142,9136,"""[[3,1,-6,0,3,-1],[1,1]]""","""[[2,[1,-1,2,-2]],[571,[1,3,567,-571]]]""",False,Q,Q,USp(4),361677154345299384,0
1145.a.1145.1,1145.a,1145,1145,"""[[0,-1,0,3,-3],[1,0,0,1]]""","""[[5,[1,2,2,-5]],[229,[1,3,231,229]]]""",False,Q,Q,USp(4),585363879586739388,0
1145.a.143125.1,1145.a,1145,143125,"""[[9,10,9,4,2],[0,1,1,1]]""","""[[5,[1,2,2,-5]],[229,[1,3,231,229]]]""",False,Q,Q,USp(4),585363879586739388,0
1146.a.2292.1,1146.a,1146,2292,"""[[0,2,4,5,3,1],[0,1]]""","""[[2,[1,-1,2,-2]],[3,[1,1,1,-3]],[191,[1,1,191,191]]]""",False,Q,Q,USp(4),1964630284094090470,0
1147.a.35557.1,1147.a,1147,35557,"""[[0,1,8,18,8,1],[0,1]]""","""[[31,[1,1,31,31]],[37,[1,-5,31,37]]]""",False,Q,Q,USp(4),631810108885965391,0
1147.a.35557.2,1147.a,1147,35557,"""[[0,1,-32,0,6,1],[0,1]]""","""[[31,[1,1,31,31]],[37,[1,-5,31,37]]]""",False,Q,Q,USp(4),631810108885965391,0
1148.a.47068.1,1148.a,1148,47068,"""[[0,1,0,-5,2,1],[1,1,1]]""","""[[2,[1,0,1]],[7,[1,1,5,-7]],[41,[1,7,33,-41]]]""",False,Q,Q,USp(4),1731971207507867749,0
1148.a.8036.1,1148.a,1148,8036,"""[[-1,5,1,-6,-1,1],[1,0,0,1]]""","""[[2,[1,0,1]],[7,[1,1,5,-7]],[41,[1,7,33,-41]]]""",False,Q,Q,USp(4),1731971207507867749,0
1152.a.147456.1,1152.a,1152,147456,"""[[-1,0,2,0,-2,0,1],[]]""","""[[2,[1]],[3,[1,0,-1]]]""",True,Q x Q,M_2(Q),J(E_1),189559735513512141,0
1164.a.1164.1,1164.a,1164,1164,"""[[-1,0,1,0,-1],[1,0,0,1]]""","""[[2,[1,0,1]],[3,[1,0,2,-3]],[97,[1,16,80,-97]]]""",False,Q,Q,USp(4),1353741488199688836,0
1164.b.670464.1,1164.b,1164,670464,"""[[0,0,-1,1,-2,2],[1,1,1]]""","""[[2,[1,0,-1]],[3,[1,2,0,-3]],[97,[1,8,104,97]]]""",False,Q,Q,USp(4),531529861586777799,0
1170.a.10530.1,1170.a,1170,10530,"""[[15,28,62,59,62,28,15],[0,1,1]]""","""[[2,[1,0,1,2]],[3,[1,0,-1]],[5,[1,-1,3,5]],[13,[1,-3,15,-13]]]""",True,Q x Q,Q x Q,SU(2)xSU(2),2056018701787360914,0
1176.a.2352.1,1176.a,1176,2352,"""[[3,0,3,0,1],[0,1,0,1]]""","""[[2,[1,1,2]],[3,[1,-1,3,-3]],[7,[1,2,1]]]""",True,Q x Q,Q x Q,SU(2)xSU(2),14370599287472760,0
1176.b.16464.1,1176.b,1176,16464,"""[[0,0,1,0,0,-2],[1,1]]""","""[[2,[1,1]],[3,[1,1,1,-3]],[7,[1,-2,1]]]""",True,Q x Q,Q x Q,SU(2)xSU(2),331095882514331657,0
1180.a.18880.1,1180.a,1180,18880,"""[[0,2,4,0,-2],[1,0,0,1]]""","""[[2,[1,0,-1]],[5,[1,2,2,-5]],[59,[1,13,71,59]]]""",False,Q,Q,USp(4),1925920994035048873,0
1184.a.2368.1,1184.a,1184,2368,"""[[0,1,1,0,1,2],[1]]""","""[[2,[1]],[37,[1,-5,31,37]]]""",False,Q,Q,USp(4),456963484112517050,0
1184.a.606208.1,1184.a,1184,606208,"""[[0,-2,-8,-8,1,2],[]]""","""[[2,[1]],[37,[1,-5,31,37]]]""",False,Q,Q,USp(4),456963484112517050,0
1184.a.606208.2,1184.a,1184,606208,"""[[2,-2,6,-4,5,-2,1],[]]""","""[[2,[1]],[37,[1,-5,31,37]]]""",False,Q,Q,USp(4),456963484112517050,0
1192.a.19072.1,1192.a,1192,19072,"""[[1,-1,-2,1],[0,1,0,1]]""","""[[2,[1,-1]],[149,[1,-17,131,149]]]""",False,Q,Q,USp(4),2079245279733462150,0
1197.a.10773.1,1197.a,1197,10773,"""[[2,-1,-1,-1],[0,0,1,1]]""","""[[3,[1,0,1]],[7,[1,-2,4,7]],[19,[1,1,19,19]]]""",False,Q,Q,USp(4),2002401801022809963,0
1197.a.410571.1,1197.a,1197,410571,"""[[0,1,-3,-7,12,1],[1,0,1]]""","""[[3,[1,0,1]],[7,[1,-2,4,7]],[19,[1,1,19,19]]]""",False,Q,Q,USp(4),2002401801022809963,0
1198.a.2396.1,1198.a,1198,2396,"""[[0,-1],[1,0,0,1]]""","""[[2,[1,2,3,2]],[599,[1,-21,619,-599]]]""",False,Q,Q,USp(4),1522864627496682597,0
1200.a.30000.1,1200.a,1200,30000,"""[[3,0,1,0,-2],[0,1,0,1]]""","""[[2,[1,1,2]],[3,[1,1,3,3]],[5,[1,-2,1]]]""",True,Q x Q,Q x Q,SU(2)xSU(2),261164294171765260,0
1200.a.450000.1,1200.a,1200,450000,"""[[45,0,25,0,4],[0,1,0,1]]""","""[[2,[1,1,2]],[3,[1,1,3,3]],[5,[1,-2,1]]]""",True,Q x Q,Q x Q,SU(2)xSU(2),261164294171765260,0
1205.a.1205.1,1205.a,1205,1205,"""[[0,0,-1,0,2,1],[1]]""","""[[5,[1,4,8,5]],[241,[1,23,217,-241]]]""",False,Q,Q,USp(4),34503274559504068,0
1207.a.1207.1,1207.a,1207,1207,"""[[0,0,0,0,-1,-1],[1,1,1]]""","""[[17,[1,-4,20,-17]],[71,[1,-2,68,71]]]""",False,Q,Q,USp(4),118704199085157888,0
1210.a.1210.1,1210.a,1210,1210,"""[[2,6,-2,3],[0,1,0,1]]""","""[[2,[1,1,0,-2]],[5,[1,-2,6,-5]],[11,[1,-2,1]]]""",True,Q x Q,Q x Q,SU(2)xSU(2),1350359453372385697,0
1216.a.1216.1,1216.a,1216,1216,"""[[0,0,-1,-1,1,0,-1],[1,1]]""","""[[2,[1,1]],[19,[1,-3,21,-19]]]""",False,Q,Q,USp(4),1057554005686672950,0
1216.a.19456.1,1216.a,1216,19456,"""[[-1,6,-6,-11,3,4],[0,0,1]]""","""[[2,[1,1]],[19,[1,-3,21,-19]]]""",False,Q,Q,USp(4),1057554005686672950,0
1225.a.6125.1,1225.a,1225,6125,"""[[2,1,1,2],[0,0,1,1]]""","""[[5,[1,-2,1]],[7,[1,2,1]]]""",True,RM,RM,SU(2)xSU(2),1488746108957299258,0
1231.a.1231.1,1231.a,1231,1231,"""[[-2,-1,2,0,-1],[1,0,0,1]]""","""[[1231,[1,-27,1203,1231]]]""",False,Q,Q,USp(4),924848667058352286,0
1239.a.8673.1,1239.a,1239,8673,"""[[0,-1,-1,0,0,0,-1],[1,1,1]]""","""[[3,[1,0,2,3]],[7,[1,2,8,7]],[59,[1,1,59,59]]]""",False,Q,Q,USp(4),419351217108831514,0
1253.a.1253.1,1253.a,1253,1253,"""[[-330,15,43,-33,0,2,-1],[1,0,1,1]]""","""[[7,[1,3,3,-7]],[179,[1,-1,179,-179]]]""",False,Q,Q,USp(4),1097470801175751793,0
1253.b.1253.1,1253.b,1253,1253,"""[[0,0,1,0,1],[1,1,0,1]]""","""[[7,[1,1,7,7]],[179,[1,7,171,-179]]]""",False,Q,Q,USp(4),2174498943765114457,0
1258.a.21386.1,1258.a,1258,21386,"""[[-1,5,-4,-5,4,1],[0,1]]""","""[[2,[1,1,0,-2]],[17,[1,1,15,-17]],[37,[1,-7,29,37]]]""",False,Q,Q,USp(4),237288635000179291,0
1269.a.1269.1,1269.a,1269,1269,"""[[0,1,1],[1,1,1,1]]""","""[[3,[1,2,3]],[47,[1,-10,56,-47]]]""",False,Q,Q,USp(4),2172070628512269041,0
1269.b.102789.1,1269.b,1269,102789,"""[[-103,-16,-80,-8,-21,-1,-2],[0,1,0,1]]""","""[[3,[1,-1]],[47,[1,-7,39,47]]]""",False,Q,Q,USp(4),460026447325577343,0
1269.b.102789.2,1269.b,1269,102789,"""[[0,1,1,0,-1,1],[0,1]]""","""[[3,[1,-1]],[47,[1,-7,39,47]]]""",False,Q,Q,USp(4),460026447325577343,0
1270.a.1270.1,1270.a,1270,1270,"""[[-3,-2,5,0,-2],[1,0,0,1]]""","""[[2,[1,0,1,2]],[5,[1,2,2,-5]],[127,[1,-21,147,-127]]]""",False,Q,Q,USp(4),2268199784340011667,0
1270.a.325120.1,1270.a,1270,325120,"""[[3,-32,14,76,17,1],[0,1,1]]""","""[[2,[1,0,1,2]],[5,[1,2,2,-5]],[127,[1,-21,147,-127]]]""",False,Q,Q,USp(4),2268199784340011667,0
1272.a.122112.1,1272.a,1272,122112,"""[[0,-1,-1,2,4,3],[1,0,1]]""","""[[2,[1,1]],[3,[1,0,2,3]],[53,[1,-7,59,-53]]]""",False,Q,Q,USp(4),208992823527611769,0
1280.a.12800.1,1280.a,1280,12800,"""[[0,0,-1,-1,1,2],[1]]""","""[[2,[1,0,2]],[5,[1,-1,5,-5]]]""",False,Q,Q,USp(4),683689193125439946,0
1284.a.5136.1,1284.a,1284,5136,"""[[1,-2,1,0,-1],[1,0,0,1]]""","""[[2,[1,0,1]],[3,[1,0,2,-3]],[107,[1,11,95,-107]]]""",False,Q,Q,USp(4),142871322079959933,0
1285.a.1285.1,1285.a,1285,1285,"""[[0,-1,0,3,-2,1],[1]]""","""[[5,[1,2,6,5]],[257,[1,9,265,257]]]""",False,Q,Q,USp(4),1063263558928698597,0
1296.a.20736.1,1296.a,1296,20736,"""[[0,-1,4,-3,-1,1],[]]""","""[[2,[1]],[3,[1,0,3]]]""",True,CM,M_2(Q),E_3,1485418068864728500,0
1300.a.130000.1,1300.a,1300,130000,"""[[13,0,9,0,2],[0,1,0,1]]""","""[[2,[1,1,2]],[5,[1,2,1]],[13,[1,-1,11,13]]]""",True,Q x Q,Q x Q,SU(2)xSU(2),1377065715060104737,0
1309.a.9163.1,1309.a,1309,9163,"""[[0,1,-1,-5,-1,7],[1,0,1]]""","""[[7,[1,-1,7,-7]],[11,[1,-3,7,11]],[17,[1,5,11,-17]]]""",False,Q,Q,USp(4),388435922992022723,0
1309.a.9163.2,1309.a,1309,9163,"""[[0,1,32,248,-128,20,-1],[0,0,1]]""","""[[7,[1,-1,7,-7]],[11,[1,-3,7,11]],[17,[1,5,11,-17]]]""",False,Q,Q,USp(4),388435922992022723,0
1311.a.814131.1,1311.a,1311,814131,"""[[0,1,4,5,5,1],[0,1]]""","""[[3,[1,-1,3,-3]],[19,[1,-5,23,-19]],[23,[1,-7,15,23]]]""",False,Q,Q,USp(4),1077427672718223320,0
1312.a.2624.1,1312.a,1312,2624,"""[[0,0,1,2,3,2,1],[1,1]]""","""[[2,[1,1,2]],[41,[1,1,39,-41]]]""",False,Q,Q,USp(4),15593931077433887,0
1312.b.10496.1,1312.b,1312,10496,"""[[0,0,1,1,1,0,1],[1,1]]""","""[[2,[1,1]],[41,[1,7,47,41]]]""",False,Q,Q,USp(4),151323745820129405,0
1312.b.83968.1,1312.b,1312,83968,"""[[0,-1,-1,15,-21,8],[0,1]]""","""[[2,[1,1]],[41,[1,7,47,41]]]""",False,Q,Q,USp(4),151323745820129405,0
1312.c.671744.1,1312.c,1312,671744,"""[[0,0,2,5,7,4,1],[1,1]]""","""[[2,[1,-1]],[41,[1,1,39,-41]]]""",False,Q,Q,USp(4),375294363566864664,0
1320.a.2640.1,1320.a,1320,2640,"""[[55,0,-40,0,9,0,-1],[0,1,0,1]]""","""[[2,[1,-1,2]],[3,[1,1,3,3]],[5,[1,1,3,-5]],[11,[1,-3,7,11]]]""",True,Q x Q,Q x Q,SU(2)xSU(2),1373523800654141453,0
1327.a.1327.1,1327.a,1327,1327,"""[[0,0,0,1,2,1],[1,1,1]]""","""[[1327,[1,48,1278,-1327]]]""",False,Q,Q,USp(4),472541305504120560,0
1328.a.1328.1,1328.a,1328,1328,"""[[-5,-4,-5,-9,-3,1],[0,0,1]]""","""[[2,[1,-1,2]],[83,[1,-3,79,83]]]""",False,Q,Q,USp(4),190377694183729587,0
1328.a.84992.1,1328.a,1328,84992,"""[[1,8,13,16,9,4],[1,1]]""","""[[2,[1,-1,2]],[83,[1,-3,79,83]]]""",False,Q,Q,USp(4),190377694183729587,0
1331.a.1331.1,1331.a,1331,1331,"""[[1,3,2,-1,-1],[0,0,0,1]]""","""[[11,[1,-1]]]""",True,Q x Q,CM x Q,N(U(1)xSU(2)),922996378623408253,0
1333.a.41323.1,1333.a,1333,41323,"""[[0,2,3,-2,0,1],[1,0,1]]""","""[[31,[1,-6,24,31]],[43,[1,-3,39,43]]]""",False,Q,Q,USp(4),1036387709282178742,0
1338.a.2676.1,1338.a,1338,2676,"""[[1,1,2,1,1],[0,1,1,1]]""","""[[2,[1,2,3,2]],[3,[1,2,4,3]],[223,[1,11,211,-223]]]""",False,Q,Q,USp(4),1443984873890565733,0
1338.b.72252.1,1338.b,1338,72252,"""[[5,-6,-12,4,7,1],[0,1,1]]""","""[[2,[1,0,1,2]],[3,[1,0,2,3]],[223,[1,-7,215,223]]]""",False,Q,Q,USp(4),1590515332306101380,0
1343.a.1343.1,1343.a,1343,1343,"""[[0,-1,0,0,-2,1],[1,1,0,1]]""","""[[17,[1,-1,17,-17]],[79,[1,8,86,79]]]""",False,Q,Q,USp(4),2013778392579090418,0
1343.b.1343.1,1343.b,1343,1343,"""[[0,1,2,1,-3],[1,1,0,1]]""","""[[17,[1,3,19,17]],[79,[1,2,76,-79]]]""",False,Q,Q,USp(4),754433299408134731,0
1344.a.4032.1,1344.a,1344,4032,"""[[-63,0,-48,0,-12,0,-1],[0,1]]""","""[[2,[1,1,2]],[3,[1,-1,3,-3]],[7,[1,1,7,7]]]""",True,Q x Q,CM x Q,N(U(1)xSU(2)),1601176047786870564,0
1344.a.4032.2,1344.a,1344,4032,"""[[63,0,-48,0,12,0,-1],[0,1]]""","""[[2,[1,1,2]],[3,[1,-1,3,-3]],[7,[1,1,7,7]]]""",True,Q x Q,CM x Q,N(U(1)xSU(2)),1601176047786870564,0
1344.b.172032.1,1344.b,1344,172032,"""[[0,1,-11,32,-11,1],[]]""","""[[2,[1]],[3,[1,1,3,3]],[7,[1,1,7,7]]]""",True,Q x Q,Q x Q,SU(2)xSU(2),2064772607339174085,0
1345.a.6725.1,1345.a,1345,6725,"""[[0,-1,0,1,0,1],[1,0,1]]""","""[[5,[1,-2,6,-5]],[269,[1,9,259,-269]]]""",False,Q,Q,USp(4),677145222142766934,0
1350.a.5400.1,1350.a,1350,5400,"""[[3,0,-1,4,4,1],[0,1,1]]""","""[[2,[1,0,1,-2]],[3,[1,1]],[5,[1,0,-1]]]""",True,Q x Q,Q x Q,SU(2)xSU(2),728978533745185608,0
1350.b.6750.1,1350.b,1350,6750,"""[[-1,3,-2,-2],[0,1,1,1]]""","""[[2,[1,2,3,2]],[3,[1,1]],[5,[1,-2,1]]]""",True,Q x Q,Q x Q,SU(2)xSU(2),342724243700689077,0
1350.c.656100.1,1350.c,1350,656100,"""[[0,1,1,4,1,1],[0,1,1]]""","""[[2,[1,0,1,2]],[3,[1,-1]],[5,[1,2,1]]]""",True,Q x Q,Q x Q,SU(2)xSU(2),953434075329843024,0
1369.a.1369.1,1369.a,1369,1369,"""[[0,0,-1,-1,-1],[1,1,1,1]]""","""[[37,[1,0,-1]]]""",True,Q x Q,Q x Q,SU(2)xSU(2),1811432812802192574,0
1369.a.50653.1,1369.a,1369,50653,"""[[-1,3,-6,7,-5,2],[0,0,0,1]]""","""[[37,[1,0,-1]]]""",True,Q x Q,Q x Q,SU(2)xSU(2),1811432812802192574,0
1376.a.2752.1,1376.a,1376,2752,"""[[0,0,-2,0,3,2],[1]]""","""[[2,[1]],[43,[1,3,39,-43]]]""",False,Q,Q,USp(4),704620276753053315,0
1376.b.176128.1,1376.b,1376,176128,"""[[0,0,2,1,4,4],[1]]""","""[[2,[1,0,2]],[43,[1,-7,35,43]]]""",False,Q,Q,USp(4),1616180813744043293,0
1377.a.37179.1,1377.a,1377,37179,"""[[2,1,-5,1,5,-1],[1,1,1]]""","""[[3,[1,-1]],[17,[1,-5,11,17]]]""",False,Q,Q,USp(4),1346332609685677176,0
1383.a.4149.1,1383.a,1383,4149,"""[[0,0,0,0,1,1],[1]]""","""[[3,[1,2,0,-3]],[461,[1,-11,449,461]]]""",False,Q,Q,USp(4),1291968438326142521,0
1385.a.6925.1,1385.a,1385,6925,"""[[0,-1,0,3,3,1],[1]]""","""[[5,[1,2,6,5]],[277,[1,23,253,-277]]]""",False,Q,Q,USp(4),442633934310610450,0
1386.a.9702.1,1386.a,1386,9702,"""[[0,1,20,104,20,1],[0,1,1]]""","""[[2,[1,0,1,-2]],[3,[1,0,-1]],[7,[1,5,11,7]],[11,[1,-3,7,11]]]""",True,Q x Q,Q x Q,SU(2)xSU(2),2247593228846830063,0
1397.a.1397.1,1397.a,1397,1397,"""[[0,0,0,-1,0,1],[1]]""","""[[11,[1,1,11,11]],[127,[1,19,107,-127]]]""",False,Q,Q,USp(4),645946558063115379,0
1403.a.1403.1,1403.a,1403,1403,"""[[0,0,-1,-1,1,1],[1]]""","""[[23,[1,3,25,23]],[61,[1,5,55,-61]]]""",False,Q,Q,USp(4),1202308876248389861,0
1408.a.180224.1,1408.a,1408,180224,"""[[1,-5,0,-1,1],[1,1,1,1]]""","""[[2,[1,0,2]],[11,[1,5,5,-11]]]""",False,Q,Q,USp(4),1671109122911688395,0
1408.b.180224.1,1408.b,1408,180224,"""[[1,2,3,4,2,2],[]]""","""[[2,[1]],[11,[1,3,7,-11]]]""",False,Q,Q,USp(4),429586160218754980,0
1408.b.180224.2,1408.b,1408,180224,"""[[1,2,-1,-4,0,2],[]]""","""[[2,[1]],[11,[1,3,7,-11]]]""",False,Q,Q,USp(4),429586160218754980,0
1408.b.720896.1,1408.b,1408,720896,"""[[0,1,-3,-8,17,4],[1]]""","""[[2,[1]],[11,[1,3,7,-11]]]""",False,Q,Q,USp(4),429586160218754980,0
1408.b.720896.2,1408.b,1408,720896,"""[[0,1,-4,2,0,1],[]]""","""[[2,[1]],[11,[1,3,7,-11]]]""",False,Q,Q,USp(4),429586160218754980,0
1415.a.1415.1,1415.a,1415,1415,"""[[0,-1,0,1,-3,1],[1,1,1]]""","""[[5,[1,3,7,5]],[283,[1,13,269,-283]]]""",False,Q,Q,USp(4),280251041756163879,0
1416.a.8496.1,1416.a,1416,8496,"""[[-1,0,0,-1,0,1],[0,1,0,1]]""","""[[2,[1,1]],[3,[1,0,2,3]],[59,[1,-13,71,-59]]]""",False,Q,Q,USp(4),2303519483917458445,0
1416.b.135936.1,1416.b,1416,135936,"""[[1,1,0,-1,-2],[0,1,0,1]]""","""[[2,[1,-1]],[3,[1,2,0,-3]],[59,[1,-5,63,-59]]]""",False,Q,Q,USp(4),2179211355879430008,0
1440.a.116640.1,1440.a,1440,116640,"""[[90,0,39,0,5],[0,1,0,1]]""","""[[2,[1,1]],[3,[1,-2,1]],[5,[1,3,7,5]]]""",True,Q x Q,Q x Q,SU(2)xSU(2),1737376574434987351,0
1444.a.46208.1,1444.a,1444,46208,"""[[0,1,0,-4,0,1],[1,0,0,1]]""","""[[2,[1,0,-1]],[19,[1,0,-1]]]""",True,Q x Q,Q x Q,SU(2)xSU(2),1379937245306097729,0
1444.b.109744.1,1444.b,1444,109744,"""[[-19,0,16,0,-4],[0,0,0,1]]""","""[[2,[1,0,2]],[19,[1,0,-1]]]""",True,Q x Q,Q x Q,SU(2)xSU(2),1763439490433894962,0
1445.a.122825.1,1445.a,1445,122825,"""[[29,10,18,4,3],[0,1,1,1]]""","""[[5,[1,3,1,-5]],[17,[1,2,17]]]""",False,Q,Q,USp(4),1844847966037252828,0
1460.a.5840.1,1460.a,1460,5840,"""[[73,0,56,0,14,0,1],[0,1,0,1]]""","""[[2,[1,-1,2]],[5,[1,-1,3,5]],[73,[1,-3,75,-73]]]""",True,Q x Q,Q x Q,SU(2)xSU(2),99410074441336592,0
1462.a.11696.1,1462.a,1462,11696,"""[[148,94,-38,-27,0,2],[0,1,0,1]]""","""[[2,[1,1,0,-2]],[17,[1,6,10,-17]],[43,[1,-3,39,43]]]""",False,Q,Q,USp(4),636735234666913034,0
1468.a.2936.1,1468.a,1468,2936,"""[[0,0,-1,0,0,-1],[1,1,0,1]]""","""[[2,[1,1,1]],[367,[1,-4,370,-367]]]""",False,Q,Q,USp(4),855589073578923723,0
1468.b.5872.1,1468.b,1468,5872,"""[[0,0,0,0,-2,-2],[1,1,1]]""","""[[2,[1,0,-1]],[367,[1,-9,375,-367]]]""",False,Q,Q,USp(4),2042041382997046917,0
1470.a.2940.1,1470.a,1470,2940,"""[[-1,2,-5,4,-5,2,-1],[0,1,1]]""","""[[2,[1,0,1,-2]],[3,[1,-1,3,-3]],[5,[1,3,7,5]],[7,[1,2,1]]]""",True,Q x Q,Q x Q,SU(2)xSU(2),194811950713414119,0
1472.a.5888.1,1472.a,1472,5888,"""[[0,-1,-2,-1,1,1],[]]""","""[[2,[1]],[23,[1,-7,15,23]]]""",False,Q,Q,USp(4),1713892796688205966,0
1472.a.94208.1,1472.a,1472,94208,"""[[-3,7,-1,-4,-3,4],[]]""","""[[2,[1]],[23,[1,-7,15,23]]]""",False,Q,Q,USp(4),1713892796688205966,0
1472.a.94208.2,1472.a,1472,94208,"""[[0,2,4,0,1,4],[1]]""","""[[2,[1]],[23,[1,-7,15,23]]]""",False,Q,Q,USp(4),1713892796688205966,0
1473.a.1473.1,1473.a,1473,1473,"""[[0,-1,0,0,-1,1],[1,1,1]]""","""[[3,[1,0,2,3]],[491,[1,-35,455,491]]]""",False,Q,Q,USp(4),1480759648038499248,0
1488.a.71424.1,1488.a,1488,71424,"""[[0,-1,-1,-1,0,1],[]]""","""[[2,[1]],[3,[1,1,1,-3]],[31,[1,3,27,-31]]]""",False,Q,Q,USp(4),1405136128763606641,0
1490.a.1490.1,1490.a,1490,1490,"""[[0,2,-2,-4,0,1],[1,0,0,1]]""","""[[2,[1,2,3,2]],[5,[1,3,7,5]],[149,[1,-19,167,-149]]]""",False,Q,Q,USp(4),283752268962179161,0
1497.a.1497.1,1497.a,1497,1497,"""[[-1,1,-2,1,-1],[1,1,0,1]]""","""[[3,[1,3,5,3]],[499,[1,7,491,-499]]]""",False,Q,Q,USp(4),716352472483382284,0
1497.b.13473.1,1497.b,1497,13473,"""[[0,0,-1,0,3,-2],[1,1,0,1]]""","""[[3,[1,1,1,-3]],[499,[1,11,509,499]]]""",False,Q,Q,USp(4),1145615526677460748,0
1499.a.1499.1,1499.a,1499,1499,"""[[0,-1,1,0,0,-1],[1,0,0,1]]""","""[[1499,[1,35,1463,-1499]]]""",False,Q,Q,USp(4),1538015407194800789,0
1503.a.4509.1,1503.a,1503,4509,"""[[0,1,0,-3,-1,1],[1,1,0,1]]""","""[[3,[1,1,1]],[167,[1,18,148,-167]]]""",False,Q,Q,USp(4),1606174056451960933,0
1519.a.1519.1,1519.a,1519,1519,"""[[-1,-1,2,0,-2],[1,1,0,1]]""","""[[7,[1,1,7]],[31,[1,12,42,31]]]""",False,Q,Q,USp(4),1579460641587199497,0
1521.a.41067.1,1521.a,1521,41067,"""[[2,3,4,1,1],[1,0,0,1]]""","""[[3,[1,-2,1]],[13,[1,2,1]]]""",True,RM,RM,SU(2)xSU(2),1437883122427244167,0
1524.a.780288.1,1524.a,1524,780288,"""[[4,6,8,4,2],[0,1,1,1]]""","""[[2,[1,0,-1]],[3,[1,1,3,3]],[127,[1,-1,127,-127]]]""",False,Q,Q,USp(4),1433921777030088443,0
1532.a.1532.1,1532.a,1532,1532,"""[[-1,-1],[1,0,0,1]]""","""[[2,[1,0,1]],[383,[1,-23,359,383]]]""",False,Q,Q,USp(4),543296759785476411,0
1532.a.392192.1,1532.a,1532,392192,"""[[-1,12,-53,0,7,1],[1,1,1]]""","""[[2,[1,0,1]],[383,[1,-23,359,383]]]""",False,Q,Q,USp(4),543296759785476411,0
1534.a.3068.1,1534.a,1534,3068,"""[[-1,4,-1,-4,0,1],[1,0,0,1]]""","""[[2,[1,0,1,-2]],[13,[1,5,7,-13]],[59,[1,-3,55,59]]]""",False,Q,Q,USp(4),831954052100917188,0
1536.a.12288.1,1536.a,1536,12288,"""[[0,2,-4,5,-3,1],[]]""","""[[2,[1]],[3,[1,1,1,-3]]]""",False,Q,Q,USp(4),1566350063236195390,0
1536.b.49152.1,1536.b,1536,49152,"""[[-12,0,11,0,-3],[0,0,0,1]]""","""[[2,[1]],[3,[1,1,3,3]]]""",True,Q x Q,CM x Q,N(U(1)xSU(2)),1345735046624877938,0
1536.b.49152.2,1536.b,1536,49152,"""[[12,0,11,0,3],[0,0,0,1]]""","""[[2,[1]],[3,[1,1,3,3]]]""",True,Q x Q,CM x Q,N(U(1)xSU(2)),1345735046624877938,0
1536.c.98304.1,1536.c,1536,98304,"""[[1,-4,-5,14,3,-12,4],[1]]""","""[[2,[1]],[3,[1,-1,3,-3]]]""",True,Q x Q,CM x Q,N(U(1)xSU(2)),768289865391764600,0
1544.a.3088.1,1544.a,1544,3088,"""[[0,0,1],[1,1,1,1]]""","""[[2,[1,2,2]],[193,[1,20,212,193]]]""",False,Q,Q,USp(4),205248740275977746,0
1549.a.1549.1,1549.a,1549,1549,"""[[0,-3,0,1,0,-1],[1,1,0,1]]""","""[[1549,[1,-22,1570,-1549]]]""",False,Q,Q,USp(4),2083443608206547111,0
1560.a.199680.1,1560.a,1560,199680,"""[[-80,0,189,0,-149,0,39],[0,0,1]]""","""[[2,[1,-1,2]],[3,[1,1,3,3]],[5,[1,-3,7,-5]],[13,[1,1,11,-13]]]""",True,Q x Q,Q x Q,SU(2)xSU(2),318606376211951625,0
1564.a.50048.1,1564.a,1564,50048,"""[[-1,7,8,17,8,7,-1],[1,0,0,1]]""","""[[2,[1,0,-1]],[17,[1,3,19,17]],[23,[1,-1,23,-23]]]""",True,Q x Q,Q x Q,SU(2)xSU(2),694697983635272896,0
1568.a.1568.1,1568.a,1568,1568,"""[[2,0,3,0,1],[0,1,0,1]]""","""[[2,[1,1]],[7,[1,-2,1]]]""",True,Q x Q,Q x Q,SU(2)xSU(2),1060461814208601778,0
1568.a.43904.1,1568.a,1568,43904,"""[[-56,0,27,0,-5],[0,1,0,1]]""","""[[2,[1,1]],[7,[1,-2,1]]]""",True,Q x Q,Q x Q,SU(2)xSU(2),1060461814208601778,0
1568.b.12544.1,1568.b,1568,12544,"""[[1,0,0,0,-1],[0,1,0,1]]""","""[[2,[1,1]],[7,[1,0,-1]]]""",True,Q x Q,Q x Q,SU(2)xSU(2),1044800108561332130,0
1573.a.1573.1,1573.a,1573,1573,"""[[-1,-3,-4,-3,-1],[0,0,0,1]]""","""[[11,[1,0,-1]],[13,[1,-3,9,13]]]""",True,Q x Q,Q x Q,SU(2)xSU(2),2105008693391621704,0
1573.a.190333.1,1573.a,1573,190333,"""[[-83,21,38,-7,-7],[0,0,0,1]]""","""[[11,[1,0,-1]],[13,[1,-3,9,13]]]""",True,Q x Q,Q x Q,SU(2)xSU(2),2105008693391621704,0
1573.b.224939.1,1573.b,1573,224939,"""[[-1,0,3,-5,1,1],[1,1]]""","""[[11,[1,-4,11]],[13,[1,3,15,13]]]""",False,Q,Q,USp(4),1215887368065871575,0
1575.a.165375.1,1575.a,1575,165375,"""[[0,-2,1,0,2,-1],[1,1,1]]""","""[[3,[1,2,3]],[5,[1,2,5]],[7,[1,3,9,7]]]""",False,Q,Q,USp(4),2153655626995476519,0
1575.a.23625.1,1575.a,1575,23625,"""[[-4,7,2,-6,-1,1],[1,0,0,1]]""","""[[3,[1,2,3]],[5,[1,2,5]],[7,[1,3,9,7]]]""",False,Q,Q,USp(4),2153655626995476519,0
1584.a.684288.1,1584.a,1584,684288,"""[[11,0,-17,0,6,0,-1],[0,1,0,1]]""","""[[2,[1,-1]],[3,[1,2,1]],[11,[1,-3,7,11]]]""",True,Q x Q,Q x Q,SU(2)xSU(2),1992152227684837437,0
1589.a.1589.1,1589.a,1589,1589,"""[[0,-1,-1,4,4,1],[1]]""","""[[7,[1,3,9,7]],[227,[1,13,239,227]]]""",False,Q,Q,USp(4),1903635322180479317,0
1595.a.231275.1,1595.a,1595,231275,"""[[1,-4,2,-1,1],[0,1,0,1]]""","""[[5,[1,4,8,5]],[11,[1,3,13,11]],[29,[1,5,23,-29]]]""",False,Q,Q,USp(4),173762363552659964,0
1600.a.409600.1,1600.a,1600,409600,"""[[-1,0,-2,0,0,0,1],[]]""","""[[2,[1]],[5,[1,0,-1]]]""",True,Q x Q,Q x Q,SU(2)xSU(2),1829611100118794308,0
1600.b.409600.1,1600.b,1600,409600,"""[[-1,0,4,0,-4,0,1],[]]""","""[[2,[1]],[5,[1,2,1]]]""",True,Q x Q,M_2(Q),J(E_1),216822733902445805,0
1611.a.14499.1,1611.a,1611,14499,"""[[0,1,1,-6,-8,3],[1,1]]""","""[[3,[1,0,-1]],[179,[1,19,159,-179]]]""",False,Q,Q,USp(4),2051269647276424869,0
1612.a.3224.1,1612.a,1612,3224,"""[[0,1,2,1],[1,1,0,1]]""","""[[2,[1,1,1]],[13,[1,2,10,-13]],[31,[1,3,33,31]]]""",False,Q,Q,USp(4),2223538863602576855,0
1624.a.831488.1,1624.a,1624,831488,"""[[1,1,2,2,0,1],[0,1,0,1]]""","""[[2,[1,-1]],[7,[1,1,7,7]],[29,[1,3,31,29]]]""",False,Q,Q,USp(4),1626099242564292047,0
1632.a.52224.1,1632.a,1632,52224,"""[[17,0,-27,0,11,0,-1],[0,1,0,1]]""","""[[2,[1,-1]],[3,[1,1,1,-3]],[17,[1,-1,15,17]]]""",True,Q x Q,Q x Q,SU(2)xSU(2),1529888276931910761,0
1636.a.6544.1,1636.a,1636,6544,"""[[0,1,1,-1,-1],[0,1,0,1]]""","""[[2,[1,1,2]],[409,[1,2,410,409]]]""",False,Q,Q,USp(4),1260554078454461078,0
1637.a.1637.1,1637.a,1637,1637,"""[[0,0,-1,1,-1,1],[1]]""","""[[1637,[1,43,1593,-1637]]]""",False,Q,Q,USp(4),594678564614811203,0
1643.a.1643.1,1643.a,1643,1643,"""[[0,-2,5,-5,1,1],[1]]""","""[[31,[1,4,26,-31]],[53,[1,4,56,53]]]""",False,Q,Q,USp(4),1674921808958940328,0
1647.a.1647.1,1647.a,1647,1647,"""[[0,0,0,0,0,1],[1,1,0,1]]""","""[[3,[1,3,3]],[61,[1,5,55,-61]]]""",False,Q,Q,USp(4),438083503625387584,0
1649.a.159953.1,1649.a,1649,159953,"""[[5,6,4,3,1],[0,1,1,1]]""","""[[17,[1,-5,11,17]],[97,[1,11,107,97]]]""",False,Q,Q,USp(4),1594596365652333780,0
1650.a.371250.1,1650.a,1650,371250,"""[[0,1,-11,30,-11,1],[0,1,1]]""","""[[2,[1,0,1,2]],[3,[1,-1,3,-3]],[5,[1,0,-1]],[11,[1,1,11,11]]]""",True,Q x Q,Q x Q,SU(2)xSU(2),615497630361922712,0
1655.a.1655.1,1655.a,1655,1655,"""[[0,-1,0,1],[0,1,1,1]]""","""[[5,[1,2,2,-5]],[331,[1,5,335,331]]]""",False,Q,Q,USp(4),2021723053253340880,0
1655.a.206875.1,1655.a,1655,206875,"""[[-10,14,2,-7,-1,1],[1,0,0,1]]""","""[[5,[1,2,2,-5]],[331,[1,5,335,331]]]""",False,Q,Q,USp(4),2021723053253340880,0
1656.a.804816.1,1656.a,1656,804816,"""[[0,9,-13,13,-6,2],[0,1]]""","""[[2,[1,-1,2]],[3,[1,0,3]],[23,[1,7,15,-23]]]""",False,Q,Q,USp(4),1624746546113309664,0
1660.a.6640.1,1660.a,1660,6640,"""[[1,2,-2,-4,0,1],[1,0,0,1]]""","""[[2,[1,0,1]],[5,[1,3,1,-5]],[83,[1,5,77,-83]]]""",False,Q,Q,USp(4),1631013283918540872,0
1664.a.3328.1,1664.a,1664,3328,"""[[0,-1,0,3,-1,-2,1],[0,1]]""","""[[2,[1,1,2]],[13,[1,-1,13,-13]]]""",False,Q,Q,USp(4),983890139372197233,0
1665.a.1665.1,1665.a,1665,1665,"""[[1,2,2,1,1],[1,0,1,1]]""","""[[3,[1,0,1]],[5,[1,0,4,5]],[37,[1,3,39,37]]]""",False,Q,Q,USp(4),2247870725286011915,0
1680.a.16800.1,1680.a,1680,16800,"""[[-350,0,-136,0,-18,0,-1],[0,1,0,1]]""","""[[2,[1,-1]],[3,[1,1,3,3]],[5,[1,3,7,5]],[7,[1,1,7,7]]]""",True,Q x Q,Q x Q,SU(2)xSU(2),2245213958765115444,0
1680.b.215040.1,1680.b,1680,215040,"""[[0,1,15,44,25,4],[0,1]]""","""[[2,[1,-1,2]],[3,[1,1,3,3]],[5,[1,-1,3,5]],[7,[1,1,7,7]]]""",False,Q,Q,USp(4),2206626054010050679,0
1680.c.241920.1,1680.c,1680,241920,"""[[-2,0,22,0,-96,0,135],[1,0,1]]""","""[[2,[1,1]],[3,[1,-1,3,-3]],[5,[1,-1,3,5]],[7,[1,5,11,7]]]""",True,Q x Q,Q x Q,SU(2)xSU(2),1306746437046955344,0
1684.a.215552.1,1684.a,1684,215552,"""[[0,2,-1,2,-1,1],[0,1,1]]""","""[[2,[1,0,-1]],[421,[1,-17,437,-421]]]""",False,Q,Q,USp(4),1843920880047557916,0
1689.a.1689.1,1689.a,1689,1689,"""[[0,0,1,2,2,1],[1,1,1]]""","""[[3,[1,2,4,3]],[563,[1,-29,591,-563]]]""",False,Q,Q,USp(4),744154359880015023,0
1689.a.45603.1,1689.a,1689,45603,"""[[0,3,15,21,-6,1],[1,1,1]]""","""[[3,[1,2,4,3]],[563,[1,-29,591,-563]]]""",False,Q,Q,USp(4),744154359880015023,0
1695.a.1695.1,1695.a,1695,1695,"""[[-1,0,1,0,1,1],[1,0,0,1]]""","""[[3,[1,1,1,-3]],[5,[1,-2,2,5]],[113,[1,-7,119,-113]]]""",False,Q,Q,USp(4),1376045349524286035,0
1696.a.217088.1,1696.a,1696,217088,"""[[-1,-7,-22,-28,-24,1],[1,0,1]]""","""[[2,[1,-1,2]],[53,[1,-5,47,53]]]""",False,Q,Q,USp(4),522668139301639298,0
1696.a.27136.1,1696.a,1696,27136,"""[[-1,0,3,8,7,4],[1,1]]""","""[[2,[1,-1,2]],[53,[1,-5,47,53]]]""",False,Q,Q,USp(4),522668139301639298,0
1696.b.434176.1,1696.b,1696,434176,"""[[26,3,-12,9,2,-2,1],[0,1]]""","""[[2,[1,-1]],[53,[1,1,53,53]]]""",False,Q,Q x Q,N(SU(2)xSU(2)),1869713483527861982,0
1701.a.1701.1,1701.a,1701,1701,"""[[-1,12,-60,86,19,1],[1]]""","""[[3,[1,2,3]],[7,[1,2,8,7]]]""",False,Q,Q,USp(4),576864679293783329,0
1702.a.39146.1,1702.a,1702,39146,"""[[-30,22,14,-13,0,1],[1,1]]""","""[[2,[1,1,2,2]],[23,[1,5,27,23]],[37,[1,3,33,-37]]]""",False,Q,Q,USp(4),1439986085988797656,0
1706.a.3412.1,1706.a,1706,3412,"""[[0,0,0,0,-1,-1,1],[1,1]]""","""[[2,[1,1,2,2]],[853,[1,7,845,-853]]]""",False,Q,Q,USp(4),2152667676536573834,0
1708.a.47824.1,1708.a,1708,47824,"""[[0,1,0,-3,8,-7],[1,1,1]]""","""[[2,[1,0,1]],[7,[1,-2,4,7]],[61,[1,-11,49,61]]]""",False,Q,Q,USp(4),2096997644263407466,0
1712.a.109568.1,1712.a,1712,109568,"""[[0,3,9,4,6,1],[1,0,1]]""","""[[2,[1,1]],[107,[1,1,107,107]]]""",False,Q,Q,USp(4),1103714432178505129,0
1717.a.1717.1,1717.a,1717,1717,"""[[0,1,2,3,2,1],[0,1]]""","""[[17,[1,-3,19,-17]],[101,[1,9,91,-101]]]""",False,Q,Q,USp(4),1939253866151895217,0
1717.a.1717.2,1717.a,1717,1717,"""[[0,1,16,24,9,1],[0,1]]""","""[[17,[1,-3,19,-17]],[101,[1,9,91,-101]]]""",False,Q,Q,USp(4),1939253866151895217,0
1717.b.1717.1,1717.b,1717,1717,"""[[0,-1,-2,-2,-1],[0,1,0,1]]""","""[[17,[1,0,16,-17]],[101,[1,-11,89,101]]]""",False,Q,Q,USp(4),2207499616476789947,0
1718.a.3436.1,1718.a,1718,3436,"""[[0,1,2,0,0,1],[1,1]]""","""[[2,[1,1,0,-2]],[859,[1,-41,899,-859]]]""",False,Q,Q,USp(4),177503545495566680,0
1721.a.1721.1,1721.a,1721,1721,"""[[0,-1,1],[1,0,0,1]]""","""[[1721,[1,38,1682,-1721]]]""",False,Q,Q,USp(4),935819103056385830,0
1728.a.27648.1,1728.a,1728,27648,"""[[0,0,0,-1,-3,0,3],[1,1]]""","""[[2,[1,-1]],[3,[1,2,3]]]""",False,Q,Q,USp(4),1443326436143850885,0
1728.b.442368.1,1728.b,1728,442368,"""[[3,0,6,0,4,0,1],[]]""","""[[2,[1]],[3,[1,-1]]]""",True,Q x Q,CM x Q,N(U(1)xSU(2)),426310936947637709,0
1734.a.1734.1,1734.a,1734,1734,"""[[0,1,1,1,1,1],[1,0,0,1]]""","""[[2,[1,2,3,2]],[3,[1,1,3,3]],[17,[1,0,-1]]]""",True,Q x Q,Q x Q,SU(2)xSU(2),595905657863003987,0
1734.b.41616.1,1734.b,1734,41616,"""[[-1,-4,0,6,-1,-3,1],[0,1,1]]""","""[[2,[1,0,1,-2]],[3,[1,-1,3,-3]],[17,[1,-2,1]]]""",True,Q x Q,Q x Q,SU(2)xSU(2),8184151652327973,0
1738.a.137302.1,1738.a,1738,137302,"""[[-41,-101,-66,-5,0,1],[0,1]]""","""[[2,[1,1,0,-2]],[11,[1,5,15,11]],[79,[1,-17,95,-79]]]""",False,Q,Q,USp(4),636615878585330514,0
1740.a.104400.1,1740.a,1740,104400,"""[[0,30,-5,-14,0,2],[0,1,1]]""","""[[2,[1,0,-1]],[3,[1,0,2,3]],[5,[1,2,2,-5]],[29,[1,-5,23,29]]]""",False,Q,Q,USp(4),1522724425743737300,0
1743.a.597849.1,1743.a,1743,597849,"""[[-1,1,-1,3,3,2,3],[1,1,1]]""","""[[3,[1,0,2,3]],[7,[1,0,6,-7]],[83,[1,11,71,-83]]]""",False,Q,Q,USp(4),757940694152828662,0
1744.a.1744.1,1744.a,1744,1744,"""[[0,1,0,1],[0,1,0,1]]""","""[[2,[1,1]],[109,[1,-1,107,109]]]""",False,Q,Q,USp(4),1444027856435056255,0
1746.a.10476.1,1746.a,1746,10476,"""[[0,-1,0,0,2,1,1],[1,1,1]]""","""[[2,[1,0,1,2]],[3,[1,0,-1]],[97,[1,-3,99,-97]]]""",False,Q,Q,USp(4),2021243407368597284,0
1753.a.1753.1,1753.a,1753,1753,"""[[0,0,1],[1,0,0,1]]""","""[[1753,[1,10,1742,-1753]]]""",False,Q,Q,USp(4),2194038118825262935,0
1757.a.1757.1,1757.a,1757,1757,"""[[0,0,1,1],[1,1,1,1]]""","""[[7,[1,2,4,-7]],[251,[1,-11,239,251]]]""",False,Q,Q,USp(4),1239796426506003382,0
1770.a.26550.1,1770.a,1770,26550,"""[[3,7,0,-7,0,3],[0,1,1]]""","""[[2,[1,0,1,2]],[3,[1,1,1,-3]],[5,[1,-1,5,-5]],[59,[1,13,71,59]]]""",False,Q,Q,USp(4),1348734739352373348,0
1776.a.7104.1,1776.a,1776,7104,"""[[12,14,15,8,4,1],[0,0,0,1]]""","""[[2,[1]],[3,[1,2,4,3]],[37,[1,1,35,-37]]]""",False,Q,Q,USp(4),1702760414319941354,0
1776.b.191808.1,1776.b,1776,191808,"""[[0,0,-1,0,1,2],[1]]""","""[[2,[1]],[3,[1,0,2,-3]],[37,[1,3,39,37]]]""",False,Q,Q,USp(4),952103407252005392,0
1777.a.1777.1,1777.a,1777,1777,"""[[-8,-1,7,0,-3],[1,1,0,1]]""","""[[1777,[1,-38,1814,-1777]]]""",False,Q,Q,USp(4),1411624195849460737,0
1780.a.7120.1,1780.a,1780,7120,"""[[-89,0,64,0,-16,0,1],[0,1,0,1]]""","""[[2,[1,-1,2]],[5,[1,3,7,5]],[89,[1,5,83,-89]]]""",True,Q x Q,Q x Q,SU(2)xSU(2),1086328846636011571,0
1788.a.14304.1,1788.a,1788,14304,"""[[0,-1,0,0,2,1],[1,0,0,1]]""","""[[2,[1,0,-1]],[3,[1,1,1,-3]],[149,[1,-5,143,149]]]""",False,Q,Q,USp(4),870767819125982102,0
1791.a.5373.1,1791.a,1791,5373,"""[[0,0,-1,2,6,3],[1]]""","""[[3,[1,1,3]],[199,[1,-1,199,-199]]]""",False,Q,Q,USp(4),1393751871654252107,0
1792.a.3584.1,1792.a,1792,3584,"""[[0,-2,1,0,-1],[1,1,1,1]]""","""[[2,[1]],[7,[1,3,3,-7]]]""",False,Q,Q x Q,N(SU(2)xSU(2)),361698798966946105,0
1795.a.224375.1,1795.a,1795,224375,"""[[-23,6,-23,3,-8,0,-1],[0,1,1,1]]""","""[[5,[1,-2,2,5]],[359,[1,13,371,359]]]""",False,Q,Q,USp(4),1458822888926745140,0
1797.a.5391.1,1797.a,1797,5391,"""[[0,0,1,2,-4,1],[1,1,1]]""","""[[3,[1,2,4,3]],[599,[1,23,575,-599]]]""",False,Q,Q,USp(4),2278743983916249834,0
1798.a.3596.1,1798.a,1798,3596,"""[[1,1,4,2,4,1],[0,1,1]]""","""[[2,[1,0,1,2]],[29,[1,1,29,29]],[31,[1,-4,26,31]]]""",False,Q,Q,USp(4),310635551149162688,0
1800.a.3600.1,1800.a,1800,3600,"""[[-1,0,1,0,-1],[0,1,0,1]]""","""[[2,[1,1,2]],[3,[1,0,-1]],[5,[1,0,-1]]]""",True,Q x Q,Q x Q,SU(2)xSU(2),526436881799755279,0
1811.a.1811.1,1811.a,1811,1811,"""[[0,-1,0,1,-1],[1,0,0,1]]""","""[[1811,[1,-25,1835,-1811]]]""",False,Q,Q,USp(4),136736030713794555,0
1811.b.1811.1,1811.b,1811,1811,"""[[2,-1,-3,-1,1,1],[0,0,0,1]]""","""[[1811,[1,44,1854,1811]]]""",False,Q,Q,USp(4),917257800639543684,0
1813.a.1813.1,1813.a,1813,1813,"""[[0,1,1,2,1,1],[1]]""","""[[7,[1,4,7]],[37,[1,11,47,37]]]""",False,Q,Q,USp(4),175248704926379647,0
1832.a.3664.1,1832.a,1832,3664,"""[[0,1,-3,-1,4,2],[0,1]]""","""[[2,[1,-1,2]],[229,[1,9,219,-229]]]""",False,Q,Q,USp(4),1067409632915023641,0
1832.b.14656.1,1832.b,1832,14656,"""[[0,0,-2,-4,0,2],[1,1]]""","""[[2,[1,-1]],[229,[1,-5,223,229]]]""",False,Q,Q,USp(4),2104398621957133093,0
1832.b.3664.1,1832.b,1832,3664,"""[[-1,4,0,-15,11,1],[1,0,1]]""","""[[2,[1,-1]],[229,[1,-5,223,229]]]""",False,Q,Q,USp(4),2104398621957133093,0
1835.a.1835.1,1835.a,1835,1835,"""[[0,-2,5,-4,0,1],[1]]""","""[[5,[1,2,2,-5]],[367,[1,-16,350,367]]]""",False,Q,Q,USp(4),124125557311514971,0
1835.b.1835.1,1835.b,1835,1835,"""[[-2,-1,4,0,-2],[0,0,0,1]]""","""[[5,[1,0,4,5]],[367,[1,-12,354,367]]]""",False,Q,Q,USp(4),1291093049737494871,0
1844.a.3688.1,1844.a,1844,3688,"""[[0,-1,-1,1,1],[1,0,1,1]]""","""[[2,[1,1,1]],[461,[1,-10,470,-461]]]""",False,Q,Q,USp(4),1020014188760850588,0
1844.b.29504.1,1844.b,1844,29504,"""[[0,1,0,-5,2,-1],[1,1,1]]""","""[[2,[1,0,1]],[461,[1,-11,449,461]]]""",False,Q,Q,USp(4),1832826190186271076,0
1844.c.118016.1,1844.c,1844,118016,"""[[-8,27,-31,8,0,2],[1,1,1]]""","""[[2,[1,0,-1]],[461,[1,-1,461,-461]]]""",False,Q,Q,USp(4),1905431877247092206,0
1848.a.99792.1,1848.a,1848,99792,"""[[-1,0,-2,-1,0,-2],[1,1]]""","""[[2,[1,-1,2]],[3,[1,1,1,-3]],[7,[1,3,3,-7]],[11,[1,1,11,11]]]""",False,Q,Q,USp(4),208154587366281056,0
1854.a.11124.1,1854.a,1854,11124,"""[[1,1,-2,-2],[0,1,1,1]]""","""[[2,[1,2,3,2]],[3,[1,1,1]],[103,[1,3,99,-103]]]""",False,Q,Q,USp(4),997117709083028124,0
1861.a.1861.1,1861.a,1861,1861,"""[[0,0,-1,1,-1],[1,1,0,1]]""","""[[1861,[1,-2,1862,-1861]]]""",False,Q,Q,USp(4),198347953235203466,0
1863.a.1863.1,1863.a,1863,1863,"""[[0,1,-5,0,4,2],[1,1,0,1]]""","""[[3,[1,1,3]],[23,[1,2,20,-23]]]""",False,Q,Q,USp(4),1363761482063278417,0
1863.b.1863.1,1863.b,1863,1863,"""[[0,-1,-1,0,1,0,-1],[1,1,0,1]]""","""[[3,[1,3,3]],[23,[1,8,14,-23]]]""",False,Q,Q,USp(4),1568557614569470907,0
1870.a.226270.1,1870.a,1870,226270,"""[[-9,2,-2,9,-1,1,-2],[1,1]]""","""[[2,[1,-1,0,2]],[5,[1,0,4,5]],[11,[1,-1,11,-11]],[17,[1,5,11,-17]]]""",False,Q,Q,USp(4),722300925764961852,0
1872.a.1872.1,1872.a,1872,1872,"""[[39,0,-32,0,8,0,-1],[0,1,0,1]]""","""[[2,[1,-1,2]],[3,[1,0,-1]],[13,[1,1,11,-13]]]""",True,Q x Q,Q x Q,SU(2)xSU(2),1190647277065957154,0
1872.b.29952.1,1872.b,1872,29952,"""[[0,1,-2,2,-1,1],[]]""","""[[2,[1]],[3,[1,0,1]],[13,[1,5,7,-13]]]""",False,Q,Q,USp(4),1560473461311964073,0
1872.b.479232.1,1872.b,1872,479232,"""[[0,2,3,-8,-15,4],[1]]""","""[[2,[1]],[3,[1,0,1]],[13,[1,5,7,-13]]]""",False,Q,Q,USp(4),1560473461311964073,0
1876.a.7504.1,1876.a,1876,7504,"""[[0,-1,1,0,-1,1],[1,0,1]]""","""[[2,[1,1,2]],[7,[1,4,10,7]],[67,[1,-5,61,67]]]""",False,Q,Q,USp(4),1105920169876279134,0
1888.a.241664.1,1888.a,1888,241664,"""[[0,-1,-1,-2,-1,1],[]]""","""[[2,[1]],[59,[1,-3,55,59]]]""",False,Q,Q,USp(4),956934867902584012,0
1888.a.483328.1,1888.a,1888,483328,"""[[56,64,1,-16,-3,1],[0,0,0,1]]""","""[[2,[1]],[59,[1,-3,55,59]]]""",False,Q,Q,USp(4),956934867902584012,0
1888.a.483328.2,1888.a,1888,483328,"""[[-4,20,-31,8,8,1],[]]""","""[[2,[1]],[59,[1,-3,55,59]]]""",False,Q,Q,USp(4),956934867902584012,0
1896.a.728064.1,1896.a,1896,728064,"""[[-3,11,0,-8,-2,1],[0,1,0,1]]""","""[[2,[1,-1]],[3,[1,2,4,3]],[79,[1,1,79,79]]]""",False,Q,Q,USp(4),1091655253207789541,0
1899.a.5697.1,1899.a,1899,5697,"""[[2,-3,0,0,1,-1],[1,0,0,1]]""","""[[3,[1,2,3]],[211,[1,-5,215,-211]]]""",False,Q,Q,USp(4),1560465821510596968,0
1900.a.3800.1,1900.a,1900,3800,"""[[0,-1,0,1],[1,1,0,1]]""","""[[2,[1,1,1]],[5,[1,3,5]],[19,[1,6,12,-19]]]""",False,Q,Q,USp(4),951231826476892433,0
1904.a.487424.1,1904.a,1904,487424,"""[[1,-1,-2,0,0,1],[0,1,0,1]]""","""[[2,[1,-1]],[7,[1,1,5,-7]],[17,[1,1,15,-17]]]""",False,Q,Q,USp(4),114752430433010833,0
1908.a.183168.1,1908.a,1908,183168,"""[[0,2,4,3,2],[1,0,0,1]]""","""[[2,[1,0,-1]],[3,[1,0,-1]],[53,[1,-5,47,53]]]""",False,Q,Q,USp(4),1906047966439051798,0
1911.a.5733.1,1911.a,1911,5733,"""[[-4,-1,-8,0,-4,1],[0,0,1]]""","""[[3,[1,-1,1,3]],[7,[1,0,-1]],[13,[1,1,11,-13]]]""",False,Q,Q,USp(4),1005041860790968222,0
1915.a.1915.1,1915.a,1915,1915,"""[[0,-1,0,0,-2,0,1],[1,1,0,1]]""","""[[5,[1,3,1,-5]],[383,[1,-20,362,383]]]""",False,Q,Q,USp(4),1336287959355397782,0
1919.a.1919.1,1919.a,1919,1919,"""[[0,0,1,1],[1,0,0,1]]""","""[[19,[1,0,18,19]],[101,[1,6,94,-101]]]""",False,Q,Q,USp(4),391658611357724491,0
1920.a.368640.1,1920.a,1920,368640,"""[[5,6,17,12,17,6,5],[1,1,1,1]]""","""[[2,[1]],[3,[1,-1,3,-3]],[5,[1,1,3,-5]]]""",True,Q x Q,Q x Q,SU(2)xSU(2),2305807258073272013,0
1922.a.3844.1,1922.a,1922,3844,"""[[0,2,-2,-3,1,1],[0,1,1]]""","""[[2,[1,0,1,-2]],[31,[1,-8,31]]]""",False,Q,Q,USp(4),1911033268370033632,0
1923.a.1923.1,1923.a,1923,1923,"""[[-1,1,-3,2,-3,1,-1],[1,1,0,1]]""","""[[3,[1,0,2,-3]],[641,[1,32,608,-641]]]""",False,Q,Q,USp(4),1562479886895796538,0
1923.b.17307.1,1923.b,1923,17307,"""[[2,1,3,0,1],[1,1,0,1]]""","""[[3,[1,2,0,-3]],[641,[1,22,662,641]]]""",False,Q,Q,USp(4),1890035427397394263,0
1929.a.1929.1,1929.a,1929,1929,"""[[0,0,-1,1,-1,1],[1,1,1]]""","""[[3,[1,1,1,-3]],[643,[1,45,687,643]]]""",False,Q,Q,USp(4),51978692065759293,0
1929.a.52083.1,1929.a,1929,52083,"""[[0,2,7,6,0,9],[1,1,1]]""","""[[3,[1,1,1,-3]],[643,[1,45,687,643]]]""",False,Q,Q,USp(4),51978692065759293,0
1935.a.52245.1,1935.a,1935,52245,"""[[-4,-1,3,2,2],[0,0,1,1]]""","""[[3,[1,0,-1]],[5,[1,1,3,-5]],[43,[1,5,47,43]]]""",False,Q,Q,USp(4),1402254699178521955,0
1935.a.52245.2,1935.a,1935,52245,"""[[-1134,927,-20,-82,-2,1],[0,1]]""","""[[3,[1,0,-1]],[5,[1,1,3,-5]],[43,[1,5,47,43]]]""",False,Q,Q,USp(4),1402254699178521955,0
1936.a.1936.1,1936.a,1936,1936,"""[[0,0,-1,0,2,0,-1],[1]]""","""[[2,[1,2,2]],[11,[1,-2,1]]]""",True,Q x Q,Q x Q,SU(2)xSU(2),1159662636608221872,0
1936.b.1936.1,1936.b,1936,1936,"""[[0,0,0,0,-1,0,-1],[1]]""","""[[2,[1,2,2]],[11,[1,-2,1]]]""",True,Q x Q,Q x Q,SU(2)xSU(2),218486125215102914,0
1936.b.234256.1,1936.b,1936,234256,"""[[-121,0,47,0,-6],[0,0,0,1]]""","""[[2,[1,2,2]],[11,[1,-2,1]]]""",True,Q x Q,Q x Q,SU(2)xSU(2),218486125215102914,0
1944.a.34992.1,1944.a,1944,34992,"""[[0,1,-3,0,2,2],[0,1]]""","""[[2,[1,1]],[3,[1,0,3]]]""",False,Q,Q,USp(4),1604855866383940507,0
1947.a.578259.1,1947.a,1947,578259,"""[[-1,-8,-16,1,2,1],[0,1,1]]""","""[[3,[1,0,2,3]],[11,[1,-1,11,-11]],[59,[1,11,47,-59]]]""",False,Q,Q,USp(4),1420759806415832942,0
1950.a.105300.1,1950.a,1950,105300,"""[[0,1,36,330,36,1],[0,1,1]]""","""[[2,[1,0,1,-2]],[3,[1,1,3,3]],[5,[1,-2,1]],[13,[1,1,11,-13]]]""",True,Q x Q,Q x Q,SU(2)xSU(2),289824846625436952,0
1950.a.97500.1,1950.a,1950,97500,"""[[0,5,12,17,12,5],[0,1,1]]""","""[[2,[1,0,1,-2]],[3,[1,1,3,3]],[5,[1,-2,1]],[13,[1,1,11,-13]]]""",True,Q x Q,Q x Q,SU(2)xSU(2),289824846625436952,0
1952.a.15616.1,1952.a,1952,15616,"""[[0,-1,0,1],[0,1,0,1]]""","""[[2,[1,1]],[61,[1,5,65,61]]]""",False,Q,Q,USp(4),1092158224525669915,0
1952.b.999424.1,1952.b,1952,999424,"""[[1,-2,-3,4,3,2],[]]""","""[[2,[1]],[61,[1,1,59,-61]]]""",False,Q,Q,USp(4),442857924514439262,0
1961.a.1961.1,1961.a,1961,1961,"""[[0,-1,-1],[1,0,0,1]]""","""[[37,[1,1,35,-37]],[53,[1,12,64,53]]]""",False,Q,Q,USp(4),37937404707651523,0
1973.a.1973.1,1973.a,1973,1973,"""[[0,-1,1,0,0,-1,1],[1]]""","""[[1973,[1,-63,2035,-1973]]]""",False,Q,Q,USp(4),1695228382013788024,0
1981.a.1981.1,1981.a,1981,1981,"""[[0,0,-1,-1,2,1],[1]]""","""[[7,[1,-2,8,-7]],[283,[1,23,259,-283]]]""",False,Q,Q,USp(4),2286508841985904330,0
1982.a.63424.1,1982.a,1982,63424,"""[[0,0,1,-1,1,-1],[1,1]]""","""[[2,[1,1,0,-2]],[991,[1,-19,971,991]]]""",False,Q,Q,USp(4),929089673770168408,0
1985.a.1985.1,1985.a,1985,1985,"""[[0,-1,0,0,1,1],[1,0,0,1]]""","""[[5,[1,1,5,5]],[397,[1,37,359,-397]]]""",False,Q,Q,USp(4),2288255493731735725,0
1987.a.1987.1,1987.a,1987,1987,"""[[-1,-1,1,0,-1],[1,1,0,1]]""","""[[1987,[1,37,1949,-1987]]]""",False,Q,Q,USp(4),19072453013413426,0
1988.a.3976.1,1988.a,1988,3976,"""[[6,16,31,35,31,16,6],[0,1,1]]""","""[[2,[1,2,1]],[7,[1,-1,7,-7]],[71,[1,-1,71,-71]]]""",True,Q x Q,Q x Q,SU(2)xSU(2),2130683269061413929,0
1989.a.1989.1,1989.a,1989,1989,"""[[-1,-1],[1,1,1,1]]""","""[[3,[1,0,1]],[13,[1,2,14,13]],[17,[1,-2,14,17]]]""",False,Q,Q,USp(4),1281309101000336075,0
1991.a.1991.1,1991.a,1991,1991,"""[[0,1,2,0,-1],[1,0,0,1]]""","""[[11,[1,4,14,11]],[181,[1,16,164,-181]]]""",False,Q,Q,USp(4),775707039780775860,0
1995.a.341145.1,1995.a,1995,341145,"""[[-5,0,-1,3,1,1],[0,1,1]]""","""[[3,[1,1,3,3]],[5,[1,-1,3,5]],[7,[1,3,9,7]],[19,[1,-3,15,19]]]""",False,Q,Q,USp(4),609523705987749064,0
1996.a.31936.1,1996.a,1996,31936,"""[[3,4,1,1,1],[1,0,0,1]]""","""[[2,[1,0,1]],[499,[1,-4,494,499]]]""",False,Q,Q,USp(4),1318736584687208961,0
1996.b.510976.1,1996.b,1996,510976,"""[[1,3,1,1],[0,1,1,1]]""","""[[2,[1,0,-1]],[499,[1,-42,540,-499]]]""",False,Q,Q,USp(4),1905609884349296220,0
2001.a.2001.1,2001.a,2001,2001,"""[[0,0,0,1,1,1],[1,1,0,1]]""","""[[3,[1,2,4,3]],[23,[1,-5,17,23]],[29,[1,2,26,-29]]]""",False,Q,Q,USp(4),1672309473371122815,0
2001.b.2001.1,2001.b,2001,2001,"""[[-1,1,0,-2,0,1],[1,1,0,1]]""","""[[3,[1,0,2,-3]],[23,[1,-3,19,23]],[29,[1,-6,34,-29]]]""",False,Q,Q,USp(4),430790274089517330,0
2007.a.6021.1,2007.a,2007,6021,"""[[0,0,0,0,1,0,1],[1,1,1]]""","""[[3,[1,1,3]],[223,[1,-7,229,-223]]]""",False,Q,Q,USp(4),854050406449224126,0
2012.a.16096.1,2012.a,2012,16096,"""[[-16,-13,16,-4,-2,1],[1,0,0,1]]""","""[[2,[1,0,-1]],[503,[1,7,495,-503]]]""",False,Q,Q,USp(4),1650873775909020540,0
2016.a.4032.1,2016.a,2016,4032,"""[[-1,-3,-7,-10,-10,-6,-2],[1]]""","""[[2,[1]],[3,[1,2,1]],[7,[1,1,7,7]]]""",True,Q x Q,Q x Q,SU(2)xSU(2),2162753454406528587,0
2016.b.12096.1,2016.b,2016,12096,"""[[-10,-8,1,0,-1],[1,1,1,1]]""","""[[2,[1]],[3,[1,0,-1]],[7,[1,-1,7,-7]]]""",True,Q x Q,Q x Q,SU(2)xSU(2),2083498611169644915,0
2016.c.774144.1,2016.c,2016,774144,"""[[-2,-1,-1,2,1,1],[]]""","""[[2,[1]],[3,[1,0,3]],[7,[1,-3,3,7]]]""",False,Q,Q,USp(4),417393543603733132,0
2020.a.646400.1,2020.a,2020,646400,"""[[4,-4,5,-1,2],[0,0,0,1]]""","""[[2,[1,2,2]],[5,[1,2,2,-5]],[101,[1,13,87,-101]]]""",False,Q,Q,USp(4),1255827781184576553,0
2027.a.2027.1,2027.a,2027,2027,"""[[-1,-2,-3,-2],[1,0,1,1]]""","""[[2027,[1,37,1989,-2027]]]""",False,Q,Q,USp(4),2234076744933268871,0
2028.a.64896.1,2028.a,2028,64896,"""[[5,9,6,6,4,1,1],[0,1,1]]""","""[[2,[1,2,1]],[3,[1,0,2,3]],[13,[1,-2,1]]]""",True,Q x Q,Q x Q,SU(2)xSU(2),2194032622968040535,0
2031.a.6093.1,2031.a,2031,6093,"""[[0,-1,0,0,-1],[1,1,1,1]]""","""[[3,[1,1,1,-3]],[677,[1,-5,671,677]]]""",False,Q,Q,USp(4),852911228139628005,0
2036.a.8144.1,2036.a,2036,8144,"""[[0,0,0,1,0,-2,1],[1,1]]""","""[[2,[1,1,2]],[509,[1,7,515,509]]]""",False,Q,Q,USp(4),1938992057062319350,0
2043.a.2043.1,2043.a,2043,2043,"""[[0,1,2,-4,0,1],[0,1]]""","""[[3,[1,0,-1]],[227,[1,11,215,-227]]]""",False,Q,Q,USp(4),1503129181313680688,0
2054.a.4108.1,2054.a,2054,4108,"""[[0,0,-2,-1,2,1],[1,1]]""","""[[2,[1,1,2,2]],[13,[1,1,11,-13]],[79,[1,5,83,79]]]""",False,Q,Q,USp(4),1284296783236944861,0
2056.a.4112.1,2056.a,2056,4112,"""[[0,1,1,1],[0,1,0,1]]""","""[[2,[1,1,2]],[257,[1,-21,235,257]]]""",False,Q,Q,USp(4),1877310974269790494,0
2056.b.4112.1,2056.b,2056,4112,"""[[0,1,-1,3,-1,2],[0,1]]""","""[[2,[1,1]],[257,[1,29,227,-257]]]""",False,Q,Q,USp(4),326988795025865702,0
2056.c.263168.1,2056.c,2056,263168,"""[[0,0,1,1,-1,-2],[1,1]]""","""[[2,[1,-1]],[257,[1,-17,239,257]]]""",False,Q,Q,USp(4),1126263219022525504,0
2056.c.8224.1,2056.c,2056,8224,"""[[0,-3,3,19,-15,2],[1,1]]""","""[[2,[1,-1]],[257,[1,-17,239,257]]]""",False,Q,Q,USp(4),1126263219022525504,0
2058.a.16464.1,2058.a,2058,16464,"""[[-3,5,-11,10,-11,5,-3],[1,0,0,1]]""","""[[2,[1,-2,3,-2]],[3,[1,1,3,3]],[7,[1,1]]]""",True,Q x Q,CM x Q,N(U(1)xSU(2)),400783983776292442,0
2058.a.2058.1,2058.a,2058,2058,"""[[5,-4,-5,14,-5,-4,5],[1,0,0,1]]""","""[[2,[1,-2,3,-2]],[3,[1,1,3,3]],[7,[1,1]]]""",True,Q x Q,CM x Q,N(U(1)xSU(2)),400783983776292442,0
2059.a.2059.1,2059.a,2059,2059,"""[[0,-1,0,4,-4,1],[1]]""","""[[29,[1,-8,20,29]],[71,[1,8,62,-71]]]""",False,Q,Q,USp(4),1944588728320593263,0
2060.a.4120.1,2060.a,2060,4120,"""[[0,-1,-1,0,1,-1],[1,1,0,1]]""","""[[2,[1,1,1]],[5,[1,3,1,-5]],[103,[1,-10,92,103]]]""",False,Q,Q,USp(4),1015237494756152725,0
2061.a.6183.1,2061.a,2061,6183,"""[[0,-1,0,0,-1],[1,0,0,1]]""","""[[3,[1,1,3]],[229,[1,-11,239,-229]]]""",False,Q,Q,USp(4),509903604138496059,0
2063.a.2063.1,2063.a,2063,2063,"""[[0,-1,1,1],[1,0,1,1]]""","""[[2063,[1,13,2049,-2063]]]""",False,Q,Q,USp(4),2248829427391514498,0
2069.a.2069.1,2069.a,2069,2069,"""[[-1,3,0,-3,0,1],[0,0,0,1]]""","""[[2069,[1,-75,2143,-2069]]]""",False,Q,Q,USp(4),628991765738880146,0
2075.a.10375.1,2075.a,2075,10375,"""[[0,-1,1,0,-2],[1,0,0,1]]""","""[[5,[1,4,5]],[83,[1,-5,77,83]]]""",False,Q,Q,USp(4),1355312935673646717,0
2080.a.4160.1,2080.a,2080,4160,"""[[65,0,48,0,12,0,1],[0,1]]""","""[[2,[1,1,2]],[5,[1,3,7,5]],[13,[1,-5,7,13]]]""",True,Q x Q,CM x Q,N(U(1)xSU(2)),543535094757209978,0
2080.a.4160.2,2080.a,2080,4160,"""[[-65,0,48,0,-12,0,1],[0,1]]""","""[[2,[1,1,2]],[5,[1,3,7,5]],[13,[1,-5,7,13]]]""",True,Q x Q,CM x Q,N(U(1)xSU(2)),543535094757209978,0
2085.a.6255.1,2085.a,2085,6255,"""[[0,0,-1,0,2,0,-1],[1,1,1]]""","""[[3,[1,1,3,3]],[5,[1,4,8,5]],[139,[1,-9,147,-139]]]""",False,Q,Q,USp(4),194772779643549278,0
2094.a.12564.1,2094.a,2094,12564,"""[[0,0,2,-1,-2,1],[1,1]]""","""[[2,[1,1,2,2]],[3,[1,2,4,3]],[349,[1,-33,381,-349]]]""",False,Q,Q,USp(4),1116549859625285016,0
2094.b.50256.1,2094.b,2094,50256,"""[[1,3,0,-5,-1,3],[0,1]]""","""[[2,[1,-1,2,-2]],[3,[1,0,2,3]],[349,[1,-27,375,-349]]]""",False,Q,Q,USp(4),1928118659189337311,0
2101.a.2101.1,2101.a,2101,2101,"""[[0,0,0,0,-1,1],[1]]""","""[[11,[1,2,12,11]],[191,[1,-11,201,-191]]]""",False,Q,Q,USp(4),459862389585072699,0
2102.a.33632.1,2102.a,2102,33632,"""[[0,0,0,0,2,1],[1,1]]""","""[[2,[1,1,0,-2]],[1051,[1,28,1078,1051]]]""",False,Q,Q,USp(4),1060779267445535582,0
2102.b.67264.1,2102.b,2102,67264,"""[[0,8,-14,1,4,1],[0,1]]""","""[[2,[1,1,0,-2]],[1051,[1,47,1003,-1051]]]""",False,Q,Q,USp(4),1075347195512552874,0
2106.a.711828.1,2106.a,2106,711828,"""[[-1,0,1,1,-4,2],[1,0,1]]""","""[[2,[1,-1,2,-2]],[3,[1,0,3]],[13,[1,3,9,-13]]]""",False,Q,Q,USp(4),234044380020860485,0
2112.a.33792.1,2112.a,2112,33792,"""[[0,1,3,5,6,4],[1]]""","""[[2,[1,0,2]],[3,[1,0,2,3]],[11,[1,1,11,11]]]""",False,Q,Q,USp(4),1705410697633735804,0
2117.a.2117.1,2117.a,2117,2117,"""[[0,1,-1,-3,1,1],[1,0,1]]""","""[[29,[1,3,31,29]],[73,[1,-9,63,73]]]""",False,Q,Q,USp(4),2178635381335538720,0
2121.a.400869.1,2121.a,2121,400869,"""[[-1,0,8,-4,-2,1],[0,1]]""","""[[3,[1,-1,3,-3]],[7,[1,-1,7,-7]],[101,[1,-5,95,101]]]""",False,Q,Q,USp(4),306215718853101611,0
2123.a.409739.1,2123.a,2123,409739,"""[[0,-1,0,4,-5,1],[0,1]]""","""[[11,[1,1,11,11]],[193,[1,15,207,193]]]""",False,Q,Q,USp(4),197457641522634564,0
2127.a.6381.1,2127.a,2127,6381,"""[[0,2,4,0,-6,3],[1,0,1]]""","""[[3,[1,2,0,-3]],[709,[1,11,719,709]]]""",False,Q,Q,USp(4),2041817805040587434,0
2139.a.6417.1,2139.a,2139,6417,"""[[-1,-1,0,1,1],[1,0,1,1]]""","""[[3,[1,2,0,-3]],[23,[1,-1,21,23]],[31,[1,8,38,31]]]""",False,Q,Q,USp(4),2172540006164753802,0
2145.a.70785.1,2145.a,2145,70785,"""[[-1,2,3,-5,-1,1],[1,0,0,1]]""","""[[3,[1,1,1,-3]],[5,[1,-1,5,-5]],[11,[1,-1,11,-11]],[13,[1,3,9,-13]]]""",False,Q,Q,USp(4),424685613894370188,0
2148.a.77328.1,2148.a,2148,77328,"""[[0,-1,3,-3,1],[0,1,0,1]]""","""[[2,[1,1,2]],[3,[1,2,0,-3]],[179,[1,2,176,-179]]]""",False,Q,Q,USp(4),1593411341127188265,0
2154.a.17232.1,2154.a,2154,17232,"""[[1,1,3,2,3,1,1],[1,1,1]]""","""[[2,[1,0,1,-2]],[3,[1,-1,3,-3]],[359,[1,-23,335,359]]]""",False,Q,Q,USp(4),1615200616850946610,0
2154.a.465264.1,2154.a,2154,465264,"""[[-1,18,-1,-9,0,1],[0,1,1]]""","""[[2,[1,0,1,-2]],[3,[1,-1,3,-3]],[359,[1,-23,335,359]]]""",False,Q,Q,USp(4),1615200616850946610,0
2156.a.17248.1,2156.a,2156,17248,"""[[0,2,5,7,5,2],[0,1,1]]""","""[[2,[1,2,1]],[7,[1,0,-1]],[11,[1,-1,11,-11]]]""",True,Q x Q,Q x Q,SU(2)xSU(2),2268466609945773569,0
2156.b.34496.1,2156.b,2156,34496,"""[[1,3,0,-5,-1,2],[0,1,1]]""","""[[2,[1,2,1]],[7,[1,0,-1]],[11,[1,1,11,11]]]""",True,Q x Q,Q x Q,SU(2)xSU(2),1287531940578593087,0
2156.c.275968.1,2156.c,2156,275968,"""[[8,12,18,13,9,3,1],[1,1,1]]""","""[[2,[1,0,-1]],[7,[1,0,-1]],[11,[1,1,11,11]]]""",True,Q x Q,Q x Q,SU(2)xSU(2),566468870562368779,0
2165.a.2165.1,2165.a,2165,2165,"""[[-2,3,1,-3,0,1],[1,0,0,1]]""","""[[5,[1,1,3,-5]],[433,[1,-9,423,433]]]""",False,Q,Q,USp(4),1829569210419396862,0
2165.a.270625.1,2165.a,2165,270625,"""[[0,1,0,-4,6,1],[1,1,1]]""","""[[5,[1,1,3,-5]],[433,[1,-9,423,433]]]""",False,Q,Q,USp(4),1829569210419396862,0
2166.a.6498.1,2166.a,2166,6498,"""[[-9,-15,0,3,3,1],[0,1,0,1]]""","""[[2,[1,1,0,-2]],[3,[1,0,2,-3]],[19,[1,2,1]]]""",True,Q x Q,Q x Q,SU(2)xSU(2),78963596694245647,0
2166.b.123462.1,2166.b,2166,123462,"""[[3,7,8,5,0,-1,-1],[0,1,0,1]]""","""[[2,[1,-1,2,-2]],[3,[1,1,1,-3]],[19,[1,-2,1]]]""",True,Q x Q,Q x Q,SU(2)xSU(2),1687260861875951626,0
2169.a.175689.1,2169.a,2169,175689,"""[[0,-1,-14,22,-9,1],[0,1,1]]""","""[[3,[1,0,3]],[241,[1,-19,259,-241]]]""",False,Q,Q x Q,N(SU(2)xSU(2)),455357332276658834,0
2172.a.4344.1,2172.a,2172,4344,"""[[0,0,-2,1,-1],[1,1,0,1]]""","""[[2,[1,1,1]],[3,[1,3,5,3]],[181,[1,6,174,-181]]]""",False,Q,Q,USp(4),996307298053735061,0
2173.a.89093.1,2173.a,2173,89093,"""[[1,6,3,3,1],[0,1,1,1]]""","""[[41,[1,-1,41,-41]],[53,[1,-3,49,53]]]""",False,Q,Q,USp(4),1497298300004952124,0
2176.a.69632.1,2176.a,2176,69632,"""[[-17,0,24,0,-9,0,1],[0,1]]""","""[[2,[1,-1]],[17,[1,-1,15,17]]]""",True,Q x Q,CM x Q,N(U(1)xSU(2)),380220578829582607,0
2176.a.69632.2,2176.a,2176,69632,"""[[17,0,24,0,9,0,1],[0,1]]""","""[[2,[1,-1]],[17,[1,-1,15,17]]]""",True,Q x Q,CM x Q,N(U(1)xSU(2)),380220578829582607,0
2176.b.557056.1,2176.b,2176,557056,"""[[-1,-3,-2,-1,-1],[0,1,0,1]]""","""[[2,[1,-1]],[17,[1,5,11,-17]]]""",False,Q,Q,USp(4),623401131504664994,0
2178.a.13068.1,2178.a,2178,13068,"""[[-1,0,-1,0,-1,0,-1],[1,0,0,1]]""","""[[2,[1,-2,3,-2]],[3,[1,2,1]],[11,[1,0,-1]]]""",True,Q x Q,Q x Q,SU(2)xSU(2),995010691393012592,0
2178.b.176418.1,2178.b,2178,176418,"""[[0,1,-1,-3,-1,1],[0,1,1]]""","""[[2,[1,0,1,2]],[3,[1,0,-1]],[11,[1,0,-1]]]""",True,Q x Q,Q x Q,SU(2)xSU(2),1269468155102150881,0
2178.b.287496.1,2178.b,2178,287496,"""[[-3,9,-8,0,3,-2,-1],[0,1,1]]""","""[[2,[1,0,1,2]],[3,[1,0,-1]],[11,[1,0,-1]]]""",True,Q x Q,Q x Q,SU(2)xSU(2),1269468155102150881,0
2187.a.6561.1,2187.a,2187,6561,"""[[-1],[1,0,0,1]]""","""[[3,[1]]]""",False,Q,M_2(Q),J(E_3),1624528999262780744,0
2188.a.140032.1,2188.a,2188,140032,"""[[0,-1,-1,0,-4,-4],[1,1,1]]""","""[[2,[1,0,-1]],[547,[1,36,510,-547]]]""",False,Q,Q,USp(4),173198108156288857,0
2190.a.219000.1,2190.a,2190,219000,"""[[-26,105,-69,-7,7,1],[0,1,1]]""","""[[2,[1,0,1,2]],[3,[1,0,2,3]],[5,[1,-1,3,5]],[73,[1,-1,71,73]]]""",False,Q,Q,USp(4),1458261951105385206,0
2192.a.4384.1,2192.a,2192,4384,"""[[-1,-1,-2,-1,-1],[0,1,0,1]]""","""[[2,[1,-1]],[137,[1,-17,119,137]]]""",False,Q,Q,USp(4),678387058108437197,0
2207.a.2207.1,2207.a,2207,2207,"""[[0,-1],[1,1,1,1]]""","""[[2207,[1,51,2155,-2207]]]""",False,Q,Q,USp(4),600050295036342185,0
2208.a.141312.1,2208.a,2208,141312,"""[[46,0,29,0,2,0,-1],[0,1,0,1]]""","""[[2,[1,1]],[3,[1,-1,3,-3]],[23,[1,-9,31,-23]]]""",True,Q x Q,Q x Q,SU(2)xSU(2),36814856416945726,0
2208.b.847872.1,2208.b,2208,847872,"""[[0,4,1,-3,-4,3],[]]""","""[[2,[1]],[3,[1,0,2,3]],[23,[1,-1,23,-23]]]""",False,Q,Q,USp(4),748442768652126565,0
2214.a.816966.1,2214.a,2214,816966,"""[[0,-5,27,-56,3,1],[1,1]]""","""[[2,[1,1,2,2]],[3,[1,2,3]],[41,[1,5,35,-41]]]""",False,Q,Q,USp(4),616470200663667791,0
2218.a.70976.1,2218.a,2218,70976,"""[[1,-1,2,0,-2],[0,1,0,1]]""","""[[2,[1,1,0,-2]],[1109,[1,17,1125,1109]]]""",False,Q,Q,USp(4),688802047451911511,0
2223.a.6669.1,2223.a,2223,6669,"""[[-1,0,0,4,3,3],[1,0,1]]""","""[[3,[1,0,-1]],[13,[1,5,7,-13]],[19,[1,5,23,19]]]""",False,Q,Q,USp(4),766505217281442316,0
2225.a.11125.1,2225.a,2225,11125,"""[[0,2,4,0,-3],[1,0,0,1]]""","""[[5,[1,0,-1]],[89,[1,15,103,89]]]""",False,Q,Q,USp(4),893713574293668195,0
2230.a.8920.1,2230.a,2230,8920,"""[[1,-3,2,-1,1,1],[0,1]]""","""[[2,[1,-1,2,-2]],[5,[1,2,2,-5]],[223,[1,-7,215,223]]]""",False,Q,Q,USp(4),458668868549106733,0
2234.a.2234.1,2234.a,2234,2234,"""[[0,-1,1,0,1,1],[1,0,0,1]]""","""[[2,[1,2,3,2]],[1117,[1,26,1090,-1117]]]""",False,Q,Q,USp(4),367902999493906538,0
2238.a.13428.1,2238.a,2238,13428,"""[[0,0,1,0,-1,-1],[1,1]]""","""[[2,[1,1,2,2]],[3,[1,2,0,-3]],[373,[1,1,373,373]]]""",False,Q,Q,USp(4),1581786656252435796,0
2243.a.2243.1,2243.a,2243,2243,"""[[0,-1,0,3,-3,1],[1]]""","""[[2243,[1,-10,2252,-2243]]]""",False,Q,Q,USp(4),2146487208012949830,0
2250.a.2250.1,2250.a,2250,2250,"""[[0,1,2,3,2,1],[0,1,1]]""","""[[2,[1,0,1,-2]],[3,[1,0,-1]],[5,[1,-1]]]""",True,Q x Q,Q x Q,SU(2)xSU(2),2150449435475478980,0
2250.a.324000.1,2250.a,2250,324000,"""[[40,65,16,-13,0,3],[0,1,1]]""","""[[2,[1,0,1,-2]],[3,[1,0,-1]],[5,[1,-1]]]""",True,Q x Q,Q x Q,SU(2)xSU(2),2150449435475478980,0
2251.a.2251.1,2251.a,2251,2251,"""[[-5,-17,-7,-3,1],[0,0,1,1]]""","""[[2251,[1,-69,2319,-2251]]]""",False,Q,Q,USp(4),2136552686256865935,0
2251.a.2251.2,2251.a,2251,2251,"""[[0,1,-1,-2,1,1],[0,1]]""","""[[2251,[1,-69,2319,-2251]]]""",False,Q,Q,USp(4),2136552686256865935,0
2261.a.2261.1,2261.a,2261,2261,"""[[0,1,1,0,0,1],[1]]""","""[[7,[1,-2,4,7]],[17,[1,1,15,-17]],[19,[1,4,14,-19]]]""",False,Q,Q,USp(4),1314987851366353345,0
2272.a.36352.1,2272.a,2272,36352,"""[[0,1,-16,56,31,4],[0,1]]""","""[[2,[1,1,2]],[71,[1,15,55,-71]]]""",False,Q,Q,USp(4),1045533179677167083,0
2272.a.36352.2,2272.a,2272,36352,"""[[8,8,7,4,2],[0,0,1,1]]""","""[[2,[1,1,2]],[71,[1,15,55,-71]]]""",False,Q,Q,USp(4),1045533179677167083,0
2280.a.4560.1,2280.a,2280,4560,"""[[57,0,48,0,13,0,1],[0,1,0,1]]""","""[[2,[1,-1,2]],[3,[1,-1,3,-3]],[5,[1,1,3,-5]],[19,[1,-3,15,19]]]""",True,Q x Q,Q x Q,SU(2)xSU(2),791972726006594414,0
2288.a.805376.1,2288.a,2288,805376,"""[[0,0,-1,-1,-1,-4],[1,1]]""","""[[2,[1,-1]],[11,[1,3,7,-11]],[13,[1,1,11,-13]]]""",False,Q,Q,USp(4),1117696422874721119,0
2290.a.4580.1,2290.a,2290,4580,"""[[-2,-1,4,0,-2],[1,0,0,1]]""","""[[2,[1,2,3,2]],[5,[1,2,6,5]],[229,[1,9,219,-229]]]""",False,Q,Q,USp(4),459630424336871857,0
2295.a.11475.1,2295.a,2295,11475,"""[[0,-1,0,1,-2,5],[1,0,1]]""","""[[3,[1,2,3]],[5,[1,3,7,5]],[17,[1,-5,21,-17]]]""",False,Q,Q,USp(4),1104736586754764794,0
2298.a.165456.1,2298.a,2298,165456,"""[[1,1,2,2,1,1],[1,1]]""","""[[2,[1,-1,2,-2]],[3,[1,-1,3,-3]],[383,[1,25,407,383]]]""",False,Q,Q,USp(4),622435355712605259,0
2298.a.20682.1,2298.a,2298,20682,"""[[63,-111,0,40,12,1],[0,1]]""","""[[2,[1,-1,2,-2]],[3,[1,-1,3,-3]],[383,[1,25,407,383]]]""",False,Q,Q,USp(4),622435355712605259,0
2299.a.2299.1,2299.a,2299,2299,"""[[0,0,2,2,2,1],[1,1,0,1]]""","""[[11,[1,6,11]],[19,[1,0,18,19]]]""",False,Q,Q,USp(4),71920765458170357,0
2299.b.25289.1,2299.b,2299,25289,"""[[-2,-5,1,7,-1,-3,1],[1]]""","""[[11,[1,-2,1]],[19,[1,-1,19,-19]]]""",True,Q x Q,Q x Q,SU(2)xSU(2),476254893819392967,0
2300.a.4600.1,2300.a,2300,4600,"""[[1,-3,6,-6,3,1],[0,1,1]]""","""[[2,[1,0,-1]],[5,[1,0,5]],[23,[1,-7,29,-23]]]""",False,Q,Q,USp(4),1312207547901355905,0
2301.a.6903.1,2301.a,2301,6903,"""[[0,-1,0,1,1,1],[1,0,0,1]]""","""[[3,[1,2,4,3]],[13,[1,3,15,13]],[59,[1,1,57,-59]]]""",False,Q,Q,USp(4),1905488376803297585,0
2304.a.13824.1,2304.a,2304,13824,"""[[0,0,-2,-1,3,2],[1]]""","""[[2,[1,2,2]],[3,[1,2,3]]]""",False,Q,Q,USp(4),1397738679364176490,0
2304.a.13824.2,2304.a,2304,13824,"""[[2,1,3,1,1],[1,1,1,1]]""","""[[2,[1,2,2]],[3,[1,2,3]]]""",False,Q,Q,USp(4),1397738679364176490,0
2304.b.147456.1,2304.b,2304,147456,"""[[-1,0,-2,0,-2,0,-1],[]]""","""[[2,[1]],[3,[1,-2,1]]]""",False,M_2(Q),M_2(Q),E_1,872005149713583591,0
2304.c.294912.1,2304.c,2304,294912,"""[[8,0,17,0,4],[0,0,0,1]]""","""[[2,[1]],[3,[1,0,-1]]]""",True,Q x Q,Q x Q,SU(2)xSU(2),1142509150455534095,0
2304.d.294912.1,2304.d,2304,294912,"""[[-8,0,17,0,-4],[0,0,0,1]]""","""[[2,[1]],[3,[1,2,1]]]""",True,Q x Q,Q x Q,SU(2)xSU(2),509429569695722411,0
2305.a.2305.1,2305.a,2305,2305,"""[[0,-1,0,0,1,1],[1,1,0,1]]""","""[[5,[1,1,5,5]],[461,[1,21,439,-461]]]""",False,Q,Q,USp(4),1896667861632810874,0
2305.b.57625.1,2305.b,2305,57625,"""[[6,2,5,0,1],[1,1,0,1]]""","""[[5,[1,1,3,-5]],[461,[1,-23,437,461]]]""",False,Q,Q,USp(4),147987193958838231,0
2309.a.2309.1,2309.a,2309,2309,"""[[0,-1,0,0,-2,1],[1,1,1]]""","""[[2309,[1,58,2250,-2309]]]""",False,Q,Q,USp(4),1897929805561923376,0
2312.a.18496.1,2312.a,2312,18496,"""[[0,0,0,0,-1,0,1],[1,1]]""","""[[2,[1,1]],[17,[1,0,17]]]""",False,Q,Q,USp(4),1377649826814548860,0
2312.a.4624.1,2312.a,2312,4624,"""[[0,1,1,-1,-2,0,1],[0,1]]""","""[[2,[1,1]],[17,[1,0,17]]]""",False,Q,Q,USp(4),1377649826814548860,0
2312.b.4624.1,2312.b,2312,4624,"""[[1,0,-1,0,-1],[0,1,0,1]]""","""[[2,[1,1,2]],[17,[1,-2,1]]]""",True,Q x Q,Q x Q,SU(2)xSU(2),2129893521642402066,0
2312.c.591872.1,2312.c,2312,591872,"""[[-1,0,-10,0,-31,0,-32],[0,1]]""","""[[2,[1,1,2]],[17,[1,0,-1]]]""",True,Q x Q,Q x Q,SU(2)xSU(2),1660489556700268044,0
2315.a.2315.1,2315.a,2315,2315,"""[[0,-1,-9,16,-8,1],[0,1]]""","""[[5,[1,1,3,-5]],[463,[1,13,449,-463]]]""",False,Q,Q,USp(4),922032604902168441,0
2320.a.11600.1,2320.a,2320,11600,"""[[0,0,0,0,0,0,-1],[1,1]]""","""[[2,[1,1]],[5,[1,2,2,-5]],[29,[1,5,23,-29]]]""",False,Q,Q,USp(4),1458854910994325832,0
2320.b.185600.1,2320.b,2320,185600,"""[[1,-1,0,-1,-1],[0,1,0,1]]""","""[[2,[1,-1]],[5,[1,2,2,-5]],[29,[1,5,23,-29]]]""",False,Q,Q,USp(4),669667057169000890,0
2326.a.4652.1,2326.a,2326,4652,"""[[0,0,-1,0,1,-1],[1,1]]""","""[[2,[1,1,2,2]],[1163,[1,7,1155,-1163]]]""",False,Q,Q,USp(4),517780914480170384,0
2335.a.2335.1,2335.a,2335,2335,"""[[0,0,0,-1,-1,-1],[1,1]]""","""[[5,[1,0,4,-5]],[467,[1,-31,435,467]]]""",False,Q,Q,USp(4),576805942449836298,0
2336.a.37376.1,2336.a,2336,37376,"""[[0,1,0,-3,-1],[1,1,1,1]]""","""[[2,[1]],[73,[1,8,80,73]]]""",False,Q,Q,USp(4),517417262202439708,0
2341.a.2341.1,2341.a,2341,2341,"""[[-1,-1,0,2,2,1],[1]]""","""[[2341,[1,-19,2321,2341]]]""",False,Q,Q,USp(4),753040021393361232,0
2345.a.2345.1,2345.a,2345,2345,"""[[0,1,-1,-3,0,1],[1,0,0,1]]""","""[[5,[1,2,2,-5]],[7,[1,3,3,-7]],[67,[1,-9,75,-67]]]""",False,Q,Q,USp(4),674759876177606462,0
2345.a.293125.1,2345.a,2345,293125,"""[[0,-3,6,0,-8,-25],[1,1,1]]""","""[[5,[1,2,2,-5]],[7,[1,3,3,-7]],[67,[1,-9,75,-67]]]""",False,Q,Q,USp(4),674759876177606462,0
2348.a.2348.1,2348.a,2348,2348,"""[[0,-1,-1,0,0,-1],[1,1,1]]""","""[[2,[1,0,1]],[587,[1,-7,579,587]]]""",False,Q,Q,USp(4),909716755317861395,0
2348.b.37568.1,2348.b,2348,37568,"""[[0,0,-1,2,-4,1],[1,1,0,1]]""","""[[2,[1,1,1]],[587,[1,-35,621,-587]]]""",False,Q,Q,USp(4),312483698350368126,0
2348.c.601088.1,2348.c,2348,601088,"""[[-4,7,-7,4,-1],[1,0,0,1]]""","""[[2,[1,0,-1]],[587,[1,-17,603,-587]]]""",False,Q,Q,USp(4),1946459834381410100,0
2349.a.2349.1,2349.a,2349,2349,"""[[0,-1,0,2,1],[1,0,0,1]]""","""[[3,[1,2,3]],[29,[1,0,28,-29]]]""",False,Q,Q,USp(4),2037688744740123753,0
2352.a.2352.1,2352.a,2352,2352,"""[[-3,0,3,0,-2],[0,1,0,1]]""","""[[2,[1,1,2]],[3,[1,-1,3,-3]],[7,[1,0,-1]]]""",True,Q x Q,Q x Q,SU(2)xSU(2),762462534812213711,0
2352.b.301056.1,2352.b,2352,301056,"""[[24,0,16,0,3],[0,1,0,1]]""","""[[2,[1,-1]],[3,[1,-1,1,3]],[7,[1,0,-1]]]""",True,Q x Q,Q x Q,SU(2)xSU(2),2149625429156611528,0
2357.a.2357.1,2357.a,2357,2357,"""[[0,-1,-1,1,0,-1],[1,0,0,1]]""","""[[2357,[1,1,2355,-2357]]]""",False,Q,Q,USp(4),306569095931075039,0
2363.a.2363.1,2363.a,2363,2363,"""[[0,1,0,2,3,1],[0,1]]""","""[[17,[1,-3,19,-17]],[139,[1,-1,139,-139]]]""",False,Q,Q,USp(4),646871644709313344,0
2371.a.2371.1,2371.a,2371,2371,"""[[-2,2,1,-3,0,1],[1,1]]""","""[[2371,[1,69,2439,2371]]]""",False,Q,Q,USp(4),2047964349937172024,0
2380.a.33320.1,2380.a,2380,33320,"""[[-14,26,-56,53,-56,26,-14],[0,1,1]]""","""[[2,[1,-2,1]],[5,[1,1,5,5]],[7,[1,5,11,7]],[17,[1,-1,15,17]]]""",True,Q x Q,Q x Q,SU(2)xSU(2),1279699490969820113,0
2386.a.2386.1,2386.a,2386,2386,"""[[0,0,1,1,2,1,1],[1,1]]""","""[[2,[1,1,2,2]],[1193,[1,5,1187,-1193]]]""",False,Q,Q,USp(4),19047588474506760,0
2390.a.4780.1,2390.a,2390,4780,"""[[0,0,-1,-2,1,1],[1,1]]""","""[[2,[1,1,2,2]],[5,[1,3,1,-5]],[239,[1,-11,227,239]]]""",False,Q,Q,USp(4),1856787905252872237,0
2400.a.4800.1,2400.a,2400,4800,"""[[2,6,4,-2,-2],[0,0,0,1]]""","""[[2,[1]],[3,[1,1,1,-3]],[5,[1,0,-1]]]""",True,Q x Q,Q x Q,SU(2)xSU(2),717889123783076570,0
2404.a.4808.1,2404.a,2404,4808,"""[[0,1,1,0,-1],[1,0,0,1]]""","""[[2,[1,0,-1]],[601,[1,-36,636,-601]]]""",False,Q,Q,USp(4),1145614824635713677,0
2405.a.2405.1,2405.a,2405,2405,"""[[4,-1,-8,0,4,1],[0,0,1]]""","""[[5,[1,3,1,-5]],[13,[1,-1,13,-13]],[37,[1,9,27,-37]]]""",False,Q,Q,USp(4),308206740058500899,0
2421.a.7263.1,2421.a,2421,7263,"""[[-18,-4,15,0,-4],[1,1,0,1]]""","""[[3,[1,1,1]],[269,[1,9,259,-269]]]""",False,Q,Q,USp(4),613698831051930961,0
2430.a.77760.1,2430.a,2430,77760,"""[[4,-4,-9,3,6,0,-1],[1,0,0,1]]""","""[[2,[1,0,1,-2]],[3,[1,0,3]],[5,[1,-1,5,-5]]]""",False,Q,Q,USp(4),1090391130812590483,0
2430.b.196830.1,2430.b,2430,196830,"""[[15,77,92,-30,-30,9],[0,1]]""","""[[2,[1,-1,2,-2]],[3,[1]],[5,[1,-1,5,-5]]]""",True,Q x Q,CM x Q,N(U(1)xSU(2)),1423698607005226792,0
2432.a.19456.1,2432.a,2432,19456,"""[[0,1,2,0,0,2,1],[1,1]]""","""[[2,[1,1]],[19,[1,-1,19,-19]]]""",False,Q,Q,USp(4),563683101576259491,0
2442.a.80586.1,2442.a,2442,80586,"""[[2,4,10,10,11,5,3],[1,1]]""","""[[2,[1,1,2,2]],[3,[1,2,4,3]],[11,[1,-4,14,-11]],[37,[1,7,43,37]]]""",False,Q,Q,USp(4),1092793558261765201,0
2445.a.22005.1,2445.a,2445,22005,"""[[0,-1,3,-4,4,1],[1]]""","""[[3,[1,2,4,3]],[5,[1,-2,6,-5]],[163,[1,5,157,-163]]]""",False,Q,Q,USp(4),566807664164413967,0
2457.a.154791.1,2457.a,2457,154791,"""[[2,0,-1,-3,0,1],[1,0,0,1]]""","""[[3,[1,1]],[7,[1,3,3,-7]],[13,[1,7,19,13]]]""",False,Q,Q,USp(4),1153028553887205845,0
2457.a.95823.1,2457.a,2457,95823,"""[[2,-6,6,-3,-1,1],[1,0,0,1]]""","""[[3,[1,1]],[7,[1,3,3,-7]],[13,[1,7,19,13]]]""",False,Q,Q,USp(4),1153028553887205845,0
2457.b.199017.1,2457.b,2457,199017,"""[[0,-9,-13,1,4,-1],[0,1,1]]""","""[[3,[1,1]],[7,[1,1,7,7]],[13,[1,1,11,-13]]]""",False,Q,Q x Q,N(SU(2)xSU(2)),437566840510680673,0
2470.a.321100.1,2470.a,2470,321100,"""[[1,5,9,13,9,5],[0,1]]""","""[[2,[1,1,2,2]],[5,[1,2,2,-5]],[13,[1,3,15,13]],[19,[1,3,21,19]]]""",False,Q,Q,USp(4),1637828072997795601,0
2480.a.39680.1,2480.a,2480,39680,"""[[-3,-13,-16,0,8,1],[]]""","""[[2,[1]],[5,[1,-2,6,-5]],[31,[1,9,39,31]]]""",False,Q,Q,USp(4),1164130588606615848,0
2484.a.9936.1,2484.a,2484,9936,"""[[-23,0,-24,0,-8,0,-1],[0,1,0,1]]""","""[[2,[1,-1,2]],[3,[1,-1]],[23,[1,1,23,23]]]""",True,Q x Q,CM x Q,N(U(1)xSU(2)),1681475862853949375,0
2488.a.9952.1,2488.a,2488,9952,"""[[0,1,2,0,0,2],[1,1]]""","""[[2,[1,-1]],[311,[1,19,329,311]]]""",False,Q,Q,USp(4),1128146933682927046,0
2493.a.7479.1,2493.a,2493,7479,"""[[0,1,-2,2,-1],[1,0,0,1]]""","""[[3,[1,0,-1]],[277,[1,27,303,277]]]""",False,Q,Q,USp(4),561413050471179351,0
2496.a.29952.1,2496.a,2496,29952,"""[[0,0,0,1,-1,0,-1],[1,1]]""","""[[2,[1,-1]],[3,[1,0,2,-3]],[13,[1,7,19,13]]]""",False,Q,Q,USp(4),1025021357748203608,0
2500.a.400000.1,2500.a,2500,400000,"""[[-2,-2,0,2,0,-2,-2],[1,0,0,1]]""","""[[2,[1,0,-1]],[5,[1]]]""",True,Q x Q,M_2(Q),J(E_1),2268966296786431179,0
2500.a.50000.1,2500.a,2500,50000,"""[[0,1,0,2,0,1],[1,0,0,1]]""","""[[2,[1,0,-1]],[5,[1]]]""",True,Q x Q,M_2(Q),J(E_1),2268966296786431179,0
2505.a.2505.1,2505.a,2505,2505,"""[[0,0,1,1,1],[1,1,0,1]]""","""[[3,[1,1,3,3]],[5,[1,3,7,5]],[167,[1,13,153,-167]]]""",False,Q,Q,USp(4),742457173441905659,0
2507.a.2507.1,2507.a,2507,2507,"""[[0,0,-2,3,-2,1],[1]]""","""[[23,[1,6,16,-23]],[109,[1,-6,102,109]]]""",False,Q,Q,USp(4),434174417295352492,0
2511.a.2511.1,2511.a,2511,2511,"""[[0,-1,-1,0,-1],[1,1,0,1]]""","""[[3,[1,2,3]],[31,[1,8,22,-31]]]""",False,Q,Q,USp(4),1997725664955148002,0
2512.a.160768.1,2512.a,2512,160768,"""[[0,0,2,1,3,0,1],[1,1]]""","""[[2,[1,-1]],[157,[1,12,168,157]]]""",False,Q,Q,USp(4),2157688029822508254,0
2513.a.17591.1,2513.a,2513,17591,"""[[-4,9,0,-17,9,1],[1,1,1]]""","""[[7,[1,-2,4,7]],[359,[1,-9,367,-359]]]""",False,Q,Q,USp(4),1978217755373847040,0
2520.a.408240.1,2520.a,2520,408240,"""[[-16,0,33,0,-23,0,5],[1,0,1]]""","""[[2,[1,1,2]],[3,[1,2,1]],[5,[1,-3,7,-5]],[7,[1,-1,7,-7]]]""",True,Q x Q,Q x Q,SU(2)xSU(2),849151188134654636,0
2520.b.635040.1,2520.b,2520,635040,"""[[-1,1,8,-16,6,2],[0,1]]""","""[[2,[1,-1]],[3,[1,0,1]],[5,[1,3,1,-5]],[7,[1,1,5,-7]]]""",False,Q,Q,USp(4),2045701664410007210,0
2520.c.680400.1,2520.c,2520,680400,"""[[-2,0,-19,0,-65,0,-75],[1,0,1]]""","""[[2,[1,1,2]],[3,[1,0,-1]],[5,[1,-3,7,-5]],[7,[1,1,7,7]]]""",True,Q x Q,Q x Q,SU(2)xSU(2),2258695872945619202,0
2528.a.161792.1,2528.a,2528,161792,"""[[1,-6,-1,25,27,8],[0,1]]""","""[[2,[1,1]],[79,[1,7,71,-79]]]""",False,Q,Q,USp(4),1599637588484089340,0
2528.a.161792.2,2528.a,2528,161792,"""[[0,5,33,78,18,1],[1,0,1]]""","""[[2,[1,1]],[79,[1,7,71,-79]]]""",False,Q,Q,USp(4),1599637588484089340,0
2528.a.20224.1,2528.a,2528,20224,"""[[0,-1,0,0,0,1],[1,0,1]]""","""[[2,[1,1]],[79,[1,7,71,-79]]]""",False,Q,Q,USp(4),1599637588484089340,0
2528.b.40448.1,2528.b,2528,40448,"""[[0,2,6,-2,-9,4],[1,1]]""","""[[2,[1,1,2]],[79,[1,15,63,-79]]]""",False,Q,Q,USp(4),1338783360210343545,0
2534.a.17738.1,2534.a,2534,17738,"""[[0,1,8,18,6,1],[0,1,1]]""","""[[2,[1,0,1,-2]],[7,[1,-1,7,-7]],[181,[1,11,191,181]]]""",False,Q,Q,USp(4),142934778431598755,0
2540.a.2540.1,2540.a,2540,2540,"""[[0,0,1,1,2,1],[1,1,1]]""","""[[2,[1,0,1]],[5,[1,0,4,5]],[127,[1,8,134,127]]]""",False,Q,Q,USp(4),1984481464923350478,0
2542.a.5084.1,2542.a,2542,5084,"""[[0,0,-2,3,-2,1],[1,1]]""","""[[2,[1,1,2,2]],[31,[1,-2,32,-31]],[41,[1,3,43,41]]]""",False,Q,Q,USp(4),430266173292876890,0
2547.a.7641.1,2547.a,2547,7641,"""[[0,1,0,0,1],[1,0,0,1]]""","""[[3,[1,2,3]],[283,[1,15,267,-283]]]""",False,Q,Q,USp(4),967676202799310298,0
2548.a.81536.1,2548.a,2548,81536,"""[[5,-9,6,2,-4,1,1],[0,1,1]]""","""[[2,[1,2,1]],[7,[1,-2,1]],[13,[1,5,17,13]]]""",True,Q x Q,Q x Q,SU(2)xSU(2),1356113871867677250,0
2556.a.30672.1,2556.a,2556,30672,"""[[1,2,1,-2,-2],[0,0,0,1]]""","""[[2,[1,2,2]],[3,[1,1,1]],[71,[1,4,74,71]]]""",False,Q,Q,USp(4),2147305935368332966,0
2560.a.5120.1,2560.a,2560,5120,"""[[0,1,1,-2,-1,1],[]]""","""[[2,[1]],[5,[1,1,3,-5]]]""",False,Q,Q x Q,N(SU(2)xSU(2)),2244910832267998495,0
2560.a.819200.1,2560.a,2560,819200,"""[[0,2,7,2,-7,2],[]]""","""[[2,[1]],[5,[1,1,3,-5]]]""",False,Q,Q x Q,N(SU(2)xSU(2)),2244910832267998495,0
2563.a.2563.1,2563.a,2563,2563,"""[[0,-1,-2,0,0,-1],[1,1,1]]""","""[[11,[1,4,6,-11]],[233,[1,-2,230,233]]]""",False,Q,Q,USp(4),1164489744054747609,0
2564.a.5128.1,2564.a,2564,5128,"""[[0,0,-2],[1,1,0,1]]""","""[[2,[1,1,1]],[641,[1,25,615,-641]]]""",False,Q,Q,USp(4),1364124036955025133,0
2575.a.2575.1,2575.a,2575,2575,"""[[0,0,-1,0,1,-1],[1,1,1]]""","""[[5,[1,2,1]],[103,[1,-13,89,103]]]""",False,Q,Q,USp(4),1678551404104139099,0
2575.b.2575.1,2575.b,2575,2575,"""[[0,0,1,0,-2],[1,1,0,1]]""","""[[5,[1,3,5]],[103,[1,11,91,-103]]]""",False,Q,Q,USp(4),1744284178611272602,0
2576.a.288512.1,2576.a,2576,288512,"""[[0,7,-8,-3,3,1],[]]""","""[[2,[1]],[7,[1,3,9,7]],[23,[1,-3,19,23]]]""",False,Q,Q,USp(4),1983848181521369117,0
2578.a.5156.1,2578.a,2578,5156,"""[[1,1],[0,1,1,1]]""","""[[2,[1,2,3,2]],[1289,[1,38,1250,-1289]]]""",False,Q,Q,USp(4),1810066623114252371,0
2588.a.82816.1,2588.a,2588,82816,"""[[0,0,2,1],[1,0,0,1]]""","""[[2,[1,0,-1]],[647,[1,4,650,647]]]""",False,Q,Q,USp(4),812493268785596063,0
2591.a.2591.1,2591.a,2591,2591,"""[[0,-1,-1,0,-1,1],[1,1,1]]""","""[[2591,[1,-7,2597,-2591]]]""",False,Q,Q,USp(4),462055995332320888,0
2592.a.5184.1,2592.a,2592,5184,"""[[0,-1,-1,-1,-1],[0,1,0,1]]""","""[[2,[1,1,2]],[3,[1,2,3]]]""",False,Q,Q,USp(4),1990305102255213284,0
2592.b.419904.1,2592.b,2592,419904,"""[[-2,6,-6,2],[0,0,0,1]]""","""[[2,[1]],[3,[1]]]""",True,Q x Q,CM x Q,N(U(1)xSU(2)),273656478387514111,0
2600.a.338000.1,2600.a,2600,338000,"""[[0,1,-3,-5,8,10],[0,1]]""","""[[2,[1,-1,2]],[5,[1,0,-1]],[13,[1,3,15,13]]]""",False,Q,Q,USp(4),2031453619800209193,0
2601.a.70227.1,2601.a,2601,70227,"""[[0,9,7,-2,-3],[0,1,0,1]]""","""[[3,[1,2,1]],[17,[1,-2,1]]]""",True,RM,RM,SU(2)xSU(2),923891408700471813,0
2601.b.132651.1,2601.b,2601,132651,"""[[-9,12,2,-7,0,1],[0,1]]""","""[[3,[1,0,3]],[17,[1,-2,1]]]""",True,Q x Q,Q x Q,SU(2)xSU(2),1383815366489648607,0
2602.a.41632.1,2602.a,2602,41632,"""[[4,6,0,-2,0,1],[0,1,0,1]]""","""[[2,[1,1,0,-2]],[1301,[1,7,1307,1301]]]""",False,Q,Q,USp(4),369357940501320764,0
2604.a.62496.1,2604.a,2604,62496,"""[[31,-93,77,0,-14,-2],[0,1,1]]""","""[[2,[1,-2,1]],[3,[1,1,3,3]],[7,[1,1,7,7]],[31,[1,1,31,31]]]""",True,Q x Q,Q x Q,SU(2)xSU(2),514755300350150136,0
2610.a.2610.1,2610.a,2610,2610,"""[[8,19,39,41,39,19,8],[1,0,0,1]]""","""[[2,[1,2,3,2]],[3,[1,0,-1]],[5,[1,-3,7,-5]],[29,[1,3,31,29]]]""",True,Q x Q,Q x Q,SU(2)xSU(2),2186568172763138335,0
2611.a.18277.1,2611.a,2611,18277,"""[[-1,1,0,-1,-1,1],[1,0,1]]""","""[[7,[1,1,7,7]],[373,[1,-5,367,373]]]""",False,Q,Q,USp(4),1829577384261362673,0
2613.a.2613.1,2613.a,2613,2613,"""[[0,0,-1,0,1,1],[1]]""","""[[3,[1,0,2,-3]],[13,[1,-3,9,13]],[67,[1,-14,80,-67]]]""",False,Q,Q,USp(4),1276699277420893292,0
2618.a.89012.1,2618.a,2618,89012,"""[[1,3,-1,2],[0,1,0,1]]""","""[[2,[1,1,2,2]],[7,[1,1,5,-7]],[11,[1,3,7,-11]],[17,[1,5,11,-17]]]""",False,Q,Q,USp(4),1782600944706993750,0
2618.b.921536.1,2618.b,2618,921536,"""[[1,-3,1,1,0,0,-1],[0,1,1]]""","""[[2,[1,0,1,-2]],[7,[1,-1,5,7]],[11,[1,-1,11,-11]],[17,[1,1,17,17]]]""",False,Q,Q,USp(4),1768481683949031875,0
2624.a.2624.1,2624.a,2624,2624,"""[[41,0,24,0,4],[0,1,0,1]]""","""[[2,[1,1]],[41,[1,-9,31,41]]]""",True,Q x Q,CM x Q,N(U(1)xSU(2)),241257548371226540,0
2624.a.2624.2,2624.a,2624,2624,"""[[-41,0,24,0,-5],[0,1,0,1]]""","""[[2,[1,1]],[41,[1,-9,31,41]]]""",True,Q x Q,CM x Q,N(U(1)xSU(2)),241257548371226540,0
2634.a.2634.1,2634.a,2634,2634,"""[[-1,1,-2,0,1,-1],[1,1]]""","""[[2,[1,-1,2,-2]],[3,[1,0,2,3]],[439,[1,-9,447,-439]]]""",False,Q,Q,USp(4),2030353843430364171,0
2640.a.2640.1,2640.a,2640,2640,"""[[-55,0,-40,0,-10,0,-1],[0,1,0,1]]""","""[[2,[1,-1,2]],[3,[1,-1,3,-3]],[5,[1,1,3,-5]],[11,[1,5,15,11]]]""",True,Q x Q,Q x Q,SU(2)xSU(2),2055969214854212903,0
2646.a.18522.1,2646.a,2646,18522,"""[[-362,192,45,-32,0,1],[0,1]]""","""[[2,[1,1,2,2]],[3,[1,2,3]],[7,[1,4,7]]]""",False,Q,Q,USp(4),1444449099184050770,0
2646.b.71442.1,2646.b,2646,71442,"""[[-1,3,-3,0,-1,1],[0,1,1]]""","""[[2,[1,0,1,-2]],[3,[1,-1]],[7,[1,0,-1]]]""",True,Q x Q,Q x Q,SU(2)xSU(2),221656989878072483,0
2646.c.74088.1,2646.c,2646,74088,"""[[-1448,768,45,-56,0,1],[0,1]]""","""[[2,[1,1,2,2]],[3,[1,2,3]],[7,[1,-2,1]]]""",True,Q x Q,Q x Q,SU(2)xSU(2),2224301346964915924,0
2650.a.5300.1,2650.a,2650,5300,"""[[0,0,0,-1,0,1],[1,1]]""","""[[2,[1,1,2,2]],[5,[1,2,5]],[53,[1,-1,53,-53]]]""",False,Q,Q,USp(4),658988262825752443,0
2652.a.827424.1,2652.a,2652,827424,"""[[-3,-35,-102,3,9,1],[0,1,1]]""","""[[2,[1,0,-1]],[3,[1,1,3,3]],[13,[1,3,15,13]],[17,[1,-3,19,-17]]]""",False,Q,Q,USp(4),550341425802845790,0
2663.a.2663.1,2663.a,2663,2663,"""[[0,-2,2,0,0,-1],[1,1,0,1]]""","""[[2663,[1,80,2582,-2663]]]""",False,Q,Q,USp(4),2171063166551859878,0
2672.a.342016.1,2672.a,2672,342016,"""[[0,1,-1,-7,-6,0,1],[1]]""","""[[2,[1]],[167,[1,7,159,-167]]]""",False,Q,Q,USp(4),49749113240762535,0
2673.a.8019.1,2673.a,2673,8019,"""[[0,1,2,0,-2],[1,1,0,1]]""","""[[3,[1]],[11,[1,-2,8,11]]]""",False,Q,Q,USp(4),1257898299593900164,0
2675.a.13375.1,2675.a,2675,13375,"""[[6,10,0,-6,-1,1],[1,0,0,1]]""","""[[5,[1,0,5]],[107,[1,-7,99,107]]]""",False,Q,Q,USp(4),1304486865445323146,0
2675.b.13375.1,2675.b,2675,13375,"""[[1,3,-2,-4,0,1],[1,0,0,1]]""","""[[5,[1,0,5]],[107,[1,-19,125,-107]]]""",False,Q,Q,USp(4),2239403690050249741,0
2676.a.72252.1,2676.a,2676,72252,"""[[0,1,-1,-10,0,9],[1,1,1]]""","""[[2,[1,0,1]],[3,[1,0,2,-3]],[223,[1,15,207,-223]]]""",False,Q,Q,USp(4),1945108230882852423,0
2677.a.2677.1,2677.a,2677,2677,"""[[0,1,3,4,4,1],[1]]""","""[[2677,[1,73,2749,2677]]]""",False,Q,Q,USp(4),1167844731098885862,0
2688.a.172032.1,2688.a,2688,172032,"""[[-4,-17,-42,-62,-61,-36,-12],[1]]""","""[[2,[1]],[3,[1,1,3,3]],[7,[1,-1,7,-7]]]""",True,Q x Q,Q x Q,SU(2)xSU(2),507021533650221085,0
2690.a.26900.1,2690.a,2690,26900,"""[[1,-3,3,0,-2],[0,1,0,1]]""","""[[2,[1,1,2,2]],[5,[1,2,2,-5]],[269,[1,21,289,269]]]""",False,Q,Q,USp(4),2236136865035644406,0
2693.a.2693.1,2693.a,2693,2693,"""[[0,0,0,1,2,1],[1]]""","""[[2693,[1,23,2669,-2693]]]""",False,Q,Q,USp(4),265875079030280203,0
2696.a.10784.1,2696.a,2696,10784,"""[[-1,-1,5,2,-8,2],[0,1]]""","""[[2,[1,1]],[337,[1,13,323,-337]]]""",False,Q,Q,USp(4),350645399419528383,0
2697.a.2697.1,2697.a,2697,2697,"""[[-1,0,-1,-2,0,1],[1,1,0,1]]""","""[[3,[1,1,1,-3]],[29,[1,-1,29,-29]],[31,[1,5,35,31]]]""",False,Q,Q,USp(4),944829418184420299,0
2697.b.24273.1,2697.b,2697,24273,"""[[-1,0,-1,1,0,1],[1,1,0,1]]""","""[[3,[1,1,1,-3]],[29,[1,-7,21,29]],[31,[1,-1,29,31]]]""",False,Q,Q,USp(4),1876538069775413015,0
2700.a.81000.1,2700.a,2700,81000,"""[[0,5,26,12,26,5],[1,0,0,1]]""","""[[2,[1,0,-1]],[3,[1,-1]],[5,[1,2,1]]]""",True,Q x Q,Q x Q,SU(2)xSU(2),127138419218848697,0
2700.b.324000.1,2700.b,2700,324000,"""[[1,1,4,2,4,1,1],[0,1,1]]""","""[[2,[1,2,1]],[3,[1,-1]],[5,[1,0,-1]]]""",True,Q x Q,Q x Q,SU(2)xSU(2),2046727138388046117,0
2704.a.43264.1,2704.a,2704,43264,"""[[0,-1,-5,-5,0,1],[]]""","""[[2,[1]],[13,[1,2,13]]]""",True,CM,M_2(Q),E_6,77208201221853505,0
2704.b.692224.1,2704.b,2704,692224,"""[[-4,0,-4,0,-1],[0,1,0,1]]""","""[[2,[1,-1]],[13,[1,2,1]]]""",True,Q x Q,Q x Q,SU(2)xSU(2),1660600264757166665,0
2714.a.5428.1,2714.a,2714,5428,"""[[0,1,0,-2,-1,2],[1,0,1]]""","""[[2,[1,1,2,2]],[23,[1,-4,26,-23]],[59,[1,15,73,59]]]""",False,Q,Q,USp(4),1234543598074353667,0
2720.a.348160.1,2720.a,2720,348160,"""[[0,-4,-11,0,4,1],[]]""","""[[2,[1]],[5,[1,3,7,5]],[17,[1,-3,19,-17]]]""",False,Q,Q,USp(4),853556702677774185,0
2720.b.696320.1,2720.b,2720,696320,"""[[-200,48,49,-6,-5],[0,0,0,1]]""","""[[2,[1]],[5,[1,3,7,5]],[17,[1,5,11,-17]]]""",True,Q x Q,Q x Q,SU(2)xSU(2),1886748879357188343,0
2720.c.92480.1,2720.c,2720,92480,"""[[-289,0,224,0,-58,0,5],[0,1]]""","""[[2,[1,1,2]],[5,[1,3,7,5]],[17,[1,-3,19,-17]]]""",True,Q x Q,Q x Q,SU(2)xSU(2),2120530595744721784,0
2720.d.92480.1,2720.d,2720,92480,"""[[289,0,224,0,58,0,5],[0,1]]""","""[[2,[1,1,2]],[5,[1,3,7,5]],[17,[1,-3,19,-17]]]""",True,Q x Q,Q x Q,SU(2)xSU(2),805609491980416209,0
2722.a.2722.1,2722.a,2722,2722,"""[[-1,-1,0,0,-1],[0,1,0,1]]""","""[[2,[1,1,0,-2]],[1361,[1,62,1298,-1361]]]""",False,Q,Q,USp(4),1706116530919581301,0
2725.a.2725.1,2725.a,2725,2725,"""[[0,1,1,0,1,1],[1]]""","""[[5,[1,0,5]],[109,[1,15,93,-109]]]""",False,Q,Q,USp(4),105399571151210382,0
2730.a.13650.1,2730.a,2730,13650,"""[[131,-195,-7,56,3,-5,-1],[1,0,0,1]]""","""[[2,[1,-2,3,-2]],[3,[1,1,3,3]],[5,[1,-1,3,5]],[7,[1,5,11,7]],[13,[1,5,7,-13]]]""",True,Q x Q,Q x Q,SU(2)xSU(2),940458491103866506,0
2730.b.38220.1,2730.b,2730,38220,"""[[0,1,28,201,28,1],[0,1,1]]""","""[[2,[1,0,1,-2]],[3,[1,-1,3,-3]],[5,[1,1,3,-5]],[7,[1,1,7,7]],[13,[1,1,11,-13]]]""",True,Q x Q,Q x Q,SU(2)xSU(2),701451903553311408,0
2735.a.13675.1,2735.a,2735,13675,"""[[-6,24,-76,-39,-1,1],[1,1,1]]""","""[[5,[1,-2,2,5]],[547,[1,2,548,547]]]""",False,Q,Q,USp(4),1565341501971559089,0
2736.a.10944.1,2736.a,2736,10944,"""[[0,1,0,-4,-3,2],[1]]""","""[[2,[1]],[3,[1,0,1]],[19,[1,-1,19,-19]]]""",False,Q,Q,USp(4),1450254054483334391,0
2739.a.2739.1,2739.a,2739,2739,"""[[-8,7,22,25,40,26,3],[1,1,1]]""","""[[3,[1,0,2,3]],[11,[1,2,8,-11]],[83,[1,-1,83,-83]]]""",False,Q,Q,USp(4),2122477806068322745,0
2739.a.73953.1,2739.a,2739,73953,"""[[1,-3,-2,0,2,1],[1,0,0,1]]""","""[[3,[1,0,2,3]],[11,[1,2,8,-11]],[83,[1,-1,83,-83]]]""",False,Q,Q,USp(4),2122477806068322745,0
2743.a.2743.1,2743.a,2743,2743,"""[[0,-1,-1,0,-1,-1],[1,1,1]]""","""[[13,[1,-1,11,13]],[211,[1,7,203,-211]]]""",False,Q,Q,USp(4),1932194041956924590,0
2745.a.502335.1,2745.a,2745,502335,"""[[0,-1,0,5,7,3],[0,1,1]]""","""[[3,[1,0,-1]],[5,[1,1,3,-5]],[61,[1,3,63,61]]]""",False,Q,Q,USp(4),68278052348826566,0
2758.a.5516.1,2758.a,2758,5516,"""[[1,-1,1],[0,1,0,1]]""","""[[2,[1,1,2,2]],[7,[1,6,12,7]],[197,[1,-21,217,-197]]]""",False,Q,Q,USp(4),476290373786306176,0
2768.a.354304.1,2768.a,2768,354304,"""[[0,0,-2,-5,-4,0,1],[1]]""","""[[2,[1]],[173,[1,5,167,-173]]]""",False,Q,Q,USp(4),877983350296730051,0
2772.a.598752.1,2772.a,2772,598752,"""[[0,6,-8,14,-8,6],[0,1,1]]""","""[[2,[1,-2,1]],[3,[1,2,1]],[7,[1,5,11,7]],[11,[1,5,15,11]]]""",True,Q x Q,Q x Q,SU(2)xSU(2),391626048379767672,0
2780.a.5560.1,2780.a,2780,5560,"""[[4,-7,1,1,0,-1],[1,1,0,1]]""","""[[2,[1,1,1]],[5,[1,3,7,5]],[139,[1,1,137,-139]]]""",False,Q,Q,USp(4),464627865568375687,0
2784.a.5568.1,2784.a,2784,5568,"""[[0,0,-1,0,1,-2,1],[1,1]]""","""[[2,[1,1,2]],[3,[1,2,4,3]],[29,[1,-9,37,-29]]]""",False,Q,Q,USp(4),1647414744730015697,0
2784.b.22272.1,2784.b,2784,22272,"""[[-2,2,7,-1,-5,0,1],[1,1]]""","""[[2,[1,1]],[3,[1,0,2,3]],[29,[1,7,35,29]]]""",False,Q,Q,USp(4),1925411695122222180,0
2788.a.11152.1,2788.a,2788,11152,"""[[0,-2,8,16,8,1],[0,1,1]]""","""[[2,[1,0,-1]],[17,[1,5,11,-17]],[41,[1,-5,35,41]]]""",False,Q,Q,USp(4),974972686908118473,0
2797.a.2797.1,2797.a,2797,2797,"""[[0,-1,-1,1],[1,1,0,1]]""","""[[2797,[1,16,2780,-2797]]]""",False,Q,Q,USp(4),2187873911780185633,0
2799.a.680157.1,2799.a,2799,680157,"""[[0,1,-4,7,-3,1],[0,1]]""","""[[3,[1,0,-1]],[311,[1,23,287,-311]]]""",False,Q,Q,USp(4),1825703400098781146,0
2800.a.716800.1,2800.a,2800,716800,"""[[5,6,-5,-3,0,1],[]]""","""[[2,[1]],[5,[1,2,1]],[7,[1,-1,5,7]]]""",True,Q x Q,Q x Q,SU(2)xSU(2),677207472227368060,0
2802.a.2802.1,2802.a,2802,2802,"""[[0,0,0,1,0,1],[1,1]]""","""[[2,[1,1,2,2]],[3,[1,2,4,3]],[467,[1,-4,470,-467]]]""",False,Q,Q,USp(4),1836986151335535312,0
2808.a.454896.1,2808.a,2808,454896,"""[[-7,0,25,0,-32,0,13],[1,0,1]]""","""[[2,[1,-1,2]],[3,[1,1]],[13,[1,1,11,-13]]]""",True,Q x Q,Q x Q,SU(2)xSU(2),1037992818505833556,0
2808.b.454896.1,2808.b,2808,454896,"""[[-351,0,95,0,-9],[0,1,0,1]]""","""[[2,[1,1,2]],[3,[1,1]],[13,[1,1,11,-13]]]""",True,Q x Q,Q x Q,SU(2)xSU(2),32650598815434238,0
2810.a.89920.1,2810.a,2810,89920,"""[[1,-3,0,5,0,-3,-1],[0,1]]""","""[[2,[1,-1,2,-2]],[5,[1,2,2,-5]],[281,[1,-11,269,281]]]""",False,Q,Q,USp(4),1780976978530822345,0
2813.a.2813.1,2813.a,2813,2813,"""[[0,0,0,1,0,1],[1,1,0,1]]""","""[[29,[1,10,38,29]],[97,[1,-7,103,-97]]]""",False,Q,Q,USp(4),1403137927338952288,0
2815.a.2815.1,2815.a,2815,2815,"""[[-135,255,-150,23,0,1],[1,0,0,1]]""","""[[5,[1,3,1,-5]],[563,[1,21,583,563]]]""",False,Q,Q,USp(4),323720890298462762,0
2816.a.180224.1,2816.a,2816,180224,"""[[-1,2,-3,4,-2,2],[]]""","""[[2,[1]],[11,[1,-3,7,11]]]""",False,Q,Q,USp(4),500314789288431151,0
2816.a.180224.2,2816.a,2816,180224,"""[[-1,2,1,-4,0,2],[]]""","""[[2,[1]],[11,[1,-3,7,11]]]""",False,Q,Q,USp(4),500314789288431151,0
2816.a.720896.1,2816.a,2816,720896,"""[[0,1,4,2,0,1],[]]""","""[[2,[1]],[11,[1,-3,7,11]]]""",False,Q,Q,USp(4),500314789288431151,0
2824.a.11296.1,2824.a,2824,11296,"""[[6,-2,-11,0,6,2],[0,1]]""","""[[2,[1,1]],[353,[1,5,347,-353]]]""",False,Q,Q,USp(4),1095777134220753318,0
2836.a.5672.1,2836.a,2836,5672,"""[[0,0,1,0,0,1],[1,1,0,1]]""","""[[2,[1,1,1]],[709,[1,-19,727,-709]]]""",False,Q,Q,USp(4),933611047978907565,0
2837.a.2837.1,2837.a,2837,2837,"""[[20,3,7,1,2],[0,0,1,1]]""","""[[2837,[1,-87,2923,-2837]]]""",False,Q,Q,USp(4),1635997011559052421,0
2837.a.2837.2,2837.a,2837,2837,"""[[0,1,1,-2,-1,1],[0,1]]""","""[[2837,[1,-87,2923,-2837]]]""",False,Q,Q,USp(4),1635997011559052421,0
2837.b.2837.1,2837.b,2837,2837,"""[[0,1,-2,3,-2,1],[0,1]]""","""[[2837,[1,43,2879,2837]]]""",False,Q,Q,USp(4),502267777017759530,0
2837.b.2837.2,2837.b,2837,2837,"""[[0,-1,-16,24,-9,1],[0,1]]""","""[[2837,[1,43,2879,2837]]]""",False,Q,Q,USp(4),502267777017759530,0
2842.a.2842.1,2842.a,2842,2842,"""[[7,0,-8,0,3,-1],[0,1,1]]""","""[[2,[1,0,1,2]],[7,[1,-2,1]],[29,[1,7,35,29]]]""",True,Q x Q,Q x Q,SU(2)xSU(2),1652269944082943985,0
2848.a.45568.1,2848.a,2848,45568,"""[[0,1,0,-5,-7,-2,1],[1]]""","""[[2,[1]],[89,[1,-6,82,89]]]""",False,Q,Q,USp(4),742890317467751685,0
2848.b.364544.1,2848.b,2848,364544,"""[[0,1,2,1,-1,0,1],[1,1]]""","""[[2,[1,-1]],[89,[1,-7,95,-89]]]""",False,Q,Q,USp(4),1293628528279888387,0
2859.a.77193.1,2859.a,2859,77193,"""[[0,0,2,1,4,2],[1,1,0,1]]""","""[[3,[1,3,5,3]],[953,[1,41,911,-953]]]""",False,Q,Q,USp(4),1177016547131774213,0
2862.a.8586.1,2862.a,2862,8586,"""[[-1,0,0,1,1,1],[1,0,0,1]]""","""[[2,[1,0,1,2]],[3,[1,-1]],[53,[1,5,47,-53]]]""",False,Q,Q,USp(4),1687912476210663463,0
2872.a.367616.1,2872.a,2872,367616,"""[[-20,-51,-88,-88,-65,-28,-8],[0,1]]""","""[[2,[1,1,2]],[359,[1,1,359,359]]]""",False,Q,Q,USp(4),1962957738252727838,0
2873.a.48841.1,2873.a,2873,48841,"""[[0,1,2,0,2],[1,1,0,1]]""","""[[13,[1,-1,13]],[17,[1,2,14,-17]]]""",False,Q,Q,USp(4),300737310576139878,0
2875.a.2875.1,2875.a,2875,2875,"""[[0,2,0,-28,-56,1],[1,0,1]]""","""[[5,[1,1]],[23,[1,-3,19,23]]]""",False,Q,Q,USp(4),687890364677873354,0
2875.a.2875.2,2875.a,2875,2875,"""[[0,-1,0,1,-2,1],[1,0,1]]""","""[[5,[1,1]],[23,[1,-3,19,23]]]""",False,Q,Q,USp(4),687890364677873354,0
2880.a.43200.1,2880.a,2880,43200,"""[[75,0,48,0,6],[0,1,0,1]]""","""[[2,[1,1]],[3,[1,0,-1]],[5,[1,-1,3,5]]]""",True,Q x Q,Q x Q,SU(2)xSU(2),2057246408617197621,0
2880.b.43200.1,2880.b,2880,43200,"""[[-75,0,48,0,-7],[0,1,0,1]]""","""[[2,[1,1]],[3,[1,-2,1]],[5,[1,-1,3,5]]]""",True,Q x Q,Q x Q,SU(2)xSU(2),384482980163315354,0
2880.c.368640.1,2880.c,2880,368640,"""[[6,-13,27,-28,27,-13,6],[]]""","""[[2,[1]],[3,[1,0,-1]],[5,[1,3,7,5]]]""",True,Q x Q,Q x Q,SU(2)xSU(2),682622937565637109,0
2880.d.43200.1,2880.d,2880,43200,"""[[-225,0,160,0,-38,0,3],[0,1]]""","""[[2,[1,1,2]],[3,[1,0,-1]],[5,[1,1,3,-5]]]""",True,Q x Q,Q x Q,SU(2)xSU(2),536534778542811143,0
2880.e.43200.1,2880.e,2880,43200,"""[[225,0,160,0,38,0,3],[0,1]]""","""[[2,[1,1,2]],[3,[1,2,1]],[5,[1,1,3,-5]]]""",True,Q x Q,Q x Q,SU(2)xSU(2),421014820620588282,0
2886.a.225108.1,2886.a,2886,225108,"""[[5,17,12,-9,-7,3],[0,1]]""","""[[2,[1,-1,2,-2]],[3,[1,0,2,3]],[13,[1,3,9,-13]],[37,[1,-1,35,37]]]""",False,Q,Q,USp(4),2105382645786336474,0
2888.a.5776.1,2888.a,2888,5776,"""[[0,0,1,0,1,0,1],[1]]""","""[[2,[1,0,2]],[19,[1,0,-1]]]""",True,Q x Q,Q x Q,SU(2)xSU(2),66669282236566586,0
2890.a.5780.1,2890.a,2890,5780,"""[[4,0,-8,-6,0,1],[1,0,0,1]]""","""[[2,[1,2,3,2]],[5,[1,1,3,-5]],[17,[1,-2,1]]]""",True,Q x Q,Q x Q,SU(2)xSU(2),254977097184377767,0
2890.b.49130.1,2890.b,2890,49130,"""[[-1,5,-9,4,-9,5,-1],[1,0,0,1]]""","""[[2,[1,-2,3,-2]],[5,[1,1,5,5]],[17,[1,0,-1]]]""",True,Q x Q,Q x Q,SU(2)xSU(2),1298235299815555924,0
2891.a.2891.1,2891.a,2891,2891,"""[[0,0,1,0,-2,1],[1]]""","""[[7,[1,0,-1]],[59,[1,-2,56,59]]]""",False,Q,Q,USp(4),1490212504719163551,0
2898.a.8694.1,2898.a,2898,8694,"""[[-10,18,-23,36,-23,18,-10],[1,0,0,1]]""","""[[2,[1,2,3,2]],[3,[1,-2,1]],[7,[1,-1,5,7]],[23,[1,1,23,23]]]""",True,Q x Q,Q x Q,SU(2)xSU(2),1026824485120344646,0
2900.a.290000.1,2900.a,2900,290000,"""[[-29,0,17,0,-4],[0,1,0,1]]""","""[[2,[1,1,2]],[5,[1,2,1]],[29,[1,-5,23,29]]]""",True,Q x Q,Q x Q,SU(2)xSU(2),1548530144567844437,0
2902.a.11608.1,2902.a,2902,11608,"""[[0,0,1,2,2,1,1],[1,1]]""","""[[2,[1,1,0,-2]],[1451,[1,-28,1422,1451]]]""",False,Q,Q,USp(4),574292039550811410,0
2907.a.8721.1,2907.a,2907,8721,"""[[0,0,-3,2,-1],[1,1,0,1]]""","""[[3,[1,1,1]],[17,[1,-4,12,17]],[19,[1,7,11,-19]]]""",False,Q,Q,USp(4),2108935400965024409,0
2910.a.564540.1,2910.a,2910,564540,"""[[-1,-4,-4,0,-5,-2],[1,1,1]]""","""[[2,[1,0,1,2]],[3,[1,-1,3,-3]],[5,[1,-1,5,-5]],[97,[1,-1,95,97]]]""",False,Q,Q,USp(4),398656717566560953,0
2912.a.5824.1,2912.a,2912,5824,"""[[0,-1,1,0,-1,2],[1]]""","""[[2,[1]],[7,[1,-1,7,-7]],[13,[1,3,15,13]]]""",False,Q,Q,USp(4),200501220178356300,0
2912.b.326144.1,2912.b,2912,326144,"""[[-1,0,1,-4,-1,4],[1,1]]""","""[[2,[1,-1,2]],[7,[1,0,6,-7]],[13,[1,1,11,-13]]]""",False,Q,Q,USp(4),1985996196325046254,0
2915.a.2915.1,2915.a,2915,2915,"""[[1,-3,0,1,-1],[1,1,0,1]]""","""[[5,[1,3,1,-5]],[11,[1,5,5,-11]],[53,[1,-2,54,-53]]]""",False,Q,Q,USp(4),531390025259104803,0
2916.a.139968.1,2916.a,2916,139968,"""[[0,1,0,-6,5,-3,1],[1,1,1]]""","""[[2,[1,0,-1]],[3,[1]]]""",True,Q x Q,M_2(Q),J(E_1),1904600861308595235,0
2916.a.5832.1,2916.a,2916,5832,"""[[0,0,0,1],[1,0,0,1]]""","""[[2,[1,0,-1]],[3,[1]]]""",True,Q x Q,M_2(Q),J(E_1),1904600861308595235,0
2916.b.11664.1,2916.b,2916,11664,"""[[0,0,0,0,0,0,1],[1]]""","""[[2,[1,0,2]],[3,[1]]]""",True,Q x Q,M_2(CM),"D_{3,2}",90343978874990028,0
2917.a.2917.1,2917.a,2917,2917,"""[[0,0,0,0,1,1],[1,1,1]]""","""[[2917,[1,-3,2919,-2917]]]""",False,Q,Q,USp(4),575061230504321742,0
2924.a.11696.1,2924.a,2924,11696,"""[[45,76,27,-9,-3,1],[0,0,1]]""","""[[2,[1,-1,2]],[17,[1,-3,19,-17]],[43,[1,-3,39,43]]]""",False,Q,Q,USp(4),992815104278439106,0
2928.a.8784.1,2928.a,2928,8784,"""[[0,-1,3,-5,3,0,-1],[0,1]]""","""[[2,[1,-1,2]],[3,[1,-1,3,-3]],[61,[1,1,59,-61]]]""",False,Q,Q,USp(4),1560544202678445286,0
2940.a.164640.1,2940.a,2940,164640,"""[[0,-2,-1,21,37,14],[0,1,1]]""","""[[2,[1,2,1]],[3,[1,1,1,-3]],[5,[1,-1,5,-5]],[7,[1,-2,1]]]""",True,Q x Q,Q x Q,SU(2)xSU(2),1662091598867956892,0
2940.b.752640.1,2940.b,2940,752640,"""[[1,1,3,1,3,1,1],[0,1,1]]""","""[[2,[1,-2,1]],[3,[1,1,3,3]],[5,[1,3,7,5]],[7,[1,2,1]]]""",True,Q x Q,Q x Q,SU(2)xSU(2),644687779460045679,0
2944.a.23552.1,2944.a,2944,23552,"""[[1,0,-2,-1,1,1],[]]""","""[[2,[1]],[23,[1,1,23,23]]]""",False,Q,Q,USp(4),1118744385627493626,0
2949.a.2949.1,2949.a,2949,2949,"""[[0,0,0,0,-1,0,-1],[1,1,0,1]]""","""[[3,[1,1,1,-3]],[983,[1,-3,979,983]]]""",False,Q,Q,USp(4),1419667039006081224,0
2949.b.2949.1,2949.b,2949,2949,"""[[5,7,1,-3,-2],[1,1,0,1]]""","""[[3,[1,1,3,3]],[983,[1,-43,1025,-983]]]""",False,Q,Q,USp(4),838409896059394135,0
2950.a.472000.1,2950.a,2950,472000,"""[[-1,-1,2,1,1,1],[1,0,0,1]]""","""[[2,[1,0,1,-2]],[5,[1,3,5]],[59,[1,-9,67,-59]]]""",False,Q,Q,USp(4),1333489890209379885,0
2952.a.283392.1,2952.a,2952,283392,"""[[4,4,3,-1,-2],[0,0,0,1]]""","""[[2,[1,2,2]],[3,[1,2,3]],[41,[1,-7,33,41]]]""",False,Q,Q,USp(4),2219339869886668683,0
2955.a.2955.1,2955.a,2955,2955,"""[[-1,-2,-3,-1,-1,0,-1],[0,1,0,1]]""","""[[3,[1,1,1,-3]],[5,[1,-1,3,5]],[197,[1,-23,219,-197]]]""",False,Q,Q,USp(4),1823823645399856857,0
2955.a.369375.1,2955.a,2955,369375,"""[[-487,297,28,-34,0,1],[1,1]]""","""[[3,[1,1,1,-3]],[5,[1,-1,3,5]],[197,[1,-23,219,-197]]]""",False,Q,Q,USp(4),1823823645399856857,0
2964.a.5928.1,2964.a,2964,5928,"""[[3,-3,-5,1,0,-1],[0,1,1]]""","""[[2,[1,0,-1]],[3,[1,0,2,3]],[13,[1,5,17,13]],[19,[1,-3,21,-19]]]""",False,Q,Q,USp(4),273060916362188960,0
2966.a.5932.1,2966.a,2966,5932,"""[[0,1,1,-2,-1,1],[1,1]]""","""[[2,[1,1,2,2]],[1483,[1,15,1467,-1483]]]""",False,Q,Q,USp(4),762191622530848512,0
2976.a.23808.1,2976.a,2976,23808,"""[[-1,-1,-2,0,0,1],[]]""","""[[2,[1]],[3,[1,-1,1,3]],[31,[1,7,23,-31]]]""",False,Q,Q,USp(4),653331631612709719,0
2976.a.761856.1,2976.a,2976,761856,"""[[-1,-3,5,18,-19,-20,-4],[1]]""","""[[2,[1]],[3,[1,-1,1,3]],[31,[1,7,23,-31]]]""",False,Q,Q,USp(4),653331631612709719,0
2976.b.23808.1,2976.b,2976,23808,"""[[1,0,0,2,-1,1],[]]""","""[[2,[1]],[3,[1,1,3,3]],[31,[1,1,31,31]]]""",False,Q,Q,USp(4),903092856805549351,0
2976.b.380928.1,2976.b,2976,380928,"""[[3,21,47,28,-12,1],[]]""","""[[2,[1]],[3,[1,1,3,3]],[31,[1,1,31,31]]]""",False,Q,Q,USp(4),903092856805549351,0
2977.a.2977.1,2977.a,2977,2977,"""[[-1,-1],[1,0,1,1]]""","""[[13,[1,3,9,-13]],[229,[1,19,247,229]]]""",False,Q,Q,USp(4),2242580483145259378,0
2977.b.2977.1,2977.b,2977,2977,"""[[-1,-2,4,0,-2],[1,0,0,1]]""","""[[13,[1,5,17,13]],[229,[1,-13,215,229]]]""",False,Q,Q,USp(4),362555178339334424,0
2980.a.381440.1,2980.a,2980,381440,"""[[0,-1,-1,0,3,2],[1,0,0,1]]""","""[[2,[1,0,-1]],[5,[1,3,1,-5]],[149,[1,5,143,-149]]]""",False,Q,Q,USp(4),160763991713035399,0
2981.a.2981.1,2981.a,2981,2981,"""[[0,-1,-1,1,-1,1],[1,1,0,1]]""","""[[11,[1,2,12,11]],[271,[1,-1,271,-271]]]""",False,Q,Q,USp(4),96646566961943240,0
2985.a.134325.1,2985.a,2985,134325,"""[[0,0,2,0,1,1],[1]]""","""[[3,[1,0,2,-3]],[5,[1,2,2,-5]],[199,[1,-3,201,-199]]]""",False,Q,Q,USp(4),1039946976862069106,0
3003.a.99099.1,3003.a,3003,99099,"""[[-126,-63,0,16,6,1],[0,1]]""","""[[3,[1,-1,3,-3]],[7,[1,-1,7,-7]],[11,[1,1,11,11]],[13,[1,3,15,13]]]""",False,Q,Q,USp(4),32791695434892946,0
3003.a.99099.2,3003.a,3003,99099,"""[[0,1,-8,14,8,1],[0,1]]""","""[[3,[1,-1,3,-3]],[7,[1,-1,7,-7]],[11,[1,1,11,11]],[13,[1,3,15,13]]]""",False,Q,Q,USp(4),32791695434892946,0
3003.b.819819.1,3003.b,3003,819819,"""[[0,1,0,3,4,1],[1,0,1]]""","""[[3,[1,2,0,-3]],[7,[1,3,3,-7]],[11,[1,3,7,-11]],[13,[1,7,19,13]]]""",False,Q,Q,USp(4),52378627640788280,0
3008.a.24064.1,3008.a,3008,24064,"""[[0,1,0,-2,0,1],[1,0,1]]""","""[[2,[1,1]],[47,[1,8,38,-47]]]""",False,Q,Q,USp(4),742722925996119642,0
3012.a.6024.1,3012.a,3012,6024,"""[[-1,1,-3,3,-4,2,-1],[1,1,0,1]]""","""[[2,[1,-1,1]],[3,[1,1,1,-3]],[251,[1,23,227,-251]]]""",False,Q,Q,USp(4),922065889084359706,0
3016.a.6032.1,3016.a,3016,6032,"""[[1,-2,2,0,-1],[0,0,0,1]]""","""[[2,[1,2,2]],[13,[1,4,8,-13]],[29,[1,-8,20,29]]]""",False,Q,Q,USp(4),2231208848238926292,0
3021.a.172197.1,3021.a,3021,172197,"""[[2,0,-4,0,1,-1],[1,0,0,1]]""","""[[3,[1,0,2,3]],[19,[1,-2,20,-19]],[53,[1,-1,51,53]]]""",False,Q,Q,USp(4),1312297954813741362,0
3024.a.48384.1,3024.a,3024,48384,"""[[0,1,1,3,1,1],[]]""","""[[2,[1]],[3,[1,1]],[7,[1,5,11,7]]]""",True,Q x Q,CM x Q,N(U(1)xSU(2)),93661646626960204,0
3024.b.145152.1,3024.b,3024,145152,"""[[1,-2,5,-5,5,-2,1],[]]""","""[[2,[1]],[3,[1,-1]],[7,[1,3,3,-7]]]""",True,Q x Q,CM x Q,N(U(1)xSU(2)),14406803390076532,0
3026.a.3026.1,3026.a,3026,3026,"""[[0,1,3,0,-3,1],[1,1]]""","""[[2,[1,1,2,2]],[17,[1,7,23,17]],[89,[1,11,77,-89]]]""",False,Q,Q,USp(4),412006717950067800,0
3026.b.24208.1,3026.b,3026,24208,"""[[4,14,13,1,0,1],[0,1,1]]""","""[[2,[1,0,1,2]],[17,[1,0,16,-17]],[89,[1,15,103,89]]]""",False,Q,Q,USp(4),1439172579688779753,0
3030.a.90900.1,3030.a,3030,90900,"""[[0,2,33,52,28,5],[0,1]]""","""[[2,[1,1,2,2]],[3,[1,1,3,3]],[5,[1,4,8,5]],[101,[1,13,87,-101]]]""",False,Q,Q,USp(4),228600246617034528,0
3031.a.3031.1,3031.a,3031,3031,"""[[0,2,5,3],[1,0,0,1]]""","""[[7,[1,2,4,-7]],[433,[1,-4,428,433]]]""",False,Q,Q,USp(4),1609517200731408282,0
3037.a.3037.1,3037.a,3037,3037,"""[[-3,5,0,-4,0,1],[1,0,0,1]]""","""[[3037,[1,-11,3047,-3037]]]""",False,Q,Q,USp(4),1341006684008283983,0
3040.a.778240.1,3040.a,3040,778240,"""[[-4,-12,-7,4,2,1],[]]""","""[[2,[1]],[5,[1,1,5,5]],[19,[1,-3,15,19]]]""",False,Q,Q,USp(4),2191889267587272631,0
3044.a.97408.1,3044.a,3044,97408,"""[[0,4,-7,8,-5,2],[0,1,1]]""","""[[2,[1,2,1]],[761,[1,-41,719,761]]]""",False,Q,Q,USp(4),2198260213685355986,0
3061.a.3061.1,3061.a,3061,3061,"""[[0,0,0,0,0,-1,-1],[1,1]]""","""[[3061,[1,89,3149,3061]]]""",False,Q,Q,USp(4),527307974138595393,0
3065.a.15325.1,3065.a,3065,15325,"""[[0,-2,-1,-1],[1,1,1,1]]""","""[[5,[1,1,5,5]],[613,[1,-13,625,-613]]]""",False,Q,Q,USp(4),1450847082104254709,0
3071.a.3071.1,3071.a,3071,3071,"""[[-1,-1,3,0,-6,1],[1,1,1]]""","""[[37,[1,2,34,-37]],[83,[1,-13,95,-83]]]""",False,Q,Q,USp(4),1945467824924132887,0
3072.a.196608.1,3072.a,3072,196608,"""[[-6,0,-13,0,-9,0,-2],[]]""","""[[2,[1]],[3,[1,1,3,3]]]""",True,Q x Q,CM x Q,N(U(1)xSU(2)),1088159699573974870,0
3072.a.196608.2,3072.a,3072,196608,"""[[-2,0,9,0,-13,0,6],[]]""","""[[2,[1]],[3,[1,1,3,3]]]""",True,Q x Q,CM x Q,N(U(1)xSU(2)),1088159699573974870,0
3072.a.3072.1,3072.a,3072,3072,"""[[0,1,1,2,1,1],[]]""","""[[2,[1]],[3,[1,1,3,3]]]""",True,Q x Q,CM x Q,N(U(1)xSU(2)),1088159699573974870,0
3072.b.196608.1,3072.b,3072,196608,"""[[-6,0,13,0,-9,0,2],[]]""","""[[2,[1]],[3,[1,-1,3,-3]]]""",True,Q x Q,CM x Q,N(U(1)xSU(2)),1721239280333786554,0
3072.b.196608.2,3072.b,3072,196608,"""[[6,0,13,0,9,0,2],[]]""","""[[2,[1]],[3,[1,-1,3,-3]]]""",True,Q x Q,CM x Q,N(U(1)xSU(2)),1721239280333786554,0
3072.b.3072.1,3072.b,3072,3072,"""[[0,1,-1,2,-1,1],[]]""","""[[2,[1]],[3,[1,-1,3,-3]]]""",True,Q x Q,CM x Q,N(U(1)xSU(2)),1721239280333786554,0
3075.a.9225.1,3075.a,3075,9225,"""[[1,-2,0,0,-1],[1,1,0,1]]""","""[[3,[1,1,1,-3]],[5,[1,2,5]],[41,[1,-2,38,41]]]""",False,Q,Q,USp(4),1170147065321122638,0
3077.a.3077.1,3077.a,3077,3077,"""[[0,0,1,1,1,1],[1]]""","""[[17,[1,1,17,17]],[181,[1,5,175,-181]]]""",False,Q,Q,USp(4),1108632354001717704,0
3080.a.67760.1,3080.a,3080,67760,"""[[0,0,-1,0,-2,2],[1,1]]""","""[[2,[1,1]],[5,[1,3,1,-5]],[7,[1,5,11,7]],[11,[1,3,7,-11]]]""",False,Q,Q,USp(4),414500939942169352,0
3088.a.12352.1,3088.a,3088,12352,"""[[1,2,2,1],[0,0,0,1]]""","""[[2,[1]],[193,[1,12,204,193]]]""",False,Q,Q,USp(4),1803147076940499456,0
3092.a.98944.1,3092.a,3092,98944,"""[[0,1,3,0,-1],[1,0,0,1]]""","""[[2,[1,0,-1]],[773,[1,-45,727,773]]]""",False,Q,Q,USp(4),76038066173031328,0
3098.a.3098.1,3098.a,3098,3098,"""[[0,0,0,0,0,1],[1,1]]""","""[[2,[1,1,0,-2]],[1549,[1,-16,1564,-1549]]]""",False,Q,Q,USp(4),1241785719928010619,0
3103.a.3103.1,3103.a,3103,3103,"""[[2,2,3,1,1],[1,1,1,1]]""","""[[29,[1,-5,23,29]],[107,[1,16,90,-107]]]""",False,Q,Q,USp(4),1458863203992750546,0
3103.b.3103.1,3103.b,3103,3103,"""[[0,1,2,0,0,-1],[1,1,0,1]]""","""[[29,[1,-3,31,-29]],[107,[1,-12,94,107]]]""",False,Q,Q,USp(4),1563389451926060705,0
3105.a.3105.1,3105.a,3105,3105,"""[[0,0,-1],[1,1,0,1]]""","""[[3,[1,1,3]],[5,[1,1,5,5]],[23,[1,-2,24,-23]]]""",False,Q,Q,USp(4),1072968198491417983,0
3105.b.27945.1,3105.b,3105,27945,"""[[0,0,-4,0,3,1],[1,1,1]]""","""[[3,[1,0,3]],[5,[1,2,2,-5]],[23,[1,5,27,23]]]""",False,Q,Q,USp(4),882538232865239985,0
3109.a.3109.1,3109.a,3109,3109,"""[[0,-1,0,0,-1],[0,1,0,1]]""","""[[3109,[1,39,3069,-3109]]]""",False,Q,Q,USp(4),129350006887230022,0
3112.a.99584.1,3112.a,3112,99584,"""[[0,-1,0,2,1,1],[1,0,1]]""","""[[2,[1,1,2]],[389,[1,13,375,-389]]]""",False,Q,Q,USp(4),2261857431204734759,0
3114.a.3114.1,3114.a,3114,3114,"""[[-1,-1,-1],[0,1,1,1]]""","""[[2,[1,0,1,-2]],[3,[1,0,-1]],[173,[1,-13,159,173]]]""",False,Q,Q,USp(4),809621296254502148,0
3114.a.84078.1,3114.a,3114,84078,"""[[0,1,8,17,2,1],[0,1,1]]""","""[[2,[1,0,1,-2]],[3,[1,0,-1]],[173,[1,-13,159,173]]]""",False,Q,Q,USp(4),809621296254502148,0
3116.a.12464.1,3116.a,3116,12464,"""[[4,-1,-7,0,3,1],[1,0,1]]""","""[[2,[1,1,2]],[19,[1,0,18,-19]],[41,[1,-4,44,-41]]]""",False,Q,Q,USp(4),235622017754031063,0
3120.a.202800.1,3120.a,3120,202800,"""[[3,-4,-3,1,3,1],[0,0,1]]""","""[[2,[1,-1,2]],[3,[1,-1,1,3]],[5,[1,1,3,-5]],[13,[1,1,11,-13]]]""",False,Q,Q,USp(4),1094985451248330252,0
3120.b.199680.1,3120.b,3120,199680,"""[[-39,0,-149,0,-189,0,-80],[0,1]]""","""[[2,[1,-1,2]],[3,[1,1,3,3]],[5,[1,-3,7,-5]],[13,[1,1,11,-13]]]""",True,Q x Q,Q x Q,SU(2)xSU(2),1418437891490092103,0
3124.a.49984.1,3124.a,3124,49984,"""[[-5,-18,-14,8,12,0,-3],[1,0,0,1]]""","""[[2,[1,0,-1]],[11,[1,2,8,-11]],[71,[1,-11,59,71]]]""",False,Q,Q,USp(4),1634965559629764389,0
3125.a.3125.1,3125.a,3125,3125,"""[[0,0,0,0,0,1],[1]]""","""[[5,[1]]]""",False,Q,CM,F_{ac},2064500687617570194,0
3135.a.59565.1,3135.a,3135,59565,"""[[0,-1,3,0,1],[0,1,0,1]]""","""[[3,[1,2,0,-3]],[5,[1,4,8,5]],[11,[1,1,9,-11]],[19,[1,3,15,-19]]]""",False,Q,Q,USp(4),653362872133812715,0
3136.a.12544.1,3136.a,3136,12544,"""[[0,1,1,-3,0,1],[]]""","""[[2,[1]],[7,[1,0,7]]]""",False,Q,Q,USp(4),1048372542372232213,0
3136.a.200704.1,3136.a,3136,200704,"""[[0,4,-15,8,7,1],[]]""","""[[2,[1]],[7,[1,0,7]]]""",False,Q,Q,USp(4),1048372542372232213,0
3136.a.200704.2,3136.a,3136,200704,"""[[1,14,50,48,-31,4],[1]]""","""[[2,[1]],[7,[1,0,7]]]""",False,Q,Q,USp(4),1048372542372232213,0
3136.a.200704.3,3136.a,3136,200704,"""[[11,5,0,0,1,-1],[1,1,1,1]]""","""[[2,[1]],[7,[1,0,7]]]""",False,Q,Q,USp(4),1048372542372232213,0
3136.b.153664.1,3136.b,3136,153664,"""[[-1,0,6,0,-3],[0,1,0,1]]""","""[[2,[1,1]],[7,[1,-2,1]]]""",True,Q x Q,Q x Q,SU(2)xSU(2),1409711168574650077,0
3136.c.153664.1,3136.c,3136,153664,"""[[1,0,6,0,2],[0,1,0,1]]""","""[[2,[1,1]],[7,[1,0,-1]]]""",True,Q x Q,Q x Q,SU(2)xSU(2),1885471613007123595,0
3136.d.401408.1,3136.d,3136,401408,"""[[0,1,1,4,1,1],[]]""","""[[2,[1]],[7,[1,0,-1]]]""",True,Q x Q,Q x Q,SU(2)xSU(2),1696123876060026785,0
3138.a.301248.1,3138.a,3138,301248,"""[[1,-1,-2,0,-1],[0,1,0,1]]""","""[[2,[1,1,0,-2]],[3,[1,3,5,3]],[523,[1,-3,519,523]]]""",False,Q,Q,USp(4),1805640826092464649,0
3142.a.3142.1,3142.a,3142,3142,"""[[0,1,2,3,2,1],[1,1]]""","""[[2,[1,1,2,2]],[1571,[1,-16,1586,-1571]]]""",False,Q,Q,USp(4),379262415681046101,0
3142.b.201088.1,3142.b,3142,201088,"""[[4,10,6,0,0,1],[0,1,0,1]]""","""[[2,[1,1,0,-2]],[1571,[1,-22,1548,1571]]]""",False,Q,Q,USp(4),993013483681004607,0
3145.a.53465.1,3145.a,3145,53465,"""[[13,6,10,3,2],[0,1,1,1]]""","""[[5,[1,-1,5,-5]],[17,[1,5,11,-17]],[37,[1,-1,37,-37]]]""",False,Q,Q,USp(4),416126788994706567,0
3145.a.581825.1,3145.a,3145,581825,"""[[-4,7,-4,1,-1],[1,0,0,1]]""","""[[5,[1,-1,5,-5]],[17,[1,5,11,-17]],[37,[1,-1,37,-37]]]""",False,Q,Q,USp(4),416126788994706567,0
3145.b.267325.1,3145.b,3145,267325,"""[[0,1,12,23,9,1],[0,1]]""","""[[5,[1,1,3,-5]],[17,[1,7,23,17]],[37,[1,-7,43,-37]]]""",False,Q,Q,USp(4),544938497015029649,0
3150.a.25200.1,3150.a,3150,25200,"""[[3,6,10,9,7,3,1],[0,1,1]]""","""[[2,[1,0,1,-2]],[3,[1,2,1]],[5,[1,-2,1]],[7,[1,-1,7,-7]]]""",True,Q x Q,Q x Q,SU(2)xSU(2),153371066410838129,0
3150.a.393750.1,3150.a,3150,393750,"""[[6,-15,-1,14,2,-3,-1],[1,0,0,1]]""","""[[2,[1,0,1,-2]],[3,[1,2,1]],[5,[1,-2,1]],[7,[1,-1,7,-7]]]""",True,Q x Q,Q x Q,SU(2)xSU(2),153371066410838129,0
3150.b.78750.1,3150.b,3150,78750,"""[[26,-39,14,5,-4],[1,0,0,1]]""","""[[2,[1,2,3,2]],[3,[1,2,1]],[5,[1,0,-1]],[7,[1,1,7,7]]]""",True,Q x Q,Q x Q,SU(2)xSU(2),643002580993312263,0
3152.a.50432.1,3152.a,3152,50432,"""[[0,-1,0,-1,1],[0,1,0,1]]""","""[[2,[1,1]],[197,[1,-13,183,197]]]""",False,Q,Q,USp(4),2088834632114289618,0
3153.a.9459.1,3153.a,3153,9459,"""[[0,1,-1,-3,2,1],[1]]""","""[[3,[1,2,0,-3]],[1051,[1,-19,1031,1051]]]""",False,Q,Q,USp(4),433730004517631050,0
3159.a.767637.1,3159.a,3159,767637,"""[[-1,0,0,2,-3,1],[0,1]]""","""[[3,[1,-1]],[13,[1,3,15,13]]]""",False,Q,Q,USp(4),2108388754461949619,0
3160.a.505600.1,3160.a,3160,505600,"""[[0,1,0,-7,1,4],[1,1]]""","""[[2,[1,1]],[5,[1,2,2,-5]],[79,[1,-7,71,79]]]""",False,Q,Q,USp(4),828536377083145073,0
3161.a.3161.1,3161.a,3161,3161,"""[[0,0,-1,0,2,1],[1,1,1]]""","""[[29,[1,9,19,-29]],[109,[1,7,115,109]]]""",False,Q,Q,USp(4),1223951971384533013,0
3161.b.3161.1,3161.b,3161,3161,"""[[4,3,5,2,2],[1,0,1,1]]""","""[[29,[1,5,23,-29]],[109,[1,11,119,109]]]""",False,Q,Q,USp(4),204579101043553280,0
3161.c.3161.1,3161.c,3161,3161,"""[[1,1,-2,-2],[1,0,1,1]]""","""[[29,[1,1,29,29]],[109,[1,-1,109,-109]]]""",False,Q,Q,USp(4),2215196624778645090,0
3165.a.9495.1,3165.a,3165,9495,"""[[-5,0,7,1,-3,-1],[0,1,1]]""","""[[3,[1,0,2,-3]],[5,[1,1,3,-5]],[211,[1,13,223,211]]]""",False,Q,Q,USp(4),2181113135184575510,0
3168.a.684288.1,3168.a,3168,684288,"""[[-11,0,-17,0,-7,0,-1],[0,1,0,1]]""","""[[2,[1,-1]],[3,[1,0,-1]],[11,[1,5,15,11]]]""",True,Q x Q,Q x Q,SU(2)xSU(2),368754632671214936,0
3172.a.12688.1,3172.a,3172,12688,"""[[1,-2,1],[0,0,0,1]]""","""[[2,[1,2,2]],[13,[1,5,17,13]],[61,[1,-7,53,61]]]""",False,Q,Q,USp(4),1762355652966809290,0
3174.a.50784.1,3174.a,3174,50784,"""[[0,1,7,15,7,1],[0,1,1]]""","""[[2,[1,0,1,2]],[3,[1,-1,3,-3]],[23,[1,0,-1]]]""",True,Q x Q,Q x Q,SU(2)xSU(2),1291979782323257392,0
3176.a.406528.1,3176.a,3176,406528,"""[[20,7,-1,5],[0,1,0,1]]""","""[[2,[1,1,2]],[397,[1,-15,411,-397]]]""",False,Q,Q,USp(4),1118083169607838766,0
3176.a.6352.1,3176.a,3176,6352,"""[[2,9,10,-3,-6,2],[0,1]]""","""[[2,[1,1,2]],[397,[1,-15,411,-397]]]""",False,Q,Q,USp(4),1118083169607838766,0
3177.a.28593.1,3177.a,3177,28593,"""[[0,-1,-1,1,4,2],[1,1,0,1]]""","""[[3,[1,0,1]],[353,[1,26,326,-353]]]""",False,Q,Q,USp(4),601428522872090744,0
3179.a.54043.1,3179.a,3179,54043,"""[[0,-1,-1,3,1,1],[1,0,1]]""","""[[11,[1,3,7,-11]],[17,[1,-6,17]]]""",False,Q,Q,USp(4),1346003845718693987,0
3183.a.85941.1,3183.a,3183,85941,"""[[-2,-1,-1],[1,1,1,1]]""","""[[3,[1,1,1,-3]],[1061,[1,-39,1021,1061]]]""",False,Q,Q,USp(4),1762538287512537923,0
3189.a.3189.1,3189.a,3189,3189,"""[[0,0,0,0,0,1,1],[1,1]]""","""[[3,[1,2,4,3]],[1063,[1,55,1007,-1063]]]""",False,Q,Q,USp(4),828343899557339687,0
3196.a.6392.1,3196.a,3196,6392,"""[[0,-2,1,0,0,-1],[1,1,0,1]]""","""[[2,[1,1,1]],[17,[1,-2,14,17]],[47,[1,-4,50,-47]]]""",False,Q,Q,USp(4),938415895946000084,0
3200.a.3200.1,3200.a,3200,3200,"""[[0,-1,-2,1],[1,1,1,1]]""","""[[2,[1,2,2]],[5,[1,0,1]]]""",False,Q,Q,USp(4),285096982183266427,0
3200.a.6400.1,3200.a,3200,6400,"""[[0,1,1,1,3,2],[1]]""","""[[2,[1,2,2]],[5,[1,0,1]]]""",False,Q,Q,USp(4),285096982183266427,0
3200.b.6400.1,3200.b,3200,6400,"""[[0,0,0,-1,-2,0,1],[1,1]]""","""[[2,[1,1,2]],[5,[1,4,5]]]""",False,Q,Q,USp(4),1736774085755401440,0
3200.c.409600.1,3200.c,3200,409600,"""[[-1,2,-5,4,0,-2,1],[1,1]]""","""[[2,[1,-1]],[5,[1,2,5]]]""",False,Q,Q,USp(4),287519335299161577,0
3200.d.409600.1,3200.d,3200,409600,"""[[-1,0,0,0,2,0,1],[]]""","""[[2,[1]],[5,[1,0,-1]]]""",True,Q x Q,Q x Q,SU(2)xSU(2),920809506281058459,0
3200.e.819200.1,3200.e,3200,819200,"""[[-2,0,-7,0,-5,0,-1],[]]""","""[[2,[1]],[5,[1,2,1]]]""",True,Q x Q,Q x Q,SU(2)xSU(2),1877385953459508061,0
3200.f.819200.1,3200.f,3200,819200,"""[[-2,0,7,0,-5,0,1],[]]""","""[[2,[1]],[5,[1,2,1]]]""",True,Q x Q,Q x Q,SU(2)xSU(2),562464849695202486,0
3209.a.3209.1,3209.a,3209,3209,"""[[-1,0,-3,1,-2,1],[1,1,1]]""","""[[3209,[1,34,3242,3209]]]""",False,Q,Q,USp(4),1230969130860902706,0
3211.a.3211.1,3211.a,3211,3211,"""[[0,-1,-2],[0,1,0,1]]""","""[[13,[1,0,1]],[19,[1,7,11,-19]]]""",False,Q,Q,USp(4),1379170171529814578,0
3211.b.3211.1,3211.b,3211,3211,"""[[2,3,-3,-4,0,1],[0,0,0,1]]""","""[[13,[1,6,13]],[19,[1,-4,14,19]]]""",False,Q,Q,USp(4),2148080728568214088,0
3211.c.3211.1,3211.c,3211,3211,"""[[0,5,34,83,30,1],[1]]""","""[[13,[1,-4,13]],[19,[1,-2,20,-19]]]""",False,Q,Q,USp(4),232341517380659040,0
3215.a.3215.1,3215.a,3215,3215,"""[[1,-3,1,1,-1],[1,0,0,1]]""","""[[5,[1,-1,5,-5]],[643,[1,39,603,-643]]]""",False,Q,Q,USp(4),2179490505224504097,0
3219.a.280053.1,3219.a,3219,280053,"""[[-6,7,6,-5,-3],[0,0,1,1]]""","""[[3,[1,2,4,3]],[29,[1,9,19,-29]],[37,[1,3,39,37]]]""",False,Q,Q,USp(4),1101482816289269958,0
3222.a.6444.1,3222.a,3222,6444,"""[[0,-2,6,-4,-1,1],[0,1]]""","""[[2,[1,1,0,-2]],[3,[1,0,1]],[179,[1,19,159,-179]]]""",False,Q,Q,USp(4),774508274695332013,0
3226.a.12904.1,3226.a,3226,12904,"""[[0,0,0,-4,-4,-1],[1,1]]""","""[[2,[1,1,0,-2]],[1613,[1,15,1627,1613]]]""",False,Q,Q,USp(4),625182089053494101,0
3227.a.22589.1,3227.a,3227,22589,"""[[0,-1,0,7,-13,7],[1]]""","""[[7,[1,3,3,-7]],[461,[1,-23,437,461]]]""",False,Q,Q,USp(4),1446466638853783807,0
3237.a.9711.1,3237.a,3237,9711,"""[[-1,1,0,-3,0,1],[1,0,0,1]]""","""[[3,[1,0,2,3]],[13,[1,5,17,13]],[83,[1,-5,77,83]]]""",False,Q,Q,USp(4),1444986921874358507,0
3239.a.132799.1,3239.a,3239,132799,"""[[-4,7,-1,-4,0,1],[1,0,0,1]]""","""[[41,[1,7,47,41]],[79,[1,7,71,-79]]]""",False,Q,Q,USp(4),229450792721485802,0
3239.b.132799.1,3239.b,3239,132799,"""[[-6,1,9,0,-4,-1],[0,1,1]]""","""[[41,[1,5,35,-41]],[79,[1,-5,83,-79]]]""",False,Q,Q,USp(4),258101036560830478,0
3240.a.58320.1,3240.a,3240,58320,"""[[0,-3,2,-1,1],[0,1,0,1]]""","""[[2,[1,1]],[3,[1]],[5,[1,-1,5,-5]]]""",True,Q x Q,CM x Q,N(U(1)xSU(2)),735661500900696475,0
3245.a.16225.1,3245.a,3245,16225,"""[[-1,1,1,0,1],[1,0,0,1]]""","""[[5,[1,-2,2,5]],[11,[1,-1,11,-11]],[59,[1,11,47,-59]]]""",False,Q,Q,USp(4),2180028286090145909,0
3248.a.3248.1,3248.a,3248,3248,"""[[3,-8,1,9,-1,-4,-1],[0,1]]""","""[[2,[1,-1,2]],[7,[1,-1,5,7]],[29,[1,3,31,29]]]""",False,Q,Q,USp(4),1745177869783144328,0
3251.a.3251.1,3251.a,3251,3251,"""[[0,1,-2,-1,1,1],[1]]""","""[[3251,[1,18,3232,-3251]]]""",False,Q,Q,USp(4),2028450695883749541,0
3264.a.3264.1,3264.a,3264,3264,"""[[-2,4,0,-3,0,1],[0,0,0,1]]""","""[[2,[1,2,2]],[3,[1,3,5,3]],[17,[1,7,23,17]]]""",False,Q,Q x Q,N(SU(2)xSU(2)),1998661893396050666,0
3274.a.13096.1,3274.a,3274,13096,"""[[1,3,0,-4,0,1],[0,1]]""","""[[2,[1,-1,2,-2]],[1637,[1,-10,1646,-1637]]]""",False,Q,Q,USp(4),1362904070926178778,0
3275.a.3275.1,3275.a,3275,3275,"""[[5,-2,-8,0,3,1],[1,0,1]]""","""[[5,[1,0,-1]],[131,[1,11,119,-131]]]""",False,Q,Q,USp(4),1446555713371944476,0
3280.a.3280.1,3280.a,3280,3280,"""[[-1,0,-3,3,-4,2,-1],[1,1]]""","""[[2,[1,-1,2]],[5,[1,-1,3,5]],[41,[1,-9,31,41]]]""",False,Q,Q,USp(4),386469667789126436,0
3285.a.3285.1,3285.a,3285,3285,"""[[-2,1,2,0,1,1],[1,0,0,1]]""","""[[3,[1,0,1]],[5,[1,3,1,-5]],[73,[1,-9,63,73]]]""",False,Q,Q,USp(4),1127946210150127684,0
3285.b.49275.1,3285.b,3285,49275,"""[[-9,15,0,-8,0,1],[0,0,1,1]]""","""[[3,[1,2,3]],[5,[1,0,4,5]],[73,[1,7,65,-73]]]""",False,Q,Q,USp(4),1554337108618378085,0
3298.a.3298.1,3298.a,3298,3298,"""[[0,0,-1,2,-1,1],[1,1]]""","""[[2,[1,1,2,2]],[17,[1,3,13,-17]],[97,[1,11,107,97]]]""",False,Q,Q,USp(4),351625774221731098,0
3298.b.844288.1,3298.b,3298,844288,"""[[1,1,0,3,3,1],[0,1,0,1]]""","""[[2,[1,1,0,-2]],[17,[1,-3,19,-17]],[97,[1,-9,105,-97]]]""",False,Q,Q,USp(4),544794354683251770,0
3304.a.6608.1,3304.a,3304,6608,"""[[-1,-2,-3,-2,-1],[0,1,0,1]]""","""[[2,[1,1,2]],[7,[1,2,4,-7]],[59,[1,-7,65,-59]]]""",False,Q,Q,USp(4),417399131086264275,0
3312.a.19872.1,3312.a,3312,19872,"""[[414,0,-152,0,18,0,-1],[0,1,0,1]]""","""[[2,[1,-1]],[3,[1,2,1]],[23,[1,9,31,23]]]""",True,Q x Q,Q x Q,SU(2)xSU(2),2220126111809032547,0
3312.b.158976.1,3312.b,3312,158976,"""[[69,0,24,0,-6],[0,1,0,1]]""","""[[2,[1,1]],[3,[1,0,-1]],[23,[1,9,31,23]]]""",True,Q x Q,Q x Q,SU(2)xSU(2),771383483958352020,0
3312.c.211968.1,3312.c,3312,211968,"""[[0,1,0,-6,5,4],[1,1]]""","""[[2,[1,1,2]],[3,[1,0,-1]],[23,[1,7,15,-23]]]""",False,Q,Q,USp(4),490352792649563168,0
3313.a.3313.1,3313.a,3313,3313,"""[[1,-1,-1],[1,0,1,1]]""","""[[3313,[1,-38,3274,3313]]]""",False,Q,Q,USp(4),1952878505372755555,0
3317.a.3317.1,3317.a,3317,3317,"""[[0,0,-1,-3],[1,1,1,1]]""","""[[31,[1,1,29,-31]],[107,[1,-10,96,107]]]""",False,Q,Q,USp(4),1271813517497121422,0
3319.a.3319.1,3319.a,3319,3319,"""[[0,0,0,1,2,1],[1,1,0,1]]""","""[[3319,[1,-73,3245,3319]]]""",False,Q,Q,USp(4),1280832247219979546,0
3320.a.132800.1,3320.a,3320,132800,"""[[0,0,0,0,-2,-2],[1,1]]""","""[[2,[1,-1]],[5,[1,1,3,-5]],[83,[1,-5,87,-83]]]""",False,Q,Q,USp(4),2138863435488508914,0
3320.a.33200.1,3320.a,3320,33200,"""[[0,1,0,32,16,2],[0,1]]""","""[[2,[1,-1]],[5,[1,1,3,-5]],[83,[1,-5,87,-83]]]""",False,Q,Q,USp(4),2138863435488508914,0
3320.b.33200.1,3320.b,3320,33200,"""[[1,1,-2,-2,0,1],[1,0,1]]""","""[[2,[1,-1,2]],[5,[1,1,3,-5]],[83,[1,-11,71,83]]]""",False,Q,Q,USp(4),686772540254456484,0
3321.a.29889.1,3321.a,3321,29889,"""[[23,-81,77,-22,-3,2],[1,0,0,1]]""","""[[3,[1,1]],[41,[1,7,47,41]]]""",False,Q,Q,USp(4),2116397848417111620,0
3321.b.807003.1,3321.b,3321,807003,"""[[-1,-7,-17,-11,-6,1],[1,1,1]]""","""[[3,[1,1]],[41,[1,-9,31,41]]]""",False,Q,Q,USp(4),500494591942526000,0
3327.a.9981.1,3327.a,3327,9981,"""[[0,-2,0,-1,-1],[1,1,1,1]]""","""[[3,[1,1,3,3]],[1109,[1,-25,1133,-1109]]]""",False,Q,Q,USp(4),772338227424467473,0
3328.a.6656.1,3328.a,3328,6656,"""[[0,1,1,1,1],[1,1,1,1]]""","""[[2,[1,2,2]],[13,[1,1,11,-13]]]""",False,Q,Q,USp(4),1126949499629889562,0
3328.b.13312.1,3328.b,3328,13312,"""[[0,0,-1,-1,0,0,1],[1,1]]""","""[[2,[1,1]],[13,[1,5,17,13]]]""",False,Q,Q,USp(4),494375022491410449,0
3330.a.49950.1,3330.a,3330,49950,"""[[6,-15,0,15,-1,-5,-1],[1,0,1]]""","""[[2,[1,1,2,2]],[3,[1,1,3]],[5,[1,3,7,5]],[37,[1,3,33,-37]]]""",False,Q,Q,USp(4),210345379525001762,0
3333.a.109989.1,3333.a,3333,109989,"""[[0,1,-16,40,23,3],[0,1]]""","""[[3,[1,1,3,3]],[11,[1,-5,15,-11]],[101,[1,-7,107,-101]]]""",False,Q,Q,USp(4),209012715485100653,0
3336.a.20016.1,3336.a,3336,20016,"""[[0,0,-1,0,2,-2],[1,1]]""","""[[2,[1,1]],[3,[1,1,1,-3]],[139,[1,5,143,139]]]""",False,Q,Q,USp(4),1795443306942701613,0
3336.b.20016.1,3336.b,3336,20016,"""[[0,-1,0,0,-1,1],[1,0,1]]""","""[[2,[1,1,2]],[3,[1,1,1,-3]],[139,[1,11,127,-139]]]""",False,Q,Q,USp(4),99286833149004238,0
3336.c.80064.1,3336.c,3336,80064,"""[[0,1,2,0,2,6],[1,1]]""","""[[2,[1,-1]],[3,[1,1,3,3]],[139,[1,-11,127,139]]]""",False,Q,Q,USp(4),1600989914440651257,0
3344.a.3344.1,3344.a,3344,3344,"""[[0,0,-1],[1,1,1,1]]""","""[[2,[1,2,2]],[11,[1,2,12,11]],[19,[1,1,17,-19]]]""",False,Q,Q,USp(4),1862458367863917264,0
3344.b.13376.1,3344.b,3344,13376,"""[[1,-2,0,1],[0,0,0,1]]""","""[[2,[1]],[11,[1,4,6,-11]],[19,[1,1,17,-19]]]""",False,Q,Q,USp(4),1922593084391797859,0
3349.a.56933.1,3349.a,3349,56933,"""[[0,1,0,4,4,1],[0,1]]""","""[[17,[1,-1,15,17]],[197,[1,19,215,197]]]""",False,Q,Q,USp(4),1210252389889882724,0
3349.b.56933.1,3349.b,3349,56933,"""[[-17,4,10,-1,-3],[0,1,0,1]]""","""[[17,[1,7,23,17]],[197,[1,-17,213,-197]]]""",False,Q,Q,USp(4),1899717419623641334,0
3360.a.16800.1,3360.a,3360,16800,"""[[350,0,-136,0,17,0,-1],[0,1,0,1]]""","""[[2,[1,-1]],[3,[1,-1,3,-3]],[5,[1,3,7,5]],[7,[1,1,7,7]]]""",True,Q x Q,Q x Q,SU(2)xSU(2),621816363751492943,0
3360.b.241920.1,3360.b,3360,241920,"""[[-2,0,-23,0,-96,0,-135],[1,0,1]]""","""[[2,[1,1]],[3,[1,-1,3,-3]],[5,[1,-1,3,5]],[7,[1,3,3,-7]]]""",True,Q x Q,Q x Q,SU(2)xSU(2),2054838372571696295,0
3364.a.215296.1,3364.a,3364,215296,"""[[0,1,4,5,4,1],[1,0,0,1]]""","""[[2,[1,0,-1]],[29,[1,2,1]]]""",True,Q x Q,Q x Q,SU(2)xSU(2),1173723399210240869,0
3370.a.13480.1,3370.a,3370,13480,"""[[-1,4,-6,0,3],[1,0,0,1]]""","""[[2,[1,0,1,-2]],[5,[1,1,3,-5]],[337,[1,-19,355,-337]]]""",False,Q,Q,USp(4),1915234797638584379,0
3372.a.20232.1,3372.a,3372,20232,"""[[0,-1,0,0,1],[1,1,0,1]]""","""[[2,[1,1,1]],[3,[1,2,0,-3]],[281,[1,11,291,281]]]""",False,Q,Q,USp(4),1873381309056926473,0
3381.a.165669.1,3381.a,3381,165669,"""[[-1,-4,-7,-4,0,1],[1]]""","""[[3,[1,1,1,-3]],[7,[1,4,7]],[23,[1,-4,26,-23]]]""",False,Q,Q,USp(4),1946564473426394717,0
3388.a.13552.1,3388.a,3388,13552,"""[[-2,0,5,0,-4,0,1],[1]]""","""[[2,[1,2,2]],[7,[1,3,9,7]],[11,[1,-2,1]]]""",True,Q x Q,Q x Q,SU(2)xSU(2),811819097330442970,0
3388.b.13552.1,3388.b,3388,13552,"""[[-7,0,6,0,-2],[0,0,0,1]]""","""[[2,[1,0,2]],[7,[1,-1,5,7]],[11,[1,2,1]]]""",True,Q x Q,Q x Q,SU(2)xSU(2),884751876711069545,0
3391.a.3391.1,3391.a,3391,3391,"""[[0,2,6,1,-2],[1,1,0,1]]""","""[[3391,[1,-15,3405,-3391]]]""",False,Q,Q,USp(4),1379254182998172299,0
3391.b.3391.1,3391.b,3391,3391,"""[[0,0,0,0,-1,-1],[1,1,0,1]]""","""[[3391,[1,81,3471,3391]]]""",False,Q,Q,USp(4),487715505580639363,0
3392.a.3392.1,3392.a,3392,3392,"""[[-1,0,-1],[1,1,1,1]]""","""[[2,[1]],[53,[1,-5,47,53]]]""",False,Q,Q,USp(4),287475423386379602,0
3392.a.868352.1,3392.a,3392,868352,"""[[-2,2,3,-4,-1,2],[]]""","""[[2,[1]],[53,[1,-5,47,53]]]""",False,Q,Q,USp(4),287475423386379602,0
3392.b.27136.1,3392.b,3392,27136,"""[[0,0,-1,-1,1,0,1],[1,1]]""","""[[2,[1,1]],[53,[1,11,41,-53]]]""",False,Q,Q,USp(4),1196887235188346093,0
3392.c.868352.1,3392.c,3392,868352,"""[[-2,2,5,4,-1,-2,-1],[]]""","""[[2,[1]],[53,[1,9,43,-53]]]""",False,Q,Q,USp(4),53552648625885110,0
3397.a.268363.1,3397.a,3397,268363,"""[[-1,-7,-9,8,-16,1],[0,0,1]]""","""[[43,[1,-3,39,43]],[79,[1,-7,71,79]]]""",False,Q,Q,USp(4),1947759956548512521,0
3400.a.6800.1,3400.a,3400,6800,"""[[0,-1,3,-4,4,-2,1],[1]]""","""[[2,[1,0,2]],[5,[1,3,5]],[17,[1,4,20,17]]]""",False,Q,Q,USp(4),1465932168313202567,0
3400.b.34000.1,3400.b,3400,34000,"""[[0,5,6,-1,-3],[0,1,0,1]]""","""[[2,[1,1]],[5,[1,0,5]],[17,[1,1,17,17]]]""",False,Q,Q,USp(4),932004416983685943,0
3402.a.95256.1,3402.a,3402,95256,"""[[0,-1,6,13,-8,1],[0,1,1]]""","""[[2,[1,0,1,-2]],[3,[1,0,3]],[7,[1,-1,5,7]]]""",False,Q,Q,USp(4),1860514894770091130,0
3411.a.10233.1,3411.a,3411,10233,"""[[0,-2,4,2,-1],[1,0,0,1]]""","""[[3,[1,0,-1]],[379,[1,30,408,379]]]""",False,Q,Q,USp(4),2294677705806670686,0
3412.a.13648.1,3412.a,3412,13648,"""[[0,0,2,3,4,2,1],[1,1]]""","""[[2,[1,1,2]],[853,[1,31,883,853]]]""",False,Q,Q,USp(4),2011865603179987928,0
3416.a.109312.1,3416.a,3416,109312,"""[[3,2,0,2],[0,1,0,1]]""","""[[2,[1,1]],[7,[1,2,8,7]],[61,[1,9,51,-61]]]""",False,Q,Q,USp(4),1311157370827286058,0
3417.a.686817.1,3417.a,3417,686817,"""[[0,-1,0,6,-9,3],[0,1,1]]""","""[[3,[1,1,1,-3]],[17,[1,-3,19,-17]],[67,[1,-3,63,67]]]""",False,Q,Q,USp(4),1806471540351218239,0
3423.a.3423.1,3423.a,3423,3423,"""[[0,1,-1,1],[1,0,0,1]]""","""[[3,[1,1,3,3]],[7,[1,5,11,7]],[163,[1,11,151,-163]]]""",False,Q,Q,USp(4),372666762616041338,0
3424.a.6848.1,3424.a,3424,6848,"""[[0,-1,0,0,16,-8,1],[0,1]]""","""[[2,[1,1,2]],[107,[1,-13,119,-107]]]""",False,Q,Q,USp(4),1353577140219502338,0
3426.a.3426.1,3426.a,3426,3426,"""[[-1,0,0,1,-1,-1,-1],[1,1,1]]""","""[[2,[1,-2,3,-2]],[3,[1,0,2,3]],[571,[1,-9,579,-571]]]""",False,Q,Q,USp(4),628000721029201870,0
3426.b.20556.1,3426.b,3426,20556,"""[[1,-1,-1,-1,0,1],[0,1,0,1]]""","""[[2,[1,1,2,2]],[3,[1,1,1,-3]],[571,[1,5,575,571]]]""",False,Q,Q,USp(4),2279597669283486663,0
3428.a.6856.1,3428.a,3428,6856,"""[[0,-1,1,0,1],[1,0,0,1]]""","""[[2,[1,0,-1]],[857,[1,-49,905,-857]]]""",False,Q,Q,USp(4),109430680206685293,0
3429.a.30861.1,3429.a,3429,30861,"""[[19,16,-9,-8,1,1],[0,1]]""","""[[3,[1,1]],[127,[1,-9,135,-127]]]""",False,Q,Q,USp(4),1025957602845521870,0
3429.a.3429.1,3429.a,3429,3429,"""[[0,1,2,2],[0,1,0,1]]""","""[[3,[1,1]],[127,[1,-9,135,-127]]]""",False,Q,Q,USp(4),1025957602845521870,0
3431.a.3431.1,3431.a,3431,3431,"""[[0,-1,-1,1,0,-1],[0,1,1]]""","""[[47,[1,-7,39,47]],[73,[1,7,79,73]]]""",False,Q,Q,USp(4),881411077173180480,0
3434.a.6868.1,3434.a,3434,6868,"""[[-12,17,16,-6,-4],[0,0,1,1]]""","""[[2,[1,1,0,-2]],[17,[1,-2,14,17]],[101,[1,-3,103,-101]]]""",False,Q,Q,USp(4),446414093956959361,0
3434.b.439552.1,3434.b,3434,439552,"""[[-13,8,7,-4,0,1],[1,1]]""","""[[2,[1,-1,0,2]],[17,[1,-5,11,17]],[101,[1,-5,95,101]]]""",False,Q,Q,USp(4),1462146649832439579,0
3436.a.3436.1,3436.a,3436,3436,"""[[0,0,0,0,0,-1],[1,1,1]]""","""[[2,[1,0,1]],[859,[1,-19,839,859]]]""",False,Q,Q,USp(4),431726501992323038,0
3447.a.837621.1,3447.a,3447,837621,"""[[40,21,20,5,3],[0,0,1,1]]""","""[[3,[1,0,-1]],[383,[1,15,367,-383]]]""",False,Q,Q,USp(4),566590952753206902,0
3447.a.93069.1,3447.a,3447,93069,"""[[0,1,2,1,-3,1],[0,1]]""","""[[3,[1,0,-1]],[383,[1,15,367,-383]]]""",False,Q,Q,USp(4),566590952753206902,0
3449.a.3449.1,3449.a,3449,3449,"""[[0,2,-1,-3,0,1],[1,0,0,1]]""","""[[3449,[1,-29,3477,-3449]]]""",False,Q,Q,USp(4),2156075487124520831,0
3454.a.55264.1,3454.a,3454,55264,"""[[1,1,1],[1,0,0,1]]""","""[[2,[1,0,1,-2]],[11,[1,0,10,-11]],[157,[1,-24,180,-157]]]""",False,Q,Q,USp(4),2011413559660763382,0
3454.b.110528.1,3454.b,3454,110528,"""[[0,-1,2,0,-2,1],[0,1,1]]""","""[[2,[1,0,1,-2]],[11,[1,-1,11,-11]],[157,[1,-13,143,157]]]""",False,Q,Q,USp(4),2231531173674180272,0
3456.a.110592.1,3456.a,3456,110592,"""[[-1,1,2,-4,-2,2,1],[1,1]]""","""[[2,[1,1]],[3,[1,2,3]]]""",False,Q,Q,USp(4),49825378246036945,0
3456.a.248832.1,3456.a,3456,248832,"""[[0,1,-1,-2,1,0,1],[0,1]]""","""[[2,[1,1]],[3,[1,2,3]]]""",False,Q,Q,USp(4),49825378246036945,0
3456.b.221184.1,3456.b,3456,221184,"""[[-1,5,-10,0,4,1],[1,0,1]]""","""[[2,[1,-1,2]],[3,[1,0,3]]]""",False,Q,Q,USp(4),2295966489962860347,0
3456.c.442368.1,3456.c,3456,442368,"""[[-12,0,-3,0,1],[0,0,0,1]]""","""[[2,[1]],[3,[1,-1]]]""",True,Q x Q,CM x Q,N(U(1)xSU(2)),1379260351889659663,0
3456.d.442368.1,3456.d,3456,442368,"""[[-3,0,-6,0,-4,0,-1],[]]""","""[[2,[1]],[3,[1,1]]]""",True,Q x Q,CM x Q,N(U(1)xSU(2)),1403910981766842367,0
3456.e.442368.1,3456.e,3456,442368,"""[[12,0,-3,0,-1],[0,0,0,1]]""","""[[2,[1]],[3,[1,1]]]""",True,Q x Q,CM x Q,N(U(1)xSU(2)),746180771129847979,0
3462.a.560844.1,3462.a,3462,560844,"""[[0,-3,4,-3,0,1],[1,1]]""","""[[2,[1,1,2,2]],[3,[1,1,1,-3]],[577,[1,-1,575,577]]]""",False,Q,Q,USp(4),1714396688537394513,0
3465.a.800415.1,3465.a,3465,800415,"""[[2,3,-3,-4,0,1],[1,0,0,1]]""","""[[3,[1,0,3]],[5,[1,3,7,5]],[7,[1,1,5,-7]],[11,[1,-1,9,11]]]""",False,Q,Q,USp(4),1849017795100297720,0
3468.a.55488.1,3468.a,3468,55488,"""[[0,1,0,1,0,1],[1,0,0,1]]""","""[[2,[1,0,-1]],[3,[1,3,5,3]],[17,[1,2,1]]]""",True,Q x Q,Q x Q,SU(2)xSU(2),280828806815041666,0
3468.b.353736.1,3468.b,3468,353736,"""[[0,-34,1,27,11,1],[0,1,1]]""","""[[2,[1,0,-1]],[3,[1,1,1,-3]],[17,[1,2,1]]]""",True,Q x Q,Q x Q,SU(2)xSU(2),1775008300327476990,0
3469.a.3469.1,3469.a,3469,3469,"""[[0,0,0,-2,-1,1],[1,1,0,1]]""","""[[3469,[1,-24,3444,3469]]]""",False,Q,Q,USp(4),2173472955910609612,0
3483.a.282123.1,3483.a,3483,282123,"""[[0,-1,1,-2,-1,1],[1]]""","""[[3,[1]],[43,[1,2,44,43]]]""",False,Q,Q,USp(4),675363385341211742,0
3489.a.10467.1,3489.a,3489,10467,"""[[0,1,2,0,1,3],[1,1]]""","""[[3,[1,-1,3,-3]],[1163,[1,-13,1175,-1163]]]""",False,Q,Q,USp(4),714130743864565723,0
3490.a.34900.1,3490.a,3490,34900,"""[[0,2,-3,4,-2,1],[0,1]]""","""[[2,[1,1,2,2]],[5,[1,1,5,5]],[349,[1,11,337,-349]]]""",False,Q,Q,USp(4),1043148250098219507,0
3492.a.670464.1,3492.a,3492,670464,"""[[2,3,0,-3,0,1],[1,0,0,1]]""","""[[2,[1,0,-1]],[3,[1,3,3]],[97,[1,2,98,97]]]""",False,Q,Q,USp(4),1425836880811395506,0
3499.a.3499.1,3499.a,3499,3499,"""[[0,1,1,2,5,1],[1]]""","""[[3499,[1,-56,3554,-3499]]]""",False,Q,Q,USp(4),1381279762641033729,0
3504.a.14016.1,3504.a,3504,14016,"""[[1,6,9,4,1,2],[1]]""","""[[2,[1]],[3,[1,-1,3,-3]],[73,[1,-9,63,73]]]""",False,Q,Q,USp(4),249808751116964322,0
3513.a.3513.1,3513.a,3513,3513,"""[[2,3,4,2,1],[0,1,1,1]]""","""[[3,[1,0,2,-3]],[1171,[1,17,1187,1171]]]""",False,Q,Q,USp(4),233024488583075435,0
3513.a.94851.1,3513.a,3513,94851,"""[[2,-12,13,0,-4],[1,0,0,1]]""","""[[3,[1,0,2,-3]],[1171,[1,17,1187,1171]]]""",False,Q,Q,USp(4),233024488583075435,0
3515.a.333925.1,3515.a,3515,333925,"""[[0,2,2,-6,0,1],[1,0,1]]""","""[[5,[1,3,1,-5]],[19,[1,5,13,-19]],[37,[1,-11,47,-37]]]""",False,Q,Q,USp(4),1546751407697607140,0
3515.b.333925.1,3515.b,3515,333925,"""[[0,1,8,14,7,1],[0,1]]""","""[[5,[1,1,3,-5]],[19,[1,-3,15,19]],[37,[1,-7,43,-37]]]""",False,Q,Q,USp(4),742313009610816667,0
3520.a.56320.1,3520.a,3520,56320,"""[[-8,8,4,-5,-1,1],[0,0,0,1]]""","""[[2,[1,0,2]],[5,[1,0,4,5]],[11,[1,5,15,11]]]""",False,Q,Q,USp(4),2278352928805618026,0
3520.b.56320.1,3520.b,3520,56320,"""[[0,0,-1,3,-6,4],[1]]""","""[[2,[1,2,2]],[5,[1,2,2,-5]],[11,[1,1,11,11]]]""",False,Q,Q,USp(4),840098471517138664,0
3521.a.24647.1,3521.a,3521,24647,"""[[-1,-9,-33,-42,-2,1],[1,1,1]]""","""[[7,[1,0,6,-7]],[503,[1,41,461,-503]]]""",False,Q,Q,USp(4),1521153243912794510,0
3527.a.3527.1,3527.a,3527,3527,"""[[1,2,0,-1,-1],[0,1,0,1]]""","""[[3527,[1,101,3425,-3527]]]""",False,Q,Q,USp(4),1558000128343538260,0
3528.a.148176.1,3528.a,3528,148176,"""[[0,0,1,1,2,2],[1,1]]""","""[[2,[1,1,2]],[3,[1,2,3]],[7,[1,4,7]]]""",False,Q,Q,USp(4),1010495151391851066,0
3528.b.338688.1,3528.b,3528,338688,"""[[0,-1,0,-1,2],[1,1,1,1]]""","""[[2,[1,2,2]],[3,[1,1,1]],[7,[1,3,7]]]""",False,Q,Q,USp(4),87192104396335753,0
3528.c.592704.1,3528.c,3528,592704,"""[[-3,3,-2,1],[0,1,0,1]]""","""[[2,[1,-1]],[3,[1,2,1]],[7,[1,2,1]]]""",True,Q x Q,Q x Q,SU(2)xSU(2),562227275101458822,0
3528.d.98784.1,3528.d,3528,98784,"""[[-6,0,58,0,35,0,5],[0,1,0,1]]""","""[[2,[1,-1]],[3,[1,0,-1]],[7,[1,0,-1]]]""",True,Q x Q,Q x Q,SU(2)xSU(2),482972431864575150,0
3530.a.56480.1,3530.a,3530,56480,"""[[1,-4,2,2,-1],[1,0,0,1]]""","""[[2,[1,0,1,-2]],[5,[1,4,8,5]],[353,[1,19,371,353]]]""",False,Q,Q,USp(4),1868013815117475507,0
3549.a.173901.1,3549.a,3549,173901,"""[[0,2,4,1,-3,1],[1]]""","""[[3,[1,2,4,3]],[7,[1,1,5,-7]],[13,[1,2,13]]]""",False,Q,Q,USp(4),650889518117925710,0
3550.a.284000.1,3550.a,3550,284000,"""[[0,0,2,1,3,1,1],[1,1]]""","""[[2,[1,1,0,-2]],[5,[1,1,1]],[71,[1,-14,56,71]]]""",False,Q,Q,USp(4),1538436245426841111,0
3552.a.454656.1,3552.a,3552,454656,"""[[-1,3,1,-7,0,4],[1]]""","""[[2,[1,0,2]],[3,[1,2,0,-3]],[37,[1,9,27,-37]]]""",False,Q,Q,USp(4),719453541663630660,0
3557.a.3557.1,3557.a,3557,3557,"""[[0,0,0,1,-2,1],[1]]""","""[[3557,[1,-61,3617,-3557]]]""",False,Q,Q,USp(4),895990353940187688,0
3561.a.10683.1,3561.a,3561,10683,"""[[-9,0,10,-2,-3,1],[0,1]]""","""[[3,[1,1,3,3]],[1187,[1,13,1199,1187]]]""",False,Q,Q,USp(4),2200236742102865087,0
3561.b.10683.1,3561.b,3561,10683,"""[[0,-1,-1,1,2,1],[0,1]]""","""[[3,[1,1,1,-3]],[1187,[1,33,1219,1187]]]""",False,Q,Q,USp(4),668490409544707143,0
3564.a.128304.1,3564.a,3564,128304,"""[[11,0,-1,0,-2],[0,1,0,1]]""","""[[2,[1,1,2]],[3,[1]],[11,[1,1,11,11]]]""",True,Q x Q,CM x Q,N(U(1)xSU(2)),1236320350438362352,0
3564.b.705672.1,3564.b,3564,705672,"""[[2,4,2],[1,1,0,1]]""","""[[2,[1,1,1]],[3,[1,1,3]],[11,[1,4,14,11]]]""",False,Q,Q,USp(4),562681325502236019,0
3565.a.17825.1,3565.a,3565,17825,"""[[0,1,0,-3,2,-1],[1,1,0,1]]""","""[[5,[1,2,2,-5]],[23,[1,-3,25,-23]],[31,[1,4,26,-31]]]""",False,Q,Q,USp(4),1304203097403315117,0
3565.b.17825.1,3565.b,3565,17825,"""[[-93,110,-5,-28,-1,2],[1,1,0,1]]""","""[[5,[1,4,8,5]],[23,[1,7,15,-23]],[31,[1,6,36,31]]]""",False,Q,Q,USp(4),805807100257615748,0
3566.a.3566.1,3566.a,3566,3566,"""[[0,-3,8,-9,0,1],[1,1]]""","""[[2,[1,1,2,2]],[1783,[1,-11,1793,-1783]]]""",False,Q,Q,USp(4),2066218409884394667,0
3566.b.3566.1,3566.b,3566,3566,"""[[-1,5,-8,4,-1,1],[0,1]]""","""[[2,[1,1,0,-2]],[1783,[1,5,1777,-1783]]]""",False,Q,Q,USp(4),436142463677645778,0
3568.a.228352.1,3568.a,3568,228352,"""[[0,1,9,26,21,4],[0,1]]""","""[[2,[1,-1,2]],[223,[1,17,239,223]]]""",False,Q,Q,USp(4),2157721633100516176,0
3568.a.3568.1,3568.a,3568,3568,"""[[-1,-4,-9,-11,-9,-4,-1],[0,1]]""","""[[2,[1,-1,2]],[223,[1,17,239,223]]]""",False,Q,Q,USp(4),2157721633100516176,0
3568.b.57088.1,3568.b,3568,57088,"""[[-1,3,-5,1,0,2],[1,1]]""","""[[2,[1,-1]],[223,[1,-15,207,223]]]""",False,Q,Q,USp(4),1373036992060081081,0
3568.c.57088.1,3568.c,3568,57088,"""[[-1,-1,0,-1],[1,1,1,1]]""","""[[2,[1]],[223,[1,-16,206,223]]]""",False,Q,Q,USp(4),518689898806153116,0
3568.d.913408.1,3568.d,3568,913408,"""[[1,-2,5,-5,1],[0,0,0,1]]""","""[[2,[1]],[223,[1,18,204,-223]]]""",False,Q,Q,USp(4),2119182530312606150,0
3570.a.3570.1,3570.a,3570,3570,"""[[-10,23,-47,50,-47,23,-10],[1,0,0,1]]""","""[[2,[1,2,3,2]],[3,[1,1,3,3]],[5,[1,3,7,5]],[7,[1,-3,3,7]],[17,[1,5,11,-17]]]""",True,Q x Q,Q x Q,SU(2)xSU(2),148751020011861083,0
3571.a.3571.1,3571.a,3571,3571,"""[[0,-1,1,0,-2],[1,1,0,1]]""","""[[3571,[1,-79,3491,3571]]]""",False,Q,Q,USp(4),1013192542567108641,0
3572.a.57152.1,3572.a,3572,57152,"""[[0,2,-1,-3,-1,1],[1,1,0,1]]""","""[[2,[1,1,1]],[19,[1,-8,26,-19]],[47,[1,0,46,47]]]""",False,Q,Q,USp(4),1771499938198649782,0
3572.b.114304.1,3572.b,3572,114304,"""[[-3,1,-8,0,-5,-1],[0,1,1]]""","""[[2,[1,0,-1]],[19,[1,7,11,-19]],[47,[1,9,55,47]]]""",False,Q,Q,USp(4),1498739627046640932,0
3578.a.57248.1,3578.a,3578,57248,"""[[0,0,0,2,2,-1],[1,1]]""","""[[2,[1,1,0,-2]],[1789,[1,59,1847,1789]]]""",False,Q,Q,USp(4),286669198112020142,0
3584.a.3584.1,3584.a,3584,3584,"""[[-1,3,-3,0,0,-1],[1,1,1,1]]""","""[[2,[1]],[7,[1,1,7,7]]]""",False,Q,Q x Q,N(SU(2)xSU(2)),2004620845929685178,0
3584.b.229376.1,3584.b,3584,229376,"""[[40,-68,34,0,-6],[1,1,1,1]]""","""[[2,[1]],[7,[1,1,7,7]]]""",True,Q x Q,CM x Q,N(U(1)xSU(2)),1070089957881203896,0
3584.c.458752.1,3584.c,3584,458752,"""[[-4,-12,-21,-22,-13,-4,1],[0,0,0,1]]""","""[[2,[1]],[7,[1,1,7,7]]]""",True,Q x Q,CM x Q,N(U(1)xSU(2)),1179899777022999227,0
3589.a.348133.1,3589.a,3589,348133,"""[[0,2,5,6,0,1],[1,0,1]]""","""[[37,[1,3,33,-37]],[97,[1,9,105,97]]]""",False,Q,Q,USp(4),1446745284757379508,0
3589.b.348133.1,3589.b,3589,348133,"""[[0,-1,-8,14,-7,1],[0,1]]""","""[[37,[1,11,47,37]],[97,[1,-9,87,97]]]""",False,Q,Q,USp(4),71733776966402512,0
3591.a.226233.1,3591.a,3591,226233,"""[[0,3,-4,-6,3,3],[0,1,1]]""","""[[3,[1,-1]],[7,[1,1,7,7]],[19,[1,3,15,-19]]]""",False,Q,Q,USp(4),799911120257014539,0
3600.a.3600.1,3600.a,3600,3600,"""[[1,0,1],[0,1,0,1]]""","""[[2,[1,1,2]],[3,[1,2,1]],[5,[1,0,-1]]]""",True,Q x Q,Q x Q,SU(2)xSU(2),2069745176737677804,0
3600.b.43200.1,3600.b,3600,43200,"""[[12,0,9,0,2],[0,1,0,1]]""","""[[2,[1,1]],[3,[1,-2,1]],[5,[1,2,1]]]""",True,Q x Q,Q x Q,SU(2)xSU(2),2230439776487112319,0
3601.a.3601.1,3601.a,3601,3601,"""[[1,-1,1,1,-1],[1,1,0,1]]""","""[[13,[1,-3,9,13]],[277,[1,3,279,277]]]""",False,Q,Q,USp(4),612459978611120942,0
3601.b.608569.1,3601.b,3601,608569,"""[[7,-3,0,2,-1],[1,1,0,1]]""","""[[13,[1,5,17,13]],[277,[1,11,287,277]]]""",False,Q,Q,USp(4),1674708351142882927,0
3616.a.115712.1,3616.a,3616,115712,"""[[1,-3,5,-5,4,-2,1],[0,1]]""","""[[2,[1,1]],[113,[1,-3,115,-113]]]""",False,Q,Q,USp(4),1298119782602105898,0
3616.b.462848.1,3616.b,3616,462848,"""[[5,-4,3,1,-1],[0,0,1,1]]""","""[[2,[1,1]],[113,[1,-19,131,-113]]]""",False,Q,Q,USp(4),2015376137630530437,0
3618.a.195372.1,3618.a,3618,195372,"""[[0,-2,3,0,-2,1],[0,1]]""","""[[2,[1,1,2,2]],[3,[1,1]],[67,[1,5,71,67]]]""",False,Q,Q,USp(4),1684741206982890160,0
3622.a.463616.1,3622.a,3622,463616,"""[[-1,-2,3,1,0,-1],[1,0,0,1]]""","""[[2,[1,0,1,-2]],[1811,[1,1,1811,1811]]]""",False,Q,Q,USp(4),1367886906807105775,0
3626.a.25382.1,3626.a,3626,25382,"""[[7,14,23,20,15,6,2],[0,1,1]]""","""[[2,[1,0,1,2]],[7,[1,-2,1]],[37,[1,-1,35,37]]]""",True,Q x Q,Q x Q,SU(2)xSU(2),1736116497463246691,0
3628.a.7256.1,3628.a,3628,7256,"""[[0,-1,-1,0,-1,-1],[1,1,0,1]]""","""[[2,[1,1,1]],[907,[1,18,888,-907]]]""",False,Q,Q,USp(4),1011926260939530426,0
3629.a.3629.1,3629.a,3629,3629,"""[[0,0,-3,0,4,-1],[1,1]]""","""[[19,[1,-3,21,-19]],[191,[1,1,191,191]]]""",False,Q,Q,USp(4),1848203112991927158,0
3630.a.439230.1,3630.a,3630,439230,"""[[-1,1,1,3,1,1,-1],[1,0,0,1]]""","""[[2,[1,-2,3,-2]],[3,[1,1,3,3]],[5,[1,-3,7,-5]],[11,[1,2,1]]]""",True,Q x Q,Q x Q,SU(2)xSU(2),1552718697811844248,0
3634.a.167164.1,3634.a,3634,167164,"""[[7,-46,57,-23,0,1],[0,1,1]]""","""[[2,[1,0,1,-2]],[23,[1,-9,31,-23]],[79,[1,1,79,79]]]""",False,Q,Q,USp(4),1653907647501751589,0
3637.a.3637.1,3637.a,3637,3637,"""[[0,0,1,0,1,1],[1]]""","""[[3637,[1,-87,3549,3637]]]""",False,Q,Q,USp(4),958988864292045343,0
3640.a.582400.1,3640.a,3640,582400,"""[[4,4,-1,-1,-1],[0,0,0,1]]""","""[[2,[1,0,2]],[5,[1,2,2,-5]],[7,[1,3,9,7]],[13,[1,-1,13,-13]]]""",False,Q,Q,USp(4),1301847488587708354,0
3644.a.7288.1,3644.a,3644,7288,"""[[0,0,0,2,4,2],[1,1,0,1]]""","""[[2,[1,1,1]],[911,[1,-46,956,-911]]]""",False,Q,Q,USp(4),1966757296992097949,0
3644.b.58304.1,3644.b,3644,58304,"""[[0,-1,0,0,0,1],[1,0,0,1]]""","""[[2,[1,0,-1]],[911,[1,-8,902,911]]]""",False,Q,Q,USp(4),1707480140354585414,0
3645.a.10935.1,3645.a,3645,10935,"""[[1,3,3,1],[0,0,0,1]]""","""[[3,[1]],[5,[1,1,5,5]]]""",True,Q x Q,CM x Q,N(U(1)xSU(2)),2185023785138987184,0
3645.a.295245.1,3645.a,3645,295245,"""[[0,1,0,-7,0,1],[1,1,1,1]]""","""[[3,[1]],[5,[1,1,5,5]]]""",True,Q x Q,CM x Q,N(U(1)xSU(2)),2185023785138987184,0
3646.a.29168.1,3646.a,3646,29168,"""[[0,2,1,0,1],[1,0,0,1]]""","""[[2,[1,2,3,2]],[1823,[1,-10,1832,-1823]]]""",False,Q,Q,USp(4),1426743914050242513,0
3648.a.98496.1,3648.a,3648,98496,"""[[-1,0,2,2,-1,-2,-1],[1,1]]""","""[[2,[1,-1,2]],[3,[1,-2,4,-3]],[19,[1,3,15,-19]]]""",False,Q,Q,USp(4),2039658126627404782,0
3648.b.233472.1,3648.b,3648,233472,"""[[3,-4,5,-1,0,1],[]]""","""[[2,[1]],[3,[1,1,1,-3]],[19,[1,5,23,19]]]""",False,Q,Q,USp(4),1297721365881562833,0
3650.a.3650.1,3650.a,3650,3650,"""[[-1,-1,0,0,1,-1],[1,0,0,1]]""","""[[2,[1,0,1,-2]],[5,[1,0,-1]],[73,[1,7,79,73]]]""",False,Q,Q,USp(4),84977612307976973,0
3650.a.456250.1,3650.a,3650,456250,"""[[0,-1,-2,15,-8,1],[0,1,1]]""","""[[2,[1,0,1,-2]],[5,[1,0,-1]],[73,[1,7,79,73]]]""",False,Q,Q,USp(4),84977612307976973,0
3655.a.3655.1,3655.a,3655,3655,"""[[0,-1,0,0,-2,-1],[1,1,1]]""","""[[5,[1,0,4,5]],[17,[1,-3,19,-17]],[43,[1,-5,37,43]]]""",False,Q,Q,USp(4),181385782082412253,0
3661.a.3661.1,3661.a,3661,3661,"""[[-1,2,-1,1],[0,1,0,1]]""","""[[7,[1,1,7,7]],[523,[1,21,543,523]]]""",False,Q,Q,USp(4),1988667758193103350,0
3664.a.58624.1,3664.a,3664,58624,"""[[-3,10,-9,0,1,1],[]]""","""[[2,[1]],[229,[1,9,219,-229]]]""",False,Q,Q,USp(4),265292164442258144,0
3664.a.937984.1,3664.a,3664,937984,"""[[-1,-8,-29,-40,-15,4],[1]]""","""[[2,[1]],[229,[1,9,219,-229]]]""",False,Q,Q,USp(4),265292164442258144,0
3664.b.234496.1,3664.b,3664,234496,"""[[3,10,3,-12,-3,4],[0,1]]""","""[[2,[1,-1,2]],[229,[1,27,255,229]]]""",False,Q,Q,USp(4),2258733498100723703,0
3675.a.385875.1,3675.a,3675,385875,"""[[-6,1,1,0,2,1],[0,0,1,1]]""","""[[3,[1,2,0,-3]],[5,[1,2,5]],[7,[1,4,7]]]""",False,Q,Q,USp(4),728503593987774394,0
3680.a.29440.1,3680.a,3680,29440,"""[[1,0,0,2,-3,1],[]]""","""[[2,[1]],[5,[1,3,1,-5]],[23,[1,5,27,23]]]""",False,Q,Q,USp(4),1008621326392008256,0
3680.b.29440.1,3680.b,3680,29440,"""[[-7,-20,0,14,7,1],[]]""","""[[2,[1]],[5,[1,1,3,-5]],[23,[1,-1,23,-23]]]""",False,Q,Q,USp(4),750396344722238505,0
3680.b.942080.1,3680.b,3680,942080,"""[[-217,-383,-245,-56,0,1],[]]""","""[[2,[1]],[5,[1,1,3,-5]],[23,[1,-1,23,-23]]]""",False,Q,Q,USp(4),750396344722238505,0
3701.a.3701.1,3701.a,3701,3701,"""[[-2,1,0,-2,0,1],[1,1,0,1]]""","""[[3701,[1,96,3604,-3701]]]""",False,Q,Q,USp(4),1572272019336880607,0
3701.b.3701.1,3701.b,3701,3701,"""[[0,-1,0,0,-2,0,1],[1,1,1,1]]""","""[[3701,[1,-51,3649,3701]]]""",False,Q,Q,USp(4),2207596384374459323,0
3701.c.3701.1,3701.c,3701,3701,"""[[0,-1,1,0,2,-3,1],[0,1]]""","""[[3701,[1,-41,3741,-3701]]]""",False,Q,Q,USp(4),635794785945562074,0
3705.a.211185.1,3705.a,3705,211185,"""[[0,1,0,-6,-2,1],[1,1,1]]""","""[[3,[1,1,3,3]],[5,[1,1,5,5]],[13,[1,-1,13,-13]],[19,[1,3,21,19]]]""",False,Q,Q,USp(4),514385146869820905,0
3705.a.240825.1,3705.a,3705,240825,"""[[5,6,8,3,2],[0,1,1,1]]""","""[[3,[1,1,3,3]],[5,[1,1,5,5]],[13,[1,-1,13,-13]],[19,[1,3,21,19]]]""",False,Q,Q,USp(4),514385146869820905,0
3705.b.722475.1,3705.b,3705,722475,"""[[-9,0,0,-4,-1,1],[0,1,0,1]]""","""[[3,[1,1,1,-3]],[5,[1,2,6,5]],[13,[1,3,9,-13]],[19,[1,3,15,-19]]]""",False,Q,Q,USp(4),183559196540035754,0
3709.a.3709.1,3709.a,3709,3709,"""[[0,-1,-1,0,0,-1],[1,1,0,1]]""","""[[3709,[1,-102,3810,-3709]]]""",False,Q,Q,USp(4),586866988473480253,0
3712.a.7424.1,3712.a,3712,7424,"""[[-1,-7,-21,-20,-8,1],[1,0,1]]""","""[[2,[1,-1,2]],[29,[1,-7,35,-29]]]""",False,Q,Q,USp(4),1133975455623593743,0
3712.b.118784.1,3712.b,3712,118784,"""[[0,-1,0,0,0,1],[1,1,1,1]]""","""[[2,[1]],[29,[1,-3,31,-29]]]""",False,Q,Q,USp(4),2112491192469428765,0
3712.c.475136.1,3712.c,3712,475136,"""[[-2,0,-2],[1,1,1,1]]""","""[[2,[1]],[29,[1,3,31,29]]]""",False,Q,Q,USp(4),592009208108625966,0
3712.d.950272.1,3712.d,3712,950272,"""[[-11,-52,-79,-32,-1,1],[0,0,1]]""","""[[2,[1,1]],[29,[1,-1,29,-29]]]""",False,Q,Q,USp(4),975584877183616227,0
3716.a.7432.1,3716.a,3716,7432,"""[[0,-1,0,2,1],[1,0,1,1]]""","""[[2,[1,1,1]],[929,[1,17,911,-929]]]""",False,Q,Q,USp(4),146552425260104901,0
3718.a.48334.1,3718.a,3718,48334,"""[[4,-3,1,0,-1],[0,0,1,1]]""","""[[2,[1,1,2,2]],[11,[1,1,11,11]],[13,[1,2,13]]]""",False,Q,Q,USp(4),157817359234690142,0
3721.a.3721.1,3721.a,3721,3721,"""[[0,1,3,1,-1],[1,1,0,1]]""","""[[61,[1,1,61]]]""",True,CM,M_2(Q),E_6,311761286647635547,0
3726.a.3726.1,3726.a,3726,3726,"""[[0,0,1,2,1,1],[1,1]]""","""[[2,[1,1,2,2]],[3,[1,0,3]],[23,[1,2,20,-23]]]""",False,Q,Q,USp(4),227656635616766959,0
3732.a.67176.1,3732.a,3732,67176,"""[[0,1,0,0,-1],[1,1,0,1]]""","""[[2,[1,1,1]],[3,[1,1,1,-3]],[311,[1,19,329,311]]]""",False,Q,Q,USp(4),512792711848064170,0
3732.b.477696.1,3732.b,3732,477696,"""[[3,-14,-33,10,6,0,-1],[1,1,0,1]]""","""[[2,[1,-1,1]],[3,[1,3,5,3]],[311,[1,-17,293,311]]]""",False,Q,Q,USp(4),1861838716179132545,0
3735.a.56025.1,3735.a,3735,56025,"""[[2,6,3,0,0,-1],[1,0,0,1]]""","""[[3,[1,0,3]],[5,[1,2,2,-5]],[83,[1,-11,71,83]]]""",False,Q,Q,USp(4),1576269025918931113,0
3744.a.29952.1,3744.a,3744,29952,"""[[1,0,-2,0,2,1],[]]""","""[[2,[1]],[3,[1,0,-1]],[13,[1,1,11,-13]]]""",False,Q,Q,USp(4),1250068113245422394,0
3746.a.3746.1,3746.a,3746,3746,"""[[-2,3,5,0,-1],[0,0,1,1]]""","""[[2,[1,1,2,2]],[1873,[1,-23,1895,-1873]]]""",False,Q,Q,USp(4),86597569236460520,0
3746.b.29968.1,3746.b,3746,29968,"""[[1,-1,-3,1,1,-1],[0,1,1]]""","""[[2,[1,0,1,-2]],[1873,[1,45,1827,-1873]]]""",False,Q,Q,USp(4),1504190377924327851,0
3746.c.239744.1,3746.c,3746,239744,"""[[0,1,0,-2,2,-1],[1,1]]""","""[[2,[1,1,0,-2]],[1873,[1,11,1883,1873]]]""",False,Q,Q,USp(4),2101171639646101020,0
3750.a.15000.1,3750.a,3750,15000,"""[[-10,-15,5,1,3],[0,0,1,1]]""","""[[2,[1,1,0,-2]],[3,[1,0,2,-3]],[5,[1]]]""",True,Q x Q,Q x Q,SU(2)xSU(2),730828986722696605,0
3753.a.33777.1,3753.a,3753,33777,"""[[0,-1,0,0,1],[0,1,1,1]]""","""[[3,[1,1]],[139,[1,-17,155,-139]]]""",False,Q,Q,USp(4),783396371110068865,0
3759.a.3759.1,3759.a,3759,3759,"""[[-1,-2,0,0,-1],[1,1,0,1]]""","""[[3,[1,1,1,-3]],[7,[1,4,10,7]],[179,[1,12,190,179]]]""",False,Q,Q,USp(4),292761712677078876,0
3764.a.3764.1,3764.a,3764,3764,"""[[3,4,-2,-4,0,1],[1,0,0,1]]""","""[[2,[1,0,1]],[941,[1,34,974,941]]]""",False,Q,Q,USp(4),770262178598112905,0
3766.a.120512.1,3766.a,3766,120512,"""[[2,1],[0,0,1,1]]""","""[[2,[1,1,0,-2]],[7,[1,3,9,7]],[269,[1,-13,255,269]]]""",False,Q,Q,USp(4),185215352836333499,0
3775.a.3775.1,3775.a,3775,3775,"""[[-1,2,-1,-3,0,1],[1,1,0,1]]""","""[[5,[1,0,1]],[151,[1,-3,153,-151]]]""",False,Q,Q,USp(4),707538267204435396,0
3776.a.15104.1,3776.a,3776,15104,"""[[0,2,4,0,-6,2],[1,0,1]]""","""[[2,[1,-1]],[59,[1,9,49,-59]]]""",False,Q,Q,USp(4),521914678574986448,0
3776.b.60416.1,3776.b,3776,60416,"""[[-12,52,-72,29,3,1],[0,0,1]]""","""[[2,[1,-1,2]],[59,[1,-11,47,59]]]""",False,Q,Q,USp(4),593321957226502838,0
3776.c.241664.1,3776.c,3776,241664,"""[[-1,2,-2,1,-1,1],[1,0,1]]""","""[[2,[1,-1]],[59,[1,-5,63,-59]]]""",False,Q,Q,USp(4),233950913243627335,0
3779.a.3779.1,3779.a,3779,3779,"""[[-60,13,-41,7,-7,1],[1,1,1]]""","""[[3779,[1,-82,3860,-3779]]]""",False,Q,Q,USp(4),2129753054865542454,0
3779.b.3779.1,3779.b,3779,3779,"""[[0,0,4,0,0,1],[1,1,0,1]]""","""[[3779,[1,-55,3833,-3779]]]""",False,Q,Q,USp(4),910183877156095118,0
3787.a.3787.1,3787.a,3787,3787,"""[[0,0,2,0,1],[1,1,0,1]]""","""[[7,[1,0,6,7]],[541,[1,29,511,-541]]]""",False,Q,Q,USp(4),1533815989105977455,0
3787.b.3787.1,3787.b,3787,3787,"""[[0,0,-1,0,0,1],[1]]""","""[[7,[1,4,10,7]],[541,[1,14,526,-541]]]""",False,Q,Q,USp(4),2272201043680998777,0
3788.a.3788.1,3788.a,3788,3788,"""[[-1,-2,1,0,-1],[0,1,1,1]]""","""[[2,[1,0,1]],[947,[1,-17,929,947]]]""",False,Q,Q,USp(4),1981364464906809180,0
3788.b.242432.1,3788.b,3788,242432,"""[[0,-2,-1,0,1,1],[1,0,0,1]]""","""[[2,[1,0,-1]],[947,[1,19,965,947]]]""",False,Q,Q,USp(4),2145006826175775245,0
3792.a.3792.1,3792.a,3792,3792,"""[[0,0,-2,-2,4,0,-1],[1,1]]""","""[[2,[1,1]],[3,[1,0,2,3]],[79,[1,-7,71,79]]]""",False,Q,Q,USp(4),83461913768465095,0
3792.a.60672.1,3792.a,3792,60672,"""[[-1,10,-27,6,17,4],[0,0,1]]""","""[[2,[1,1]],[3,[1,0,2,3]],[79,[1,-7,71,79]]]""",False,Q,Q,USp(4),83461913768465095,0
3792.b.15168.1,3792.b,3792,15168,"""[[-3,3,6,-1,-3],[0,1,0,1]]""","""[[2,[1,-1]],[3,[1,0,2,-3]],[79,[1,-1,79,-79]]]""",False,Q,Q,USp(4),662553925604977296,0
3792.b.485376.1,3792.b,3792,485376,"""[[-4,1,27,-7,-67,8,56],[1,1]]""","""[[2,[1,-1]],[3,[1,0,2,-3]],[79,[1,-1,79,-79]]]""",False,Q,Q,USp(4),662553925604977296,0
3797.a.3797.1,3797.a,3797,3797,"""[[0,1,159,88,16,1],[0,0,1]]""","""[[3797,[1,-53,3743,3797]]]""",False,Q,Q,USp(4),2124495834712094002,0
3798.a.729216.1,3798.a,3798,729216,"""[[0,0,-1,0,2,1,1],[1,1]]""","""[[2,[1,1,0,-2]],[3,[1,1,1]],[211,[1,-5,205,211]]]""",False,Q,Q,USp(4),311909279580866299,0
3807.a.925101.1,3807.a,3807,925101,"""[[0,1,4,7,7,1],[1]]""","""[[3,[1,1]],[47,[1,10,36,-47]]]""",False,Q,Q,USp(4),956473342128583486,0
3812.a.243968.1,3812.a,3812,243968,"""[[0,-2,2],[1,0,0,1]]""","""[[2,[1,0,-1]],[953,[1,23,975,953]]]""",False,Q,Q,USp(4),502867954645674344,0
3824.a.489472.1,3824.a,3824,489472,"""[[9,14,3,-3,0,1],[0,0,0,1]]""","""[[2,[1]],[239,[1,20,218,-239]]]""",False,Q,Q,USp(4),873185411743565604,0
3827.a.3827.1,3827.a,3827,3827,"""[[0,1,1,-1,-2,1],[1]]""","""[[43,[1,2,44,43]],[89,[1,-2,90,-89]]]""",False,Q,Q,USp(4),1379685202974682861,0
3830.a.122560.1,3830.a,3830,122560,"""[[0,-2,3,4,-1],[1,0,0,1]]""","""[[2,[1,2,3,2]],[5,[1,2,6,5]],[383,[1,-13,395,-383]]]""",False,Q,Q,USp(4),743586784616568076,0
3836.a.26852.1,3836.a,3836,26852,"""[[0,1,-1,-10,-2,1],[1,1,1]]""","""[[2,[1,0,1]],[7,[1,1,7,7]],[137,[1,-11,147,-137]]]""",False,Q,Q,USp(4),1289885177358728034,0
3836.a.525532.1,3836.a,3836,525532,"""[[1,6,7,3,2],[0,1,1,1]]""","""[[2,[1,0,1]],[7,[1,1,7,7]],[137,[1,-11,147,-137]]]""",False,Q,Q,USp(4),1289885177358728034,0
3840.a.115200.1,3840.a,3840,115200,"""[[0,0,0,1,-1,2],[1]]""","""[[2,[1,2,2]],[3,[1,1,3,3]],[5,[1,3,7,5]]]""",False,Q,Q,USp(4),2271878296745013330,0
3840.a.7680.1,3840.a,3840,7680,"""[[-4,6,3,-5,-1,1],[0,0,0,1]]""","""[[2,[1,2,2]],[3,[1,1,3,3]],[5,[1,3,7,5]]]""",False,Q,Q,USp(4),2271878296745013330,0
3840.b.245760.1,3840.b,3840,245760,"""[[0,2,-1,4,-1,2],[]]""","""[[2,[1]],[3,[1,-1,3,-3]],[5,[1,1,3,-5]]]""",True,Q x Q,Q x Q,SU(2)xSU(2),1099795764137718540,0
3840.b.368640.1,3840.b,3840,368640,"""[[0,1,-13,44,-13,1],[]]""","""[[2,[1]],[3,[1,-1,3,-3]],[5,[1,1,3,-5]]]""",True,Q x Q,Q x Q,SU(2)xSU(2),1099795764137718540,0
3840.b.983040.1,3840.b,3840,983040,"""[[0,1,2,-1,2,1],[]]""","""[[2,[1]],[3,[1,-1,3,-3]],[5,[1,1,3,-5]]]""",True,Q x Q,Q x Q,SU(2)xSU(2),1099795764137718540,0
3846.a.123072.1,3846.a,3846,123072,"""[[-3,-3,1,0,-2],[0,1,0,1]]""","""[[2,[1,1,2,2]],[3,[1,1,3,3]],[641,[1,17,623,-641]]]""",False,Q,Q,USp(4),1396527392486005382,0
3852.a.3852.1,3852.a,3852,3852,"""[[0,-1,-1,0,0,1],[1,1,1]]""","""[[2,[1,0,1]],[3,[1,0,1]],[107,[1,-17,89,107]]]""",False,Q,Q,USp(4),161341752402811921,0
3854.a.3854.1,3854.a,3854,3854,"""[[0,1],[1,0,0,1]]""","""[[2,[1,2,3,2]],[41,[1,9,31,-41]],[47,[1,-4,42,47]]]""",False,Q,Q,USp(4),1413710812639457525,0
3860.a.77200.1,3860.a,3860,77200,"""[[1,-4,4],[0,0,0,1]]""","""[[2,[1,0,2]],[5,[1,2,2,-5]],[193,[1,-6,198,-193]]]""",False,Q,Q,USp(4),887056044646371588,0
3864.a.494592.1,3864.a,3864,494592,"""[[0,1,12,40,33,8],[0,1]]""","""[[2,[1,1,2]],[3,[1,-1,1,3]],[7,[1,-3,3,7]],[23,[1,-1,23,-23]]]""",False,Q,Q,USp(4),2267645630162169191,0
3866.a.7732.1,3866.a,3866,7732,"""[[1,2,0,-3,-1,1],[0,1,1]]""","""[[2,[1,0,1,2]],[1933,[1,-27,1959,-1933]]]""",False,Q,Q,USp(4),786679872546778909,0
3871.a.27097.1,3871.a,3871,27097,"""[[2,5,7,5,2],[0,0,1,1]]""","""[[7,[1,1,1]],[79,[1,10,68,-79]]]""",False,Q,Q,USp(4),489122053310720303,0
3872.a.30976.1,3872.a,3872,30976,"""[[0,1,-3,3,0,-2,1],[0,1]]""","""[[2,[1,1]],[11,[1,4,11]]]""",False,Q,Q,USp(4),526996713788336053,0
3872.a.495616.1,3872.a,3872,495616,"""[[6,-10,1,1,0,1],[0,1,0,1]]""","""[[2,[1,1]],[11,[1,4,11]]]""",False,Q,Q,USp(4),526996713788336053,0
3872.b.495616.1,3872.b,3872,495616,"""[[0,0,-1,2,-1],[1,1,1,1]]""","""[[2,[1]],[11,[1,2,1]]]""",True,Q x Q,Q x Q,SU(2)xSU(2),2120563284175361943,0
3879.a.11637.1,3879.a,3879,11637,"""[[0,-1,-2,0,2,0,-1],[1,1,0,1]]""","""[[3,[1,0,-1]],[431,[1,-9,421,431]]]""",False,Q,Q,USp(4),31117917557960840,0
3883.a.469843.1,3883.a,3883,469843,"""[[0,-1,8,15,7,1],[0,1]]""","""[[11,[1,-3,13,-11]],[353,[1,-29,323,353]]]""",False,Q,Q,USp(4),2066596455923626701,0
3887.a.3887.1,3887.a,3887,3887,"""[[1,-1,1,0,-2],[1,1,0,1]]""","""[[13,[1,1,13]],[23,[1,-8,14,23]]]""",False,Q,Q,USp(4),235970450781333083,0
3888.a.248832.1,3888.a,3888,248832,"""[[8,32,37,5,-8,1],[0,0,1]]""","""[[2,[1,-1]],[3,[1,0,3]]]""",False,Q,Q,USp(4),1915241180429367003,0
3888.a.7776.1,3888.a,3888,7776,"""[[3,4,4,2,1],[0,0,1,1]]""","""[[2,[1,-1]],[3,[1,0,3]]]""",False,Q,Q,USp(4),1915241180429367003,0
3897.a.105219.1,3897.a,3897,105219,"""[[0,3,5,6,4,2],[1,0,0,1]]""","""[[3,[1,0,-1]],[433,[1,27,459,433]]]""",False,Q,Q,USp(4),755005189499885803,0
3904.a.3904.1,3904.a,3904,3904,"""[[-1,2,-3,3,-2,1],[0,0,1]]""","""[[2,[1,1,2]],[61,[1,9,69,61]]]""",False,Q,Q,USp(4),1420516478356784404,0
3904.b.3904.1,3904.b,3904,3904,"""[[2,2,0,-2,-1],[0,0,0,1]]""","""[[2,[1]],[61,[1,-13,47,61]]]""",False,Q,Q,USp(4),2074671396657713146,0
3904.c.3904.1,3904.c,3904,3904,"""[[0,1,2,0,-3,1],[1,0,1]]""","""[[2,[1,1,2]],[61,[1,-5,65,-61]]]""",False,Q,Q,USp(4),937547512551692452,0
3904.d.999424.1,3904.d,3904,999424,"""[[0,1,1,3,0,2],[1,0,1]]""","""[[2,[1,-1]],[61,[1,9,69,61]]]""",False,Q,Q,USp(4),1355590829817318816,0
3908.a.15632.1,3908.a,3908,15632,"""[[1,-2,-2],[1,1,1,1]]""","""[[2,[1,0,2]],[977,[1,7,983,977]]]""",False,Q,Q,USp(4),290232154086999733,0
3914.a.31312.1,3914.a,3914,31312,"""[[1,1,0,-1,0,1],[0,1,0,1]]""","""[[2,[1,1,0,-2]],[19,[1,4,14,-19]],[103,[1,5,97,-103]]]""",False,Q,Q,USp(4),138774383321685727,0
3920.a.62720.1,3920.a,3920,62720,"""[[-7,0,14,-8,-1,1],[]]""","""[[2,[1]],[5,[1,0,4,5]],[7,[1,2,7]]]""",False,Q,Q,USp(4),316639374900293017,0
3920.b.62720.1,3920.b,3920,62720,"""[[1,3,0,-4,0,1],[]]""","""[[2,[1]],[5,[1,2,2,-5]],[7,[1,4,7]]]""",False,Q,Q,USp(4),95035316484979391,0
3920.c.125440.1,3920.c,3920,125440,"""[[-10,0,8,0,-3],[0,1,0,1]]""","""[[2,[1,-1]],[5,[1,5,9,5]],[7,[1,0,-1]]]""",True,Q x Q,Q x Q,SU(2)xSU(2),1876565227485968144,0
3940.a.15760.1,3940.a,3940,15760,"""[[0,-1,1,0,0,0,1],[1]]""","""[[2,[1,0,2]],[5,[1,2,2,-5]],[197,[1,8,188,-197]]]""",False,Q,Q,USp(4),1465783720588909317,0
3940.b.394000.1,3940.b,3940,394000,"""[[6,2,2,0,-1],[1,1,1,1]]""","""[[2,[1,2,2]],[5,[1,0,4,-5]],[197,[1,-22,218,-197]]]""",False,Q,Q,USp(4),2163228359285992584,0
3942.a.31536.1,3942.a,3942,31536,"""[[-1,0,0,0,1],[1,0,0,1]]""","""[[2,[1,0,1,-2]],[3,[1,2,3]],[73,[1,-11,83,-73]]]""",False,Q,Q,USp(4),98678656585293396,0
3942.b.319302.1,3942.b,3942,319302,"""[[-75,-74,131,-19,-10,1],[1,0,0,1]]""","""[[2,[1,0,1,-2]],[3,[1,-1]],[73,[1,-11,83,-73]]]""",False,Q,Q,USp(4),1092678314960636226,0
3944.a.126208.1,3944.a,3944,126208,"""[[-1,0,0,2,4,2],[0,1,0,1]]""","""[[2,[1,1]],[17,[1,5,11,-17]],[29,[1,-5,23,29]]]""",False,Q,Q,USp(4),1467149062397325265,0
3950.a.7900.1,3950.a,3950,7900,"""[[1,-1,-1],[0,1,0,1]]""","""[[2,[1,1,2,2]],[5,[1,2,5]],[79,[1,-9,87,-79]]]""",False,Q,Q,USp(4),460206061689992013,0
3950.b.39500.1,3950.b,3950,39500,"""[[1,0,-1,2,-2],[1,0,0,1]]""","""[[2,[1,0,1,2]],[5,[1,-2,1]],[79,[1,-7,71,79]]]""",False,Q,Q,USp(4),1616253654837888510,0
3956.a.506368.1,3956.a,3956,506368,"""[[1,3,-1,-7,-1,4],[0,1,1]]""","""[[2,[1,0,-1]],[23,[1,5,17,-23]],[43,[1,7,49,43]]]""",False,Q,Q,USp(4),46441848903310345,0
3960.a.7920.1,3960.a,3960,7920,"""[[-15,0,37,0,-31,0,8],[0,1,0,1]]""","""[[2,[1,1,2]],[3,[1,0,-1]],[5,[1,1,3,-5]],[11,[1,5,15,11]]]""",True,Q x Q,Q x Q,SU(2)xSU(2),1162560897046345472,0
3967.a.3967.1,3967.a,3967,3967,"""[[0,2,3,4,2,1],[1,1]]""","""[[3967,[1,-37,4003,-3967]]]""",False,Q,Q,USp(4),1327090079793608889,0
3969.a.3969.1,3969.a,3969,3969,"""[[-1,1,2,-6,0,2],[1,1,0,1]]""","""[[3,[1,1,3]],[7,[1,3,7]]]""",False,Q,Q,USp(4),530978126489130925,0
3969.b.35721.1,3969.b,3969,35721,"""[[0,0,-3,0,3,-2],[1,1,0,1]]""","""[[3,[1,3,3]],[7,[1,5,7]]]""",True,CM,M_2(Q),E_6,1846074924137177523,0
3969.c.35721.1,3969.c,3969,35721,"""[[0,-1,0,4,-5,1],[0,1,1]]""","""[[3,[1,0,3]],[7,[1,-4,7]]]""",True,CM,M_2(Q),E_6,904766129487525449,0
3969.d.250047.1,3969.d,3969,250047,"""[[0,1,0,-4,5,-3],[1,1,1]]""","""[[3,[1]],[7,[1,-2,1]]]""",True,RM,M_2(Q),J(E_1),2292748438181998889,0
3970.a.992500.1,3970.a,3970,992500,"""[[-9,10,1,-7,0,1],[0,1,1]]""","""[[2,[1,0,1,-2]],[5,[1,-1,3,5]],[397,[1,1,395,-397]]]""",False,Q,Q,USp(4),1646831301133924251,0
3973.a.3973.1,3973.a,3973,3973,"""[[1,3,4,4,2,1],[1]]""","""[[29,[1,-1,29,-29]],[137,[1,-10,146,-137]]]""",False,Q,Q,USp(4),1041973477774943235,0
3978.a.930852.1,3978.a,3978,930852,"""[[0,6,-8,-3,3,1],[0,1,1]]""","""[[2,[1,0,1,-2]],[3,[1,0,-1]],[13,[1,3,15,13]],[17,[1,-1,15,17]]]""",False,Q,Q,USp(4),564599163823375449,0
3979.a.3979.1,3979.a,3979,3979,"""[[0,0,0,1,1,-1],[1,1]]""","""[[23,[1,3,19,-23]],[173,[1,-1,171,173]]]""",False,Q,Q,USp(4),1105408140513959027,0
3984.a.47808.1,3984.a,3984,47808,"""[[0,0,0,1,0,-2],[1,1]]""","""[[2,[1,1]],[3,[1,2,4,3]],[83,[1,-13,95,-83]]]""",False,Q,Q,USp(4),1712345674436761872,0
3989.a.3989.1,3989.a,3989,3989,"""[[0,-1,1,0,0,1],[1]]""","""[[3989,[1,111,4099,3989]]]""",False,Q,Q,USp(4),794464905748848594,0
3997.a.3997.1,3997.a,3997,3997,"""[[-1,0,0,2,1,1],[0,1,0,1]]""","""[[7,[1,1,5,-7]],[571,[1,-19,551,571]]]""",False,Q,Q,USp(4),307712942324030272,0
4000.a.8000.1,4000.a,4000,8000,"""[[-2,-6,-8,-6,-2],[0,0,0,1]]""","""[[2,[1]],[5,[1,1]]]""",True,Q x Q,Q x Q,SU(2)xSU(2),1299813734774075886,0
4006.a.64096.1,4006.a,4006,64096,"""[[0,-1,0,1,2,1],[0,1,1]]""","""[[2,[1,0,1,-2]],[2003,[1,49,2051,2003]]]""",False,Q,Q,USp(4),1330517981575735753,0
4016.a.64256.1,4016.a,4016,64256,"""[[0,1,1,-1,-3,-2,1],[1]]""","""[[2,[1]],[251,[1,-2,248,251]]]""",False,Q,Q,USp(4),138820118604344694,0
4021.a.4021.1,4021.a,4021,4021,"""[[0,1,2,0,0,1],[1,1,0,1]]""","""[[4021,[1,-52,3968,4021]]]""",False,Q,Q,USp(4),1696566277751833770,0
4025.a.4025.1,4025.a,4025,4025,"""[[0,1,2],[1,1,0,1]]""","""[[5,[1,4,5]],[7,[1,1,5,-7]],[23,[1,4,26,23]]]""",False,Q,Q,USp(4),1616567247026340982,0
4032.a.36288.1,4032.a,4032,36288,"""[[6,6,2,-2,-1],[0,0,0,1]]""","""[[2,[1]],[3,[1,2,1]],[7,[1,-1,7,-7]]]""",True,Q x Q,Q x Q,SU(2)xSU(2),1005337243900536466,0
4036.a.16144.1,4036.a,4036,16144,"""[[1,-2,3,-2,1],[0,0,0,1]]""","""[[2,[1,0,2]],[1009,[1,-25,983,1009]]]""",False,Q,Q,USp(4),220181482114701441,0
4043.a.4043.1,4043.a,4043,4043,"""[[0,1,2,0,-1,1],[0,1]]""","""[[13,[1,1,11,-13]],[311,[1,-33,343,-311]]]""",False,Q,Q,USp(4),229315540691327300,0
4044.a.8088.1,4044.a,4044,8088,"""[[3,-15,25,-20,9,2],[0,1,1]]""","""[[2,[1,0,-1]],[3,[1,0,2,3]],[337,[1,21,315,-337]]]""",False,Q,Q,USp(4),1466963111351393422,0
4046.a.4046.1,4046.a,4046,4046,"""[[-1,2,-3,2,-3,2,-1],[0,1,1]]""","""[[2,[1,0,1,-2]],[7,[1,-3,3,7]],[17,[1,0,-1]]]""",True,Q x Q,Q x Q,SU(2)xSU(2),1822825279098412176,0
4046.b.258944.1,4046.b,4046,258944,"""[[19,22,30,17,11,3,1],[0,1,1]]""","""[[2,[1,0,1,-2]],[7,[1,-5,11,-7]],[17,[1,0,-1]]]""",True,Q x Q,Q x Q,SU(2)xSU(2),1537878655496168150,0
4048.a.712448.1,4048.a,4048,712448,"""[[0,-1,-4,1,3,1],[]]""","""[[2,[1]],[11,[1,5,5,-11]],[23,[1,3,19,-23]]]""",False,Q,Q,USp(4),2241492255948711974,0
4051.a.4051.1,4051.a,4051,4051,"""[[-62,13,40,-8,-7,1],[1,1,1]]""","""[[4051,[1,-91,3959,4051]]]""",False,Q,Q,USp(4),1046720400354425811,0
4059.a.133947.1,4059.a,4059,133947,"""[[2,-3,-2,-1,3,1],[1,0,1]]""","""[[3,[1,2,3]],[11,[1,4,14,11]],[41,[1,-3,43,-41]]]""",False,Q,Q,USp(4),2090009033189126760,0
4069.a.4069.1,4069.a,4069,4069,"""[[0,1,0,2,0,1],[0,1]]""","""[[13,[1,1,11,-13]],[313,[1,-11,323,-313]]]""",False,Q,Q,USp(4),323211107498039600,0
4069.a.4069.2,4069.a,4069,4069,"""[[-1,16,0,-8,0,1],[0,1]]""","""[[13,[1,1,11,-13]],[313,[1,-11,323,-313]]]""",False,Q,Q,USp(4),323211107498039600,0
4075.a.4075.1,4075.a,4075,4075,"""[[0,1,0,-2,-2],[0,1,0,1]]""","""[[5,[1,0,-1]],[163,[1,-3,159,163]]]""",False,Q,Q,USp(4),526503229844860536,0
4080.a.440640.1,4080.a,4080,440640,"""[[1,30,238,616,-96,2],[1,0,1]]""","""[[2,[1,-1]],[3,[1,-1,3,-3]],[5,[1,1,3,-5]],[17,[1,-3,19,-17]]]""",True,Q x Q,Q x Q,SU(2)xSU(2),469026281745726904,0
4086.a.32688.1,4086.a,4086,32688,"""[[0,2,7,5,1,1],[1,1]]""","""[[2,[1,1,0,-2]],[3,[1,0,1]],[227,[1,11,215,-227]]]""",False,Q,Q,USp(4),1106072220802187432,0
4086.b.294192.1,4086.b,4086,294192,"""[[0,2,7,2,-11,3],[1,1]]""","""[[2,[1,1,2,2]],[3,[1,0,-1]],[227,[1,-11,215,227]]]""",False,Q,Q,USp(4),1720020066482111539,0
4096.a.65536.1,4096.a,4096,65536,"""[[4,0,3,0,-2],[0,0,0,1]]""","""[[2,[1]]]""",True,Q x Q,CM x Q,N(U(1)xSU(2)),2125776343719459273,0
4096.b.65536.1,4096.b,4096,65536,"""[[0,-1,0,0,0,1],[]]""","""[[2,[1]]]""",True,CM,M_2(CM),J(C_2),2256708071540773966,0
4096.c.65536.1,4096.c,4096,65536,"""[[-4,0,3,0,2],[0,0,0,1]]""","""[[2,[1]]]""",True,Q x Q,CM x Q,N(U(1)xSU(2)),992326379917044376,0
4096.d.524288.1,4096.d,4096,524288,"""[[8,0,6,0,2],[0,0,0,1]]""","""[[2,[1]]]""",True,Q x Q,CM x Q,N(U(1)xSU(2)),152338518881481047,0
4096.e.524288.1,4096.e,4096,524288,"""[[0,-1,-2,0,-2,1],[]]""","""[[2,[1]]]""",True,CM,M_2(Q),E_4,1559690718239781401,0
4096.f.524288.1,4096.f,4096,524288,"""[[-8,0,6,0,-2],[0,0,0,1]]""","""[[2,[1]]]""",True,Q x Q,CM x Q,N(U(1)xSU(2)),991327004712357057,0
4100.a.65600.1,4100.a,4100,65600,"""[[1,2,6,6,6,3,1],[1,1,0,1]]""","""[[2,[1,-1,1]],[5,[1,0,5]],[41,[1,-8,32,41]]]""",False,Q,Q,USp(4),673225449412011073,0
4109.a.4109.1,4109.a,4109,4109,"""[[0,1,0,-1,-1,1],[1]]""","""[[7,[1,1,5,-7]],[587,[1,-32,554,587]]]""",False,Q,Q,USp(4),1227326288220742371,0
4110.a.131520.1,4110.a,4110,131520,"""[[-1,1,1,-3,-3,1,1],[1,1,1]]""","""[[2,[1,-2,3,-2]],[3,[1,1,1,-3]],[5,[1,-2,2,5]],[137,[1,-5,131,137]]]""",False,Q,Q,USp(4),560797914729370308,0
4112.a.16448.1,4112.a,4112,16448,"""[[0,1,0,-1,1,2],[1,0,1]]""","""[[2,[1,1]],[257,[1,-15,271,-257]]]""",False,Q,Q,USp(4),529988573288573378,0
4112.a.4112.1,4112.a,4112,4112,"""[[0,1,-4,-12,8,1],[1,0,1]]""","""[[2,[1,1]],[257,[1,-15,271,-257]]]""",False,Q,Q,USp(4),529988573288573378,0
4116.a.16464.1,4116.a,4116,16464,"""[[7,0,-16,0,6,0,-1],[0,1,0,1]]""","""[[2,[1,-1,2]],[3,[1,1,3,3]],[7,[1,1]]]""",True,Q x Q,CM x Q,N(U(1)xSU(2)),45263277747062201,0
4116.b.98784.1,4116.b,4116,98784,"""[[-1,-3,0,5,0,-3,1],[0,1,1]]""","""[[2,[1,2,1]],[3,[1,1,1,-3]],[7,[1,-1]]]""",True,Q x Q,Q x Q,SU(2)xSU(2),491992776426583159,0
4116.c.115248.1,4116.c,4116,115248,"""[[-7,0,26,0,-28,0,5],[0,1,0,1]]""","""[[2,[1,-1,2]],[3,[1,-1,3,-3]],[7,[1,-1]]]""",True,Q x Q,CM x Q,N(U(1)xSU(2)),2271851443723872480,0
4118.a.131776.1,4118.a,4118,131776,"""[[0,1,1,-1,-1,-1],[1,1]]""","""[[2,[1,1,0,-2]],[29,[1,-1,29,-29]],[71,[1,7,63,-71]]]""",False,Q,Q,USp(4),28856864893448462,0
4123.a.4123.1,4123.a,4123,4123,"""[[0,1,0,-2,0,1],[0,1]]""","""[[7,[1,3,3,-7]],[19,[1,3,15,-19]],[31,[1,-5,35,-31]]]""",False,Q,Q,USp(4),1462287261182915660,0
4123.a.4123.2,4123.a,4123,4123,"""[[1,16,0,8,0,1],[0,1]]""","""[[7,[1,3,3,-7]],[19,[1,3,15,-19]],[31,[1,-5,35,-31]]]""",False,Q,Q,USp(4),1462287261182915660,0
4123.a.4123.3,4123.a,4123,4123,"""[[4,47,182,224,-32,1],[0,0,1]]""","""[[7,[1,3,3,-7]],[19,[1,3,15,-19]],[31,[1,-5,35,-31]]]""",False,Q,Q,USp(4),1462287261182915660,0
4125.a.4125.1,4125.a,4125,4125,"""[[0,-1,0,0,-2,2,-1],[1,1,1]]""","""[[3,[1,1,1,-3]],[5,[1,1]],[11,[1,3,7,-11]]]""",False,Q,Q,USp(4),1473622207697020706,0
4125.a.680625.1,4125.a,4125,680625,"""[[-16,1,28,16,0,-1],[1,1,1]]""","""[[3,[1,1,1,-3]],[5,[1,1]],[11,[1,3,7,-11]]]""",False,Q,Q,USp(4),1473622207697020706,0
4128.a.74304.1,4128.a,4128,74304,"""[[0,2,1,3,1,1],[1,0,1]]""","""[[2,[1,1,2]],[3,[1,1,1,-3]],[43,[1,3,45,43]]]""",False,Q,Q,USp(4),1697215478901796757,0
4128.b.594432.1,4128.b,4128,594432,"""[[0,1,1,-1,0,0,1],[1]]""","""[[2,[1]],[3,[1,2,0,-3]],[43,[1,3,39,-43]]]""",False,Q,Q,USp(4),888711196778450948,0
4132.a.66112.1,4132.a,4132,66112,"""[[-2,2,-2,1],[1,0,0,1]]""","""[[2,[1,0,-1]],[1033,[1,-27,1059,-1033]]]""",False,Q,Q,USp(4),1574038167861157603,0
4136.a.8272.1,4136.a,4136,8272,"""[[0,0,-1,-1,0,-2],[1,1]]""","""[[2,[1,1,2]],[11,[1,-3,7,11]],[47,[1,7,39,-47]]]""",False,Q,Q,USp(4),1864919771507274915,0
4136.b.8272.1,4136.b,4136,8272,"""[[0,1,0,-1,-2,0,1],[1,0,1]]""","""[[2,[1,1]],[11,[1,3,13,11]],[47,[1,11,57,47]]]""",False,Q,Q,USp(4),965626007193646861,0
4136.c.132352.1,4136.c,4136,132352,"""[[-2,-9,-12,0,8,2],[1,1]]""","""[[2,[1,-1]],[11,[1,3,13,11]],[47,[1,-5,41,47]]]""",False,Q,Q,USp(4),937090493861836409,0
4137.a.86877.1,4137.a,4137,86877,"""[[-1,0,0,-1,-1],[0,1,0,1]]""","""[[3,[1,1,1,-3]],[7,[1,2,4,-7]],[197,[1,-19,215,-197]]]""",False,Q,Q,USp(4),1563614204345156255,0
4138.a.132416.1,4138.a,4138,132416,"""[[0,8,-12,4,-1,1],[0,1]]""","""[[2,[1,1,0,-2]],[2069,[1,39,2029,-2069]]]""",False,Q,Q,USp(4),1606311662537719192,0
4146.a.24876.1,4146.a,4146,24876,"""[[1,-1,1,0,-2],[0,1,0,1]]""","""[[2,[1,1,2,2]],[3,[1,1,3,3]],[691,[1,-45,735,-691]]]""",False,Q,Q,USp(4),2105360897522364634,0
4150.a.41500.1,4150.a,4150,41500,"""[[-1,-1,0,0,2,3,1],[1,1,1]]""","""[[2,[1,0,1,2]],[5,[1,0,-1]],[83,[1,1,83,83]]]""",False,Q,Q,USp(4),891684249553724442,0
4152.a.49824.1,4152.a,4152,49824,"""[[-1,-1,0,1],[0,1,0,1]]""","""[[2,[1,-1]],[3,[1,0,2,-3]],[173,[1,5,167,-173]]]""",False,Q,Q,USp(4),184204825590559996,0
4156.a.8312.1,4156.a,4156,8312,"""[[0,0,0,0,-2],[1,1,0,1]]""","""[[2,[1,1,1]],[1039,[1,-4,1042,-1039]]]""",False,Q,Q,USp(4),2061455199846245354,0
4157.a.4157.1,4157.a,4157,4157,"""[[0,2,4,5,3,1],[1]]""","""[[4157,[1,53,4103,-4157]]]""",False,Q,Q,USp(4),1522003464087223793,0
4158.a.16632.1,4158.a,4158,16632,"""[[-15,32,-53,64,-53,32,-15],[0,1,1]]""","""[[2,[1,0,1,-2]],[3,[1,-1]],[7,[1,-1,5,7]],[11,[1,-3,7,11]]]""",True,Q x Q,Q x Q,SU(2)xSU(2),210452239708328416,0
4160.a.16640.1,4160.a,4160,16640,"""[[1,1,1,1],[0,1,0,1]]""","""[[2,[1,1]],[5,[1,3,1,-5]],[13,[1,1,13,13]]]""",False,Q,Q,USp(4),2000249740606169671,0
4167.a.12501.1,4167.a,4167,12501,"""[[0,1,2,4,3,1],[0,1]]""","""[[3,[1,0,-1]],[463,[1,-17,479,-463]]]""",False,Q,Q,USp(4),1337852722975280641,0
4168.a.266752.1,4168.a,4168,266752,"""[[-1,1,-2,1],[0,1,0,1]]""","""[[2,[1,-1]],[521,[1,4,524,521]]]""",False,Q,Q,USp(4),307415469730837437,0
4171.a.4171.1,4171.a,4171,4171,"""[[-1,2,-1,-2],[1,0,1,1]]""","""[[43,[1,5,47,43]],[97,[1,9,87,-97]]]""",False,Q,Q,USp(4),1241590607072214918,0
4173.a.12519.1,4173.a,4173,12519,"""[[-4,-1,5,0,-2],[1,0,0,1]]""","""[[3,[1,0,2,3]],[13,[1,2,10,-13]],[107,[1,13,119,107]]]""",False,Q,Q,USp(4),104432873319175586,0
4178.a.4178.1,4178.a,4178,4178,"""[[-6,-1,6,0,-2],[1,0,0,1]]""","""[[2,[1,2,3,2]],[2089,[1,33,2055,-2089]]]""",False,Q,Q,USp(4),2239291580281359558,0
4181.a.472453.1,4181.a,4181,472453,"""[[1,-4,6,-1,2],[0,1,0,1]]""","""[[37,[1,-13,49,-37]],[113,[1,-5,107,113]]]""",False,Q,Q,USp(4),1059313024132957753,0
4185.a.4185.1,4185.a,4185,4185,"""[[0,-2,3,0,-2],[1,0,0,1]]""","""[[3,[1,2,3]],[5,[1,1,5,5]],[31,[1,-3,27,31]]]""",False,Q,Q,USp(4),14398897941538069,0
4185.b.4185.1,4185.b,4185,4185,"""[[-1,1,-1,0,-1],[1,1,0,1]]""","""[[3,[1,2,3]],[5,[1,2,2,-5]],[31,[1,8,38,31]]]""",False,Q,Q,USp(4),504436756814632339,0
4185.c.37665.1,4185.c,4185,37665,"""[[5,-7,3,0,0,-1],[1,1,0,1]]""","""[[3,[1,0,3]],[5,[1,2,2,-5]],[31,[1,-6,24,31]]]""",False,Q,Q,USp(4),2132301059254530475,0
4190.a.8380.1,4190.a,4190,8380,"""[[1,4,1,-3,0,1],[1,0,0,1]]""","""[[2,[1,0,1,-2]],[5,[1,1,3,-5]],[419,[1,-3,415,419]]]""",False,Q,Q,USp(4),3091547312431364,0
4196.a.16784.1,4196.a,4196,16784,"""[[13,14,15,8,4,1],[0,0,0,1]]""","""[[2,[1,0,2]],[1049,[1,-32,1016,1049]]]""",False,Q,Q,USp(4),730729743614022008,0
4196.b.33568.1,4196.b,4196,33568,"""[[1,-1,-1,0,-1],[0,1,1,1]]""","""[[2,[1,0,-1]],[1049,[1,62,1110,1049]]]""",False,Q,Q,USp(4),1939691348011959674,0
4197.a.4197.1,4197.a,4197,4197,"""[[3,-3,-2,0,1,1],[0,0,0,1]]""","""[[3,[1,1,1,-3]],[1399,[1,74,1472,1399]]]""",False,Q,Q,USp(4),196550897742475954,0
4200.a.8400.1,4200.a,4200,8400,"""[[-105,0,72,0,-17,0,1],[0,1,0,1]]""","""[[2,[1,-1,2]],[3,[1,-1,3,-3]],[5,[1,-2,1]],[7,[1,3,3,-7]]]""",True,Q x Q,Q x Q,SU(2)xSU(2),1450966793964305162,0
4225.a.274625.1,4225.a,4225,274625,"""[[1,3,10,6,4,1],[1,0,0,1]]""","""[[5,[1,2,1]],[13,[1,-2,1]]]""",True,RM,RM,SU(2)xSU(2),1811255940982796660,0
4234.a.33872.1,4234.a,4234,33872,"""[[0,1,1,-3,-1,1],[1,1]]""","""[[2,[1,1,0,-2]],[29,[1,-3,31,-29]],[73,[1,13,59,-73]]]""",False,Q,Q,USp(4),74436124181478931,0
4234.b.618164.1,4234.b,4234,618164,"""[[-3,1,5,-3,-3,1],[0,1,1]]""","""[[2,[1,0,1,-2]],[29,[1,9,19,-29]],[73,[1,-1,71,73]]]""",False,Q,Q,USp(4),2071564096516493825,0
4236.a.203328.1,4236.a,4236,203328,"""[[2,7,10,6,1],[1,1,0,1]]""","""[[2,[1,1,1]],[3,[1,1,3,3]],[353,[1,-34,386,-353]]]""",False,Q,Q,USp(4),1318538881683371928,0
4236.b.542208.1,4236.b,4236,542208,"""[[1,1,-1,2,-1],[0,1,1,1]]""","""[[2,[1,0,-1]],[3,[1,1,1,-3]],[353,[1,-17,335,353]]]""",False,Q,Q,USp(4),1729832535544038701,0
4240.a.84800.1,4240.a,4240,84800,"""[[0,0,1,2,2,0,-1],[1,1]]""","""[[2,[1,-1]],[5,[1,3,1,-5]],[53,[1,5,47,-53]]]""",False,Q,Q,USp(4),1943839273769877490,0
4252.a.68032.1,4252.a,4252,68032,"""[[0,-1,-1,0,1],[1,0,0,1]]""","""[[2,[1,0,-1]],[1063,[1,-55,1007,1063]]]""",False,Q,Q,USp(4),293094152703892654,0
4254.a.25524.1,4254.a,4254,25524,"""[[0,1,1,-3,1,-1],[1,1]]""","""[[2,[1,1,0,-2]],[3,[1,0,2,-3]],[709,[1,21,729,709]]]""",False,Q,Q,USp(4),1906307408594372772,0
4254.b.25524.1,4254.b,4254,25524,"""[[0,2,-6,9,-7,3],[0,1]]""","""[[2,[1,-1,2,-2]],[3,[1,0,2,3]],[709,[1,-9,717,-709]]]""",False,Q,Q,USp(4),822974442859276430,0
4255.a.97865.1,4255.a,4255,97865,"""[[-1449,665,60,-50,0,1],[1,1]]""","""[[5,[1,-1,5,-5]],[23,[1,-5,27,-23]],[37,[1,3,39,37]]]""",False,Q,Q,USp(4),1798427394085102478,0
4256.a.544768.1,4256.a,4256,544768,"""[[-1,0,-2,-3,0,-4,-4],[1,1]]""","""[[2,[1,-1,2]],[7,[1,2,4,-7]],[19,[1,-1,17,19]]]""",False,Q,Q,USp(4),456854377577153796,0
4263.a.4263.1,4263.a,4263,4263,"""[[0,-1,0,0,-2],[1,1,0,1]]""","""[[3,[1,2,0,-3]],[7,[1,3,7]],[29,[1,-11,39,-29]]]""",False,Q,Q,USp(4),307780599065627036,0
4264.a.699296.1,4264.a,4264,699296,"""[[-4,8,-17,18,-16,8,-3],[1,1]]""","""[[2,[1,-1]],[13,[1,5,7,-13]],[41,[1,-3,43,-41]]]""",False,Q,Q,USp(4),2205357016043986501,0
4273.a.4273.1,4273.a,4273,4273,"""[[-2,-1,2,0,-2],[0,1,0,1]]""","""[[4273,[1,36,4236,-4273]]]""",False,Q,Q,USp(4),543877314384490632,0
4276.a.273664.1,4276.a,4276,273664,"""[[0,0,0,4,8,4],[1,1,1]]""","""[[2,[1,0,-1]],[1069,[1,-34,1034,1069]]]""",False,Q,Q,USp(4),1259484284528146517,0
4282.a.8564.1,4282.a,4282,8564,"""[[-1,-1,0,1,1],[0,0,1,1]]""","""[[2,[1,1,2,2]],[2141,[1,11,2129,-2141]]]""",False,Q,Q,USp(4),2053849122523198362,0
4288.a.34304.1,4288.a,4288,34304,"""[[0,0,1,1,-1,0,1],[1,1]]""","""[[2,[1,1]],[67,[1,-8,58,67]]]""",False,Q,Q,USp(4),1308844555444091496,0
4288.b.548864.1,4288.b,4288,548864,"""[[0,0,1,2,4,2,1],[1,1]]""","""[[2,[1,-1]],[67,[1,-14,80,-67]]]""",False,Q,Q,USp(4),832844024273962376,0
4291.a.30037.1,4291.a,4291,30037,"""[[0,1,2,2,0,1],[1]]""","""[[7,[1,3,3,-7]],[613,[1,-21,591,613]]]""",False,Q,Q,USp(4),1881830431104387224,0
4293.a.4293.1,4293.a,4293,4293,"""[[3,-7,7,-2,-1,1],[1]]""","""[[3,[1]],[53,[1,-5,47,53]]]""",False,Q,Q,USp(4),465883251343332661,0
4293.b.38637.1,4293.b,4293,38637,"""[[1,2,4,3,2],[0,1,1,1]]""","""[[3,[1,-1]],[53,[1,7,59,53]]]""",False,Q,Q,USp(4),1157476749563780680,0
4293.c.38637.1,4293.c,4293,38637,"""[[0,0,0,0,-3,3],[1]]""","""[[3,[1]],[53,[1,5,47,-53]]]""",False,Q,Q,USp(4),1496418401044490931,0
4296.a.34368.1,4296.a,4296,34368,"""[[0,-2,-1,1,4,-4,1],[0,1]]""","""[[2,[1,1]],[3,[1,2,4,3]],[179,[1,-16,162,179]]]""",False,Q,Q,USp(4),1162451700199146144,0
4298.a.137536.1,4298.a,4298,137536,"""[[-1,-1,0,0,1],[0,0,1,1]]""","""[[2,[1,1,0,-2]],[7,[1,1,5,-7]],[307,[1,19,287,-307]]]""",False,Q,Q,USp(4),1405616300837733150,0
4304.a.68864.1,4304.a,4304,68864,"""[[13,-12,-1,-1,1],[0,0,1,1]]""","""[[2,[1,1]],[269,[1,26,242,-269]]]""",False,Q,Q,USp(4),728958836605472913,0
4304.b.275456.1,4304.b,4304,275456,"""[[0,-2,1],[0,1,0,1]]""","""[[2,[1,1]],[269,[1,11,257,-269]]]""",False,Q,Q,USp(4),1287696299899740249,0
4310.a.86200.1,4310.a,4310,86200,"""[[1,1,0,1,2,1],[0,1]]""","""[[2,[1,1,0,-2]],[5,[1,2,2,-5]],[431,[1,-25,455,-431]]]""",False,Q,Q,USp(4),558449216856937292,0
4312.a.189728.1,4312.a,4312,189728,"""[[0,0,-2,-2,4,-2],[1,1]]""","""[[2,[1,-1]],[7,[1,0,1]],[11,[1,-1,9,11]]]""",False,Q,Q,USp(4),1950005503056095608,0
4312.a.551936.1,4312.a,4312,551936,"""[[0,-2,2,-2,1],[0,1,0,1]]""","""[[2,[1,-1]],[7,[1,0,1]],[11,[1,-1,9,11]]]""",False,Q,Q,USp(4),1950005503056095608,0
4324.a.99452.1,4324.a,4324,99452,"""[[7,3,1,-7,0,1],[0,1,1]]""","""[[2,[1,0,-1]],[23,[1,7,29,23]],[47,[1,-1,47,-47]]]""",False,Q,Q,USp(4),705769465281085613,0
4324.b.812912.1,4324.b,4324,812912,"""[[-3,22,-60,72,-33,1],[0,0,1]]""","""[[2,[1,-1,2]],[23,[1,-5,17,23]],[47,[1,0,46,-47]]]""",False,Q,Q,USp(4),415986225623536665,0
4329.a.480519.1,4329.a,4329,480519,"""[[-1,-1,2,0,0,-3],[1,1,1]]""","""[[3,[1,0,-1]],[13,[1,-1,11,13]],[37,[1,1,35,-37]]]""",False,Q,Q,USp(4),1181082005627939909,0
4330.a.108250.1,4330.a,4330,108250,"""[[0,-1,-1,1,1,1],[0,1,1]]""","""[[2,[1,0,1,2]],[5,[1,1,3,-5]],[433,[1,33,399,-433]]]""",False,Q,Q,USp(4),1846203277746649708,0
4331.a.307501.1,4331.a,4331,307501,"""[[-3,-10,-9,0,1,-1],[0,1,1]]""","""[[61,[1,9,51,-61]],[71,[1,-1,71,-71]]]""",False,Q,Q,USp(4),295403653707851201,0
4332.a.17328.1,4332.a,4332,17328,"""[[-1,0,2,0,-2,0,1],[1]]""","""[[2,[1,0,2]],[3,[1,3,5,3]],[19,[1,-2,1]]]""",True,Q x Q,Q x Q,SU(2)xSU(2),375857529643524767,0
4332.b.17328.1,4332.b,4332,17328,"""[[-3,0,-4,0,-1],[0,0,0,1]]""","""[[2,[1,2,2]],[3,[1,-1,1,3]],[19,[1,2,1]]]""",True,Q x Q,Q x Q,SU(2)xSU(2),931881374337683454,0
4332.c.25992.1,4332.c,4332,25992,"""[[2,4,5,3,2],[1,0,1,1]]""","""[[2,[1,1,1]],[3,[1,2,4,3]],[19,[1,1,19]]]""",False,Q,Q,USp(4),1632940830651857530,0
4336.a.138752.1,4336.a,4336,138752,"""[[-5,11,-6,-16,22,6,-11],[1,1]]""","""[[2,[1,1]],[271,[1,-3,273,-271]]]""",False,Q,Q,USp(4),1920184495942294268,0
4337.a.4337.1,4337.a,4337,4337,"""[[0,0,-2,-2,2,1],[1,1,0,1]]""","""[[4337,[1,-70,4406,-4337]]]""",False,Q,Q,USp(4),1044673986119889997,0
4338.a.702756.1,4338.a,4338,702756,"""[[0,9,8,18,8,1],[0,1,1]]""","""[[2,[1,0,1,-2]],[3,[1,0,3]],[241,[1,15,255,241]]]""",False,Q,Q,USp(4),1500719724946654546,0
4338.b.702756.1,4338.b,4338,702756,"""[[0,9,-25,18,-3,1],[0,1,1]]""","""[[2,[1,0,1,2]],[3,[1,2,3]],[241,[1,15,255,241]]]""",False,Q,Q,USp(4),238176954321761487,0
4340.a.555520.1,4340.a,4340,555520,"""[[-1,-11,-24,127,-24,-11,-1],[1,0,0,1]]""","""[[2,[1,0,-1]],[5,[1,1,5,5]],[7,[1,-1,7,-7]],[31,[1,5,35,31]]]""",True,Q x Q,Q x Q,SU(2)xSU(2),1677961969712496721,0
4344.a.834048.1,4344.a,4344,834048,"""[[0,2,7,3,-7,4],[1,1]]""","""[[2,[1,-1]],[3,[1,2,0,-3]],[181,[1,13,167,-181]]]""",False,Q,Q,USp(4),1190327631491963881,0
4346.a.178186.1,4346.a,4346,178186,"""[[40,-64,25,6,-5],[1,0,0,1]]""","""[[2,[1,2,3,2]],[41,[1,-11,29,41]],[53,[1,9,43,-53]]]""",False,Q,Q,USp(4),1618931731126505966,0
4352.a.8704.1,4352.a,4352,8704,"""[[0,0,1,1,2,0,1],[1,1]]""","""[[2,[1,1]],[17,[1,7,23,17]]]""",False,Q,Q,USp(4),253863370906511684,0
4352.b.278528.1,4352.b,4352,278528,"""[[0,2,1,-4,-1,2],[]]""","""[[2,[1]],[17,[1,-3,19,-17]]]""",False,Q,Q x Q,N(SU(2)xSU(2)),1462477243090441456,0
4352.c.557056.1,4352.c,4352,557056,"""[[-136,0,49,0,-6],[0,0,0,1]]""","""[[2,[1]],[17,[1,-3,19,-17]]]""",True,Q x Q,CM x Q,N(U(1)xSU(2)),1053218259054293584,0
4352.c.557056.2,4352.c,4352,557056,"""[[136,0,49,0,6],[0,0,0,1]]""","""[[2,[1]],[17,[1,-3,19,-17]]]""",True,Q x Q,CM x Q,N(U(1)xSU(2)),1053218259054293584,0
4356.a.104544.1,4356.a,4356,104544,"""[[0,1,0,0,0,1],[1,0,0,1]]""","""[[2,[1,0,-1]],[3,[1,0,-1]],[11,[1,2,1]]]""",True,Q x Q,Q x Q,SU(2)xSU(2),139961579337984570,0
4356.b.470448.1,4356.b,4356,470448,"""[[9,-24,22,-6,-1],[0,0,0,1]]""","""[[2,[1,2,2]],[3,[1,0,-1]],[11,[1,4,11]]]""",False,Q,Q,USp(4),1411698508940125459,0
4357.a.4357.1,4357.a,4357,4357,"""[[0,-1,3,-1,-2,1],[0,1]]""","""[[4357,[1,-3,4359,-4357]]]""",False,Q,Q,USp(4),1617185465144043312,0
4364.a.8728.1,4364.a,4364,8728,"""[[0,0,2,1,-1],[1,1,0,1]]""","""[[2,[1,1,1]],[1091,[1,-31,1121,-1091]]]""",False,Q,Q,USp(4),430596839972819980,0
4367.a.4367.1,4367.a,4367,4367,"""[[-3,5,-7,4,-2],[1,1,0,1]]""","""[[11,[1,-3,7,11]],[397,[1,-19,415,-397]]]""",False,Q,Q,USp(4),1065861472890887956,0
4367.b.4367.1,4367.b,4367,4367,"""[[1,4,3],[1,0,1,1]]""","""[[11,[1,4,6,-11]],[397,[1,9,405,397]]]""",False,Q,Q,USp(4),42120674776717469,0
4384.a.70144.1,4384.a,4384,70144,"""[[1,4,6,3],[0,0,0,1]]""","""[[2,[1]],[137,[1,-5,131,137]]]""",False,Q,Q,USp(4),1802893434699621167,0
4384.b.140288.1,4384.b,4384,140288,"""[[2,-1,2,0,0,1],[0,1,0,1]]""","""[[2,[1,1]],[137,[1,-5,131,137]]]""",False,Q,Q,USp(4),1318953296685443514,0
4388.a.140416.1,4388.a,4388,140416,"""[[0,-1,2,0,0,-1],[1,0,0,1]]""","""[[2,[1,0,-1]],[1097,[1,-48,1048,1097]]]""",False,Q,Q,USp(4),1810293985823993600,0
4392.a.26352.1,4392.a,4392,26352,"""[[0,0,1,-1,-2,-6],[1,1]]""","""[[2,[1,1,2]],[3,[1,0,-1]],[61,[1,1,59,-61]]]""",False,Q,Q,USp(4),2251624586197889181,0
4400.a.70400.1,4400.a,4400,70400,"""[[0,1,-3,3,-3,1],[]]""","""[[2,[1]],[5,[1,0,-1]],[11,[1,-1,11,-11]]]""",True,Q x Q,Q x Q,SU(2)xSU(2),1048850386184876773,0
4400.b.352000.1,4400.b,4400,352000,"""[[1,3,1,-3,-2,0,1],[]]""","""[[2,[1]],[5,[1,0,-1]],[11,[1,1,11,11]]]""",True,Q x Q,Q x Q,SU(2)xSU(2),1919881422925391598,0
4403.a.4403.1,4403.a,4403,4403,"""[[0,1,0,-3,-1,1],[1]]""","""[[7,[1,4,2,-7]],[17,[1,4,20,17]],[37,[1,4,40,37]]]""",False,Q,Q,USp(4),1099455856530473675,0
4404.a.26424.1,4404.a,4404,26424,"""[[2,4,0,-3,-1],[1,1,0,1]]""","""[[2,[1,1,1]],[3,[1,1,1,-3]],[367,[1,-10,356,367]]]""",False,Q,Q,USp(4),1016640682491919254,0
4406.a.8812.1,4406.a,4406,8812,"""[[0,0,1,4,3,-1],[1,1]]""","""[[2,[1,1,2,2]],[2203,[1,-43,2245,-2203]]]""",False,Q,Q,USp(4),1664718464554225098,0
4407.a.13221.1,4407.a,4407,13221,"""[[0,1,0,-3,-1,3],[1]]""","""[[3,[1,1,3,3]],[13,[1,-1,13,-13]],[113,[1,2,114,113]]]""",False,Q,Q,USp(4),1570338795329435537,0
4418.a.4418.1,4418.a,4418,4418,"""[[-1,3,-4,4,-2,1],[0,1]]""","""[[2,[1,-1,2,-2]],[47,[1,0,47]]]""",False,Q,Q,USp(4),1850618548109326099,0
4421.a.4421.1,4421.a,4421,4421,"""[[0,1,2,-3,-1,1],[1,1]]""","""[[4421,[1,-7,4427,-4421]]]""",False,Q,Q,USp(4),1733167620037132163,0
4421.b.4421.1,4421.b,4421,4421,"""[[1,-1,-1,0,-1],[1,1,0,1]]""","""[[4421,[1,-27,4447,-4421]]]""",False,Q,Q,USp(4),1870446250940814721,0
4421.c.4421.1,4421.c,4421,4421,"""[[-1,1,4,2],[0,0,1,1]]""","""[[4421,[1,-7,4427,-4421]]]""",False,Q,Q,USp(4),402154200928703874,0
4428.a.239112.1,4428.a,4428,239112,"""[[0,-1,0,0,-1,-2],[1,1,0,1]]""","""[[2,[1,1,1]],[3,[1,1]],[41,[1,4,44,41]]]""",False,Q,Q,USp(4),2001441768766876258,0
4430.a.4430.1,4430.a,4430,4430,"""[[-5,5,0,-6,0,1],[0,1,1,1]]""","""[[2,[1,0,1,2]],[5,[1,2,2,-5]],[443,[1,37,479,443]]]""",False,Q,Q,USp(4),1561547715545093483,0
4431.a.837459.1,4431.a,4431,837459,"""[[0,9,-8,10,7,1],[0,1,1]]""","""[[3,[1,-1,1,3]],[7,[1,-1,7,-7]],[211,[1,3,207,-211]]]""",False,Q,Q,USp(4),1013625005545238126,0
4432.a.17728.1,4432.a,4432,17728,"""[[4,6,2,0,1,1],[0,0,0,1]]""","""[[2,[1]],[277,[1,17,293,277]]]""",False,Q,Q,USp(4),1055750675774770154,0
4460.a.17840.1,4460.a,4460,17840,"""[[-1,1],[1,0,0,1]]""","""[[2,[1,0,1]],[5,[1,-1,3,5]],[223,[1,-17,239,-223]]]""",False,Q,Q,USp(4),1992353156749025054,0
4464.a.214272.1,4464.a,4464,214272,"""[[1,0,-2,4,-3,1],[]]""","""[[2,[1]],[3,[1,2,3]],[31,[1,-7,23,31]]]""",False,Q,Q,USp(4),1832645657133150341,0
4477.a.4477.1,4477.a,4477,4477,"""[[4,8,4,0,1,1],[1,0,0,1]]""","""[[11,[1,0,11]],[37,[1,-7,29,37]]]""",False,Q,Q,USp(4),1292493520134442815,0
4482.a.4482.1,4482.a,4482,4482,"""[[-2,-2,-8,-5,-9,-3,-3],[0,1]]""","""[[2,[1,1,0,-2]],[3,[1,1,3]],[83,[1,-8,74,83]]]""",False,Q,Q,USp(4),1859107699168573804,0
4482.b.71712.1,4482.b,4482,71712,"""[[1,-1,0,-1,0,1],[0,1,0,1]]""","""[[2,[1,1,0,-2]],[3,[1,3,3]],[83,[1,-8,74,83]]]""",False,Q,Q,USp(4),1653088520458001920,0
4486.a.8972.1,4486.a,4486,8972,"""[[0,0,0,1,0,-1],[1,1]]""","""[[2,[1,1,2,2]],[2243,[1,67,2175,-2243]]]""",False,Q,Q,USp(4),2289694652187341316,0
4489.a.4489.1,4489.a,4489,4489,"""[[0,-1,0,0,0,1],[1,1,0,1]]""","""[[67,[1,2,1]]]""",True,RM,RM,SU(2)xSU(2),1733840430896082901,0
4489.b.4489.1,4489.b,4489,4489,"""[[0,-1,0,0,-1,1,-1],[1,1,0,1]]""","""[[67,[1,15,67]]]""",False,Q,Q,USp(4),186840997979039768,0
4489.c.4489.1,4489.c,4489,4489,"""[[18,1,-21,-2,7,0,-1],[1,0,1,1]]""","""[[67,[1,-2,1]]]""",True,RM,RM,SU(2)xSU(2),2156498262764654527,0
4494.a.62916.1,4494.a,4494,62916,"""[[1,1,0,1],[0,1,1,1]]""","""[[2,[1,0,1,2]],[3,[1,2,4,3]],[7,[1,3,9,7]],[107,[1,1,105,-107]]]""",False,Q,Q,USp(4),1437448663433684188,0
4496.a.575488.1,4496.a,4496,575488,"""[[1,4,4,1],[0,0,0,1]]""","""[[2,[1]],[281,[1,-4,284,-281]]]""",False,Q,Q,USp(4),1971135058488175456,0
4500.a.108000.1,4500.a,4500,108000,"""[[-1,0,-2,0,-2,0,-1],[1,0,0,1]]""","""[[2,[1,0,-1]],[3,[1,-2,1]],[5,[1,1]]]""",True,Q x Q,Q x Q,SU(2)xSU(2),1548609320949142069,0
4504.a.576512.1,4504.a,4504,576512,"""[[-3,-10,1,24,-1,-20,8],[0,1]]""","""[[2,[1,-1,2]],[563,[1,29,591,563]]]""",False,Q,Q,USp(4),2124917057134189218,0
4504.a.9008.1,4504.a,4504,9008,"""[[-1,-5,-4,20,8,1],[1,0,1]]""","""[[2,[1,-1,2]],[563,[1,29,591,563]]]""",False,Q,Q,USp(4),2124917057134189218,0
4510.a.9020.1,4510.a,4510,9020,"""[[-1,-1,1,1,0,-1],[1,0,0,1]]""","""[[2,[1,0,1,2]],[5,[1,2,6,5]],[11,[1,3,7,-11]],[41,[1,-5,35,41]]]""",False,Q,Q,USp(4),85763472051528992,0
4512.a.144384.1,4512.a,4512,144384,"""[[-1,1,-2,0,2,-2,1],[1,1]]""","""[[2,[1,1]],[3,[1,2,4,3]],[47,[1,-11,35,47]]]""",False,Q,Q,USp(4),1230697173872324828,0
4512.b.324864.1,4512.b,4512,324864,"""[[0,-1,3,0,-3,0,1],[0,1]]""","""[[2,[1,1]],[3,[1,2,0,-3]],[47,[1,-1,47,-47]]]""",False,Q,Q,USp(4),2156591369304197133,0
4514.a.4514.1,4514.a,4514,4514,"""[[2,2,1,3,0,1],[0,1]]""","""[[2,[1,-1,0,2]],[37,[1,6,30,-37]],[61,[1,0,60,-61]]]""",False,Q,Q,USp(4),2177470897537782083,0
4515.a.67725.1,4515.a,4515,67725,"""[[-1,0,-2,-2,0,-3,-2],[1,1]]""","""[[3,[1,1,3,3]],[5,[1,-1,3,5]],[7,[1,-3,3,7]],[43,[1,-3,39,43]]]""",False,Q,Q,USp(4),486273015015927102,0
4517.a.4517.1,4517.a,4517,4517,"""[[1,1],[1,1,1,1]]""","""[[4517,[1,-17,4499,4517]]]""",False,Q,Q,USp(4),1583416006092392919,0
4518.a.578304.1,4518.a,4518,578304,"""[[1,3,0,-3,-1,1],[0,1]]""","""[[2,[1,-1,2,-2]],[3,[1,0,-1]],[251,[1,-11,239,251]]]""",False,Q,Q,USp(4),2157570749596246979,0
4524.a.176436.1,4524.a,4524,176436,"""[[0,1,-1,-8,6,1],[1,1,1]]""","""[[2,[1,0,1]],[3,[1,0,2,-3]],[13,[1,0,12,-13]],[29,[1,1,29,29]]]""",False,Q,Q,USp(4),643842732928198166,0
4524.b.488592.1,4524.b,4524,488592,"""[[9,12,4,0,1,1],[0,0,0,1]]""","""[[2,[1,0,2]],[3,[1,1,1,-3]],[13,[1,2,14,13]],[29,[1,2,26,-29]]]""",False,Q,Q,USp(4),1585605059240619725,0
4528.a.4528.1,4528.a,4528,4528,"""[[6,-14,8,-3,3,1],[0,0,1]]""","""[[2,[1,-1,2]],[283,[1,19,263,-283]]]""",False,Q,Q,USp(4),203642234850385824,0
4528.b.72448.1,4528.b,4528,72448,"""[[0,-1,1,0,0,1],[]]""","""[[2,[1]],[283,[1,21,303,283]]]""",False,Q,Q,USp(4),1260414833771372469,0
4528.c.72448.1,4528.c,4528,72448,"""[[0,-1,-4,-4,1,1],[]]""","""[[2,[1]],[283,[1,-5,287,-283]]]""",False,Q,Q,USp(4),899369864999644172,0
4533.a.122391.1,4533.a,4533,122391,"""[[0,-1,2,1],[0,1,1,1]]""","""[[3,[1,0,2,-3]],[1511,[1,64,1574,1511]]]""",False,Q,Q,USp(4),381084763247648818,0
4536.a.145152.1,4536.a,4536,145152,"""[[-1,-4,-6,-1,5,4],[0,1]]""","""[[2,[1,-1]],[3,[1,0,3]],[7,[1,-1,5,7]]]""",False,Q,Q,USp(4),1160156427057939920,0
4542.a.27252.1,4542.a,4542,27252,"""[[0,0,2,3,2,1],[1,1]]""","""[[2,[1,1,2,2]],[3,[1,1,1,-3]],[757,[1,-19,737,757]]]""",False,Q,Q,USp(4),2244743489982334931,0
4544.a.4544.1,4544.a,4544,4544,"""[[11,8,-8,-6,1,1],[0,0,1]]""","""[[2,[1,-1,2]],[71,[1,-9,79,-71]]]""",False,Q,Q,USp(4),851618242841436409,0
4557.a.13671.1,4557.a,4557,13671,"""[[2,6,0,-5,-2],[1,0,1,1]]""","""[[3,[1,2,4,3]],[7,[1,3,7]],[31,[1,-2,28,31]]]""",False,Q,Q,USp(4),2209891172676775960,0
4560.a.4560.1,4560.a,4560,4560,"""[[-57,0,48,0,-14,0,1],[0,1,0,1]]""","""[[2,[1,-1,2]],[3,[1,-1,3,-3]],[5,[1,1,3,-5]],[19,[1,5,23,19]]]""",True,Q x Q,Q x Q,SU(2)xSU(2),1891804241284734892,0
4564.a.4564.1,4564.a,4564,4564,"""[[1,2,1,1,1],[1,0,0,1]]""","""[[2,[1,0,1]],[7,[1,-2,4,7]],[163,[1,-13,149,163]]]""",False,Q,Q,USp(4),881045885914479319,0
4571.a.4571.1,4571.a,4571,4571,"""[[4,19,25,4,-7,1],[1]]""","""[[7,[1,-2,4,7]],[653,[1,2,654,653]]]""",False,Q,Q,USp(4),585636855749534129,0
4577.a.4577.1,4577.a,4577,4577,"""[[0,-1,-1,0,0,-1,-1],[1,1,0,1]]""","""[[23,[1,6,16,-23]],[199,[1,-1,197,199]]]""",False,Q,Q,USp(4),1485053534092880259,0
4580.a.293120.1,4580.a,4580,293120,"""[[0,2,1,-4,-1,1],[1,0,0,1]]""","""[[2,[1,0,-1]],[5,[1,4,8,5]],[229,[1,7,235,229]]]""",False,Q,Q,USp(4),707795273507862001,0
4581.a.13743.1,4581.a,4581,13743,"""[[-1,-2,0,1],[1,1,0,1]]""","""[[3,[1,0,-1]],[509,[1,37,545,509]]]""",False,Q,Q,USp(4),488508768803923829,0
4587.a.4587.1,4587.a,4587,4587,"""[[-1,0,2,1],[1,0,1,1]]""","""[[3,[1,1,1,-3]],[11,[1,5,15,11]],[139,[1,5,143,139]]]""",False,Q,Q,USp(4),1977715836854740206,0
4588.a.36704.1,4588.a,4588,36704,"""[[0,-1,0,0,-1,-1,1],[1,1,1]]""","""[[2,[1,0,-1]],[31,[1,1,31,31]],[37,[1,9,45,37]]]""",False,Q,Q,USp(4),1667999140017023745,0
4589.a.4589.1,4589.a,4589,4589,"""[[0,-1,0,1,-3,2],[1,1,0,1]]""","""[[13,[1,-3,15,-13]],[353,[1,-28,324,353]]]""",False,Q,Q,USp(4),2018815585706836038,0
4589.b.59657.1,4589.b,4589,59657,"""[[16,6,12,3,3],[1,0,1,1]]""","""[[13,[1,0,12,-13]],[353,[1,10,362,353]]]""",False,Q,Q,USp(4),1522353111788558745,0
4599.a.96579.1,4599.a,4599,96579,"""[[0,-1,1,0,2],[1,0,0,1]]""","""[[3,[1,0,-1]],[7,[1,1,5,-7]],[73,[1,-1,73,-73]]]""",False,Q,Q,USp(4),448179630492302320,0
4606.a.147392.1,4606.a,4606,147392,"""[[-1,1,0,0,1,-1],[1,0,0,1]]""","""[[2,[1,0,1,-2]],[7,[1,2,7]],[47,[1,-1,47,-47]]]""",False,Q,Q,USp(4),504730428394657365,0
4608.a.4608.1,4608.a,4608,4608,"""[[2,0,2,0,1],[0,0,0,1]]""","""[[2,[1]],[3,[1,0,-1]]]""",True,Q x Q,M_2(Q),J(E_1),1161651487502623554,0
4608.b.4608.1,4608.b,4608,4608,"""[[-2,0,2,0,-1],[0,0,0,1]]""","""[[2,[1]],[3,[1,2,1]]]""",True,Q x Q,M_2(Q),J(E_1),2130155362296988554,0
4608.c.27648.1,4608.c,4608,27648,"""[[0,-1,1,0,-1,1],[]]""","""[[2,[1]],[3,[1,0,3]]]""",False,Q,M_2(Q),J(E_4),1632559890311436751,0
4608.c.884736.1,4608.c,4608,884736,"""[[-2,10,-13,-2,7,2],[]]""","""[[2,[1]],[3,[1,0,3]]]""",False,Q,M_2(Q),J(E_4),1632559890311436751,0
4608.c.884736.2,4608.c,4608,884736,"""[[2,10,13,-2,-7,2],[]]""","""[[2,[1]],[3,[1,0,3]]]""",False,Q,M_2(Q),J(E_4),1632559890311436751,0
4611.a.401157.1,4611.a,4611,401157,"""[[2,-5,-1,4,-3,1],[1,1,1]]""","""[[3,[1,0,2,3]],[29,[1,2,30,29]],[53,[1,11,41,-53]]]""",False,Q,Q,USp(4),63679968008161255,0
4617.a.41553.1,4617.a,4617,41553,"""[[1,0,-1,-3,-2,-1],[1,1,1]]""","""[[3,[1,-1]],[19,[1,3,15,-19]]]""",False,Q,Q,USp(4),2302142581597848195,0
4619.a.4619.1,4619.a,4619,4619,"""[[0,-1,1,0,1],[1,1,1,1]]""","""[[31,[1,7,37,31]],[149,[1,-16,164,-149]]]""",False,Q,Q,USp(4),1105160618130385473,0
4624.a.4624.1,4624.a,4624,4624,"""[[-1,0,-1],[0,1,0,1]]""","""[[2,[1,1,2]],[17,[1,-2,1]]]""",True,Q x Q,Q x Q,SU(2)xSU(2),1121833993178157485,0
4624.b.4624.1,4624.b,4624,4624,"""[[0,1,-1,1],[0,1,0,1]]""","""[[2,[1,1,2]],[17,[1,0,17]]]""",False,Q,Q,USp(4),1369633669984879854,0
4624.c.295936.1,4624.c,4624,295936,"""[[-4,0,6,0,-3],[0,1,0,1]]""","""[[2,[1,-1]],[17,[1,2,1]]]""",True,Q x Q,Q x Q,SU(2)xSU(2),1345412705652305723,0
4624.d.295936.1,4624.d,4624,295936,"""[[-1,-2,1,1],[0,0,1,1]]""","""[[2,[1,-1]],[17,[1,8,17]]]""",False,Q,Q,USp(4),180242892272400392,0
4624.e.591872.1,4624.e,4624,591872,"""[[-32,0,31,0,-10,0,1],[0,0,1]]""","""[[2,[1,1,2]],[17,[1,0,-1]]]""",True,Q x Q,Q x Q,SU(2)xSU(2),924480843538160391,0
4629.a.4629.1,4629.a,4629,4629,"""[[-1,-9,-24,-16,0,1],[0,0,1]]""","""[[3,[1,-1,3,-3]],[1543,[1,-41,1583,-1543]]]""",False,Q,Q,USp(4),453636748245708850,0
4644.a.9288.1,4644.a,4644,9288,"""[[0,1,1,2,1,1],[1,1,0,1]]""","""[[2,[1,1,1]],[3,[1,1,3]],[43,[1,5,47,43]]]""",False,Q,Q,USp(4),570078964235357281,0
4648.a.9296.1,4648.a,4648,9296,"""[[0,0,1,2,2,2],[1,1]]""","""[[2,[1,1]],[7,[1,2,8,7]],[83,[1,-7,89,-83]]]""",False,Q,Q,USp(4),1980251662672890454,0
4648.b.18592.1,4648.b,4648,18592,"""[[0,0,0,2,2,-2],[1,1]]""","""[[2,[1,-1]],[7,[1,1,5,-7]],[83,[1,15,67,-83]]]""",False,Q,Q,USp(4),1951288150518661294,0
4648.c.148736.1,4648.c,4648,148736,"""[[1,3,2,1],[0,1,0,1]]""","""[[2,[1,-1]],[7,[1,0,6,7]],[83,[1,-13,69,83]]]""",False,Q,Q,USp(4),266496787584430525,0
4649.a.4649.1,4649.a,4649,4649,"""[[-1,-1,1,0,-1],[0,0,0,1]]""","""[[4649,[1,37,4611,-4649]]]""",False,Q,Q,USp(4),415000384269897156,0
4650.a.55800.1,4650.a,4650,55800,"""[[-17,32,-43,64,-43,32,-17],[0,1,1]]""","""[[2,[1,0,1,-2]],[3,[1,3,5,3]],[5,[1,0,-1]],[31,[1,-1,31,-31]]]""",True,Q x Q,Q x Q,SU(2)xSU(2),1488170546772244725,0
4650.b.432450.1,4650.b,4650,432450,"""[[19,-65,37,5,-6],[1,0,0,1]]""","""[[2,[1,0,1,-2]],[3,[1,-1,3,-3]],[5,[1,0,-1]],[31,[1,-1,31,-31]]]""",False,Q,Q,USp(4),816062436166816749,0
4655.a.32585.1,4655.a,4655,32585,"""[[-4,17,-25,6,4,0,-1],[1,1,1]]""","""[[5,[1,1,5,5]],[7,[1,0,7]],[19,[1,5,13,-19]]]""",False,Q,Q,USp(4),392767720371846287,0
4667.a.4667.1,4667.a,4667,4667,"""[[22,39,79,71,68,29,14],[0,1,1]]""","""[[13,[1,-5,7,13]],[359,[1,9,367,359]]]""",False,Q,Q,USp(4),313327358432625608,0
4669.a.4669.1,4669.a,4669,4669,"""[[0,-1,-1,0,2,-1],[1,1,0,1]]""","""[[7,[1,1,5,-7]],[23,[1,-8,14,23]],[29,[1,4,32,29]]]""",False,Q,Q,USp(4),511998608673300765,0
4671.a.126117.1,4671.a,4671,126117,"""[[0,0,-1,2,0,1],[1]]""","""[[3,[1,1]],[173,[1,-8,164,173]]]""",False,Q,Q,USp(4),1110153954634507537,0
4672.a.9344.1,4672.a,4672,9344,"""[[751,656,142,-27,-12],[0,0,0,1]]""","""[[2,[1]],[73,[1,0,72,-73]]]""",False,Q,Q,USp(4),981848294679864570,0
4672.a.9344.2,4672.a,4672,9344,"""[[0,1,1,1],[1,1,1,1]]""","""[[2,[1]],[73,[1,0,72,-73]]]""",False,Q,Q,USp(4),981848294679864570,0
4673.a.4673.1,4673.a,4673,4673,"""[[1,-1,-1,1],[0,0,0,1]]""","""[[4673,[1,-5,4667,4673]]]""",False,Q,Q,USp(4),66899274726424194,0
4680.a.449280.1,4680.a,4680,449280,"""[[0,3,-1,-7,1,4],[0,1]]""","""[[2,[1,1]],[3,[1,2,3]],[5,[1,3,1,-5]],[13,[1,5,7,-13]]]""",False,Q,Q,USp(4),1743389766148900693,0
4691.a.4691.1,4691.a,4691,4691,"""[[0,-1,0,0,-1,-1,1],[1,1,0,1]]""","""[[4691,[1,126,4564,-4691]]]""",False,Q,Q,USp(4),292911847335968116,0
4698.a.37584.1,4698.a,4698,37584,"""[[-3,3,1,-3,0,1],[1,0,0,1]]""","""[[2,[1,0,1,2]],[3,[1,2,3]],[29,[1,4,24,-29]]]""",False,Q,Q,USp(4),2007819597112701452,0
4698.b.408726.1,4698.b,4698,408726,"""[[0,1,6,7,-6,1],[0,1,1]]""","""[[2,[1,0,1,-2]],[3,[1,1]],[29,[1,3,31,29]]]""",False,Q,Q,USp(4),2174171057359278276,0
4698.c.761076.1,4698.c,4698,761076,"""[[-1,1,4,3,1],[0,0,1,1]]""","""[[2,[1,1,2,2]],[3,[1]],[29,[1,-5,23,29]]]""",False,Q,Q,USp(4),1464085175177439464,0
4704.a.75264.1,4704.a,4704,75264,"""[[3,0,12,0,17,0,8],[0,1]]""","""[[2,[1,1,2]],[3,[1,-3,5,-3]],[7,[1,0,-1]]]""",True,Q x Q,Q x Q,SU(2)xSU(2),1111711889178262010,0
4704.b.75264.1,4704.b,4704,75264,"""[[-3,0,12,0,-17,0,8],[0,1]]""","""[[2,[1,1,2]],[3,[1,1,1,-3]],[7,[1,2,1]]]""",True,Q x Q,Q x Q,SU(2)xSU(2),1587472333610735528,0
4704.c.301056.1,4704.c,4704,301056,"""[[-24,0,16,0,-4],[0,1,0,1]]""","""[[2,[1,-1]],[3,[1,3,5,3]],[7,[1,2,1]]]""",True,Q x Q,Q x Q,SU(2)xSU(2),1196676657911575623,0
4706.a.150592.1,4706.a,4706,150592,"""[[0,0,2,2,0,-1],[1,1]]""","""[[2,[1,1,0,-2]],[13,[1,6,6,-13]],[181,[1,21,159,-181]]]""",False,Q,Q,USp(4),1543531118311306202,0
4707.a.42363.1,4707.a,4707,42363,"""[[-2,-17,-40,-16,0,1],[0,0,1]]""","""[[3,[1,0,1]],[523,[1,-3,519,523]]]""",False,Q,Q,USp(4),2084430138966932739,0
4714.a.150848.1,4714.a,4714,150848,"""[[3,2,-3,-4,0,1],[1,0,0,1]]""","""[[2,[1,0,1,-2]],[2357,[1,-57,2299,2357]]]""",False,Q,Q,USp(4),1857741329397077552,0
4720.a.75520.1,4720.a,4720,75520,"""[[0,1,0,-8,-11,0,4],[0,1]]""","""[[2,[1,1,2]],[5,[1,2,2,-5]],[59,[1,5,63,59]]]""",False,Q,Q,USp(4),1547889457941209340,0
4725.a.297675.1,4725.a,4725,297675,"""[[-9,18,5,-9,-1,1],[0,1,1]]""","""[[3,[1,0,3]],[5,[1,2,5]],[7,[1,-3,9,-7]]]""",False,Q,Q,USp(4),2245169392546893529,0
4735.a.4735.1,4735.a,4735,4735,"""[[1,-1,1],[0,0,0,1]]""","""[[5,[1,1,3,-5]],[947,[1,5,951,947]]]""",False,Q,Q,USp(4),591421159250461733,0
4736.a.303104.1,4736.a,4736,303104,"""[[-16,8,18,-1,-4],[0,0,0,1]]""","""[[2,[1,0,2]],[37,[1,-1,35,37]]]""",False,Q,Q,USp(4),1486494932782734760,0
4736.b.303104.1,4736.b,4736,303104,"""[[0,2,3,-5,-4,4],[1]]""","""[[2,[1,2,2]],[37,[1,-11,47,-37]]]""",False,Q,Q,USp(4),52481314309400858,0
4736.c.606208.1,4736.c,4736,606208,"""[[0,2,7,0,-6,2],[]]""","""[[2,[1]],[37,[1,-5,31,37]]]""",False,Q,Q,USp(4),410620166896855643,0
4736.d.606208.1,4736.d,4736,606208,"""[[4,0,-8,-1,4,1],[]]""","""[[2,[1]],[37,[1,11,47,37]]]""",False,Q,Q,USp(4),636889472435459596,0
4736.e.606208.1,4736.e,4736,606208,"""[[2,10,14,0,-7,2],[]]""","""[[2,[1]],[37,[1,9,27,-37]]]""",False,Q,Q,USp(4),756380734095296048,0
4736.e.606208.2,4736.e,4736,606208,"""[[2,-2,4,-4,3,-2,1],[]]""","""[[2,[1]],[37,[1,9,27,-37]]]""",False,Q,Q,USp(4),756380734095296048,0
4741.a.4741.1,4741.a,4741,4741,"""[[0,1,-2,0,3,-3,1],[0,1]]""","""[[11,[1,-1,9,11]],[431,[1,-1,431,-431]]]""",False,Q,Q,USp(4),1789602816156478573,0
4749.a.4749.1,4749.a,4749,4749,"""[[-1,3,-4],[1,0,1,1]]""","""[[3,[1,1,1,-3]],[1583,[1,7,1589,1583]]]""",False,Q,Q,USp(4),2281162267827736280,0
4752.a.4752.1,4752.a,4752,4752,"""[[-1,-2,-2,0,1,1],[0,0,0,1]]""","""[[2,[1,0,2]],[3,[1,1,3]],[11,[1,-5,5,11]]]""",False,Q,Q,USp(4),1999684352981695166,0
4752.b.19008.1,4752.b,4752,19008,"""[[0,-1,1,-1,2,-2,1],[1]]""","""[[2,[1]],[3,[1,3,3]],[11,[1,1,9,-11]]]""",False,Q,Q,USp(4),1486030874536986278,0
4752.c.304128.1,4752.c,4752,304128,"""[[-132,0,80,0,-9],[0,1,0,1]]""","""[[2,[1,-1]],[3,[1,1]],[11,[1,-3,7,11]]]""",True,Q x Q,Q x Q,SU(2)xSU(2),2260854247760029741,0
4752.d.608256.1,4752.d,4752,608256,"""[[33,28,26,11,5,1],[0,0,0,1]]""","""[[2,[1]],[3,[1,2,3]],[11,[1,-4,14,-11]]]""",False,Q,Q,USp(4),61371549190417624,0
4768.a.76288.1,4768.a,4768,76288,"""[[3,-2,1,-3,-1,1],[0,1,0,1]]""","""[[2,[1,1,2]],[149,[1,-5,143,149]]]""",False,Q,Q,USp(4),611791980526563215,0
4770.a.686880.1,4770.a,4770,686880,"""[[7,44,89,50,-16,1],[0,1,1]]""","""[[2,[1,0,1,-2]],[3,[1,0,1]],[5,[1,0,4,5]],[53,[1,5,47,-53]]]""",False,Q,Q,USp(4),268808038645071749,0
4773.a.529803.1,4773.a,4773,529803,"""[[0,1,-1,4,-7,3],[0,1]]""","""[[3,[1,1,3,3]],[37,[1,7,43,37]],[43,[1,7,35,-43]]]""",False,Q,Q,USp(4),374609900845522775,0
4775.a.4775.1,4775.a,4775,4775,"""[[-4,-3,3,0,-3,-1],[1,1,1]]""","""[[5,[1,0,5]],[191,[1,6,184,-191]]]""",False,Q,Q,USp(4),421215439924456177,0
4782.a.38256.1,4782.a,4782,38256,"""[[-1,2,-3,3,-2,1],[1,0,0,1]]""","""[[2,[1,0,1,-2]],[3,[1,2,4,3]],[797,[1,19,815,797]]]""",False,Q,Q,USp(4),1089914620791110968,0
4794.a.86292.1,4794.a,4794,86292,"""[[2,7,-6,-30,-18,2],[0,0,1]]""","""[[2,[1,-1,2,-2]],[3,[1,-1,1,3]],[17,[1,1,17,17]],[47,[1,-1,47,-47]]]""",False,Q,Q,USp(4),706837504956790321,0
4795.a.33565.1,4795.a,4795,33565,"""[[1,9,15,-10,-2,1],[1,1,1]]""","""[[5,[1,-1,3,5]],[7,[1,2,8,7]],[137,[1,19,155,137]]]""",False,Q,Q,USp(4),2018232190194070628,0
4799.a.4799.1,4799.a,4799,4799,"""[[0,-1,1,0,0,-1],[1,1,0,1]]""","""[[4799,[1,-41,4839,-4799]]]""",False,Q,Q,USp(4),1288282130765332890,0
4800.a.14400.1,4800.a,4800,14400,"""[[0,0,1,1,1,0,-1],[1,1]]""","""[[2,[1,1]],[3,[1,0,2,3]],[5,[1,0,5]]]""",False,Q,Q,USp(4),740395018999958366,0
4808.a.9616.1,4808.a,4808,9616,"""[[0,1,1,0,0,-2,1],[1]]""","""[[2,[1,0,2]],[601,[1,36,636,601]]]""",False,Q,Q,USp(4),582185604177069399,0
4815.a.14445.1,4815.a,4815,14445,"""[[1,10,21,0,-14,-7,-1],[1]]""","""[[3,[1,-1,1]],[5,[1,0,4,-5]],[107,[1,-4,110,-107]]]""",False,Q,Q,USp(4),1745825752662017855,0
4815.b.72225.1,4815.b,4815,72225,"""[[-1,0,0,1],[0,1,1,1]]""","""[[3,[1,-1,3]],[5,[1,3,7,5]],[107,[1,7,99,-107]]]""",False,Q,Q,USp(4),1059266459188009611,0
4824.a.617472.1,4824.a,4824,617472,"""[[-4,-4,2,2],[0,0,1,1]]""","""[[2,[1,-1]],[3,[1,0,1]],[67,[1,-7,59,67]]]""",False,Q,Q,USp(4),2073104400805236367,0
4827.a.4827.1,4827.a,4827,4827,"""[[2,5,1,-2,-1],[0,0,0,1]]""","""[[3,[1,0,2,-3]],[1609,[1,-56,1664,-1609]]]""",False,Q,Q,USp(4),313496047567646610,0
4827.b.43443.1,4827.b,4827,43443,"""[[-2,1,6,-1,-3,1],[1]]""","""[[3,[1,0,2,-3]],[1609,[1,-6,1602,1609]]]""",False,Q,Q,USp(4),711931013575596001,0
4832.a.4832.1,4832.a,4832,4832,"""[[-5,-1,10,7,-3,-4,-1],[0,1]]""","""[[2,[1,-1]],[151,[1,7,143,-151]]]""",False,Q,Q,USp(4),254378797664434499,0
4832.b.154624.1,4832.b,4832,154624,"""[[0,1,-1,2,0,1],[1,0,1]]""","""[[2,[1,1]],[151,[1,9,141,-151]]]""",False,Q,Q,USp(4),1125841973759449464,0
4834.a.154688.1,4834.a,4834,154688,"""[[1,-2,2,0,-1],[1,0,0,1]]""","""[[2,[1,0,1,-2]],[2417,[1,-1,2415,2417]]]""",False,Q,Q,USp(4),705595903002464311,0
4835.a.4835.1,4835.a,4835,4835,"""[[0,0,2,1,-3,1],[1]]""","""[[5,[1,4,8,5]],[967,[1,-46,1012,-967]]]""",False,Q,Q,USp(4),958229327007745944,0
4839.a.14517.1,4839.a,4839,14517,"""[[0,0,0,-2,-4,-3,-1],[1,1]]""","""[[3,[1,0,2,-3]],[1613,[1,53,1665,1613]]]""",False,Q,Q,USp(4),3621343045575034,0
4853.a.4853.1,4853.a,4853,4853,"""[[0,0,0,1,0,1],[1]]""","""[[23,[1,1,23,23]],[211,[1,12,198,-211]]]""",False,Q,Q,USp(4),1192819504712378167,0
4857.a.4857.1,4857.a,4857,4857,"""[[0,0,1,2,1,1],[1,1,0,1]]""","""[[3,[1,1,1,-3]],[1619,[1,19,1637,1619]]]""",False,Q,Q,USp(4),112691541458826596,0
4860.a.19440.1,4860.a,4860,19440,"""[[0,-1,-1,0,-2,1],[1,1,1]]""","""[[2,[1,0,1]],[3,[1,2,3]],[5,[1,1,3,-5]]]""",False,Q,Q,USp(4),987358284436056825,0
4863.a.131301.1,4863.a,4863,131301,"""[[-3,-8,-10,0,4,-1],[0,1,1]]""","""[[3,[1,1,1,-3]],[1621,[1,73,1547,-1621]]]""",False,Q,Q,USp(4),1396440277147352503,0
4864.a.9728.1,4864.a,4864,9728,"""[[1,1,1,1],[1,1,1,1]]""","""[[2,[1,0,2]],[19,[1,-1,17,19]]]""",False,Q,Q,USp(4),310596640548495031,0
4874.a.9748.1,4874.a,4874,9748,"""[[1,2,-2,-4,1,1],[0,1,1]]""","""[[2,[1,0,1,2]],[2437,[1,81,2355,-2437]]]""",False,Q,Q,USp(4),2112002694283975284,0
4886.a.156352.1,4886.a,4886,156352,"""[[2,1,3,1,1],[0,0,1,1]]""","""[[2,[1,1,0,-2]],[7,[1,3,3,-7]],[349,[1,33,315,-349]]]""",False,Q,Q,USp(4),213417460234861548,0
4889.a.4889.1,4889.a,4889,4889,"""[[0,-1,2,-3,1],[1,0,1,1]]""","""[[4889,[1,65,4823,-4889]]]""",False,Q,Q,USp(4),1799794475218587364,0
4890.a.146700.1,4890.a,4890,146700,"""[[6,12,0,-11,-2,3],[1,1]]""","""[[2,[1,1,2,2]],[3,[1,1,1,-3]],[5,[1,1,3,-5]],[163,[1,19,143,-163]]]""",False,Q,Q,USp(4),83868159306396012,0
4896.a.626688.1,4896.a,4896,626688,"""[[1,-1,2,0,1,1],[0,1,0,1]]""","""[[2,[1,-1]],[3,[1,0,1]],[17,[1,1,15,-17]]]""",False,Q,Q,USp(4),1843132142415659824,0
4900.a.98000.1,4900.a,4900,98000,"""[[1,0,4,0,4,0,1],[1]]""","""[[2,[1,0,2]],[5,[1,0,-1]],[7,[1,-2,1]]]""",True,Q x Q,Q x Q,SU(2)xSU(2),1318940993497633865,0
4908.a.628224.1,4908.a,4908,628224,"""[[-15,33,-16,-7,4,-1,-1],[1,1,0,1]]""","""[[2,[1,-1,1]],[3,[1,0,2,3]],[409,[1,5,413,409]]]""",False,Q,Q,USp(4),458360707991693062,0
4908.a.9816.1,4908.a,4908,9816,"""[[-1,1,1,1,-10,-4,13],[1,1,0,1]]""","""[[2,[1,-1,1]],[3,[1,0,2,3]],[409,[1,5,413,409]]]""",False,Q,Q,USp(4),458360707991693062,0
4916.a.39328.1,4916.a,4916,39328,"""[[2,-1,-6,-5,0,1],[1,0,0,1]]""","""[[2,[1,0,-1]],[1229,[1,-45,1183,1229]]]""",False,Q,Q,USp(4),1798171227837851348,0
4923.a.14769.1,4923.a,4923,14769,"""[[0,0,-1,0,0,1],[1,1,1]]""","""[[3,[1,0,3]],[547,[1,-17,563,-547]]]""",False,Q,Q,USp(4),2041996022374742785,0
4924.a.78784.1,4924.a,4924,78784,"""[[0,0,1,3,4,2],[1,1,1]]""","""[[2,[1,0,-1]],[1231,[1,-11,1219,1231]]]""",False,Q,Q,USp(4),256642700857641327,0
4925.a.4925.1,4925.a,4925,4925,"""[[-2,-5,2,12,0,-5,5],[1]]""","""[[5,[1,1,5]],[197,[1,-1,195,197]]]""",False,Q,Q,USp(4),1988192854312907039,0
4925.b.4925.1,4925.b,4925,4925,"""[[1,1,0,-1,-1],[0,0,0,1]]""","""[[5,[1,3,5]],[197,[1,-17,179,197]]]""",False,Q,Q,USp(4),875803806502214194,0
4932.a.177552.1,4932.a,4932,177552,"""[[-1,0,1,1,1],[1,0,0,1]]""","""[[2,[1,0,1]],[3,[1,-2,1]],[137,[1,-17,119,137]]]""",False,Q,Q,USp(4),712488194192511097,0
4941.a.4941.1,4941.a,4941,4941,"""[[1,1,2,1,1],[1,0,1,1]]""","""[[3,[1]],[61,[1,-13,73,-61]]]""",False,Q,Q,USp(4),1608976614928308952,0
4941.b.400221.1,4941.b,4941,400221,"""[[2,0,4,1,2],[1,0,1,1]]""","""[[3,[1]],[61,[1,11,71,61]]]""",False,Q,Q,USp(4),1064110111714635202,0
4949.a.4949.1,4949.a,4949,4949,"""[[-1,0,4,0,-3,1],[0,1]]""","""[[7,[1,0,-1]],[101,[1,9,91,-101]]]""",False,Q,Q,USp(4),199198275278386515,0
4949.b.4949.1,4949.b,4949,4949,"""[[0,0,1,0,1,1],[1,1,0,1]]""","""[[7,[1,0,-1]],[101,[1,13,113,101]]]""",False,Q,Q,USp(4),2191926473499207798,0
4950.a.742500.1,4950.a,4950,742500,"""[[3,8,-5,-22,0,15],[0,1,1]]""","""[[2,[1,0,1,-2]],[3,[1,0,-1]],[5,[1,-2,1]],[11,[1,5,15,11]]]""",True,Q x Q,Q x Q,SU(2)xSU(2),1976061668077353808,0
4954.a.4954.1,4954.a,4954,4954,"""[[0,0,-1,-1,1,-1],[1,1]]""","""[[2,[1,1,0,-2]],[2477,[1,41,2435,-2477]]]""",False,Q,Q,USp(4),213004035529076264,0
4957.a.4957.1,4957.a,4957,4957,"""[[0,-1,0,0,-1,-1],[1,1,0,1]]""","""[[4957,[1,24,4932,-4957]]]""",False,Q,Q,USp(4),1847547062537334101,0
4961.a.4961.1,4961.a,4961,4961,"""[[-1,3,-1,-3,1,1],[0,0,0,1]]""","""[[11,[1,0,-1]],[41,[1,9,49,41]]]""",True,Q x Q,Q x Q,SU(2)xSU(2),97973352015844516,0
4962.a.4962.1,4962.a,4962,4962,"""[[1,-1,1],[1,0,0,1]]""","""[[2,[1,0,1,-2]],[3,[1,-1,3,-3]],[827,[1,-51,775,827]]]""",False,Q,Q,USp(4),261297953426311277,0
4963.a.4963.1,4963.a,4963,4963,"""[[-1,-2,-5,-5,-5,-2,-1],[1,0,1]]""","""[[7,[1,1,7,7]],[709,[1,-37,671,709]]]""",False,Q,Q,USp(4),2000318307776290450,0
4964.a.9928.1,4964.a,4964,9928,"""[[-25,-27,-22,9,7,5,-3],[0,1,1]]""","""[[2,[1,0,-1]],[17,[1,-1,15,17]],[73,[1,13,59,-73]]]""",False,Q,Q,USp(4),847217165426715840,0
4968.a.804816.1,4968.a,4968,804816,"""[[0,1,4,13,18,18],[0,1]]""","""[[2,[1,1,2]],[3,[1,1]],[23,[1,-7,15,23]]]""",False,Q,Q,USp(4),191424838195212807,0
4969.a.4969.1,4969.a,4969,4969,"""[[0,0,0,1,1,1],[1,1]]""","""[[4969,[1,-129,5097,-4969]]]""",False,Q,Q,USp(4),670802489161433496,0
4971.a.4971.1,4971.a,4971,4971,"""[[0,1,2,1,-1,-1],[1,1]]""","""[[3,[1,1,3,3]],[1657,[1,-63,1719,-1657]]]""",False,Q,Q,USp(4),1267260114134126120,0
4974.a.268596.1,4974.a,4974,268596,"""[[0,-1,1,0,-1,2],[1,0,1]]""","""[[2,[1,1,2,2]],[3,[1,0,2,-3]],[829,[1,-15,813,829]]]""",False,Q,Q,USp(4),149385605739449174,0
4979.a.4979.1,4979.a,4979,4979,"""[[0,1,0,-6,4,-1],[1,1,1]]""","""[[13,[1,-1,11,13]],[383,[1,-5,387,-383]]]""",False,Q,Q,USp(4),368716664146527919,0
4989.a.14967.1,4989.a,4989,14967,"""[[0,1,0,-2,0,1],[1,1,0,1]]""","""[[3,[1,3,5,3]],[1663,[1,27,1689,1663]]]""",False,Q,Q,USp(4),1712451543096910894,0
4992.a.119808.1,4992.a,4992,119808,"""[[0,0,0,0,0,-2,1],[1,1]]""","""[[2,[1,1]],[3,[1,2,4,3]],[13,[1,1,11,-13]]]""",False,Q,Q,USp(4),1967827647258246629,0
4992.b.159744.1,4992.b,4992,159744,"""[[0,-1,-4,4,3,-4,1],[0,1]]""","""[[2,[1,-1]],[3,[1,0,2,3]],[13,[1,3,9,-13]]]""",False,Q,Q,USp(4),1053532923588547233,0
4992.c.958464.1,4992.c,4992,958464,"""[[0,-1,0,0,1,3],[1,0,1]]""","""[[2,[1,1,2]],[3,[1,2,4,3]],[13,[1,7,19,13]]]""",False,Q,Q,USp(4),436787018938530923,0
4997.a.4997.1,4997.a,4997,4997,"""[[0,0,-3,1,-1,1],[1,1,1]]""","""[[19,[1,3,21,19]],[263,[1,-30,292,-263]]]""",False,Q,Q,USp(4),367847643097404930,0
4998.a.79968.1,4998.a,4998,79968,"""[[-14,24,-40,32,-24,9,-3],[1,1,1]]""","""[[2,[1,2,3,2]],[3,[1,-3,5,-3]],[7,[1,0,-1]],[17,[1,7,23,17]]]""",True,Q x Q,Q x Q,SU(2)xSU(2),1137164829037269300,0
5004.a.960768.1,5004.a,5004,960768,"""[[2,-2,0,2,-2],[1,0,0,1]]""","""[[2,[1,0,-1]],[3,[1,2,3]],[139,[1,1,139,139]]]""",False,Q,Q,USp(4),158992965681000312,0
5006.a.320384.1,5006.a,5006,320384,"""[[1,-1,-2,3,-2,1],[0,1]]""","""[[2,[1,1,0,-2]],[2503,[1,-4,2498,2503]]]""",False,Q,Q,USp(4),2265823715592182710,0
5008.a.641024.1,5008.a,5008,641024,"""[[1,1,0,-2,-1,1],[0,1,0,1]]""","""[[2,[1,-1]],[313,[1,-11,323,-313]]]""",False,Q,Q,USp(4),1433520983506251286,0
5012.a.80192.1,5012.a,5012,80192,"""[[0,0,0,-5,3],[1,1,0,1]]""","""[[2,[1,1,1]],[7,[1,1,5,-7]],[179,[1,5,183,179]]]""",False,Q,Q,USp(4),1506048407056034821,0
5012.b.80192.1,5012.b,5012,80192,"""[[7,0,-11,0,3,-1],[1,1,1]]""","""[[2,[1,0,1]],[7,[1,4,10,7]],[179,[1,10,168,-179]]]""",False,Q,Q,USp(4),718879909457592272,0
5012.c.320768.1,5012.c,5012,320768,"""[[0,-1,2,0,-2,1],[1,0,0,1]]""","""[[2,[1,0,-1]],[7,[1,4,10,7]],[179,[1,-16,162,179]]]""",False,Q,Q,USp(4),270665072606338367,0
5020.a.251000.1,5020.a,5020,251000,"""[[0,2,4,4,2,1],[0,1,1]]""","""[[2,[1,0,-1]],[5,[1,3,1,-5]],[251,[1,1,251,251]]]""",False,Q,Q,USp(4),262133218202977099,0
5024.a.40192.1,5024.a,5024,40192,"""[[0,-1,-2,-3,-2],[0,1,0,1]]""","""[[2,[1,1]],[157,[1,-22,134,157]]]""",False,Q,Q,USp(4),1492244279605363995,0
5024.b.643072.1,5024.b,5024,643072,"""[[13,7,-27,0,17,-8,1],[0,1]]""","""[[2,[1,1]],[157,[1,18,174,157]]]""",False,Q,Q,USp(4),272134260344764551,0
5026.a.35182.1,5026.a,5026,35182,"""[[0,5,28,46,22,4],[1,0,0,1]]""","""[[2,[1,2,3,2]],[7,[1,4,10,7]],[359,[1,-11,347,359]]]""",False,Q,Q,USp(4),1419419978563690082,0
5027.a.5027.1,5027.a,5027,5027,"""[[0,0,-1,0,-2,1],[1,1,1]]""","""[[11,[1,3,13,11]],[457,[1,5,451,-457]]]""",False,Q,Q,USp(4),1693514552440780318,0
5030.a.10060.1,5030.a,5030,10060,"""[[1,1,2,0,-1],[0,1,1,1]]""","""[[2,[1,0,1,2]],[5,[1,4,8,5]],[503,[1,23,479,-503]]]""",False,Q,Q,USp(4),929002680384826020,0
5030.b.50300.1,5030.b,5030,50300,"""[[0,1,2,0,0,1],[0,1,1]]""","""[[2,[1,0,1,-2]],[5,[1,1,3,-5]],[503,[1,25,527,503]]]""",False,Q,Q,USp(4),1965322337783875063,0
5032.a.40256.1,5032.a,5032,40256,"""[[0,0,1,1,2,2,1],[1,1]]""","""[[2,[1,1]],[17,[1,-4,20,-17]],[37,[1,9,27,-37]]]""",False,Q,Q,USp(4),11233817985696679,0
5040.a.241920.1,5040.a,5040,241920,"""[[105,0,88,0,24,0,2],[0,1,0,1]]""","""[[2,[1,1]],[3,[1,2,1]],[5,[1,3,7,5]],[7,[1,1,7,7]]]""",True,Q x Q,Q x Q,SU(2)xSU(2),799188636759194093,0
5040.b.680400.1,5040.b,5040,680400,"""[[-2,0,18,0,-65,0,75],[1,0,1]]""","""[[2,[1,1,2]],[3,[1,2,1]],[5,[1,-3,7,-5]],[7,[1,-1,7,-7]]]""",True,Q x Q,Q x Q,SU(2)xSU(2),732136213401825806,0
5040.c.141120.1,5040.c,5040,141120,"""[[-2940,0,-560,0,-36,0,-1],[0,1,0,1]]""","""[[2,[1,-1]],[3,[1,2,1]],[5,[1,1,3,-5]],[7,[1,-1,7,-7]]]""",True,Q x Q,Q x Q,SU(2)xSU(2),309557122176719959,0
5040.d.408240.1,5040.d,5040,408240,"""[[-16,0,-34,0,-23,0,-5],[1,0,1]]""","""[[2,[1,1,2]],[3,[1,0,-1]],[5,[1,-3,7,-5]],[7,[1,1,7,7]]]""",True,Q x Q,Q x Q,SU(2)xSU(2),2175011849543602454,0
5043.a.45387.1,5043.a,5043,45387,"""[[2,-3,-4,-1,1,1],[0,0,0,1]]""","""[[3,[1,0,2,-3]],[41,[1,-6,41]]]""",False,Q,Q,USp(4),1409142132730487067,0
5043.a.5043.1,5043.a,5043,5043,"""[[10,13,-3,-7,0,1],[1]]""","""[[3,[1,0,2,-3]],[41,[1,-6,41]]]""",False,Q,Q,USp(4),1409142132730487067,0
5046.a.20184.1,5046.a,5046,20184,"""[[0,2,8,9,0,1],[1,1]]""","""[[2,[1,1,2,2]],[3,[1,0,2,-3]],[29,[1,6,29]]]""",False,Q,Q,USp(4),1281159881168561230,0
5046.a.45414.1,5046.a,5046,45414,"""[[-1,1,-1,2,0,1],[0,1]]""","""[[2,[1,1,2,2]],[3,[1,0,2,-3]],[29,[1,6,29]]]""",False,Q,Q,USp(4),1281159881168561230,0
5046.b.20184.1,5046.b,5046,20184,"""[[1,-1,2,-3,-1,1],[0,1,0,1]]""","""[[2,[1,1,0,-2]],[3,[1,2,4,3]],[29,[1,0,29]]]""",False,Q,Q,USp(4),1497784123800443949,0
5046.c.20184.1,5046.c,5046,20184,"""[[12,78,163,97,-26,1],[0,1,1]]""","""[[2,[1,0,1,2]],[3,[1,-1,1,3]],[29,[1,-6,29]]]""",False,Q,Q,USp(4),423161130881654996,0
5049.a.85833.1,5049.a,5049,85833,"""[[-3,6,2,3,1],[0,1,1,1]]""","""[[3,[1,2,3]],[11,[1,-1,11,-11]],[17,[1,-2,14,17]]]""",False,Q,Q,USp(4),846162071631627752,0
5050.a.50500.1,5050.a,5050,50500,"""[[-15,12,8,-5,-1,1],[1,0,0,1]]""","""[[2,[1,0,1,2]],[5,[1,1,1]],[101,[1,10,90,-101]]]""",False,Q,Q,USp(4),116484424619521857,0
5051.a.5051.1,5051.a,5051,5051,"""[[-5,0,7,1,-3,-1],[1,1]]""","""[[5051,[1,37,5087,5051]]]""",False,Q,Q,USp(4),1250750026771032253,0
5056.a.5056.1,5056.a,5056,5056,"""[[1,0,1],[1,1,1,1]]""","""[[2,[1]],[79,[1,-9,87,-79]]]""",False,Q,Q,USp(4),405701567676452104,0
5059.a.5059.1,5059.a,5059,5059,"""[[-1,2,0,-3,1,1],[1]]""","""[[5059,[1,-74,5132,-5059]]]""",False,Q,Q,USp(4),687798497629240163,0
5060.a.116380.1,5060.a,5060,116380,"""[[-25,31,-17,11,8,1],[0,1,1]]""","""[[2,[1,0,-1]],[5,[1,1,3,-5]],[11,[1,-5,15,-11]],[23,[1,-1,23,-23]]]""",False,Q,Q,USp(4),1983954481271294610,0
5062.a.5062.1,5062.a,5062,5062,"""[[0,0,0,0,-1,-1,-1],[1,1]]""","""[[2,[1,1,2,2]],[2531,[1,96,2434,-2531]]]""",False,Q,Q,USp(4),1068620709098091447,0
5072.a.81152.1,5072.a,5072,81152,"""[[-1,0,2,-1,-3,0,1],[1,1]]""","""[[2,[1,-1]],[317,[1,-17,299,317]]]""",False,Q,Q,USp(4),1274843810991180066,0
5072.b.81152.1,5072.b,5072,81152,"""[[0,1,1,1,1,-2,1],[1]]""","""[[2,[1]],[317,[1,13,329,317]]]""",False,Q,Q,USp(4),1963194529903910747,0
5072.c.81152.1,5072.c,5072,81152,"""[[-4,8,1,-13,1,8,-3],[1,1]]""","""[[2,[1,1]],[317,[1,23,339,317]]]""",False,Q,Q,USp(4),702460591787373009,0
5077.a.5077.1,5077.a,5077,5077,"""[[0,1,-16,8,7,1],[0,1]]""","""[[5077,[1,107,5183,5077]]]""",False,Q,Q,USp(4),1051459620518888359,0
5077.a.5077.2,5077.a,5077,5077,"""[[-1,2,0,-4,1,1],[1,0,1]]""","""[[5077,[1,107,5183,5077]]]""",False,Q,Q,USp(4),1051459620518888359,0
5077.b.5077.1,5077.b,5077,5077,"""[[0,2,2,-12,-24,1],[1,0,1]]""","""[[5077,[1,9,5067,-5077]]]""",False,Q,Q,USp(4),233663266370517616,0
5077.b.5077.2,5077.b,5077,5077,"""[[0,1,-1,2,-1,1],[0,1]]""","""[[5077,[1,9,5067,-5077]]]""",False,Q,Q,USp(4),233663266370517616,0
5078.a.40624.1,5078.a,5078,40624,"""[[0,0,-1,1,1,-1],[1,1]]""","""[[2,[1,1,0,-2]],[2539,[1,-27,2511,2539]]]""",False,Q,Q,USp(4),2139337179518016549,0
5078.a.5078.1,5078.a,5078,5078,"""[[-17,49,-40,0,7,1],[0,1]]""","""[[2,[1,1,0,-2]],[2539,[1,-27,2511,2539]]]""",False,Q,Q,USp(4),2139337179518016549,0
5087.a.5087.1,5087.a,5087,5087,"""[[0,-2,2,0,-1],[1,0,0,1]]""","""[[5087,[1,-22,5108,-5087]]]""",False,Q,Q,USp(4),2070426583666373691,0
5088.a.10176.1,5088.a,5088,10176,"""[[-6,10,2,-6,-1,1],[0,0,0,1]]""","""[[2,[1]],[3,[1,2,0,-3]],[53,[1,-11,63,-53]]]""",False,Q,Q,USp(4),762411980898052497,0
5088.b.651264.1,5088.b,5088,651264,"""[[0,0,0,1,-3,0,1],[1,1]]""","""[[2,[1,-1]],[3,[1,2,0,-3]],[53,[1,-11,41,53]]]""",False,Q,Q,USp(4),1449654428776341390,0
5094.a.5094.1,5094.a,5094,5094,"""[[0,0,1,1,1,-1],[1,1]]""","""[[2,[1,1,0,-2]],[3,[1,0,1]],[283,[1,-25,307,-283]]]""",False,Q,Q,USp(4),2015498122962840461,0
5094.b.122256.1,5094.b,5094,122256,"""[[12,8,-4,-5,0,1],[1,0,0,1]]""","""[[2,[1,2,3,2]],[3,[1,1,1]],[283,[1,9,273,-283]]]""",False,Q,Q,USp(4),893095790074944208,0
5100.a.61200.1,5100.a,5100,61200,"""[[0,-1,3,-4,5,-2,1],[1]]""","""[[2,[1,2,2]],[3,[1,1,1,-3]],[5,[1,1,5]],[17,[1,4,12,-17]]]""",False,Q,Q,USp(4),728974995696710754,0
5101.a.5101.1,5101.a,5101,5101,"""[[-1,-1,-2,0,0,1],[0,0,0,1]]""","""[[5101,[1,-125,5225,-5101]]]""",False,Q,Q,USp(4),675331926185198765,0
5103.a.15309.1,5103.a,5103,15309,"""[[2,3,-1,-3,0,1],[0,0,0,1]]""","""[[3,[1,1]],[7,[1,2,4,-7]]]""",False,Q,Q,USp(4),534090348156470827,0
5105.a.5105.1,5105.a,5105,5105,"""[[0,-1,1,0,-1],[1,1,0,1]]""","""[[5,[1,3,1,-5]],[1021,[1,11,1031,1021]]]""",False,Q,Q,USp(4),103122085220981342,0
5108.a.20432.1,5108.a,5108,20432,"""[[-1,0,-2,1,-1,1],[1,1,1]]""","""[[2,[1,0,1]],[1277,[1,62,1214,-1277]]]""",False,Q,Q,USp(4),973873646188385050,0
5111.a.97109.1,5111.a,5111,97109,"""[[0,1,0,1,-2,1],[0,1]]""","""[[19,[1,-3,15,19]],[269,[1,11,279,269]]]""",False,Q,Q,USp(4),1596502133200256231,0
5113.a.5113.1,5113.a,5113,5113,"""[[0,-1,0,0,-2,0,1],[1,1,1]]""","""[[5113,[1,-32,5080,5113]]]""",False,Q,Q,USp(4),246544423389153698,0
5114.a.20456.1,5114.a,5114,20456,"""[[0,0,-1,1,-1,1],[1,1]]""","""[[2,[1,1,0,-2]],[2557,[1,-40,2516,2557]]]""",False,Q,Q,USp(4),230036696445116099,0
5120.a.40960.1,5120.a,5120,40960,"""[[0,2,2,-3,-1,1],[]]""","""[[2,[1]],[5,[1,3,1,-5]]]""",False,Q,Q,USp(4),1040445355821513040,0
5120.b.40960.1,5120.b,5120,40960,"""[[1,0,-4,-1,4,2],[]]""","""[[2,[1]],[5,[1,-1,5,-5]]]""",False,Q,Q,USp(4),1154776247177237174,0
5125.a.25625.1,5125.a,5125,25625,"""[[1,2,1],[1,1,0,1]]""","""[[5,[1,1]],[41,[1,-4,44,-41]]]""",False,Q,Q,USp(4),67927714603592629,0
5126.a.10252.1,5126.a,5126,10252,"""[[5,-1,-8,-1,3,1],[0,1]]""","""[[2,[1,-1,2,-2]],[11,[1,5,5,-11]],[233,[1,7,239,233]]]""",False,Q,Q,USp(4),1589593502588281405,0
5139.a.46251.1,5139.a,5139,46251,"""[[0,1,-3,0,2,-1],[1,1]]""","""[[3,[1,0,-1]],[571,[1,45,615,571]]]""",False,Q,Q,USp(4),1051973583302262735,0
5144.a.658432.1,5144.a,5144,658432,"""[[5,18,17,2,5,8],[0,1]]""","""[[2,[1,-1,2]],[643,[1,-3,639,643]]]""",False,Q,Q,USp(4),2131578387498909861,0
5151.a.15453.1,5151.a,5151,15453,"""[[0,1,-2,-5,4,3],[1,0,1]]""","""[[3,[1,1,3,3]],[17,[1,2,14,-17]],[101,[1,15,115,101]]]""",False,Q,Q,USp(4),1980561860346754042,0
5151.b.139077.1,5151.b,5151,139077,"""[[0,1,1,0,-11,9],[0,1]]""","""[[3,[1,0,2,-3]],[17,[1,3,19,17]],[101,[1,-1,99,101]]]""",False,Q,Q,USp(4),850851336210747800,0
5157.a.5157.1,5157.a,5157,5157,"""[[0,1,0,6,-5,1],[0,1]]""","""[[3,[1,1]],[191,[1,25,215,191]]]""",False,Q,Q,USp(4),2126844482983430683,0
5157.b.5157.1,5157.b,5157,5157,"""[[0,1,2,-2,-1],[0,1,0,1]]""","""[[3,[1,2,3]],[191,[1,-12,178,191]]]""",False,Q,Q,USp(4),701977331271350606,0
5157.c.46413.1,5157.c,5157,46413,"""[[0,-1,2,-1,1,1],[1]]""","""[[3,[1,0,3]],[191,[1,15,175,-191]]]""",False,Q,Q,USp(4),458236330054900677,0
5157.d.417717.1,5157.d,5157,417717,"""[[-2,-1,1,1],[0,0,1,1]]""","""[[3,[1,1]],[191,[1,-7,183,191]]]""",False,Q,Q,USp(4),458787742278702399,0
5157.e.417717.1,5157.e,5157,417717,"""[[0,1,0,3,-2,1],[0,1]]""","""[[3,[1,1]],[191,[1,7,183,-191]]]""",False,Q,Q,USp(4),759916131042051024,0
5161.a.5161.1,5161.a,5161,5161,"""[[0,0,1,1,2,1],[1,1,0,1]]""","""[[13,[1,-1,11,13]],[397,[1,-39,435,-397]]]""",False,Q,Q,USp(4),286701539724596705,0
5166.a.247968.1,5166.a,5166,247968,"""[[1,1,3,1,2],[1,0,0,1]]""","""[[2,[1,0,1,-2]],[3,[1,1,3]],[7,[1,1,5,-7]],[41,[1,-3,43,-41]]]""",False,Q,Q,USp(4),25844706908917219,0
5170.a.10340.1,5170.a,5170,10340,"""[[24,-22,-46,14,25,0,-3],[1,0,0,1]]""","""[[2,[1,0,1,2]],[5,[1,-1,5,-5]],[11,[1,-1,11,-11]],[47,[1,1,47,47]]]""",False,Q,Q,USp(4),1060855860792857881,0
5170.b.10340.1,5170.b,5170,10340,"""[[1,-1,-2],[0,1,1,1]]""","""[[2,[1,2,3,2]],[5,[1,5,9,5]],[11,[1,5,5,-11]],[47,[1,7,39,-47]]]""",False,Q,Q,USp(4),1163628363474613659,0
5171.a.5171.1,5171.a,5171,5171,"""[[0,-1,2,-1,-1,1],[0,1]]""","""[[5171,[1,71,5099,-5171]]]""",False,Q,Q,USp(4),1146716146956413951,0
5173.a.5173.1,5173.a,5173,5173,"""[[2,1,0,0,1,1],[0,0,0,1]]""","""[[7,[1,1,5,-7]],[739,[1,-21,759,-739]]]""",False,Q,Q,USp(4),566620880343759674,0
5184.a.46656.1,5184.a,5184,46656,"""[[2,0,0,1],[0,0,0,1]]""","""[[2,[1,0,2]],[3,[1]]]""",True,CM,M_2(CM),J(C_2),721853426608414320,0
5184.b.746496.1,5184.b,5184,746496,"""[[-4,1,-2,1],[1,1,1,1]]""","""[[2,[1,2,2]],[3,[1,-1]]]""",False,Q,Q,USp(4),1356315518694063834,0
5184.c.995328.1,5184.c,5184,995328,"""[[0,0,-1,-1,0,4],[1]]""","""[[2,[1,2,2]],[3,[1,1]]]""",False,Q,Q,USp(4),1538014474739078989,0
5196.a.332544.1,5196.a,5196,332544,"""[[0,-2,1,0,3,0,1],[1,1,1]]""","""[[2,[1,0,1]],[3,[1,1,1,-3]],[433,[1,-5,427,433]]]""",False,Q,Q,USp(4),93474979339322636,0
5200.a.130000.1,5200.a,5200,130000,"""[[-13,0,9,0,-3],[0,1,0,1]]""","""[[2,[1,1,2]],[5,[1,2,1]],[13,[1,-1,11,13]]]""",True,Q x Q,Q x Q,SU(2)xSU(2),1568095636500509366,0
5200.b.332800.1,5200.b,5200,332800,"""[[0,0,-1,0,2,2,1],[1,1]]""","""[[2,[1,-1]],[5,[1,0,1]],[13,[1,-2,14,-13]]]""",False,Q,Q,USp(4),1052899958466367079,0
5201.a.36407.1,5201.a,5201,36407,"""[[-2,1,-4,1,-3,0,-1],[1,0,1,1]]""","""[[7,[1,4,2,-7]],[743,[1,-23,719,743]]]""",False,Q,Q,USp(4),1006191030479254241,0
5204.a.5204.1,5204.a,5204,5204,"""[[1,1],[1,0,0,1]]""","""[[2,[1,0,1]],[1301,[1,-51,1249,1301]]]""",False,Q,Q,USp(4),1208288815089132431,0
5204.b.20816.1,5204.b,5204,20816,"""[[0,0,0,-1,0,2,1],[1,1]]""","""[[2,[1,1,2]],[1301,[1,-65,1235,1301]]]""",False,Q,Q,USp(4),2089599317721613664,0
5208.a.281232.1,5208.a,5208,281232,"""[[4,2,1,3],[0,0,1,1]]""","""[[2,[1,1]],[3,[1,1,3,3]],[7,[1,4,2,-7]],[31,[1,-9,39,-31]]]""",False,Q,Q,USp(4),110770844304143623,0
5208.b.656208.1,5208.b,5208,656208,"""[[0,7,-4,8,-2,2],[0,1]]""","""[[2,[1,-1]],[3,[1,-1,1,3]],[7,[1,1,7,7]],[31,[1,9,39,31]]]""",False,Q,Q,USp(4),2024535269212419007,0
5209.a.5209.1,5209.a,5209,5209,"""[[0,-1,-1,1,1],[1,1,0,1]]""","""[[5209,[1,-141,5067,5209]]]""",False,Q,Q,USp(4),1871862673699851444,0
5210.a.416800.1,5210.a,5210,416800,"""[[1,1,2,3,2,1],[0,1]]""","""[[2,[1,1,0,-2]],[5,[1,4,8,5]],[521,[1,-34,486,521]]]""",False,Q,Q,USp(4),752783613110292544,0
5214.a.344124.1,5214.a,5214,344124,"""[[10,1,-17,-5,7,3],[0,1,1]]""","""[[2,[1,0,1,2]],[3,[1,2,4,3]],[11,[1,1,11,11]],[79,[1,15,63,-79]]]""",False,Q,Q,USp(4),1499010021023204765,0
5215.a.912625.1,5215.a,5215,912625,"""[[3,-1,1,0,0,-1],[1,1,0,1]]""","""[[5,[1,-2,6,-5]],[7,[1,1,7,7]],[149,[1,18,166,149]]]""",False,Q,Q,USp(4),2216134626821159810,0
5222.a.41776.1,5222.a,5222,41776,"""[[1,-1,2,0,1],[0,1,0,1]]""","""[[2,[1,1,0,-2]],[7,[1,-1,7,-7]],[373,[1,-27,399,-373]]]""",False,Q,Q,USp(4),1398359186488968181,0
5232.a.669696.1,5232.a,5232,669696,"""[[0,1,0,-3,3,-2,1],[1]]""","""[[2,[1]],[3,[1,3,5,3]],[109,[1,6,102,-109]]]""",False,Q,Q,USp(4),133936277068871039,0
5235.a.26175.1,5235.a,5235,26175,"""[[19,-26,-53,1,7,1],[1,1]]""","""[[3,[1,0,2,-3]],[5,[1,-3,7,-5]],[349,[1,-21,327,349]]]""",False,Q,Q,USp(4),66347203060646454,0
5239.a.5239.1,5239.a,5239,5239,"""[[0,-1,-1,0,0,1],[1,1,0,1]]""","""[[13,[1,0,13]],[31,[1,7,23,-31]]]""",False,Q,Q,USp(4),35800026152974481,0
5247.a.425007.1,5247.a,5247,425007,"""[[10,-11,2,0,-1],[0,0,1,1]]""","""[[3,[1,1,1]],[11,[1,-3,7,11]],[53,[1,9,43,-53]]]""",False,Q,Q,USp(4),1305496355018783122,0
5248.a.671744.1,5248.a,5248,671744,"""[[4,-8,5,0,-1],[0,0,0,1]]""","""[[2,[1]],[41,[1,9,31,-41]]]""",False,Q,Q,USp(4),479257982197160945,0
5254.a.5254.1,5254.a,5254,5254,"""[[2,0,-14,6,10,3],[0,1,0,1]]""","""[[2,[1,1,0,-2]],[37,[1,-7,29,37]],[71,[1,2,68,-71]]]""",False,Q,Q,USp(4),1092428007127231884,0
5256.a.168192.1,5256.a,5256,168192,"""[[-28,72,-25,-18,6,1],[0,0,1]]""","""[[2,[1,1,2]],[3,[1,0,-1]],[73,[1,-9,63,73]]]""",False,Q,Q,USp(4),1869327473274598277,0
5262.a.10524.1,5262.a,5262,10524,"""[[-1,0,1],[1,0,0,1]]""","""[[2,[1,0,1,2]],[3,[1,2,0,-3]],[877,[1,43,919,877]]]""",False,Q,Q,USp(4),761312010213483629,0
5263.a.99997.1,5263.a,5263,99997,"""[[-2,-1,1,0,-1],[0,0,0,1]]""","""[[19,[1,0,18,19]],[277,[1,-27,303,-277]]]""",False,Q,Q,USp(4),731366955651535471,0
5264.a.673792.1,5264.a,5264,673792,"""[[-7,-18,-17,-7,0,1],[0,0,0,1]]""","""[[2,[1]],[7,[1,0,6,-7]],[47,[1,-8,38,47]]]""",False,Q,Q,USp(4),801952497115845370,0
5266.a.10532.1,5266.a,5266,10532,"""[[1,1,-1,-1,0,1],[0,1,0,1]]""","""[[2,[1,1,2,2]],[2633,[1,1,2631,-2633]]]""",False,Q,Q,USp(4),397137934791312955,0
5267.a.5267.1,5267.a,5267,5267,"""[[1,2,1,1],[0,1,0,1]]""","""[[23,[1,6,28,23]],[229,[1,-21,249,-229]]]""",False,Q,Q,USp(4),1172394140391301771,0
5280.a.633600.1,5280.a,5280,633600,"""[[0,2,4,5,12,1],[1,0,1]]""","""[[2,[1,1]],[3,[1,2,4,3]],[5,[1,2,6,5]],[11,[1,7,17,11]]]""",False,Q,Q,USp(4),1280914589187796866,0
5280.b.675840.1,5280.b,5280,675840,"""[[2,-1,-8,0,9,4],[]]""","""[[2,[1]],[3,[1,-1,1,3]],[5,[1,-1,3,5]],[11,[1,1,11,11]]]""",False,Q,Q,USp(4),287636418597531043,0
5280.c.84480.1,5280.c,5280,84480,"""[[-55,0,125,0,-95,0,24],[0,1]]""","""[[2,[1,-1,2]],[3,[1,-1,3,-3]],[5,[1,-3,7,-5]],[11,[1,-3,7,11]]]""",True,Q x Q,Q x Q,SU(2)xSU(2),703075620582540906,0
5280.d.84480.1,5280.d,5280,84480,"""[[55,0,125,0,95,0,24],[0,1]]""","""[[2,[1,-1,2]],[3,[1,1,3,3]],[5,[1,-3,7,-5]],[11,[1,5,15,11]]]""",True,Q x Q,Q x Q,SU(2)xSU(2),69996039822729222,0
5290.a.169280.1,5290.a,5290,169280,"""[[1,-3,-1,3,1],[0,1,1,1]]""","""[[2,[1,0,1,-2]],[5,[1,2,2,-5]],[23,[1,0,23]]]""",False,Q,Q,USp(4),1842292197861614033,0
5295.a.79425.1,5295.a,5295,79425,"""[[2,3,0,-1],[1,0,1,1]]""","""[[3,[1,3,5,3]],[5,[1,4,8,5]],[353,[1,4,356,353]]]""",False,Q,Q,USp(4),439911929371602763,0
5296.a.84736.1,5296.a,5296,84736,"""[[1,0,0,-2,0,1],[]]""","""[[2,[1]],[331,[1,-33,363,-331]]]""",False,Q,Q,USp(4),1575236580826247616,0
5296.b.84736.1,5296.b,5296,84736,"""[[1,4,4,0,0,1],[]]""","""[[2,[1]],[331,[1,-13,343,-331]]]""",False,Q,Q,USp(4),298035634444643882,0
5296.c.84736.1,5296.c,5296,84736,"""[[1,0,0,4,4,1],[]]""","""[[2,[1]],[331,[1,29,359,331]]]""",False,Q,Q,USp(4),577765159050911041,0
5299.a.5299.1,5299.a,5299,5299,"""[[0,0,-1,1,0,-1],[1,1,0,1]]""","""[[7,[1,1,5,-7]],[757,[1,-28,728,757]]]""",False,Q,Q,USp(4),435629111939974702,0
5304.a.10608.1,5304.a,5304,10608,"""[[-10,0,35,0,-43,0,17],[1,0,1]]""","""[[2,[1,1,2]],[3,[1,-1,3,-3]],[13,[1,1,11,-13]],[17,[1,-3,19,-17]]]""",True,Q x Q,Q x Q,SU(2)xSU(2),343346921245520708,0
5304.b.31824.1,5304.b,5304,31824,"""[[0,1,-12,30,-26,6],[0,1]]""","""[[2,[1,-1]],[3,[1,1,1,-3]],[13,[1,5,7,-13]],[17,[1,-1,15,17]]]""",False,Q,Q,USp(4),1454178949458293424,0
5304.c.31824.1,5304.c,5304,31824,"""[[3,8,-1,-13,-2,6],[0,1]]""","""[[2,[1,-1,2]],[3,[1,-1,3,-3]],[13,[1,-3,15,-13]],[17,[1,-1,15,17]]]""",False,Q,Q,USp(4),899791304841375600,0
5304.d.286416.1,5304.d,5304,286416,"""[[3,-2,-8,1,6,2],[0,1]]""","""[[2,[1,1,2]],[3,[1,1,1,-3]],[13,[1,5,7,-13]],[17,[1,-1,15,17]]]""",False,Q,Q,USp(4),1230589370452460029,0
5312.a.5312.1,5312.a,5312,5312,"""[[-2,-4,-4,-1,1,1],[0,0,0,1]]""","""[[2,[1,0,2]],[83,[1,13,95,83]]]""",False,Q,Q,USp(4),354862658287279391,0
5312.b.5312.1,5312.b,5312,5312,"""[[0,1,0,1],[1,1,1,1]]""","""[[2,[1,2,2]],[83,[1,13,95,83]]]""",False,Q,Q,USp(4),543513770275398413,0
5312.c.339968.1,5312.c,5312,339968,"""[[-1,2,-8,5,2,-28,20],[1,1]]""","""[[2,[1,-1,2]],[83,[1,-11,71,83]]]""",False,Q,Q,USp(4),1918945363522451658,0
5312.d.339968.1,5312.d,5312,339968,"""[[0,1,-3,0,1,1],[]]""","""[[2,[1]],[83,[1,-5,87,-83]]]""",False,Q,Q,USp(4),313051981622278617,0
5312.e.679936.1,5312.e,5312,679936,"""[[-8,16,-15,-10,2,1],[]]""","""[[2,[1]],[83,[1,-5,87,-83]]]""",False,Q,Q,USp(4),1700354115774100513,0
5313.a.5313.1,5313.a,5313,5313,"""[[-1,0,-2,0,-1],[1,1,0,1]]""","""[[3,[1,0,2,3]],[7,[1,3,3,-7]],[11,[1,1,9,-11]],[23,[1,-1,23,-23]]]""",False,Q,Q,USp(4),308950133197989557,0
5313.b.642873.1,5313.b,5313,642873,"""[[-2,-4,-1,4,3,-1,-2],[1,1,0,1]]""","""[[3,[1,-2,4,-3]],[7,[1,3,3,-7]],[11,[1,1,9,-11]],[23,[1,5,17,-23]]]""",False,Q,Q,USp(4),2131343429670208782,0
5317.a.5317.1,5317.a,5317,5317,"""[[0,1,0,-1,-1,1],[1,0,1]]""","""[[13,[1,1,13,13]],[409,[1,-23,431,-409]]]""",False,Q,Q,USp(4),2289271951053135661,0
5319.a.5319.1,5319.a,5319,5319,"""[[0,-1,0,0,-1,1],[1,1,0,1]]""","""[[3,[1,1]],[197,[1,9,187,-197]]]""",False,Q,Q,USp(4),1330266686076775500,0
5324.a.234256.1,5324.a,5324,234256,"""[[-3,0,-14,0,-22,0,-11],[1]]""","""[[2,[1,0,2]],[11,[1,1]]]""",True,Q x Q,CM x Q,N(U(1)xSU(2)),179676514911213177,0
5329.a.5329.1,5329.a,5329,5329,"""[[-8,31,-40,25,-16,-8,-1],[1,1,0,1]]""","""[[73,[1,-2,1]]]""",True,RM,RM,SU(2)xSU(2),1838212080306629382,0
5329.b.5329.1,5329.b,5329,5329,"""[[0,-1,0,1],[1,0,1,1]]""","""[[73,[1,2,1]]]""",True,RM,RM,SU(2)xSU(2),391968563378657010,0
5331.a.15993.1,5331.a,5331,15993,"""[[0,-1,1,1,-1],[1,1,0,1]]""","""[[3,[1,3,5,3]],[1777,[1,-66,1710,1777]]]""",False,Q,Q,USp(4),1706558006551062149,0
5334.a.37338.1,5334.a,5334,37338,"""[[0,2,5,4,3],[1,0,0,1]]""","""[[2,[1,2,3,2]],[3,[1,1,3,3]],[7,[1,4,10,7]],[127,[1,3,123,-127]]]""",False,Q,Q,USp(4),2107607481437350916,0
5336.a.170752.1,5336.a,5336,170752,"""[[-1,0,3,-9,9,-4],[1,1]]""","""[[2,[1,-1]],[23,[1,7,29,23]],[29,[1,-5,23,29]]]""",False,Q,Q,USp(4),1779413140877010199,0
5344.a.85504.1,5344.a,5344,85504,"""[[0,1,0,-1,1,-2,1],[1]]""","""[[2,[1]],[167,[1,9,175,167]]]""",False,Q,Q,USp(4),2018917968111854783,0
5345.a.5345.1,5345.a,5345,5345,"""[[0,-2,1,1,-1],[1,1,0,1]]""","""[[5,[1,2,2,-5]],[1069,[1,7,1075,1069]]]""",False,Q,Q,USp(4),1671540071924322557,0
5352.a.289008.1,5352.a,5352,289008,"""[[0,0,1,3,2,2],[1,1]]""","""[[2,[1,1,2]],[3,[1,2,0,-3]],[223,[1,29,251,223]]]""",False,Q,Q,USp(4),1110873342192301351,0
5352.a.685056.1,5352.a,5352,685056,"""[[-3,6,6,-14,-3,8],[0,1]]""","""[[2,[1,1,2]],[3,[1,2,0,-3]],[223,[1,29,251,223]]]""",False,Q,Q,USp(4),1110873342192301351,0
5357.a.5357.1,5357.a,5357,5357,"""[[0,-2,1,0,-3,2,-1],[1,1,0,1]]""","""[[11,[1,-5,15,-11]],[487,[1,-7,479,487]]]""",False,Q,Q,USp(4),1228104842423620181,0
5360.a.686080.1,5360.a,5360,686080,"""[[1,1,-2,-1,1],[0,1,0,1]]""","""[[2,[1,-1]],[5,[1,3,1,-5]],[67,[1,-13,79,-67]]]""",False,Q,Q,USp(4),479512258699046567,0
5363.a.5363.1,5363.a,5363,5363,"""[[0,-1,1,0,-2],[0,1,0,1]]""","""[[31,[1,-2,28,31]],[173,[1,14,158,-173]]]""",False,Q,Q,USp(4),614414204909352077,0
5364.a.193104.1,5364.a,5364,193104,"""[[1,2,3,2],[0,1,0,1]]""","""[[2,[1,1,2]],[3,[1,0,-1]],[149,[1,-16,164,-149]]]""",False,Q,Q,USp(4),27798318354005144,0
5365.a.5365.1,5365.a,5365,5365,"""[[6,19,13,-6,-4,1],[0,0,1]]""","""[[5,[1,1,3,-5]],[29,[1,-3,31,-29]],[37,[1,-5,31,37]]]""",False,Q,Q,USp(4),747881626406875717,0
5365.a.670625.1,5365.a,5365,670625,"""[[1,30,220,494,44,1],[1,1]]""","""[[5,[1,1,3,-5]],[29,[1,-3,31,-29]],[37,[1,-5,31,37]]]""",False,Q,Q,USp(4),747881626406875717,0
5365.b.777925.1,5365.b,5365,777925,"""[[0,1,-2,-5,4,1],[1,0,1]]""","""[[5,[1,1,3,-5]],[29,[1,5,23,-29]],[37,[1,5,31,-37]]]""",False,Q,Q,USp(4),460953497824922454,0
5376.a.32256.1,5376.a,5376,32256,"""[[0,0,-3,-3,5,6],[1]]""","""[[2,[1,0,2]],[3,[1,1,3,3]],[7,[1,3,3,-7]]]""",False,Q,Q,USp(4),435324213217592066,0
5376.a.75264.1,5376.a,5376,75264,"""[[-1,1,-1,1],[1,1,1,1]]""","""[[2,[1,0,2]],[3,[1,1,3,3]],[7,[1,3,3,-7]]]""",False,Q,Q,USp(4),435324213217592066,0
5376.b.75264.1,5376.b,5376,75264,"""[[0,0,-3,1,5,2],[1]]""","""[[2,[1,0,2]],[3,[1,1,3,3]],[7,[1,3,9,7]]]""",False,Q,Q,USp(4),1629240699160876055,0
5376.c.172032.1,5376.c,5376,172032,"""[[0,1,11,32,11,1],[]]""","""[[2,[1]],[3,[1,-1,3,-3]],[7,[1,-1,7,-7]]]""",True,Q x Q,Q x Q,SU(2)xSU(2),1189466947850292535,0
5382.a.145314.1,5382.a,5382,145314,"""[[-7,15,-31,32,-31,15,-7],[1,0,0,1]]""","""[[2,[1,-2,3,-2]],[3,[1,2,1]],[13,[1,1,11,-13]],[23,[1,1,23,23]]]""",True,Q x Q,Q x Q,SU(2)xSU(2),915370644147783609,0
5390.a.5390.1,5390.a,5390,5390,"""[[-6,3,10,1,-2],[1,0,0,1]]""","""[[2,[1,2,3,2]],[5,[1,-1,5,-5]],[7,[1,-2,1]],[11,[1,1,11,11]]]""",True,Q x Q,Q x Q,SU(2)xSU(2),2276809876729833704,0
5390.b.59290.1,5390.b,5390,59290,"""[[-29,-1,54,-33,0,1],[0,1,1,1]]""","""[[2,[1,2,3,2]],[5,[1,-1,5,-5]],[7,[1,0,-1]],[11,[1,-1,11,-11]]]""",True,Q x Q,Q x Q,SU(2)xSU(2),829069234590062240,0
5390.c.75460.1,5390.c,5390,75460,"""[[5,7,19,14,19,7,5],[1,0,0,1]]""","""[[2,[1,-2,3,-2]],[5,[1,3,7,5]],[7,[1,2,1]],[11,[1,-5,15,-11]]]""",True,Q x Q,Q x Q,SU(2)xSU(2),484983459323588965,0
5390.d.237160.1,5390.d,5390,237160,"""[[-3,-4,2,1,-1],[1,0,0,1]]""","""[[2,[1,0,1,-2]],[5,[1,3,1,-5]],[7,[1,0,1]],[11,[1,5,5,-11]]]""",False,Q,Q,USp(4),776678896789899712,0
5390.d.862400.1,5390.d,5390,862400,"""[[0,-1,-2,0,1,0,1],[0,1,1]]""","""[[2,[1,0,1,-2]],[5,[1,3,1,-5]],[7,[1,0,1]],[11,[1,5,5,-11]]]""",False,Q,Q,USp(4),776678896789899712,0
5392.a.690176.1,5392.a,5392,690176,"""[[0,-2,3,-1,1,-2,1],[1]]""","""[[2,[1]],[337,[1,25,311,-337]]]""",False,Q,Q,USp(4),1399557055135376327,0
5402.a.788692.1,5402.a,5402,788692,"""[[-3,-7,-16,-17,-18,-9,-5],[0,1]]""","""[[2,[1,-1,2,-2]],[37,[1,3,39,37]],[73,[1,8,80,73]]]""",False,Q,Q,USp(4),1174720389709898985,0
5408.a.692224.1,5408.a,5408,692224,"""[[4,0,-4],[0,1,0,1]]""","""[[2,[1,-1]],[13,[1,2,1]]]""",True,Q x Q,Q x Q,SU(2)xSU(2),604153895240749195,0
5414.a.10828.1,5414.a,5414,10828,"""[[0,1,2],[1,0,0,1]]""","""[[2,[1,2,3,2]],[2707,[1,41,2747,2707]]]""",False,Q,Q,USp(4),1244217925794470698,0
5414.b.21656.1,5414.b,5414,21656,"""[[1,-3,2,0,-1],[0,1,0,1]]""","""[[2,[1,1,0,-2]],[2707,[1,-96,2610,2707]]]""",False,Q,Q,USp(4),948699055994948397,0
5416.a.173312.1,5416.a,5416,173312,"""[[0,0,-1,0,0,0,1],[1,1]]""","""[[2,[1,-1]],[677,[1,21,655,-677]]]""",False,Q,Q,USp(4),1879636478234504589,0
5418.a.341334.1,5418.a,5418,341334,"""[[0,2,4,-10,4,1],[1,1]]""","""[[2,[1,1,0,-2]],[3,[1,0,1]],[7,[1,3,9,7]],[43,[1,-5,47,-43]]]""",False,Q,Q,USp(4),754820035711138008,0
5424.a.5424.1,5424.a,5424,5424,"""[[-6,3,4,-1,-2],[0,1,0,1]]""","""[[2,[1,1]],[3,[1,1,3,3]],[113,[1,5,107,-113]]]""",False,Q,Q,USp(4),741338338388057533,0
5429.a.483181.1,5429.a,5429,483181,"""[[-4,-1,6,0,-3],[1,0,0,1]]""","""[[61,[1,3,57,-61]],[89,[1,11,99,89]]]""",False,Q,Q,USp(4),1449673586457754215,0
5434.a.43472.1,5434.a,5434,43472,"""[[-1,2,1,-3,0,1],[1,0,0,1]]""","""[[2,[1,0,1,-2]],[11,[1,2,8,-11]],[13,[1,2,10,-13]],[19,[1,2,20,19]]]""",False,Q,Q,USp(4),1876266408587476497,0
5436.a.391392.1,5436.a,5436,391392,"""[[2,2,2],[0,1,1,1]]""","""[[2,[1,0,-1]],[3,[1,0,-1]],[151,[1,-7,143,151]]]""",False,Q,Q,USp(4),460004159958954858,0
5440.a.27200.1,5440.a,5440,27200,"""[[2,4,2,-1,-1],[0,0,0,1]]""","""[[2,[1,2,2]],[5,[1,1,5,5]],[17,[1,5,11,-17]]]""",False,Q,Q,USp(4),216041938608751950,0
5440.b.27200.1,5440.b,5440,27200,"""[[0,1,1,-1,-2,0,2],[1]]""","""[[2,[1,0,2]],[5,[1,-1,5,-5]],[17,[1,5,11,-17]]]""",False,Q,Q,USp(4),302685029222962085,0
5440.c.348160.1,5440.c,5440,348160,"""[[0,4,-3,-6,0,1],[]]""","""[[2,[1]],[5,[1,1,3,-5]],[17,[1,5,11,-17]]]""",False,Q,Q,USp(4),2200908469385511788,0
5446.a.43568.1,5446.a,5446,43568,"""[[1,-3,6,-8,8,-5,2],[0,1]]""","""[[2,[1,-1,2,-2]],[7,[1,2,8,7]],[389,[1,29,359,-389]]]""",False,Q,Q,USp(4),1729830836062867152,0
5449.a.5449.1,5449.a,5449,5449,"""[[-1,-5,7,0,-2],[0,0,0,1]]""","""[[5449,[1,21,5427,-5449]]]""",False,Q,Q,USp(4),2040638447255594678,0
5449.b.5449.1,5449.b,5449,5449,"""[[0,0,1,2,1],[1,1,0,1]]""","""[[5449,[1,-13,5435,5449]]]""",False,Q,Q,USp(4),552753313970264396,0
5451.a.5451.1,5451.a,5451,5451,"""[[0,0,-1,0,2,1],[1,1]]""","""[[3,[1,1,1,-3]],[23,[1,3,25,23]],[79,[1,5,83,79]]]""",False,Q,Q,USp(4),1511626147781199965,0
5454.a.174528.1,5454.a,5454,174528,"""[[-3,1,0,0,1],[1,0,0,1]]""","""[[2,[1,0,1,2]],[3,[1,2,3]],[101,[1,-13,113,-101]]]""",False,Q,Q,USp(4),18252711882312780,0
5458.a.5458.1,5458.a,5458,5458,"""[[2,3,3,3,1,1],[0,1,1]]""","""[[2,[1,0,1,2]],[2729,[1,-68,2660,2729]]]""",False,Q,Q,USp(4),1383356271805003794,0
5464.a.349696.1,5464.a,5464,349696,"""[[0,0,0,-1,1,2,1],[1,1]]""","""[[2,[1,-1]],[683,[1,24,658,-683]]]""",False,Q,Q,USp(4),1761723674339667642,0
5465.a.5465.1,5465.a,5465,5465,"""[[0,-1,-1,0,1],[1,1,0,1]]""","""[[5,[1,2,6,5]],[1093,[1,58,1034,-1093]]]""",False,Q,Q,USp(4),2240515644006900159,0
5465.b.5465.1,5465.b,5465,5465,"""[[0,1,2,0,1],[1,0,0,1]]""","""[[5,[1,0,4,-5]],[1093,[1,24,1116,1093]]]""",False,Q,Q,USp(4),251241734677073175,0
5472.a.10944.1,5472.a,5472,10944,"""[[0,0,-2,0,5,2],[1]]""","""[[2,[1]],[3,[1,0,-1]],[19,[1,-5,23,-19]]]""",False,Q,Q,USp(4),662223076760326421,0
5472.b.32832.1,5472.b,5472,32832,"""[[-1,-3,-1,6,2,-6,2],[1]]""","""[[2,[1]],[3,[1,2,1]],[19,[1,5,23,19]]]""",True,Q x Q,Q x Q,SU(2)xSU(2),2201073310499882669,0
5472.c.87552.1,5472.c,5472,87552,"""[[-4,8,1,-9,2,2],[0,0,0,1]]""","""[[2,[1,2,2]],[3,[1,0,1]],[19,[1,-3,15,19]]]""",False,Q,Q,USp(4),1902506687312225441,0
5476.a.21904.1,5476.a,5476,21904,"""[[0,0,2,0,4,0,1],[1]]""","""[[2,[1,0,2]],[37,[1,-2,1]]]""",True,Q x Q,Q x Q,SU(2)xSU(2),1442418610880003643,0
5476.b.21904.1,5476.b,5476,21904,"""[[0,0,-1,0,0,0,1],[1]]""","""[[2,[1,2,2]],[37,[1,0,-1]]]""",True,Q x Q,Q x Q,SU(2)xSU(2),1886016277059246847,0
5477.a.5477.1,5477.a,5477,5477,"""[[5,-36,87,-73,4,1],[0,1]]""","""[[5477,[1,-77,5399,5477]]]""",False,Q,Q,USp(4),459389801092875481,0
5477.a.5477.2,5477.a,5477,5477,"""[[-1823,-198,261,0,-11,1],[0,1]]""","""[[5477,[1,-77,5399,5477]]]""",False,Q,Q,USp(4),459389801092875481,0
5487.a.49383.1,5487.a,5487,49383,"""[[0,1,2,3,1,1],[1,1]]""","""[[3,[1,2,0,-3]],[31,[1,2,32,31]],[59,[1,-5,53,59]]]""",False,Q,Q,USp(4),1724445294582341878,0
5487.b.170097.1,5487.b,5487,170097,"""[[24,-45,25,0,-5],[0,1,1,1]]""","""[[3,[1,0,2,3]],[31,[1,5,35,31]],[59,[1,-5,53,59]]]""",False,Q,Q,USp(4),1594596438342922813,0
5488.a.702464.1,5488.a,5488,702464,"""[[0,1,0,-2,-3,4],[0,1]]""","""[[2,[1,1,2]],[7,[1,1]]]""",False,Q,Q,USp(4),1281933567019275645,0
5494.a.10988.1,5494.a,5494,10988,"""[[-1,-1,2,0,-1],[1,0,0,1]]""","""[[2,[1,0,1,2]],[41,[1,5,35,-41]],[67,[1,9,75,67]]]""",False,Q,Q,USp(4),2083800096523956562,0
5495.a.5495.1,5495.a,5495,5495,"""[[-2,0,4,1,-1],[1,0,0,1]]""","""[[5,[1,0,4,-5]],[7,[1,3,3,-7]],[157,[1,-7,163,-157]]]""",False,Q,Q,USp(4),536841504105498197,0
5495.a.686875.1,5495.a,5495,686875,"""[[-14,-8,0,3,3,1],[1,0,0,1]]""","""[[5,[1,0,4,-5]],[7,[1,3,3,-7]],[157,[1,-7,163,-157]]]""",False,Q,Q,USp(4),536841504105498197,0
5496.a.32976.1,5496.a,5496,32976,"""[[0,-3,0,9,8,2],[0,1]]""","""[[2,[1,1,2]],[3,[1,0,2,-3]],[229,[1,11,239,229]]]""",False,Q,Q,USp(4),860787909835796254,0
5497.a.5497.1,5497.a,5497,5497,"""[[0,0,0,1],[1,1,0,1]]""","""[[23,[1,-1,23,-23]],[239,[1,16,254,239]]]""",False,Q,Q,USp(4),122917906216082048,0
5497.b.5497.1,5497.b,5497,5497,"""[[-1,-1,0,0,-1],[1,1,0,1]]""","""[[23,[1,-5,17,23]],[239,[1,-14,224,239]]]""",False,Q,Q,USp(4),1621213777042298746,0
5497.c.5497.1,5497.c,5497,5497,"""[[-1,8,-1,-12,0,4],[1,1,0,1]]""","""[[23,[1,-7,15,23]],[239,[1,-28,266,-239]]]""",False,Q,Q,USp(4),1737262345247009431,0
5497.d.5497.1,5497.d,5497,5497,"""[[0,1,-1,-3,0,1],[0,1,1]]""","""[[23,[1,-1,23,-23]],[239,[1,7,231,-239]]]""",False,Q,Q,USp(4),223108596610609431,0
5497.e.5497.1,5497.e,5497,5497,"""[[-1,1,-1,1],[1,0,1,1]]""","""[[23,[1,-1,21,23]],[239,[1,20,218,-239]]]""",False,Q,Q,USp(4),2254792223481307883,0
5501.a.5501.1,5501.a,5501,5501,"""[[2,1,-3,-2],[1,0,1,1]]""","""[[5501,[1,10,5510,5501]]]""",False,Q,Q,USp(4),2137234213494595031,0
5504.a.176128.1,5504.a,5504,176128,"""[[0,-2,-1,0,-1],[1,1,1,1]]""","""[[2,[1]],[43,[1,9,51,43]]]""",False,Q,Q,USp(4),1379222273881261185,0
5504.b.176128.1,5504.b,5504,176128,"""[[0,0,-2,0,6,4],[1]]""","""[[2,[1]],[43,[1,-11,31,43]]]""",False,Q,Q,USp(4),1529955816487046228,0
5504.c.352256.1,5504.c,5504,352256,"""[[0,1,0,3,-8,4],[1]]""","""[[2,[1,2,2]],[43,[1,-5,37,43]]]""",False,Q,Q,USp(4),689404814245628605,0
5504.d.704512.1,5504.d,5504,704512,"""[[1,-4,4,0,-1,2],[]]""","""[[2,[1]],[43,[1,5,47,43]]]""",False,Q,Q,USp(4),1041743262992092335,0
5522.a.22088.1,5522.a,5522,22088,"""[[1,1,3,1,1],[0,1,1,1]]""","""[[2,[1,0,1,-2]],[11,[1,4,6,-11]],[251,[1,27,223,-251]]]""",False,Q,Q,USp(4),835754948156248157,0
5525.a.5525.1,5525.a,5525,5525,"""[[2,-13,26,-15,0,1],[0,0,1]]""","""[[5,[1,2,5]],[13,[1,1,11,-13]],[17,[1,1,15,-17]]]""",False,Q,Q,USp(4),1651542259577874166,0
5526.a.132624.1,5526.a,5526,132624,"""[[-1,-2,-1,0,2,1],[1,0,0,1]]""","""[[2,[1,0,1,-2]],[3,[1,2,3]],[307,[1,-31,275,307]]]""",False,Q,Q,USp(4),670054512520004036,0
5526.b.397872.1,5526.b,5526,397872,"""[[-2,-3,2,2],[0,0,1,1]]""","""[[2,[1,1,0,-2]],[3,[1,0,-1]],[307,[1,13,319,307]]]""",False,Q,Q,USp(4),1068525535051311047,0
5529.a.149283.1,5529.a,5529,149283,"""[[2,6,-1,0,-3,1],[1,0,1]]""","""[[3,[1,1,1,-3]],[19,[1,-1,19,-19]],[97,[1,-17,113,-97]]]""",False,Q,Q,USp(4),2291739892038400504,0
5532.a.265536.1,5532.a,5532,265536,"""[[1,-1,-1,1],[0,1,1,1]]""","""[[2,[1,0,-1]],[3,[1,3,5,3]],[461,[1,-23,437,461]]]""",False,Q,Q,USp(4),2004222047792322914,0
5535.a.5535.1,5535.a,5535,5535,"""[[-1,1,0,-3,0,1],[1,1,1]]""","""[[3,[1,2,3]],[5,[1,1,5,5]],[41,[1,-7,47,-41]]]""",False,Q,Q,USp(4),1451189615035669629,0
5535.b.249075.1,5535.b,5535,249075,"""[[0,1,24,144,0,3],[0,0,1]]""","""[[3,[1,-1]],[5,[1,1,3,-5]],[41,[1,7,47,41]]]""",False,Q,Q,USp(4),2262888820858198077,0
5536.a.88576.1,5536.a,5536,88576,"""[[-3,4,4,-5,-1,1],[0,0,0,1]]""","""[[2,[1]],[173,[1,-23,149,173]]]""",False,Q,Q,USp(4),973005611820991858,0
5544.a.99792.1,5544.a,5544,99792,"""[[-297,0,232,0,-61,0,5],[0,1,0,1]]""","""[[2,[1,-1,2]],[3,[1,0,-1]],[7,[1,-3,3,7]],[11,[1,-1,11,-11]]]""",True,Q x Q,Q x Q,SU(2)xSU(2),1417740392419676187,0
5547.a.5547.1,5547.a,5547,5547,"""[[-1,1,4,0,-2],[1,1,0,1]]""","""[[3,[1,1,3,3]],[43,[1,10,43]]]""",False,Q,Q,USp(4),791564855081963321,0
5547.b.16641.1,5547.b,5547,16641,"""[[0,-1,-1,3,1,-3,1],[1]]""","""[[3,[1,3,5,3]],[43,[1,2,1]]]""",True,Q x Q,Q x Q,SU(2)xSU(2),547192357228946261,0
5547.c.715563.1,5547.c,5547,715563,"""[[0,0,0,1,-5,3],[1,1]]""","""[[3,[1,1,1,-3]],[43,[1,2,1]]]""",True,Q x Q,Q x Q,SU(2)xSU(2),258298903963825871,0
5548.a.22192.1,5548.a,5548,22192,"""[[1,6,9,3,-1],[1,0,0,1]]""","""[[2,[1,0,1]],[19,[1,5,23,19]],[73,[1,-5,77,-73]]]""",False,Q,Q,USp(4),350260937977103968,0
5550.a.133200.1,5550.a,5550,133200,"""[[-3,-1,3,0,-2],[0,1,0,1]]""","""[[2,[1,1,2,2]],[3,[1,2,0,-3]],[5,[1,0,1]],[37,[1,-5,31,37]]]""",False,Q,Q,USp(4),1398029426745797306,0
5555.a.5555.1,5555.a,5555,5555,"""[[1,2,-2,-3,1,1],[1]]""","""[[5,[1,3,1,-5]],[11,[1,4,6,-11]],[101,[1,-1,101,-101]]]""",False,Q,Q,USp(4),1326188175850724325,0
5568.a.5568.1,5568.a,5568,5568,"""[[0,-1,0,0,2,1],[1,0,1]]""","""[[2,[1,1]],[3,[1,1,1,-3]],[29,[1,-7,35,-29]]]""",False,Q,Q,USp(4),1315630143290979937,0
5568.b.89088.1,5568.b,5568,89088,"""[[-3,2,1,0,2,1],[0,0,1,1]]""","""[[2,[1,1]],[3,[1,2,0,-3]],[29,[1,-1,29,-29]]]""",False,Q,Q,USp(4),273557351781709725,0
5569.a.5569.1,5569.a,5569,5569,"""[[1,0,2,0,1],[1,1,0,1]]""","""[[5569,[1,-116,5684,-5569]]]""",False,Q,Q,USp(4),1973099354224991906,0
5572.a.11144.1,5572.a,5572,11144,"""[[0,0,0,1,1],[1,1,0,1]]""","""[[2,[1,1,1]],[7,[1,3,3,-7]],[199,[1,-7,191,199]]]""",False,Q,Q,USp(4),1697285420855583062,0
5572.b.22288.1,5572.b,5572,22288,"""[[-7,-21,0,35,1,-20,6],[0,1,1]]""","""[[2,[1,2,1]],[7,[1,-1,7,-7]],[199,[1,-21,219,-199]]]""",True,Q x Q,Q x Q,SU(2)xSU(2),128841837590679255,0
5573.a.5573.1,5573.a,5573,5573,"""[[28,35,0,-11,-1,1],[1,1]]""","""[[5573,[1,-18,5554,5573]]]""",False,Q,Q,USp(4),413609024757761824,0
5573.b.5573.1,5573.b,5573,5573,"""[[0,0,-1,0,2,-1],[1,1]]""","""[[5573,[1,-110,5682,-5573]]]""",False,Q,Q,USp(4),772294921541523518,0
5576.a.11152.1,5576.a,5576,11152,"""[[-9,-22,1,29,8,-8,-3],[0,1]]""","""[[2,[1,1]],[17,[1,-5,11,17]],[41,[1,1,39,-41]]]""",False,Q,Q,USp(4),975489173205756588,0
5576.a.44608.1,5576.a,5576,44608,"""[[0,2,15,33,15,2],[0,1]]""","""[[2,[1,1]],[17,[1,-5,11,17]],[41,[1,1,39,-41]]]""",False,Q,Q,USp(4),975489173205756588,0
5578.a.22312.1,5578.a,5578,22312,"""[[0,0,0,-2,-2,-1],[1,1]]""","""[[2,[1,1,0,-2]],[2789,[1,96,2884,2789]]]""",False,Q,Q,USp(4),439135773580544909,0
5580.a.33480.1,5580.a,5580,33480,"""[[0,0,1,-2,-2,1],[1,1,0,1]]""","""[[2,[1,1,1]],[3,[1,1,1]],[5,[1,3,7,5]],[31,[1,0,30,-31]]]""",False,Q,Q,USp(4),256344453405211202,0
5584.a.22336.1,5584.a,5584,22336,"""[[0,0,-1,0,1],[1,1,1,1]]""","""[[2,[1]],[349,[1,21,369,349]]]""",False,Q,Q,USp(4),173251046913021677,0
5589.a.5589.1,5589.a,5589,5589,"""[[3,3,5,2,2],[1,0,1,1]]""","""[[3,[1,2,3]],[23,[1,0,22,-23]]]""",False,Q,Q,USp(4),2160214661914708742,0
5589.b.5589.1,5589.b,5589,5589,"""[[0,1,1,1,1,1],[1]]""","""[[3,[1,1]],[23,[1,-10,32,-23]]]""",False,Q,Q,USp(4),787172921781774097,0
5589.c.452709.1,5589.c,5589,452709,"""[[2,6,1,-6,0,1],[1]]""","""[[3,[1,-1]],[23,[1,4,26,23]]]""",False,Q,Q,USp(4),2140330520754608058,0
5591.a.5591.1,5591.a,5591,5591,"""[[0,-1,1,0,-2,1],[0,1,1]]""","""[[5591,[1,-71,5519,5591]]]""",False,Q,Q,USp(4),1184504099574065901,0
5592.a.33552.1,5592.a,5592,33552,"""[[1,-2,4,-4,4,-2,1],[1]]""","""[[2,[1,0,2]],[3,[1,1,3,3]],[233,[1,24,208,-233]]]""",False,Q,Q,USp(4),1597249829649761072,0
5598.a.134352.1,5598.a,5598,134352,"""[[1,1,-2,-1,2,1],[0,1]]""","""[[2,[1,1,0,-2]],[3,[1,2,3]],[311,[1,9,319,311]]]""",False,Q,Q,USp(4),704278223010186972,0
5599.a.5599.1,5599.a,5599,5599,"""[[0,-2,1,0,-1],[1,1,0,1]]""","""[[11,[1,5,15,11]],[509,[1,31,539,509]]]""",False,Q,Q,USp(4),1850307666554656911,0
5602.a.179264.1,5602.a,5602,179264,"""[[0,1,1,-1,1,1],[1,1]]""","""[[2,[1,1,0,-2]],[2801,[1,34,2834,2801]]]""",False,Q,Q,USp(4),801649722261994048,0
5610.a.56100.1,5610.a,5610,56100,"""[[12,-4,-18,2,8,0,-1],[0,1,1]]""","""[[2,[1,0,1,-2]],[3,[1,-1,3,-3]],[5,[1,-1,3,5]],[11,[1,1,11,11]],[17,[1,-1,15,17]]]""",False,Q,Q,USp(4),2135860744907946950,0
5616.a.89856.1,5616.a,5616,89856,"""[[39,0,-16],[0,1,0,1]]""","""[[2,[1,1]],[3,[1,1]],[13,[1,3,15,13]]]""",True,Q x Q,Q x Q,SU(2)xSU(2),964304346671478127,0
5616.b.454896.1,5616.b,5616,454896,"""[[351,0,95,0,8],[0,1,0,1]]""","""[[2,[1,1,2]],[3,[1,-1]],[13,[1,1,11,-13]]]""",True,Q x Q,Q x Q,SU(2)xSU(2),715096013015505688,0
5616.c.454896.1,5616.c,5616,454896,"""[[-7,0,-26,0,-32,0,-13],[1,0,1]]""","""[[2,[1,-1,2]],[3,[1,1]],[13,[1,1,11,-13]]]""",True,Q x Q,Q x Q,SU(2)xSU(2),904773235914408080,0
5618.a.11236.1,5618.a,5618,11236,"""[[0,-1,1,0,1,-1],[1,0,0,1]]""","""[[2,[1,2,3,2]],[53,[1,2,1]]]""",True,Q x Q,Q x Q,SU(2)xSU(2),260571510814757278,0
5627.a.5627.1,5627.a,5627,5627,"""[[0,0,-1,1,3,1],[1]]""","""[[17,[1,1,15,-17]],[331,[1,2,332,331]]]""",False,Q,Q,USp(4),729055093561371315,0
5630.a.360320.1,5630.a,5630,360320,"""[[4,6,4,1],[0,1,1,1]]""","""[[2,[1,0,1,-2]],[5,[1,5,9,5]],[563,[1,-7,555,563]]]""",False,Q,Q,USp(4),47575398423241092,0
5637.a.152199.1,5637.a,5637,152199,"""[[0,-1,-3,0,2,1],[0,1,1]]""","""[[3,[1,-1,1,3]],[1879,[1,-15,1863,1879]]]""",False,Q,Q,USp(4),77617286798021643,0
5641.a.5641.1,5641.a,5641,5641,"""[[0,-1,0,2,-1,-1,1],[1]]""","""[[5641,[1,71,5711,5641]]]""",False,Q,Q,USp(4),1698780888200640161,0
5642.a.174902.1,5642.a,5642,174902,"""[[7,5,-3,-1,-2],[0,0,1,1]]""","""[[2,[1,1,0,-2]],[7,[1,3,3,-7]],[13,[1,-3,15,-13]],[31,[1,4,34,31]]]""",False,Q,Q,USp(4),1317135965664418681,0
5644.a.383792.1,5644.a,5644,383792,"""[[5,18,18,8,8,1,1],[0,1,1]]""","""[[2,[1,0,-1]],[17,[1,2,14,-17]],[83,[1,1,83,83]]]""",False,Q,Q,USp(4),1810427887991547720,0
5649.a.16947.1,5649.a,5649,16947,"""[[-2,1,4,0,-1],[0,0,1,1]]""","""[[3,[1,2,4,3]],[7,[1,-1,5,7]],[269,[1,11,257,-269]]]""",False,Q,Q,USp(4),1707026184802749875,0
5651.a.5651.1,5651.a,5651,5651,"""[[0,4,22,45,19,1],[1]]""","""[[5651,[1,-73,5723,-5651]]]""",False,Q,Q,USp(4),1419279500345312775,0
5651.b.5651.1,5651.b,5651,5651,"""[[1,1,1],[1,1,1,1]]""","""[[5651,[1,-117,5767,-5651]]]""",False,Q,Q,USp(4),598082600341812096,0
5655.a.84825.1,5655.a,5655,84825,"""[[0,-3,6,1,-17,-5],[1,1,1]]""","""[[3,[1,1,1,-3]],[5,[1,1,5,5]],[13,[1,-5,7,13]],[29,[1,7,35,29]]]""",False,Q,Q,USp(4),531360627356467410,0
5655.b.491985.1,5655.b,5655,491985,"""[[0,3,-3,-4,2,1],[0,1,1]]""","""[[3,[1,-1,3,-3]],[5,[1,1,3,-5]],[13,[1,3,15,13]],[29,[1,3,31,29]]]""",False,Q,Q,USp(4),1891005503585883107,0
5659.a.5659.1,5659.a,5659,5659,"""[[-1,-2,-2,0,1],[1,0,1,1]]""","""[[5659,[1,99,5559,-5659]]]""",False,Q,Q,USp(4),2224790240276400889,0
5662.a.90592.1,5662.a,5662,90592,"""[[0,1,3,1,-1,-1],[1,1]]""","""[[2,[1,1,0,-2]],[19,[1,3,15,-19]],[149,[1,-5,153,-149]]]""",False,Q,Q,USp(4),1406613703136720962,0
5666.a.11332.1,5666.a,5666,11332,"""[[1,3,1,-2,0,1],[0,1]]""","""[[2,[1,1,2,2]],[2833,[1,-11,2843,-2833]]]""",False,Q,Q,USp(4),573583367939249221,0
5668.a.5668.1,5668.a,5668,5668,"""[[-3,-1,4,0,-2],[1,0,0,1]]""","""[[2,[1,0,1]],[13,[1,4,16,13]],[109,[1,-15,123,-109]]]""",False,Q,Q,USp(4),1887326118791016491,0
5669.a.5669.1,5669.a,5669,5669,"""[[0,1,8,22,19,1],[0,1]]""","""[[5669,[1,-117,5551,5669]]]""",False,Q,Q,USp(4),1028659789336324034,0
5669.b.5669.1,5669.b,5669,5669,"""[[0,-1,5,11,6,1],[0,1]]""","""[[5669,[1,-47,5715,-5669]]]""",False,Q,Q,USp(4),126345109638108106,0
5669.c.5669.1,5669.c,5669,5669,"""[[1,4,4,0,0,1],[1,1]]""","""[[5669,[1,91,5759,5669]]]""",False,Q,Q,USp(4),2294988710638940056,0
5674.a.45392.1,5674.a,5674,45392,"""[[0,-4,17,-24,10,1],[0,1]]""","""[[2,[1,1,2,2]],[2837,[1,25,2811,-2837]]]""",False,Q,Q,USp(4),2183364434605691707,0
5674.b.726272.1,5674.b,5674,726272,"""[[0,16,31,22,7,1],[0,1]]""","""[[2,[1,-1,0,2]],[2837,[1,67,2903,2837]]]""",False,Q,Q,USp(4),1327104701716435870,0
5677.a.5677.1,5677.a,5677,5677,"""[[-1,0,-1],[1,1,0,1]]""","""[[7,[1,1,5,-7]],[811,[1,39,849,811]]]""",False,Q,Q,USp(4),1746131624303476940,0
5680.a.908800.1,5680.a,5680,908800,"""[[0,0,-3,-3,7,4],[1,1]]""","""[[2,[1,-1]],[5,[1,1,3,-5]],[71,[1,7,63,-71]]]""",False,Q,Q,USp(4),2066844862307462349,0
5685.a.51165.1,5685.a,5685,51165,"""[[0,0,0,0,1,0,1],[1,1,0,1]]""","""[[3,[1,-1,3,-3]],[5,[1,3,1,-5]],[379,[1,-13,391,-379]]]""",False,Q,Q,USp(4),2277371702930167816,0
5687.a.5687.1,5687.a,5687,5687,"""[[-2,-5,-9,-9,-7,-3,-1],[1]]""","""[[11,[1,-2,1]],[47,[1,-7,39,47]]]""",True,Q x Q,Q x Q,SU(2)xSU(2),740646967609792214,0
5696.a.11392.1,5696.a,5696,11392,"""[[0,5,30,-3,-5],[1,1,1,1]]""","""[[2,[1]],[89,[1,-10,98,-89]]]""",False,Q,Q,USp(4),2211711207802692089,0
5696.a.11392.2,5696.a,5696,11392,"""[[-1,2,1,-3,0,1],[0,0,0,1]]""","""[[2,[1]],[89,[1,-10,98,-89]]]""",False,Q,Q,USp(4),2211711207802692089,0
5705.a.5705.1,5705.a,5705,5705,"""[[0,2,4,1,1,1],[1,0,0,1]]""","""[[5,[1,4,8,5]],[7,[1,3,3,-7]],[163,[1,7,155,-163]]]""",False,Q,Q,USp(4),1213272692198581861,0
5711.a.5711.1,5711.a,5711,5711,"""[[0,-1,-2,0,4,1],[1,1,1]]""","""[[5711,[1,62,5648,-5711]]]""",False,Q,Q,USp(4),800681269476867982,0
5723.a.5723.1,5723.a,5723,5723,"""[[0,2,-1,-36,-72,1],[1,0,1]]""","""[[59,[1,3,55,-59]],[97,[1,-9,87,97]]]""",False,Q,Q,USp(4),391344157293807764,0
5723.a.5723.2,5723.a,5723,5723,"""[[0,0,1,2,0,-1],[1,1]]""","""[[59,[1,3,55,-59]],[97,[1,-9,87,97]]]""",False,Q,Q,USp(4),391344157293807764,0
5732.a.45856.1,5732.a,5732,45856,"""[[0,1,-1,1,-1],[1,0,0,1]]""","""[[2,[1,0,-1]],[1433,[1,-26,1406,1433]]]""",False,Q,Q,USp(4),469168459401551049,0
5739.a.154953.1,5739.a,5739,154953,"""[[136,291,174,0,-17,1],[1,1,1]]""","""[[3,[1,-2,4,-3]],[1913,[1,17,1895,-1913]]]""",False,Q,Q,USp(4),166627246158070560,0
5753.a.63283.1,5753.a,5753,63283,"""[[0,1,6,13,9,1],[0,1]]""","""[[11,[1,1,11,11]],[523,[1,-21,543,-523]]]""",False,Q,Q,USp(4),1539939470683672394,0
5758.a.368512.1,5758.a,5758,368512,"""[[1,1,-3,4,-3,1],[0,1,1]]""","""[[2,[1,0,1,-2]],[2879,[1,51,2929,2879]]]""",False,Q,Q,USp(4),370898005140507609,0
5760.a.368640.1,5760.a,5760,368640,"""[[-56,48,47,-6,-7],[0,0,0,1]]""","""[[2,[1]],[3,[1,2,1]],[5,[1,3,7,5]]]""",True,Q x Q,Q x Q,SU(2)xSU(2),2225931232503559634,0
5769.a.17307.1,5769.a,5769,17307,"""[[0,1,0,-1,-2,1],[1,0,1]]""","""[[3,[1,2,3]],[641,[1,-25,665,-641]]]""",False,Q,Q,USp(4),1301156670634779997,0
5769.b.17307.1,5769.b,5769,17307,"""[[0,0,0,-3,0,1],[1,1,0,1]]""","""[[3,[1,3,3]],[641,[1,36,676,641]]]""",False,Q,Q,USp(4),499517941931860199,0
5769.c.17307.1,5769.c,5769,17307,"""[[2,-1,0,-1,-1],[0,0,1,1]]""","""[[3,[1,0,-1]],[641,[1,29,611,-641]]]""",False,Q,Q,USp(4),766005583801651529,0
5775.a.144375.1,5775.a,5775,144375,"""[[-1,0,2,0,0,1],[0,1,1]]""","""[[3,[1,-1,3,-3]],[5,[1,0,-1]],[7,[1,-1,7,-7]],[11,[1,3,7,-11]]]""",False,Q,Q,USp(4),1821580792036953720,0
5776.a.5776.1,5776.a,5776,5776,"""[[0,0,-1,0,1,0,-1],[1]]""","""[[2,[1,0,2]],[19,[1,-2,1]]]""",True,Q x Q,Q x Q,SU(2)xSU(2),909553231832836459,0
5776.b.109744.1,5776.b,5776,109744,"""[[19,0,16,0,4],[0,0,0,1]]""","""[[2,[1,0,2]],[19,[1,-2,1]]]""",True,Q x Q,Q x Q,SU(2)xSU(2),996358865878769943,0
5776.c.369664.1,5776.c,5776,369664,"""[[-1,0,6,0,2],[0,1,0,1]]""","""[[2,[1,1]],[19,[1,-2,1]]]""",True,Q x Q,Q x Q,SU(2)xSU(2),2073803880938533341,0
5776.d.739328.1,5776.d,5776,739328,"""[[-2,0,-2,0,-1],[0,1,0,1]]""","""[[2,[1,-1]],[19,[1,0,-1]]]""",True,Q x Q,Q x Q,SU(2)xSU(2),796470376735054064,0
5780.a.98260.1,5780.a,5780,98260,"""[[7,-12,0,24,12,-1,-1],[0,1,1]]""","""[[2,[1,0,-1]],[5,[1,-1,5,-5]],[17,[1,2,1]]]""",True,Q x Q,Q x Q,SU(2)xSU(2),1174826779257159544,0
5780.b.739840.1,5780.b,5780,739840,"""[[0,0,-2,1,-2],[1,0,0,1]]""","""[[2,[1,0,-1]],[5,[1,-1,5,-5]],[17,[1,0,-1]]]""",True,Q x Q,Q x Q,SU(2)xSU(2),2245743255350109397,0
5788.a.11576.1,5788.a,5788,11576,"""[[0,4,-4,0,4,2],[1,1,0,1]]""","""[[2,[1,1,1]],[1447,[1,-39,1485,-1447]]]""",False,Q,Q,USp(4),2206348147607979556,0
5798.a.11596.1,5798.a,5798,11596,"""[[-2,-1,1,0,1,1],[1,0,0,1]]""","""[[2,[1,2,3,2]],[13,[1,4,8,-13]],[223,[1,24,246,223]]]""",False,Q,Q,USp(4),935801052121761911,0
5798.b.185536.1,5798.b,5798,185536,"""[[5,1,-11,-7,1,1],[0,1]]""","""[[2,[1,1,2,2]],[13,[1,-1,11,13]],[223,[1,-17,239,-223]]]""",False,Q,Q,USp(4),1263337964368262253,0
5800.a.928000.1,5800.a,5800,928000,"""[[-3,2,-6,0,4,2],[0,1,0,1]]""","""[[2,[1,1]],[5,[1,0,5]],[29,[1,-7,35,-29]]]""",False,Q,Q,USp(4),1167143817486341583,0
5803.a.5803.1,5803.a,5803,5803,"""[[2,1,2,1,1],[0,0,1,1]]""","""[[7,[1,1,5,-7]],[829,[1,33,795,-829]]]""",False,Q,Q,USp(4),1830057199086957884,0
5808.a.5808.1,5808.a,5808,5808,"""[[0,1,-3,-1,3,0,-1],[0,1]]""","""[[2,[1,-1,2]],[3,[1,-1,3,-3]],[11,[1,-4,11]]]""",False,Q,Q,USp(4),402318946688145503,0
5815.a.29075.1,5815.a,5815,29075,"""[[-2,9,-10,-3,6,0,-1],[0,0,1]]""","""[[5,[1,-1,3,5]],[1163,[1,13,1175,1163]]]""",False,Q,Q,USp(4),1887214217258201210,0
5819.a.5819.1,5819.a,5819,5819,"""[[1,-1,2,-1,1],[0,0,0,1]]""","""[[11,[1,-1,11,-11]],[23,[1,4,23]]]""",False,Q,Q,USp(4),1545114807602957776,0
5827.a.5827.1,5827.a,5827,5827,"""[[0,0,1,0,0,-1],[1,1]]""","""[[5827,[1,-45,5871,-5827]]]""",False,Q,Q,USp(4),420949366272269728,0
5832.a.34992.1,5832.a,5832,34992,"""[[-1,0,3,0,-3,0,1],[1]]""","""[[2,[1,0,2]],[3,[1]]]""",True,Q x Q,CM x Q,N(U(1)xSU(2)),49990820197178390,0
5832.a.944784.1,5832.a,5832,944784,"""[[0,0,-3,0,9,0,1],[1]]""","""[[2,[1,0,2]],[3,[1]]]""",True,Q x Q,CM x Q,N(U(1)xSU(2)),49990820197178390,0
5834.a.46672.1,5834.a,5834,46672,"""[[1,-1,-1,0,1,-1],[0,1,1]]""","""[[2,[1,0,1,-2]],[2917,[1,-23,2939,-2917]]]""",False,Q,Q,USp(4),2001285845716459087,0
5835.a.5835.1,5835.a,5835,5835,"""[[8,21,11,3,8,-1,1],[0,1,0,1]]""","""[[3,[1,-1,3,-3]],[5,[1,-2,6,-5]],[389,[1,27,415,389]]]""",False,Q,Q,USp(4),1509517402680610847,0
5835.b.5835.1,5835.b,5835,5835,"""[[-1,-2,-5,-5,-6,-3,-2],[0,1]]""","""[[3,[1,1,3,3]],[5,[1,2,6,5]],[389,[1,29,359,-389]]]""",False,Q,Q,USp(4),1627432147182488407,0
5835.c.5835.1,5835.c,5835,5835,"""[[0,1,-2,-1,2,1],[0,1]]""","""[[3,[1,-1,3,-3]],[5,[1,1,3,-5]],[389,[1,27,415,389]]]""",False,Q,Q,USp(4),1691352287296080150,0
5835.c.5835.2,5835.c,5835,5835,"""[[-15,16,-8,8,-1,1],[0,1]]""","""[[3,[1,-1,3,-3]],[5,[1,1,3,-5]],[389,[1,27,415,389]]]""",False,Q,Q,USp(4),1691352287296080150,0
5837.a.5837.1,5837.a,5837,5837,"""[[-1,2,-2],[1,0,0,1]]""","""[[13,[1,4,8,-13]],[449,[1,3,451,449]]]""",False,Q,Q,USp(4),1761910881005466980,0
5840.a.5840.1,5840.a,5840,5840,"""[[-73,0,56,0,-15,0,1],[0,1,0,1]]""","""[[2,[1,-1,2]],[5,[1,-1,3,5]],[73,[1,-3,75,-73]]]""",True,Q x Q,Q x Q,SU(2)xSU(2),290439995881741221,0
5849.a.5849.1,5849.a,5849,5849,"""[[0,0,0,0,1],[1,1,0,1]]""","""[[5849,[1,-80,5928,-5849]]]""",False,Q,Q,USp(4),1122581619253171970,0
5854.a.93664.1,5854.a,5854,93664,"""[[1,3,1,-4,-1,1],[0,1,1]]""","""[[2,[1,0,1,-2]],[2927,[1,-59,2867,2927]]]""",False,Q,Q,USp(4),1791865462652491773,0
5856.a.93696.1,5856.a,5856,93696,"""[[5,14,5,-12,-5,4],[0,1]]""","""[[2,[1,-1,2]],[3,[1,-1,1,3]],[61,[1,3,63,61]]]""",False,Q,Q,USp(4),372911805540079534,0
5856.b.187392.1,5856.b,5856,187392,"""[[-3,3,0,-4,-1,1],[0,1,0,1]]""","""[[2,[1,-1]],[3,[1,1,1,-3]],[61,[1,11,71,61]]]""",False,Q,Q,USp(4),2109175426973506344,0
5863.a.76219.1,5863.a,5863,76219,"""[[2,11,13,-15,-20,13],[0,0,1]]""","""[[11,[1,1,11,11]],[13,[1,1,11,-13]],[41,[1,1,39,-41]]]""",False,Q,Q,USp(4),2181799254314382365,0
5864.a.11728.1,5864.a,5864,11728,"""[[0,0,0,0,0,0,1],[1,1]]""","""[[2,[1,1]],[733,[1,23,755,733]]]""",False,Q,Q,USp(4),1560634379744907379,0
5864.b.11728.1,5864.b,5864,11728,"""[[0,-3,7,-7,0,2],[1,1]]""","""[[2,[1,1,2]],[733,[1,3,735,733]]]""",False,Q,Q,USp(4),81963482407498536,0
5864.b.750592.1,5864.b,5864,750592,"""[[32,8,21,4,4],[0,0,1,1]]""","""[[2,[1,1,2]],[733,[1,3,735,733]]]""",False,Q,Q,USp(4),81963482407498536,0
5864.c.23456.1,5864.c,5864,23456,"""[[-4,-2,1,-1,-1],[0,0,1,1]]""","""[[2,[1,-1]],[733,[1,27,759,733]]]""",False,Q,Q,USp(4),609373333092228171,0
5864.d.375296.1,5864.d,5864,375296,"""[[0,0,1,3,1,-2],[1,1]]""","""[[2,[1,-1]],[733,[1,-9,741,-733]]]""",False,Q,Q,USp(4),202711985506120927,0
5865.a.5865.1,5865.a,5865,5865,"""[[-1,-3,-2,1,0,-1],[1,1,0,1]]""","""[[3,[1,2,0,-3]],[5,[1,1,5,5]],[17,[1,3,19,17]],[23,[1,-1,21,23]]]""",False,Q,Q,USp(4),390333071944007585,0
5865.b.5865.1,5865.b,5865,5865,"""[[0,0,0,0,0,0,-1],[1,1,0,1]]""","""[[3,[1,0,2,3]],[5,[1,-1,5,-5]],[17,[1,-7,23,-17]],[23,[1,1,23,23]]]""",False,Q,Q,USp(4),41890873083397257,0
5867.a.5867.1,5867.a,5867,5867,"""[[-2,-3,-1,0,1,1],[0,0,0,1]]""","""[[5867,[1,-57,5923,-5867]]]""",False,Q,Q,USp(4),887136851453566548,0
5868.a.751104.1,5868.a,5868,751104,"""[[1,1,1,0,0,1],[0,1,1]]""","""[[2,[1,0,-1]],[3,[1,0,1]],[163,[1,-5,167,-163]]]""",False,Q,Q,USp(4),857972182336353842,0
5868.a.844992.1,5868.a,5868,844992,"""[[3,7,-24,6,7,1],[0,1,1]]""","""[[2,[1,0,-1]],[3,[1,0,1]],[163,[1,-5,167,-163]]]""",False,Q,Q,USp(4),857972182336353842,0
5871.a.5871.1,5871.a,5871,5871,"""[[5,-30,56,-33,-4,2],[1,0,0,1]]""","""[[3,[1,2,4,3]],[19,[1,3,15,-19]],[103,[1,9,111,103]]]""",False,Q,Q,USp(4),1639178128009305901,0
5880.a.411600.1,5880.a,5880,411600,"""[[0,1,-4,11,-14,14],[0,1]]""","""[[2,[1,1,2]],[3,[1,-1,1,3]],[5,[1,-1,3,5]],[7,[1,0,7]]]""",False,Q,Q,USp(4),250848907569479304,0
5888.a.5888.1,5888.a,5888,5888,"""[[0,1,1,-1,0,1],[]]""","""[[2,[1]],[23,[1,1,23,23]]]""",False,Q,Q,USp(4),1113323957741804730,0
5888.b.5888.1,5888.b,5888,5888,"""[[0,-1,2,-1,-1,1],[]]""","""[[2,[1]],[23,[1,7,15,-23]]]""",False,Q,Q,USp(4),191302668623408558,0
5888.b.94208.1,5888.b,5888,94208,"""[[3,7,1,-4,3,4],[]]""","""[[2,[1]],[23,[1,7,15,-23]]]""",False,Q,Q,USp(4),191302668623408558,0
5888.c.5888.1,5888.c,5888,5888,"""[[0,1,-1,-1,0,1],[]]""","""[[2,[1]],[23,[1,-1,23,-23]]]""",False,Q,Q,USp(4),312149734311319464,0
5888.c.94208.1,5888.c,5888,94208,"""[[-1,8,-26,16,31,4],[1]]""","""[[2,[1]],[23,[1,-1,23,-23]]]""",False,Q,Q,USp(4),312149734311319464,0
5888.c.94208.2,5888.c,5888,94208,"""[[1,9,-2,0,1,-1],[1,1,1,1]]""","""[[2,[1]],[23,[1,-1,23,-23]]]""",False,Q,Q,USp(4),312149734311319464,0
5893.a.5893.1,5893.a,5893,5893,"""[[-3,11,2,-6,-1,1],[0,0,0,1]]""","""[[71,[1,5,65,-71]],[83,[1,10,92,83]]]""",False,Q,Q,USp(4),583883291936102950,0
5898.a.5898.1,5898.a,5898,5898,"""[[3,3,4,2,1],[0,1,1,1]]""","""[[2,[1,0,1,2]],[3,[1,3,5,3]],[983,[1,44,938,-983]]]""",False,Q,Q,USp(4),1119049380466411818,0
5904.a.70848.1,5904.a,5904,70848,"""[[0,-2,-2],[1,1,1,1]]""","""[[2,[1]],[3,[1,2,3]],[41,[1,1,41,41]]]""",False,Q,Q,USp(4),1411938131488536951,0
5911.a.5911.1,5911.a,5911,5911,"""[[-1,0,1,0,-2],[1,1,0,1]]""","""[[23,[1,-6,28,-23]],[257,[1,14,270,257]]]""",False,Q,Q,USp(4),1177143893514947416,0
5911.b.5911.1,5911.b,5911,5911,"""[[0,0,-1,1,-2],[1,1,0,1]]""","""[[23,[1,2,20,-23]],[257,[1,0,256,-257]]]""",False,Q,Q,USp(4),1572258117797401662,0
5915.a.384475.1,5915.a,5915,384475,"""[[7,0,-8,-4,0,1],[0,1,0,1]]""","""[[5,[1,-2,6,-5]],[7,[1,3,3,-7]],[13,[1,4,13]]]""",False,Q,Q,USp(4),1407296607217994383,0
5922.a.35532.1,5922.a,5922,35532,"""[[0,1,-28,194,-28,1],[0,1,1]]""","""[[2,[1,0,1,-2]],[3,[1,0,-1]],[7,[1,1,7,7]],[47,[1,1,47,47]]]""",True,Q x Q,Q x Q,SU(2)xSU(2),8789631309756755,0
5928.a.450528.1,5928.a,5928,450528,"""[[3,3,0,1],[0,1,0,1]]""","""[[2,[1,-1]],[3,[1,0,2,-3]],[13,[1,5,7,-13]],[19,[1,1,19,19]]]""",False,Q,Q,USp(4),586450965698176752,0
5929.a.456533.1,5929.a,5929,456533,"""[[0,-1,-2,-4,-2],[0,1,0,1]]""","""[[7,[1,2,7]],[11,[1,0,11]]]""",False,Q,Q,USp(4),712115993804922584,0
5929.b.717409.1,5929.b,5929,717409,"""[[-1,-2,-1,1,1,1],[0,1,1]]""","""[[7,[1,-2,1]],[11,[1,2,1]]]""",True,RM,RM,SU(2)xSU(2),961614922517298413,0
5930.a.5930.1,5930.a,5930,5930,"""[[0,1,2,0,-2],[1,0,0,1]]""","""[[2,[1,2,3,2]],[5,[1,1,3,-5]],[593,[1,31,623,593]]]""",False,Q,Q,USp(4),387835526886891979,0
5933.a.5933.1,5933.a,5933,5933,"""[[0,2,-1,-12,-11,1],[1,0,1]]""","""[[17,[1,6,10,-17]],[349,[1,11,359,349]]]""",False,Q,Q,USp(4),520077867903614738,0
5936.a.41552.1,5936.a,5936,41552,"""[[1,1,1,2,0,1],[1,0,1]]""","""[[2,[1,-1,2]],[7,[1,-3,3,7]],[53,[1,11,63,53]]]""",False,Q,Q,USp(4),2148742553113392139,0
5936.b.94976.1,5936.b,5936,94976,"""[[0,-1,2,-1,0,0,1],[1]]""","""[[2,[1]],[7,[1,2,8,7]],[53,[1,5,57,53]]]""",False,Q,Q,USp(4),1858327925982601680,0
5939.a.5939.1,5939.a,5939,5939,"""[[0,-1,0,1,1],[1,0,1,1]]""","""[[5939,[1,-106,6044,-5939]]]""",False,Q,Q,USp(4),166235577079748708,0
5952.a.71424.1,5952.a,5952,71424,"""[[0,1,2,-1,-1,1],[]]""","""[[2,[1]],[3,[1,-1,3,-3]],[31,[1,9,39,31]]]""",False,Q,Q,USp(4),1264880726885293208,0
5952.b.71424.1,5952.b,5952,71424,"""[[6,-1,-8,-1,3,1],[]]""","""[[2,[1]],[3,[1,-1,1,3]],[31,[1,1,31,31]]]""",False,Q,Q,USp(4),407604105494712041,0
5952.c.380928.1,5952.c,5952,380928,"""[[-8,4,17,-16,0,2],[0,0,0,1]]""","""[[2,[1]],[3,[1,1,1,-3]],[31,[1,-7,23,31]]]""",False,Q,Q,USp(4),168976181121305724,0
5952.c.380928.2,5952.c,5952,380928,"""[[-3,-9,1,10,-8,1],[]]""","""[[2,[1]],[3,[1,1,1,-3]],[31,[1,-7,23,31]]]""",False,Q,Q,USp(4),168976181121305724,0
5952.c.642816.1,5952.c,5952,642816,"""[[0,-1,-3,1,2,1],[]]""","""[[2,[1]],[3,[1,1,1,-3]],[31,[1,-7,23,31]]]""",False,Q,Q,USp(4),168976181121305724,0
5957.a.5957.1,5957.a,5957,5957,"""[[-10,11,8,-7,-2,1],[0,0,1]]""","""[[7,[1,-2,4,7]],[23,[1,-5,17,23]],[37,[1,7,43,37]]]""",False,Q,Q,USp(4),1411684117696452928,0
5964.a.35784.1,5964.a,5964,35784,"""[[0,0,-1,0,0,1],[1,1,0,1]]""","""[[2,[1,1,1]],[3,[1,1,1,-3]],[7,[1,5,11,7]],[71,[1,4,74,71]]]""",False,Q,Q,USp(4),390741702783725764,0
5968.a.381952.1,5968.a,5968,381952,"""[[0,0,1,0,0,2,1],[1,1]]""","""[[2,[1,-1]],[373,[1,-11,383,-373]]]""",False,Q,Q,USp(4),1829150572678559606,0
5971.a.41797.1,5971.a,5971,41797,"""[[-1,1,-2,2,-1,1],[0,0,1]]""","""[[7,[1,0,6,-7]],[853,[1,-21,831,853]]]""",False,Q,Q,USp(4),197903158277962316,0
5976.a.573696.1,5976.a,5976,573696,"""[[-12,16,15,-11,-13,1],[0,0,1]]""","""[[2,[1,1]],[3,[1,0,-1]],[83,[1,-3,79,83]]]""",False,Q,Q,USp(4),343633767905123710,0
5992.a.11984.1,5992.a,5992,11984,"""[[5,53,178,182,-40,2],[1,1]]""","""[[2,[1,-1]],[7,[1,-3,3,7]],[107,[1,5,111,107]]]""",False,Q,Q,USp(4),2261112320375433061,0
5992.a.47936.1,5992.a,5992,47936,"""[[0,0,0,2,0,2],[1,1]]""","""[[2,[1,-1]],[7,[1,-3,3,7]],[107,[1,5,111,107]]]""",False,Q,Q,USp(4),2261112320375433061,0
5992.b.766976.1,5992.b,5992,766976,"""[[0,0,0,0,2,-2],[1,1]]""","""[[2,[1,-1]],[7,[1,3,3,-7]],[107,[1,13,119,107]]]""",False,Q,Q,USp(4),762972976152287786,0
5994.a.485514.1,5994.a,5994,485514,"""[[-18,0,2,9,-6,1],[0,1]]""","""[[2,[1,1,0,-2]],[3,[1]],[37,[1,8,44,37]]]""",False,Q,Q,USp(4),1782589694055998187,0
5998.a.5998.1,5998.a,5998,5998,"""[[0,-1,2,0,-2,-1],[0,1,1]]""","""[[2,[1,0,1,-2]],[2999,[1,-97,3095,-2999]]]""",False,Q,Q,USp(4),707079949359349645,0
6000.a.480000.1,6000.a,6000,480000,"""[[-2,-1,-3,-3,-3,-1,-2],[]]""","""[[2,[1]],[3,[1,3,5,3]],[5,[1,1]]]""",True,Q x Q,Q x Q,SU(2)xSU(2),2129786472155865667,0
6000.a.96000.1,6000.a,6000,96000,"""[[1,-2,3,-3,3,-2,1],[]]""","""[[2,[1]],[3,[1,3,5,3]],[5,[1,1]]]""",True,Q x Q,Q x Q,SU(2)xSU(2),2129786472155865667,0
6003.a.18009.1,6003.a,6003,18009,"""[[1,-1,-1,1],[1,1,0,1]]""","""[[3,[1,1,3]],[23,[1,-3,19,23]],[29,[1,6,22,-29]]]""",False,Q,Q,USp(4),848351820229100923,0
6005.a.6005.1,6005.a,6005,6005,"""[[0,0,-1,-1,1,-1,1],[1,1]]""","""[[5,[1,0,4,5]],[1201,[1,-53,1253,-1201]]]""",False,Q,Q,USp(4),1026075883702355036,0
6008.a.12016.1,6008.a,6008,12016,"""[[0,-1,-1,2,2,1],[1,0,1]]""","""[[2,[1,1]],[751,[1,-39,711,751]]]""",False,Q,Q,USp(4),1422667122475601684,0
6013.a.42091.1,6013.a,6013,42091,"""[[0,-1,-3,-3,0,1],[0,1]]""","""[[7,[1,1,5,-7]],[859,[1,37,895,859]]]""",False,Q,Q,USp(4),1315354635810424202,0
6018.a.204612.1,6018.a,6018,204612,"""[[0,2,3,5,3,2],[1,1,1]]""","""[[2,[1,0,1,2]],[3,[1,2,4,3]],[17,[1,5,11,-17]],[59,[1,-11,47,59]]]""",False,Q,Q,USp(4),1517412113981095593,0
6019.a.6019.1,6019.a,6019,6019,"""[[0,0,1,1,0,-1],[1,1]]""","""[[13,[1,-3,9,13]],[463,[1,-24,486,-463]]]""",False,Q,Q,USp(4),2169662078725798792,0
6022.a.48176.1,6022.a,6022,48176,"""[[-1,-1,1],[1,0,0,1]]""","""[[2,[1,0,1,-2]],[3011,[1,-46,2964,3011]]]""",False,Q,Q,USp(4),543659375422489857,0
6032.a.78416.1,6032.a,6032,78416,"""[[-1,1,-1,-1,-1,-2,-1],[1,0,1]]""","""[[2,[1,-1]],[13,[1,4,8,-13]],[29,[1,1,27,-29]]]""",False,Q,Q,USp(4),291665603337511438,0
6034.a.84476.1,6034.a,6034,84476,"""[[0,-1,-1,2,4,2],[0,1,1]]""","""[[2,[1,0,1,-2]],[7,[1,1,7,7]],[431,[1,-17,447,-431]]]""",False,Q,Q,USp(4),740937820347281711,0
6048.a.254016.1,6048.a,6048,254016,"""[[-2,-8,-4,18,6,-18,6],[1]]""","""[[2,[1]],[3,[1,1]],[7,[1,3,3,-7]]]""",True,Q x Q,CM x Q,N(U(1)xSU(2)),1242088445334662034,0
6050.a.60500.1,6050.a,6050,60500,"""[[0,3,-6,5,-2],[1,0,0,1]]""","""[[2,[1,2,3,2]],[5,[1,1,1]],[11,[1,0,11]]]""",False,Q,Q,USp(4),1891590690582528126,0
6052.a.387328.1,6052.a,6052,387328,"""[[51,-18,-73,2,31,7,-1],[1,0,0,1]]""","""[[2,[1,0,-1]],[17,[1,-1,15,17]],[89,[1,5,83,-89]]]""",True,Q x Q,Q x Q,SU(2)xSU(2),406230329536221273,0
6074.a.48592.1,6074.a,6074,48592,"""[[0,-1,0,1,2,2],[1,0,0,1]]""","""[[2,[1,2,3,2]],[3037,[1,-27,3063,-3037]]]""",False,Q,Q,USp(4),2200067459751817423,0
6074.b.194368.1,6074.b,6074,194368,"""[[0,1,-2,-6,5,8],[1,0,1]]""","""[[2,[1,1,2,2]],[3037,[1,-23,3059,-3037]]]""",False,Q,Q,USp(4),2230059448405775571,0
6075.a.18225.1,6075.a,6075,18225,"""[[1,0,0,1],[1,0,0,1]]""","""[[3,[1]],[5,[1,0,5]]]""",False,Q,M_2(Q),J(E_6),931273183724676969,0
6075.b.91125.1,6075.b,6075,91125,"""[[7,12,-2,-7,0,1],[0,1]]""","""[[3,[1,1]],[5,[1,-2,1]]]""",True,Q x Q,Q x Q,SU(2)xSU(2),1086584080745278573,0
6075.c.91125.1,6075.c,6075,91125,"""[[2,1,-9,-5,6,5],[1,1,1]]""","""[[3,[1,-1]],[5,[1,2,5]]]""",False,Q,Q,USp(4),277364319060510816,0
6075.d.820125.1,6075.d,6075,820125,"""[[-4,-5,-2,0,1],[0,0,1,1]]""","""[[3,[1]],[5,[1,2,1]]]""",True,Q x Q,Q x Q,SU(2)xSU(2),2086713842103326547,0
6076.a.97216.1,6076.a,6076,97216,"""[[0,1,2,0,-3],[1,1,0,1]]""","""[[2,[1,1,1]],[7,[1,3,7]],[31,[1,-6,24,31]]]""",False,Q,Q,USp(4),802003085038808289,0
6076.b.170128.1,6076.b,6076,170128,"""[[-139,44,48,-10,-7,1],[0,0,0,1]]""","""[[2,[1,0,2]],[7,[1,1,1]],[31,[1,8,38,31]]]""",False,Q,Q,USp(4),1062461691692483927,0
6080.a.97280.1,6080.a,6080,97280,"""[[0,1,0,-3,-2,4],[1]]""","""[[2,[1,2,2]],[5,[1,2,6,5]],[19,[1,5,23,19]]]""",False,Q,Q,USp(4),2233673004311650775,0
6081.a.164187.1,6081.a,6081,164187,"""[[0,1,1,0,-2,-1],[1,1]]""","""[[3,[1,0,2,-3]],[2027,[1,13,2039,2027]]]""",False,Q,Q,USp(4),1329756343740620868,0
6081.a.6081.1,6081.a,6081,6081,"""[[-33,-49,57,-3,-7],[0,0,1,1]]""","""[[3,[1,0,2,-3]],[2027,[1,13,2039,2027]]]""",False,Q,Q,USp(4),1329756343740620868,0
6081.b.164187.1,6081.b,6081,164187,"""[[2,5,0,-5,-2],[1,0,1,1]]""","""[[3,[1,2,0,-3]],[2027,[1,-53,2079,-2027]]]""",False,Q,Q,USp(4),648231022433946543,0
6084.a.316368.1,6084.a,6084,316368,"""[[169,0,136,0,36,0,3],[0,1,0,1]]""","""[[2,[1,-1,2]],[3,[1,2,1]],[13,[1,-2,1]]]""",True,Q x Q,Q x Q,SU(2)xSU(2),1919421819227563592,0
6088.a.12176.1,6088.a,6088,12176,"""[[0,1,2,4,3,2],[0,1]]""","""[[2,[1,1,2]],[761,[1,15,775,761]]]""",False,Q,Q,USp(4),1861635167677987747,0
6088.b.48704.1,6088.b,6088,48704,"""[[0,2,-2,-3,1,2],[0,1]]""","""[[2,[1,-1]],[761,[1,-41,719,761]]]""",False,Q,Q,USp(4),812363753635692784,0
6090.a.127890.1,6090.a,6090,127890,"""[[-79,96,-1,-24,0,2],[1,0,0,1]]""","""[[2,[1,0,1,2]],[3,[1,1,3,3]],[5,[1,3,1,-5]],[7,[1,1,7,7]],[29,[1,3,31,29]]]""",False,Q,Q,USp(4),1080584484116146234,0
6093.a.54837.1,6093.a,6093,54837,"""[[0,-2,2,8,4,1],[1]]""","""[[3,[1,0,1]],[677,[1,43,719,677]]]""",False,Q,Q,USp(4),1716473384737632303,0
6093.b.493533.1,6093.b,6093,493533,"""[[61,-16,47,-8,12,-1,1],[0,1]]""","""[[3,[1,0,-1]],[677,[1,31,707,677]]]""",False,Q,Q,USp(4),808449597385027288,0
6093.b.54837.1,6093.b,6093,54837,"""[[0,1,-1,1,0,1],[0,1]]""","""[[3,[1,0,-1]],[677,[1,31,707,677]]]""",False,Q,Q,USp(4),808449597385027288,0
6096.a.97536.1,6096.a,6096,97536,"""[[-1,1,0,-1,-1,0,1],[1,1]]""","""[[2,[1,-1]],[3,[1,0,2,-3]],[127,[1,16,110,-127]]]""",False,Q,Q,USp(4),265440329104236061,0
6096.b.97536.1,6096.b,6096,97536,"""[[0,-1,0,3,0,-4,1],[1]]""","""[[2,[1]],[3,[1,3,5,3]],[127,[1,-8,118,127]]]""",False,Q,Q,USp(4),553207626420579589,0
6096.c.390144.1,6096.c,6096,390144,"""[[-3,6,-1,-3,0,1],[0,0,0,1]]""","""[[2,[1]],[3,[1,1,3,3]],[127,[1,-4,130,-127]]]""",False,Q,Q,USp(4),1382798752519305563,0
6099.a.115881.1,6099.a,6099,115881,"""[[-1,0,-3,1,-1,2,-1],[1,1,1]]""","""[[3,[1,0,2,3]],[19,[1,-4,14,19]],[107,[1,-7,99,107]]]""",False,Q,Q,USp(4),1765271477894462946,0
6105.a.201465.1,6105.a,6105,201465,"""[[11,14,-4,-8,0,1],[0,1,1]]""","""[[3,[1,-1,1,3]],[5,[1,1,3,-5]],[11,[1,3,7,-11]],[37,[1,-5,31,37]]]""",False,Q,Q,USp(4),909003060852961407,0
6106.a.390784.1,6106.a,6106,390784,"""[[4,-2,4,-1,1],[0,1,0,1]]""","""[[2,[1,1,0,-2]],[43,[1,9,33,-43]],[71,[1,3,67,-71]]]""",False,Q,Q,USp(4),2047590512596255921,0
6107.a.189317.1,6107.a,6107,189317,"""[[0,1,-8,10,7,1],[0,1]]""","""[[31,[1,-5,35,-31]],[197,[1,-15,211,-197]]]""",False,Q,Q,USp(4),86139140528699346,0
6108.a.109944.1,6108.a,6108,109944,"""[[0,-1,1,0,1,-1],[1,1,0,1]]""","""[[2,[1,1,1]],[3,[1,1,1,-3]],[509,[1,19,527,509]]]""",False,Q,Q,USp(4),582108239249615349,0
6117.a.6117.1,6117.a,6117,6117,"""[[-3,10,-10,0,2,1],[1]]""","""[[3,[1,2,0,-3]],[2039,[1,-63,1975,2039]]]""",False,Q,Q,USp(4),2197377828882294036,0
6117.b.495477.1,6117.b,6117,495477,"""[[0,2,9,20,25,1],[1]]""","""[[3,[1,2,4,3]],[2039,[1,59,1979,-2039]]]""",False,Q,Q,USp(4),1841291372083946890,0
6120.a.110160.1,6120.a,6120,110160,"""[[0,-1,0,7,8,2],[0,1]]""","""[[2,[1,1,2]],[3,[1,0,1]],[5,[1,1,5,5]],[17,[1,5,11,-17]]]""",False,Q,Q,USp(4),1336221468376697067,0
6120.b.440640.1,6120.b,6120,440640,"""[[0,1,0,-6,2,2],[1,1]]""","""[[2,[1,-1]],[3,[1,0,-1]],[5,[1,1,3,-5]],[17,[1,-1,15,17]]]""",False,Q,Q,USp(4),2216577689891041469,0
6120.c.991440.1,6120.c,6120,991440,"""[[-8,6,8,-4,-3],[0,0,1,1]]""","""[[2,[1,1]],[3,[1,0,-1]],[5,[1,-1,5,-5]],[17,[1,5,11,-17]]]""",False,Q,Q,USp(4),922377652619002100,0
6124.a.97984.1,6124.a,6124,97984,"""[[-2,0,-15,-23,-3,4],[0,1,1]]""","""[[2,[1,2,1]],[1531,[1,-46,1484,1531]]]""",False,Q,Q,USp(4),1038573308563236488,0
6125.a.214375.1,6125.a,6125,214375,"""[[-2,-7,-17,-25,-25,-15,-5],[1]]""","""[[5,[1,1]],[7,[1,-2,1]]]""",True,Q x Q,Q x Q,SU(2)xSU(2),822697561985769371,0
6125.a.300125.1,6125.a,6125,300125,"""[[-2,-7,2,9,-2,-3,1],[1]]""","""[[5,[1,1]],[7,[1,-2,1]]]""",True,Q x Q,Q x Q,SU(2)xSU(2),822697561985769371,0
6125.a.6125.1,6125.a,6125,6125,"""[[0,0,0,1],[1,1,1,1]]""","""[[5,[1,1]],[7,[1,-2,1]]]""",True,Q x Q,Q x Q,SU(2)xSU(2),822697561985769371,0
6129.a.165483.1,6129.a,6129,165483,"""[[0,1,-5,4,0,-1],[1,1]]""","""[[3,[1,1]],[227,[1,13,239,227]]]""",False,Q,Q,USp(4),335901219357453504,0
6135.a.6135.1,6135.a,6135,6135,"""[[-1,2,-2,1],[1,0,0,1]]""","""[[3,[1,2,0,-3]],[5,[1,1,3,-5]],[409,[1,-7,415,-409]]]""",False,Q,Q,USp(4),1271062847303448814,0
6136.a.24544.1,6136.a,6136,24544,"""[[11,5,-2,-5,-2],[0,1,0,1]]""","""[[2,[1,-1]],[13,[1,-3,9,13]],[59,[1,-9,49,59]]]""",False,Q,Q,USp(4),1277763223053179432,0
6140.a.24560.1,6140.a,6140,24560,"""[[0,0,-1,0,-1,0,1],[1,1]]""","""[[2,[1,1,2]],[5,[1,2,2,-5]],[307,[1,-19,325,-307]]]""",False,Q,Q,USp(4),1773905858310656773,0
6142.a.12284.1,6142.a,6142,12284,"""[[0,0,0,2,0,1],[1,1]]""","""[[2,[1,1,0,-2]],[37,[1,1,35,-37]],[83,[1,-3,85,-83]]]""",False,Q,Q,USp(4),174329225178668443,0
6144.a.12288.1,6144.a,6144,12288,"""[[0,2,4,5,3,1],[]]""","""[[2,[1]],[3,[1,-1,1,3]]]""",False,Q,Q,USp(4),1095803077427125658,0
6152.a.49216.1,6152.a,6152,49216,"""[[1,0,-1,-3,-1,2,1],[1,1]]""","""[[2,[1,1]],[769,[1,12,780,769]]]""",False,Q,Q,USp(4),867290228705762324,0
6153.a.166131.1,6153.a,6153,166131,"""[[0,2,6,-3,-22,1],[1,1,1]]""","""[[3,[1,0,2,3]],[7,[1,1,7,7]],[293,[1,5,287,-293]]]""",False,Q,Q,USp(4),1119368949891261990,0
6153.a.6153.1,6153.a,6153,6153,"""[[0,1,1,2,1,1],[1,1,1]]""","""[[3,[1,0,2,3]],[7,[1,1,7,7]],[293,[1,5,287,-293]]]""",False,Q,Q,USp(4),1119368949891261990,0
6160.a.6160.1,6160.a,6160,6160,"""[[-1,2,0,-2,0,1],[0,0,0,1]]""","""[[2,[1,2,2]],[5,[1,2,6,5]],[7,[1,3,3,-7]],[11,[1,0,10,11]]]""",False,Q,Q,USp(4),821557457962584408,0
6160.b.24640.1,6160.b,6160,24640,"""[[0,1,1,-1],[1,1,1,1]]""","""[[2,[1]],[5,[1,2,2,-5]],[7,[1,3,3,-7]],[11,[1,6,16,11]]]""",False,Q,Q,USp(4),314706071556472598,0
6163.a.6163.1,6163.a,6163,6163,"""[[0,-1,0,3,3,1],[0,1]]""","""[[6163,[1,-25,6187,-6163]]]""",False,Q,Q,USp(4),1367697769439152846,0
6166.a.49328.1,6166.a,6166,49328,"""[[0,1,-1,-4,0,4],[1,0,1]]""","""[[2,[1,1,0,-2]],[3083,[1,4,3086,3083]]]""",False,Q,Q,USp(4),128367067585863401,0
6167.a.6167.1,6167.a,6167,6167,"""[[1,0,-1,1],[0,1,0,1]]""","""[[7,[1,4,2,-7]],[881,[1,23,903,881]]]""",False,Q,Q,USp(4),690366253873319496,0
6169.a.6169.1,6169.a,6169,6169,"""[[0,0,1,1,0,1],[1,1,0,1]]""","""[[31,[1,4,34,31]],[199,[1,13,185,-199]]]""",False,Q,Q,USp(4),1746055993850708167,0
6172.a.98752.1,6172.a,6172,98752,"""[[-1,5,-8,2,1,1],[0,1,1]]""","""[[2,[1,0,-1]],[1543,[1,-25,1567,-1543]]]""",False,Q,Q,USp(4),1480000669798461592,0
6173.a.6173.1,6173.a,6173,6173,"""[[0,1,2,0,-2,-1,1],[1]]""","""[[6173,[1,-1,6173,-6173]]]""",False,Q,Q,USp(4),2226571841666796743,0
6174.a.333396.1,6174.a,6174,333396,"""[[2,4,7,7,6,3,1],[1,1,1]]""","""[[2,[1,2,3,2]],[3,[1,-2,1]],[7,[1,1]]]""",True,Q x Q,Q x Q,SU(2)xSU(2),193993497030195092,0
6176.a.49408.1,6176.a,6176,49408,"""[[0,-1,1,-1,3,-2,1],[1]]""","""[[2,[1]],[193,[1,0,192,193]]]""",False,Q,Q,USp(4),234254273170936934,0
6192.a.6192.1,6192.a,6192,6192,"""[[23,21,-9,-10,0,1],[1,0,1]]""","""[[2,[1,-1,2]],[3,[1,0,-1]],[43,[1,-5,47,-43]]]""",False,Q,Q,USp(4),1828141384159678478,0
6199.a.6199.1,6199.a,6199,6199,"""[[0,-1,0,1,-1],[1,1,0,1]]""","""[[6199,[1,-117,6315,-6199]]]""",False,Q,Q,USp(4),2182552576266158117,0
6201.a.241839.1,6201.a,6201,241839,"""[[2,-12,21,-13,0,2],[1,0,0,1]]""","""[[3,[1,3,3]],[13,[1,4,8,-13]],[53,[1,9,43,-53]]]""",False,Q,Q,USp(4),716414454114488816,0
6203.a.6203.1,6203.a,6203,6203,"""[[0,1,-1,-1,-1,1],[1,0,1]]""","""[[6203,[1,-65,6267,-6203]]]""",False,Q,Q,USp(4),102839716883072129,0
6203.b.6203.1,6203.b,6203,6203,"""[[0,0,2,1,1],[1,1,1,1]]""","""[[6203,[1,47,6155,-6203]]]""",False,Q,Q,USp(4),1464965848331249814,0
6203.c.6203.1,6203.c,6203,6203,"""[[0,-1,0,2],[0,1,0,1]]""","""[[6203,[1,-93,6295,-6203]]]""",False,Q,Q,USp(4),1633382810190765860,0
6203.d.6203.1,6203.d,6203,6203,"""[[0,-1,-2,0,2,1],[0,1]]""","""[[6203,[1,95,6107,-6203]]]""",False,Q,Q,USp(4),245006187965306481,0
6203.e.6203.1,6203.e,6203,6203,"""[[0,1,-11,13,8,1],[1,0,1]]""","""[[6203,[1,20,6182,-6203]]]""",False,Q,Q,USp(4),319898364349597104,0
6203.f.6203.1,6203.f,6203,6203,"""[[0,-1,0,1,-1,1],[1,0,1]]""","""[[6203,[1,12,6190,-6203]]]""",False,Q,Q,USp(4),65132599442080020,0
6208.a.198656.1,6208.a,6208,198656,"""[[1,-1,3,-3,4,-2,1],[0,1]]""","""[[2,[1,1]],[97,[1,1,95,-97]]]""",False,Q,Q,USp(4),378425441413118226,0
6210.a.12420.1,6210.a,6210,12420,"""[[-1,0,3,0,-2],[1,0,0,1]]""","""[[2,[1,0,1,2]],[3,[1,2,3]],[5,[1,0,4,5]],[23,[1,-5,17,23]]]""",False,Q,Q,USp(4),364129840476073332,0
6210.b.794880.1,6210.b,6210,794880,"""[[5,3,-12,0,7,-3],[1,0,0,1]]""","""[[2,[1,0,1,-2]],[3,[1,2,3]],[5,[1,2,6,5]],[23,[1,-1,21,23]]]""",False,Q,Q,USp(4),1781801567938895590,0
6210.c.894240.1,6210.c,6210,894240,"""[[1,-5,4,1,1,1],[1,0,0,1]]""","""[[2,[1,0,1,-2]],[3,[1,1,3]],[5,[1,3,1,-5]],[23,[1,5,17,-23]]]""",False,Q,Q,USp(4),503375131273841909,0
6216.a.459984.1,6216.a,6216,459984,"""[[0,1,3,7,6,2],[0,1]]""","""[[2,[1,-1,2]],[3,[1,-1,1,3]],[7,[1,1,7,7]],[37,[1,3,39,37]]]""",False,Q,Q,USp(4),46871738025413329,0
6217.a.6217.1,6217.a,6217,6217,"""[[-2,0,-1,1,0,-1],[1,1,0,1]]""","""[[6217,[1,-126,6342,-6217]]]""",False,Q,Q,USp(4),349052339319196464,0
6220.a.199040.1,6220.a,6220,199040,"""[[0,-1,1,3,-3],[1,0,0,1]]""","""[[2,[1,0,-1]],[5,[1,3,7,5]],[311,[1,-31,279,311]]]""",False,Q,Q,USp(4),2168983023678188441,0
6224.a.24896.1,6224.a,6224,24896,"""[[0,0,-3,-4,1,2],[1]]""","""[[2,[1]],[389,[1,-21,367,389]]]""",False,Q,Q,USp(4),6932020988505808,0
6224.b.24896.1,6224.b,6224,24896,"""[[-1,2,5,-4,-3,2],[1]]""","""[[2,[1]],[389,[1,-7,395,-389]]]""",False,Q,Q,USp(4),76202974204396536,0
6228.a.597888.1,6228.a,6228,597888,"""[[1,1,1,0,1],[0,1,1,1]]""","""[[2,[1,0,-1]],[3,[1,3,3]],[173,[1,5,177,173]]]""",False,Q,Q,USp(4),1144264846314480176,0
6229.a.6229.1,6229.a,6229,6229,"""[[0,0,-3,3,-2],[1,1,0,1]]""","""[[6229,[1,-124,6104,6229]]]""",False,Q,Q,USp(4),1099740480935228519,0
6232.a.12464.1,6232.a,6232,12464,"""[[0,0,0,0,-2,0,1],[1,1]]""","""[[2,[1,1]],[19,[1,2,16,-19]],[41,[1,-6,46,-41]]]""",False,Q,Q,USp(4),111426942713305442,0
6234.a.18702.1,6234.a,6234,18702,"""[[2,4,-1,-4,0,1],[0,1]]""","""[[2,[1,1,2,2]],[3,[1,0,2,-3]],[1039,[1,-7,1031,1039]]]""",False,Q,Q,USp(4),646694015986223908,0
6235.a.904075.1,6235.a,6235,904075,"""[[0,-1,-4,9,-6,1],[0,1]]""","""[[5,[1,-1,3,5]],[29,[1,-3,31,-29]],[43,[1,-5,47,-43]]]""",False,Q,Q,USp(4),346775196311408793,0
6249.a.6249.1,6249.a,6249,6249,"""[[-1,-2,-2,-1,-1],[0,1,0,1]]""","""[[3,[1,0,2,3]],[2083,[1,-21,2103,-2083]]]""",False,Q,Q,USp(4),1389049901901975270,0
6256.a.800768.1,6256.a,6256,800768,"""[[0,1,-1,-3,2,0,1],[1]]""","""[[2,[1]],[17,[1,5,11,-17]],[23,[1,-2,20,23]]]""",False,Q,Q,USp(4),1381853341000611489,0
6258.a.6258.1,6258.a,6258,6258,"""[[1,11,0,-7,-1,1],[1,0,0,1]]""","""[[2,[1,0,1,-2]],[3,[1,1,1,-3]],[7,[1,1,5,-7]],[149,[1,9,139,-149]]]""",False,Q,Q,USp(4),943103050786042925,0
6262.a.12524.1,6262.a,6262,12524,"""[[0,0,0,0,-2,1],[1,1]]""","""[[2,[1,1,0,-2]],[31,[1,-5,35,-31]],[101,[1,9,91,-101]]]""",False,Q,Q,USp(4),2253537972569257143,0
6265.a.43855.1,6265.a,6265,43855,"""[[-9,-76,-84,-28,0,1],[0,1,1]]""","""[[5,[1,1,3,-5]],[7,[1,-3,3,7]],[179,[1,-13,191,-179]]]""",False,Q,Q,USp(4),551332595321023804,0
6267.a.6267.1,6267.a,6267,6267,"""[[3,-24,61,-50,-3,1],[0,1,1]]""","""[[3,[1,0,2,3]],[2089,[1,-65,2023,2089]]]""",False,Q,Q,USp(4),1290609533362441263,0
6270.a.188100.1,6270.a,6270,188100,"""[[0,-6,-11,0,4,-1],[0,1,1]]""","""[[2,[1,0,1,2]],[3,[1,-1,1,3]],[5,[1,-1,3,5]],[11,[1,-5,15,-11]],[19,[1,3,15,-19]]]""",False,Q,Q,USp(4),517120218690563910,0
6272.a.50176.1,6272.a,6272,50176,"""[[-1,0,3,0,-3,0,1],[0,1]]""","""[[2,[1,1]],[7,[1,0,-1]]]""",True,Q x Q,Q x Q,SU(2)xSU(2),2009274170192853870,0
6272.b.50176.1,6272.b,6272,50176,"""[[1,0,3,0,3,0,1],[0,1]]""","""[[2,[1,1]],[7,[1,-2,1]]]""",True,Q x Q,Q x Q,SU(2)xSU(2),2283588684398161707,0
6272.c.401408.1,6272.c,6272,401408,"""[[0,0,2,0,2],[1,1,1,1]]""","""[[2,[1]],[7,[1,2,1]]]""",True,Q x Q,Q x Q,SU(2)xSU(2),743175104814990880,0
6273.a.56457.1,6273.a,6273,56457,"""[[0,1,-5,-6,0,1],[0,1,1]]""","""[[3,[1,0,1]],[17,[1,7,23,17]],[41,[1,7,47,41]]]""",False,Q,Q,USp(4),678594813686348045,0
6279.a.144417.1,6279.a,6279,144417,"""[[11,-101,72,-1,-8],[0,0,1,1]]""","""[[3,[1,1,1,-3]],[7,[1,5,11,7]],[13,[1,-1,11,13]],[23,[1,-2,20,23]]]""",False,Q,Q,USp(4),270437425059635265,0
6281.a.69091.1,6281.a,6281,69091,"""[[0,1,2,0,-3,-1],[1,1]]""","""[[11,[1,6,16,11]],[571,[1,19,551,-571]]]""",False,Q,Q,USp(4),1219884180947814093,0
6282.a.301536.1,6282.a,6282,301536,"""[[0,0,1,0,0,1,1],[1,1]]""","""[[2,[1,1,0,-2]],[3,[1,1,1]],[349,[1,-13,335,349]]]""",False,Q,Q,USp(4),44391730992212431,0
6284.a.25136.1,6284.a,6284,25136,"""[[0,0,-1,1,0,1],[1,1,1]]""","""[[2,[1,0,1]],[1571,[1,-1,1571,-1571]]]""",False,Q,Q,USp(4),1367059247290185164,0
6285.a.6285.1,6285.a,6285,6285,"""[[-1,0,-1,1,0,1],[1]]""","""[[3,[1,1,3,3]],[5,[1,2,2,-5]],[419,[1,-22,396,419]]]""",False,Q,Q,USp(4),730528933331869659,0
6288.a.12576.1,6288.a,6288,12576,"""[[-1,-5,-1,20,-1,-34,19],[0,1]]""","""[[2,[1,1]],[3,[1,1,1,-3]],[131,[1,-13,143,-131]]]""",False,Q,Q,USp(4),1888397667259830570,0
6288.b.75456.1,6288.b,6288,75456,"""[[0,-2,0,0,-2],[1,1,1,1]]""","""[[2,[1]],[3,[1,2,0,-3]],[131,[1,-1,131,-131]]]""",False,Q,Q,USp(4),35095871658339366,0
6291.a.6291.1,6291.a,6291,6291,"""[[0,0,-2,1,3,1],[1]]""","""[[3,[1,2,3]],[233,[1,-3,229,233]]]""",False,Q,Q,USp(4),1133584095039267007,0
6291.b.6291.1,6291.b,6291,6291,"""[[-1,1,-4,3,-5,2,-2],[1,1,0,1]]""","""[[3,[1,0,3]],[233,[1,25,257,233]]]""",False,Q,Q,USp(4),1182137050288257054,0
6291.c.6291.1,6291.c,6291,6291,"""[[0,0,-1,-1,0,1],[1]]""","""[[3,[1,1]],[233,[1,-22,254,-233]]]""",False,Q,Q,USp(4),1840057642579568083,0
6291.d.6291.1,6291.d,6291,6291,"""[[-1,1,-1,24,-67,42,-8],[1,1,0,1]]""","""[[3,[1,-1,3]],[233,[1,-8,224,233]]]""",False,Q,Q,USp(4),289079433446976693,0
6291.e.56619.1,6291.e,6291,56619,"""[[0,-1,-1,0,2],[1,1,0,1]]""","""[[3,[1,2,3]],[233,[1,25,257,233]]]""",False,Q,Q,USp(4),1540432116853379386,0
6291.f.56619.1,6291.f,6291,56619,"""[[2,0,1,0,1],[1,0,1,1]]""","""[[3,[1,1,3]],[233,[1,-18,250,-233]]]""",False,Q,Q,USp(4),2104029868830384254,0
6294.a.201408.1,6294.a,6294,201408,"""[[1,5,6,-2,-3,1],[0,1]]""","""[[2,[1,1,0,-2]],[3,[1,2,4,3]],[1049,[1,-23,1025,1049]]]""",False,Q,Q,USp(4),1586764076329054493,0
6304.a.201728.1,6304.a,6304,201728,"""[[0,-2,-3,4,3,-4,1],[0,1]]""","""[[2,[1,1]],[197,[1,-14,182,197]]]""",False,Q,Q,USp(4),1086607978816604800,0
6307.a.334271.1,6307.a,6307,334271,"""[[0,-1,0,4,3,1],[0,1,1]]""","""[[7,[1,3,9,7]],[17,[1,7,23,17]],[53,[1,-5,47,53]]]""",False,Q,Q,USp(4),1559301724870598444,0
6308.a.807424.1,6308.a,6308,807424,"""[[2,-2],[1,0,0,1]]""","""[[2,[1,0,-1]],[19,[1,7,25,19]],[83,[1,12,94,83]]]""",False,Q,Q,USp(4),1019130057021183547,0
6309.a.6309.1,6309.a,6309,6309,"""[[0,-1,-16,-40,39,-11,1],[0,1]]""","""[[3,[1,0,1]],[701,[1,-7,707,-701]]]""",False,Q,Q,USp(4),680346045505003030,0
6309.a.6309.2,6309.a,6309,6309,"""[[0,1,-2,2,-2,1],[0,1]]""","""[[3,[1,0,1]],[701,[1,-7,707,-701]]]""",False,Q,Q,USp(4),680346045505003030,0
6312.a.100992.1,6312.a,6312,100992,"""[[0,0,2,3,3,2,1],[1,1]]""","""[[2,[1,-1]],[3,[1,3,5,3]],[263,[1,29,233,-263]]]""",False,Q,Q,USp(4),699903481977938007,0
6313.a.6313.1,6313.a,6313,6313,"""[[-1,-2,-1],[0,1,1,1]]""","""[[59,[1,-5,53,59]],[107,[1,14,92,-107]]]""",False,Q,Q,USp(4),342952120032911191,0
6314.a.6314.1,6314.a,6314,6314,"""[[3,1,3,1,1],[0,1,1,1]]""","""[[2,[1,0,1,-2]],[7,[1,-1,7,-7]],[11,[1,-3,13,-11]],[41,[1,5,35,-41]]]""",False,Q,Q,USp(4),1943842135182596110,0
6319.a.448649.1,6319.a,6319,448649,"""[[-1,0,2,-4,-7,-1],[1,1,1]]""","""[[71,[1,9,61,-71]],[89,[1,5,83,-89]]]""",False,Q,Q,USp(4),1395287578959676172,0
6321.a.44247.1,6321.a,6321,44247,"""[[0,1,2,2,0,0,-1],[1,1,0,1]]""","""[[3,[1,1,3,3]],[7,[1,0,-1]],[43,[1,-8,34,43]]]""",False,Q,Q,USp(4),1016783281771040420,0
6322.a.12644.1,6322.a,6322,12644,"""[[-1,2,0,-6,-1,1],[1,0,0,1]]""","""[[2,[1,0,1,2]],[29,[1,-7,21,29]],[109,[1,17,91,-109]]]""",False,Q,Q,USp(4),829059931680015347,0
6327.a.170829.1,6327.a,6327,170829,"""[[4,-1,-4,-1],[0,1,1,1]]""","""[[3,[1,0,-1]],[19,[1,0,18,-19]],[37,[1,10,26,-37]]]""",False,Q,Q,USp(4),1590593730532481450,0
6334.a.25336.1,6334.a,6334,25336,"""[[1,-3,6,-7,6,-3,1],[0,1]]""","""[[2,[1,-1,2,-2]],[3167,[1,-80,3086,3167]]]""",False,Q,Q,USp(4),1722308362000866144,0
6336.a.152064.1,6336.a,6336,152064,"""[[1,2,0,-2,-1],[0,1,0,1]]""","""[[2,[1,1]],[3,[1,1,1]],[11,[1,4,14,11]]]""",False,Q,Q,USp(4),1325495214084556264,0
6336.b.513216.1,6336.b,6336,513216,"""[[99,0,-65,0,14,0,-1],[0,1]]""","""[[2,[1,-1,2]],[3,[1,2,1]],[11,[1,3,7,-11]]]""",True,Q x Q,Q x Q,SU(2)xSU(2),1885902349308339218,0
6336.c.513216.1,6336.c,6336,513216,"""[[-99,0,-65,0,-14,0,-1],[0,1]]""","""[[2,[1,-1,2]],[3,[1,0,-1]],[11,[1,-5,15,-11]]]""",True,Q x Q,Q x Q,SU(2)xSU(2),2001422307230562079,0
6342.a.202944.1,6342.a,6342,202944,"""[[0,2,7,6,-1,1],[1,1]]""","""[[2,[1,1,2,2]],[3,[1,2,0,-3]],[7,[1,2,4,-7]],[151,[1,11,139,-151]]]""",False,Q,Q,USp(4),2081398912183213563,0
6343.a.6343.1,6343.a,6343,6343,"""[[0,-1,-1,1,2,1],[0,1,1]]""","""[[6343,[1,-71,6271,6343]]]""",False,Q,Q,USp(4),1304318073207305080,0
6348.a.171396.1,6348.a,6348,171396,"""[[0,1,0,-3,10,1],[1,1,1]]""","""[[2,[1,0,1]],[3,[1,1,3,3]],[23,[1,0,23]]]""",False,Q,Q,USp(4),108149764968859241,0
6348.a.25392.1,6348.a,6348,25392,"""[[1,1,1,0,1,1],[1,0,0,1]]""","""[[2,[1,0,1]],[3,[1,1,3,3]],[23,[1,0,23]]]""",False,Q,Q,USp(4),108149764968859241,0
6348.b.406272.1,6348.b,6348,406272,"""[[0,2,3,5,3,2],[0,1,1]]""","""[[2,[1,2,1]],[3,[1,1,3,3]],[23,[1,0,-1]]]""",True,Q x Q,Q x Q,SU(2)xSU(2),1473983935766648857,0
6351.a.19053.1,6351.a,6351,19053,"""[[-1,4,0,-4,-1,1],[0,1,0,1]]""","""[[3,[1,1,3,3]],[29,[1,7,35,29]],[73,[1,9,63,-73]]]""",False,Q,Q,USp(4),781463580737711393,0
6352.a.101632.1,6352.a,6352,101632,"""[[0,0,-4,1,4,2],[1,1]]""","""[[2,[1,1]],[397,[1,33,363,-397]]]""",False,Q,Q,USp(4),595429403975942754,0
6352.b.406528.1,6352.b,6352,406528,"""[[-1,5,-7,-2,1,4],[1,1]]""","""[[2,[1,-1,2]],[397,[1,17,379,-397]]]""",False,Q,Q,USp(4),1328914276294646428,0
6358.a.216172.1,6358.a,6358,216172,"""[[-11,1,22,2,-12,-1,2],[0,1]]""","""[[2,[1,-1,2,-2]],[11,[1,-7,17,-11]],[17,[1,2,1]]]""",True,Q x Q,Q x Q,SU(2)xSU(2),728517958621919787,0
6369.a.19107.1,6369.a,6369,19107,"""[[1,3,-4,14,4,-3,18],[1,1]]""","""[[3,[1,-1,3,-3]],[11,[1,5,15,11]],[193,[1,13,179,-193]]]""",False,Q,Q,USp(4),650593104521616725,0
6369.b.171963.1,6369.b,6369,171963,"""[[0,1,-4,2,-1,1],[1,1]]""","""[[3,[1,1,3,3]],[11,[1,1,11,11]],[193,[1,-3,195,-193]]]""",False,Q,Q,USp(4),1793153019911760516,0
6374.a.6374.1,6374.a,6374,6374,"""[[1,-1,-5,0,5,0,-2],[1,1,1]]""","""[[2,[1,0,1,2]],[3187,[1,-21,3207,-3187]]]""",False,Q,Q,USp(4),412122009979140902,0
6375.a.95625.1,6375.a,6375,95625,"""[[-7,6,5,-5,-1,1],[1,0,0,1]]""","""[[3,[1,2,4,3]],[5,[1,1]],[17,[1,5,11,-17]]]""",False,Q,Q,USp(4),731974116607239855,0
6376.a.12752.1,6376.a,6376,12752,"""[[-3,-4,9,1,-6,2],[0,1]]""","""[[2,[1,-1,2]],[797,[1,3,799,797]]]""",False,Q,Q,USp(4),170162771976859747,0
6399.a.172773.1,6399.a,6399,172773,"""[[-1,1,-1,-1,1,-1],[1,1]]""","""[[3,[1,-1]],[79,[1,-13,91,-79]]]""",False,Q,Q,USp(4),1529878395395901482,0
6399.a.6399.1,6399.a,6399,6399,"""[[-66,129,-64,-8,7,1],[0,1]]""","""[[3,[1,-1]],[79,[1,-13,91,-79]]]""",False,Q,Q,USp(4),1529878395395901482,0
6400.a.12800.1,6400.a,6400,12800,"""[[0,0,-1,3,-3,2],[1]]""","""[[2,[1,0,2]],[5,[1,2,5]]]""",False,Q,Q,USp(4),1914808342253363855,0
6400.b.12800.1,6400.b,6400,12800,"""[[2,0,4,0,2],[0,0,0,1]]""","""[[2,[1]],[5,[1,0,-1]]]""",True,Q x Q,M_2(Q),J(E_1),463406877640206549,0
6400.c.12800.1,6400.c,6400,12800,"""[[-2,0,-2],[0,0,0,1]]""","""[[2,[1]],[5,[1,2,1]]]""",True,Q x Q,Q x Q,SU(2)xSU(2),647865215096569303,0
6400.d.12800.1,6400.d,6400,12800,"""[[-2,0,4,0,-2],[0,0,0,1]]""","""[[2,[1]],[5,[1,0,-1]]]""",True,Q x Q,M_2(Q),J(E_1),715046958765947275,0
6400.e.12800.1,6400.e,6400,12800,"""[[2,0,-2],[0,0,0,1]]""","""[[2,[1]],[5,[1,2,1]]]""",True,Q x Q,Q x Q,SU(2)xSU(2),984468282066089786,0
6400.f.64000.1,6400.f,6400,64000,"""[[4,6,1,-3,-2],[0,0,0,1]]""","""[[2,[1,2,2]],[5,[1,4,5]]]""",True,CM,M_2(Q),E_4,299600904686788309,0
6400.g.64000.1,6400.g,6400,64000,"""[[-1,-1,0,-1,0,0,-1],[1,1,1,1]]""","""[[2,[1,-2,2]],[5,[1,-2,5]]]""",True,CM,M_2(Q),E_4,637039166408952706,0
6400.h.409600.1,6400.h,6400,409600,"""[[-1,0,2,0,0,0,-1],[]]""","""[[2,[1]],[5,[1,0,-1]]]""",True,Q x Q,Q x Q,SU(2)xSU(2),2020641021559198937,0
6400.i.409600.1,6400.i,6400,409600,"""[[-1,0,-4,0,-4,0,-1],[]]""","""[[2,[1]],[5,[1,2,1]]]""",False,M_2(Q),M_2(Q),E_1,407852655342850434,0
6400.j.819200.1,6400.j,6400,819200,"""[[2,0,1,0,-3,0,1],[]]""","""[[2,[1]],[5,[1,0,-1]]]""",True,Q x Q,Q x Q,SU(2)xSU(2),1266451622073815140,0
6400.k.819200.1,6400.k,6400,819200,"""[[2,0,-1,0,-3,0,-1],[]]""","""[[2,[1]],[5,[1,0,-1]]]""",True,Q x Q,Q x Q,SU(2)xSU(2),275529716624426764,0
6404.a.12808.1,6404.a,6404,12808,"""[[0,-1,1,0,1,1],[1,1,0,1]]""","""[[2,[1,1,1]],[1601,[1,6,1594,-1601]]]""",False,Q,Q,USp(4),714856680423604189,0
6420.a.25680.1,6420.a,6420,25680,"""[[3,0,-2,3,0,-1,1],[0,1,1]]""","""[[2,[1,0,-1]],[3,[1,0,2,3]],[5,[1,-1,5,-5]],[107,[1,-11,95,107]]]""",False,Q,Q,USp(4),2002855591624281461,0
6423.a.19269.1,6423.a,6423,19269,"""[[2,-3,0,3,-3,1],[1,0,1]]""","""[[3,[1,0,2,3]],[2141,[1,-11,2151,-2141]]]""",False,Q,Q,USp(4),445078971576043972,0
6426.a.218484.1,6426.a,6426,218484,"""[[-3,23,-58,51,-21,34],[0,0,1]]""","""[[2,[1,1,2,2]],[3,[1,0,3]],[7,[1,3,9,7]],[17,[1,-2,18,-17]]]""",False,Q,Q,USp(4),1414799137065890704,0
6429.a.6429.1,6429.a,6429,6429,"""[[-319,234,5,-29,1,1],[0,1,1]]""","""[[3,[1,-2,0,3]],[2143,[1,21,2163,2143]]]""",False,Q,Q,USp(4),551796450329469296,0
6437.a.6437.1,6437.a,6437,6437,"""[[0,-2,0,1],[1,1,1,1]]""","""[[41,[1,0,40,41]],[157,[1,-17,139,157]]]""",False,Q,Q,USp(4),1834338942438474861,0
6441.a.6441.1,6441.a,6441,6441,"""[[-1,1,-1,2,0,1],[1,1,1]]""","""[[3,[1,0,2,3]],[19,[1,-3,21,-19]],[113,[1,-1,113,-113]]]""",False,Q,Q,USp(4),997746150323017108,0
6441.b.57969.1,6441.b,6441,57969,"""[[1,-1],[1,1,0,1]]""","""[[3,[1,0,2,-3]],[19,[1,3,21,19]],[113,[1,2,114,113]]]""",False,Q,Q,USp(4),2296315042879072606,0
6443.a.6443.1,6443.a,6443,6443,"""[[0,1,1,-2,-1,1],[1]]""","""[[17,[1,1,17,17]],[379,[1,11,389,379]]]""",False,Q,Q,USp(4),214357479184010706,0
6448.a.825344.1,6448.a,6448,825344,"""[[-1,0,-4,2,-3,4],[0,1]]""","""[[2,[1,1,2]],[13,[1,-1,11,13]],[31,[1,-3,27,31]]]""",False,Q,Q,USp(4),1602216330092827958,0
6452.a.103232.1,6452.a,6452,103232,"""[[0,0,-2,0,2],[1,0,0,1]]""","""[[2,[1,0,-1]],[1613,[1,-17,1595,1613]]]""",False,Q,Q,USp(4),1356323604541211806,0
6454.a.25816.1,6454.a,6454,25816,"""[[0,2,8,7,-6,1],[1,1]]""","""[[2,[1,1,2,2]],[7,[1,-1,5,7]],[461,[1,-29,489,-461]]]""",False,Q,Q,USp(4),1413734499329369786,0
6454.b.103264.1,6454.b,6454,103264,"""[[0,1,-1,3,-1,1],[1,1]]""","""[[2,[1,1,0,-2]],[7,[1,3,3,-7]],[461,[1,29,431,-461]]]""",False,Q,Q,USp(4),245623241311440558,0
6463.a.6463.1,6463.a,6463,6463,"""[[0,0,0,0,-1,0,1],[1,1,1]]""","""[[23,[1,4,26,23]],[281,[1,-9,271,281]]]""",False,Q,Q,USp(4),308892245842741437,0
6464.a.413696.1,6464.a,6464,413696,"""[[0,-1,0,-18,21,-8,1],[0,1]]""","""[[2,[1,-1]],[101,[1,-17,83,101]]]""",False,Q,Q,USp(4),1528346061655490235,0
6472.a.12944.1,6472.a,6472,12944,"""[[0,-1,0,2,-2,1],[1,0,1]]""","""[[2,[1,1]],[809,[1,4,812,809]]]""",False,Q,Q,USp(4),516117252387956811,0
6474.a.673296.1,6474.a,6474,673296,"""[[-1,2,0,0,1,1],[1,0,0,1]]""","""[[2,[1,0,1,2]],[3,[1,2,4,3]],[13,[1,5,17,13]],[83,[1,-11,93,-83]]]""",False,Q,Q,USp(4),1891725378145252010,0
6480.a.103680.1,6480.a,6480,103680,"""[[1,4,2,-4,-1,1],[]]""","""[[2,[1]],[3,[1,2,3]],[5,[1,2,6,5]]]""",False,Q,Q,USp(4),465289791738374174,0
6490.a.142780.1,6490.a,6490,142780,"""[[-1,-1,-1,-3,0,1],[1,0,0,1]]""","""[[2,[1,0,1,2]],[5,[1,2,2,-5]],[11,[1,-1,11,-11]],[59,[1,11,47,-59]]]""",False,Q,Q,USp(4),323155230082351851,0
6491.a.6491.1,6491.a,6491,6491,"""[[0,1,0,-2,1,1],[1]]""","""[[6491,[1,34,6524,6491]]]""",False,Q,Q,USp(4),430135393312758514,0
6496.a.727552.1,6496.a,6496,727552,"""[[7,-2,11,-7,-3,1],[0,1,0,1]]""","""[[2,[1,1,2]],[7,[1,-1,7,-7]],[29,[1,1,27,-29]]]""",False,Q,Q,USp(4),2017513491274137399,0
6498.a.58482.1,6498.a,6498,58482,"""[[-1,-3,0,5,1,-2,-1],[0,1,1]]""","""[[2,[1,0,1,2]],[3,[1,0,-1]],[19,[1,0,-1]]]""",True,Q x Q,Q x Q,SU(2)xSU(2),755952066645992568,0
6498.b.77976.1,6498.b,6498,77976,"""[[-1,-2,-2,1,3,3,1],[1,1,1]]""","""[[2,[1,-2,3,-2]],[3,[1,-2,1]],[19,[1,0,-1]]]""",True,Q x Q,Q x Q,SU(2)xSU(2),1352912788955880778,0
6506.a.13012.1,6506.a,6506,13012,"""[[0,0,0,1,1,1,1],[1,1]]""","""[[2,[1,1,0,-2]],[3253,[1,-33,3219,3253]]]""",False,Q,Q,USp(4),1730085382465708815,0
6509.a.6509.1,6509.a,6509,6509,"""[[0,-1,-1],[0,1,0,1]]""","""[[23,[1,5,17,-23]],[283,[1,14,296,283]]]""",False,Q,Q,USp(4),2077603770594238834,0
6511.a.6511.1,6511.a,6511,6511,"""[[0,-1,-2,0,2,1],[1,1,0,1]]""","""[[17,[1,6,10,-17]],[383,[1,5,377,-383]]]""",False,Q,Q,USp(4),541406824169510141,0
6512.a.6512.1,6512.a,6512,6512,"""[[-1,-2,-1,0,1,1],[0,0,0,1]]""","""[[2,[1,2,2]],[11,[1,0,10,-11]],[37,[1,6,30,-37]]]""",False,Q,Q,USp(4),1840859432718682626,0
6512.b.6512.1,6512.b,6512,6512,"""[[1,5,6,0,0,3],[1,1,1,1]]""","""[[2,[1,0,2]],[11,[1,6,16,11]],[37,[1,6,30,-37]]]""",False,Q,Q,USp(4),446085553166760469,0
6512.c.26048.1,6512.c,6512,26048,"""[[0,0,-1,-1,-1,0,1],[1]]""","""[[2,[1]],[11,[1,4,14,11]],[37,[1,-2,34,37]]]""",False,Q,Q,USp(4),2230381359866124255,0
6516.a.834048.1,6516.a,6516,834048,"""[[-1,3,-5,3,-1,0,-1],[1,0,0,1]]""","""[[2,[1,0,-1]],[3,[1,0,-1]],[181,[1,-13,167,181]]]""",False,Q,Q,USp(4),873784208911044463,0
6520.a.26080.1,6520.a,6520,26080,"""[[0,0,-4,-6,10,2],[1,1]]""","""[[2,[1,-1]],[5,[1,0,4,5]],[163,[1,7,169,163]]]""",False,Q,Q,USp(4),1400273699186590125,0
6524.a.13048.1,6524.a,6524,13048,"""[[0,2,8,9,1],[1,1,0,1]]""","""[[2,[1,1,1]],[7,[1,4,10,7]],[233,[1,-8,240,-233]]]""",False,Q,Q,USp(4),195962469449156627,0
6534.a.13068.1,6534.a,6534,13068,"""[[0,1,0,1,0,1],[0,1,1]]""","""[[2,[1,0,1,-2]],[3,[1,1]],[11,[1,2,1]]]""",True,Q x Q,Q x Q,SU(2)xSU(2),1178764046161939579,0
6534.b.19602.1,6534.b,6534,19602,"""[[0,1,-1,2,-1,1],[1,0,0,1]]""","""[[2,[1,2,3,2]],[3,[1,-1]],[11,[1,2,1]]]""",True,Q x Q,Q x Q,SU(2)xSU(2),1453221509871077868,0
6540.a.78480.1,6540.a,6540,78480,"""[[1,2,2],[1,1,1,1]]""","""[[2,[1,0,2]],[3,[1,1,1,-3]],[5,[1,2,2,-5]],[109,[1,8,116,109]]]""",False,Q,Q,USp(4),1075868240656996679,0
6544.a.104704.1,6544.a,6544,104704,"""[[0,4,49,128,-144,46,-5],[0,1,0,1]]""","""[[2,[1,1]],[409,[1,-22,386,409]]]""",False,Q,Q,USp(4),1267851149771109003,0
6544.a.6544.1,6544.a,6544,6544,"""[[0,-1,-1,-1,-2,0,-1],[0,1]]""","""[[2,[1,1]],[409,[1,-22,386,409]]]""",False,Q,Q,USp(4),1267851149771109003,0
6544.b.418816.1,6544.b,6544,418816,"""[[1,1,2,0,0,1],[0,1,0,1]]""","""[[2,[1,-1]],[409,[1,18,390,-409]]]""",False,Q,Q,USp(4),376711210506721247,0
6549.a.6549.1,6549.a,6549,6549,"""[[8,31,33,0,-10,1],[0,0,1]]""","""[[3,[1,0,2,3]],[37,[1,-1,35,37]],[59,[1,9,67,59]]]""",False,Q,Q,USp(4),314901135509637535,0
6560.a.52480.1,6560.a,6560,52480,"""[[-3,-1,-1,-3,-1,0,-1],[0,1]]""","""[[2,[1,1]],[5,[1,-1,3,5]],[41,[1,-9,31,41]]]""",False,Q,Q,USp(4),760034247387407857,0
6560.b.524800.1,6560.b,6560,524800,"""[[-56,79,-5,-21,0,2],[0,1,0,1]]""","""[[2,[1,1,2]],[5,[1,1,3,-5]],[41,[1,5,35,-41]]]""",False,Q,Q,USp(4),525263623379544266,0
6560.b.524800.2,6560.b,6560,524800,"""[[136,32,51,8,6],[0,0,1,1]]""","""[[2,[1,1,2]],[5,[1,1,3,-5]],[41,[1,5,35,-41]]]""",False,Q,Q,USp(4),525263623379544266,0
6566.a.91924.1,6566.a,6566,91924,"""[[7,14,-3,-8,0,1],[0,1,1]]""","""[[2,[1,0,1,-2]],[7,[1,2,1]],[67,[1,-5,71,-67]]]""",False,Q,Q,USp(4),923229805384082524,0
6570.a.479610.1,6570.a,6570,479610,"""[[-1,-3,-1,2,-5,1,1],[1,0,0,1]]""","""[[2,[1,-2,3,-2]],[3,[1,0,-1]],[5,[1,-1,5,-5]],[73,[1,5,67,-73]]]""",False,Q,Q,USp(4),893072253472294666,0
6571.a.6571.1,6571.a,6571,6571,"""[[0,-1,-6,0,3,-1],[0,1,1]]""","""[[6571,[1,-139,6431,6571]]]""",False,Q,Q,USp(4),2098139266458399456,0
6574.a.13148.1,6574.a,6574,13148,"""[[0,2,-4,4,-3,1],[0,1,1]]""","""[[2,[1,0,1,-2]],[19,[1,7,11,-19]],[173,[1,3,169,-173]]]""",False,Q,Q,USp(4),1855005949712876760,0
6575.a.32875.1,6575.a,6575,32875,"""[[0,1,4,4],[0,1,0,1]]""","""[[5,[1,0,-1]],[263,[1,7,269,263]]]""",False,Q,Q,USp(4),872738927099346661,0
6579.a.19737.1,6579.a,6579,19737,"""[[0,3,-10,-3,3,1],[0,1,1]]""","""[[3,[1,2,3]],[17,[1,-5,21,-17]],[43,[1,7,35,-43]]]""",False,Q,Q,USp(4),1165696945597558112,0
6582.a.6582.1,6582.a,6582,6582,"""[[-1,-9,-29,-38,-17,1],[0,1]]""","""[[2,[1,-1,0,2]],[3,[1,0,2,-3]],[1097,[1,-31,1127,-1097]]]""",False,Q,Q,USp(4),286178734375700932,0
6588.a.105408.1,6588.a,6588,105408,"""[[0,0,-1,3,-3,3],[1,1,0,1]]""","""[[2,[1,1,1]],[3,[1,1,3]],[61,[1,3,57,-61]]]""",False,Q,Q,USp(4),1926922271938295153,0
6592.a.843776.1,6592.a,6592,843776,"""[[-1,1,0,-1,1],[0,1,0,1]]""","""[[2,[1,-1]],[103,[1,6,108,103]]]""",False,Q,Q,USp(4),1999805879162435382,0
6602.a.211264.1,6602.a,6602,211264,"""[[0,0,2,0,-2,-1],[1,1]]""","""[[2,[1,1,0,-2]],[3301,[1,57,3357,3301]]]""",False,Q,Q,USp(4),504800515716517393,0
6608.a.26432.1,6608.a,6608,26432,"""[[0,0,0,-1,-2,-2],[1,1]]""","""[[2,[1,1]],[7,[1,2,4,-7]],[59,[1,-13,71,-59]]]""",False,Q,Q,USp(4),973408957769288788,0
6613.a.112421.1,6613.a,6613,112421,"""[[-7,-51,-73,72,-16,1],[0,0,1]]""","""[[17,[1,-5,11,17]],[389,[1,27,415,389]]]""",False,Q,Q,USp(4),2013891287192561739,0
6615.a.6615.1,6615.a,6615,6615,"""[[1,-1,-4,-2],[1,0,1,1]]""","""[[3,[1,1,3]],[5,[1,2,2,-5]],[7,[1,0,7]]]""",False,Q,Q,USp(4),1501886688454823589,0
6615.b.416745.1,6615.b,6615,416745,"""[[-5,10,0,-7,0,1],[0,1,1]]""","""[[3,[1,1]],[5,[1,1,3,-5]],[7,[1,0,7]]]""",False,Q,Q,USp(4),1489094636578226425,0
6621.a.6621.1,6621.a,6621,6621,"""[[5,-6,1,0,1,-1],[1,0,0,1]]""","""[[3,[1,1,1,-3]],[2207,[1,81,2287,2207]]]""",False,Q,Q,USp(4),846198951681180507,0
6624.a.19872.1,6624.a,6624,19872,"""[[-414,0,-152,0,-19,0,-1],[0,1,0,1]]""","""[[2,[1,-1]],[3,[1,0,-1]],[23,[1,-7,15,23]]]""",True,Q x Q,Q x Q,SU(2)xSU(2),596728516795410046,0
6624.b.158976.1,6624.b,6624,158976,"""[[-69,0,24,0,5],[0,1,0,1]]""","""[[2,[1,1]],[3,[1,-2,1]],[23,[1,-7,15,23]]]""",True,Q x Q,Q x Q,SU(2)xSU(2),1453828898158423470,0
6625.a.6625.1,6625.a,6625,6625,"""[[0,0,0,-2,0,1],[1,1,0,1]]""","""[[5,[1,1]],[53,[1,-7,59,-53]]]""",False,Q,Q,USp(4),577300022429129298,0
6625.b.33125.1,6625.b,6625,33125,"""[[0,1,-8,16,-4,1],[0,1]]""","""[[5,[1,-1]],[53,[1,9,43,-53]]]""",False,Q,Q,USp(4),1924155739459483153,0
6625.c.33125.1,6625.c,6625,33125,"""[[0,1,8,19,8,1],[0,1]]""","""[[5,[1,1]],[53,[1,-7,59,-53]]]""",False,Q,Q,USp(4),256505635988486655,0
6625.c.33125.2,6625.c,6625,33125,"""[[-1,-11,-42,-64,-32,1],[0,0,1]]""","""[[5,[1,1]],[53,[1,-7,59,-53]]]""",False,Q,Q,USp(4),256505635988486655,0
6628.a.212096.1,6628.a,6628,212096,"""[[1,-1,1,0,1],[0,1,1,1]]""","""[[2,[1,0,-1]],[1657,[1,35,1621,-1657]]]""",False,Q,Q,USp(4),1235071201806042381,0
6631.a.125989.1,6631.a,6631,125989,"""[[-15,1,-6,4,0,1],[1]]""","""[[19,[1,-3,21,-19]],[349,[1,11,359,349]]]""",False,Q,Q,USp(4),1448200055691215245,0
6631.b.125989.1,6631.b,6631,125989,"""[[-1,2,1,-3,-1,1],[0,1]]""","""[[19,[1,4,14,-19]],[349,[1,25,323,-349]]]""",False,Q,Q,USp(4),504732580543737492,0
6640.a.531200.1,6640.a,6640,531200,"""[[0,1,0,-5,7,-4],[1,1]]""","""[[2,[1,1]],[5,[1,-1,5,-5]],[83,[1,-1,83,-83]]]""",False,Q,Q,USp(4),155972127082543160,0
6652.a.106432.1,6652.a,6652,106432,"""[[-2,6,-8,2],[1,1,0,1]]""","""[[2,[1,1,1]],[1663,[1,61,1601,-1663]]]""",False,Q,Q,USp(4),2079946269316903463,0
6656.a.212992.1,6656.a,6656,212992,"""[[0,-2,0,2],[1,1,1,1]]""","""[[2,[1]],[13,[1,1,11,-13]]]""",False,Q,Q,USp(4),9269480611550772,0
6656.b.851968.1,6656.b,6656,851968,"""[[0,0,-4],[1,1,1,1]]""","""[[2,[1]],[13,[1,5,17,13]]]""",False,Q,Q,USp(4),2125097046896927460,0
6658.a.106528.1,6658.a,6658,106528,"""[[148,14,-39,0,6,1],[0,1]]""","""[[2,[1,1,2,2]],[3329,[1,39,3289,-3329]]]""",False,Q,Q,USp(4),971539739795364725,0
6664.a.13328.1,6664.a,6664,13328,"""[[0,-1,9,-1,-4],[0,1,0,1]]""","""[[2,[1,1,2]],[7,[1,4,7]],[17,[1,4,20,17]]]""",False,Q,Q,USp(4),798331907034033361,0
6672.a.6672.1,6672.a,6672,6672,"""[[69,60,0,-17,-4,1],[0,1,0,1]]""","""[[2,[1,1]],[3,[1,1,1,-3]],[139,[1,3,135,-139]]]""",False,Q,Q,USp(4),1430991831364895979,0
6672.a.720576.1,6672.a,6672,720576,"""[[0,-2,5,-1,-4,2],[0,1]]""","""[[2,[1,1]],[3,[1,1,1,-3]],[139,[1,3,135,-139]]]""",False,Q,Q,USp(4),1430991831364895979,0
6672.b.40032.1,6672.b,6672,40032,"""[[-9,-21,-18,-13,-6,2],[0,1]]""","""[[2,[1,-1]],[3,[1,-1,3,-3]],[139,[1,-13,151,-139]]]""",False,Q,Q,USp(4),902392064816652093,0
6672.c.320256.1,6672.c,6672,320256,"""[[0,1,-9,23,-17,4],[0,1]]""","""[[2,[1,1]],[3,[1,1,3,3]],[139,[1,-5,143,-139]]]""",False,Q,Q,USp(4),1619250968888786359,0
6675.a.60075.1,6675.a,6675,60075,"""[[0,-1,1,-1,0,1],[0,1]]""","""[[3,[1,1,1,-3]],[5,[1,0,1]],[89,[1,3,91,89]]]""",False,Q,Q,USp(4),1745543366189078816,0
6677.a.6677.1,6677.a,6677,6677,"""[[0,1,3,10,6,1],[0,1]]""","""[[11,[1,-3,7,11]],[607,[1,37,643,607]]]""",False,Q,Q,USp(4),878648079771667304,0
6688.a.53504.1,6688.a,6688,53504,"""[[0,-1,1,1,-1,-2,1],[1]]""","""[[2,[1]],[11,[1,0,10,-11]],[19,[1,5,13,-19]]]""",False,Q,Q,USp(4),1048509029722223405,0
6688.b.856064.1,6688.b,6688,856064,"""[[-1,2,-1],[1,1,1,1]]""","""[[2,[1]],[11,[1,-2,8,11]],[19,[1,3,15,-19]]]""",False,Q,Q,USp(4),1853146866700494717,0
6688.c.856064.1,6688.c,6688,856064,"""[[8,-1,2,3],[1,1,1,1]]""","""[[2,[1,2,2]],[11,[1,4,6,-11]],[19,[1,-3,21,-19]]]""",False,Q,Q,USp(4),276986282415605856,0
6688.d.856064.1,6688.d,6688,856064,"""[[4,4],[0,0,0,1]]""","""[[2,[1]],[11,[1,2,8,-11]],[19,[1,-1,17,19]]]""",False,Q,Q,USp(4),477617648086754054,0
6698.a.227732.1,6698.a,6698,227732,"""[[0,2,-4,1,0,1],[0,1]]""","""[[2,[1,1,0,-2]],[17,[1,3,19,17]],[197,[1,13,209,197]]]""",False,Q,Q,USp(4),584798900545961061,0
6698.b.455464.1,6698.b,6698,455464,"""[[0,1,-24,152,-96,13,1],[0,0,1]]""","""[[2,[1,-1,2,-2]],[17,[1,7,23,17]],[197,[1,-17,179,197]]]""",False,Q,Q,USp(4),495440451068877532,0
6702.a.80424.1,6702.a,6702,80424,"""[[-4,2,4,-1,-2],[0,1,0,1]]""","""[[2,[1,1,0,-2]],[3,[1,1,3,3]],[1117,[1,-32,1084,1117]]]""",False,Q,Q,USp(4),2080511868035177318,0
6704.a.429056.1,6704.a,6704,429056,"""[[0,1,-2,-3,2,2],[1,0,1]]""","""[[2,[1,-1]],[419,[1,-22,396,419]]]""",False,Q,Q,USp(4),2284546054094905007,0
6713.a.6713.1,6713.a,6713,6713,"""[[1,1,-2,-3,0,1],[1,1,1]]""","""[[7,[1,0,-1]],[137,[1,-2,134,137]]]""",False,Q,Q,USp(4),285579784825676751,0
6718.a.13436.1,6718.a,6718,13436,"""[[0,-1,-1,0,0,1,1],[1,1,1]]""","""[[2,[1,2,3,2]],[3359,[1,63,3421,3359]]]""",False,Q,Q,USp(4),898921134711235649,0
6728.a.13456.1,6728.a,6728,13456,"""[[0,0,1,1,1,2,1],[1,1]]""","""[[2,[1,1]],[29,[1,0,29]]]""",False,Q,Q,USp(4),2281625626869161734,0
6728.b.26912.1,6728.b,6728,26912,"""[[2,0,-1,0,-1],[0,1,0,1]]""","""[[2,[1,1]],[29,[1,2,1]]]""",True,Q x Q,Q x Q,SU(2)xSU(2),1609540310054224616,0
6735.a.60615.1,6735.a,6735,60615,"""[[2,6,2,-2,1],[1,0,1,1]]""","""[[3,[1,0,2,-3]],[5,[1,2,6,5]],[449,[1,-10,438,449]]]""",False,Q,Q,USp(4),676183059391291539,0
6736.a.215552.1,6736.a,6736,215552,"""[[-1,1,0,-2,0,1],[0,1,0,1]]""","""[[2,[1,-1]],[421,[1,-29,391,421]]]""",False,Q,Q,USp(4),890420078719297737,0
6736.b.431104.1,6736.b,6736,431104,"""[[-3,-5,10,-1,-1,-2,1],[1]]""","""[[2,[1]],[421,[1,25,395,-421]]]""",False,Q,Q,USp(4),93569341718528377,0
6743.a.74173.1,6743.a,6743,74173,"""[[-5,40,-106,79,19,1],[1]]""","""[[11,[1,4,6,-11]],[613,[1,33,579,-613]]]""",False,Q,Q,USp(4),1573374351566404442,0
6759.a.182493.1,6759.a,6759,182493,"""[[-1,-8,-25,-26,0,9],[1,1,1]]""","""[[3,[1,0,-1]],[751,[1,-13,763,-751]]]""",False,Q,Q,USp(4),484875585825452711,0
6761.a.6761.1,6761.a,6761,6761,"""[[-1,0,0,0,-1],[1,1,0,1]]""","""[[6761,[1,-139,6899,-6761]]]""",False,Q,Q,USp(4),1844378064997954754,0
6763.a.6763.1,6763.a,6763,6763,"""[[-1,1,1,-2,0,1],[1]]""","""[[6763,[1,90,6672,-6763]]]""",False,Q,Q,USp(4),1071056974834555601,0
6768.a.6768.1,6768.a,6768,6768,"""[[0,0,0,-2,-4,-4,-1],[1,1]]""","""[[2,[1,1]],[3,[1,0,1]],[47,[1,-1,47,-47]]]""",False,Q,Q,USp(4),1857629649741169968,0
6768.b.216576.1,6768.b,6768,216576,"""[[94,0,-8,0,-3],[0,1,0,1]]""","""[[2,[1,-1]],[3,[1,2,1]],[47,[1,-1,47,-47]]]""",True,Q x Q,Q x Q,SU(2)xSU(2),2180895662674673488,0
6782.a.27128.1,6782.a,6782,27128,"""[[1,1],[0,1,0,1]]""","""[[2,[1,1,0,-2]],[3391,[1,110,3500,3391]]]""",False,Q,Q,USp(4),1244984518236170230,0
6783.a.997101.1,6783.a,6783,997101,"""[[0,1,1,3,1,3],[1]]""","""[[3,[1,1,1,-3]],[7,[1,4,2,-7]],[17,[1,5,21,17]],[19,[1,4,14,-19]]]""",False,Q,Q,USp(4),718355009031029769,0
6784.a.6784.1,6784.a,6784,6784,"""[[-2,-6,10,1,-5,1],[0,0,0,1]]""","""[[2,[1,0,2]],[53,[1,5,47,-53]]]""",False,Q,Q,USp(4),1109767312714721666,0
6784.b.6784.1,6784.b,6784,6784,"""[[0,0,0,0,-1,0,2],[1,1]]""","""[[2,[1,1,2]],[53,[1,-3,49,53]]]""",False,Q,Q,USp(4),2122809269701554519,0
6784.c.6784.1,6784.c,6784,6784,"""[[2,2,0,-1,-1],[0,0,0,1]]""","""[[2,[1,2,2]],[53,[1,-9,43,53]]]""",False,Q,Q,USp(4),468657560364084472,0
6784.d.13568.1,6784.d,6784,13568,"""[[0,-1,0,5,-7,2],[1]]""","""[[2,[1,0,2]],[53,[1,1,51,-53]]]""",False,Q,Q,USp(4),555921055140280457,0
6784.e.868352.1,6784.e,6784,868352,"""[[2,2,-5,4,1,-2,1],[]]""","""[[2,[1]],[53,[1,9,43,-53]]]""",False,Q,Q,USp(4),1494035361754839079,0
6785.a.33925.1,6785.a,6785,33925,"""[[0,-1,0,-2,1,-1,1],[0,1]]""","""[[5,[1,2,2,-5]],[23,[1,6,16,-23]],[59,[1,5,53,-59]]]""",False,Q,Q,USp(4),1974192383211586404,0
6786.a.61074.1,6786.a,6786,61074,"""[[-77,78,0,-17,1,1],[0,1,1]]""","""[[2,[1,0,1,2]],[3,[1,0,-1]],[13,[1,-7,19,-13]],[29,[1,11,39,29]]]""",True,Q x Q,Q x Q,SU(2)xSU(2),1037998760867771227,0
6792.a.40752.1,6792.a,6792,40752,"""[[1,3,-2,-6,0,3],[1,0,1]]""","""[[2,[1,-1,2]],[3,[1,-1,3,-3]],[283,[1,21,303,283]]]""",False,Q,Q,USp(4),1645124442833140974,0
6795.a.6795.1,6795.a,6795,6795,"""[[0,0,-2,1,1,-1],[1,1]]""","""[[3,[1,0,1]],[5,[1,3,7,5]],[151,[1,7,143,-151]]]""",False,Q,Q,USp(4),790575109077233556,0
6797.a.6797.1,6797.a,6797,6797,"""[[0,0,0,-1,0,-1,1],[1,1]]""","""[[7,[1,2,4,-7]],[971,[1,-7,963,971]]]""",False,Q,Q,USp(4),1625068510547824928,0
6800.a.27200.1,6800.a,6800,27200,"""[[0,-1,1,1,0,-2,1],[1]]""","""[[2,[1]],[5,[1,3,5]],[17,[1,-4,12,17]]]""",False,Q,Q,USp(4),1347447398470474488,0
6804.a.40824.1,6804.a,6804,40824,"""[[0,1,2,2,1],[1,1,0,1]]""","""[[2,[1,1,1]],[3,[1]],[7,[1,3,3,-7]]]""",False,Q,Q,USp(4),1294829224102141708,0
6807.a.20421.1,6807.a,6807,20421,"""[[-1,0,-1,-1,-1],[1,1,1,1]]""","""[[3,[1,2,0,-3]],[2269,[1,-19,2249,2269]]]""",False,Q,Q,USp(4),1155173260453402615,0
6807.b.183789.1,6807.b,6807,183789,"""[[2,1,1,-1,-1],[0,0,0,1]]""","""[[3,[1,0,2,-3]],[2269,[1,45,2313,2269]]]""",False,Q,Q,USp(4),123700373678022998,0
6810.a.61290.1,6810.a,6810,61290,"""[[2,-3,-2,1],[1,0,0,1]]""","""[[2,[1,2,3,2]],[3,[1,-1,3,-3]],[5,[1,1,5,5]],[227,[1,7,233,227]]]""",False,Q,Q,USp(4),679754520473687138,0
6811.a.6811.1,6811.a,6811,6811,"""[[0,-1,0,8,-10,1],[0,1]]""","""[[7,[1,-4,7]],[139,[1,3,135,-139]]]""",False,Q,Q,USp(4),1557840735245993668,0
6813.a.61317.1,6813.a,6813,61317,"""[[0,1,16,56,25,3],[0,1]]""","""[[3,[1,0,-1]],[757,[1,-39,795,-757]]]""",False,Q,Q,USp(4),1248642535201490003,0
6813.b.61317.1,6813.b,6813,61317,"""[[0,1,-4,2,3,1],[0,1]]""","""[[3,[1,0,-1]],[757,[1,-23,779,-757]]]""",False,Q,Q,USp(4),1716781421135253822,0
6813.c.551853.1,6813.c,6813,551853,"""[[0,-3,22,-23,2,3],[0,1]]""","""[[3,[1,2,1]],[757,[1,11,767,757]]]""",False,Q,Q,USp(4),779669446722389574,0
6814.a.13628.1,6814.a,6814,13628,"""[[0,-1,1,1,-1,-1],[0,1,1]]""","""[[2,[1,0,1,2]],[3407,[1,-57,3463,-3407]]]""",False,Q,Q,USp(4),1401504206253636402,0
6814.b.109024.1,6814.b,6814,109024,"""[[1,-1,0,0,1,-1],[1,0,0,1]]""","""[[2,[1,0,1,-2]],[3407,[1,9,3415,3407]]]""",False,Q,Q,USp(4),1050607134459209294,0
6816.a.109056.1,6816.a,6816,109056,"""[[-2,-4,5,3,-2,-2,1],[0,1]]""","""[[2,[1,1]],[3,[1,2,4,3]],[71,[1,15,55,-71]]]""",False,Q,Q,USp(4),1249764851328326442,0
6816.a.872448.1,6816.a,6816,872448,"""[[10,28,9,-25,-9,8],[0,1]]""","""[[2,[1,1]],[3,[1,2,4,3]],[71,[1,15,55,-71]]]""",False,Q,Q,USp(4),1249764851328326442,0
6816.b.109056.1,6816.b,6816,109056,"""[[-1,0,8,7,-8,1],[1,0,1]]""","""[[2,[1,-1,2]],[3,[1,0,2,-3]],[71,[1,-15,55,71]]]""",False,Q,Q,USp(4),2235351259630720311,0
6825.a.716625.1,6825.a,6825,716625,"""[[0,3,1,-5,-2,1],[0,1,1]]""","""[[3,[1,-1,1,3]],[5,[1,2,5]],[7,[1,-3,3,7]],[13,[1,1,11,-13]]]""",False,Q,Q,USp(4),1208598600062480022,0
6826.a.218432.1,6826.a,6826,218432,"""[[-2,0,-2,2,0,1],[1,1]]""","""[[2,[1,1,0,-2]],[3413,[1,71,3341,-3413]]]""",False,Q,Q,USp(4),626029346111053760,0
6827.a.6827.1,6827.a,6827,6827,"""[[-1,5,-6,0,1,1],[0,0,1]]""","""[[6827,[1,148,6974,6827]]]""",False,Q,Q,USp(4),961897275811217613,0
6827.a.6827.2,6827.a,6827,6827,"""[[-7,69,-191,95,21,1],[0,0,1]]""","""[[6827,[1,148,6974,6827]]]""",False,Q,Q,USp(4),961897275811217613,0
6831.a.157113.1,6831.a,6831,157113,"""[[0,1,-1,-9,2,1],[1,1,1]]""","""[[3,[1,1]],[11,[1,5,5,-11]],[23,[1,9,31,23]]]""",False,Q,Q,USp(4),1834700556496621932,0
6831.a.225423.1,6831.a,6831,225423,"""[[2,3,0,-6,-1,1],[1,0,0,1]]""","""[[3,[1,1]],[11,[1,5,5,-11]],[23,[1,9,31,23]]]""",False,Q,Q,USp(4),1834700556496621932,0
6838.a.27352.1,6838.a,6838,27352,"""[[0,0,2,2,2,1],[1,1]]""","""[[2,[1,1,0,-2]],[13,[1,5,17,13]],[263,[1,-11,251,263]]]""",False,Q,Q,USp(4),35447111029892828,0
6843.a.6843.1,6843.a,6843,6843,"""[[3,-5,0,1,0,-1],[1,1,0,1]]""","""[[3,[1,3,5,3]],[2281,[1,57,2223,-2281]]]""",False,Q,Q,USp(4),1566691273196243468,0
6843.b.6843.1,6843.b,6843,6843,"""[[-35,-71,-42,0,6,1],[1]]""","""[[3,[1,0,2,3]],[2281,[1,50,2330,2281]]]""",False,Q,Q,USp(4),606173353028435403,0
6843.c.554283.1,6843.c,6843,554283,"""[[0,0,-1,-3,1,1],[1]]""","""[[3,[1,0,2,-3]],[2281,[1,68,2348,2281]]]""",False,Q,Q,USp(4),891458705068035326,0
6845.a.6845.1,6845.a,6845,6845,"""[[-5,-15,-16,-7,0,1],[0,0,0,1]]""","""[[5,[1,1,3,-5]],[37,[1,0,-1]]]""",True,Q x Q,Q x Q,SU(2)xSU(2),1959173263681253483,0
6845.b.34225.1,6845.b,6845,34225,"""[[0,-1,0,0,0,2,1],[1,1,0,1]]""","""[[5,[1,2,2,-5]],[37,[1,-1,37]]]""",False,Q,Q,USp(4),1711618242804920424,0
6845.c.34225.1,6845.c,6845,34225,"""[[-8,1,1,-17,1,1,-8],[1,1,1,1]]""","""[[5,[1,1,5,5]],[37,[1,0,-1]]]""",True,Q x Q,Q x Q,SU(2)xSU(2),940049247145100449,0
6860.a.48020.1,6860.a,6860,48020,"""[[5,8,2,0,0,-1],[1,0,0,1]]""","""[[2,[1,0,1]],[5,[1,3,1,-5]],[7,[1,1]]]""",False,Q,Q,USp(4),1714405360122067848,0
6860.b.439040.1,6860.b,6860,439040,"""[[66,150,112,25,-2],[1,0,0,1]]""","""[[2,[1,0,-1]],[5,[1,1,5,5]],[7,[1,-1]]]""",True,Q x Q,Q x Q,SU(2)xSU(2),1099091956773795717,0
6868.a.439552.1,6868.a,6868,439552,"""[[0,-1,2,-2,3,1],[1,0,1]]""","""[[2,[1,1,2]],[17,[1,4,20,17]],[101,[1,1,101,101]]]""",False,Q,Q,USp(4),1728368418465902861,0
6868.b.439552.1,6868.b,6868,439552,"""[[-1,-7,-18,4,40,1],[1,0,1]]""","""[[2,[1,-1,2]],[17,[1,-5,11,17]],[101,[1,-15,115,-101]]]""",False,Q,Q,USp(4),288950946287041063,0
6869.a.6869.1,6869.a,6869,6869,"""[[0,-1,-1,0,-1,0,1],[1,1,1]]""","""[[6869,[1,145,7013,6869]]]""",False,Q,Q,USp(4),1099258129959899815,0
6877.a.6877.1,6877.a,6877,6877,"""[[-4,2,1,-3,0,1],[1,0,0,1]]""","""[[13,[1,0,12,13]],[23,[1,4,23]]]""",False,Q,Q,USp(4),1331351931439204355,0
6877.b.6877.1,6877.b,6877,6877,"""[[17,-23,0,9,-2,-1],[1,0,0,1]]""","""[[13,[1,0,12,13]],[23,[1,4,23]]]""",False,Q,Q,USp(4),683286174951120300,0
6880.a.110080.1,6880.a,6880,110080,"""[[-1,-1,7,19,3,-16,-8],[1]]""","""[[2,[1,-2,2]],[5,[1,-3,1,5]],[43,[1,5,47,43]]]""",False,Q,Q,USp(4),1342794451340411984,0
6880.b.440320.1,6880.b,6880,440320,"""[[-10,20,1,-18,1,4],[1,1]]""","""[[2,[1,1]],[5,[1,3,7,5]],[43,[1,-3,39,43]]]""",False,Q,Q,USp(4),399729420480225722,0
6884.a.55072.1,6884.a,6884,55072,"""[[0,-1,-1,2,5,2],[1,0,0,1]]""","""[[2,[1,0,-1]],[1721,[1,-62,1658,1721]]]""",False,Q,Q,USp(4),666543085725787224,0
6885.a.20655.1,6885.a,6885,20655,"""[[-2,-2,3,1,-2],[1,0,0,1]]""","""[[3,[1,-1]],[5,[1,2,2,-5]],[17,[1,1,15,-17]]]""",False,Q,Q,USp(4),553537479043517340,0
6887.a.6887.1,6887.a,6887,6887,"""[[0,0,1,1,2,1],[1,1]]""","""[[71,[1,-7,63,71]],[97,[1,9,87,-97]]]""",False,Q,Q,USp(4),2070281016888504411,0
6891.a.20673.1,6891.a,6891,20673,"""[[0,-1,0,0,-1,1,1],[1,1,0,1]]""","""[[3,[1,1,3,3]],[2297,[1,42,2254,-2297]]]""",False,Q,Q,USp(4),2127654691122916385,0
6896.a.110336.1,6896.a,6896,110336,"""[[0,-1,-1,0,0,1],[1,0,1]]""","""[[2,[1,1]],[431,[1,-9,439,-431]]]""",False,Q,Q,USp(4),602808481696491077,0
6896.b.441344.1,6896.b,6896,441344,"""[[0,2,0,-2,-1],[0,1,0,1]]""","""[[2,[1,-1]],[431,[1,1,431,431]]]""",False,Q,Q,USp(4),1199140696379199959,0
6898.a.13796.1,6898.a,6898,13796,"""[[1,1,-1,-3,0,1],[1,0,0,1]]""","""[[2,[1,0,1,2]],[3449,[1,53,3395,-3449]]]""",False,Q,Q,USp(4),576710958966210055,0
6904.a.13808.1,6904.a,6904,13808,"""[[-1,0,2,-2,-3],[0,1,0,1]]""","""[[2,[1,1]],[863,[1,55,917,863]]]""",False,Q,Q,USp(4),807152843922973012,0
6904.b.883712.1,6904.b,6904,883712,"""[[0,-2,4,0,-10,8],[1,0,1]]""","""[[2,[1,-1]],[863,[1,7,855,-863]]]""",False,Q,Q,USp(4),314289650407263836,0
6909.a.186543.1,6909.a,6909,186543,"""[[-2,0,0,0,1,-1],[1,0,0,1]]""","""[[3,[1,-1,3,-3]],[7,[1,4,7]],[47,[1,3,43,-47]]]""",False,Q,Q,USp(4),332200793187236584,0
6912.a.13824.1,6912.a,6912,13824,"""[[-6,0,6,0,-2],[0,0,0,1]]""","""[[2,[1]],[3,[1,-1]]]""",True,Q x Q,CM x Q,N(U(1)xSU(2)),1398402688936749122,0
6912.b.13824.1,6912.b,6912,13824,"""[[-8,-18,-17,-7,0,1],[0,0,0,1]]""","""[[2,[1,0,2]],[3,[1,2,3]]]""",False,Q,Q,USp(4),297322878958100028,0
6912.c.13824.1,6912.c,6912,13824,"""[[6,0,6,0,2],[0,0,0,1]]""","""[[2,[1]],[3,[1,1]]]""",True,Q x Q,CM x Q,N(U(1)xSU(2)),61063554517420171,0
6912.d.124416.1,6912.d,6912,124416,"""[[0,-1,1,-1,1,2],[1]]""","""[[2,[1,2,2]],[3,[1,1]]]""",False,Q,Q,USp(4),1700437758192003511,0
6912.d.41472.1,6912.d,6912,41472,"""[[0,1,-1,-7,-3,6],[1]]""","""[[2,[1,2,2]],[3,[1,1]]]""",False,Q,Q,USp(4),1700437758192003511,0
6912.e.442368.1,6912.e,6912,442368,"""[[3,0,-6,0,4,0,-1],[]]""","""[[2,[1]],[3,[1,-1]]]""",True,Q x Q,CM x Q,N(U(1)xSU(2)),2086356395966913817,0
6912.f.884736.1,6912.f,6912,884736,"""[[6,0,-9,0,5,0,-1],[]]""","""[[2,[1]],[3,[1,1]]]""",True,Q x Q,CM x Q,N(U(1)xSU(2)),1758398599892028670,0
6912.f.884736.2,6912.f,6912,884736,"""[[6,0,9,0,5,0,1],[]]""","""[[2,[1]],[3,[1,1]]]""",True,Q x Q,CM x Q,N(U(1)xSU(2)),1758398599892028670,0
6919.a.6919.1,6919.a,6919,6919,"""[[-1,-2,-7,-7,-9,0,1],[1,0,1]]""","""[[11,[1,0,10,-11]],[17,[1,1,15,-17]],[37,[1,-8,44,-37]]]""",False,Q,Q,USp(4),786389088771484692,0
6920.a.13840.1,6920.a,6920,13840,"""[[1,-2,0,2],[0,0,0,1]]""","""[[2,[1,0,2]],[5,[1,3,1,-5]],[173,[1,1,173,173]]]""",False,Q,Q,USp(4),1093382311162366575,0
6924.a.62316.1,6924.a,6924,62316,"""[[0,-3,6,-3,0,1],[1,1,1]]""","""[[2,[1,0,1]],[3,[1,2,4,3]],[577,[1,8,584,577]]]""",False,Q,Q,USp(4),1933358381496261722,0
6928.a.27712.1,6928.a,6928,27712,"""[[1,1,-1,-2,-1,1],[0,1,0,1]]""","""[[2,[1,1]],[433,[1,-3,435,-433]]]""",False,Q,Q,USp(4),371512102851450479,0
6928.b.110848.1,6928.b,6928,110848,"""[[5,-6,10,-7,6,-2,1],[0,1]]""","""[[2,[1,-1]],[433,[1,12,444,433]]]""",False,Q,Q,USp(4),1146772866007398215,0
6928.c.443392.1,6928.c,6928,443392,"""[[0,1,2,1,3,-4,1],[1,1]]""","""[[2,[1,-1]],[433,[1,-4,428,433]]]""",False,Q,Q,USp(4),2117001780056657719,0
6933.a.6933.1,6933.a,6933,6933,"""[[0,0,0,3,4,1],[1]]""","""[[3,[1,2,0,-3]],[2311,[1,-39,2271,2311]]]""",False,Q,Q,USp(4),605467019380613625,0
6935.a.34675.1,6935.a,6935,34675,"""[[-1,8,-22,22,-7,5],[0,1]]""","""[[5,[1,1,5,5]],[19,[1,-1,19,-19]],[73,[1,-11,83,-73]]]""",False,Q,Q,USp(4),1456540943266846604,0
6940.a.13880.1,6940.a,6940,13880,"""[[-8,-2,6,0,-2],[1,0,0,1]]""","""[[2,[1,0,-1]],[5,[1,3,7,5]],[347,[1,4,350,347]]]""",False,Q,Q,USp(4),992711405192154732,0
6940.b.888320.1,6940.b,6940,888320,"""[[1,-1,-1,-2,1],[0,1,1,1]]""","""[[2,[1,0,-1]],[5,[1,3,1,-5]],[347,[1,-24,370,-347]]]""",False,Q,Q,USp(4),1954868132506444851,0
6944.a.111104.1,6944.a,6944,111104,"""[[0,0,0,-1,-2,0,1],[1]]""","""[[2,[1]],[7,[1,2,4,-7]],[31,[1,-8,38,-31]]]""",False,Q,Q,USp(4),1632126308534755111,0
6945.a.20835.1,6945.a,6945,20835,"""[[0,0,-1,0,0,-1],[1,1]]""","""[[3,[1,0,2,-3]],[5,[1,1,5,5]],[463,[1,-25,437,463]]]""",False,Q,Q,USp(4),432030848782621636,0
6947.a.6947.1,6947.a,6947,6947,"""[[4,-1,-9,0,5,0,-1],[1,1,1]]""","""[[6947,[1,92,6854,-6947]]]""",False,Q,Q,USp(4),1351295802796356393,0
6950.a.55600.1,6950.a,6950,55600,"""[[1,0,0,0,-1],[1,0,0,1]]""","""[[2,[1,0,1,-2]],[5,[1,4,5]],[139,[1,10,148,139]]]""",False,Q,Q,USp(4),2136436810817404623,0
6950.b.69500.1,6950.b,6950,69500,"""[[1,5,6,2,1],[1,0,0,1]]""","""[[2,[1,0,1,2]],[5,[1,0,-1]],[139,[1,5,143,139]]]""",False,Q,Q,USp(4),1717463247520066168,0
6950.c.69500.1,6950.c,6950,69500,"""[[-1,-2,0,0,1,1],[1,0,0,1]]""","""[[2,[1,0,1,2]],[5,[1,-1,5]],[139,[1,-15,123,139]]]""",False,Q,Q,USp(4),441526264477927076,0
6952.a.13904.1,6952.a,6952,13904,"""[[0,-1,0,-1,-2],[0,1,0,1]]""","""[[2,[1,1]],[11,[1,4,6,-11]],[79,[1,-5,83,-79]]]""",False,Q,Q,USp(4),1429065626712776624,0
6964.a.6964.1,6964.a,6964,6964,"""[[2,0,2,1,0,1],[0,1,1]]""","""[[2,[1,0,-1]],[1741,[1,-51,1791,-1741]]]""",False,Q,Q,USp(4),1929571227193052624,0
6964.b.222848.1,6964.b,6964,222848,"""[[0,2,-5,5,-3,1],[0,1,1]]""","""[[2,[1,0,-1]],[1741,[1,7,1733,-1741]]]""",False,Q,Q,USp(4),898419715505452288,0
6971.a.6971.1,6971.a,6971,6971,"""[[-3,-2,3,0,-2],[1,1,0,1]]""","""[[6971,[1,-1,6971,-6971]]]""",False,Q,Q,USp(4),1625927272414007610,0
6972.a.446208.1,6972.a,6972,446208,"""[[-1,0,1,2,-3],[1,0,0,1]]""","""[[2,[1,0,1]],[3,[1,2,0,-3]],[7,[1,4,2,-7]],[83,[1,11,71,-83]]]""",False,Q,Q,USp(4),2188566429069171111,0
6976.a.6976.1,6976.a,6976,6976,"""[[-1,-8,-16,0,0,1],[0,0,1]]""","""[[2,[1,1,2]],[109,[1,3,111,109]]]""",False,Q,Q,USp(4),1107942270442825054,0
6982.a.13964.1,6982.a,6982,13964,"""[[0,2,0,-3,0,1],[1,0,0,1]]""","""[[2,[1,2,3,2]],[3491,[1,93,3583,3491]]]""",False,Q,Q,USp(4),1323800105756593555,0
6997.a.6997.1,6997.a,6997,6997,"""[[0,2,3,4,2,1],[1,0,1]]""","""[[6997,[1,-119,7115,-6997]]]""",False,Q,Q,USp(4),1723283961179490055,0
7002.a.504144.1,7002.a,7002,504144,"""[[0,1,3,0,-1,1],[1,1]]""","""[[2,[1,1,2,2]],[3,[1,0,-1]],[389,[1,15,403,389]]]""",False,Q,Q,USp(4),763115707885326553,0
7004.a.28016.1,7004.a,7004,28016,"""[[0,1,0,-4,-4,0,1],[1]]""","""[[2,[1,2,2]],[17,[1,3,13,-17]],[103,[1,-1,101,103]]]""",False,Q,Q,USp(4),1401119620291111365,0
7012.a.112192.1,7012.a,7012,112192,"""[[0,-2,4,0,2],[1,0,0,1]]""","""[[2,[1,0,-1]],[1753,[1,-54,1806,-1753]]]""",False,Q,Q,USp(4),1845173022202592121,0
7013.a.7013.1,7013.a,7013,7013,"""[[0,-1,2,0,1],[0,1,0,1]]""","""[[7013,[1,37,7049,7013]]]""",False,Q,Q,USp(4),1951128050244013160,0
7015.a.35075.1,7015.a,7015,35075,"""[[0,2,3,-4,-6,5],[1]]""","""[[5,[1,-1,5,-5]],[23,[1,1,23,23]],[61,[1,-7,53,61]]]""",False,Q,Q,USp(4),196292547813602875,0
7018.a.56144.1,7018.a,7018,56144,"""[[0,0,1,-1,-1,1],[1,1]]""","""[[2,[1,1,0,-2]],[11,[1,4,11]],[29,[1,5,23,-29]]]""",False,Q,Q,USp(4),1465267479177725280,0
7018.a.7018.1,7018.a,7018,7018,"""[[15,47,40,0,-7,1],[0,1]]""","""[[2,[1,1,0,-2]],[11,[1,4,11]],[29,[1,5,23,-29]]]""",False,Q,Q,USp(4),1465267479177725280,0
7019.a.7019.1,7019.a,7019,7019,"""[[0,1,2,-1,-2,1],[0,1]]""","""[[7019,[1,85,7103,7019]]]""",False,Q,Q,USp(4),858133596287007934,0
7019.a.7019.2,7019.a,7019,7019,"""[[17,16,8,8,1,1],[0,1]]""","""[[7019,[1,85,7103,7019]]]""",False,Q,Q,USp(4),858133596287007934,0
7023.a.7023.1,7023.a,7023,7023,"""[[0,0,-1,1,0,0,1],[1,1,1]]""","""[[3,[1,3,5,3]],[2341,[1,33,2307,-2341]]]""",False,Q,Q,USp(4),2046370393425640375,0
7023.b.21069.1,7023.b,7023,21069,"""[[0,-2,2,9,-1,1],[1]]""","""[[3,[1,2,0,-3]],[2341,[1,-5,2345,-2341]]]""",False,Q,Q,USp(4),1147409129457090671,0
7029.a.7029.1,7029.a,7029,7029,"""[[0,2,1,-20,-40,1],[1,0,1]]""","""[[3,[1,0,1]],[11,[1,1,11,11]],[71,[1,15,55,-71]]]""",False,Q,Q,USp(4),2097020628131356260,0
7029.a.7029.2,7029.a,7029,7029,"""[[0,1,1,2,1,1],[0,1]]""","""[[3,[1,0,1]],[11,[1,1,11,11]],[71,[1,15,55,-71]]]""",False,Q,Q,USp(4),2097020628131356260,0
7035.a.49245.1,7035.a,7035,49245,"""[[0,-7,1,-2,1],[0,1,0,1]]""","""[[3,[1,1,3,3]],[5,[1,1,3,-5]],[7,[1,1,7,7]],[67,[1,-3,63,67]]]""",False,Q,Q,USp(4),1649128025021031665,0
7035.b.738675.1,7035.b,7035,738675,"""[[0,-35,70,-41,2,3],[0,1]]""","""[[3,[1,-1,1,3]],[5,[1,1,3,-5]],[7,[1,-1,7,-7]],[67,[1,-11,55,67]]]""",False,Q,Q,USp(4),1516487927635275072,0
7037.a.7037.1,7037.a,7037,7037,"""[[0,1,0,-6,-2,-1],[1,1,1]]""","""[[31,[1,-5,35,-31]],[227,[1,9,217,-227]]]""",False,Q,Q,USp(4),834314704737274898,0
7038.a.7038.1,7038.a,7038,7038,"""[[1,2,3,0,0,-1],[1,0,0,1]]""","""[[2,[1,0,1,-2]],[3,[1,0,-1]],[17,[1,-1,15,17]],[23,[1,1,23,23]]]""",False,Q,Q,USp(4),1611511067999218194,0
7042.a.14084.1,7042.a,7042,14084,"""[[1,3,4,4,2,1],[0,1,1]]""","""[[2,[1,0,1,2]],[7,[1,4,2,-7]],[503,[1,25,527,503]]]""",False,Q,Q,USp(4),35428416718904498,0
7052.a.14104.1,7052.a,7052,14104,"""[[0,1,-2,0,-1],[1,1,0,1]]""","""[[2,[1,1,1]],[41,[1,2,38,-41]],[43,[1,9,51,43]]]""",False,Q,Q,USp(4),1292570702188757203,0
7070.a.14140.1,7070.a,7070,14140,"""[[1,-2,-1,1],[1,0,0,1]]""","""[[2,[1,0,1,2]],[5,[1,3,7,5]],[7,[1,1,5,-7]],[101,[1,11,111,101]]]""",False,Q,Q,USp(4),1502632211961624290,0
7074.a.7074.1,7074.a,7074,7074,"""[[3,1,3,-1,0,-1],[1,1]]""","""[[2,[1,-1,2,-2]],[3,[1,2,3]],[131,[1,-5,125,131]]]""",False,Q,Q,USp(4),450428188876714338,0
7080.a.56640.1,7080.a,7080,56640,"""[[1,3,5,6,4,2],[0,1]]""","""[[2,[1,1]],[3,[1,2,0,-3]],[5,[1,0,4,-5]],[59,[1,5,63,59]]]""",False,Q,Q,USp(4),142028540214337991,0
7084.a.14168.1,7084.a,7084,14168,"""[[-2,3,-4,2,-1],[1,1,0,1]]""","""[[2,[1,1,1]],[7,[1,5,11,7]],[11,[1,4,14,11]],[23,[1,-1,23,-23]]]""",False,Q,Q,USp(4),549754254510409570,0
7096.a.454144.1,7096.a,7096,454144,"""[[1,3,0,-2,0,1],[0,1,0,1]]""","""[[2,[1,-1]],[887,[1,-7,893,-887]]]""",False,Q,Q,USp(4),1131469245530157853,0
7100.a.14200.1,7100.a,7100,14200,"""[[2,2,-1,-1],[1,0,1,1]]""","""[[2,[1,1,1]],[5,[1,1,5]],[71,[1,-7,77,-71]]]""",False,Q,Q,USp(4),1846369812158400235,0
7101.a.7101.1,7101.a,7101,7101,"""[[-1,2,-2,3,-1,1],[1]]""","""[[3,[1,0,3]],[263,[1,23,285,263]]]""",False,Q,Q,USp(4),1754528066306070222,0
7103.a.7103.1,7103.a,7103,7103,"""[[7,11,13,8,4,1],[0,0,0,1]]""","""[[7103,[1,-107,7209,-7103]]]""",False,Q,Q,USp(4),180843976152482003,0
7106.a.270028.1,7106.a,7106,270028,"""[[-2,5,0,-6,5,-3,1],[0,0,1]]""","""[[2,[1,1,2,2]],[11,[1,3,7,-11]],[17,[1,5,21,17]],[19,[1,1,19,19]]]""",False,Q,Q,USp(4),1727718742169993295,0
7109.a.7109.1,7109.a,7109,7109,"""[[-2,7,4,-2,0,1],[0,0,0,1]]""","""[[7109,[1,37,7071,-7109]]]""",False,Q,Q,USp(4),478965971639047640,0
7112.a.199136.1,7112.a,7112,199136,"""[[0,0,0,0,0,2],[1,1]]""","""[[2,[1,-1]],[7,[1,-2,4,7]],[127,[1,-7,119,127]]]""",False,Q,Q,USp(4),1841812667002297401,0
7120.a.7120.1,7120.a,7120,7120,"""[[89,0,64,0,15,0,1],[0,1,0,1]]""","""[[2,[1,-1,2]],[5,[1,3,7,5]],[89,[1,5,83,-89]]]""",True,Q x Q,Q x Q,SU(2)xSU(2),1277358768076416200,0
7120.b.569600.1,7120.b,7120,569600,"""[[0,-1,3,-4,4,5],[1,0,1]]""","""[[2,[1,1]],[5,[1,-2,2,5]],[89,[1,5,83,-89]]]""",False,Q,Q,USp(4),1149315279352771806,0
7122.a.683712.1,7122.a,7122,683712,"""[[0,3,8,0,-4,1],[1,1]]""","""[[2,[1,1,0,-2]],[3,[1,1,1,-3]],[1187,[1,-49,1235,-1187]]]""",False,Q,Q,USp(4),578803409928873398,0
7126.a.698348.1,7126.a,7126,698348,"""[[0,2,-8,10,-6,1],[0,1]]""","""[[2,[1,-1,2,-2]],[7,[1,-1,7,-7]],[509,[1,-35,473,509]]]""",False,Q,Q,USp(4),900645652007742832,0
7128.a.14256.1,7128.a,7128,14256,"""[[-1,0,1,-1,-1,1],[1,0,1]]""","""[[2,[1,-1]],[3,[1,0,3]],[11,[1,1,11,11]]]""",False,Q,Q,USp(4),2108413715758631218,0
7136.a.14272.1,7136.a,7136,14272,"""[[0,0,-1,-1,3,0,-1],[1]]""","""[[2,[1]],[223,[1,0,222,-223]]]""",False,Q,Q,USp(4),255186283108384973,0
7136.b.913408.1,7136.b,7136,913408,"""[[0,1,2,1,-2,-2,1],[0,1]]""","""[[2,[1,-1]],[223,[1,-15,207,223]]]""",False,Q,Q,USp(4),790502180545271819,0
7139.a.7139.1,7139.a,7139,7139,"""[[0,0,0,-1,-2,1,1],[1,1]]""","""[[11,[1,0,11]],[59,[1,8,66,59]]]""",False,Q,Q,USp(4),200572993511914205,0
7140.a.14280.1,7140.a,7140,14280,"""[[-1,-8,-14,28,2,39,7],[1,1,1]]""","""[[2,[1,0,-1]],[3,[1,-1,3,-3]],[5,[1,-1,3,5]],[7,[1,1,7,7]],[17,[1,-1,15,17]]]""",False,Q,Q,USp(4),1432583394618343312,0
7147.a.7147.1,7147.a,7147,7147,"""[[0,0,1,0,-2,-1],[1,1]]""","""[[7,[1,-1,7,-7]],[1021,[1,-29,991,1021]]]""",False,Q,Q,USp(4),923207288570217,0
7148.a.28592.1,7148.a,7148,28592,"""[[0,-2,2,1,-3,0,1],[0,1,1]]""","""[[2,[1,0,-1]],[1787,[1,-7,1779,1787]]]""",False,Q,Q,USp(4),1052097506293079845,0
7148.b.457472.1,7148.b,7148,457472,"""[[1,-1,0,0,-1,1],[0,1,1]]""","""[[2,[1,0,-1]],[1787,[1,-13,1773,1787]]]""",False,Q,Q,USp(4),184328463231386955,0
7161.a.7161.1,7161.a,7161,7161,"""[[0,-1,0,0,-1,0,-1],[1,1,0,1]]""","""[[3,[1,1,1,-3]],[7,[1,2,8,7]],[11,[1,-5,5,11]],[31,[1,3,27,-31]]]""",False,Q,Q,USp(4),602739333050678121,0
7161.b.64449.1,7161.b,7161,64449,"""[[0,-1,0,1,-1,1],[1,1,1]]""","""[[3,[1,0,2,-3]],[7,[1,2,4,-7]],[11,[1,4,14,11]],[31,[1,-4,34,-31]]]""",False,Q,Q,USp(4),1862411422496003496,0
7161.c.64449.1,7161.c,7161,64449,"""[[2,7,6,0,2,1,-3],[1,1,0,1]]""","""[[3,[1,1,1,-3]],[7,[1,0,6,-7]],[11,[1,3,13,11]],[31,[1,9,21,-31]]]""",False,Q,Q,USp(4),2065485419510007825,0
7165.a.7165.1,7165.a,7165,7165,"""[[0,0,-2,1,1],[1,0,0,1]]""","""[[5,[1,3,1,-5]],[1433,[1,33,1399,-1433]]]""",False,Q,Q,USp(4),211883034137697617,0
7168.a.458752.1,7168.a,7168,458752,"""[[-1,-2,-2,-4,-2,-2,-1],[]]""","""[[2,[1]],[7,[1,-1,7,-7]]]""",True,Q x Q,CM x Q,N(U(1)xSU(2)),1435001017894521843,0
7168.b.458752.1,7168.b,7168,458752,"""[[-1,-2,2,4,0,-2,-1],[]]""","""[[2,[1]],[7,[1,-3,3,7]]]""",False,Q,Q,USp(4),1645045819097493952,0
7168.c.458752.1,7168.c,7168,458752,"""[[1,-2,2,-4,2,-2,1],[]]""","""[[2,[1]],[7,[1,1,7,7]]]""",True,Q x Q,CM x Q,N(U(1)xSU(2)),1910761462326995361,0
7168.d.458752.1,7168.d,7168,458752,"""[[1,-2,-2,4,0,-2,1],[]]""","""[[2,[1]],[7,[1,3,3,-7]]]""",False,Q,Q,USp(4),1996581538831765702,0
7168.d.802816.1,7168.d,7168,802816,"""[[4,8,-1,-6,-1,1],[0,0,0,1]]""","""[[2,[1]],[7,[1,3,3,-7]]]""",False,Q,Q,USp(4),1996581538831765702,0
7173.a.581013.1,7173.a,7173,581013,"""[[-3,4,-1,-7,-1,1],[1]]""","""[[3,[1,2,3]],[797,[1,-43,839,-797]]]""",False,Q,Q,USp(4),1988016119528000347,0
7173.b.581013.1,7173.b,7173,581013,"""[[0,-2,6,-1,-12,9],[1]]""","""[[3,[1,3,3]],[797,[1,43,839,797]]]""",False,Q,Q,USp(4),423764456360383220,0
7175.a.50225.1,7175.a,7175,50225,"""[[3,0,3,0,1],[1,1,0,1]]""","""[[5,[1,0,5]],[7,[1,3,9,7]],[41,[1,-4,44,-41]]]""",False,Q,Q,USp(4),147536571918248661,0
7180.a.28720.1,7180.a,7180,28720,"""[[3,8,-10,-35,-13,2],[0,1,1]]""","""[[2,[1,0,-1]],[5,[1,2,2,-5]],[359,[1,25,383,359]]]""",False,Q,Q,USp(4),1097505826873375744,0
7185.a.7185.1,7185.a,7185,7185,"""[[4,12,0,-7,-1,1],[1,0,0,1]]""","""[[3,[1,1,3,3]],[5,[1,-1,3,5]],[479,[1,5,473,-479]]]""",False,Q,Q,USp(4),1566135492548144014,0
7188.a.28752.1,7188.a,7188,28752,"""[[-18,52,0,-15,0,1],[0,1,1]]""","""[[2,[1,0,-1]],[3,[1,1,3,3]],[599,[1,-17,615,-599]]]""",False,Q,Q,USp(4),257665811715750906,0
7188.b.517536.1,7188.b,7188,517536,"""[[2,6,5,-3,-3,1],[0,1,1]]""","""[[2,[1,0,-1]],[3,[1,-1,3,-3]],[599,[1,1,599,599]]]""",False,Q,Q,USp(4),1683321463438133143,0
7189.a.7189.1,7189.a,7189,7189,"""[[-2,3,-1,-3,2,0,-1],[0,0,1]]""","""[[7,[1,-2,4,7]],[13,[1,1,11,-13]],[79,[1,-9,87,-79]]]""",False,Q,Q,USp(4),1278408172349873731,0
7190.a.57520.1,7190.a,7190,57520,"""[[1,-3,-6,0,3,1],[0,1]]""","""[[2,[1,1,0,-2]],[5,[1,1,3,-5]],[719,[1,-45,763,-719]]]""",False,Q,Q,USp(4),1564120763582193733,0
7190.a.7190.1,7190.a,7190,7190,"""[[35,-45,19,1,-4],[0,0,1,1]]""","""[[2,[1,1,0,-2]],[5,[1,1,3,-5]],[719,[1,-45,763,-719]]]""",False,Q,Q,USp(4),1564120763582193733,0
7198.a.14396.1,7198.a,7198,14396,"""[[-1,1,1,-3,0,1],[1,0,0,1]]""","""[[2,[1,0,1,2]],[59,[1,1,57,-59]],[61,[1,5,65,61]]]""",False,Q,Q,USp(4),437327241788469389,0
7200.a.14400.1,7200.a,7200,14400,"""[[-1,0,16,0,-8,0,1],[0,1]]""","""[[2,[1,1,2]],[3,[1,0,-1]],[5,[1,0,-1]]]""",True,Q x Q,Q x Q,SU(2)xSU(2),321852981356135549,0
7200.b.14400.1,7200.b,7200,14400,"""[[1,0,16,0,8,0,1],[0,1]]""","""[[2,[1,1,2]],[3,[1,2,1]],[5,[1,0,-1]]]""",True,Q x Q,Q x Q,SU(2)xSU(2),693644885828648644,0
7200.c.43200.1,7200.c,7200,43200,"""[[-12,0,9,0,-3],[0,1,0,1]]""","""[[2,[1,1]],[3,[1,0,-1]],[5,[1,2,1]]]""",True,Q x Q,Q x Q,SU(2)xSU(2),1467905062211340893,0
7200.d.345600.1,7200.d,7200,345600,"""[[0,-2,4,-1,-2,0,1],[1]]""","""[[2,[1]],[3,[1,1,1]],[5,[1,4,5]]]""",False,Q,Q,USp(4),2222069823209329587,0
7204.a.230528.1,7204.a,7204,230528,"""[[0,1,-3,3,-1],[1,0,0,1]]""","""[[2,[1,0,-1]],[1801,[1,66,1866,1801]]]""",False,Q,Q,USp(4),1387938828507694040,0
7205.a.396275.1,7205.a,7205,396275,"""[[0,2,6,0,1,5],[1,1]]""","""[[5,[1,1,3,-5]],[11,[1,3,7,-11]],[131,[1,-5,135,-131]]]""",False,Q,Q,USp(4),1722194899062335136,0
7209.a.7209.1,7209.a,7209,7209,"""[[-1,1,1,0,1,1],[0,0,0,1]]""","""[[3,[1,1,3]],[89,[1,15,73,-89]]]""",False,Q,Q,USp(4),170392864644399119,0
7209.b.21627.1,7209.b,7209,21627,"""[[2,-1,-4,1,3,1],[0,0,1]]""","""[[3,[1]],[89,[1,7,95,89]]]""",False,Q,Q,USp(4),1338586512028839197,0
7211.a.7211.1,7211.a,7211,7211,"""[[0,0,-2,2,-1],[1,0,0,1]]""","""[[7211,[1,71,7281,7211]]]""",False,Q,Q,USp(4),1657394816786042045,0
7220.a.28880.1,7220.a,7220,28880,"""[[0,0,2,0,2],[1,0,0,1]]""","""[[2,[1,0,-1]],[5,[1,5,9,5]],[19,[1,2,1]]]""",True,Q x Q,Q x Q,SU(2)xSU(2),326059087401217353,0
7220.b.274360.1,7220.b,7220,274360,"""[[-5,0,28,48,28,0,-5],[1,0,0,1]]""","""[[2,[1,0,-1]],[5,[1,-1,5,-5]],[19,[1,-2,1]]]""",True,Q x Q,Q x Q,SU(2)xSU(2),989109298167052175,0
7221.a.7221.1,7221.a,7221,7221,"""[[0,1,0,2,0,1],[1]]""","""[[3,[1,0,2,3]],[29,[1,-5,33,-29]],[83,[1,2,84,83]]]""",False,Q,Q,USp(4),931193926867148377,0
7225.a.36125.1,7225.a,7225,36125,"""[[0,-1,-3,0,2,-1],[1,0,0,1]]""","""[[5,[1,2,1]],[17,[1,2,1]]]""",True,RM,RM,SU(2)xSU(2),783956736062538239,0
7225.b.614125.1,7225.b,7225,614125,"""[[32,155,176,67,0,-5,-1],[1,0,0,1]]""","""[[5,[1,-2,1]],[17,[1,2,1]]]""",True,RM,RM,SU(2)xSU(2),416505374615953289,0
7227.a.238491.1,7227.a,7227,238491,"""[[0,1,8,22,9,1],[0,1]]""","""[[3,[1,0,-1]],[11,[1,-5,15,-11]],[73,[1,-1,71,73]]]""",False,Q,Q,USp(4),174504719137585986,0
7232.a.14464.1,7232.a,7232,14464,"""[[-1,3,0,-4,-1,1],[0,1,0,1]]""","""[[2,[1,-1]],[113,[1,7,119,113]]]""",False,Q,Q,USp(4),1823810068267582396,0
7232.b.14464.1,7232.b,7232,14464,"""[[226,0,72,0,7],[0,1,0,1]]""","""[[2,[1,-1]],[113,[1,13,99,-113]]]""",True,Q x Q,CM x Q,N(U(1)xSU(2)),185751750649551294,0
7232.b.14464.2,7232.b,7232,14464,"""[[-226,0,72,0,-8],[0,1,0,1]]""","""[[2,[1,-1]],[113,[1,13,99,-113]]]""",True,Q x Q,CM x Q,N(U(1)xSU(2)),185751750649551294,0
7235.a.7235.1,7235.a,7235,7235,"""[[-1,1,-1,1,-1],[1,0,0,1]]""","""[[5,[1,-1,5,-5]],[1447,[1,-1,1445,1447]]]""",False,Q,Q,USp(4),2117058423431169377,0
7258.a.58064.1,7258.a,7258,58064,"""[[1,-5,8,-5,0,1],[0,1]]""","""[[2,[1,1,0,-2]],[19,[1,3,21,19]],[191,[1,9,199,191]]]""",False,Q,Q,USp(4),1190231606800230952,0
7263.a.21789.1,7263.a,7263,21789,"""[[0,0,0,-1,1,-1],[1,1]]""","""[[3,[1,1]],[269,[1,-25,293,-269]]]""",False,Q,Q,USp(4),268592067512521242,0
7268.a.232576.1,7268.a,7268,232576,"""[[1,-3,1,0,-1],[0,1,1,1]]""","""[[2,[1,0,-1]],[23,[1,8,14,-23]],[79,[1,-4,82,-79]]]""",False,Q,Q,USp(4),1253044458690635141,0
7270.a.7270.1,7270.a,7270,7270,"""[[7,22,6,-6,-1,1],[1,0,0,1]]""","""[[2,[1,0,1,2]],[5,[1,0,4,-5]],[727,[1,-31,695,727]]]""",False,Q,Q,USp(4),2290411324750419932,0
7275.a.7275.1,7275.a,7275,7275,"""[[4,1,5,2,2],[0,0,1,1]]""","""[[3,[1,1,1,-3]],[5,[1,0,-1]],[97,[1,-3,99,-97]]]""",False,Q,Q,USp(4),1820276627722829577,0
7275.a.7275.2,7275.a,7275,7275,"""[[1,20,128,264,32,1],[0,1]]""","""[[3,[1,1,1,-3]],[5,[1,0,-1]],[97,[1,-3,99,-97]]]""",False,Q,Q,USp(4),1820276627722829577,0
7275.b.109125.1,7275.b,7275,109125,"""[[0,-1,-9,-6,4,3],[0,1]]""","""[[3,[1,1,1,-3]],[5,[1,-2,5]],[97,[1,-9,87,97]]]""",False,Q,Q,USp(4),1910804455822404974,0
7280.a.29120.1,7280.a,7280,29120,"""[[-20,18,9,-8,-2,1],[0,0,0,1]]""","""[[2,[1]],[5,[1,2,2,-5]],[7,[1,1,7,7]],[13,[1,5,7,-13]]]""",False,Q,Q,USp(4),904665613085982959,0
7280.b.145600.1,7280.b,7280,145600,"""[[0,0,-3,-2,9,10],[1]]""","""[[2,[1]],[5,[1,-2,6,-5]],[7,[1,3,9,7]],[13,[1,-3,9,13]]]""",False,Q,Q,USp(4),757452687643946698,0
7290.a.43740.1,7290.a,7290,43740,"""[[1,3,-1,-5,0,1],[1,0,0,1]]""","""[[2,[1,0,1,2]],[3,[1,1]],[5,[1,3,1,-5]]]""",False,Q,Q,USp(4),1577199947078554093,0
7290.b.43740.1,7290.b,7290,43740,"""[[3,0,5,3,2,3,1],[0,1,1]]""","""[[2,[1,0,1,2]],[3,[1]],[5,[1,-2,2,5]]]""",False,Q,Q,USp(4),1809693590326555854,0
7292.a.466688.1,7292.a,7292,466688,"""[[0,1,-1,3],[0,1,0,1]]""","""[[2,[1,1,2]],[1823,[1,-16,1806,1823]]]""",False,Q,Q,USp(4),1294925502967609108,0
7296.a.43776.1,7296.a,7296,43776,"""[[0,0,0,1,0,0,1],[1,1]]""","""[[2,[1,1,2]],[3,[1,2,0,-3]],[19,[1,3,15,-19]]]""",False,Q,Q,USp(4),1322301313152936625,0
7296.b.233472.1,7296.b,7296,233472,"""[[-3,-4,-5,-1,0,1],[]]""","""[[2,[1]],[3,[1,-1,1,3]],[19,[1,-5,23,-19]]]""",False,Q,Q,USp(4),763369290692603494,0
7296.c.933888.1,7296.c,7296,933888,"""[[-1,1,12,23,20,8],[1]]""","""[[2,[1,-2,2]],[3,[1,1,1,-3]],[19,[1,7,11,-19]]]""",False,Q,Q,USp(4),2031425620752272342,0
7296.d.933888.1,7296.d,7296,933888,"""[[-6,-14,-1,12,0,-4,1],[]]""","""[[2,[1]],[3,[1,1,1,-3]],[19,[1,3,15,-19]]]""",False,Q,Q,USp(4),512025113625554701,0
7299.a.65691.1,7299.a,7299,65691,"""[[0,1,-7,13,-6,1],[0,1]]""","""[[3,[1,0,-1]],[811,[1,5,815,811]]]""",False,Q,Q,USp(4),1934957951746487700,0
7299.b.591219.1,7299.b,7299,591219,"""[[1,-6,0,24,-17,3],[1,0,1]]""","""[[3,[1,2,1]],[811,[1,-27,783,811]]]""",False,Q,Q,USp(4),1510743291648570003,0
7300.a.29200.1,7300.a,7300,29200,"""[[1,-2,1,0,-1],[0,1,1,1]]""","""[[2,[1,0,1]],[5,[1,1,5]],[73,[1,6,66,-73]]]""",False,Q,Q,USp(4),1967464726616991719,0
7301.a.7301.1,7301.a,7301,7301,"""[[-8,11,4,-6,-1,1],[1,0,0,1]]""","""[[7,[1,1,7]],[149,[1,-15,133,149]]]""",False,Q,Q,USp(4),1912178921521797744,0
7304.a.14608.1,7304.a,7304,14608,"""[[0,-1,2,-2,0,1],[1,0,1]]""","""[[2,[1,1]],[11,[1,7,17,11]],[83,[1,11,93,83]]]""",False,Q,Q,USp(4),1967338991083312675,0
7316.a.117056.1,7316.a,7316,117056,"""[[0,-2,0,1],[1,0,0,1]]""","""[[2,[1,0,-1]],[31,[1,10,40,31]],[59,[1,-11,47,59]]]""",False,Q,Q,USp(4),2265203834811202298,0
7317.a.65853.1,7317.a,7317,65853,"""[[-1,3,-1,-9,-1,3],[1,1]]""","""[[3,[1,1]],[271,[1,9,279,271]]]""",False,Q,Q,USp(4),1621993349863497858,0
7317.a.7317.1,7317.a,7317,7317,"""[[0,1,6,12,7,1],[0,1]]""","""[[3,[1,1]],[271,[1,9,279,271]]]""",False,Q,Q,USp(4),1621993349863497858,0
7322.a.410032.1,7322.a,7322,410032,"""[[0,4,-6,-2,3,1],[0,1]]""","""[[2,[1,1,0,-2]],[7,[1,1,7,7]],[523,[1,29,551,523]]]""",False,Q,Q,USp(4),2072439147274464926,0
7322.a.51254.1,7322.a,7322,51254,"""[[-18,-49,-3,-3,3],[0,0,1,1]]""","""[[2,[1,1,0,-2]],[7,[1,1,7,7]],[523,[1,29,551,523]]]""",False,Q,Q,USp(4),2072439147274464926,0
7328.a.58624.1,7328.a,7328,58624,"""[[0,1,1,2,0,1],[]]""","""[[2,[1]],[229,[1,9,219,-229]]]""",False,Q,Q,USp(4),1081191991774381640,0
7328.a.937984.1,7328.a,7328,937984,"""[[-60,-16,-47,-8,-12,-1,-1],[]]""","""[[2,[1]],[229,[1,9,219,-229]]]""",False,Q,Q,USp(4),1081191991774381640,0
7328.a.937984.2,7328.a,7328,937984,"""[[-4,16,1,-8,0,1],[]]""","""[[2,[1]],[229,[1,9,219,-229]]]""",False,Q,Q,USp(4),1081191991774381640,0
7328.b.58624.1,7328.b,7328,58624,"""[[1,2,1,0,1,1],[]]""","""[[2,[1]],[229,[1,-21,207,229]]]""",False,Q,Q,USp(4),1236723880444027431,0
7328.b.937984.1,7328.b,7328,937984,"""[[0,-4,1,16,-8,1],[]]""","""[[2,[1]],[229,[1,-21,207,229]]]""",False,Q,Q,USp(4),1236723880444027431,0
7328.c.937984.1,7328.c,7328,937984,"""[[0,-1,7,-14,7,1],[]]""","""[[2,[1]],[229,[1,27,255,229]]]""",False,Q,Q,USp(4),732164559825677903,0
7330.a.14660.1,7330.a,7330,14660,"""[[3,7,0,-6,-1,1],[1,0,0,1]]""","""[[2,[1,0,1,-2]],[5,[1,1,3,-5]],[733,[1,-29,703,733]]]""",False,Q,Q,USp(4),148399766490324519,0
7330.b.58640.1,7330.b,7330,58640,"""[[-1387,659,52,-50,0,1],[0,1,1]]""","""[[2,[1,0,1,2]],[5,[1,-1,5,-5]],[733,[1,-23,755,-733]]]""",False,Q,Q,USp(4),1000041177396795424,0
7330.b.58640.2,7330.b,7330,58640,"""[[-2,-7,-1,15,0,-13,5],[1,1,1]]""","""[[2,[1,0,1,2]],[5,[1,-1,5,-5]],[733,[1,-23,755,-733]]]""",False,Q,Q,USp(4),1000041177396795424,0
7332.a.263952.1,7332.a,7332,263952,"""[[2,-3,1,0,-1],[1,0,0,1]]""","""[[2,[1,0,-1]],[3,[1,0,2,-3]],[13,[1,2,14,13]],[47,[1,-2,44,47]]]""",False,Q,Q,USp(4),1912619019910905857,0
7334.a.7334.1,7334.a,7334,7334,"""[[7,23,19,0,-1,-1],[0,1,1]]""","""[[2,[1,0,1,-2]],[19,[1,1,19,19]],[193,[1,-11,203,-193]]]""",False,Q,Q,USp(4),2237659254387062875,0
7351.a.7351.1,7351.a,7351,7351,"""[[0,-1,1,0,0,-1],[0,1,1]]""","""[[7351,[1,-39,7311,7351]]]""",False,Q,Q,USp(4),669926942576144774,0
7359.a.22077.1,7359.a,7359,22077,"""[[-29,64,-48,4,9,-2,-1],[1,0,0,1]]""","""[[3,[1,0,2,3]],[11,[1,2,8,-11]],[223,[1,5,217,-223]]]""",False,Q,Q,USp(4),1878312606922467997,0
7359.b.22077.1,7359.b,7359,22077,"""[[2,0,2,0,1],[1,0,0,1]]""","""[[3,[1,0,2,3]],[11,[1,2,8,-11]],[223,[1,7,229,223]]]""",False,Q,Q,USp(4),2268907200740051902,0
7360.a.147200.1,7360.a,7360,147200,"""[[0,1,3,-1,-2,1],[]]""","""[[2,[1]],[5,[1,1,3,-5]],[23,[1,-1,23,-23]]]""",False,Q,Q,USp(4),2015916082469867718,0
7376.a.29504.1,7376.a,7376,29504,"""[[-2,0,3,0,-1],[1,1,1,1]]""","""[[2,[1]],[461,[1,-35,425,461]]]""",False,Q,Q,USp(4),683465244946326351,0
7376.b.472064.1,7376.b,7376,472064,"""[[-1,-1,-3,0,-1,1],[1,0,1]]""","""[[2,[1,-1]],[461,[1,-13,473,-461]]]""",False,Q,Q,USp(4),1290912636209887756,0
7383.a.7383.1,7383.a,7383,7383,"""[[-1,1,1,-4,-1,1],[1,1,0,1]]""","""[[3,[1,0,2,3]],[23,[1,-1,23,-23]],[107,[1,-19,125,-107]]]""",False,Q,Q,USp(4),2277891410505266468,0
7383.b.7383.1,7383.b,7383,7383,"""[[0,0,-1,-2,-1,1],[1,1,0,1]]""","""[[3,[1,2,4,3]],[23,[1,9,31,23]],[107,[1,-3,109,-107]]]""",False,Q,Q,USp(4),894452204125937238,0
7384.a.472576.1,7384.a,7384,472576,"""[[-1,0,23,50,14,-2],[1,1]]""","""[[2,[1,1]],[13,[1,2,14,13]],[71,[1,-7,77,-71]]]""",False,Q,Q,USp(4),833141787514429513,0
7389.a.22167.1,7389.a,7389,22167,"""[[1,-2,1,0,-2],[0,1,1,1]]""","""[[3,[1,3,3]],[821,[1,-15,805,821]]]""",False,Q,Q,USp(4),538781426550030097,0
7396.a.29584.1,7396.a,7396,29584,"""[[0,0,1,0,-2,0,1],[1]]""","""[[2,[1,2,2]],[43,[1,0,-1]]]""",True,Q x Q,Q x Q,SU(2)xSU(2),2134507620866150878,0
7398.a.44388.1,7398.a,7398,44388,"""[[-10,-24,-22,-9,0,1],[1,0,0,1]]""","""[[2,[1,2,3,2]],[3,[1,1]],[137,[1,-3,139,-137]]]""",False,Q,Q,USp(4),400664948572989560,0
7403.a.7403.1,7403.a,7403,7403,"""[[0,1,-1,-2,1,1],[1]]""","""[[11,[1,3,13,11]],[673,[1,35,707,673]]]""",False,Q,Q,USp(4),1366993337576057135,0
7404.a.710784.1,7404.a,7404,710784,"""[[0,-1,0,0,1,-1,-1],[1,1,1]]""","""[[2,[1,0,-1]],[3,[1,1,1,-3]],[617,[1,2,614,-617]]]""",False,Q,Q,USp(4),410346667189030103,0
7407.a.22221.1,7407.a,7407,22221,"""[[0,0,3,3],[1,1,0,1]]""","""[[3,[1,0,-1]],[823,[1,47,869,823]]]""",False,Q,Q,USp(4),478342166250611328,0
7408.a.948224.1,7408.a,7408,948224,"""[[1,2,-3,-1,1],[0,0,0,1]]""","""[[2,[1]],[463,[1,-39,501,-463]]]""",False,Q,Q,USp(4),2015106662277673478,0
7419.a.7419.1,7419.a,7419,7419,"""[[0,-1,-1,1,0,0,-1],[1,1,0,1]]""","""[[3,[1,1,3,3]],[2473,[1,-75,2547,-2473]]]""",False,Q,Q,USp(4),1290108834044693106,0
7422.a.7422.1,7422.a,7422,7422,"""[[-1,1,-2,1,-1],[1,0,0,1]]""","""[[2,[1,0,1,2]],[3,[1,0,2,-3]],[1237,[1,51,1287,1237]]]""",False,Q,Q,USp(4),740120051924081800,0
7424.a.14848.1,7424.a,7424,14848,"""[[2,4,0,-4,-1,1],[0,0,0,1]]""","""[[2,[1]],[29,[1,-1,27,29]]]""",False,Q,Q,USp(4),1287094289769377057,0
7424.b.14848.1,7424.b,7424,14848,"""[[0,0,1,1,1,2],[1]]""","""[[2,[1,0,2]],[29,[1,-1,29,-29]]]""",False,Q,Q,USp(4),1384683834141213835,0
7424.c.14848.1,7424.c,7424,14848,"""[[0,0,0,-1,-1,2],[1]]""","""[[2,[1,2,2]],[29,[1,9,37,29]]]""",False,Q,Q,USp(4),2288343536090159801,0
7424.d.14848.1,7424.d,7424,14848,"""[[-2,-4,0,2],[0,0,0,1]]""","""[[2,[1]],[29,[1,1,27,-29]]]""",False,Q,Q,USp(4),976499619229122050,0
7427.a.51989.1,7427.a,7427,51989,"""[[-1,1,0,1,-2,1],[1]]""","""[[7,[1,3,9,7]],[1061,[1,25,1035,-1061]]]""",False,Q,Q,USp(4),1971232133837297496,0
7428.a.14856.1,7428.a,7428,14856,"""[[2,2,4,2,2],[1,0,1,1]]""","""[[2,[1,1,1]],[3,[1,0,2,3]],[619,[1,-30,648,-619]]]""",False,Q,Q,USp(4),1614927526390116640,0
7432.a.14864.1,7432.a,7432,14864,"""[[1],[1,1,1,1]]""","""[[2,[1,0,2]],[929,[1,16,944,929]]]""",False,Q,Q,USp(4),2153186103517461416,0
7432.b.59456.1,7432.b,7432,59456,"""[[0,-2,-4,-4,-2],[0,1,0,1]]""","""[[2,[1,-1]],[929,[1,-48,976,-929]]]""",False,Q,Q,USp(4),1368230404261412532,0
7436.a.475904.1,7436.a,7436,475904,"""[[-8,35,-53,27,-1],[1,0,0,1]]""","""[[2,[1,0,-1]],[11,[1,-5,5,11]],[13,[1,-2,1]]]""",True,Q x Q,Q x Q,SU(2)xSU(2),1918438124213928805,0
7436.b.475904.1,7436.b,7436,475904,"""[[0,-1,-2,9,-2,-1],[1,0,0,1]]""","""[[2,[1,0,-1]],[11,[1,3,13,11]],[13,[1,2,1]]]""",True,Q x Q,Q x Q,SU(2)xSU(2),881150982781962914,0
7436.c.951808.1,7436.c,7436,951808,"""[[-4,-2,-1,5,-1,-2,-4],[0,1,1]]""","""[[2,[1,2,1]],[11,[1,-5,5,11]],[13,[1,0,-1]]]""",True,Q x Q,Q x Q,SU(2)xSU(2),1492624876109128654,0
7440.a.29760.1,7440.a,7440,29760,"""[[-4,6,1,-8,5,0,-1],[0,0,0,1]]""","""[[2,[1]],[3,[1,0,2,3]],[5,[1,-1,3,5]],[31,[1,-5,35,-31]]]""",False,Q,Q,USp(4),1608931739935214308,0
7440.b.89280.1,7440.b,7440,89280,"""[[0,1,0,-2,1,2],[1]]""","""[[2,[1]],[3,[1,2,4,3]],[5,[1,3,1,-5]],[31,[1,7,23,-31]]]""",False,Q,Q,USp(4),1488928347908813810,0
7440.c.357120.1,7440.c,7440,357120,"""[[-4,4,5,-1,-2],[0,0,0,1]]""","""[[2,[1,2,2]],[3,[1,0,2,3]],[5,[1,3,1,-5]],[31,[1,5,35,31]]]""",False,Q,Q,USp(4),331605477371957617,0
7440.d.357120.1,7440.d,7440,357120,"""[[1,2,1,0,-2,-1,1],[]]""","""[[2,[1]],[3,[1,1,3,3]],[5,[1,2,6,5]],[31,[1,1,31,31]]]""",False,Q,Q,USp(4),590431242998337193,0
7440.e.476160.1,7440.e,7440,476160,"""[[-155,0,13,0,6,0,-1],[0,1,0,1]]""","""[[2,[1,-1]],[3,[1,-1,1,3]],[5,[1,3,7,5]],[31,[1,-7,23,31]]]""",True,Q x Q,Q x Q,SU(2)xSU(2),1124521689154116028,0
7442.a.14884.1,7442.a,7442,14884,"""[[0,0,1,1,1],[1,0,0,1]]""","""[[2,[1,2,3,2]],[61,[1,2,1]]]""",True,Q x Q,Q x Q,SU(2)xSU(2),198602257481193339,0
7445.a.7445.1,7445.a,7445,7445,"""[[0,0,0,2,3,1],[1]]""","""[[5,[1,3,1,-5]],[1489,[1,-35,1523,-1489]]]""",False,Q,Q,USp(4),1910435349136274565,0
7446.a.178704.1,7446.a,7446,178704,"""[[-8,-7,13,4,-7,1],[0,1,1]]""","""[[2,[1,0,1,2]],[3,[1,1,1,-3]],[17,[1,-1,17,-17]],[73,[1,7,79,73]]]""",False,Q,Q,USp(4),732668374112202970,0
7446.b.714816.1,7446.b,7446,714816,"""[[0,-1,-4,0,10,3],[0,1,1]]""","""[[2,[1,0,1,-2]],[3,[1,1,3,3]],[17,[1,1,17,17]],[73,[1,15,87,73]]]""",False,Q,Q,USp(4),412754547807005463,0
7447.a.7447.1,7447.a,7447,7447,"""[[0,-1,-2,0,1,-1,-1],[1,1,0,1]]""","""[[11,[1,1,11,11]],[677,[1,47,629,-677]]]""",False,Q,Q,USp(4),1936904566255517735,0
7448.a.14896.1,7448.a,7448,14896,"""[[-1,1,0,-2,0,1],[1,0,1]]""","""[[2,[1,-1,2]],[7,[1,0,7]],[19,[1,3,15,-19]]]""",False,Q,Q,USp(4),1476894595487060544,0
7451.a.7451.1,7451.a,7451,7451,"""[[70,9,-49,-2,6,1],[0,0,1]]""","""[[7451,[1,5,7455,7451]]]""",False,Q,Q,USp(4),581086494624894184,0
7452.a.268272.1,7452.a,7452,268272,"""[[0,1,0,-5,-4,6],[1,1,1]]""","""[[2,[1,0,-1]],[3,[1]],[23,[1,7,29,23]]]""",False,Q,Q,USp(4),887804587658472713,0
7452.b.804816.1,7452.b,7452,804816,"""[[0,18,-26,-29,-4,1],[0,1,1]]""","""[[2,[1,0,-1]],[3,[1,1]],[23,[1,1,23,23]]]""",False,Q,Q,USp(4),2051990498031011787,0
7456.a.14912.1,7456.a,7456,14912,"""[[1,-1,-2,3,0,-2,1],[1]]""","""[[2,[1]],[233,[1,4,236,233]]]""",False,Q,Q,USp(4),169562797207276864,0
7456.b.14912.1,7456.b,7456,14912,"""[[0,-1,1,-1,1],[0,1,0,1]]""","""[[2,[1,1,2]],[233,[1,25,207,-233]]]""",False,Q,Q,USp(4),229614725175980126,0
7456.c.59648.1,7456.c,7456,59648,"""[[0,-1,2,-3,2,0,1],[1]]""","""[[2,[1]],[233,[1,20,252,233]]]""",False,Q,Q,USp(4),1957471411654294301,0
7463.a.7463.1,7463.a,7463,7463,"""[[0,-1,0,2,-3,1],[0,1,1]]""","""[[17,[1,-3,19,-17]],[439,[1,-17,455,-439]]]""",False,Q,Q,USp(4),1478326058034742993,0
7464.a.238848.1,7464.a,7464,238848,"""[[-1,0,-1,1,-1,1],[1,0,1]]""","""[[2,[1,-1]],[3,[1,-1,3,-3]],[311,[1,23,287,-311]]]""",False,Q,Q,USp(4),590588556032281910,0
7468.a.29872.1,7468.a,7468,29872,"""[[0,1,-1,0,-1],[1,0,0,1]]""","""[[2,[1,0,-1]],[1867,[1,-73,1793,1867]]]""",False,Q,Q,USp(4),918906202101620637,0
7484.a.957952.1,7484.a,7484,957952,"""[[-1,-3,-1,2,-1,-1,1],[0,1,1]]""","""[[2,[1,-2,1]],[1871,[1,-51,1819,1871]]]""",False,Q,Q,USp(4),1913381099767117266,0
7488.a.22464.1,7488.a,7488,22464,"""[[-5,-2,2,-2,-3],[0,1,0,1]]""","""[[2,[1,1]],[3,[1,1,3]],[13,[1,5,7,-13]]]""",False,Q,Q,USp(4),1601796856002578637,0
7488.b.29952.1,7488.b,7488,29952,"""[[0,1,3,5,3,1],[]]""","""[[2,[1]],[3,[1,0,-1]],[13,[1,3,15,13]]]""",True,Q x Q,Q x Q,SU(2)xSU(2),1031077622988343315,0
7488.c.292032.1,7488.c,7488,292032,"""[[-2,0,2,1,1,1],[0,0,0,1]]""","""[[2,[1,0,2]],[3,[1,0,-1]],[13,[1,-1,11,13]]]""",False,Q,Q,USp(4),1439413809912973733,0
7488.c.67392.1,7488.c,7488,67392,"""[[-1,-3,-7,-9,-8,-4,-2],[1]]""","""[[2,[1,0,2]],[3,[1,0,-1]],[13,[1,-1,11,13]]]""",False,Q,Q,USp(4),1439413809912973733,0
7488.d.292032.1,7488.d,7488,292032,"""[[-2,-4,-2,-1,-1],[0,0,0,1]]""","""[[2,[1,2,2]],[3,[1,0,-1]],[13,[1,1,11,-13]]]""",False,Q,Q,USp(4),366518683546825620,0
7488.d.67392.1,7488.d,7488,67392,"""[[2,1,4,1,2],[1,1,1,1]]""","""[[2,[1,2,2]],[3,[1,0,-1]],[13,[1,1,11,-13]]]""",False,Q,Q,USp(4),366518683546825620,0
7488.e.89856.1,7488.e,7488,89856,"""[[1,-3,5,-5,4,-2,1],[]]""","""[[2,[1]],[3,[1,0,-1]],[13,[1,3,15,13]]]""",True,Q x Q,Q x Q,SU(2)xSU(2),131200520561257415,0
7489.a.7489.1,7489.a,7489,7489,"""[[0,1,2,0,-1,1],[1,1]]""","""[[7489,[1,-25,7513,-7489]]]""",False,Q,Q,USp(4),1900204043413105799,0
7490.a.419440.1,7490.a,7490,419440,"""[[-1,0,3,0,-3,-1,1],[1,1,1]]""","""[[2,[1,-2,3,-2]],[5,[1,1,3,-5]],[7,[1,-1,7,-7]],[107,[1,-5,111,-107]]]""",False,Q,Q,USp(4),624946936067033036,0
7496.a.239872.1,7496.a,7496,239872,"""[[0,0,0,-3,-1,2,1],[1,1]]""","""[[2,[1,-1]],[937,[1,20,916,-937]]]""",False,Q,Q,USp(4),144360660687067479,0
7497.a.157437.1,7497.a,7497,157437,"""[[-1,1,-3,1,1,-3,2],[1,1]]""","""[[3,[1,-2,1]],[7,[1,2,1]],[17,[1,7,23,17]]]""",True,Q x Q,Q x Q,SU(2)xSU(2),409723386657178492,0
7504.a.30016.1,7504.a,7504,30016,"""[[-2,10,-4,-8,2,2],[0,0,1]]""","""[[2,[1,-1]],[7,[1,-2,4,7]],[67,[1,1,65,-67]]]""",False,Q,Q,USp(4),119259776839539339,0
7508.a.480512.1,7508.a,7508,480512,"""[[4,2,-3,0,1,-1],[1,0,0,1]]""","""[[2,[1,0,-1]],[1877,[1,-52,1824,1877]]]""",False,Q,Q,USp(4),2044197384974923900,0
7514.a.7514.1,7514.a,7514,7514,"""[[-1,3,-1,-4,1,1],[0,1,1]]""","""[[2,[1,0,1,-2]],[13,[1,3,15,13]],[17,[1,0,-1]]]""",True,Q x Q,Q x Q,SU(2)xSU(2),308180439923267666,0
7516.a.30064.1,7516.a,7516,30064,"""[[-5,-28,-66,-77,-35,2],[0,1,1]]""","""[[2,[1,0,-1]],[1879,[1,-33,1911,-1879]]]""",False,Q,Q,USp(4),1925423849842846342,0
7521.a.7521.1,7521.a,7521,7521,"""[[-1,1,-2,0,0,-1],[1,1,0,1]]""","""[[3,[1,2,4,3]],[23,[1,-6,28,-23]],[109,[1,9,117,109]]]""",False,Q,Q,USp(4),262091615507376701,0
7529.a.7529.1,7529.a,7529,7529,"""[[1,2,1],[0,1,1,1]]""","""[[7529,[1,16,7544,7529]]]""",False,Q,Q,USp(4),1405915405708785356,0
7531.a.128027.1,7531.a,7531,128027,"""[[11,7,12,6,4,1],[1,0,0,1]]""","""[[17,[1,-4,20,-17]],[443,[1,-19,423,443]]]""",False,Q,Q,USp(4),1337591384585268259,0
7533.a.203391.1,7533.a,7533,203391,"""[[2,-3,-2,1],[1,0,1,1]]""","""[[3,[1,-1]],[31,[1,-6,36,-31]]]""",False,Q,Q,USp(4),689500692394908116,0
7542.a.45252.1,7542.a,7542,45252,"""[[1,-1,0,1,-1],[1,0,0,1]]""","""[[2,[1,0,1,2]],[3,[1,1,3]],[419,[1,-1,419,-419]]]""",False,Q,Q,USp(4),2040644916910329511,0
7545.a.7545.1,7545.a,7545,7545,"""[[2,5,0,-5,-1,1],[1,0,0,1]]""","""[[3,[1,1,1,-3]],[5,[1,0,4,5]],[503,[1,15,517,503]]]""",False,Q,Q,USp(4),328617750790993692,0
7546.a.15092.1,7546.a,7546,15092,"""[[0,1,9,23,9,1],[0,1,1]]""","""[[2,[1,0,1,2]],[7,[1,1]],[11,[1,-5,15,-11]]]""",True,Q x Q,CM x Q,N(U(1)xSU(2)),1903379161941620441,0
7549.a.7549.1,7549.a,7549,7549,"""[[-2,-1,3,0,-2],[1,1,0,1]]""","""[[7549,[1,149,7697,7549]]]""",False,Q,Q,USp(4),102233091019186686,0
7551.a.22653.1,7551.a,7551,22653,"""[[-1,1,-5,4,-6,3,-2],[1,1,1]]""","""[[3,[1,-2,1]],[839,[1,-23,815,839]]]""",False,Q,Q,USp(4),3927974427346604,0
7552.a.60416.1,7552.a,7552,60416,"""[[21,16,-9,-18,6,1],[0,0,1]]""","""[[2,[1,-1]],[59,[1,-3,55,59]]]""",False,Q,Q,USp(4),1726781023161697173,0
7552.b.60416.1,7552.b,7552,60416,"""[[0,0,-2,0,2,-2,1],[1,1]]""","""[[2,[1,1]],[59,[1,3,61,59]]]""",False,Q,Q,USp(4),2092451293687853591,0
7552.c.966656.1,7552.c,7552,966656,"""[[-1,-7,-20,-16,1,4],[1]]""","""[[2,[1]],[59,[1,-3,55,59]]]""",False,Q,Q,USp(4),453154509213924266,0
7558.a.15116.1,7558.a,7558,15116,"""[[0,2,-1,-1,-1,1],[0,1]]""","""[[2,[1,1,2,2]],[3779,[1,71,3707,-3779]]]""",False,Q,Q,USp(4),1558166524311369634,0
7562.a.241984.1,7562.a,7562,241984,"""[[1,3,-1,-1,2,-3,1],[1,0,1]]""","""[[2,[1,-1,2,-2]],[19,[1,6,12,-19]],[199,[1,17,215,199]]]""",False,Q,Q,USp(4),1620430599274702609,0
7565.a.37825.1,7565.a,7565,37825,"""[[0,-2,3,0,-2],[1,1,0,1]]""","""[[5,[1,0,4,-5]],[17,[1,5,21,17]],[89,[1,1,89,89]]]""",False,Q,Q,USp(4),1691764842755335363,0
7568.a.7568.1,7568.a,7568,7568,"""[[0,-1,1,0,0,0,-1],[1]]""","""[[2,[1,0,2]],[11,[1,-4,14,-11]],[43,[1,11,53,43]]]""",False,Q,Q,USp(4),1382538530250449582,0
7569.a.613089.1,7569.a,7569,613089,"""[[-5,7,-15,11,-10,3,-1],[1,1,0,1]]""","""[[3,[1,-2,1]],[29,[1,2,1]]]""",True,RM,RM,SU(2)xSU(2),2103555988858996401,0
7569.a.68121.1,7569.a,7569,68121,"""[[-1,1,-3,1,-1],[1,1,0,1]]""","""[[3,[1,-2,1]],[29,[1,2,1]]]""",True,RM,RM,SU(2)xSU(2),2103555988858996401,0
7575.a.113625.1,7575.a,7575,113625,"""[[-1,2,-2,2,-1],[0,1,1,1]]""","""[[3,[1,-1,3,-3]],[5,[1,1,1]],[101,[1,4,104,101]]]""",False,Q,Q,USp(4),470545069212915415,0
7575.b.189375.1,7575.b,7575,189375,"""[[1,2,-5,-11,-1,5],[1,1,1]]""","""[[3,[1,-1,1,3]],[5,[1,2,1]],[101,[1,-5,95,101]]]""",False,Q,Q,USp(4),693713378510232230,0
7578.a.22734.1,7578.a,7578,22734,"""[[-1,-1,-1],[0,1,0,1]]""","""[[2,[1,1,2,2]],[3,[1,1,3]],[421,[1,-18,438,-421]]]""",False,Q,Q,USp(4),1341016157424122306,0
7578.b.136404.1,7578.b,7578,136404,"""[[0,0,-1,1,0,-1,1],[1,1]]""","""[[2,[1,1,2,2]],[3,[1,0,-1]],[421,[1,21,441,421]]]""",False,Q,Q,USp(4),1141054801695484977,0
7581.a.53067.1,7581.a,7581,53067,"""[[-1,0,5,9,11,7],[1,1,1]]""","""[[3,[1,1,1,-3]],[7,[1,4,10,7]],[19,[1,4,19]]]""",False,Q,Q,USp(4),2104041620326330238,0
7590.a.22770.1,7590.a,7590,22770,"""[[462,20,-168,-7,19,0,-1],[0,1,1,1]]""","""[[2,[1,-2,3,-2]],[3,[1,1,3,3]],[5,[1,-3,7,-5]],[11,[1,1,11,11]],[23,[1,-3,19,23]]]""",True,Q x Q,Q x Q,SU(2)xSU(2),1780692581936039358,0
7594.a.60752.1,7594.a,7594,60752,"""[[1,-5,6,0,-3,1],[0,1]]""","""[[2,[1,1,0,-2]],[3797,[1,-5,3791,3797]]]""",False,Q,Q,USp(4),1475290500797131832,0
7594.a.7594.1,7594.a,7594,7594,"""[[0,5,39,95,21,1],[1,1]]""","""[[2,[1,1,0,-2]],[3797,[1,-5,3791,3797]]]""",False,Q,Q,USp(4),1475290500797131832,0
7594.b.7594.1,7594.b,7594,7594,"""[[0,-1,1,0,-1,-1],[1,0,0,1]]""","""[[2,[1,2,3,2]],[3797,[1,-79,3875,-3797]]]""",False,Q,Q,USp(4),166273054544255042,0
7594.c.30376.1,7594.c,7594,30376,"""[[7,-23,22,-6,-1,1],[1,0,0,1]]""","""[[2,[1,0,1,-2]],[3797,[1,-17,3779,3797]]]""",False,Q,Q,USp(4),207457548560908288,0
7600.a.121600.1,7600.a,7600,121600,"""[[1,-3,4,-3,0,1],[]]""","""[[2,[1]],[5,[1,2,1]],[19,[1,3,15,-19]]]""",True,Q x Q,Q x Q,SU(2)xSU(2),339491214446761171,0
7604.a.15208.1,7604.a,7604,15208,"""[[0,0,0,1,-1],[1,1,0,1]]""","""[[2,[1,1,1]],[1901,[1,-16,1916,-1901]]]""",False,Q,Q,USp(4),1172218087179944092,0
7609.a.7609.1,7609.a,7609,7609,"""[[0,-1,1],[1,1,0,1]]""","""[[7,[1,2,4,-7]],[1087,[1,-5,1091,-1087]]]""",False,Q,Q,USp(4),795794975497376356,0
7613.a.175099.1,7613.a,7613,175099,"""[[0,1,7,11,-6,1],[0,1,1]]""","""[[23,[1,5,27,23]],[331,[1,-19,311,331]]]""",False,Q,Q,USp(4),906839240848441195,0
7616.a.106624.1,7616.a,7616,106624,"""[[0,0,0,-1,-1,0,-1],[1,1]]""","""[[2,[1,-1]],[7,[1,-1,5,7]],[17,[1,1,17,17]]]""",False,Q,Q,USp(4),788985249520313796,0
7616.b.426496.1,7616.b,7616,426496,"""[[-6664,0,672,0,-23],[0,1,0,1]]""","""[[2,[1,-1]],[7,[1,-1,7,-7]],[17,[1,-1,15,17]]]""",True,Q x Q,CM x Q,N(U(1)xSU(2)),461203392908059668,0
7616.b.426496.2,7616.b,7616,426496,"""[[6664,0,672,0,22],[0,1,0,1]]""","""[[2,[1,-1]],[7,[1,-1,7,-7]],[17,[1,-1,15,17]]]""",True,Q x Q,CM x Q,N(U(1)xSU(2)),461203392908059668,0
7620.a.228600.1,7620.a,7620,228600,"""[[18,0,-30,8,12,-7,1],[0,1,1]]""","""[[2,[1,0,-1]],[3,[1,1,1,-3]],[5,[1,-2,2,5]],[127,[1,-19,107,127]]]""",False,Q,Q,USp(4),593322806889796429,0
7625.a.38125.1,7625.a,7625,38125,"""[[-3,6,1,-6,-1,1],[1,0,0,1]]""","""[[5,[1,-1]],[61,[1,11,71,61]]]""",False,Q,Q,USp(4),169230377298798755,0
7627.a.7627.1,7627.a,7627,7627,"""[[0,0,0,-2,-1,1],[1,1,1]]""","""[[29,[1,1,29,29]],[263,[1,-13,249,263]]]""",False,Q,Q,USp(4),1872567512875627017,0
7629.a.68661.1,7629.a,7629,68661,"""[[0,1,0,0,0,1],[1]]""","""[[3,[1,0,2,-3]],[2543,[1,-11,2531,2543]]]""",False,Q,Q,USp(4),1549179982830375648,0
7629.b.68661.1,7629.b,7629,68661,"""[[4,1,0,0,4,2],[0,0,0,1]]""","""[[3,[1,2,4,3]],[2543,[1,-85,2627,-2543]]]""",False,Q,Q,USp(4),345100101154174501,0
7632.a.15264.1,7632.a,7632,15264,"""[[-1,1,1,-2,-1,1],[0,1,0,1]]""","""[[2,[1,1]],[3,[1,0,1]],[53,[1,7,59,53]]]""",False,Q,Q,USp(4),2115263430568425545,0
7641.a.68769.1,7641.a,7641,68769,"""[[0,0,1,3,3,2],[1,1,0,1]]""","""[[3,[1,-1]],[283,[1,33,315,283]]]""",False,Q,Q,USp(4),255984094422397997,0
7643.a.7643.1,7643.a,7643,7643,"""[[0,1,2,0,1,1],[1,0,0,1]]""","""[[7643,[1,-155,7487,7643]]]""",False,Q,Q,USp(4),84531651198047476,0
7650.a.68850.1,7650.a,7650,68850,"""[[3,12,13,0,-2,3],[0,1,1]]""","""[[2,[1,0,1,-2]],[3,[1,2,1]],[5,[1,0,-1]],[17,[1,-1,15,17]]]""",True,Q x Q,Q x Q,SU(2)xSU(2),2040131374367406420,0
7650.b.459000.1,7650.b,7650,459000,"""[[40,35,45,21,13,3,1],[0,1,1]]""","""[[2,[1,0,1,-2]],[3,[1,0,-1]],[5,[1,-2,1]],[17,[1,-1,15,17]]]""",True,Q x Q,Q x Q,SU(2)xSU(2),239493561622622826,0
7655.a.38275.1,7655.a,7655,38275,"""[[0,0,0,1,-1,-1],[1,1]]""","""[[5,[1,2,2,-5]],[1531,[1,5,1535,1531]]]""",False,Q,Q,USp(4),1552735026482539514,0
7657.a.7657.1,7657.a,7657,7657,"""[[-1],[1,1,0,1]]""","""[[13,[1,5,17,13]],[19,[1,6,12,-19]],[31,[1,-6,36,-31]]]""",False,Q,Q,USp(4),1764918782217201518,0
7657.b.7657.1,7657.b,7657,7657,"""[[3,6,1,1,3,-2],[1,1,0,1]]""","""[[13,[1,5,17,13]],[19,[1,-4,22,-19]],[31,[1,2,32,31]]]""",False,Q,Q,USp(4),290298736701650176,0
7660.a.30640.1,7660.a,7660,30640,"""[[0,-1,-1,0,2,1],[1,1,1]]""","""[[2,[1,0,1]],[5,[1,2,6,5]],[383,[1,19,363,-383]]]""",False,Q,Q,USp(4),1406606232402941886,0
7661.a.7661.1,7661.a,7661,7661,"""[[0,1,2,0,-1,-1],[1,1]]""","""[[47,[1,-8,38,47]],[163,[1,-13,175,-163]]]""",False,Q,Q,USp(4),251025859788258443,0
7662.a.30648.1,7662.a,7662,30648,"""[[-2,2,-4,2,-3,1,-1],[1,0,0,1]]""","""[[2,[1,0,1,-2]],[3,[1,-2,4,-3]],[1277,[1,-29,1247,1277]]]""",False,Q,Q,USp(4),2221375734365539904,0
7662.b.45972.1,7662.b,7662,45972,"""[[0,-1,2,1,-2],[1,0,0,1]]""","""[[2,[1,2,3,2]],[3,[1,3,5,3]],[1277,[1,18,1294,1277]]]""",False,Q,Q,USp(4),868766865769555147,0
7662.c.122592.1,7662.c,7662,122592,"""[[3,3,5,3,2],[0,0,1,1]]""","""[[2,[1,1,0,-2]],[3,[1,1,3,3]],[1277,[1,-51,1225,1277]]]""",False,Q,Q,USp(4),874229121217760751,0
7668.a.30672.1,7668.a,7668,30672,"""[[71,0,-48,0,10,0,-1],[0,1,0,1]]""","""[[2,[1,-1,2]],[3,[1,-1]],[71,[1,1,71,71]]]""",True,Q x Q,CM x Q,N(U(1)xSU(2)),1506321859526247852,0
7669.a.7669.1,7669.a,7669,7669,"""[[0,-1,16,8,-7,1],[0,1]]""","""[[7669,[1,11,7679,7669]]]""",False,Q,Q,USp(4),2160614991369307439,0
7669.a.7669.2,7669.a,7669,7669,"""[[0,1,-6,11,-6,1],[0,1]]""","""[[7669,[1,11,7679,7669]]]""",False,Q,Q,USp(4),2160614991369307439,0
7672.a.122752.1,7672.a,7672,122752,"""[[0,2,7,3,-7,2],[1,1]]""","""[[2,[1,-1]],[7,[1,2,4,-7]],[137,[1,15,121,-137]]]""",False,Q,Q,USp(4),1933496626002491023,0
7675.a.7675.1,7675.a,7675,7675,"""[[0,-1,2,0,-2,1],[0,1]]""","""[[5,[1,0,1]],[307,[1,27,279,-307]]]""",False,Q,Q,USp(4),431722543232587632,0
7675.b.7675.1,7675.b,7675,7675,"""[[0,1,0,-3,0,1],[1,0,1]]""","""[[5,[1,0,-1]],[307,[1,23,329,307]]]""",False,Q,Q,USp(4),483555467422036043,0
7676.a.7676.1,7676.a,7676,7676,"""[[-1,-4,-2,2,-6,1,-1],[0,1,1]]""","""[[2,[1,0,-1]],[19,[1,-4,14,19]],[101,[1,9,91,-101]]]""",False,Q,Q,USp(4),1518309744407022387,0
7680.a.46080.1,7680.a,7680,46080,"""[[-2,-1,5,0,-3,1],[]]""","""[[2,[1]],[3,[1,1,1,-3]],[5,[1,-1,3,5]]]""",False,Q,Q,USp(4),1467802320653960315,0
7680.b.46080.1,7680.b,7680,46080,"""[[2,-1,-5,0,3,1],[]]""","""[[2,[1]],[3,[1,-1,1,3]],[5,[1,-1,3,5]]]""",False,Q,Q,USp(4),179645883247957875,0
7680.c.61440.1,7680.c,7680,61440,"""[[-3,6,1,-5,0,1],[]]""","""[[2,[1]],[3,[1,-1,3,-3]],[5,[1,-1,5,-5]]]""",False,Q,Q,USp(4),465873738730944793,0
7680.d.245760.1,7680.d,7680,245760,"""[[-1,0,-7,0,-21,0,-20],[1]]""","""[[2,[1]],[3,[1,1,3,3]],[5,[1,1,3,-5]]]""",True,Q x Q,Q x Q,SU(2)xSU(2),387605389732536033,0
7680.e.245760.1,7680.e,7680,245760,"""[[-1,0,7,0,-21,0,20],[1]]""","""[[2,[1]],[3,[1,-1,3,-3]],[5,[1,1,3,-5]]]""",True,Q x Q,Q x Q,SU(2)xSU(2),503125347654758894,0
7684.a.7684.1,7684.a,7684,7684,"""[[-1,0,1,-2,-1,1],[1,1,1]]""","""[[2,[1,0,1]],[17,[1,0,16,17]],[113,[1,0,112,-113]]]""",False,Q,Q,USp(4),1132972340549608073,0
7692.a.553824.1,7692.a,7692,553824,"""[[0,2,12,21,8,1],[0,1,1]]""","""[[2,[1,0,-1]],[3,[1,-1,1,3]],[641,[1,1,639,-641]]]""",False,Q,Q,USp(4),1708289824351065485,0
7693.a.376957.1,7693.a,7693,376957,"""[[0,-1,2,2,-7,1],[0,1,1]]""","""[[7,[1,-4,7]],[157,[1,-9,147,157]]]""",False,Q,Q,USp(4),532773885903900261,0
7697.a.7697.1,7697.a,7697,7697,"""[[0,0,-1,1],[1,0,0,1]]""","""[[43,[1,3,39,-43]],[179,[1,15,163,-179]]]""",False,Q,Q,USp(4),1027223201122006370,0
7705.a.7705.1,7705.a,7705,7705,"""[[0,-1,-1,0,1],[1,0,1,1]]""","""[[5,[1,3,7,5]],[23,[1,-5,27,-23]],[67,[1,3,69,67]]]""",False,Q,Q,USp(4),2292398741809622115,0
7707.a.7707.1,7707.a,7707,7707,"""[[-3,2,7,1,-2],[1,1,0,1]]""","""[[3,[1,1,3,3]],[7,[1,1,7,7]],[367,[1,-37,403,-367]]]""",False,Q,Q,USp(4),1056719593022820204,0
7709.a.7709.1,7709.a,7709,7709,"""[[-1,2,0,-3,0,1],[0,1,1]]""","""[[13,[1,5,7,-13]],[593,[1,9,583,-593]]]""",False,Q,Q,USp(4),1906790530889317494,0
7712.a.15424.1,7712.a,7712,15424,"""[[0,-1,3,-6,6,-4,1],[0,1]]""","""[[2,[1,-1,2]],[241,[1,9,231,-241]]]""",False,Q,Q,USp(4),184892665406010555,0
7717.a.7717.1,7717.a,7717,7717,"""[[-5,6,3,-5,-1,1],[1,0,0,1]]""","""[[7717,[1,-123,7839,-7717]]]""",False,Q,Q,USp(4),1318570099286515326,0
7728.a.865536.1,7728.a,7728,865536,"""[[1,0,2,0,1,1],[]]""","""[[2,[1]],[3,[1,0,2,-3]],[7,[1,1,5,-7]],[23,[1,5,17,-23]]]""",False,Q,Q,USp(4),1124248026297233309,0
7728.b.865536.1,7728.b,7728,865536,"""[[1,-2,1,0,0,-1,1],[]]""","""[[2,[1]],[3,[1,2,4,3]],[7,[1,1,5,-7]],[23,[1,5,17,-23]]]""",False,Q,Q,USp(4),1517778215132039073,0
7732.a.123712.1,7732.a,7732,123712,"""[[1,1,-1,-3,0,1],[0,1,1]]""","""[[2,[1,0,-1]],[1933,[1,51,1983,1933]]]""",False,Q,Q,USp(4),1180934399678062801,0
7744.a.495616.1,7744.a,7744,495616,"""[[-8,8,-1,4,1],[0,0,1,1]]""","""[[2,[1,1]],[11,[1,4,11]]]""",False,Q,Q,USp(4),1501300028268387152,0
7744.b.495616.1,7744.b,7744,495616,"""[[-3,8,5,7,2,1],[]]""","""[[2,[1]],[11,[1,2,1]]]""",True,RM,RM,SU(2)xSU(2),821244663781037941,0
7748.a.991744.1,7748.a,7748,991744,"""[[0,-3,7,1,-3],[1,0,0,1]]""","""[[2,[1,0,-1]],[13,[1,0,12,-13]],[149,[1,5,143,-149]]]""",False,Q,Q,USp(4),1010664592589990000,0
7755.a.7755.1,7755.a,7755,7755,"""[[-1,0,6,1,-8,-1],[0,1,1]]""","""[[3,[1,0,2,3]],[5,[1,-1,3,5]],[11,[1,0,10,11]],[47,[1,-11,35,47]]]""",False,Q,Q,USp(4),2010005535315967384,0
7760.a.496640.1,7760.a,7760,496640,"""[[0,2,-13,26,-18,4],[0,1]]""","""[[2,[1,1]],[5,[1,3,1,-5]],[97,[1,-3,99,-97]]]""",False,Q,Q,USp(4),1231722465806689032,0
7763.a.54341.1,7763.a,7763,54341,"""[[12,-25,17,-2,-2,1],[0,0,0,1]]""","""[[7,[1,-2,4,7]],[1109,[1,61,1169,1109]]]""",False,Q,Q,USp(4),1891640158660227626,0
7772.a.994816.1,7772.a,7772,994816,"""[[1,-3,1,1,-2,1],[0,1,1]]""","""[[2,[1,0,-1]],[29,[1,3,25,-29]],[67,[1,-3,69,-67]]]""",False,Q,Q,USp(4),785146191274331809,0
7776.a.124416.1,7776.a,7776,124416,"""[[0,1,-1,1],[1,1,1,1]]""","""[[2,[1]],[3,[1,1,3]]]""",False,Q,Q,USp(4),832787168352462575,0
7788.a.93456.1,7788.a,7788,93456,"""[[-1,1,-2,1],[1,0,0,1]]""","""[[2,[1,0,1]],[3,[1,2,0,-3]],[11,[1,-1,11,-11]],[59,[1,-5,63,-59]]]""",False,Q,Q,USp(4),1962478748034143555,0
7792.a.997376.1,7792.a,7792,997376,"""[[0,1,8,18,5,4],[0,1]]""","""[[2,[1,1,2]],[487,[1,1,487,487]]]""",False,Q,Q,USp(4),431574075325592474,0
7801.a.7801.1,7801.a,7801,7801,"""[[0,-2,2,0,-1],[1,1,0,1]]""","""[[29,[1,1,27,-29]],[269,[1,19,287,269]]]""",False,Q,Q,USp(4),515092581131878820,0
7803.a.132651.1,7803.a,7803,132651,"""[[-2,-8,-17,-21,-18,-9,-3],[1]]""","""[[3,[1,-1]],[17,[1,2,1]]]""",True,Q x Q,Q x Q,SU(2)xSU(2),1866137756148287981,0
7803.a.23409.1,7803.a,7803,23409,"""[[0,0,-1,1,-1],[1,1,1,1]]""","""[[3,[1,-1]],[17,[1,2,1]]]""",True,Q x Q,Q x Q,SU(2)xSU(2),1866137756148287981,0
7803.b.132651.1,7803.b,7803,132651,"""[[1,1,-10,-11,13,17],[1,0,1]]""","""[[3,[1,0,3]],[17,[1,-2,1]]]""",True,Q x Q,Q x Q,SU(2)xSU(2),1617251578310360476,0
7805.a.273175.1,7805.a,7805,273175,"""[[-6,11,4,-13,1,1],[0,1,1]]""","""[[5,[1,1,5,5]],[7,[1,-1,5,7]],[223,[1,9,231,223]]]""",False,Q,Q,USp(4),479705656584232665,0
7808.a.7808.1,7808.a,7808,7808,"""[[-2,2,2,-1,-1],[0,0,0,1]]""","""[[2,[1,2,2]],[61,[1,3,63,61]]]""",False,Q,Q,USp(4),2233725902164607938,0
7808.b.15616.1,7808.b,7808,15616,"""[[0,0,0,-1,-2,0,2],[1,1]]""","""[[2,[1,1]],[61,[1,-11,49,61]]]""",False,Q,Q,USp(4),1212514298915142994,0
7808.c.15616.1,7808.c,7808,15616,"""[[8,1,-12,-3,5,2],[1]]""","""[[2,[1,0,2]],[61,[1,11,71,61]]]""",False,Q,Q,USp(4),1928204693694210635,0
7808.d.15616.1,7808.d,7808,15616,"""[[0,-1,2,-3,1,2],[1]]""","""[[2,[1,0,2]],[61,[1,9,51,-61]]]""",False,Q,Q,USp(4),535192005460886859,0
7808.e.15616.1,7808.e,7808,15616,"""[[0,0,-1,-1,2,0,-1],[1,1]]""","""[[2,[1,1]],[61,[1,7,53,-61]]]""",False,Q,Q,USp(4),826327900009744501,0
7808.f.999424.1,7808.f,7808,999424,"""[[1,17,76,116,8,1],[1,0,1]]""","""[[2,[1,-1,2]],[61,[1,9,51,-61]]]""",False,Q,Q,USp(4),2276216749764068754,0
7810.a.429550.1,7810.a,7810,429550,"""[[6,-14,0,12,-7,1],[0,1,1]]""","""[[2,[1,0,1,-2]],[5,[1,1,3,-5]],[11,[1,3,7,-11]],[71,[1,7,63,-71]]]""",False,Q,Q,USp(4),712020961775943968,0
7821.a.70389.1,7821.a,7821,70389,"""[[-1,-2,-3,-2,0,1],[1]]""","""[[3,[1,0,-1]],[11,[1,-2,8,11]],[79,[1,3,75,-79]]]""",False,Q,Q,USp(4),531625366752889127,0
7821.b.633501.1,7821.b,7821,633501,"""[[-8,13,1,-7,0,1],[0,0,1,1]]""","""[[3,[1,1,1]],[11,[1,7,17,11]],[79,[1,-15,93,-79]]]""",False,Q,Q,USp(4),935996470232274516,0
7822.a.7822.1,7822.a,7822,7822,"""[[2,4,0,-4,-1,1],[0,1,1]]""","""[[2,[1,0,1,-2]],[3911,[1,-65,3975,-3911]]]""",False,Q,Q,USp(4),726587408582282672,0
7823.a.7823.1,7823.a,7823,7823,"""[[0,0,-2,-5,-1,1],[1,1,0,1]]""","""[[7823,[1,101,7721,-7823]]]""",False,Q,Q,USp(4),890457711734325846,0
7830.a.634230.1,7830.a,7830,634230,"""[[0,1,19,94,19,1],[0,1,1]]""","""[[2,[1,0,1,2]],[3,[1,-1]],[5,[1,-1,3,5]],[29,[1,-1,27,29]]]""",True,Q x Q,Q x Q,SU(2)xSU(2),2241257143623947288,0
7830.b.634230.1,7830.b,7830,634230,"""[[15,58,55,-20,-28,9],[0,1,1]]""","""[[2,[1,0,1,-2]],[3,[1,1]],[5,[1,1,3,-5]],[29,[1,1,27,-29]]]""",True,Q x Q,Q x Q,SU(2)xSU(2),463955918062669501,0
7831.a.7831.1,7831.a,7831,7831,"""[[-1,0,-2,1,-2,1,-1],[1,1,0,1]]""","""[[41,[1,4,44,41]],[191,[1,22,212,191]]]""",False,Q,Q,USp(4),856449196497558822,0
7836.a.846288.1,7836.a,7836,846288,"""[[-897,-119,178,0,-11,1],[0,1,1]]""","""[[2,[1,0,-1]],[3,[1,-1,3,-3]],[653,[1,19,671,653]]]""",False,Q,Q,USp(4),882685954396264290,0
7839.a.305721.1,7839.a,7839,305721,"""[[70,123,51,-11,-6,1],[0,1]]""","""[[3,[1,2,3]],[13,[1,-1,13,-13]],[67,[1,11,77,67]]]""",False,Q,Q,USp(4),1169330817480805553,0
7840.a.62720.1,7840.a,7840,62720,"""[[1,0,-4,0,3,1],[]]""","""[[2,[1]],[5,[1,4,8,5]],[7,[1,2,7]]]""",False,Q,Q,USp(4),569507523026933009,0
7840.b.125440.1,7840.b,7840,125440,"""[[10,0,8,0,2],[0,1,0,1]]""","""[[2,[1,-1]],[5,[1,5,9,5]],[7,[1,2,1]]]""",True,Q x Q,Q x Q,SU(2)xSU(2),923616456240932239,0
7843.a.86273.1,7843.a,7843,86273,"""[[1,0,0,2,-1,1],[1,1,0,1]]""","""[[11,[1,5,5,-11]],[23,[1,-3,19,23]],[31,[1,6,36,31]]]""",False,Q,Q,USp(4),790330151713681760,0
7844.a.125504.1,7844.a,7844,125504,"""[[0,6,8,0,-2],[1,0,0,1]]""","""[[2,[1,0,-1]],[37,[1,-1,35,37]],[53,[1,-8,44,53]]]""",False,Q,Q,USp(4),117133908197845961,0
7848.a.188352.1,7848.a,7848,188352,"""[[1,-1,-1,0,0,1],[0,1,0,1]]""","""[[2,[1,1]],[3,[1,1,1]],[109,[1,-13,95,109]]]""",False,Q,Q,USp(4),591652246348931786,0
7850.a.251200.1,7850.a,7850,251200,"""[[0,-1,2,0,0,-1],[0,1,1]]""","""[[2,[1,0,1,-2]],[5,[1,0,-1]],[157,[1,1,155,-157]]]""",False,Q,Q,USp(4),2119048490442475072,0
7852.a.102076.1,7852.a,7852,102076,"""[[-3,-1,1,0,1,1],[1,0,0,1]]""","""[[2,[1,0,1]],[13,[1,7,19,13]],[151,[1,-13,163,-151]]]""",False,Q,Q,USp(4),714089260439137033,0
7856.a.125696.1,7856.a,7856,125696,"""[[1,-4,4,0,-2,1],[]]""","""[[2,[1]],[491,[1,-19,471,491]]]""",False,Q,Q,USp(4),563924806193059859,0
7857.a.7857.1,7857.a,7857,7857,"""[[-1,1,-3,2,-2,1],[1,1,1]]""","""[[3,[1,1]],[97,[1,-1,95,97]]]""",False,Q,Q,USp(4),2128993275416117671,0
7860.a.503040.1,7860.a,7860,503040,"""[[0,-1,1,0,-4,2],[1,1,1]]""","""[[2,[1,0,-1]],[3,[1,2,4,3]],[5,[1,2,2,-5]],[131,[1,17,113,-131]]]""",False,Q,Q,USp(4),2225272526450262613,0
7862.a.15724.1,7862.a,7862,15724,"""[[0,2,0,-3,0,1],[0,1]]""","""[[2,[1,1,0,-2]],[3931,[1,21,3951,3931]]]""",False,Q,Q,USp(4),1045821392512484068,0
7863.a.23589.1,7863.a,7863,23589,"""[[0,1,-2,2,-1,1],[0,1]]""","""[[3,[1,-1,3,-3]],[2621,[1,-23,2643,-2621]]]""",False,Q,Q,USp(4),593484746750868331,0
7865.a.7865.1,7865.a,7865,7865,"""[[-1,4,0,-6,-3],[0,1,1,1]]""","""[[5,[1,1,5,5]],[11,[1,0,11]],[13,[1,3,15,13]]]""",False,Q,Q,USp(4),1508322342974221009,0
7870.a.62960.1,7870.a,7870,62960,"""[[1,-1,0,2,-2,1],[0,1]]""","""[[2,[1,-1,2,-2]],[5,[1,4,8,5]],[787,[1,45,831,787]]]""",False,Q,Q,USp(4),837494494618277153,0
7872.a.283392.1,7872.a,7872,283392,"""[[-1,-2,-6,-3,3,2],[0,0,1]]""","""[[2,[1,1]],[3,[1,-1,1,3]],[41,[1,-3,43,-41]]]""",False,Q,Q,USp(4),201675623887690216,0
7877.a.7877.1,7877.a,7877,7877,"""[[-1,2,0,-6,0,1],[1,1,1,1]]""","""[[7877,[1,148,8024,7877]]]""",False,Q,Q,USp(4),1371972635885208293,0
7877.a.7877.2,7877.a,7877,7877,"""[[0,1,29,200,-149,20,-1],[0,0,0,1]]""","""[[7877,[1,148,8024,7877]]]""",False,Q,Q,USp(4),1371972635885208293,0
7877.b.7877.1,7877.b,7877,7877,"""[[0,0,1,2,1,1,1],[1,1]]""","""[[7877,[1,55,7821,-7877]]]""",False,Q,Q,USp(4),1652342595804454541,0
7877.c.7877.1,7877.c,7877,7877,"""[[18,-57,58,-21,0,1],[1]]""","""[[7877,[1,6,7870,-7877]]]""",False,Q,Q,USp(4),265813028766355001,0
7877.d.7877.1,7877.d,7877,7877,"""[[2,-1,-5,0,3,1],[1]]""","""[[7877,[1,48,7924,7877]]]""",False,Q,Q,USp(4),397030215728818219,0
7884.a.15768.1,7884.a,7884,15768,"""[[-4,-5,8,0,-3],[1,1,0,1]]""","""[[2,[1,1,1]],[3,[1,1,3]],[73,[1,-9,81,-73]]]""",False,Q,Q,USp(4),1580991567764725497,0
7884.b.283824.1,7884.b,7884,283824,"""[[0,2,4,0,-1],[1,1,1,1]]""","""[[2,[1,2,2]],[3,[1,3,3]],[73,[1,-2,74,-73]]]""",False,Q,Q,USp(4),1334661952636210473,0
7884.c.504576.1,7884.c,7884,504576,"""[[-1,1,-1,-2,5,0,-4],[1,1]]""","""[[2,[1,-1,2]],[3,[1,-2,3]],[73,[1,11,83,73]]]""",False,Q,Q,USp(4),860668649776686743,0
7889.a.55223.1,7889.a,7889,55223,"""[[0,0,-2,-2,3,2],[1,1,0,1]]""","""[[7,[1,-1]],[23,[1,4,26,23]]]""",False,Q,Q,USp(4),1793348569084686872,0
7889.b.55223.1,7889.b,7889,55223,"""[[-2,-4,0,1],[1,0,1,1]]""","""[[7,[1,1]],[23,[1,8,30,23]]]""",False,Q,Q,USp(4),2132814063419829589,0
7913.a.7913.1,7913.a,7913,7913,"""[[0,0,-1,-1,0,-1],[1,1]]""","""[[41,[1,12,52,41]],[193,[1,-6,198,-193]]]""",False,Q,Q,USp(4),969028976072251303,0
7917.a.102921.1,7917.a,7917,102921,"""[[3,0,1,2,-1,1],[0,1,1]]""","""[[3,[1,1,3,3]],[7,[1,-3,3,7]],[13,[1,3,15,13]],[29,[1,-5,23,29]]]""",False,Q,Q,USp(4),826041011647406784,0
7920.a.7920.1,7920.a,7920,7920,"""[[8,0,30,0,37,0,15],[1,0,1]]""","""[[2,[1,1,2]],[3,[1,2,1]],[5,[1,1,3,-5]],[11,[1,3,7,-11]]]""",True,Q x Q,Q x Q,SU(2)xSU(2),1615610555360542704,0
7920.b.633600.1,7920.b,7920,633600,"""[[-19,0,68,0,-83,0,33],[1,0,1]]""","""[[2,[1,-1]],[3,[1,0,-1]],[5,[1,-3,7,-5]],[11,[1,5,15,11]]]""",True,Q x Q,Q x Q,SU(2)xSU(2),1790666279973326098,0
7927.a.7927.1,7927.a,7927,7927,"""[[-98,149,-64,3,0,1],[0,1]]""","""[[7927,[1,-99,8025,-7927]]]""",False,Q,Q,USp(4),1024928344380953380,0
7927.b.7927.1,7927.b,7927,7927,"""[[-1,1,3,-1,-2],[0,0,0,1]]""","""[[7927,[1,92,8018,7927]]]""",False,Q,Q,USp(4),996935126333974006,0
7936.a.126976.1,7936.a,7936,126976,"""[[0,-2,4,0,-1,4],[1]]""","""[[2,[1]],[31,[1,7,23,-31]]]""",False,Q,Q,USp(4),1851399600917430411,0
7936.a.7936.1,7936.a,7936,7936,"""[[0,-1,-3,-3,0,1],[]]""","""[[2,[1]],[31,[1,7,23,-31]]]""",False,Q,Q,USp(4),1851399600917430411,0
7936.b.7936.1,7936.b,7936,7936,"""[[0,-1,3,-3,0,1],[]]""","""[[2,[1]],[31,[1,-7,23,31]]]""",False,Q,Q,USp(4),409510285690646493,0
7936.c.31744.1,7936.c,7936,31744,"""[[1,0,2,1,1,1],[]]""","""[[2,[1]],[31,[1,3,27,-31]]]""",False,Q,Q,USp(4),600628148697851114,0
7942.a.150898.1,7942.a,7942,150898,"""[[14,12,-3,-3,-1],[0,1,0,1]]""","""[[2,[1,1,2,2]],[11,[1,5,5,-11]],[19,[1,-2,1]]]""",True,Q x Q,Q x Q,SU(2)xSU(2),376137302533192251,0
7944.a.190656.1,7944.a,7944,190656,"""[[-1,-2,0,3,-1,-1,1],[1,0,1]]""","""[[2,[1,1]],[3,[1,1,1,-3]],[331,[1,3,327,-331]]]""",False,Q,Q,USp(4),956454524646061614,0
7944.b.428976.1,7944.b,7944,428976,"""[[33,32,16,16,2,2],[0,1]]""","""[[2,[1,-1]],[3,[1,-1,3,-3]],[331,[1,19,311,-331]]]""",False,Q,Q,USp(4),519103058062044395,0
7945.a.7945.1,7945.a,7945,7945,"""[[1,-3,-1,3,-2],[1,1,0,1]]""","""[[5,[1,1,5,5]],[7,[1,3,3,-7]],[227,[1,-7,219,227]]]""",False,Q,Q,USp(4),1944130993960615161,0
7945.b.198625.1,7945.b,7945,198625,"""[[4,-5,1,-2,1],[0,1,0,1]]""","""[[5,[1,2,6,5]],[7,[1,0,6,7]],[227,[1,19,207,-227]]]""",False,Q,Q,USp(4),1179929722778456136,0
7945.c.198625.1,7945.c,7945,198625,"""[[0,2,7,3,-5],[1,1,0,1]]""","""[[5,[1,3,1,-5]],[7,[1,3,9,7]],[227,[1,-5,231,-227]]]""",False,Q,Q,USp(4),511419524298038056,0
7948.a.127168.1,7948.a,7948,127168,"""[[0,0,2,1,3,2],[1,1,0,1]]""","""[[2,[1,1,1]],[1987,[1,-51,2037,-1987]]]""",False,Q,Q,USp(4),2244157379227390508,0
7952.a.508928.1,7952.a,7952,508928,"""[[-2,0,18,0,-64,0,71],[1,0,1]]""","""[[2,[1,1]],[7,[1,-1,7,-7]],[71,[1,-1,71,-71]]]""",True,Q x Q,Q x Q,SU(2)xSU(2),1208594257223885936,0
7967.a.7967.1,7967.a,7967,7967,"""[[0,0,-2,-2,0,1],[1,1,0,1]]""","""[[31,[1,4,34,31]],[257,[1,2,254,-257]]]""",False,Q,Q,USp(4),1839002396881689782,0
7972.a.127552.1,7972.a,7972,127552,"""[[-33,0,39,6,-13,-4],[1,1,1]]""","""[[2,[1,0,-1]],[1993,[1,30,1962,-1993]]]""",False,Q,Q,USp(4),892843526774300708,0
7975.a.438625.1,7975.a,7975,438625,"""[[0,2,6,1,-6,1],[1,1,1]]""","""[[5,[1,0,-1]],[11,[1,-3,13,-11]],[29,[1,5,23,-29]]]""",False,Q,Q,USp(4),558093341690515682,0
7976.a.255232.1,7976.a,7976,255232,"""[[0,1,-5,5,0,4],[0,1]]""","""[[2,[1,-1,2]],[997,[1,45,951,-997]]]""",False,Q,Q,USp(4),1045996625367909554,0
7977.a.7977.1,7977.a,7977,7977,"""[[-1,-1,1,4,4,2],[0,0,0,1]]""","""[[3,[1,1,3,3]],[2659,[1,-102,2760,-2659]]]""",False,Q,Q,USp(4),2008218632243140150,0
7984.a.127744.1,7984.a,7984,127744,"""[[0,0,-1,-1,2,0,1],[1]]""","""[[2,[1]],[499,[1,-39,459,499]]]""",False,Q,Q,USp(4),1022998357770493178,0
7984.b.127744.1,7984.b,7984,127744,"""[[-5,-11,0,11,0,-4,1],[1]]""","""[[2,[1]],[499,[1,-1,497,499]]]""",False,Q,Q,USp(4),1935744164106158711,0
7988.a.31952.1,7988.a,7988,31952,"""[[0,0,0,0,-4,2],[1,1,1]]""","""[[2,[1,0,-1]],[1997,[1,19,2015,1997]]]""",False,Q,Q,USp(4),1784529648704435959,0
7989.a.7989.1,7989.a,7989,7989,"""[[-1,1,0,-2,0,1],[1,1]]""","""[[3,[1,-1,3,-3]],[2663,[1,-17,2679,-2663]]]""",False,Q,Q,USp(4),1153825767751087266,0
7998.a.215946.1,7998.a,7998,215946,"""[[-1,14,-1,-8,0,1],[0,1,1]]""","""[[2,[1,0,1,-2]],[3,[1,-1,1,3]],[31,[1,1,31,31]],[43,[1,3,39,-43]]]""",False,Q,Q,USp(4),2014506803583942832,0
7998.a.7998.1,7998.a,7998,7998,"""[[-1,0,-3,1,-3,1,-1],[1,1,1]]""","""[[2,[1,0,1,-2]],[3,[1,-1,1,3]],[31,[1,1,31,31]],[43,[1,3,39,-43]]]""",False,Q,Q,USp(4),2014506803583942832,0
8000.a.32000.1,8000.a,8000,32000,"""[[0,1,-1,1,-1,1],[]]""","""[[2,[1]],[5,[1,-1]]]""",True,Q x Q,Q x Q,SU(2)xSU(2),2003800507152688540,0
8004.a.128064.1,8004.a,8004,128064,"""[[1,-4,0,5,-1,-3,-1],[1,1,0,1]]""","""[[2,[1,-1,1]],[3,[1,-2,4,-3]],[23,[1,-7,29,-23]],[29,[1,10,38,29]]]""",False,Q,Q,USp(4),33372793135721501,0
8012.a.64096.1,8012.a,8012,64096,"""[[0,1,3,2,1],[1,0,0,1]]""","""[[2,[1,0,-1]],[2003,[1,55,2057,2003]]]""",False,Q,Q,USp(4),792716908243878961,0
8015.a.56105.1,8015.a,8015,56105,"""[[-2,4,1,-6,0,2],[1,0,0,1]]""","""[[5,[1,2,6,5]],[7,[1,-1,5,7]],[229,[1,9,219,-229]]]""",False,Q,Q,USp(4),220061313791492198,0
8016.a.513024.1,8016.a,8016,513024,"""[[-1,-3,-5,-5,-2,0,1],[1]]""","""[[2,[1]],[3,[1,1,1,-3]],[167,[1,13,179,167]]]""",False,Q,Q,USp(4),2072861460979979734,0
8019.a.24057.1,8019.a,8019,24057,"""[[1,1,0,3,0,1,1],[1,1,1,1]]""","""[[3,[1]],[11,[1,1,11,11]]]""",True,Q x Q,CM x Q,N(U(1)xSU(2)),340729354065401088,0
8019.a.8019.1,8019.a,8019,8019,"""[[-1,-3,-6,-7,-6,-3,-1],[1]]""","""[[3,[1]],[11,[1,1,11,11]]]""",True,Q x Q,CM x Q,N(U(1)xSU(2)),340729354065401088,0
8019.b.8019.1,8019.b,8019,8019,"""[[0,1,2,1,1],[1,1,0,1]]""","""[[3,[1]],[11,[1,7,17,11]]]""",False,Q,Q,USp(4),718119433230967367,0
8020.a.256640.1,8020.a,8020,256640,"""[[6,1,-8,-6,0,1],[1,0,0,1]]""","""[[2,[1,0,-1]],[5,[1,2,6,5]],[401,[1,16,416,401]]]""",False,Q,Q,USp(4),1620630113687314468,0
8021.a.8021.1,8021.a,8021,8021,"""[[-1,-1,-1],[1,1,1,1]]""","""[[13,[1,1,11,-13]],[617,[1,-2,614,617]]]""",False,Q,Q,USp(4),470052632482808837,0
8022.a.16044.1,8022.a,8022,16044,"""[[2,3,3,2,1],[0,0,1,1]]""","""[[2,[1,1,2,2]],[3,[1,1,3,3]],[7,[1,3,3,-7]],[191,[1,17,207,191]]]""",False,Q,Q,USp(4),964395098089645755,0
8022.b.256704.1,8022.b,8022,256704,"""[[-1,0,-1,-3,3,-3,1],[1,1,1]]""","""[[2,[1,0,1,-2]],[3,[1,0,2,3]],[7,[1,3,3,-7]],[191,[1,1,191,191]]]""",False,Q,Q,USp(4),1233246774824675737,0
8024.a.64192.1,8024.a,8024,64192,"""[[-4,8,0,-5,-1,1],[0,1,0,1]]""","""[[2,[1,-1]],[17,[1,5,11,-17]],[59,[1,3,55,-59]]]""",False,Q,Q,USp(4),56745690737258671,0
8024.b.272816.1,8024.b,8024,272816,"""[[0,1,0,-4,-2,2],[0,1]]""","""[[2,[1,-1]],[17,[1,1,15,-17]],[59,[1,-9,67,-59]]]""",False,Q,Q,USp(4),555031859676504835,0
8032.a.16064.1,8032.a,8032,16064,"""[[-1,2,-2,1],[0,0,0,1]]""","""[[2,[1]],[251,[1,-28,278,-251]]]""",False,Q,Q,USp(4),451301198181794427,0
8034.a.32136.1,8034.a,8034,32136,"""[[1,3,5,4,2],[0,1,1,1]]""","""[[2,[1,0,1,-2]],[3,[1,1,3,3]],[13,[1,7,19,13]],[103,[1,1,103,103]]]""",False,Q,Q,USp(4),1087843513498363198,0
8034.a.867672.1,8034.a,8034,867672,"""[[-81,-2,55,0,-13,0,1],[0,1,1]]""","""[[2,[1,0,1,-2]],[3,[1,1,3,3]],[13,[1,7,19,13]],[103,[1,1,103,103]]]""",False,Q,Q,USp(4),1087843513498363198,0
8036.a.225008.1,8036.a,8036,225008,"""[[49,7,-50,0,14,-1,-1],[0,1,1]]""","""[[2,[1,2,1]],[7,[1,-2,1]],[41,[1,-7,47,-41]]]""",True,Q x Q,Q x Q,SU(2)xSU(2),1225508611845062821,0
8036.b.787528.1,8036.b,8036,787528,"""[[208,84,-62,-34,0,2],[1,0,0,1]]""","""[[2,[1,0,-1]],[7,[1,-2,1]],[41,[1,-5,35,41]]]""",True,Q x Q,Q x Q,SU(2)xSU(2),1950843986841239228,0
8037.a.377739.1,8037.a,8037,377739,"""[[-3,5,2,-6,0,1],[0,0,1,1]]""","""[[3,[1,0,-1]],[19,[1,5,13,-19]],[47,[1,-10,56,-47]]]""",False,Q,Q,USp(4),1373103707433143119,0
8045.a.8045.1,8045.a,8045,8045,"""[[0,0,0,1,1,1],[1]]""","""[[5,[1,-1,3,5]],[1609,[1,17,1591,-1609]]]""",False,Q,Q,USp(4),1301176675489395338,0
8047.a.8047.1,8047.a,8047,8047,"""[[-2,3,1,-3,-1,1],[0,1,0,1]]""","""[[13,[1,-1,13,-13]],[619,[1,-42,576,619]]]""",False,Q,Q,USp(4),883813375105572073,0
8048.a.128768.1,8048.a,8048,128768,"""[[0,0,0,3,7,4],[1,1]]""","""[[2,[1,1]],[503,[1,23,479,-503]]]""",False,Q,Q,USp(4),1133887280924218500,0
8048.b.128768.1,8048.b,8048,128768,"""[[1,1,1,1,1],[1,1,1,1]]""","""[[2,[1]],[503,[1,-13,489,503]]]""",False,Q,Q,USp(4),1391370889933034375,0
8048.c.515072.1,8048.c,8048,515072,"""[[5,-8,6,-3,-1,1],[0,0,0,1]]""","""[[2,[1]],[503,[1,-35,537,-503]]]""",False,Q,Q,USp(4),1991713712366585572,0
8064.a.8064.1,8064.a,8064,8064,"""[[-1,2,-1,2],[0,0,1,1]]""","""[[2,[1,1]],[3,[1,0,1]],[7,[1,1,7,7]]]""",False,Q,Q,USp(4),879557161631381824,0
8064.b.516096.1,8064.b,8064,516096,"""[[0,0,-1,0,0,-2,1],[1,1]]""","""[[2,[1,-1]],[3,[1,0,1]],[7,[1,1,5,-7]]]""",False,Q,Q,USp(4),1112277928626638270,0
8066.a.32264.1,8066.a,8066,32264,"""[[1,-6,11,-7,0,1],[0,1,1]]""","""[[2,[1,0,1,-2]],[37,[1,-10,26,37]],[109,[1,-10,98,109]]]""",False,Q,Q,USp(4),1586625232022061908,0
8068.a.32272.1,8068.a,8068,32272,"""[[1,-1,0,1],[1,0,0,1]]""","""[[2,[1,0,1]],[2017,[1,6,2010,-2017]]]""",False,Q,Q,USp(4),1011287311804902628,0
8073.a.8073.1,8073.a,8073,8073,"""[[-1,-2,-1],[1,1,0,1]]""","""[[3,[1,1,3]],[13,[1,0,12,-13]],[23,[1,-7,29,-23]]]""",False,Q,Q,USp(4),1128021228250588032,0
8077.a.8077.1,8077.a,8077,8077,"""[[1,6,8,1,-3],[1,0,1,1]]""","""[[41,[1,7,33,-41]],[197,[1,-7,189,197]]]""",False,Q,Q,USp(4),26848899442440303,0
8080.a.161600.1,8080.a,8080,161600,"""[[-2,-2],[1,1,1,1]]""","""[[2,[1]],[5,[1,0,4,5]],[101,[1,-3,103,-101]]]""",False,Q,Q,USp(4),864669646268657479,0
8080.b.517120.1,8080.b,8080,517120,"""[[0,0,0,3,3,-4,1],[1,1]]""","""[[2,[1,-1]],[5,[1,4,8,5]],[101,[1,2,98,-101]]]""",False,Q,Q,USp(4),2199020948620146919,0
8085.a.396165.1,8085.a,8085,396165,"""[[0,1,1,3,-1,1],[1,0,1]]""","""[[3,[1,0,2,-3]],[5,[1,4,8,5]],[7,[1,0,1]],[11,[1,1,11,11]]]""",False,Q,Q,USp(4),435815586176430735,0
8086.a.32344.1,8086.a,8086,32344,"""[[-10,-5,3,1,1,1],[1,0,0,1]]""","""[[2,[1,2,3,2]],[13,[1,3,9,-13]],[311,[1,-3,307,311]]]""",False,Q,Q,USp(4),188264148200163309,0
8088.a.97056.1,8088.a,8088,97056,"""[[0,0,-2,-4,2,6],[1,1]]""","""[[2,[1,-1]],[3,[1,2,4,3]],[337,[1,23,359,337]]]""",False,Q,Q,USp(4),1852586404257678287,0
8088.b.873504.1,8088.b,8088,873504,"""[[1,9,17,-6,-6,2],[1,1]]""","""[[2,[1,1]],[3,[1,0,2,3]],[337,[1,21,315,-337]]]""",False,Q,Q,USp(4),148991943314732007,0
8091.a.24273.1,8091.a,8091,24273,"""[[2,-2,-1,0,-1],[1,1,0,1]]""","""[[3,[1,2,3]],[29,[1,9,19,-29]],[31,[1,3,27,-31]]]""",False,Q,Q,USp(4),1517016542328503845,0
8091.b.218457.1,8091.b,8091,218457,"""[[1,-1,1,0,-1],[1,0,1,1]]""","""[[3,[1,0,-1]],[29,[1,3,25,-29]],[31,[1,1,29,-31]]]""",False,Q,Q,USp(4),2146675832764158473,0
8097.a.24291.1,8097.a,8097,24291,"""[[1,0,0,-1,-1],[0,1,0,1]]""","""[[3,[1,1,1,-3]],[2699,[1,-39,2659,2699]]]""",False,Q,Q,USp(4),1328652203437997399,0
8100.a.145800.1,8100.a,8100,145800,"""[[2,-2,-4,1,1],[1,1,0,1]]""","""[[2,[1,1,1]],[3,[1]],[5,[1,3,5]]]""",False,Q,Q,USp(4),934804694592264957,0
8104.a.64832.1,8104.a,8104,64832,"""[[0,0,1,0,2,0,1],[1,1]]""","""[[2,[1,-1]],[1013,[1,35,977,-1013]]]""",False,Q,Q,USp(4),2122841133092086718,0
8112.a.129792.1,8112.a,8112,129792,"""[[0,1,1,-1,1,1],[]]""","""[[2,[1]],[3,[1,1,3,3]],[13,[1,0,-1]]]""",True,Q x Q,Q x Q,SU(2)xSU(2),1189943245577145943,0
8120.a.470960.1,8120.a,8120,470960,"""[[0,-1,-1,6,-6,2],[0,1]]""","""[[2,[1,1]],[5,[1,3,1,-5]],[7,[1,3,9,7]],[29,[1,-7,35,-29]]]""",False,Q,Q,USp(4),212072660237093286,0
8128.a.8128.1,8128.a,8128,8128,"""[[0,-1,3,-1,-3],[0,1,0,1]]""","""[[2,[1,1,2]],[127,[1,-15,111,127]]]""",False,Q,Q,USp(4),242005430257300804,0
8128.b.520192.1,8128.b,8128,520192,"""[[0,-1,-2,-2,-1,0,1],[0,1]]""","""[[2,[1,-1]],[127,[1,6,132,127]]]""",False,Q,Q,USp(4),274338857614189270,0
8132.a.32528.1,8132.a,8132,32528,"""[[0,0,-1,-3,0,2],[1,1,1]]""","""[[2,[1,0,-1]],[19,[1,-2,20,-19]],[107,[1,-2,108,-107]]]""",False,Q,Q,USp(4),811355663185699078,0
8133.a.8133.1,8133.a,8133,8133,"""[[1,2,2],[1,0,0,1]]""","""[[3,[1,1,3,3]],[2711,[1,-25,2735,-2711]]]""",False,Q,Q,USp(4),36580937502520276,0
8136.a.781056.1,8136.a,8136,781056,"""[[-1,1,3,-6,-4,6],[1,1]]""","""[[2,[1,1]],[3,[1,0,-1]],[113,[1,15,127,113]]]""",False,Q,Q,USp(4),35346343276192443,0
8157.a.8157.1,8157.a,8157,8157,"""[[-1,2,-1,-1,0,1],[1]]""","""[[3,[1,1,1,-3]],[2719,[1,76,2794,2719]]]""",False,Q,Q,USp(4),1333210477984773193,0
8162.a.865172.1,8162.a,8162,865172,"""[[-7,-1,1,-1,0,1],[0,1,0,1]]""","""[[2,[1,1,2,2]],[7,[1,1,5,-7]],[11,[1,5,15,11]],[53,[1,7,59,53]]]""",False,Q,Q,USp(4),1024519828791229046,0
8172.a.523008.1,8172.a,8172,523008,"""[[1848,940,-98,-61,1,1],[0,0,1]]""","""[[2,[1,-1,2]],[3,[1,0,1]],[227,[1,-29,255,-227]]]""",False,Q,Q,USp(4),1279083042366870145,0
8177.a.106301.1,8177.a,8177,106301,"""[[0,-1,5,0,-3],[0,1,0,1]]""","""[[13,[1,5,17,13]],[17,[1,3,13,-17]],[37,[1,-7,29,37]]]""",False,Q,Q,USp(4),1903616919004921497,0
8177.b.106301.1,8177.b,8177,106301,"""[[-2,5,1,-7,0,1],[0,0,1,1]]""","""[[13,[1,-3,15,-13]],[17,[1,5,11,-17]],[37,[1,-3,39,-37]]]""",False,Q,Q,USp(4),2021286861143997832,0
8179.a.8179.1,8179.a,8179,8179,"""[[0,-1,0,1,-3,1],[1,1,0,1]]""","""[[8179,[1,47,8225,8179]]]""",False,Q,Q,USp(4),904341184174484618,0
8181.a.24543.1,8181.a,8181,24543,"""[[-1,0,0,3,-4,1],[0,1,1]]""","""[[3,[1,-1]],[101,[1,1,99,-101]]]""",False,Q,Q,USp(4),1660732595629922333,0
8183.a.8183.1,8183.a,8183,8183,"""[[0,1,-2,0,-1,1],[0,1,1]]""","""[[7,[1,0,7]],[167,[1,-9,175,-167]]]""",False,Q,Q,USp(4),1552193331167805411,0
8184.a.540144.1,8184.a,8184,540144,"""[[0,1,2,-3,-7,6],[1,1]]""","""[[2,[1,1]],[3,[1,1,3,3]],[11,[1,1,11,11]],[31,[1,1,31,31]]]""",False,Q,Q,USp(4),1975584814551092502,0
8190.a.982800.1,8190.a,8190,982800,"""[[0,3,17,6,-7,1],[0,1,1]]""","""[[2,[1,0,1,2]],[3,[1,0,3]],[5,[1,3,1,-5]],[7,[1,3,3,-7]],[13,[1,1,11,-13]]]""",False,Q,Q,USp(4),1832217540090969178,0
8192.a.131072.1,8192.a,8192,131072,"""[[0,-1,-3,8,15,4],[1]]""","""[[2,[1]]]""",False,Q,M_2(Q),J(E_4),900637124535116440,0
8192.a.32768.1,8192.a,8192,32768,"""[[0,2,0,-3,0,1],[]]""","""[[2,[1]]]""",False,Q,M_2(Q),J(E_4),900637124535116440,0
8192.b.131072.1,8192.b,8192,131072,"""[[0,-4,6,0,-3,1],[]]""","""[[2,[1]]]""",False,Q,M_2(Q),J(E_2),154340909820302505,0
8192.c.524288.1,8192.c,8192,524288,"""[[2,0,4,0,3,0,1],[]]""","""[[2,[1]]]""",True,Q x Q,CM x Q,N(U(1)xSU(2)),1079823929938950110,0
8192.c.524288.2,8192.c,8192,524288,"""[[-2,0,4,0,-3,0,1],[]]""","""[[2,[1]]]""",True,Q x Q,CM x Q,N(U(1)xSU(2)),1079823929938950110,0
8192.d.524288.1,8192.d,8192,524288,"""[[-2,0,-4,0,-3,0,-1],[]]""","""[[2,[1]]]""",True,Q x Q,CM x Q,N(U(1)xSU(2)),2252216975350229164,0
8192.d.524288.2,8192.d,8192,524288,"""[[2,0,-4,0,3,0,-1],[]]""","""[[2,[1]]]""",True,Q x Q,CM x Q,N(U(1)xSU(2)),2252216975350229164,0
8196.a.16392.1,8196.a,8196,16392,"""[[3,-9,6,1,0,-2],[0,1,1]]""","""[[2,[1,0,-1]],[3,[1,1,1,-3]],[683,[1,1,683,683]]]""",False,Q,Q,USp(4),600258668625471547,0
8200.a.82000.1,8200.a,8200,82000,"""[[0,1,1,-6,2,2],[0,1]]""","""[[2,[1,1]],[5,[1,2,5]],[41,[1,-7,47,-41]]]""",False,Q,Q,USp(4),1922887902385906990,0
8201.a.8201.1,8201.a,8201,8201,"""[[3,-5,1,0,-1],[1,0,1,1]]""","""[[59,[1,-7,65,-59]],[139,[1,-8,130,139]]]""",False,Q,Q,USp(4),1356357654229557755,0
8201.b.8201.1,8201.b,8201,8201,"""[[0,1],[1,1,1,1]]""","""[[59,[1,11,47,-59]],[139,[1,5,143,139]]]""",False,Q,Q,USp(4),1936902832430496025,0
8204.a.32816.1,8204.a,8204,32816,"""[[0,-1,2,-2,0,0,1],[1]]""","""[[2,[1,2,2]],[7,[1,5,11,7]],[293,[1,-20,312,-293]]]""",False,Q,Q,USp(4),1372694180191656949,0
8208.a.8208.1,8208.a,8208,8208,"""[[0,-2,1],[1,1,1,1]]""","""[[2,[1,2,2]],[3,[1,2,3]],[19,[1,-6,12,19]]]""",False,Q,Q,USp(4),804998122057175906,0
8212.a.32848.1,8212.a,8212,32848,"""[[1,-2,-1,2],[0,1,0,1]]""","""[[2,[1,1,2]],[2053,[1,15,2037,-2053]]]""",False,Q,Q,USp(4),1984685983776702791,0
8220.a.295920.1,8220.a,8220,295920,"""[[-1,-1,0,0,1,-1],[1,1,1]]""","""[[2,[1,0,1]],[3,[1,1,1,-3]],[5,[1,0,4,-5]],[137,[1,17,119,-137]]]""",False,Q,Q,USp(4),396080692091329748,0
8228.a.526592.1,8228.a,8228,526592,"""[[0,-2,2,2,-2],[1,0,0,1]]""","""[[2,[1,0,-1]],[11,[1,0,1]],[17,[1,-2,14,17]]]""",False,Q,Q,USp(4),4435011634690227,0
8233.a.8233.1,8233.a,8233,8233,"""[[3,0,-9,0,4,-2],[1,1,0,1]]""","""[[8233,[1,99,8133,-8233]]]""",False,Q,Q,USp(4),684351453730998244,0
8236.a.584756.1,8236.a,8236,584756,"""[[0,2,6,2,-2,1],[1,1,1]]""","""[[2,[1,0,1]],[29,[1,5,23,-29]],[71,[1,5,75,71]]]""",False,Q,Q,USp(4),2089423442516366045,0
8242.a.65936.1,8242.a,8242,65936,"""[[0,-2,4,0,-2,-1],[1,0,0,1]]""","""[[2,[1,2,3,2]],[13,[1,2,14,13]],[317,[1,-5,321,-317]]]""",False,Q,Q,USp(4),1830522644278006818,0
8243.a.8243.1,8243.a,8243,8243,"""[[0,2,4,-3,-11,1],[1]]""","""[[8243,[1,144,8098,-8243]]]""",False,Q,Q,USp(4),533948342840643777,0
8246.a.16492.1,8246.a,8246,16492,"""[[0,0,1,2,3,1],[1,1]]""","""[[2,[1,1,2,2]],[7,[1,0,6,7]],[19,[1,0,18,19]],[31,[1,7,23,-31]]]""",False,Q,Q,USp(4),1754098078827887327,0
8251.a.8251.1,8251.a,8251,8251,"""[[-1,2,-3],[1,1,0,1]]""","""[[37,[1,-3,39,-37]],[223,[1,29,251,223]]]""",False,Q,Q,USp(4),2044056247418144318,0
8256.a.16512.1,8256.a,8256,16512,"""[[0,-1,0,-1,1],[1,1,1,1]]""","""[[2,[1]],[3,[1,2,4,3]],[43,[1,7,35,-43]]]""",False,Q,Q,USp(4),1569649109275855762,0
8259.a.8259.1,8259.a,8259,8259,"""[[-1,1,-3,1,-1,-1],[1,1,0,1]]""","""[[3,[1,1,1,-3]],[2753,[1,40,2792,2753]]]""",False,Q,Q,USp(4),1039321498912186586,0
8271.a.24813.1,8271.a,8271,24813,"""[[11,0,-9,7,11,3],[1,1]]""","""[[3,[1,0,-1]],[919,[1,-33,951,-919]]]""",False,Q,Q,USp(4),1693245403814446852,0
8271.b.24813.1,8271.b,8271,24813,"""[[2,3,0,-3,-1,1],[1,1]]""","""[[3,[1,0,3]],[919,[1,17,901,-919]]]""",False,Q,Q,USp(4),1822965886446191265,0
8271.c.223317.1,8271.c,8271,223317,"""[[2,18,35,-4,-8,1],[1,0,1]]""","""[[3,[1,0,-1]],[919,[1,-43,875,919]]]""",False,Q,Q,USp(4),109775600270934948,0
8271.d.223317.1,8271.d,8271,223317,"""[[0,1,3,8,14,9],[0,1]]""","""[[3,[1,0,-1]],[919,[1,-41,959,-919]]]""",False,Q,Q,USp(4),505651234907291032,0
8272.a.529408.1,8272.a,8272,529408,"""[[0,2,6,-6,-27,4],[1,1]]""","""[[2,[1,1,2]],[11,[1,1,11,11]],[47,[1,11,35,-47]]]""",False,Q,Q,USp(4),1475768522938244530,0
8272.a.8272.1,8272.a,8272,8272,"""[[0,1,-1,2,-1,1],[1,0,1]]""","""[[2,[1,1,2]],[11,[1,1,11,11]],[47,[1,11,35,-47]]]""",False,Q,Q,USp(4),1475768522938244530,0
8274.a.173754.1,8274.a,8274,173754,"""[[0,1,-1,-12,1,21],[1,1]]""","""[[2,[1,1,2,2]],[3,[1,-1,3,-3]],[7,[1,2,4,-7]],[197,[1,-11,207,-197]]]""",False,Q,Q,USp(4),461948558945198250,0
8281.a.753571.1,8281.a,8281,753571,"""[[2,-4,7,-7,6,-3,1],[1]]""","""[[7,[1,0,-1]],[13,[1,0,-1]]]""",True,Q x Q,Q x Q,SU(2)xSU(2),464560706679296141,0
8281.a.8281.1,8281.a,8281,8281,"""[[0,0,-1,-3,-1],[1,1,1,1]]""","""[[7,[1,0,-1]],[13,[1,0,-1]]]""",True,Q x Q,Q x Q,SU(2)xSU(2),464560706679296141,0
8281.b.405769.1,8281.b,8281,405769,"""[[0,1,-2,-7,9,-3],[1,1,0,1]]""","""[[7,[1,5,7]],[13,[1,2,13]]]""",True,CM,M_2(Q),E_6,1915524176271147954,0
8281.c.405769.1,8281.c,8281,405769,"""[[0,-1,3,11,8,1],[0,1,1]]""","""[[7,[1,4,7]],[13,[1,2,13]]]""",True,CM,M_2(Q),E_6,507184200949810212,0
8288.a.132608.1,8288.a,8288,132608,"""[[-5,-19,-28,-1,-10,0,-1],[1,1,1,1]]""","""[[2,[1,-2,2]],[7,[1,2,8,7]],[37,[1,-5,31,37]]]""",False,Q,Q,USp(4),1780962278158968162,0
8295.a.655305.1,8295.a,8295,655305,"""[[0,1,-3,3,0,1],[0,1,1]]""","""[[3,[1,1,3,3]],[5,[1,-1,3,5]],[7,[1,-3,3,7]],[79,[1,1,79,79]]]""",False,Q,Q,USp(4),51070616469085151,0
8303.a.8303.1,8303.a,8303,8303,"""[[-1,-2,-4,-5,-5,-3,-1],[1]]""","""[[19,[1,0,-1]],[23,[1,-1,23,-23]]]""",True,Q x Q,Q x Q,SU(2)xSU(2),1214910252973165794,0
8303.b.8303.1,8303.b,8303,8303,"""[[0,0,-1,0,0,-1],[1,1,1]]""","""[[19,[1,8,19]],[23,[1,1,21,-23]]]""",False,Q,Q,USp(4),1290968873479908830,0
8324.a.8324.1,8324.a,8324,8324,"""[[0,1,0,-6,7,-4,1],[1,1,1]]""","""[[2,[1,0,1]],[2081,[1,75,2005,-2081]]]""",False,Q,Q,USp(4),779089250661740305,0
8324.b.133184.1,8324.b,8324,133184,"""[[1,1,3,2,1],[0,1,1,1]]""","""[[2,[1,0,-1]],[2081,[1,31,2111,2081]]]""",False,Q,Q,USp(4),1904961318460221852,0
8325.a.374625.1,8325.a,8325,374625,"""[[0,-1,1,2,2],[1,0,1,1]]""","""[[3,[1,0,-1]],[5,[1,3,5]],[37,[1,7,29,-37]]]""",False,Q,Q,USp(4),227672009292420948,0
8330.a.58310.1,8330.a,8330,58310,"""[[-5,-5,5,0,-5,1],[0,1]]""","""[[2,[1,-1,0,2]],[5,[1,-1,5,-5]],[7,[1,0,7]],[17,[1,-5,11,17]]]""",False,Q,Q,USp(4),2173440218893042697,0
8332.a.33328.1,8332.a,8332,33328,"""[[1,3,2],[1,0,0,1]]""","""[[2,[1,0,1]],[2083,[1,14,2068,-2083]]]""",False,Q,Q,USp(4),2227011232632980871,0
8332.b.66656.1,8332.b,8332,66656,"""[[0,0,-2,2],[1,0,0,1]]""","""[[2,[1,0,-1]],[2083,[1,-81,2001,2083]]]""",False,Q,Q,USp(4),2227494435005662729,0
8335.a.8335.1,8335.a,8335,8335,"""[[0,-1,1,0,0,1],[1,1,0,1]]""","""[[5,[1,-1,5,-5]],[1667,[1,-74,1592,1667]]]""",False,Q,Q,USp(4),1887576892994452839,0
8339.a.258509.1,8339.a,8339,258509,"""[[-1,-2,-1,-1,-1,1],[0,1]]""","""[[31,[1,11,41,31]],[269,[1,1,269,269]]]""",False,Q,Q,USp(4),2027066984826832692,0
8340.a.100080.1,8340.a,8340,100080,"""[[0,0,0,4,4,1],[1,1,1]]""","""[[2,[1,0,1]],[3,[1,1,1,-3]],[5,[1,2,2,-5]],[139,[1,15,123,-139]]]""",False,Q,Q,USp(4),993166141063236215,0
8346.a.450684.1,8346.a,8346,450684,"""[[-1,2,-3,0,4,-2],[1,0,0,1]]""","""[[2,[1,0,1,2]],[3,[1,2,4,3]],[13,[1,6,18,13]],[107,[1,-13,119,-107]]]""",False,Q,Q,USp(4),1542608204712538920,0
8352.a.50112.1,8352.a,8352,50112,"""[[-1,-4,-2,6,2,-4,1],[0,1]]""","""[[2,[1,1,2]],[3,[1,-1,3]],[29,[1,7,35,29]]]""",False,Q,Q,USp(4),402788449559665765,0
8352.b.200448.1,8352.b,8352,200448,"""[[0,0,-1,-1,-1,0,1],[1,1]]""","""[[2,[1,1]],[3,[1,1,3]],[29,[1,3,25,-29]]]""",False,Q,Q,USp(4),299259784450713869,0
8356.a.534784.1,8356.a,8356,534784,"""[[-3,-11,0,12,-7,1],[0,1,1]]""","""[[2,[1,0,-1]],[2089,[1,-43,2131,-2089]]]""",False,Q,Q,USp(4),224557075124598380,0
8356.a.66848.1,8356.a,8356,66848,"""[[-9,11,-14,6,-8,4,-3],[0,1,1]]""","""[[2,[1,0,-1]],[2089,[1,-43,2131,-2089]]]""",False,Q,Q,USp(4),224557075124598380,0
8356.b.267392.1,8356.b,8356,267392,"""[[1,-1,-1,2,1],[0,1,1,1]]""","""[[2,[1,0,-1]],[2089,[1,11,2099,2089]]]""",False,Q,Q,USp(4),1047465051341899973,0
8357.a.8357.1,8357.a,8357,8357,"""[[0,0,-2,-4,-1,1],[1,1]]""","""[[61,[1,3,63,61]],[137,[1,13,123,-137]]]""",False,Q,Q,USp(4),110808072570936972,0
8357.a.8357.2,8357.a,8357,8357,"""[[-10,37,-40,1,11,1],[1,0,1]]""","""[[61,[1,3,63,61]],[137,[1,13,123,-137]]]""",False,Q,Q,USp(4),110808072570936972,0
8357.b.8357.1,8357.b,8357,8357,"""[[0,0,0,-3,3,-1],[1,1]]""","""[[61,[1,13,47,-61]],[137,[1,-1,135,137]]]""",False,Q,Q,USp(4),555541068771206972,0
8361.a.8361.1,8361.a,8361,8361,"""[[-1,-2,-2,0,1,1],[1,1,1]]""","""[[3,[1,0,-1]],[929,[1,-35,963,-929]]]""",False,Q,Q,USp(4),2286603866555554977,0
8361.a.8361.2,8361.a,8361,8361,"""[[2577,-954,-200,61,7,1,-1],[0,1,1,1]]""","""[[3,[1,0,-1]],[929,[1,-35,963,-929]]]""",False,Q,Q,USp(4),2286603866555554977,0
8366.a.16732.1,8366.a,8366,16732,"""[[0,0,2,4,5,3,1],[1,1]]""","""[[2,[1,1,2,2]],[47,[1,2,44,-47]],[89,[1,-9,97,-89]]]""",False,Q,Q,USp(4),225357272713903774,0
8367.a.225909.1,8367.a,8367,225909,"""[[-1,-1,-1,1,1],[0,0,1,1]]""","""[[3,[1,-1,3,-3]],[2789,[1,-3,2785,2789]]]""",False,Q,Q,USp(4),1538668235302211612,0
8368.a.133888.1,8368.a,8368,133888,"""[[0,-1,4,-1,-3],[0,1,0,1]]""","""[[2,[1,1]],[523,[1,-15,507,523]]]""",False,Q,Q,USp(4),695667068447535462,0
8370.a.16740.1,8370.a,8370,16740,"""[[3,-8,0,8,0,-3,-1],[1,0,0,1]]""","""[[2,[1,-2,3,-2]],[3,[1,0,3]],[5,[1,-3,7,-5]],[31,[1,1,31,31]]]""",False,Q,Q,USp(4),1695817366692114400,0
8370.b.225990.1,8370.b,8370,225990,"""[[-16,33,-57,50,-38,15,-5],[1,1,1]]""","""[[2,[1,2,3,2]],[3,[1,1]],[5,[1,-3,7,-5]],[31,[1,1,31,31]]]""",True,Q x Q,Q x Q,SU(2)xSU(2),1858396203087618431,0
8372.a.133952.1,8372.a,8372,133952,"""[[-29,23,-74,47,-74,23,-29],[0,1,1]]""","""[[2,[1,2,1]],[7,[1,-1,7,-7]],[13,[1,3,9,-13]],[23,[1,-1,23,-23]]]""",True,Q x Q,Q x Q,SU(2)xSU(2),523173081193715197,0
8375.a.41875.1,8375.a,8375,41875,"""[[0,1,2,1,1,1],[0,1]]""","""[[5,[1,-1]],[67,[1,3,63,-67]]]""",False,Q,Q,USp(4),311579043764578304,0
8379.a.410571.1,8379.a,8379,410571,"""[[0,1,-9,-10,-1,1],[0,1]]""","""[[3,[1,0,1]],[7,[1,0,7]],[19,[1,1,19,19]]]""",False,Q,Q,USp(4),734848689655662017,0
8396.a.8396.1,8396.a,8396,8396,"""[[1,-4,6,-4,0,1],[1,0,0,1]]""","""[[2,[1,0,1]],[2099,[1,-41,2139,-2099]]]""",False,Q,Q,USp(4),2027796710691565260,0
8396.b.134336.1,8396.b,8396,134336,"""[[4,6,3,0,1,1],[1,0,0,1]]""","""[[2,[1,0,-1]],[2099,[1,13,2111,2099]]]""",False,Q,Q,USp(4),1961542413177904758,0
8400.a.8400.1,8400.a,8400,8400,"""[[105,0,72,0,16,0,1],[0,1,0,1]]""","""[[2,[1,-1,2]],[3,[1,-1,3,-3]],[5,[1,-2,1]],[7,[1,-5,11,-7]]]""",True,Q x Q,Q x Q,SU(2)xSU(2),244955300028751689,0
8400.b.420000.1,8400.b,8400,420000,"""[[42,0,25,0,4],[0,1,0,1]]""","""[[2,[1,1]],[3,[1,1,3,3]],[5,[1,0,-1]],[7,[1,5,11,7]]]""",True,Q x Q,Q x Q,SU(2)xSU(2),609593150105260014,0
8424.a.303264.1,8424.a,8424,303264,"""[[-26,0,23,0,-5],[0,1,0,1]]""","""[[2,[1,1]],[3,[1]],[13,[1,-1,11,13]]]""",True,Q x Q,CM x Q,N(U(1)xSU(2)),1201055548105603695,0
8436.a.269952.1,8436.a,8436,269952,"""[[0,1,-1,1,1],[1,0,0,1]]""","""[[2,[1,0,-1]],[3,[1,3,5,3]],[19,[1,5,13,-19]],[37,[1,-6,42,-37]]]""",False,Q,Q,USp(4),528712617696432278,0
8441.a.8441.1,8441.a,8441,8441,"""[[-1,-1,0,0,1],[1,0,1,1]]""","""[[23,[1,-4,26,-23]],[367,[1,-27,393,-367]]]""",False,Q,Q,USp(4),1738610290456687591,0
8447.a.8447.1,8447.a,8447,8447,"""[[0,3,-2,4,-1,1],[1,1]]""","""[[8447,[1,3,8443,-8447]]]""",False,Q,Q,USp(4),1305013330816757679,0
8448.a.33792.1,8448.a,8448,33792,"""[[1,-2,3,-1,0,1],[]]""","""[[2,[1]],[3,[1,0,2,3]],[11,[1,-1,11,-11]]]""",False,Q,Q,USp(4),672893609020943349,0
8450.a.8450.1,8450.a,8450,8450,"""[[0,21,-5,-9,1,1],[1,1]]""","""[[2,[1,1,0,-2]],[5,[1,0,1]],[13,[1,6,13]]]""",False,Q,Q,USp(4),1921283935120683331,0
8450.b.67600.1,8450.b,8450,67600,"""[[0,1,4,5,4,1],[0,1,1]]""","""[[2,[1,0,1,-2]],[5,[1,0,-1]],[13,[1,0,-1]]]""",True,Q x Q,Q x Q,SU(2)xSU(2),903701545956835610,0
8450.c.84500.1,8450.c,8450,84500,"""[[0,0,-5,10,-5],[1,0,0,1]]""","""[[2,[1,2,3,2]],[5,[1,0,-1]],[13,[1,0,-1]]]""",True,Q x Q,Q x Q,SU(2)xSU(2),1823307699705858345,0
8451.a.8451.1,8451.a,8451,8451,"""[[-1,0,-1,0,-1],[1,1,0,1]]""","""[[3,[1,2,3]],[313,[1,4,316,313]]]""",False,Q,Q,USp(4),65567467778680970,0
8451.b.76059.1,8451.b,8451,76059,"""[[1,0,-6,7,-3,1],[0,1]]""","""[[3,[1,2,3]],[313,[1,7,319,313]]]""",False,Q,Q,USp(4),1971932132115371173,0
8452.a.16904.1,8452.a,8452,16904,"""[[0,1,1,-3,-2,1],[1,1,0,1]]""","""[[2,[1,1,1]],[2113,[1,35,2147,2113]]]""",False,Q,Q,USp(4),1025284610464751701,0
8452.b.16904.1,8452.b,8452,16904,"""[[-12,5,10,-4,-3],[1,0,1,1]]""","""[[2,[1,1,1]],[2113,[1,61,2051,-2113]]]""",False,Q,Q,USp(4),55056182624253434,0
8452.c.270464.1,8452.c,8452,270464,"""[[4,2,4,1,1],[0,1,1,1]]""","""[[2,[1,0,-1]],[2113,[1,83,2195,2113]]]""",False,Q,Q,USp(4),1126355767063160187,0
8454.a.16908.1,8454.a,8454,16908,"""[[1,-1,0,1,-2],[0,1,1,1]]""","""[[2,[1,0,1,2]],[3,[1,1,3,3]],[1409,[1,-3,1411,-1409]]]""",False,Q,Q,USp(4),998428478463775758,0
8462.a.33848.1,8462.a,8462,33848,"""[[-4,-2,-10,-3,-9,-1,-3],[0,1]]""","""[[2,[1,1,0,-2]],[4231,[1,92,4138,-4231]]]""",False,Q,Q,USp(4),2302738141910900111,0
8462.b.541568.1,8462.b,8462,541568,"""[[3,5,4,2,1],[0,0,1,1]]""","""[[2,[1,1,0,-2]],[4231,[1,8,4238,4231]]]""",False,Q,Q,USp(4),1600600186485756393,0
8468.a.618164.1,8468.a,8468,618164,"""[[-9,-10,-1,0,-1],[0,1,1,1]]""","""[[2,[1,0,1]],[29,[1,-9,37,-29]],[73,[1,5,77,73]]]""",False,Q,Q,USp(4),374462687387575251,0
8470.a.42350.1,8470.a,8470,42350,"""[[-3,4,0,11,0,4,-3],[0,1,1]]""","""[[2,[1,0,1,2]],[5,[1,-3,7,-5]],[7,[1,1,7,7]],[11,[1,0,-1]]]""",True,Q x Q,Q x Q,SU(2)xSU(2),1275592799514399687,0
8474.a.16948.1,8474.a,8474,16948,"""[[5,1,7,2,2],[0,1,1,1]]""","""[[2,[1,0,1,-2]],[19,[1,1,17,-19]],[223,[1,-7,215,223]]]""",False,Q,Q,USp(4),589060216520498451,0
8475.a.8475.1,8475.a,8475,8475,"""[[1,5,5,-2,-3,1],[1]]""","""[[3,[1,-2,4,-3]],[5,[1,0,5]],[113,[1,-7,119,-113]]]""",False,Q,Q,USp(4),469218861091905974,0
8480.a.84800.1,8480.a,8480,84800,"""[[-1,-2,0,1,1],[0,0,1,1]]""","""[[2,[1,1]],[5,[1,3,7,5]],[53,[1,-3,55,-53]]]""",False,Q,Q,USp(4),1957813936112992175,0
8485.a.8485.1,8485.a,8485,8485,"""[[0,-1,2,-1,0,1],[1]]""","""[[5,[1,1,3,-5]],[1697,[1,-33,1663,1697]]]""",False,Q,Q,USp(4),954229104965019715,0
8489.a.8489.1,8489.a,8489,8489,"""[[0,-1,1,0,1],[1,0,1,1]]""","""[[13,[1,-4,16,-13]],[653,[1,15,667,653]]]""",False,Q,Q,USp(4),1260994884056392161,0
8490.a.50940.1,8490.a,8490,50940,"""[[-4,0,5,2,2,3,1],[1,1,1]]""","""[[2,[1,0,1,2]],[3,[1,1,3,3]],[5,[1,1,3,-5]],[283,[1,29,311,283]]]""",False,Q,Q,USp(4),2187965788573987112,0
8490.b.84900.1,8490.b,8490,84900,"""[[-1,2,-3,1,1,-2,1],[1,0,0,1]]""","""[[2,[1,-2,3,-2]],[3,[1,-1,1,3]],[5,[1,-1,3,5]],[283,[1,19,263,-283]]]""",False,Q,Q,USp(4),88163846958009167,0
8492.a.373648.1,8492.a,8492,373648,"""[[0,1,0,-2,3,-2,1],[1]]""","""[[2,[1,0,2]],[11,[1,1,11,11]],[193,[1,2,194,193]]]""",False,Q,Q,USp(4),2045685382239267141,0
8510.a.17020.1,8510.a,8510,17020,"""[[1,0,-1],[1,0,0,1]]""","""[[2,[1,0,1,2]],[5,[1,2,2,-5]],[23,[1,7,29,23]],[37,[1,1,37,37]]]""",False,Q,Q,USp(4),465849765520623639,0
8511.a.25533.1,8511.a,8511,25533,"""[[-1,2,0,-6,0,5,2],[1,1]]""","""[[3,[1,-1,1,3]],[2837,[1,43,2879,2837]]]""",False,Q,Q,USp(4),609161747280542132,0
8511.b.229797.1,8511.b,8511,229797,"""[[2,1,0,-1,-2,1],[1,0,1]]""","""[[3,[1,-1,3,-3]],[2837,[1,55,2891,2837]]]""",False,Q,Q,USp(4),405982923421984892,0
8512.a.272384.1,8512.a,8512,272384,"""[[1,-3,1,-1,1],[0,1,0,1]]""","""[[2,[1,1]],[7,[1,6,12,7]],[19,[1,-3,21,-19]]]""",False,Q,Q,USp(4),915629094129538272,0
8518.a.34072.1,8518.a,8518,34072,"""[[3,1,5,0,2],[1,0,0,1]]""","""[[2,[1,0,1,-2]],[4259,[1,1,4259,4259]]]""",False,Q,Q,USp(4),63936648597926299,0
8522.a.17044.1,8522.a,8522,17044,"""[[0,0,1,2,3,2],[1,1,1]]""","""[[2,[1,2,3,2]],[4261,[1,-65,4325,-4261]]]""",False,Q,Q,USp(4),1401804089582978437,0
8523.a.690363.1,8523.a,8523,690363,"""[[-2,1,4,-2,-1],[0,0,0,1]]""","""[[3,[1,0,-1]],[947,[1,58,1004,947]]]""",False,Q,Q,USp(4),913924479243276055,0
8528.a.136448.1,8528.a,8528,136448,"""[[0,-4,-21,35,-16,2],[0,1]]""","""[[2,[1,1]],[13,[1,-5,17,-13]],[41,[1,7,47,41]]]""",False,Q,Q,USp(4),2296882214910680591,0
8532.a.68256.1,8532.a,8532,68256,"""[[-5,-1,-8,0,-3,1],[0,1,1]]""","""[[2,[1,0,-1]],[3,[1,0,3]],[79,[1,1,79,79]]]""",False,Q,Q,USp(4),1094026898269124362,0
8532.b.674028.1,8532.b,8532,674028,"""[[-14,46,-43,0,12,0,-2],[0,1,1]]""","""[[2,[1,0,-1]],[3,[1,2,3]],[79,[1,-9,87,-79]]]""",False,Q,Q,USp(4),322070078878319732,0
8536.a.273152.1,8536.a,8536,273152,"""[[1,1,0,-3,-3],[0,1,0,1]]""","""[[2,[1,-1]],[11,[1,6,16,11]],[97,[1,5,91,-97]]]""",False,Q,Q,USp(4),782671694116818897,0
8539.a.8539.1,8539.a,8539,8539,"""[[1,1],[0,0,0,1]]""","""[[8539,[1,119,8657,8539]]]""",False,Q,Q,USp(4),2179539400796442122,0
8549.a.8549.1,8549.a,8549,8549,"""[[1,2,0,-2,-1,1],[1]]""","""[[83,[1,8,74,-83]],[103,[1,-15,117,-103]]]""",False,Q,Q,USp(4),1675471873417029032,0
8549.b.8549.1,8549.b,8549,8549,"""[[0,-1,0,4,-4,1],[0,1]]""","""[[83,[1,-9,73,83]],[103,[1,5,97,-103]]]""",False,Q,Q,USp(4),374948881991960458,0
8550.a.85500.1,8550.a,8550,85500,"""[[-4,-15,-16,2,8],[1,0,0,1]]""","""[[2,[1,2,3,2]],[3,[1,2,1]],[5,[1,-2,1]],[19,[1,-5,23,-19]]]""",True,Q x Q,Q x Q,SU(2)xSU(2),1958053561955095536,0
8550.b.213750.1,8550.b,8550,213750,"""[[3,9,1,-13,-3,5],[0,1,1]]""","""[[2,[1,0,1,-2]],[3,[1,0,-1]],[5,[1,-2,1]],[19,[1,-3,15,19]]]""",True,Q x Q,Q x Q,SU(2)xSU(2),482695452453262417,0
8550.c.256500.1,8550.c,8550,256500,"""[[-5,10,-22,21,-22,10,-5],[0,1,1]]""","""[[2,[1,0,1,2]],[3,[1,0,-1]],[5,[1,2,1]],[19,[1,5,23,19]]]""",True,Q x Q,Q x Q,SU(2)xSU(2),1629935082591245388,0
8551.a.8551.1,8551.a,8551,8551,"""[[-1,-2,-1,1,2,0,-1],[0,1,1]]""","""[[17,[1,3,13,-17]],[503,[1,-41,543,-503]]]""",False,Q,Q,USp(4),597271720034790244,0
8554.a.17108.1,8554.a,8554,17108,"""[[1,-3,0,0,-1],[0,1,1,1]]""","""[[2,[1,0,1,2]],[7,[1,0,6,-7]],[13,[1,4,8,-13]],[47,[1,-11,57,-47]]]""",False,Q,Q,USp(4),206533632116178581,0
8556.a.410688.1,8556.a,8556,410688,"""[[0,0,-3,1,1,1],[1,1,0,1]]""","""[[2,[1,1,1]],[3,[1,2,4,3]],[23,[1,5,17,-23]],[31,[1,8,38,31]]]""",False,Q,Q,USp(4),2087167849845517629,0
8556.b.410688.1,8556.b,8556,410688,"""[[16,21,6,-4,-3],[1,1,0,1]]""","""[[2,[1,1,1]],[3,[1,0,2,-3]],[23,[1,-5,17,23]],[31,[1,-8,22,31]]]""",False,Q,Q,USp(4),813479738355125986,0
8560.a.342400.1,8560.a,8560,342400,"""[[0,0,-3,6,-6,4,-1],[1,1]]""","""[[2,[1,-1]],[5,[1,4,8,5]],[107,[1,17,89,-107]]]""",False,Q,Q,USp(4),1752178949057114747,0
8565.a.128475.1,8565.a,8565,128475,"""[[0,1,4,17,8,1],[0,1]]""","""[[3,[1,-1,3,-3]],[5,[1,-1,3,5]],[571,[1,3,567,-571]]]""",False,Q,Q,USp(4),1582795604519791943,0
8568.a.822528.1,8568.a,8568,822528,"""[[-1,0,-2,4,-2,4,-4],[1,1]]""","""[[2,[1,-1]],[3,[1,0,3]],[7,[1,-1,5,7]],[17,[1,-1,15,17]]]""",False,Q,Q,USp(4),2058417722325773368,0
8574.a.34296.1,8574.a,8574,34296,"""[[-1,1,-2,2,-1,1],[1,1]]""","""[[2,[1,-1,2,-2]],[3,[1,2,4,3]],[1429,[1,-9,1419,1429]]]""",False,Q,Q,USp(4),700867956359995003,0
8575.a.8575.1,8575.a,8575,8575,"""[[-1,-2,-1],[1,0,1,1]]""","""[[5,[1,-1,5]],[7,[1,1]]]""",False,Q,Q,USp(4),764199692775821760,0
8575.b.42875.1,8575.b,8575,42875,"""[[0,1,0,-3,4,-3,1],[1]]""","""[[5,[1,0,-1]],[7,[1,-1]]]""",True,Q x Q,Q x Q,SU(2)xSU(2),2067615407239549128,0
8576.a.8576.1,8576.a,8576,8576,"""[[6,8,1,0,2,1],[0,0,1]]""","""[[2,[1,1,2]],[67,[1,-2,68,-67]]]""",False,Q,Q,USp(4),25297762850045156,0
8577.a.694737.1,8577.a,8577,694737,"""[[0,1,-5,7,-6,3],[1,1,1]]""","""[[3,[1,-2,1]],[953,[1,49,903,-953]]]""",False,Q,Q,USp(4),1499890750918106971,0
8579.a.8579.1,8579.a,8579,8579,"""[[0,0,1,1,1,1],[1,1,1]]""","""[[23,[1,-3,19,23]],[373,[1,21,393,373]]]""",False,Q,Q,USp(4),914472084218825149,0
8580.a.68640.1,8580.a,8580,68640,"""[[-33,99,-83,0,14,2],[0,1,1]]""","""[[2,[1,-2,1]],[3,[1,1,3,3]],[5,[1,-3,7,-5]],[11,[1,1,11,11]],[13,[1,5,7,-13]]]""",True,Q x Q,Q x Q,SU(2)xSU(2),625205799549021577,0
8586.a.695466.1,8586.a,8586,695466,"""[[-1,-1,1,1,1,1],[0,1]]""","""[[2,[1,1,2,2]],[3,[1]],[53,[1,-11,41,53]]]""",False,Q,Q,USp(4),307413407722349236,0
8588.a.34352.1,8588.a,8588,34352,"""[[0,1,0,-1,-1,0,1],[1,0,1]]""","""[[2,[1,1,2]],[19,[1,3,15,-19]],[113,[1,-11,101,113]]]""",False,Q,Q,USp(4),2077007161434958098,0
8596.a.962752.1,8596.a,8596,962752,"""[[396,446,140,4,0,1],[0,1,1]]""","""[[2,[1,0,-1]],[7,[1,4,2,-7]],[307,[1,-17,323,-307]]]""",False,Q,Q,USp(4),851007659682074755,0
8597.a.8597.1,8597.a,8597,8597,"""[[0,0,-2,-1],[1,1,1,1]]""","""[[8597,[1,19,8615,8597]]]""",False,Q,Q,USp(4),1547456170730506072,0
8601.a.404247.1,8601.a,8601,404247,"""[[217,-331,146,0,-12,1],[1,0,0,1]]""","""[[3,[1,1,1,-3]],[47,[1,-7,53,-47]],[61,[1,9,51,-61]]]""",False,Q,Q,USp(4),419722563316127936,0
8604.a.34416.1,8604.a,8604,34416,"""[[0,-1,0,-32,32,-10,1],[0,1]]""","""[[2,[1,1,2]],[3,[1,0,1]],[239,[1,1,239,239]]]""",False,Q,Q,USp(4),1652744552457306276,0
8604.b.825984.1,8604.b,8604,825984,"""[[0,-1,2,1,0,1],[1,0,0,1]]""","""[[2,[1,0,-1]],[3,[1,1,1]],[239,[1,7,245,239]]]""",False,Q,Q,USp(4),1635498005445925660,0
8610.a.353010.1,8610.a,8610,353010,"""[[-9,13,7,-8,-2,1],[1,0,0,1]]""","""[[2,[1,0,1,2]],[3,[1,1,3,3]],[5,[1,1,3,-5]],[7,[1,1,5,-7]],[41,[1,9,31,-41]]]""",False,Q,Q,USp(4),693820349699403124,0
8612.a.17224.1,8612.a,8612,17224,"""[[0,2,0,1,-2],[1,0,0,1]]""","""[[2,[1,0,-1]],[2153,[1,-8,2144,2153]]]""",False,Q,Q,USp(4),1706686693924015656,0
8622.a.17244.1,8622.a,8622,17244,"""[[-1,3,-4,3,-1],[1,0,0,1]]""","""[[2,[1,0,1,2]],[3,[1,2,1]],[479,[1,39,439,-479]]]""",False,Q,Q,USp(4),2123251892705106438,0
8624.a.965888.1,8624.a,8624,965888,"""[[4,-4,0,-2,1],[0,0,1,1]]""","""[[2,[1,1]],[7,[1,4,7]],[11,[1,3,7,-11]]]""",False,Q,Q,USp(4),864901716142968237,0
8640.a.17280.1,8640.a,8640,17280,"""[[-30,0,8,0,3],[0,1,0,1]]""","""[[2,[1,-1]],[3,[1,1]],[5,[1,-1,3,5]]]""",True,Q x Q,Q x Q,SU(2)xSU(2),1887479837893349158,0
8640.b.17280.1,8640.b,8640,17280,"""[[30,0,8,0,-4],[0,1,0,1]]""","""[[2,[1,-1]],[3,[1,-1]],[5,[1,-1,3,5]]]""",True,Q x Q,Q x Q,SU(2)xSU(2),214716409439466891,0
8640.c.552960.1,8640.c,8640,552960,"""[[-4,4,4,-1,1,1],[]]""","""[[2,[1]],[3,[1,-2,3]],[5,[1,1,5,5]]]""",False,Q,Q,USp(4),117622200197415253,0
8642.a.138272.1,8642.a,8642,138272,"""[[20,-42,25,0,-5],[0,1,1,1]]""","""[[2,[1,2,3,2]],[29,[1,7,21,-29]],[149,[1,19,167,149]]]""",False,Q,Q,USp(4),1999495099706718359,0
8646.a.285318.1,8646.a,8646,285318,"""[[-1,3,7,11,7,3],[0,1]]""","""[[2,[1,1,2,2]],[3,[1,0,2,-3]],[11,[1,-5,15,-11]],[131,[1,-13,143,-131]]]""",False,Q,Q,USp(4),604522866572218884,0
8648.a.553472.1,8648.a,8648,553472,"""[[-2,8,-7,2,-12,4],[0,1]]""","""[[2,[1,1]],[23,[1,-10,32,-23]],[47,[1,2,48,47]]]""",False,Q,Q,USp(4),1804953972719185946,0
8649.a.233523.1,8649.a,8649,233523,"""[[-70,-47,7,3,-3],[1,1,0,1]]""","""[[3,[1,2,1]],[31,[1,2,1]]]""",True,RM,RM,SU(2)xSU(2),116997001905869238,0
8649.a.77841.1,8649.a,8649,77841,"""[[0,-2,1,1],[1,1,0,1]]""","""[[3,[1,2,1]],[31,[1,2,1]]]""",True,RM,RM,SU(2)xSU(2),116997001905869238,0
8649.b.700569.1,8649.b,8649,700569,"""[[-1,-8,-22,-21,2,9],[0,1,1]]""","""[[3,[1,-3,3]],[31,[1,-4,31]]]""",True,CM,M_2(Q),E_6,1033630882519166025,0
8649.c.700569.1,8649.c,8649,700569,"""[[0,-1,4,13,9,1],[0,1,1]]""","""[[3,[1,0,3]],[31,[1,-4,31]]]""",True,CM,M_2(Q),E_6,331343453098827574,0
8650.a.173000.1,8650.a,8650,173000,"""[[-1,2,-2,0,1],[1,0,0,1]]""","""[[2,[1,0,1,-2]],[5,[1,3,5]],[173,[1,-1,173,-173]]]""",False,Q,Q,USp(4),1257093402369588704,0
8655.a.43275.1,8655.a,8655,43275,"""[[0,1,4,5,2,1],[0,1]]""","""[[3,[1,-1,3,-3]],[5,[1,-3,7,-5]],[577,[1,39,615,577]]]""",False,Q,Q,USp(4),2223852258280402618,0
8657.a.8657.1,8657.a,8657,8657,"""[[0,0,-1,0,1,-1],[1,1,0,1]]""","""[[11,[1,1,11,11]],[787,[1,-33,819,-787]]]""",False,Q,Q,USp(4),304529932055517134,0
8660.a.34640.1,8660.a,8660,34640,"""[[3,-11,8,4,-4],[1,0,0,1]]""","""[[2,[1,0,1]],[5,[1,1,3,-5]],[433,[1,7,439,433]]]""",False,Q,Q,USp(4),28208585572310828,0
8660.b.554240.1,8660.b,8660,554240,"""[[1,1,-3,-3],[0,1,1,1]]""","""[[2,[1,0,-1]],[5,[1,3,1,-5]],[433,[1,-19,451,-433]]]""",False,Q,Q,USp(4),753497776957056949,0
8664.a.17328.1,8664.a,8664,17328,"""[[-3,0,5,0,-2],[0,0,0,1]]""","""[[2,[1,2,2]],[3,[1,3,5,3]],[19,[1,2,1]]]""",True,Q x Q,Q x Q,SU(2)xSU(2),1540954175354049029,0
8664.b.329232.1,8664.b,8664,329232,"""[[14,0,17,0,7,0,1],[1]]""","""[[2,[1,0,2]],[3,[1,3,5,3]],[19,[1,-2,1]]]""",True,Q x Q,Q x Q,SU(2)xSU(2),554061565137765306,0
8664.c.658464.1,8664.c,8664,658464,"""[[0,0,2,2,4,-2],[1,1]]""","""[[2,[1,-1]],[3,[1,2,4,3]],[19,[1,2,1]]]""",True,Q x Q,Q x Q,SU(2)xSU(2),1345896515787624574,0
8666.a.970592.1,8666.a,8666,970592,"""[[217,208,-31,-56,6,7],[0,1,1]]""","""[[2,[1,0,1,-2]],[7,[1,-4,10,-7]],[619,[1,-39,579,619]]]""",False,Q,Q,USp(4),629374869494261805,0
8670.a.8670.1,8670.a,8670,8670,"""[[-1,0,-2,0,-2,0,-1],[0,1,1]]""","""[[2,[1,0,1,2]],[3,[1,-1,1,3]],[5,[1,5,9,5]],[17,[1,0,-1]]]""",True,Q x Q,Q x Q,SU(2)xSU(2),1697135711694053610,0
8670.b.312120.1,8670.b,8670,312120,"""[[8,23,42,43,34,15,5],[0,1,1]]""","""[[2,[1,0,1,2]],[3,[1,-3,5,-3]],[5,[1,1,5,5]],[17,[1,0,-1]]]""",True,Q x Q,Q x Q,SU(2)xSU(2),885472195992794983,0
8673.a.60711.1,8673.a,8673,60711,"""[[-64,-4,32,0,-5],[1,0,0,1]]""","""[[3,[1,0,2,3]],[7,[1,1,7]],[59,[1,5,63,59]]]""",False,Q,Q,USp(4),1443105541299170305,0
8697.a.26091.1,8697.a,8697,26091,"""[[-22,20,9,-9,-2,1],[1,0,0,1]]""","""[[3,[1,2,4,3]],[13,[1,3,9,-13]],[223,[1,17,239,223]]]""",False,Q,Q,USp(4),664077733738452199,0
8704.a.147968.1,8704.a,8704,147968,"""[[-6,4,8,-4,-3],[0,0,1,1]]""","""[[2,[1,1]],[17,[1,-3,19,-17]]]""",False,Q,Q,USp(4),2024104033959864605,0
8704.b.557056.1,8704.b,8704,557056,"""[[5,-16,31,-34,27,-12,4],[1]]""","""[[2,[1]],[17,[1,-1,15,17]]]""",True,Q x Q,CM x Q,N(U(1)xSU(2)),2153648590163745860,0
8704.c.591872.1,8704.c,8704,591872,"""[[-5,-28,-47,-4,53,34],[0,0,1]]""","""[[2,[1,1]],[17,[1,-3,19,-17]]]""",False,Q,Q,USp(4),994669645675298674,0
8711.a.8711.1,8711.a,8711,8711,"""[[0,0,-2,0,1,-1],[1,1,1]]""","""[[31,[1,8,22,-31]],[281,[1,1,279,-281]]]""",False,Q,Q,USp(4),1558328030273466141,0
8714.a.8714.1,8714.a,8714,8714,"""[[0,-1,0,2],[1,0,0,1]]""","""[[2,[1,2,3,2]],[4357,[1,35,4321,-4357]]]""",False,Q,Q,USp(4),624978994621196501,0
8715.a.43575.1,8715.a,8715,43575,"""[[-1,-3,-2,1,0,-1],[1,0,0,1]]""","""[[3,[1,2,0,-3]],[5,[1,-1,3,5]],[7,[1,6,12,7]],[83,[1,-11,71,83]]]""",False,Q,Q,USp(4),884411943496116848,0
8719.a.8719.1,8719.a,8719,8719,"""[[0,1,2],[1,1,1,1]]""","""[[8719,[1,-109,8609,8719]]]""",False,Q,Q,USp(4),979598565424423375,0
8720.a.34880.1,8720.a,8720,34880,"""[[0,-1,1,1],[1,1,1,1]]""","""[[2,[1]],[5,[1,2,6,5]],[109,[1,12,120,109]]]""",False,Q,Q,USp(4),463875917817619820,0
8726.a.8726.1,8726.a,8726,8726,"""[[0,1,0,-3,5,-3,1],[1,1]]""","""[[2,[1,1,0,-2]],[4363,[1,69,4431,4363]]]""",False,Q,Q,USp(4),907515860038459110,0
8726.b.558464.1,8726.b,8726,558464,"""[[-1,-1,2,2,1],[0,0,1,1]]""","""[[2,[1,1,0,-2]],[4363,[1,-67,4295,4363]]]""",False,Q,Q,USp(4),1861557011915686741,0
8727.a.235629.1,8727.a,8727,235629,"""[[0,0,-3,-1,8,9],[1]]""","""[[3,[1,1,3,3]],[2909,[1,79,2829,-2909]]]""",False,Q,Q,USp(4),1995849167211469914,0
8728.a.279296.1,8728.a,8728,279296,"""[[-4,-8,-5,-1],[0,0,1,1]]""","""[[2,[1,1]],[1091,[1,16,1106,1091]]]""",False,Q,Q,USp(4),222017492669767906,0
8730.a.235710.1,8730.a,8730,235710,"""[[0,1,44,491,44,1],[0,1,1]]""","""[[2,[1,0,1,-2]],[3,[1,0,-1]],[5,[1,1,3,-5]],[97,[1,-3,99,-97]]]""",True,Q x Q,Q x Q,SU(2)xSU(2),1341031164259943185,0
8739.a.235953.1,8739.a,8739,235953,"""[[495,288,-23,1,16,0,-1],[0,1,1]]""","""[[3,[1,2,1]],[971,[1,-11,959,971]]]""",False,Q,Q,USp(4),1776578372005530867,0
8742.a.8742.1,8742.a,8742,8742,"""[[0,1,-20,99,-20,1],[0,1,1]]""","""[[2,[1,0,1,-2]],[3,[1,-1,3,-3]],[31,[1,5,35,31]],[47,[1,9,55,47]]]""",True,Q x Q,Q x Q,SU(2)xSU(2),1911639959742911779,0
8742.b.8742.1,8742.b,8742,8742,"""[[-1,0,-1],[1,0,0,1]]""","""[[2,[1,0,1,2]],[3,[1,1,3,3]],[31,[1,-7,37,-31]],[47,[1,3,49,47]]]""",False,Q,Q,USp(4),2302423968093662065,0
8747.a.8747.1,8747.a,8747,8747,"""[[-2,4,-2,-3,0,1],[1,1,0,1]]""","""[[8747,[1,101,8645,-8747]]]""",False,Q,Q,USp(4),1498321820258411425,0
8752.a.560128.1,8752.a,8752,560128,"""[[0,1,7,10,-11,4],[0,1]]""","""[[2,[1,-1,2]],[547,[1,13,559,547]]]""",False,Q,Q,USp(4),1598432833373774605,0
8753.a.8753.1,8753.a,8753,8753,"""[[-2,-3,1,1,-1],[1,1,0,1]]""","""[[8753,[1,33,8719,-8753]]]""",False,Q,Q,USp(4),1253314573778153290,0
8757.a.8757.1,8757.a,8757,8757,"""[[0,1,2,-1,-2,1],[1]]""","""[[3,[1,0,1]],[7,[1,2,4,-7]],[139,[1,-11,127,139]]]""",False,Q,Q,USp(4),319475672898923696,0
8764.a.17528.1,8764.a,8764,17528,"""[[-2,-4,3,0,0,-1],[1,1,0,1]]""","""[[2,[1,1,1]],[7,[1,4,10,7]],[313,[1,19,293,-313]]]""",False,Q,Q,USp(4),31306532967184601,0
8764.b.61348.1,8764.b,8764,61348,"""[[0,-3,6,1,-18,-1],[1,1,1]]""","""[[2,[1,0,1]],[7,[1,3,9,7]],[313,[1,15,297,-313]]]""",False,Q,Q,USp(4),2172670190759497823,0
8768.a.8768.1,8768.a,8768,8768,"""[[-1,-4,-7,-3,0,1],[1,0,1]]""","""[[2,[1,-1,2]],[137,[1,-19,155,-137]]]""",False,Q,Q,USp(4),139626928603620667,0
8768.b.8768.1,8768.b,8768,8768,"""[[-1,2,1,2,1],[0,0,1,1]]""","""[[2,[1,1,2]],[137,[1,-9,127,137]]]""",False,Q,Q,USp(4),710633988185158166,0
8780.a.17560.1,8780.a,8780,17560,"""[[0,2,1,-8,-7,1],[0,1,1]]""","""[[2,[1,0,-1]],[5,[1,1,5,5]],[439,[1,15,423,-439]]]""",False,Q,Q,USp(4),336250867433441156,0
8780.b.280960.1,8780.b,8780,280960,"""[[2,-6,3,1,3,-4],[0,1,1]]""","""[[2,[1,2,1]],[5,[1,-1,5,-5]],[439,[1,27,411,-439]]]""",False,Q,Q,USp(4),1171999676724176454,0
8784.a.140544.1,8784.a,8784,140544,"""[[-3,6,-1,-4,1,1],[]]""","""[[2,[1]],[3,[1,0,-1]],[61,[1,11,71,61]]]""",False,Q,Q,USp(4),2160534772727433087,0
8784.b.316224.1,8784.b,8784,316224,"""[[0,-1,0,1,0,2],[1,0,1]]""","""[[2,[1,-1]],[3,[1,0,1]],[61,[1,-1,59,61]]]""",False,Q,Q,USp(4),745938149970377010,0
8788.a.17576.1,8788.a,8788,17576,"""[[-1,3,-3,0,-1],[0,1,1,1]]""","""[[2,[1,0,-1]],[13,[1,-1]]]""",True,Q x Q,Q x Q,SU(2)xSU(2),256355113302156801,0
8788.b.562432.1,8788.b,8788,562432,"""[[1,1,3,2,3,1,1],[0,1,1]]""","""[[2,[1,-2,1]],[13,[1,1]]]""",True,Q x Q,Q x Q,SU(2)xSU(2),1950724229188685012,0
8794.a.70352.1,8794.a,8794,70352,"""[[0,-4,0,5,0,-3,1],[0,1]]""","""[[2,[1,-1,2,-2]],[4397,[1,67,4463,4397]]]""",False,Q,Q,USp(4),1916465069436462531,0
8796.a.140736.1,8796.a,8796,140736,"""[[0,-1,0,1,-2,1],[1,0,0,1]]""","""[[2,[1,0,-1]],[3,[1,2,4,3]],[733,[1,15,747,733]]]""",False,Q,Q,USp(4),1046253975700405354,0
8796.a.949968.1,8796.a,8796,949968,"""[[-9,33,-32,-6,13,1],[0,1,1]]""","""[[2,[1,0,-1]],[3,[1,2,4,3]],[733,[1,15,747,733]]]""",False,Q,Q,USp(4),1046253975700405354,0
8800.a.17600.1,8800.a,8800,17600,"""[[1,-5,11,-14,12,-6,2],[1]]""","""[[2,[1]],[5,[1,-2,1]],[11,[1,-5,15,-11]]]""",True,Q x Q,Q x Q,SU(2)xSU(2),1752837158563489427,0
8800.b.70400.1,8800.b,8800,70400,"""[[0,-1,2,0,-1,1],[]]""","""[[2,[1]],[5,[1,0,1]],[11,[1,5,5,-11]]]""",False,Q,Q,USp(4),2228445644617544011,0
8800.c.88000.1,8800.c,8800,88000,"""[[-4,-10,-18,-18,-14,-6,-2],[1]]""","""[[2,[1]],[5,[1,2,1]],[11,[1,1,11,11]]]""",True,Q x Q,Q x Q,SU(2)xSU(2),2294591144383058020,0
8803.a.8803.1,8803.a,8803,8803,"""[[2,5,0,-3,0,1],[0,0,0,1]]""","""[[8803,[1,-78,8880,-8803]]]""",False,Q,Q,USp(4),213175163489762172,0
8813.a.8813.1,8813.a,8813,8813,"""[[5,-7,-1,2],[1,0,1,1]]""","""[[7,[1,1,7,7]],[1259,[1,43,1215,-1259]]]""",False,Q,Q,USp(4),1732852529138927041,0
8813.b.8813.1,8813.b,8813,8813,"""[[1,2,1,1,1],[1,0,1,1]]""","""[[7,[1,-3,9,-7]],[1259,[1,41,1299,1259]]]""",False,Q,Q,USp(4),1758309825636546008,0
8817.a.8817.1,8817.a,8817,8817,"""[[1,1,-1,-3,-2],[0,0,0,1]]""","""[[3,[1,3,5,3]],[2939,[1,-86,2852,2939]]]""",False,Q,Q,USp(4),2057782601973351689,0
8818.a.17636.1,8818.a,8818,17636,"""[[0,-1,-2,0,3,2],[1,1,1]]""","""[[2,[1,2,3,2]],[4409,[1,11,4397,-4409]]]""",False,Q,Q,USp(4),1745938343315158766,0
8825.a.220625.1,8825.a,8825,220625,"""[[0,2,-3,-4,2,2],[1,0,0,1]]""","""[[5,[1,-2,1]],[353,[1,17,335,-353]]]""",False,Q,Q,USp(4),1299499899010435167,0
8831.a.8831.1,8831.a,8831,8831,"""[[0,0,0,0,-1,1],[1,1]]""","""[[8831,[1,-59,8889,-8831]]]""",False,Q,Q,USp(4),1907183054175664364,0
8831.b.8831.1,8831.b,8831,8831,"""[[3,-2,7,-3,5,-1,1],[0,1]]""","""[[8831,[1,-71,8901,-8831]]]""",False,Q,Q,USp(4),460273898251051225,0
8832.a.17664.1,8832.a,8832,17664,"""[[1,-1,0,2,-2,1],[]]""","""[[2,[1]],[3,[1,2,4,3]],[23,[1,-3,19,23]]]""",False,Q,Q,USp(4),1227319493855503466,0
8832.b.17664.1,8832.b,8832,17664,"""[[1,-2,2,0,-1,1],[]]""","""[[2,[1]],[3,[1,2,0,-3]],[23,[1,5,27,23]]]""",False,Q,Q,USp(4),2197185738724001128,0
8832.b.282624.1,8832.b,8832,282624,"""[[-516,24,115,-2,-9],[0,0,0,1]]""","""[[2,[1]],[3,[1,2,0,-3]],[23,[1,5,27,23]]]""",False,Q,Q,USp(4),2197185738724001128,0
8835.a.503595.1,8835.a,8835,503595,"""[[-7,17,-2,-15,1,3],[0,0,1]]""","""[[3,[1,0,2,3]],[5,[1,1,5,5]],[19,[1,-2,20,-19]],[31,[1,1,29,-31]]]""",False,Q,Q,USp(4),1243087761668578972,0
8838.a.8838.1,8838.a,8838,8838,"""[[2,-1,2,2],[0,0,1,1]]""","""[[2,[1,1,0,-2]],[3,[1,0,1]],[491,[1,-18,508,-491]]]""",False,Q,Q,USp(4),1456177128920493973,0
8838.b.424224.1,8838.b,8838,424224,"""[[0,0,0,1,1,-3,1],[1,1]]""","""[[2,[1,1,0,-2]],[3,[1,1,1]],[491,[1,5,495,491]]]""",False,Q,Q,USp(4),1415898040068083959,0
8842.a.70736.1,8842.a,8842,70736,"""[[1,-1,0,-1,-1,1],[0,1,0,1]]""","""[[2,[1,1,0,-2]],[4421,[1,7,4427,4421]]]""",False,Q,Q,USp(4),1520597796261323288,0
8847.a.26541.1,8847.a,8847,26541,"""[[0,1,1,0,1],[1,1,1,1]]""","""[[3,[1,1,1]],[983,[1,-12,994,-983]]]""",False,Q,Q,USp(4),1506917866617427591,0
8850.a.17700.1,8850.a,8850,17700,"""[[8,-69,196,-214,51,2],[1,1,1]]""","""[[2,[1,2,3,2]],[3,[1,1,3,3]],[5,[1,-2,1]],[59,[1,5,63,59]]]""",True,Q x Q,Q x Q,SU(2)xSU(2),372329082829520704,0
8860.a.70880.1,8860.a,8860,70880,"""[[0,-1,-1,1,-1],[1,0,0,1]]""","""[[2,[1,0,-1]],[5,[1,2,2,-5]],[443,[1,11,431,-443]]]""",False,Q,Q,USp(4),844896012805149391,0
8864.a.17728.1,8864.a,8864,17728,"""[[0,-1,0,1],[1,1,1,1]]""","""[[2,[1,2,2]],[277,[1,21,255,-277]]]""",False,Q,Q,USp(4),1581048209480844643,0
8864.b.17728.1,8864.b,8864,17728,"""[[-4,10,8,-1,0,1],[0,0,0,1]]""","""[[2,[1,2,2]],[277,[1,-29,247,277]]]""",False,Q,Q,USp(4),992142795219482321,0
8865.a.398925.1,8865.a,8865,398925,"""[[0,1,20,25,9,1],[0,1]]""","""[[3,[1,0,-1]],[5,[1,3,7,5]],[197,[1,-5,191,197]]]""",False,Q,Q,USp(4),1379100257997554308,0
8880.a.426240.1,8880.a,8880,426240,"""[[-185,0,128,0,-30,0,2],[0,1,0,1]]""","""[[2,[1,1]],[3,[1,1,3,3]],[5,[1,3,7,5]],[37,[1,-5,31,37]]]""",True,Q x Q,Q x Q,SU(2)xSU(2),2245895424747202091,0
8883.a.79947.1,8883.a,8883,79947,"""[[2,22,73,72,-18,1],[1,1]]""","""[[3,[1,1]],[7,[1,4,10,7]],[47,[1,7,39,-47]]]""",False,Q,Q,USp(4),1976064943389497048,0
8883.a.8883.1,8883.a,8883,8883,"""[[2,3,5,3,2],[0,0,1,1]]""","""[[3,[1,1]],[7,[1,4,10,7]],[47,[1,7,39,-47]]]""",False,Q,Q,USp(4),1976064943389497048,0
8886.a.106632.1,8886.a,8886,106632,"""[[0,3,0,3,0,1],[0,1,1]]""","""[[2,[1,0,1,-2]],[3,[1,-2,4,-3]],[1481,[1,-71,1409,1481]]]""",False,Q,Q,USp(4),1194783017606358465,0
8891.a.8891.1,8891.a,8891,8891,"""[[-2,1,-1,-3,0,1],[0,0,0,1]]""","""[[17,[1,3,13,-17]],[523,[1,29,551,523]]]""",False,Q,Q,USp(4),2283600924930986380,0
8894.a.284608.1,8894.a,8894,284608,"""[[3,5,-1,-5,0,1],[1,1]]""","""[[2,[1,-1,2,-2]],[4447,[1,-65,4381,4447]]]""",False,Q,Q,USp(4),853852581458257647,0
8896.a.142336.1,8896.a,8896,142336,"""[[1,9,12,-12,8,1],[1,0,1]]""","""[[2,[1,-1,2]],[139,[1,-21,159,-139]]]""",False,Q,Q,USp(4),2105553866483642049,0
8900.a.35600.1,8900.a,8900,35600,"""[[-5,0,1,-1,0,1],[0,1,0,1]]""","""[[2,[1,1,2]],[5,[1,-2,5]],[89,[1,-17,71,89]]]""",False,Q,Q,USp(4),46794620316974368,0
8910.a.80190.1,8910.a,8910,80190,"""[[-1,3,5,-2,-5,0,1],[0,1,0,1]]""","""[[2,[1,-1,0,2]],[3,[1]],[5,[1,-2,2,5]],[11,[1,2,8,-11]]]""",False,Q,Q,USp(4),1017798723489825835,0
8920.a.17840.1,8920.a,8920,17840,"""[[2,-1,-14,-13,0,2],[0,1]]""","""[[2,[1,1,2]],[5,[1,1,3,-5]],[223,[1,-17,239,-223]]]""",False,Q,Q,USp(4),1774131414999404944,0
8928.a.214272.1,8928.a,8928,214272,"""[[-1,1,0,-2,3,-2,1],[]]""","""[[2,[1]],[3,[1,0,-1]],[31,[1,-1,31,-31]]]""",False,Q,Q,USp(4),1238535267990480037,0
8928.b.214272.1,8928.b,8928,214272,"""[[1,-3,4,-2,0,1],[]]""","""[[2,[1]],[3,[1,2,3]],[31,[1,7,23,-31]]]""",False,Q,Q,USp(4),1920145785795824269,0
8928.c.857088.1,8928.c,8928,857088,"""[[4,4,5,3,2],[0,0,1,1]]""","""[[2,[1,1]],[3,[1,1,1]],[31,[1,6,24,-31]]]""",False,Q,Q,USp(4),2223278737944997904,0
8936.a.571904.1,8936.a,8936,571904,"""[[0,0,0,-2,-4,-4],[1,1]]""","""[[2,[1,-1]],[1117,[1,-32,1084,1117]]]""",False,Q,Q,USp(4),2176295810013023001,0
8948.a.35792.1,8948.a,8948,35792,"""[[0,-1,-3,-1,1,0,1],[0,1]]""","""[[2,[1,-1,2]],[2237,[1,-29,2207,2237]]]""",False,Q,Q,USp(4),2170582112855716353,0
8954.a.71632.1,8954.a,8954,71632,"""[[4,-10,7,-3,0,1],[0,1,1,1]]""","""[[2,[1,0,1,2]],[11,[1,4,11]],[37,[1,-3,33,37]]]""",False,Q,Q,USp(4),1669760440495777026,0
8956.a.17912.1,8956.a,8956,17912,"""[[0,4,3,0,1,1],[1,0,0,1]]""","""[[2,[1,0,-1]],[2239,[1,-81,2157,2239]]]""",False,Q,Q,USp(4),2122805206424494672,0
8957.a.8957.1,8957.a,8957,8957,"""[[0,4,-6,6,-3,1],[1,0,1]]""","""[[13,[1,0,1]],[53,[1,4,48,-53]]]""",False,Q,Q,USp(4),304987227114946617,0
8958.a.8958.1,8958.a,8958,8958,"""[[-2,3,-3,0,1,-1],[1,0,0,1]]""","""[[2,[1,2,3,2]],[3,[1,-1,3,-3]],[1493,[1,-41,1451,1493]]]""",False,Q,Q,USp(4),124322735215131654,0
8958.b.53748.1,8958.b,8958,53748,"""[[2,9,8,-4,-5,2],[1,0,1]]""","""[[2,[1,1,2,2]],[3,[1,0,2,-3]],[1493,[1,57,1549,1493]]]""",False,Q,Q,USp(4),1537244958686304613,0
8960.a.8960.1,8960.a,8960,8960,"""[[7,0,-21,0,19,0,-5],[0,1]]""","""[[2,[1,1]],[5,[1,-1,5,-5]],[7,[1,-1,7,-7]]]""",True,Q x Q,Q x Q,SU(2)xSU(2),1951441158647212249,0
8960.b.8960.1,8960.b,8960,8960,"""[[-7,0,-21,0,-19,0,-5],[0,1]]""","""[[2,[1,1]],[5,[1,-1,5,-5]],[7,[1,-1,7,-7]]]""",True,Q x Q,Q x Q,SU(2)xSU(2),557483834007270422,0
8960.c.17920.1,8960.c,8960,17920,"""[[-1,-4,-1,15,3,-10,-4],[1]]""","""[[2,[1,0,2]],[5,[1,-1,3,5]],[7,[1,1,5,-7]]]""",False,Q,Q,USp(4),1722993972188917400,0
8960.d.17920.1,8960.d,8960,17920,"""[[-12,10,9,-7,-2,1],[0,0,0,1]]""","""[[2,[1,0,2]],[5,[1,-1,3,5]],[7,[1,3,9,7]]]""",False,Q,Q,USp(4),346410019191008988,0
8960.d.627200.1,8960.d,8960,627200,"""[[0,-1,0,3,-5,2],[1]]""","""[[2,[1,0,2]],[5,[1,-1,3,5]],[7,[1,3,9,7]]]""",False,Q,Q,USp(4),346410019191008988,0
8960.e.286720.1,8960.e,8960,286720,"""[[5,-10,6,0,-2],[0,0,1,1]]""","""[[2,[1,1]],[5,[1,2,2,-5]],[7,[1,0,6,7]]]""",False,Q,Q,USp(4),1923360307921055370,0
8961.a.26883.1,8961.a,8961,26883,"""[[0,1,0,-1,1,1],[0,1]]""","""[[3,[1,1,3,3]],[29,[1,3,31,29]],[103,[1,3,99,-103]]]""",False,Q,Q,USp(4),590252347339643828,0
8965.a.493075.1,8965.a,8965,493075,"""[[-5,4,7,-1,-3],[0,1,0,1]]""","""[[5,[1,-1,3,5]],[11,[1,-1,11,-11]],[163,[1,-3,159,163]]]""",False,Q,Q,USp(4),1293951326416996233,0
8966.a.8966.1,8966.a,8966,8966,"""[[2,0,-2,-2,0,1],[0,1,0,1]]""","""[[2,[1,1,0,-2]],[4483,[1,-45,4527,-4483]]]""",False,Q,Q,USp(4),527576977444117874,0
8968.a.143488.1,8968.a,8968,143488,"""[[1,1,0,0,0,1],[0,1,0,1]]""","""[[2,[1,-1]],[19,[1,-3,21,-19]],[59,[1,-6,52,59]]]""",False,Q,Q,USp(4),1708070099557948860,0
8969.a.8969.1,8969.a,8969,8969,"""[[-2,-16,-54,-87,-55,1],[1,1]]""","""[[8969,[1,165,9133,8969]]]""",False,Q,Q,USp(4),766633056659502626,0
8976.a.8976.1,8976.a,8976,8976,"""[[-1],[1,1,1,1]]""","""[[2,[1,0,2]],[3,[1,0,2,3]],[11,[1,2,8,-11]],[17,[1,1,17,17]]]""",False,Q,Q,USp(4),101840768395635500,0
8976.b.80784.1,8976.b,8976,80784,"""[[3,-2,-4,0,2,1],[0,0,0,1]]""","""[[2,[1,2,2]],[3,[1,2,0,-3]],[11,[1,4,6,-11]],[17,[1,-1,17,-17]]]""",False,Q,Q,USp(4),850658150427374708,0
8976.c.574464.1,8976.c,8976,574464,"""[[1,3,-1,-7,-1,4],[0,1]]""","""[[2,[1,1]],[3,[1,1,3,3]],[11,[1,3,7,-11]],[17,[1,-1,15,17]]]""",False,Q,Q,USp(4),1189179858288379490,0
8976.d.574464.1,8976.d,8976,574464,"""[[-1,2,3,-6,-3,4],[0,1]]""","""[[2,[1,-1,2]],[3,[1,-1,1,3]],[11,[1,-5,5,11]],[17,[1,-1,15,17]]]""",False,Q,Q,USp(4),1611641487504449626,0
8982.a.53892.1,8982.a,8982,53892,"""[[-1,-1,0,0,1],[1,0,0,1]]""","""[[2,[1,0,1,2]],[3,[1,2,3]],[499,[1,-41,539,-499]]]""",False,Q,Q,USp(4),2184380569327242798,0
8990.a.17980.1,8990.a,8990,17980,"""[[4,17,20,6,4],[0,0,1,1]]""","""[[2,[1,1,0,-2]],[5,[1,2,2,-5]],[29,[1,9,37,29]],[31,[1,6,24,-31]]]""",False,Q,Q,USp(4),2261521531232559382,0
8991.a.26973.1,8991.a,8991,26973,"""[[-1,1,-3,0,0,-2,1],[1,1,1,1]]""","""[[3,[1]],[37,[1,8,44,37]]]""",False,Q,Q,USp(4),2025068767468910149,0
8995.a.62965.1,8995.a,8995,62965,"""[[5,-10,3,8,-6,-1,2],[1]]""","""[[5,[1,2,6,5]],[7,[1,2,8,7]],[257,[1,7,263,257]]]""",False,Q,Q,USp(4),1335913202094303989,0
8995.b.62965.1,8995.b,8995,62965,"""[[0,-2,3,4,1,1],[1]]""","""[[5,[1,0,4,5]],[7,[1,-2,4,7]],[257,[1,13,269,257]]]""",False,Q,Q,USp(4),306893322958460097,0
9013.a.9013.1,9013.a,9013,9013,"""[[0,-2,4,-3,4,-1,1],[1]]""","""[[9013,[1,125,8887,-9013]]]""",False,Q,Q,USp(4),1959154106690289364,1
9024.a.9024.1,9024.a,9024,9024,"""[[0,0,0,1,2,0,-1],[1,1]]""","""[[2,[1,1,2]],[3,[1,0,2,-3]],[47,[1,13,59,47]]]""",False,Q,Q,USp(4),1879284375145935622,1
9024.b.577536.1,9024.b,9024,577536,"""[[-4,-8,-6,0,2,1],[0,0,1]]""","""[[2,[1,-1]],[3,[1,0,2,3]],[47,[1,-1,47,-47]]]""",False,Q,Q,USp(4),427695700068695851,1
9028.a.36112.1,9028.a,9028,36112,"""[[1,-3,2,0,-3,-1],[0,1,1]]""","""[[2,[1,0,-1]],[37,[1,-13,49,-37]],[61,[1,-5,65,-61]]]""",False,Q,Q,USp(4),1762594534105967344,1
9028.b.577792.1,9028.b,9028,577792,"""[[0,-2,5,1,-3,-1],[0,1,1]]""","""[[2,[1,0,-1]],[37,[1,-3,33,37]],[61,[1,-3,57,61]]]""",False,Q,Q,USp(4),2039260287519276419,1
9032.a.18064.1,9032.a,9032,18064,"""[[0,1,1,0,0,1],[1,0,1]]""","""[[2,[1,1]],[1129,[1,15,1143,1129]]]""",False,Q,Q,USp(4),363579180073591659,1
9035.a.9035.1,9035.a,9035,9035,"""[[1,-3,-1],[1,1,1,1]]""","""[[5,[1,1,3,-5]],[13,[1,-1,11,13]],[139,[1,-2,136,139]]]""",False,Q,Q,USp(4),1953197723335428253,1
9040.a.723200.1,9040.a,9040,723200,"""[[8,4,7,3,2],[0,0,1,1]]""","""[[2,[1,1]],[5,[1,1,5,5]],[113,[1,-9,103,113]]]""",False,Q,Q,USp(4),1285000074241528904,1
9051.a.190071.1,9051.a,9051,190071,"""[[-1,2,1,-4,-1,1],[0,1,1]]""","""[[3,[1,-2,4,-3]],[7,[1,-5,11,-7]],[431,[1,-27,403,431]]]""",False,Q,Q,USp(4),450421406185713608,1
9052.a.144832.1,9052.a,9052,144832,"""[[1,1,2,2,1,1],[0,1,1]]""","""[[2,[1,0,-1]],[31,[1,1,31,31]],[73,[1,7,79,73]]]""",False,Q,Q,USp(4),817845226245634395,1
9052.a.18104.1,9052.a,9052,18104,"""[[-175,29,64,0,-7,-1],[0,1,1]]""","""[[2,[1,0,-1]],[31,[1,1,31,31]],[73,[1,7,79,73]]]""",False,Q,Q,USp(4),817845226245634395,1
9052.b.36208.1,9052.b,9052,36208,"""[[0,-1,0,1,1],[0,1,1,1]]""","""[[2,[1,0,1]],[31,[1,6,36,31]],[73,[1,-4,76,-73]]]""",False,Q,Q,USp(4),1550640485837680634,1
9055.a.45275.1,9055.a,9055,45275,"""[[0,-1,-3,0,3,1],[1]]""","""[[5,[1,3,1,-5]],[1811,[1,6,1804,-1811]]]""",False,Q,Q,USp(4),236138642803413070,1
9055.b.45275.1,9055.b,9055,45275,"""[[-1,-1,1,3,1,-5,2],[1]]""","""[[5,[1,-1,3,5]],[1811,[1,26,1784,-1811]]]""",False,Q,Q,USp(4),812031518447294234,1
9056.a.72448.1,9056.a,9056,72448,"""[[1,-2,1,0,-1,1],[]]""","""[[2,[1]],[283,[1,-27,255,283]]]""",False,Q,Q,USp(4),1073473376144290503,1
9056.b.72448.1,9056.b,9056,72448,"""[[0,1,1,-2,0,1],[]]""","""[[2,[1]],[283,[1,-29,311,-283]]]""",False,Q,Q,USp(4),1206521139591881834,1
9056.c.72448.1,9056.c,9056,72448,"""[[-7,22,-19,0,3,1],[]]""","""[[2,[1]],[283,[1,-11,271,283]]]""",False,Q,Q,USp(4),1248507153530585468,1
9056.d.72448.1,9056.d,9056,72448,"""[[0,1,8,10,-7,1],[]]""","""[[2,[1]],[283,[1,21,303,283]]]""",False,Q,Q,USp(4),1883920947674604010,1
9065.a.9065.1,9065.a,9065,9065,"""[[1,2,4,2,2],[1,0,1,1]]""","""[[5,[1,-1,5,-5]],[7,[1,0,-1]],[37,[1,-10,26,37]]]""",False,Q,Q,USp(4),1281800012495025623,1
9072.a.145152.1,9072.a,9072,145152,"""[[-1,-3,-6,-7,-4,0,1],[1]]""","""[[2,[1]],[3,[1,1,3]],[7,[1,3,9,7]]]""",False,Q,Q,USp(4),2122005061282538698,1
9072.b.580608.1,9072.b,9072,580608,"""[[-1,0,-3,-35,33,-10,1],[1]]""","""[[2,[1]],[3,[1,3,3]],[7,[1,3,3,-7]]]""",False,Q,Q,USp(4),659017472922503693,1
9088.a.18176.1,9088.a,9088,18176,"""[[-1,0,-3,2,-3,2,-1],[1,1]]""","""[[2,[1,-1]],[71,[1,-17,87,-71]]]""",False,Q,Q,USp(4),1899867646607365176,1
9088.b.18176.1,9088.b,9088,18176,"""[[0,1,-1,-5,-3,2],[1,0,1]]""","""[[2,[1,1]],[71,[1,-7,63,71]]]""",False,Q,Q,USp(4),686239181810981343,1
9088.c.72704.1,9088.c,9088,72704,"""[[-3,8,0,-5,-1,1],[0,1,0,1]]""","""[[2,[1,1]],[71,[1,-1,71,-71]]]""",False,Q,Q,USp(4),880268882746767684,1
9088.d.581632.1,9088.d,9088,581632,"""[[2,0,2],[1,1,1,1]]""","""[[2,[1]],[71,[1,1,71,71]]]""",False,Q,Q,USp(4),785648151528113504,1
9091.a.9091.1,9091.a,9091,9091,"""[[-2,1,3,1,1,1],[0,0,0,1]]""","""[[9091,[1,-77,9167,-9091]]]""",False,Q,Q,USp(4),69893930434613601,1
9093.a.9093.1,9093.a,9093,9093,"""[[-9,8,3,-6,-1,1],[1,0,0,1]]""","""[[3,[1,1,1,-3]],[7,[1,6,12,7]],[433,[1,-25,407,433]]]""",False,Q,Q,USp(4),618186515241056989,1
9093.b.63651.1,9093.b,9093,63651,"""[[0,-1,0,1,3,2],[1,0,0,1]]""","""[[3,[1,3,5,3]],[7,[1,2,8,7]],[433,[1,-1,431,433]]]""",False,Q,Q,USp(4),2027182268973892213,1
9101.a.9101.1,9101.a,9101,9101,"""[[43,81,42,-2,-5],[0,0,0,1]]""","""[[19,[1,5,13,-19]],[479,[1,26,504,479]]]""",False,Q,Q,USp(4),254128911718692022,1
9106.a.291392.1,9106.a,9106,291392,"""[[1,0,1,-1,0,-1],[1,1]]""","""[[2,[1,-1,2,-2]],[29,[1,4,24,-29]],[157,[1,9,147,-157]]]""",False,Q,Q,USp(4),1935454472045759789,1
9119.a.100309.1,9119.a,9119,100309,"""[[1,2,0,0,1,1],[1,0,1]]""","""[[11,[1,5,15,11]],[829,[1,3,831,829]]]""",False,Q,Q,USp(4),1946316613951944951,1
9125.a.228125.1,9125.a,9125,228125,"""[[-15,-5,0,0,2,1],[0,0,1,1]]""","""[[5,[1,-1]],[73,[1,12,84,73]]]""",False,Q,Q,USp(4),363821629248061485,1
9126.a.18252.1,9126.a,9126,18252,"""[[0,1,-3,4,-3,1],[0,1,1]]""","""[[2,[1,0,1,2]],[3,[1,1]],[13,[1,0,-1]]]""",True,Q x Q,Q x Q,SU(2)xSU(2),1965391888223923140,1
9130.a.365200.1,9130.a,9130,365200,"""[[-3,-1,-2],[0,1,1,1]]""","""[[2,[1,2,3,2]],[5,[1,1,5,5]],[11,[1,-2,8,11]],[83,[1,-7,89,-83]]]""",False,Q,Q,USp(4),807606020935689104,1
9131.a.9131.1,9131.a,9131,9131,"""[[2,5,1,-4,-1,1],[0,1]]""","""[[23,[1,-3,25,-23]],[397,[1,6,402,397]]]""",False,Q,Q,USp(4),1961994381337683435,1
9132.a.876672.1,9132.a,9132,876672,"""[[1,-1,-1,0,0,1],[0,1,1]]""","""[[2,[1,0,-1]],[3,[1,2,4,3]],[761,[1,-11,749,761]]]""",False,Q,Q,USp(4),2068941578144311034,1
9136.a.36544.1,9136.a,9136,36544,"""[[-1,2,1,-4,-1,2],[1]]""","""[[2,[1]],[571,[1,11,559,-571]]]""",False,Q,Q,USp(4),250834444941836472,1
9138.a.292416.1,9138.a,9138,292416,"""[[-2,2,-3,1,-2,1,-1],[1,0,0,1]]""","""[[2,[1,0,1,2]],[3,[1,-1,1,3]],[1523,[1,69,1591,1523]]]""",False,Q,Q,USp(4),1799801450269625328,1
9148.a.36592.1,9148.a,9148,36592,"""[[0,0,-2,1],[1,0,0,1]]""","""[[2,[1,0,-1]],[2287,[1,6,2292,2287]]]""",False,Q,Q,USp(4),742187192989262227,1
9152.a.100672.1,9152.a,9152,100672,"""[[3,2,0,-2,-1],[0,1,0,1]]""","""[[2,[1,1]],[11,[1,1,11,11]],[13,[1,3,9,-13]]]""",False,Q,Q,USp(4),2012079068640969156,1
9152.b.585728.1,9152.b,9152,585728,"""[[12,-16,6,-1,-1,1],[]]""","""[[2,[1]],[11,[1,5,5,-11]],[13,[1,5,17,13]]]""",False,Q,Q,USp(4),2265136563147164061,1
9152.c.585728.1,9152.c,9152,585728,"""[[-12,16,0,-7,1,1],[]]""","""[[2,[1]],[11,[1,-3,7,11]],[13,[1,-1,13,-13]]]""",False,Q,Q,USp(4),62276371397585048,1
9160.a.366400.1,9160.a,9160,366400,"""[[-1,0,5,-2,-4,2],[1,1]]""","""[[2,[1,1]],[5,[1,2,2,-5]],[229,[1,-23,251,-229]]]""",False,Q,Q,USp(4),829387377263103106,1
9161.a.9161.1,9161.a,9161,9161,"""[[1,1,1,1,1],[1,0,1,1]]""","""[[9161,[1,115,9275,9161]]]""",False,Q,Q,USp(4),963899240530077069,1
9163.a.155771.1,9163.a,9163,155771,"""[[-1,-5,-3,41,-37,1],[1,0,1]]""","""[[7,[1,0,-1]],[11,[1,-3,7,11]],[17,[1,-3,19,-17]]]""",False,Q,Q,USp(4),2054621890299179538,1
9168.a.146688.1,9168.a,9168,146688,"""[[-1,1,0,1,-6,4],[1,1]]""","""[[2,[1,-1,2]],[3,[1,-1,3,-3]],[191,[1,-23,167,191]]]""",False,Q,Q,USp(4),138832395221623362,1
9168.b.293376.1,9168.b,9168,293376,"""[[131,100,-57,-53,0,4],[1,1]]""","""[[2,[1,-1]],[3,[1,-1,3,-3]],[191,[1,7,183,-191]]]""",False,Q,Q,USp(4),1234630534727337438,1
9177.a.633213.1,9177.a,9177,633213,"""[[-2,-1,1],[0,0,1,1]]""","""[[3,[1,1,3,3]],[7,[1,0,6,7]],[19,[1,1,19,19]],[23,[1,-1,23,-23]]]""",False,Q,Q,USp(4),868999891050678406,1
9186.a.220464.1,9186.a,9186,220464,"""[[1,3,0,-2,-1],[0,1,0,1]]""","""[[2,[1,1,0,-2]],[3,[1,1,1,-3]],[1531,[1,51,1479,-1531]]]""",False,Q,Q,USp(4),1252821232142578517,1
9188.a.18376.1,9188.a,9188,18376,"""[[0,-1,-2,0,1],[1,1,0,1]]""","""[[2,[1,1,1]],[2297,[1,55,2351,2297]]]""",False,Q,Q,USp(4),820180637416766546,1
9200.a.736000.1,9200.a,9200,736000,"""[[-1,1,2,-2,0,1],[]]""","""[[2,[1]],[5,[1,4,5]],[23,[1,3,19,-23]]]""",False,Q,Q,USp(4),1931769032554356493,1
9200.b.736000.1,9200.b,9200,736000,"""[[1,-1,0,4,-4,1],[]]""","""[[2,[1]],[5,[1,2,5]],[23,[1,5,17,-23]]]""",False,Q,Q,USp(4),97779930882531336,1
9204.a.994032.1,9204.a,9204,994032,"""[[-1,-2,0,1,0,1],[1,0,0,1]]""","""[[2,[1,0,1]],[3,[1,0,2,-3]],[13,[1,3,15,13]],[59,[1,1,59,59]]]""",False,Q,Q,USp(4),430489736026757983,1
9205.a.64435.1,9205.a,9205,64435,"""[[-151,81,99,-8,-8,1],[1,1,1]]""","""[[5,[1,-3,1,5]],[7,[1,2,4,-7]],[263,[1,15,247,-263]]]""",False,Q,Q,USp(4),749700316233725722,1
9210.a.497340.1,9210.a,9210,497340,"""[[2,-6,1,5,0,-2,-1],[1,0,0,1]]""","""[[2,[1,0,1,-2]],[3,[1,-1,3,-3]],[5,[1,1,3,-5]],[307,[1,-13,319,-307]]]""",False,Q,Q,USp(4),1144890924148290073,1
9212.a.36848.1,9212.a,9212,36848,"""[[0,0,2,2,6,1],[1,1,1]]""","""[[2,[1,0,1]],[7,[1,2,7]],[47,[1,-9,55,-47]]]""",False,Q,Q,USp(4),539127479011170976,1
9212.b.451388.1,9212.b,9212,451388,"""[[-7,5,5,-4,-1,1],[1,0,0,1]]""","""[[2,[1,0,1]],[7,[1,0,-1]],[47,[1,-4,50,-47]]]""",False,Q,Q,USp(4),1502127954307633023,1
9212.c.902776.1,9212.c,9212,902776,"""[[3,7,10,5,0,-3,-1],[0,1,1]]""","""[[2,[1,2,1]],[7,[1,0,-1]],[47,[1,11,35,-47]]]""",True,Q x Q,Q x Q,SU(2)xSU(2),681420411380327767,1
9215.a.9215.1,9215.a,9215,9215,"""[[0,-1,1,1,-1,-1,1],[1]]""","""[[5,[1,3,7,5]],[19,[1,7,11,-19]],[97,[1,10,86,-97]]]""",False,Q,Q,USp(4),1069535398722741980,1
9216.a.36864.1,9216.a,9216,36864,"""[[0,1,0,1,0,1],[]]""","""[[2,[1]],[3,[1,0,-1]]]""",True,Q x Q,M_2(Q),J(E_1),2144824398837815815,1
9216.b.110592.1,9216.b,9216,110592,"""[[1,0,1,1,0,1],[]]""","""[[2,[1]],[3,[1,2,3]]]""",False,Q,Q,USp(4),950219902364870668,1
9227.a.9227.1,9227.a,9227,9227,"""[[-1,5,-1,-5,1,1],[0,0,1]]""","""[[9227,[1,73,9299,9227]]]""",False,Q,Q,USp(4),1949965862222637463,1
9245.a.46225.1,9245.a,9245,46225,"""[[-1,3,-5,5,-3,1],[0,0,0,1]]""","""[[5,[1,5,9,5]],[43,[1,2,1]]]""",True,Q x Q,Q x Q,SU(2)xSU(2),30104408394038724,1
9248.a.295936.1,9248.a,9248,295936,"""[[4,0,6,0,2],[0,1,0,1]]""","""[[2,[1,-1]],[17,[1,2,1]]]""",True,Q x Q,Q x Q,SU(2)xSU(2),609403992490198070,1
9248.b.591872.1,9248.b,9248,591872,"""[[5,12,11,5,3],[0,0,1,1]]""","""[[2,[1,1]],[17,[1,0,17]]]""",False,Q,Q,USp(4),178196676827649995,1
9248.c.591872.1,9248.c,9248,591872,"""[[0,-1,-21,-52,-8,1],[1,0,1]]""","""[[2,[1,1]],[17,[1,0,-1]]]""",False,Q,Q,USp(4),816677893121540145,1
9251.a.268279.1,9251.a,9251,268279,"""[[1,-2,4,-2,-1,1],[0,1,0,1]]""","""[[11,[1,4,14,11]],[29,[1,-10,29]]]""",False,Q,Q,USp(4),1719713478089364047,1
9252.a.296064.1,9252.a,9252,296064,"""[[-2,-2,-1,0,1,1],[1,0,0,1]]""","""[[2,[1,0,-1]],[3,[1,0,1]],[257,[1,-9,265,-257]]]""",False,Q,Q,USp(4),1314102700652203100,1
9259.a.9259.1,9259.a,9259,9259,"""[[0,0,0,-2,1,1],[1]]""","""[[47,[1,11,35,-47]],[197,[1,23,173,-197]]]""",False,Q,Q,USp(4),1194648176865954742,1
9274.a.18548.1,9274.a,9274,18548,"""[[1,5,7,0,-4,1],[0,1]]""","""[[2,[1,1,2,2]],[4637,[1,-51,4687,-4637]]]""",False,Q,Q,USp(4),1664611011886840098,1
9277.a.9277.1,9277.a,9277,9277,"""[[-1,2,-2,-1,0,1],[1,1]]""","""[[9277,[1,-5,9271,9277]]]""",False,Q,Q,USp(4),2186405848009949862,1
9277.a.9277.2,9277.a,9277,9277,"""[[6,-23,23,5,-13,1],[0,0,1]]""","""[[9277,[1,-5,9271,9277]]]""",False,Q,Q,USp(4),2186405848009949862,1
9278.a.18556.1,9278.a,9278,18556,"""[[0,0,-1,0,3,2],[1,1,1]]""","""[[2,[1,2,3,2]],[4639,[1,105,4743,4639]]]""",False,Q,Q,USp(4),1053371731430454099,1
9296.a.148736.1,9296.a,9296,148736,"""[[-7,0,9,0,-4,1],[0,0,1]]""","""[[2,[1,-1]],[7,[1,1,5,-7]],[83,[1,-13,69,83]]]""",False,Q,Q,USp(4),1169143411357659341,1
9296.b.148736.1,9296.b,9296,148736,"""[[1,2,3,-1,-2],[0,0,0,1]]""","""[[2,[1]],[7,[1,3,3,-7]],[83,[1,7,75,-83]]]""",False,Q,Q,USp(4),1212181478640477245,1
9297.a.9297.1,9297.a,9297,9297,"""[[0,-1,0,0,0,-2,1],[1,1,0,1]]""","""[[3,[1,0,1]],[1033,[1,24,1008,-1033]]]""",False,Q,Q,USp(4),1747586537110095188,1
9300.a.595200.1,9300.a,9300,595200,"""[[0,2,-4,4,-2],[1,0,0,1]]""","""[[2,[1,0,-1]],[3,[1,3,5,3]],[5,[1,0,1]],[31,[1,5,35,31]]]""",False,Q,Q,USp(4),685535509602528134,1
9309.a.27927.1,9309.a,9309,27927,"""[[1,-1,-1,0,1],[0,0,0,1]]""","""[[3,[1,3,5,3]],[29,[1,3,25,-29]],[107,[1,14,92,-107]]]""",False,Q,Q,USp(4),863879840665752732,1
9312.a.297984.1,9312.a,9312,297984,"""[[4,4,-3,-3],[0,0,1,1]]""","""[[2,[1,1]],[3,[1,2,4,3]],[97,[1,-4,100,-97]]]""",False,Q,Q,USp(4),1622580617597214129,1
9314.a.37256.1,9314.a,9314,37256,"""[[-1,1,-1,1],[0,0,1,1]]""","""[[2,[1,1,0,-2]],[4657,[1,-8,4648,4657]]]""",False,Q,Q,USp(4),964819742139815422,1
9318.a.9318.1,9318.a,9318,9318,"""[[-25,-69,-58,-13,1,1],[0,1]]""","""[[2,[1,-1,2,-2]],[3,[1,-1,3,-3]],[1553,[1,-17,1535,1553]]]""",False,Q,Q,USp(4),1540990806761932972,1
9331.a.9331.1,9331.a,9331,9331,"""[[1,5,8,4],[0,0,0,1]]""","""[[7,[1,4,2,-7]],[31,[1,2,32,31]],[43,[1,-7,49,-43]]]""",False,Q,Q,USp(4),15964524984116045,1
9331.b.9331.1,9331.b,9331,9331,"""[[-2,-2,-5,-3,-4,-1,-1],[1]]""","""[[7,[1,-2,4,7]],[31,[1,-4,34,-31]],[43,[1,13,55,43]]]""",False,Q,Q,USp(4),1924779855560056579,1
9336.a.896256.1,9336.a,9336,896256,"""[[-5,2,2,-1,0,1],[0,1,0,1]]""","""[[2,[1,1]],[3,[1,1,1,-3]],[389,[1,29,359,-389]]]""",False,Q,Q,USp(4),185036437613137204,1
9341.a.9341.1,9341.a,9341,9341,"""[[0,-1,1],[0,1,0,1]]""","""[[9341,[1,49,9291,-9341]]]""",False,Q,Q,USp(4),1083078188443917392,1
9344.a.598016.1,9344.a,9344,598016,"""[[0,0,1,0,2,-2,1],[1,1]]""","""[[2,[1,-1]],[73,[1,7,79,73]]]""",False,Q,Q,USp(4),1697138331734980406,1
9345.a.65415.1,9345.a,9345,65415,"""[[1,2,9,8,17,1],[0,1,1]]""","""[[3,[1,2,4,3]],[5,[1,2,2,-5]],[7,[1,3,3,-7]],[89,[1,-15,103,-89]]]""",False,Q,Q,USp(4),2276746020871885331,1
9354.a.897984.1,9354.a,9354,897984,"""[[1,1,-1,-3,-1,1],[0,1,1]]""","""[[2,[1,0,1,-2]],[3,[1,0,2,3]],[1559,[1,47,1511,-1559]]]""",False,Q,Q,USp(4),383093028272411105,1
9356.a.37424.1,9356.a,9356,37424,"""[[0,0,1,3,2,1],[1,1,1]]""","""[[2,[1,0,1]],[2339,[1,-50,2388,-2339]]]""",False,Q,Q,USp(4),581400800082904704,1
9365.a.9365.1,9365.a,9365,9365,"""[[-3,9,-7,-3,3,1],[1]]""","""[[5,[1,1,5,5]],[1873,[1,73,1799,-1873]]]""",False,Q,Q,USp(4),1680766835766884268,1
9376.a.75008.1,9376.a,9376,75008,"""[[0,0,0,-2,2,-2,1],[1,1]]""","""[[2,[1,1]],[293,[1,21,313,293]]]""",False,Q,Q,USp(4),2006025088129440507,1
9380.a.600320.1,9380.a,9380,600320,"""[[8,23,0,-11,-2,1],[1,0,0,1]]""","""[[2,[1,0,-1]],[5,[1,-2,6,-5]],[7,[1,1,5,-7]],[67,[1,1,65,-67]]]""",False,Q,Q,USp(4),2162001099688985707,1
9383.a.9383.1,9383.a,9383,9383,"""[[-1,2,0,0,-2,1],[0,1]]""","""[[11,[1,2,12,11]],[853,[1,-50,902,-853]]]""",False,Q,Q,USp(4),957424409478209192,1
9398.a.37592.1,9398.a,9398,37592,"""[[8,40,-10,-17,0,2],[0,1,0,1]]""","""[[2,[1,1,0,-2]],[37,[1,-1,35,37]],[127,[1,8,134,127]]]""",False,Q,Q,USp(4),2163250135753241021,1
9400.a.18800.1,9400.a,9400,18800,"""[[5,10,-5,-15,-2,2],[0,1]]""","""[[2,[1,-1,2]],[5,[1,0,-1]],[47,[1,11,35,-47]]]""",False,Q,Q,USp(4),1705562478919162468,1
9402.a.225648.1,9402.a,9402,225648,"""[[1,-2,1,1,-2,1],[0,1,1]]""","""[[2,[1,0,1,-2]],[3,[1,2,0,-3]],[1567,[1,-27,1593,-1567]]]""",False,Q,Q,USp(4),1589858743755918342,1
9403.a.9403.1,9403.a,9403,9403,"""[[0,1,-2,-2,3,1],[0,1]]""","""[[9403,[1,85,9487,9403]]]""",False,Q,Q,USp(4),526345854965956606,1
9405.a.84645.1,9405.a,9405,84645,"""[[-4,-5,-6,-1,0,1],[1,0,1]]""","""[[3,[1,0,1]],[5,[1,2,6,5]],[11,[1,-4,14,-11]],[19,[1,9,27,19]]]""",False,Q,Q,USp(4),1615984111473796076,1
9408.a.9408.1,9408.a,9408,9408,"""[[-3,0,-6,0,-4,0,-1],[0,1]]""","""[[2,[1,1,2]],[3,[1,-3,5,-3]],[7,[1,2,1]]]""",True,Q x Q,Q x Q,SU(2)xSU(2),1031980302960172784,1
9408.b.9408.1,9408.b,9408,9408,"""[[3,0,-6,0,4,0,-1],[0,1]]""","""[[2,[1,1,2]],[3,[1,1,1,-3]],[7,[1,0,-1]]]""",True,Q x Q,Q x Q,SU(2)xSU(2),2276010099833919195,1
9408.c.762048.1,9408.c,9408,762048,"""[[-9,-6,2,1,1,1],[0,0,1]]""","""[[2,[1,1]],[3,[1,-1,1,3]],[7,[1,-4,7]]]""",False,Q,Q,USp(4),408604355258332295,1
9409.a.9409.1,9409.a,9409,9409,"""[[6,3,6,2,2],[1,0,1,1]]""","""[[97,[1,18,97]]]""",False,Q,Q,USp(4),1869491845988750941,1
9414.a.903744.1,9414.a,9414,903744,"""[[9,2,7,0,2],[1,0,0,1]]""","""[[2,[1,0,1,2]],[3,[1,0,-1]],[523,[1,24,546,523]]]""",False,Q,Q,USp(4),2053777178229318914,1
9426.a.509004.1,9426.a,9426,509004,"""[[0,1,4,3],[1,0,0,1]]""","""[[2,[1,2,3,2]],[3,[1,2,0,-3]],[1571,[1,-9,1579,-1571]]]""",False,Q,Q,USp(4),2259854774545738826,1
9428.a.37712.1,9428.a,9428,37712,"""[[3,0,-7,0,3,-1],[1,1,1]]""","""[[2,[1,0,1]],[2357,[1,41,2315,-2357]]]""",False,Q,Q,USp(4),553708151087225200,1
9428.b.603392.1,9428.b,9428,603392,"""[[-4,8,-3,0,-2,1],[0,0,1]]""","""[[2,[1,1,2]],[2357,[1,47,2403,2357]]]""",False,Q,Q,USp(4),158088266654375767,1
9442.a.9442.1,9442.a,9442,9442,"""[[3,17,29,15,0,2],[1,0,0,1]]""","""[[2,[1,0,1,-2]],[4721,[1,-14,4706,4721]]]""",False,Q,Q,USp(4),2066885646426432982,1
9446.a.18892.1,9446.a,9446,18892,"""[[0,-1,-1,0,1,1],[1,0,0,1]]""","""[[2,[1,2,3,2]],[4723,[1,45,4767,4723]]]""",False,Q,Q,USp(4),1147120074909596113,1
9451.a.9451.1,9451.a,9451,9451,"""[[0,2,4,0,-3,1],[1]]""","""[[13,[1,3,15,13]],[727,[1,27,699,-727]]]""",False,Q,Q,USp(4),1735185825137145111,1
9454.a.302528.1,9454.a,9454,302528,"""[[16,-28,17,-1,-3,1],[0,1]]""","""[[2,[1,1,2,2]],[29,[1,0,28,-29]],[163,[1,15,177,163]]]""",False,Q,Q,USp(4),655641306573687384,1
9459.a.766179.1,9459.a,9459,766179,"""[[2,19,4,-9,-2,1],[0,0,0,1]]""","""[[3,[1,1,3]],[1051,[1,-51,999,1051]]]""",False,Q,Q,USp(4),1310202700365514070,1
9459.b.766179.1,9459.b,9459,766179,"""[[0,-2,2,11,-19,1],[1]]""","""[[3,[1,2,3]],[1051,[1,-51,999,1051]]]""",False,Q,Q,USp(4),2044424675418311900,1
9467.a.9467.1,9467.a,9467,9467,"""[[0,2,3,0,-2,1],[1,0,1]]""","""[[9467,[1,123,9343,-9467]]]""",False,Q,Q,USp(4),1273776564030929619,1
9468.a.170424.1,9468.a,9468,170424,"""[[0,1,1,0,-1,-1],[1,1,0,1]]""","""[[2,[1,1,1]],[3,[1,0,-1]],[263,[1,6,268,263]]]""",False,Q,Q,USp(4),193863211025646991,1
9468.b.908928.1,9468.b,9468,908928,"""[[0,-2,3,1,-1,-1],[1,0,0,1]]""","""[[2,[1,0,-1]],[3,[1,1,1]],[263,[1,-23,239,263]]]""",False,Q,Q,USp(4),1065291652233252886,1
9470.a.37880.1,9470.a,9470,37880,"""[[1,3,4,4,2,1],[0,1]]""","""[[2,[1,-1,2,-2]],[5,[1,1,5,5]],[947,[1,19,965,947]]]""",False,Q,Q,USp(4),539701625640407067,1
9472.a.151552.1,9472.a,9472,151552,"""[[-1,-1,-1,0,0,-1],[1,1,1,1]]""","""[[2,[1]],[37,[1,1,35,-37]]]""",False,Q,Q,USp(4),313807255304175556,1
9472.b.606208.1,9472.b,9472,606208,"""[[0,-2,8,-8,-1,2],[]]""","""[[2,[1]],[37,[1,-5,31,37]]]""",False,Q,Q,USp(4),1646945526273135194,1
9472.b.606208.2,9472.b,9472,606208,"""[[-2,-2,-6,-4,-5,-2,-1],[]]""","""[[2,[1]],[37,[1,-5,31,37]]]""",False,Q,Q,USp(4),1646945526273135194,1
9472.c.606208.1,9472.c,9472,606208,"""[[-2,-2,-4,-4,-3,-2,-1],[]]""","""[[2,[1]],[37,[1,9,27,-37]]]""",False,Q,Q,USp(4),1787884847442792053,1
9472.c.606208.2,9472.c,9472,606208,"""[[-2,10,-14,0,7,2],[]]""","""[[2,[1]],[37,[1,9,27,-37]]]""",False,Q,Q,USp(4),1787884847442792053,1
9472.d.606208.1,9472.d,9472,606208,"""[[0,2,-7,0,6,2],[]]""","""[[2,[1]],[37,[1,-5,31,37]]]""",False,Q,Q,USp(4),860103339106546752,1
9477.a.28431.1,9477.a,9477,28431,"""[[2,-3,0,1,-1],[1,0,0,1]]""","""[[3,[1,1]],[13,[1,-2,14,-13]]]""",False,Q,Q,USp(4),1171499559617178859,1
9477.b.255879.1,9477.b,9477,255879,"""[[-36,6,36,-17,-1,1],[1,1]]""","""[[3,[1]],[13,[1,3,15,13]]]""",False,Q,Q,USp(4),1488780951159777511,1
9477.b.767637.1,9477.b,9477,767637,"""[[0,-1,2,1,-2,1],[1,0,1]]""","""[[3,[1]],[13,[1,3,15,13]]]""",False,Q,Q,USp(4),1488780951159777511,1
9477.c.767637.1,9477.c,9477,767637,"""[[7,10,5,3,1],[1,1,0,1]]""","""[[3,[1]],[13,[1,3,9,-13]]]""",False,Q,Q,USp(4),1221799280177595749,1
9483.a.9483.1,9483.a,9483,9483,"""[[-1,1,1,-3,-1,1],[1,1]]""","""[[3,[1,-1,1,3]],[29,[1,7,35,29]],[109,[1,7,115,109]]]""",False,Q,Q,USp(4),1351963313084895919,1
9489.a.256203.1,9489.a,9489,256203,"""[[-61,76,-34,0,4,-1],[1,1,1]]""","""[[3,[1,-1,1,3]],[3163,[1,-11,3151,3163]]]""",False,Q,Q,USp(4),1840244398784166330,1
9492.a.66444.1,9492.a,9492,66444,"""[[0,3,15,22,-2,1],[1,1,1]]""","""[[2,[1,0,1]],[3,[1,1,1,-3]],[7,[1,4,2,-7]],[113,[1,5,107,-113]]]""",False,Q,Q,USp(4),513991152755152141,1
9496.a.18992.1,9496.a,9496,18992,"""[[1,2,0,-2,-1],[0,0,0,1]]""","""[[2,[1,2,2]],[1187,[1,-52,1238,-1187]]]""",False,Q,Q,USp(4),2262134660709455070,1
9502.a.608128.1,9502.a,9502,608128,"""[[1,-1,0,1,-3,1],[0,1,0,1]]""","""[[2,[1,1,0,-2]],[4751,[1,65,4815,4751]]]""",False,Q,Q,USp(4),1815281636670219164,1
9504.a.19008.1,9504.a,9504,19008,"""[[-33,0,32,0,-10,0,1],[0,1]]""","""[[2,[1,1,2]],[3,[1,1]],[11,[1,5,15,11]]]""",True,Q x Q,Q x Q,SU(2)xSU(2),2001884397386518504,1
9504.b.19008.1,9504.b,9504,19008,"""[[33,0,32,0,10,0,1],[0,1]]""","""[[2,[1,1,2]],[3,[1,-1]],[11,[1,-3,7,11]]]""",True,Q x Q,Q x Q,SU(2)xSU(2),329120968932636237,1
9504.c.19008.1,9504.c,9504,19008,"""[[3,6,6,3,1],[0,0,1,1]]""","""[[2,[1,1]],[3,[1,1]],[11,[1,3,7,-11]]]""",False,Q,Q,USp(4),407660624909000430,1
9504.d.152064.1,9504.d,9504,152064,"""[[1,-2,3,-1,1],[0,0,0,1]]""","""[[2,[1]],[3,[1,2,3]],[11,[1,4,14,11]]]""",False,Q,Q,USp(4),1299593694016740301,1
9504.e.304128.1,9504.e,9504,304128,"""[[132,0,80,0,8],[0,1,0,1]]""","""[[2,[1,-1]],[3,[1,-1]],[11,[1,5,15,11]]]""",True,Q x Q,Q x Q,SU(2)xSU(2),637456652746407240,1
9504.f.684288.1,9504.f,9504,684288,"""[[1,3,1,-1,1],[1,1,1,1]]""","""[[2,[1]],[3,[1,1,3]],[11,[1,3,13,11]]]""",False,Q,Q,USp(4),354961564707910599,1
9505.a.9505.1,9505.a,9505,9505,"""[[0,-1,-3,1,3,1],[1,1,1]]""","""[[5,[1,0,4,-5]],[1901,[1,-29,1871,1901]]]""",False,Q,Q,USp(4),485958250056957597,1
9518.a.38072.1,9518.a,9518,38072,"""[[1,1,2,2,1,1],[0,1]]""","""[[2,[1,1,0,-2]],[4759,[1,33,4791,4759]]]""",False,Q,Q,USp(4),2200907381710776144,1
9522.a.9522.1,9522.a,9522,9522,"""[[0,1,-1,2,-1,1],[0,1,1]]""","""[[2,[1,0,1,2]],[3,[1,0,-1]],[23,[1,2,1]]]""",True,Q x Q,Q x Q,SU(2)xSU(2),1258496145755904437,1
9522.b.19044.1,9522.b,9522,19044,"""[[-1,1,-3,2,-3,1,-1],[1,0,0,1]]""","""[[2,[1,-2,3,-2]],[3,[1,0,-1]],[23,[1,2,1]]]""",True,Q x Q,Q x Q,SU(2)xSU(2),1851893442701721712,1
9523.a.9523.1,9523.a,9523,9523,"""[[0,-1,-2,0,1],[0,1,1,1]]""","""[[89,[1,5,83,-89]],[107,[1,2,104,-107]]]""",False,Q,Q,USp(4),2183470742461106104,1
9526.a.19052.1,9526.a,9526,19052,"""[[0,0,-1,-1,-1,-1],[1,1]]""","""[[2,[1,1,0,-2]],[11,[1,-1,9,11]],[433,[1,-13,419,433]]]""",False,Q,Q,USp(4),572855381591285262,1
9531.a.9531.1,9531.a,9531,9531,"""[[5,3,-9,-8,0,1],[1]]""","""[[3,[1,0,3]],[353,[1,-9,361,-353]]]""",False,Q,Q,USp(4),1494297265429563671,1
9532.a.38128.1,9532.a,9532,38128,"""[[0,1,1,0,-1,-2,1],[1]]""","""[[2,[1,2,2]],[2383,[1,43,2339,-2383]]]""",False,Q,Q,USp(4),650028772808254991,1
9540.a.38160.1,9540.a,9540,38160,"""[[13,8,-6,-6,0,1],[0,0,0,1]]""","""[[2,[1,2,2]],[3,[1,0,1]],[5,[1,0,4,5]],[53,[1,-10,62,-53]]]""",False,Q,Q,USp(4),562497877311073194,1
9549.a.85941.1,9549.a,9549,85941,"""[[0,0,-2,0,5,1],[1]]""","""[[3,[1,0,-1]],[1061,[1,31,1091,1061]]]""",False,Q,Q,USp(4),55894900485887267,1
9552.a.38208.1,9552.a,9552,38208,"""[[0,1,3,4,4,2],[1]]""","""[[2,[1]],[3,[1,2,4,3]],[199,[1,21,219,199]]]""",False,Q,Q,USp(4),1098160557289382899,1
9559.a.105149.1,9559.a,9559,105149,"""[[2,-15,31,0,-31,-15,-2],[0,1]]""","""[[11,[1,-2,1]],[79,[1,9,69,-79]]]""",True,Q x Q,Q x Q,SU(2)xSU(2),1398626467091974854,1
9561.a.86049.1,9561.a,9561,86049,"""[[-2,-3,-3,-1],[1,0,1,1]]""","""[[3,[1,0,2,-3]],[3187,[1,88,3274,3187]]]""",False,Q,Q,USp(4),994221758463831217,1
9565.a.9565.1,9565.a,9565,9565,"""[[1,-2,0,0,-1],[0,1,1,1]]""","""[[5,[1,3,1,-5]],[1913,[1,-15,1927,-1913]]]""",False,Q,Q,USp(4),872735789338712600,1
9565.a.9565.2,9565.a,9565,9565,"""[[-432,714,-285,-48,24,5],[1,0,0,1]]""","""[[5,[1,3,1,-5]],[1913,[1,-15,1927,-1913]]]""",False,Q,Q,USp(4),872735789338712600,1
9572.a.306304.1,9572.a,9572,306304,"""[[0,2,1,1,1,1],[1,0,0,1]]""","""[[2,[1,0,-1]],[2393,[1,-38,2354,2393]]]""",False,Q,Q,USp(4),276160713423422625,1
9574.a.612736.1,9574.a,9574,612736,"""[[0,-1,2,1,0,1],[0,1,1]]""","""[[2,[1,0,1,-2]],[4787,[1,-51,4735,4787]]]""",False,Q,Q,USp(4),58571328398142367,1
9576.a.919296.1,9576.a,9576,919296,"""[[0,-3,0,23,-19,4],[0,1]]""","""[[2,[1,-1]],[3,[1,0,-1]],[7,[1,-1,7,-7]],[19,[1,-3,15,19]]]""",False,Q,Q,USp(4),43578119322223259,1
9579.a.9579.1,9579.a,9579,9579,"""[[0,-1,1,1,-3,1],[1]]""","""[[3,[1,2,4,3]],[31,[1,3,33,31]],[103,[1,7,95,-103]]]""",False,Q,Q,USp(4),181634501203741512,1
9583.a.354571.1,9583.a,9583,354571,"""[[-2,-3,0,0,-1],[0,0,1,1]]""","""[[7,[1,0,6,-7]],[37,[1,2,1]]]""",True,Q x Q,Q x Q,SU(2)xSU(2),1403712791132016566,1
9583.b.67081.1,9583.b,9583,67081,"""[[0,-1,22,261,-199,49,-4],[0,1,1]]""","""[[7,[1,-3,3,7]],[37,[1,-2,37]]]""",False,Q,Q,USp(4),2197372192838090194,1
9585.a.86265.1,9585.a,9585,86265,"""[[2,0,-3,3,-2],[1,0,0,1]]""","""[[3,[1,2,3]],[5,[1,5,9,5]],[71,[1,-11,59,71]]]""",False,Q,Q,USp(4),2012326771947220344,1
9585.b.258795.1,9585.b,9585,258795,"""[[0,-1,0,1,1,0,-1],[1,1,0,1]]""","""[[3,[1,-1]],[5,[1,1,3,-5]],[71,[1,-13,83,-71]]]""",False,Q,Q,USp(4),1977471290351456558,1
9589.a.9589.1,9589.a,9589,9589,"""[[2,9,0,-6,-1,1],[0,0,0,1]]""","""[[43,[1,-7,35,43]],[223,[1,19,203,-223]]]""",False,Q,Q,USp(4),1817483008966962298,1
9589.b.9589.1,9589.b,9589,9589,"""[[0,2,0,-3,0,1],[1]]""","""[[43,[1,5,37,-43]],[223,[1,7,215,-223]]]""",False,Q,Q,USp(4),354776360866683805,1
9589.c.9589.1,9589.c,9589,9589,"""[[-2,7,8,-2,-3],[0,0,0,1]]""","""[[43,[1,7,35,-43]],[223,[1,3,225,223]]]""",False,Q,Q,USp(4),73106656875984490,1
9589.d.9589.1,9589.d,9589,9589,"""[[-14,-3,17,0,-6,1],[0,0,0,1]]""","""[[43,[1,-9,51,-43]],[223,[1,-1,221,223]]]""",False,Q,Q,USp(4),814316695893891376,1
9596.a.614144.1,9596.a,9596,614144,"""[[-2,4,-4,1],[1,0,0,1]]""","""[[2,[1,0,-1]],[2399,[1,-21,2419,-2399]]]""",False,Q,Q,USp(4),538323888684952754,1
9597.a.9597.1,9597.a,9597,9597,"""[[-3,1,16,-19,3,1],[0,0,1]]""","""[[3,[1,1,3,3]],[7,[1,3,3,-7]],[457,[1,-7,463,-457]]]""",False,Q,Q,USp(4),1320643270528439793,1
9598.a.76784.1,9598.a,9598,76784,"""[[0,-1,0,0,0,1],[0,1,1]]""","""[[2,[1,0,1,-2]],[4799,[1,49,4847,4799]]]""",False,Q,Q,USp(4),1439214511414647372,1
9598.a.9598.1,9598.a,9598,9598,"""[[-65,64,-2,-18,1,2],[1,0,0,1]]""","""[[2,[1,0,1,-2]],[4799,[1,49,4847,4799]]]""",False,Q,Q,USp(4),1439214511414647372,1
9598.a.9598.2,9598.a,9598,9598,"""[[-93,107,-1,-25,0,2],[1,0,0,1]]""","""[[2,[1,0,1,-2]],[4799,[1,49,4847,4799]]]""",False,Q,Q,USp(4),1439214511414647372,1
9600.a.921600.1,9600.a,9600,921600,"""[[0,3,0,1],[0,1,0,1]]""","""[[2,[1,1]],[3,[1,0,2,-3]],[5,[1,2,5]]]""",False,Q,Q,USp(4),773173957403893799,1
9601.a.9601.1,9601.a,9601,9601,"""[[1,2,2,1],[0,1,0,1]]""","""[[9601,[1,163,9763,9601]]]""",False,Q,Q,USp(4),866128381870817285,1
9603.a.28809.1,9603.a,9603,28809,"""[[-1,1,0,-3,0,1],[1,1,0,1]]""","""[[3,[1,0,-1]],[11,[1,3,7,-11]],[97,[1,-9,105,-97]]]""",False,Q,Q,USp(4),1784683263260144378,1
9610.a.19220.1,9610.a,9610,19220,"""[[0,1,0,2,0,1],[0,1,1]]""","""[[2,[1,0,1,-2]],[5,[1,3,7,5]],[31,[1,0,-1]]]""",True,Q x Q,Q x Q,SU(2)xSU(2),50087478293309449,1
9616.a.38464.1,9616.a,9616,38464,"""[[0,-1,0,1,1],[1,1,1,1]]""","""[[2,[1]],[601,[1,28,628,601]]]""",False,Q,Q,USp(4),1230614008674308311,1
9618.a.134652.1,9618.a,9618,134652,"""[[5,3,-5,-5,0,1],[1,0,0,1]]""","""[[2,[1,0,1,2]],[3,[1,2,0,-3]],[7,[1,1,5,-7]],[229,[1,1,227,-229]]]""",False,Q,Q,USp(4),1691554120391862667,1
9618.b.538608.1,9618.b,9618,538608,"""[[-1,-4,-5,-4,0,1],[1,0,0,1]]""","""[[2,[1,0,1,-2]],[3,[1,2,4,3]],[7,[1,5,11,7]],[229,[1,-9,219,229]]]""",False,Q,Q,USp(4),166444071157211328,1
9620.a.38480.1,9620.a,9620,38480,"""[[-185,0,144,0,-38,0,3],[0,1,0,1]]""","""[[2,[1,-1,2]],[5,[1,-1,3,5]],[13,[1,3,15,13]],[37,[1,7,43,37]]]""",True,Q x Q,Q x Q,SU(2)xSU(2),451325220039429197,1
9633.a.28899.1,9633.a,9633,28899,"""[[-2,-1,5,0,-2],[0,0,0,1]]""","""[[3,[1,3,5,3]],[13,[1,4,13]],[19,[1,0,18,19]]]""",False,Q,Q,USp(4),1686958493252269175,1
9634.a.19268.1,9634.a,9634,19268,"""[[0,0,0,0,1,1,1],[1,1]]""","""[[2,[1,1,2,2]],[4817,[1,-33,4783,4817]]]""",False,Q,Q,USp(4),2223231056327523595,1
9637.a.9637.1,9637.a,9637,9637,"""[[1,-1,0,0,-1],[0,0,0,1]]""","""[[23,[1,6,28,23]],[419,[1,-13,431,-419]]]""",False,Q,Q,USp(4),1079264304386860399,1
9639.a.607257.1,9639.a,9639,607257,"""[[0,-1,3,-3,1],[0,1,1,1]]""","""[[3,[1,1]],[7,[1,1,7,7]],[17,[1,7,9,-17]]]""",False,Q,Q,USp(4),33808385198794757,1
9651.a.86859.1,9651.a,9651,86859,"""[[-1,-1,0,1,2,1],[1]]""","""[[3,[1,1,1,-3]],[3217,[1,91,3307,3217]]]""",False,Q,Q,USp(4),490313459674511114,1
9656.a.308992.1,9656.a,9656,308992,"""[[0,-1,-1,4,0,1],[1,0,1]]""","""[[2,[1,1]],[17,[1,4,20,17]],[71,[1,-4,66,71]]]""",False,Q,Q,USp(4),1766136670040899986,1
9660.a.618240.1,9660.a,9660,618240,"""[[-3,1,-6,0,-4,0,-1],[0,1,1]]""","""[[2,[1,0,-1]],[3,[1,-1,3,-3]],[5,[1,1,3,-5]],[7,[1,-1,7,-7]],[23,[1,-7,15,23]]]""",False,Q,Q,USp(4),1064162547737848191,1
9664.a.9664.1,9664.a,9664,9664,"""[[0,4,21,41,11,1],[1,0,1]]""","""[[2,[1,1,2]],[151,[1,13,137,-151]]]""",False,Q,Q,USp(4),2291200766727788995,1
9664.b.9664.1,9664.b,9664,9664,"""[[1,4,1,-7,-2,1],[0,1,0,1]]""","""[[2,[1,1,2]],[151,[1,-17,167,-151]]]""",False,Q,Q,USp(4),844445369359931526,1
9667.a.9667.1,9667.a,9667,9667,"""[[-3,-3,1,0,-1],[1,0,0,1]]""","""[[7,[1,0,6,7]],[1381,[1,1,1379,-1381]]]""",False,Q,Q,USp(4),1341141303954776708,1
9667.b.473683.1,9667.b,9667,473683,"""[[0,1,-3,-4,0,1],[0,1,1]]""","""[[7,[1,-3,3,7]],[1381,[1,-29,1351,1381]]]""",False,Q,Q,USp(4),687916348062981842,1
9672.a.754416.1,9672.a,9672,754416,"""[[0,3,-21,41,-17,2],[0,1]]""","""[[2,[1,1]],[3,[1,1,1,-3]],[13,[1,3,9,-13]],[31,[1,3,27,-31]]]""",False,Q,Q,USp(4),551802787817975536,1
9674.a.135436.1,9674.a,9674,135436,"""[[7,-3,-13,0,6,2],[1,0,1]]""","""[[2,[1,-1,2,-2]],[7,[1,2,8,7]],[691,[1,-9,699,-691]]]""",False,Q,Q,USp(4),809850984314556185,1
9675.a.9675.1,9675.a,9675,9675,"""[[0,1,-3,2,-1,1],[0,1]]""","""[[3,[1,0,1]],[5,[1,0,-1]],[43,[1,9,51,43]]]""",False,Q,Q,USp(4),975200597711854177,1
9675.b.145125.1,9675.b,9675,145125,"""[[0,1,3,5,7,1],[1,0,1]]""","""[[3,[1,2,3]],[5,[1,0,5]],[43,[1,-3,39,43]]]""",False,Q,Q,USp(4),549681502399894748,1
9686.a.9686.1,9686.a,9686,9686,"""[[0,1,2,0,0,-1],[1,1]]""","""[[2,[1,1,0,-2]],[29,[1,-9,19,29]],[167,[1,11,155,-167]]]""",False,Q,Q,USp(4),774537860669165396,1
9696.a.19392.1,9696.a,9696,19392,"""[[4,2,5,4,3,1],[0,0,0,1]]""","""[[2,[1]],[3,[1,1,1,-3]],[101,[1,-5,95,101]]]""",False,Q,Q,USp(4),628396732854244232,1
9698.a.38792.1,9698.a,9698,38792,"""[[56,132,58,-9,-8],[0,1,0,1]]""","""[[2,[1,1,0,-2]],[13,[1,2,14,13]],[373,[1,-5,377,-373]]]""",False,Q,Q,USp(4),962263089433990875,1
9700.a.485000.1,9700.a,9700,485000,"""[[-2,4,-3,-1],[1,0,1,1]]""","""[[2,[1,1,1]],[5,[1,0,1]],[97,[1,7,89,-97]]]""",False,Q,Q,USp(4),1466242720303637182,1
9702.a.261954.1,9702.a,9702,261954,"""[[-2,3,-7,6,-6,3,-1],[1,1,1]]""","""[[2,[1,2,3,2]],[3,[1,0,-1]],[7,[1,2,1]],[11,[1,-3,7,11]]]""",True,Q x Q,Q x Q,SU(2)xSU(2),1836825858193564827,1
9702.b.261954.1,9702.b,9702,261954,"""[[0,5,33,77,33,5],[1,0,0,1]]""","""[[2,[1,2,3,2]],[3,[1,0,-1]],[7,[1,0,-1]],[11,[1,-5,15,-11]]]""",True,Q x Q,Q x Q,SU(2)xSU(2),979369302257679543,1
9709.a.9709.1,9709.a,9709,9709,"""[[7,11,0,-5,0,1],[1,1]]""","""[[7,[1,3,3,-7]],[19,[1,5,23,19]],[73,[1,-11,83,-73]]]""",False,Q,Q,USp(4),728115666290919619,1
9709.a.9709.2,9709.a,9709,9709,"""[[-7,-16,-16,-8,-7,-1,-1],[0,1,0,1]]""","""[[7,[1,3,3,-7]],[19,[1,5,23,19]],[73,[1,-11,83,-73]]]""",False,Q,Q,USp(4),728115666290919619,1
9709.b.67963.1,9709.b,9709,67963,"""[[0,1,2,4,4,1],[0,1]]""","""[[7,[1,-1,7,-7]],[19,[1,7,11,-19]],[73,[1,-3,75,-73]]]""",False,Q,Q,USp(4),1747746183130459990,1
9709.c.67963.1,9709.c,9709,67963,"""[[0,-1,-1,8,15,7],[0,1]]""","""[[7,[1,1,5,-7]],[19,[1,-1,17,19]],[73,[1,-3,69,73]]]""",False,Q,Q,USp(4),654845558815198587,1
9713.a.9713.1,9713.a,9713,9713,"""[[0,0,-4,2,1,1],[1,1,0,1]]""","""[[11,[1,3,7,-11]],[883,[1,6,876,-883]]]""",False,Q,Q,USp(4),2069389165801988065,1
9713.b.9713.1,9713.b,9713,9713,"""[[-1,2,0,-4,0,1],[1,0,1,1]]""","""[[11,[1,5,15,11]],[883,[1,6,888,883]]]""",False,Q,Q,USp(4),907735214827220699,1
9722.a.9722.1,9722.a,9722,9722,"""[[1,-4,4,1,-3,-1],[0,1,1]]""","""[[2,[1,0,1,2]],[4861,[1,-75,4935,-4861]]]""",False,Q,Q,USp(4),1853175119656342405,1
9722.b.622208.1,9722.b,9722,622208,"""[[1,-5,2,12,-7,1],[0,1]]""","""[[2,[1,1,0,-2]],[4861,[1,77,4937,4861]]]""",False,Q,Q,USp(4),2102587928186871948,1
9728.a.311296.1,9728.a,9728,311296,"""[[0,1,2,4,3,4],[1]]""","""[[2,[1]],[19,[1,-3,15,19]]]""",False,Q,Q,USp(4),1838865932191176780,1
9736.a.311552.1,9736.a,9736,311552,"""[[0,0,0,2,1,0,1],[1,1]]""","""[[2,[1,1]],[1217,[1,-8,1208,1217]]]""",False,Q,Q,USp(4),122833186892597567,1
9744.a.155904.1,9744.a,9744,155904,"""[[-2,0,-20,0,-72,0,-87],[1,0,1]]""","""[[2,[1,1]],[3,[1,-1,3,-3]],[7,[1,1,7,7]],[29,[1,-5,23,29]]]""",True,Q x Q,Q x Q,SU(2)xSU(2),288726496127365657,1
9747.a.263169.1,9747.a,9747,263169,"""[[0,0,1,3,1],[1,1,1,1]]""","""[[3,[1,1]],[19,[1,0,-1]]]""",True,Q x Q,Q x Q,SU(2)xSU(2),2240707926949583615,1
9748.a.623872.1,9748.a,9748,623872,"""[[1,1,1,0,-2,-1],[0,1,1]]""","""[[2,[1,0,-1]],[2437,[1,47,2483,2437]]]""",False,Q,Q,USp(4),500941264680055147,1
9760.a.97600.1,9760.a,9760,97600,"""[[2,2,0,0,1,1],[0,0,0,1]]""","""[[2,[1]],[5,[1,0,4,-5]],[61,[1,7,67,61]]]""",False,Q,Q,USp(4),2128382250093943746,1
9760.b.97600.1,9760.b,9760,97600,"""[[1,-1,1,0,0,1],[0,1,0,1]]""","""[[2,[1,1]],[5,[1,0,4,5]],[61,[1,13,47,-61]]]""",False,Q,Q,USp(4),2225545716497989398,1
9771.a.29313.1,9771.a,9771,29313,"""[[0,-1,-1,1,0,0,1],[1,1,1]]""","""[[3,[1,3,5,3]],[3257,[1,-41,3215,3257]]]""",False,Q,Q,USp(4),673630760950528167,1
9774.a.263898.1,9774.a,9774,263898,"""[[2,0,1,1],[0,1,1,1]]""","""[[2,[1,2,3,2]],[3,[1,1]],[181,[1,-21,159,181]]]""",False,Q,Q,USp(4),1422101690121835843,1
9774.b.791694.1,9774.b,9774,791694,"""[[0,-9,8,13,-8,1],[0,1,1]]""","""[[2,[1,0,1,-2]],[3,[1,1]],[181,[1,-21,159,181]]]""",False,Q,Q,USp(4),1152948528777243127,1
9774.c.791694.1,9774.c,9774,791694,"""[[0,-1,-3,13,23,9],[0,1,1]]""","""[[2,[1,0,1,2]],[3,[1,-1]],[181,[1,-21,159,181]]]""",False,Q,Q,USp(4),1306010153769511300,1
9783.a.29349.1,9783.a,9783,29349,"""[[0,0,1,-2,0,1],[1]]""","""[[3,[1,2,3]],[1087,[1,9,1095,1087]]]""",False,Q,Q,USp(4),431934638485590411,1
9785.a.9785.1,9785.a,9785,9785,"""[[0,-2,0,4,-3],[1,0,0,1]]""","""[[5,[1,3,1,-5]],[19,[1,5,23,19]],[103,[1,11,91,-103]]]""",False,Q,Q,USp(4),38629797390055069,1
9790.a.156640.1,9790.a,9790,156640,"""[[1,-3,2,0,-1,1],[1,1]]""","""[[2,[1,-1,2,-2]],[5,[1,3,1,-5]],[11,[1,2,8,-11]],[89,[1,11,99,89]]]""",False,Q,Q,USp(4),671015981545931897,1
9792.a.9792.1,9792.a,9792,9792,"""[[-1,-1,-2,-5,-4,-4,-6],[1]]""","""[[2,[1,-2,2]],[3,[1,0,1]],[17,[1,-5,11,17]]]""",False,Q,Q x Q,N(SU(2)xSU(2)),1677271702782225434,1
9792.b.88128.1,9792.b,9792,88128,"""[[-153,0,112,0,-28,0,2],[0,1,0,1]]""","""[[2,[1,1]],[3,[1,0,-1]],[17,[1,7,23,17]]]""",True,Q x Q,Q x Q,SU(2)xSU(2),575895094538736450,1
9792.c.88128.1,9792.c,9792,88128,"""[[153,0,112,0,27,0,2],[0,1,0,1]]""","""[[2,[1,1]],[3,[1,2,1]],[17,[1,7,23,17]]]""",True,Q x Q,Q x Q,SU(2)xSU(2),2248658522992618717,1
9794.a.313408.1,9794.a,9794,313408,"""[[1,-3,0,0,1,1],[1,0,0,1]]""","""[[2,[1,0,1,-2]],[59,[1,-8,50,59]],[83,[1,1,83,83]]]""",False,Q,Q,USp(4),577095471950038295,1
9800.a.19600.1,9800.a,9800,19600,"""[[0,0,-1,0,1,0,1],[1]]""","""[[2,[1,0,2]],[5,[1,2,1]],[7,[1,0,-1]]]""",True,Q x Q,Q x Q,SU(2)xSU(2),1536496525970638691,1
9803.a.9803.1,9803.a,9803,9803,"""[[0,-1,0,0,-3],[1,1,1,1]]""","""[[9803,[1,-83,9719,9803]]]""",False,Q,Q,USp(4),967342055948678856,1
9810.a.470880.1,9810.a,9810,470880,"""[[1,1,3,2,2],[0,1,1,1]]""","""[[2,[1,0,1,-2]],[3,[1,3,3]],[5,[1,1,3,-5]],[109,[1,-19,127,-109]]]""",False,Q,Q,USp(4),467210976695063614,1
9815.a.9815.1,9815.a,9815,9815,"""[[-14,2,-4,21,-11],[1,0,0,1]]""","""[[5,[1,-1,5,-5]],[13,[1,-3,15,-13]],[151,[1,7,143,-151]]]""",False,Q,Q,USp(4),2028009674662046532,1
9817.a.9817.1,9817.a,9817,9817,"""[[-1,-2,1,4,0,-2,-1],[1,0,0,1]]""","""[[9817,[1,2,9818,9817]]]""",False,Q,Q,USp(4),1917189377051866,1
9825.a.29475.1,9825.a,9825,29475,"""[[2,-3,-1,1],[0,0,1,1]]""","""[[3,[1,0,2,-3]],[5,[1,0,-1]],[131,[1,-1,131,-131]]]""",False,Q,Q,USp(4),1593145810529030033,1
9825.b.245625.1,9825.b,9825,245625,"""[[6,5,-9,1,-2,1],[0,1,0,1]]""","""[[3,[1,2,4,3]],[5,[1,0,1]],[131,[1,3,127,-131]]]""",False,Q,Q,USp(4),1762030012864582104,1
9825.b.265275.1,9825.b,9825,265275,"""[[-2,-5,-3],[0,0,1,1]]""","""[[3,[1,2,4,3]],[5,[1,0,1]],[131,[1,3,127,-131]]]""",False,Q,Q,USp(4),1762030012864582104,1
9828.a.39312.1,9828.a,9828,39312,"""[[-10,0,40,0,-39,0,-7],[1,0,1]]""","""[[2,[1,1,2]],[3,[1,-1]],[7,[1,-3,3,7]],[13,[1,3,15,13]]]""",True,Q x Q,Q x Q,SU(2)xSU(2),2130337615387511304,1
9830.a.39320.1,9830.a,9830,39320,"""[[1,-3,1,1,-1],[0,1,1,1]]""","""[[2,[1,0,1,-2]],[5,[1,2,6,5]],[983,[1,9,991,983]]]""",False,Q,Q,USp(4),261429157596835748,1
9840.a.629760.1,9840.a,9840,629760,"""[[-1,3,-1,-7,6,0,1],[1]]""","""[[2,[1]],[3,[1,1,3,3]],[5,[1,1,3,-5]],[41,[1,3,43,41]]]""",False,Q,Q,USp(4),912494512754785954,1
9840.b.59040.1,9840.b,9840,59040,"""[[-738,0,264,0,-32,0,1],[0,1,0,1]]""","""[[2,[1,-1]],[3,[1,-1,3,-3]],[5,[1,1,3,-5]],[41,[1,5,35,-41]]]""",True,Q x Q,Q x Q,SU(2)xSU(2),1212309919642211488,1
9843.a.9843.1,9843.a,9843,9843,"""[[-1,1,1,-3,-1,1],[1,1,0,1]]""","""[[3,[1,3,5,3]],[17,[1,1,15,-17]],[193,[1,-13,205,-193]]]""",False,Q,Q,USp(4),2031111294479961879,1
9843.b.797283.1,9843.b,9843,797283,"""[[-25,21,17,-7,-4],[1,0,1,1]]""","""[[3,[1,-1,3,-3]],[17,[1,5,21,17]],[193,[1,-23,169,193]]]""",False,Q,Q,USp(4),2044920118768090142,1
9846.a.59076.1,9846.a,9846,59076,"""[[1,-3,0,2,1],[0,1,1,1]]""","""[[2,[1,0,1,2]],[3,[1,1,1]],[547,[1,27,519,-547]]]""",False,Q,Q,USp(4),1033175270379295357,1
9848.a.315136.1,9848.a,9848,315136,"""[[0,0,0,1,-1,-2,1],[1,1]]""","""[[2,[1,-1]],[1231,[1,55,1175,-1231]]]""",False,Q,Q,USp(4),1250953214252032296,1
9849.a.68943.1,9849.a,9849,68943,"""[[0,-1,-2,0,-1,-1],[1,1,1]]""","""[[3,[1,2,4,3]],[7,[1,0,7]],[67,[1,9,75,67]]]""",False,Q,Q,USp(4),924692745993968261,1
9860.a.197200.1,9860.a,9860,197200,"""[[425,0,328,0,84,0,7],[0,1,0,1]]""","""[[2,[1,-1,2]],[5,[1,3,7,5]],[17,[1,-3,19,-17]],[29,[1,7,35,29]]]""",True,Q x Q,Q x Q,SU(2)xSU(2),466872782950655742,1
9864.a.177552.1,9864.a,9864,177552,"""[[0,1,1,-2,-1,0,1],[1]]""","""[[2,[1,2,2]],[3,[1,0,-1]],[137,[1,11,125,-137]]]""",False,Q,Q,USp(4),1966632196266539568,1
9868.a.39472.1,9868.a,9868,39472,"""[[0,1,-2,-4,0,1],[1,0,0,1]]""","""[[2,[1,0,-1]],[2467,[1,38,2504,2467]]]""",False,Q,Q,USp(4),1228647641600434753,1
9875.a.49375.1,9875.a,9875,49375,"""[[-5,-16,-18,-10,0,5],[1,1]]""","""[[5,[1,-1]],[79,[1,-9,69,79]]]""",False,Q,Q,USp(4),160265927360757478,1
9882.a.19764.1,9882.a,9882,19764,"""[[0,2,1,3,1,1],[0,1]]""","""[[2,[1,1,2,2]],[3,[1,0,3]],[61,[1,-9,69,-61]]]""",False,Q,Q,USp(4),1518637206722863863,1
9882.b.355752.1,9882.b,9882,355752,"""[[1,-3,2,-2,1],[0,1,0,1]]""","""[[2,[1,1,0,-2]],[3,[1]],[61,[1,-1,59,61]]]""",False,Q,Q,USp(4),1295735529684677895,1
9896.a.39584.1,9896.a,9896,39584,"""[[-29,5,17,-1,-4],[0,1,0,1]]""","""[[2,[1,1]],[1237,[1,-13,1223,1237]]]""",False,Q,Q,USp(4),885455311319902255,1
9898.a.19796.1,9898.a,9898,19796,"""[[-60,-97,93,-3,-9],[0,0,1,1]]""","""[[2,[1,1,0,-2]],[7,[1,0,1]],[101,[1,-17,83,101]]]""",False,Q,Q,USp(4),380944825105607370,1
9899.a.9899.1,9899.a,9899,9899,"""[[0,1,0,1,2,1],[1,0,1]]""","""[[19,[1,1,19,19]],[521,[1,-23,543,-521]]]""",False,Q,Q,USp(4),285369336630589889,1
9900.a.59400.1,9900.a,9900,59400,"""[[0,0,2],[1,1,0,1]]""","""[[2,[1,1,1]],[3,[1,1,3]],[5,[1,0,1]],[11,[1,2,8,-11]]]""",False,Q,Q,USp(4),1230724132282933688,1
9900.b.118800.1,9900.b,9900,118800,"""[[8,0,-22,0,13,0,1],[1,0,1]]""","""[[2,[1,1,2]],[3,[1,0,-1]],[5,[1,0,-1]],[11,[1,5,15,11]]]""",True,Q x Q,Q x Q,SU(2)xSU(2),167213842813579595,1
9904.a.158464.1,9904.a,9904,158464,"""[[0,-1,1,-1,1,-2,1],[1]]""","""[[2,[1]],[619,[1,-15,603,619]]]""",False,Q,Q,USp(4),1023377836001217281,1
9904.b.633856.1,9904.b,9904,633856,"""[[-3,10,-7,-1,1],[0,0,0,1]]""","""[[2,[1]],[619,[1,7,611,-619]]]""",False,Q,Q,USp(4),527878939445307882,1
9911.a.525283.1,9911.a,9911,525283,"""[[-1,2,-3,2,4,-3,-2],[0,1]]""","""[[11,[1,-5,5,11]],[17,[1,-1,17,-17]],[53,[1,1,51,-53]]]""",False,Q,Q,USp(4),1784167922503958788,1
9911.b.525283.1,9911.b,9911,525283,"""[[0,1,-3,-2,-1],[0,1,0,1]]""","""[[11,[1,-1,11,-11]],[17,[1,7,23,17]],[53,[1,-1,51,53]]]""",False,Q,Q,USp(4),76241349303428076,1
9931.a.9931.1,9931.a,9931,9931,"""[[-73,59,15,-16,-1,1],[0,0,1]]""","""[[9931,[1,144,10074,9931]]]""",False,Q,Q,USp(4),1725580563760669800,1
9935.a.49675.1,9935.a,9935,49675,"""[[1,0,-3,-1,1,1],[1,1]]""","""[[5,[1,1,3,-5]],[1987,[1,-13,1999,-1987]]]""",False,Q,Q,USp(4),1752024688342273866,1
9936.a.9936.1,9936.a,9936,9936,"""[[23,0,-24,0,7,0,-1],[0,1,0,1]]""","""[[2,[1,-1,2]],[3,[1,-1]],[23,[1,1,23,23]]]""",True,Q x Q,CM x Q,N(U(1)xSU(2)),1035678312659531532,1
9936.b.268272.1,9936.b,9936,268272,"""[[-2,1,-3,2,-1,1],[0,1,0,1]]""","""[[2,[1,1,2]],[3,[1,1]],[23,[1,1,23,23]]]""",False,Q,Q,USp(4),1252771187103317671,1
9941.a.9941.1,9941.a,9941,9941,"""[[0,1,-5,6,-3,1],[1]]""","""[[9941,[1,89,9851,-9941]]]""",False,Q,Q,USp(4),2194991981702498781,1
9951.a.9951.1,9951.a,9951,9951,"""[[-1,1,0,0,2,1],[1,0,1,1]]""","""[[3,[1,1,3,3]],[31,[1,11,41,31]],[107,[1,8,98,-107]]]""",False,Q,Q,USp(4),493176668082891398,1
9957.a.268839.1,9957.a,9957,268839,"""[[2,1,-15,-7,19,-9,1],[1,1,0,1]]""","""[[3,[1,-1,3,-3]],[3319,[1,59,3377,3319]]]""",False,Q,Q,USp(4),709642032050287663,1
9959.a.9959.1,9959.a,9959,9959,"""[[0,-1,0,0,0,1],[1,1,1]]""","""[[23,[1,6,16,-23]],[433,[1,-12,444,-433]]]""",False,Q,Q,USp(4),859605310095107685,1
9960.a.298800.1,9960.a,9960,298800,"""[[-1,2,1,-2,-1],[0,1,0,1]]""","""[[2,[1,1,2]],[3,[1,0,2,3]],[5,[1,3,1,-5]],[83,[1,-5,87,-83]]]""",False,Q,Q,USp(4),345843036388989242,1
9963.a.269001.1,9963.a,9963,269001,"""[[0,-1,1,0,1,-1],[1,1,1]]""","""[[3,[1]],[41,[1,9,31,-41]]]""",False,Q,Q,USp(4),1695766778861532981,1
9963.a.807003.1,9963.a,9963,807003,"""[[8,-16,2,3,1,1],[1,0,0,1]]""","""[[3,[1]],[41,[1,9,31,-41]]]""",False,Q,Q,USp(4),1695766778861532981,1
9967.a.9967.1,9967.a,9967,9967,"""[[-2,-4,-1,2,1],[1,0,1,1]]""","""[[9967,[1,31,9935,-9967]]]""",False,Q,Q,USp(4),1069059806723027669,1
9970.a.39880.1,9970.a,9970,39880,"""[[0,1,4,0,2],[1,0,0,1]]""","""[[2,[1,2,3,2]],[5,[1,1,5,5]],[997,[1,-38,1034,-997]]]""",False,Q,Q,USp(4),1606720043871270062,1
9971.a.129623.1,9971.a,9971,129623,"""[[-13,-51,-68,-31,0,1],[1,1,1]]""","""[[13,[1,-2,13]],[59,[1,-5,53,59]]]""",False,Q,Q,USp(4),891177242010764556,1
9975.a.149625.1,9975.a,9975,149625,"""[[5,17,11,-11,-8,3],[1,1,1]]""","""[[3,[1,-1,1,3]],[5,[1,0,5]],[7,[1,3,9,7]],[19,[1,3,15,-19]]]""",False,Q,Q,USp(4),39333234469827065,1
9977.a.9977.1,9977.a,9977,9977,"""[[-1,-5,-9,-2,-5,0,-1],[1,0,1]]""","""[[11,[1,3,7,-11]],[907,[1,-13,919,-907]]]""",False,Q,Q,USp(4),1953714947524153936,1
9979.a.9979.1,9979.a,9979,9979,"""[[-1,-1],[1,1,0,1]]""","""[[17,[1,0,16,17]],[587,[1,-35,551,587]]]""",False,Q,Q,USp(4),1029916694840889621,1
9984.a.19968.1,9984.a,9984,19968,"""[[0,0,0,3,-5,2],[1]]""","""[[2,[1,2,2]],[3,[1,2,0,-3]],[13,[1,-1,11,13]]]""",False,Q,Q,USp(4),1382801395827586018,1
9984.b.179712.1,9984.b,9984,179712,"""[[3,40,72,19,-17,2],[1]]""","""[[2,[1,-2,2]],[3,[1,2,4,3]],[13,[1,-1,11,13]]]""",False,Q,Q,USp(4),1781901892582125777,1
9984.c.259584.1,9984.c,9984,259584,"""[[-1,0,4,-1,-5,2],[1]]""","""[[2,[1,-2,2]],[3,[1,1,1,-3]],[13,[1,-3,9,13]]]""",False,Q,Q,USp(4),257559391537085281,1
9994.a.319808.1,9994.a,9994,319808,"""[[-3,9,0,-7,-1,1],[1,0,0,1]]""","""[[2,[1,0,1,-2]],[19,[1,1,19,19]],[263,[1,4,266,263]]]""",False,Q,Q,USp(4),75181673214657261,1
9996.a.19992.1,9996.a,9996,19992,"""[[-5,-19,-2,34,0,-21,7],[0,1,1]]""","""[[2,[1,2,1]],[3,[1,3,5,3]],[7,[1,-2,1]],[17,[1,-7,23,-17]]]""",True,Q x Q,Q x Q,SU(2)xSU(2),438691808377683843,1
10000.a.160000.1,10000.a,10000,160000,"""[[2,-3,2,-1,2,-2,1],[0,1]]""","""[[2,[1,-1]],[5,[1]]]""",True,Q x Q,Q x Q,SU(2)xSU(2),1016119535429974005,1
10000.b.800000.1,10000.b,10000,800000,"""[[1,0,0,0,0,1],[]]""","""[[2,[1]],[5,[1]]]""",False,Q,CM,F_{ac},1348264561008612918,1
