Baselabel,Conductor,BadPrimes,HardPrimes,Is_Even,Indicator,LocalFactors,euler_factors,sealed
2.23.3t2.a,23,[23],[23],False,1,"[[[1], [-2], [1]], [[1], [0], [-1]], [[1], [1], [1]], [[1], [-1]]]",null,0
2.23.3t2.b,23,[23],[23],False,1,"[[[1], [-2], [1]], [[1], [0], [-1]], [[1], [1], [1]], [[1], [-1]]]","[[1, 1, 1], [1, 1, 1], [1, 0, -1], [1, 0, -1], [1, 0, -1], [1, 1, 1], [1, 0, -1], [1, 0, -1], [1, -1], [1, 1, 1], [1, 1, 1], [1, 0, -1], [1, 1, 1], [1, 0, -1], [1, 1, 1], [1, 0, -1], [1, -2, 1], [1, 0, -1], [1, 0, -1], [1, 1, 1], [1, 1, 1], [1, 0, -1], [1, 0, -1], [1, 0, -1], [1, 0, -1], [1, -2, 1], [1, 0, -1], [1, 0, -1], [1, 0, -1], [1, 0, -1]]",0
2.31.3t2.a,31,[31],[31],False,1,"[[[1], [-2], [1]], [[1], [0], [-1]], [[1], [1], [1]], [[1], [-1]]]",null,0
2.31.3t2.b,31,[31],[31],False,1,"[[[1], [-2], [1]], [[1], [0], [-1]], [[1], [1], [1]], [[1], [-1]]]","[[1, 1, 1], [1, 0, -1], [1, 1, 1], [1, 1, 1], [1, 0, -1], [1, 0, -1], [1, 0, -1], [1, 1, 1], [1, 0, -1], [1, 0, -1], [1, -1], [1, 0, -1], [1, 1, 1], [1, 0, -1], [1, -2, 1], [1, 0, -1], [1, 1, 1], [1, 0, -1], [1, -2, 1], [1, 1, 1], [1, 0, -1], [1, 0, -1], [1, 0, -1], [1, 0, -1], [1, 1, 1], [1, 1, 1], [1, 1, 1], [1, 1, 1], [1, 1, 1], [1, 1, 1]]",0
2.39.4t3.a,39,"[3, 13]","[3, 13]",False,1,"[[[1], [-2], [1]], [[1], [2], [1]], [[1], [0], [-1]], [[1], [0], [-1]], [[1], [0], [1]], [[1], [1]]]","[[1, 0, 1], [1, 1], [1, 0, 1], [1, 0, -1], [1, 0, 1], [1, 1], [1, 0, -1], [1, 0, -1], [1, 0, -1], [1, 0, -1], [1, 0, -1], [1, 0, -1], [1, 0, 1], [1, -2, 1], [1, 0, 1], [1, 0, -1], [1, 0, 1], [1, 2, 1], [1, 0, -1], [1, 0, 1], [1, 0, -1], [1, 2, 1], [1, 0, 1], [1, 0, 1], [1, 0, -1], [1, 0, -1], [1, -2, 1], [1, 0, -1], [1, 0, -1], [1, 0, -1]]",0
2.39.4t3.b,39,"[3, 13]","[3, 13]",False,1,"[[[1], [-2], [1]], [[1], [2], [1]], [[1], [0], [-1]], [[1], [0], [-1]], [[1], [0], [1]], [[1], [1]]]",null,0
2.39.4t3.c,39,"[3, 13]","[3, 13]",False,1,"[[[1], [-2], [1]], [[1], [2], [1]], [[1], [0], [-1]], [[1], [0], [-1]], [[1], [0], [1]], [[1], [1]]]",null,0
2.44.3t2.a,44,"[2, 11]","[2, 11]",False,1,"[[[1], [-2], [1]], [[1], [0], [-1]], [[1], [1], [1]], [[1]], [[1], [-1]]]",null,0
2.44.3t2.b,44,"[2, 11]","[2, 11]",False,1,"[[[1], [-2], [1]], [[1], [0], [-1]], [[1], [1], [1]], [[1]], [[1], [-1]]]","[[1], [1, 1, 1], [1, 1, 1], [1, 0, -1], [1, -1], [1, 0, -1], [1, 0, -1], [1, 0, -1], [1, 1, 1], [1, 0, -1], [1, 1, 1], [1, 1, 1], [1, 0, -1], [1, 0, -1], [1, -2, 1], [1, -2, 1], [1, 1, 1], [1, 0, -1], [1, 1, 1], [1, 1, 1], [1, 0, -1], [1, 0, -1], [1, 0, -1], [1, 1, 1], [1, 1, 1], [1, 0, -1], [1, -2, 1], [1, 0, -1], [1, 0, -1], [1, 1, 1]]",0
2.55.4t3.a,55,"[5, 11]","[2, 3, 5, 11]",False,1,"[[[1], [-2], [1]], [[1], [2], [1]], [[1], [0], [-1]], [[1], [0], [-1]], [[1], [0], [1]], [[1], [1]]]",null,0
2.55.4t3.b,55,"[5, 11]","[5, 11]",False,1,"[[[1], [-2], [1]], [[1], [2], [1]], [[1], [0], [-1]], [[1], [0], [-1]], [[1], [0], [1]], [[1], [1]]]",null,0
2.55.4t3.c,55,"[5, 11]","[5, 11]",False,1,"[[[1], [-2], [1]], [[1], [2], [1]], [[1], [0], [-1]], [[1], [0], [-1]], [[1], [0], [1]], [[1], [1]]]","[[1, 0, 1], [1, 0, -1], [1, 1], [1, 0, 1], [1, 1], [1, 0, 1], [1, 0, 1], [1, 0, -1], [1, 0, -1], [1, 0, -1], [1, 2, 1], [1, 0, -1], [1, 0, -1], [1, 0, 1], [1, 0, -1], [1, 0, -1], [1, -2, 1], [1, 0, -1], [1, 0, -1], [1, -2, 1], [1, 0, 1], [1, 0, -1], [1, 0, 1], [1, 2, 1], [1, 0, -1], [1, 0, -1], [1, 0, -1], [1, 0, 1], [1, 0, -1], [1, 0, -1]]",0
2.56.4t3.a,56,"[2, 7]","[2, 7]",False,1,"[[[1], [-2], [1]], [[1], [2], [1]], [[1], [0], [-1]], [[1], [0], [-1]], [[1], [0], [1]], [[1], [1]]]",null,0
2.56.4t3.b,56,"[2, 7]","[2, 7]",False,1,"[[[1], [-2], [1]], [[1], [2], [1]], [[1], [0], [-1]], [[1], [0], [-1]], [[1], [0], [1]], [[1], [1]]]","[[1, 1], [1, 0, 1], [1, 0, 1], [1, 1], [1, 0, -1], [1, 0, 1], [1, 0, -1], [1, 0, 1], [1, -2, 1], [1, 0, -1], [1, 0, -1], [1, 0, -1], [1, 0, -1], [1, 0, -1], [1, 0, -1], [1, 0, -1], [1, 0, 1], [1, 0, 1], [1, 0, -1], [1, 2, 1], [1, 0, -1], [1, 2, 1], [1, 0, 1], [1, 0, -1], [1, 0, -1], [1, 0, 1], [1, 0, -1], [1, 0, -1], [1, 0, -1], [1, 2, 1]]",0
2.56.4t3.c,56,"[2, 7]","[2, 7]",False,1,"[[[1], [-2], [1]], [[1], [2], [1]], [[1], [0], [-1]], [[1], [0], [-1]], [[1], [0], [1]], [[1], [1]]]",null,0
2.59.3t2.a,59,[59],[59],False,1,"[[[1], [-2], [1]], [[1], [0], [-1]], [[1], [1], [1]], [[1], [-1]]]","[[1, 0, -1], [1, 1, 1], [1, 1, 1], [1, 1, 1], [1, 0, -1], [1, 0, -1], [1, -2, 1], [1, 1, 1], [1, 0, -1], [1, 1, 1], [1, 0, -1], [1, 0, -1], [1, 1, 1], [1, 0, -1], [1, 0, -1], [1, 1, 1], [1, -1], [1, 0, -1], [1, 0, -1], [1, -2, 1], [1, 0, -1], [1, 1, 1], [1, 0, -1], [1, 0, -1], [1, 0, -1], [1, 0, -1], [1, 0, -1], [1, 1, 1], [1, 0, -1], [1, 0, -1]]",0
2.63.4t3.a,63,"[3, 7]","[3, 7]",False,1,"[[[1], [-2], [1]], [[1], [2], [1]], [[1], [0], [-1]], [[1], [0], [-1]], [[1], [0], [1]], [[1]], [[1], [1]]]","[[1, 0, 1], [1], [1, 0, -1], [1, 1], [1, 0, 1], [1, 0, -1], [1, 0, -1], [1, 0, -1], [1, 0, 1], [1, 0, 1], [1, 0, -1], [1, 2, 1], [1, 0, -1], [1, 2, 1], [1, 0, -1], [1, 0, 1], [1, 0, -1], [1, 0, -1], [1, -2, 1], [1, 0, 1], [1, 0, -1], [1, -2, 1], [1, 0, -1], [1, 0, -1], [1, 0, -1], [1, 0, -1], [1, 0, -1], [1, 0, 1], [1, 2, 1], [1, 0, 1]]",0
2.63.4t3.b,63,"[3, 7]","[3, 5, 7]",False,1,"[[[1], [-2], [1]], [[1], [2], [1]], [[1], [0], [-1]], [[1], [0], [-1]], [[1], [0], [1]], [[1]], [[1], [1]]]",null,0
2.63.4t3.c,63,"[3, 7]","[3, 7]",False,1,"[[[1], [-2], [1]], [[1], [2], [1]], [[1], [0], [-1]], [[1], [0], [-1]], [[1], [0], [1]], [[1]], [[1], [1]]]",null,0
2.68.4t3.a,68,"[2, 17]","[2, 17]",False,1,"[[[1], [-2], [1]], [[1], [2], [1]], [[1], [0], [-1]], [[1], [0], [-1]], [[1], [0], [1]], [[1], [1]], [[1], [-1]]]","[[1, 1], [1, 0, 1], [1, 0, -1], [1, 0, 1], [1, 0, 1], [1, 2, 1], [1, -1], [1, 0, -1], [1, 0, 1], [1, 0, -1], [1, 0, 1], [1, 0, -1], [1, 0, -1], [1, 0, -1], [1, 0, -1], [1, -2, 1], [1, 0, -1], [1, 0, -1], [1, 0, -1], [1, 0, 1], [1, 0, -1], [1, 0, 1], [1, 0, -1], [1, 2, 1], [1, 0, -1], [1, 2, 1], [1, 0, -1], [1, 0, 1], [1, 0, -1], [1, 0, -1]]",0
2.68.4t3.b,68,"[2, 17]","[2, 17]",False,1,"[[[1], [-2], [1]], [[1], [2], [1]], [[1], [0], [-1]], [[1], [0], [-1]], [[1], [0], [1]], [[1], [1]], [[1], [-1]]]",null,0
2.68.4t3.c,68,"[2, 17]","[2, 17]",False,1,"[[[1], [-2], [1]], [[1], [2], [1]], [[1], [0], [-1]], [[1], [0], [-1]], [[1], [0], [1]], [[1], [1]], [[1], [-1]]]",null,0
2.76.3t2.a,76,"[2, 19]","[2, 19]",False,1,"[[[1], [-2], [1]], [[1], [0], [-1]], [[1], [1], [1]], [[1]], [[1], [-1]]]","[[1], [1, 0, -1], [1, 1, 1], [1, 1, 1], [1, 1, 1], [1, 0, -1], [1, 1, 1], [1, -1], [1, -2, 1], [1, 0, -1], [1, 0, -1], [1, 0, -1], [1, 0, -1], [1, 1, 1], [1, 1, 1], [1, 0, -1], [1, 0, -1], [1, 1, 1], [1, 0, -1], [1, 0, -1], [1, 1, 1], [1, 0, -1], [1, -2, 1], [1, 0, -1], [1, 0, -1], [1, -2, 1], [1, 0, -1], [1, 0, -1], [1, 0, -1], [1, 0, -1]]",0
2.76.3t2.b,76,"[2, 19]","[2, 19]",False,1,"[[[1], [-2], [1]], [[1], [0], [-1]], [[1], [1], [1]], [[1]], [[1], [-1]]]",null,0
2.80.4t3.a,80,"[2, 5]","[2, 5]",False,1,"[[[1], [-2], [1]], [[1], [2], [1]], [[1], [0], [-1]], [[1], [0], [-1]], [[1], [0], [1]], [[1]], [[1], [1]]]","[[1], [1, 0, 1], [1, 1], [1, 0, 1], [1, 0, -1], [1, 0, -1], [1, 0, -1], [1, 0, -1], [1, 0, 1], [1, -2, 1], [1, 0, -1], [1, 0, -1], [1, 2, 1], [1, 0, 1], [1, 0, 1], [1, 0, -1], [1, 0, -1], [1, 2, 1], [1, 0, 1], [1, 0, -1], [1, 0, -1], [1, 0, -1], [1, 0, 1], [1, -2, 1], [1, 0, -1], [1, -2, 1], [1, 0, 1], [1, 0, 1], [1, 2, 1], [1, 0, -1]]",0
2.80.4t3.b,80,"[2, 5]","[2, 5]",False,1,"[[[1], [-2], [1]], [[1], [2], [1]], [[1], [0], [-1]], [[1], [0], [-1]], [[1], [0], [1]], [[1]], [[1], [1]]]",null,0
2.80.4t3.c,80,"[2, 5]","[2, 5]",False,1,"[[[1], [-2], [1]], [[1], [2], [1]], [[1], [0], [-1]], [[1], [0], [-1]], [[1], [0], [1]], [[1]], [[1], [1]]]",null,0
2.83.3t2.a,83,[83],[83],False,1,"[[[1], [-2], [1]], [[1], [0], [-1]], [[1], [1], [1]], [[1], [-1]]]","[[1, 0, -1], [1, 1, 1], [1, 0, -1], [1, 1, 1], [1, 1, 1], [1, 0, -1], [1, 1, 1], [1, 0, -1], [1, -2, 1], [1, 1, 1], [1, 1, 1], [1, 1, 1], [1, -2, 1], [1, 0, -1], [1, 0, -1], [1, 0, -1], [1, 1, 1], [1, 1, 1], [1, 0, -1], [1, 0, -1], [1, 0, -1], [1, 0, -1], [1, -1], [1, 0, -1], [1, 0, -1], [1, 0, -1], [1, 0, -1], [1, 0, -1], [1, 1, 1], [1, 1, 1]]",0
2.87.3t2.a,87,"[3, 29]","[3, 29]",False,1,"[[[1], [-2], [1]], [[1], [0], [-1]], [[1], [1], [1]], [[1], [-1]]]","[[1, 1, 1], [1, -1], [1, 0, -1], [1, 1, 1], [1, 1, 1], [1, 1, 1], [1, 1, 1], [1, 0, -1], [1, 0, -1], [1, -1], [1, 0, -1], [1, 0, -1], [1, -2, 1], [1, 0, -1], [1, 1, 1], [1, 0, -1], [1, 0, -1], [1, 0, -1], [1, 1, 1], [1, 0, -1], [1, 0, -1], [1, 0, -1], [1, 0, -1], [1, 1, 1], [1, 0, -1], [1, 1, 1], [1, -2, 1], [1, 0, -1], [1, 1, 1], [1, 1, 1]]",0
2.87.6t3.a,87,"[3, 29]","[3, 29]",False,1,"[[[1], [-2], [1]], [[1], [2], [1]], [[1], [0], [-1]], [[1], [0], [-1]], [[1], [1], [1]], [[1], [-1], [1]], [[1], [1]]]",null,0
2.87.6t3.b,87,"[3, 29]","[3, 29]",False,1,"[[[1], [-2], [1]], [[1], [2], [1]], [[1], [0], [-1]], [[1], [0], [-1]], [[1], [1], [1]], [[1], [-1], [1]], [[1], [1]]]","[[1, -1, 1], [1, 1], [1, 0, -1], [1, 1, 1], [1, -1, 1], [1, 1, 1], [1, -1, 1], [1, 0, -1], [1, 0, -1], [1, 1], [1, 0, -1], [1, 0, -1], [1, 2, 1], [1, 0, -1], [1, -1, 1], [1, 0, -1], [1, 0, -1], [1, 0, -1], [1, 1, 1], [1, 0, -1], [1, 0, -1], [1, 0, -1], [1, 0, -1], [1, -1, 1], [1, 0, -1], [1, -1, 1], [1, -2, 1], [1, 0, -1], [1, 1, 1], [1, -1, 1]]",0
2.95.4t3.a,95,"[5, 19]","[5, 7, 19]",False,1,"[[[1], [-2], [1]], [[1], [2], [1]], [[1], [0], [-1]], [[1], [0], [-1]], [[1], [0], [1]], [[1], [-1]]]",null,0
2.95.4t3.b,95,"[5, 19]","[5, 19]",False,1,"[[[1], [-2], [1]], [[1], [2], [1]], [[1], [0], [-1]], [[1], [0], [-1]], [[1], [0], [1]], [[1], [-1]]]",null,0
2.95.4t3.c,95,"[5, 19]","[5, 19]",False,1,"[[[1], [-2], [1]], [[1], [2], [1]], [[1], [0], [-1]], [[1], [0], [-1]], [[1], [0], [1]], [[1], [-1]]]","[[1, 0, 1], [1, 0, 1], [1, -1], [1, 0, -1], [1, 2, 1], [1, 0, 1], [1, 0, -1], [1, -1], [1, 0, -1], [1, 0, -1], [1, 0, -1], [1, 0, 1], [1, 0, -1], [1, 0, -1], [1, 0, -1], [1, 0, 1], [1, 0, -1], [1, 2, 1], [1, 0, 1], [1, 0, -1], [1, 0, -1], [1, 0, -1], [1, 0, -1], [1, 0, -1], [1, 0, 1], [1, 2, 1], [1, 0, 1], [1, 0, 1], [1, 0, -1], [1, 0, 1]]",0
2.104.3t2.a,104,"[2, 13]","[2, 13]",False,1,"[[[1], [-2], [1]], [[1], [0], [-1]], [[1], [1], [1]], [[1], [-1]]]",null,0
2.104.3t2.b,104,"[2, 13]","[2, 13]",False,1,"[[[1], [-2], [1]], [[1], [0], [-1]], [[1], [1], [1]], [[1], [-1]]]","[[1, -1], [1, 1, 1], [1, 1, 1], [1, 1, 1], [1, 0, -1], [1, -1], [1, 1, 1], [1, 0, -1], [1, 0, -1], [1, 0, -1], [1, -2, 1], [1, 1, 1], [1, 0, -1], [1, 1, 1], [1, 1, 1], [1, 0, -1], [1, 0, -1], [1, 0, -1], [1, 0, -1], [1, 1, 1], [1, 0, -1], [1, 0, -1], [1, 0, -1], [1, 0, -1], [1, 0, -1], [1, 0, -1], [1, 0, -1], [1, -2, 1], [1, 1, 1], [1, -2, 1]]",0
2.104.6t3.a,104,"[2, 13]","[2, 13]",False,1,"[[[1], [-2], [1]], [[1], [2], [1]], [[1], [0], [-1]], [[1], [0], [-1]], [[1], [1], [1]], [[1], [-1], [1]], [[1], [1]]]","[[1, 1], [1, 1, 1], [1, -1, 1], [1, -1, 1], [1, 0, -1], [1, 1], [1, 1, 1], [1, 0, -1], [1, 0, -1], [1, 0, -1], [1, 2, 1], [1, -1, 1], [1, 0, -1], [1, 1, 1], [1, -1, 1], [1, 0, -1], [1, 0, -1], [1, 0, -1], [1, 0, -1], [1, -1, 1], [1, 0, -1], [1, 0, -1], [1, 0, -1], [1, 0, -1], [1, 0, -1], [1, 0, -1], [1, 0, -1], [1, -2, 1], [1, -1, 1], [1, -2, 1]]",0
2.104.6t3.b,104,"[2, 13]","[2, 13]",False,1,"[[[1], [-2], [1]], [[1], [2], [1]], [[1], [0], [-1]], [[1], [0], [-1]], [[1], [1], [1]], [[1], [-1], [1]], [[1], [1]]]",null,0
2.107.3t2.a,107,[107],[107],False,1,"[[[1], [-2], [1]], [[1], [0], [-1]], [[1], [1], [1]], [[1], [-1]]]","[[1, 0, -1], [1, 1, 1], [1, 0, -1], [1, 0, -1], [1, 1, 1], [1, 1, 1], [1, 0, -1], [1, 1, 1], [1, 1, 1], [1, -2, 1], [1, 0, -1], [1, 1, 1], [1, 1, 1], [1, 0, -1], [1, -2, 1], [1, 1, 1], [1, 0, -1], [1, 1, 1], [1, 0, -1], [1, 0, -1], [1, 0, -1], [1, 1, 1], [1, -2, 1], [1, 1, 1], [1, 0, -1], [1, 1, 1], [1, 0, -1], [1, -1], [1, 0, -1], [1, 0, -1]]",0
2.108.3t2.a,108,"[2, 3]","[2, 3]",False,1,"[[[1], [-2], [1]], [[1], [0], [-1]], [[1], [1], [1]], [[1]]]",null,0
2.108.3t2.b,108,"[2, 3]","[2, 3]",False,1,"[[[1], [-2], [1]], [[1], [0], [-1]], [[1], [1], [1]], [[1]]]","[[1], [1], [1, 0, -1], [1, 1, 1], [1, 0, -1], [1, 1, 1], [1, 0, -1], [1, 1, 1], [1, 0, -1], [1, 0, -1], [1, -2, 1], [1, 1, 1], [1, 0, -1], [1, -2, 1], [1, 0, -1], [1, 0, -1], [1, 0, -1], [1, 1, 1], [1, 1, 1], [1, 0, -1], [1, 1, 1], [1, 1, 1], [1, 0, -1], [1, 0, -1], [1, 1, 1], [1, 0, -1], [1, 1, 1], [1, 0, -1], [1, -2, 1], [1, 0, -1]]",0
2.111.4t3.a,111,"[3, 37]","[3, 37]",False,1,"[[[1], [-2], [1]], [[1], [2], [1]], [[1], [0], [-1]], [[1], [0], [-1]], [[1], [0], [1]], [[1], [-1]]]","[[1, 0, 1], [1, -1], [1, 0, 1], [1, 2, 1], [1, 0, -1], [1, 0, -1], [1, 0, 1], [1, 0, -1], [1, 0, 1], [1, 0, 1], [1, 0, -1], [1, -1], [1, 0, -1], [1, 0, -1], [1, 0, -1], [1, 0, -1], [1, 0, 1], [1, 0, -1], [1, 2, 1], [1, 0, -1], [1, 2, 1], [1, 0, -1], [1, 0, -1], [1, 0, 1], [1, 0, -1], [1, 0, -1], [1, 0, -1], [1, 0, -1], [1, 0, -1], [1, 0, 1]]",0
2.111.4t3.b,111,"[3, 37]","[2, 3, 37]",False,1,"[[[1], [-2], [1]], [[1], [2], [1]], [[1], [0], [-1]], [[1], [0], [-1]], [[1], [0], [1]], [[1], [-1]]]",null,0
2.111.4t3.c,111,"[3, 37]","[2, 3, 7, 37]",False,1,"[[[1], [-2], [1]], [[1], [2], [1]], [[1], [0], [-1]], [[1], [0], [-1]], [[1], [0], [1]], [[1], [-1]]]",null,0
2.116.3t2.a,116,"[2, 29]","[2, 29]",False,1,"[[[1], [-2], [1]], [[1], [0], [-1]], [[1], [1], [1]], [[1], [-1]]]","[[1, -1], [1, 1, 1], [1, 1, 1], [1, 0, -1], [1, 1, 1], [1, 1, 1], [1, 0, -1], [1, -2, 1], [1, 0, -1], [1, -1], [1, 1, 1], [1, 0, -1], [1, 0, -1], [1, 1, 1], [1, 1, 1], [1, 1, 1], [1, 0, -1], [1, 0, -1], [1, 0, -1], [1, 0, -1], [1, 0, -1], [1, 1, 1], [1, 0, -1], [1, 0, -1], [1, 0, -1], [1, 0, -1], [1, 0, -1], [1, 0, -1], [1, 1, 1], [1, 0, -1]]",0
2.116.6t3.a,116,"[2, 29]","[2, 29]",False,1,"[[[1], [-2], [1]], [[1], [2], [1]], [[1], [0], [-1]], [[1], [0], [-1]], [[1], [1], [1]], [[1], [-1], [1]], [[1], [1]], [[1], [-1]]]",null,0
2.116.6t3.b,116,"[2, 29]","[2, 29]",False,1,"[[[1], [-2], [1]], [[1], [2], [1]], [[1], [0], [-1]], [[1], [0], [-1]], [[1], [1], [1]], [[1], [-1], [1]], [[1], [1]], [[1], [-1]]]","[[1, 1], [1, -1, 1], [1, 1, 1], [1, 0, -1], [1, -1, 1], [1, 1, 1], [1, 0, -1], [1, 2, 1], [1, 0, -1], [1, -1], [1, -1, 1], [1, 0, -1], [1, 0, -1], [1, -1, 1], [1, -1, 1], [1, 1, 1], [1, 0, -1], [1, 0, -1], [1, 0, -1], [1, 0, -1], [1, 0, -1], [1, -1, 1], [1, 0, -1], [1, 0, -1], [1, 0, -1], [1, 0, -1], [1, 0, -1], [1, 0, -1], [1, 1, 1], [1, 0, -1]]",0
2.128.4t3.a,128,[2],[2],False,1,"[[[1], [-2], [1]], [[1], [2], [1]], [[1], [0], [-1]], [[1], [0], [-1]], [[1], [0], [1]], [[1]]]","[[1], [1, 0, 1], [1, 0, -1], [1, 0, -1], [1, 0, 1], [1, 0, -1], [1, 2, 1], [1, 0, 1], [1, 0, -1], [1, 0, -1], [1, 0, -1], [1, 0, -1], [1, -2, 1], [1, 0, 1], [1, 0, -1], [1, 0, -1], [1, 0, 1], [1, 0, -1], [1, 0, 1], [1, 0, -1], [1, 2, 1], [1, 0, -1], [1, 0, 1], [1, 2, 1], [1, 2, 1], [1, 0, -1], [1, 0, -1], [1, 0, 1], [1, 0, -1], [1, -2, 1]]",0
2.128.4t3.b,128,[2],"[2, 233]",False,1,"[[[1], [-2], [1]], [[1], [2], [1]], [[1], [0], [-1]], [[1], [0], [-1]], [[1], [0], [1]], [[1]]]",null,0
2.128.4t3.c,128,[2],[2],False,1,"[[[1], [-2], [1]], [[1], [2], [1]], [[1], [0], [-1]], [[1], [0], [-1]], [[1], [0], [1]], [[1]]]",null,0
2.135.3t2.a,135,"[3, 5]","[3, 5]",False,1,"[[[1], [-2], [1]], [[1], [0], [-1]], [[1], [1], [1]], [[1]], [[1], [-1]]]",null,0
2.135.3t2.b,135,"[3, 5]","[3, 5]",False,1,"[[[1], [-2], [1]], [[1], [0], [-1]], [[1], [1], [1]], [[1]], [[1], [-1]]]","[[1, 1, 1], [1], [1, -1], [1, 0, -1], [1, 0, -1], [1, 0, -1], [1, 1, 1], [1, 1, 1], [1, 1, 1], [1, 0, -1], [1, 1, 1], [1, 0, -1], [1, 0, -1], [1, 0, -1], [1, -2, 1], [1, 1, 1], [1, 0, -1], [1, 1, 1], [1, 0, -1], [1, 0, -1], [1, 0, -1], [1, 1, 1], [1, 1, 1], [1, 0, -1], [1, 0, -1], [1, 0, -1], [1, 0, -1], [1, -2, 1], [1, 1, 1], [1, -2, 1]]",0
2.135.6t3.a,135,"[3, 5]","[3, 5]",False,1,"[[[1], [-2], [1]], [[1], [2], [1]], [[1], [0], [-1]], [[1], [0], [-1]], [[1], [1], [1]], [[1], [-1], [1]], [[1]], [[1], [1]]]",null,0
2.135.6t3.b,135,"[3, 5]","[3, 5]",False,1,"[[[1], [-2], [1]], [[1], [2], [1]], [[1], [0], [-1]], [[1], [0], [-1]], [[1], [1], [1]], [[1], [-1], [1]], [[1]], [[1], [1]]]","[[1, -1, 1], [1], [1, 1], [1, 0, -1], [1, 0, -1], [1, 0, -1], [1, -1, 1], [1, 1, 1], [1, -1, 1], [1, 0, -1], [1, 1, 1], [1, 0, -1], [1, 0, -1], [1, 0, -1], [1, 2, 1], [1, -1, 1], [1, 0, -1], [1, 1, 1], [1, 0, -1], [1, 0, -1], [1, 0, -1], [1, 1, 1], [1, -1, 1], [1, 0, -1], [1, 0, -1], [1, 0, -1], [1, 0, -1], [1, 2, 1], [1, 1, 1], [1, 2, 1]]",0
2.136.4t3.a,136,"[2, 17]","[2, 17]",True,1,"[[[1], [-2], [1]], [[1], [2], [1]], [[1], [0], [-1]], [[1], [0], [-1]], [[1], [0], [1]], [[1], [-1]], [[1], [1]]]",null,0
2.136.4t3.b,136,"[2, 17]","[2, 17]",False,1,"[[[1], [-2], [1]], [[1], [2], [1]], [[1], [0], [-1]], [[1], [0], [-1]], [[1], [0], [1]], [[1], [1]]]","[[1, 1], [1, 0, -1], [1, 0, 1], [1, 0, 1], [1, 0, -1], [1, 0, -1], [1, 1], [1, 2, 1], [1, 0, 1], [1, 0, 1], [1, 0, 1], [1, 0, 1], [1, 0, -1], [1, -2, 1], [1, 0, -1], [1, 0, -1], [1, -2, 1], [1, 0, 1], [1, 2, 1], [1, 0, 1], [1, 0, -1], [1, 0, 1], [1, -2, 1], [1, 2, 1], [1, 0, -1], [1, 0, -1], [1, 0, -1], [1, 0, -1], [1, 0, 1], [1, 0, -1]]",0
2.136.4t3.c,136,"[2, 17]","[2, 17]",True,1,"[[[1], [-2], [1]], [[1], [2], [1]], [[1], [0], [-1]], [[1], [0], [-1]], [[1], [0], [1]], [[1], [-1]], [[1], [1]]]",null,0
2.136.4t3.d,136,"[2, 17]","[2, 3, 17]",False,1,"[[[1], [-2], [1]], [[1], [2], [1]], [[1], [0], [-1]], [[1], [0], [-1]], [[1], [0], [1]], [[1], [1]]]",null,0
2.136.4t3.e,136,"[2, 17]","[2, 17, 19, 31, 47]",True,1,"[[[1], [-2], [1]], [[1], [2], [1]], [[1], [0], [-1]], [[1], [0], [-1]], [[1], [0], [1]], [[1], [-1]], [[1], [1]]]",null,0
2.136.4t3.f,136,"[2, 17]","[2, 3, 17, 331]",False,1,"[[[1], [-2], [1]], [[1], [2], [1]], [[1], [0], [-1]], [[1], [0], [-1]], [[1], [0], [1]], [[1], [1]]]",null,0
2.139.3t2.a,139,[139],[139],False,1,"[[[1], [-2], [1]], [[1], [0], [-1]], [[1], [1], [1]], [[1], [-1]]]","[[1, 0, -1], [1, 0, -1], [1, 1, 1], [1, 1, 1], [1, 1, 1], [1, 1, 1], [1, 0, -1], [1, 0, -1], [1, 0, -1], [1, 1, 1], [1, 1, 1], [1, -2, 1], [1, -2, 1], [1, 0, -1], [1, -2, 1], [1, 0, -1], [1, 0, -1], [1, 0, -1], [1, 1, 1], [1, 1, 1], [1, 0, -1], [1, 1, 1], [1, 1, 1], [1, 1, 1], [1, 0, -1], [1, 0, -1], [1, 0, -1], [1, -2, 1], [1, 0, -1], [1, 1, 1]]",0
2.140.3t2.a,140,"[2, 5, 7]","[2, 5, 7]",False,1,"[[[1], [-2], [1]], [[1], [0], [-1]], [[1], [1], [1]], [[1]], [[1], [-1]]]","[[1], [1, 1, 1], [1, -1], [1, -1], [1, 1, 1], [1, 1, 1], [1, 1, 1], [1, 0, -1], [1, 0, -1], [1, 1, 1], [1, 0, -1], [1, 0, -1], [1, 0, -1], [1, 0, -1], [1, 1, 1], [1, 0, -1], [1, 0, -1], [1, 0, -1], [1, 0, -1], [1, -2, 1], [1, -2, 1], [1, 1, 1], [1, -2, 1], [1, 0, -1], [1, 1, 1], [1, 0, -1], [1, 1, 1], [1, 0, -1], [1, 1, 1], [1, 0, -1]]",0
2.140.6t3.a,140,"[2, 5, 7]","[2, 5, 7]",False,1,"[[[1], [-2], [1]], [[1], [2], [1]], [[1], [0], [-1]], [[1], [0], [-1]], [[1], [1], [1]], [[1], [-1], [1]], [[1]], [[1], [1]]]",null,0
2.140.6t3.b,140,"[2, 5, 7]","[2, 5, 7]",False,1,"[[[1], [-2], [1]], [[1], [2], [1]], [[1], [0], [-1]], [[1], [0], [-1]], [[1], [1], [1]], [[1], [-1], [1]], [[1]], [[1], [1]]]","[[1], [1, -1, 1], [1, 1], [1, 1], [1, 1, 1], [1, -1, 1], [1, -1, 1], [1, 0, -1], [1, 0, -1], [1, 1, 1], [1, 0, -1], [1, 0, -1], [1, 0, -1], [1, 0, -1], [1, -1, 1], [1, 0, -1], [1, 0, -1], [1, 0, -1], [1, 0, -1], [1, -2, 1], [1, 2, 1], [1, 1, 1], [1, 2, 1], [1, 0, -1], [1, -1, 1], [1, 0, -1], [1, -1, 1], [1, 0, -1], [1, 1, 1], [1, 0, -1]]",0
2.144.4t3.a,144,"[2, 3]","[2, 3, 11]",False,1,"[[[1], [-2], [1]], [[1], [2], [1]], [[1], [0], [-1]], [[1], [0], [-1]], [[1], [0], [1]], [[1]]]",null,0
2.144.4t3.b,144,"[2, 3]","[2, 3]",False,1,"[[[1], [-2], [1]], [[1], [2], [1]], [[1], [0], [-1]], [[1], [0], [-1]], [[1], [0], [1]], [[1]]]","[[1], [1], [1, 0, 1], [1, 0, -1], [1, 0, -1], [1, 2, 1], [1, 0, 1], [1, 0, -1], [1, 0, -1], [1, 0, 1], [1, 0, -1], [1, -2, 1], [1, 0, 1], [1, 0, -1], [1, 0, -1], [1, 0, 1], [1, 0, -1], [1, -2, 1], [1, 0, -1], [1, 0, -1], [1, 2, 1], [1, 0, -1], [1, 0, -1], [1, 0, 1], [1, 2, 1], [1, 0, 1], [1, 0, -1], [1, 0, -1], [1, 2, 1], [1, 0, 1]]",0
2.144.4t3.c,144,"[2, 3]","[2, 3]",False,1,"[[[1], [-2], [1]], [[1], [2], [1]], [[1], [0], [-1]], [[1], [0], [-1]], [[1], [0], [1]], [[1]]]",null,0
2.145.4t3.a,145,"[5, 29]","[5, 29]",True,1,"[[[1], [-2], [1]], [[1], [2], [1]], [[1], [0], [-1]], [[1], [0], [-1]], [[1], [0], [1]], [[1], [1]]]",null,0
2.145.4t3.b,145,"[5, 29]","[5, 29]",True,1,"[[[1], [-2], [1]], [[1], [2], [1]], [[1], [0], [-1]], [[1], [0], [-1]], [[1], [0], [1]], [[1], [1]]]",null,0
2.145.4t3.c,145,"[5, 29]","[3, 5, 7, 29]",True,1,"[[[1], [-2], [1]], [[1], [2], [1]], [[1], [0], [-1]], [[1], [0], [-1]], [[1], [0], [1]], [[1], [1]]]",null,0
2.148.3t2.a,148,"[2, 37]","[2, 37]",True,1,"[[[1], [-2], [1]], [[1], [0], [-1]], [[1], [1], [1]], [[1]], [[1], [-1]]]",null,0
2.148.3t2.b,148,"[2, 37]","[2, 37]",True,1,"[[[1], [-2], [1]], [[1], [0], [-1]], [[1], [1], [1]], [[1]], [[1], [-1]]]",null,0
2.152.3t2.a,152,"[2, 19]","[2, 19, 181]",False,1,"[[[1], [-2], [1]], [[1], [0], [-1]], [[1], [1], [1]], [[1], [-1]]]",null,0
2.152.3t2.b,152,"[2, 19]","[2, 19]",False,1,"[[[1], [-2], [1]], [[1], [0], [-1]], [[1], [1], [1]], [[1], [-1]]]","[[1, -1], [1, 1, 1], [1, 0, -1], [1, 1, 1], [1, 0, -1], [1, 1, 1], [1, 1, 1], [1, -1], [1, 1, 1], [1, 1, 1], [1, 0, -1], [1, -2, 1], [1, 0, -1], [1, 0, -1], [1, -2, 1], [1, 1, 1], [1, 1, 1], [1, 0, -1], [1, 1, 1], [1, 0, -1], [1, 1, 1], [1, 0, -1], [1, 0, -1], [1, 0, -1], [1, 0, -1], [1, 0, -1], [1, 0, -1], [1, 1, 1], [1, 1, 1], [1, 0, -1]]",0
2.152.6t3.a,152,"[2, 19]","[2, 19]",False,1,"[[[1], [-2], [1]], [[1], [2], [1]], [[1], [0], [-1]], [[1], [0], [-1]], [[1], [1], [1]], [[1], [-1], [1]], [[1], [1]]]","[[1, 1], [1, -1, 1], [1, 0, -1], [1, 1, 1], [1, 0, -1], [1, -1, 1], [1, 1, 1], [1, 1], [1, 1, 1], [1, -1, 1], [1, 0, -1], [1, 2, 1], [1, 0, -1], [1, 0, -1], [1, -2, 1], [1, -1, 1], [1, -1, 1], [1, 0, -1], [1, -1, 1], [1, 0, -1], [1, 1, 1], [1, 0, -1], [1, 0, -1], [1, 0, -1], [1, 0, -1], [1, 0, -1], [1, 0, -1], [1, -1, 1], [1, -1, 1], [1, 0, -1]]",0
2.152.6t3.b,152,"[2, 19]","[2, 19]",False,1,"[[[1], [-2], [1]], [[1], [2], [1]], [[1], [0], [-1]], [[1], [0], [-1]], [[1], [1], [1]], [[1], [-1], [1]], [[1], [1]]]",null,0
2.155.4t3.a,155,"[5, 31]","[2, 3, 5, 31]",False,1,"[[[1], [-2], [1]], [[1], [2], [1]], [[1], [0], [-1]], [[1], [0], [-1]], [[1], [0], [1]], [[1], [1]]]",null,0
2.155.4t3.b,155,"[5, 31]","[5, 31]",False,1,"[[[1], [-2], [1]], [[1], [2], [1]], [[1], [0], [-1]], [[1], [0], [-1]], [[1], [0], [1]], [[1], [1]]]",null,0
2.155.4t3.c,155,"[5, 31]","[2, 5, 31]",False,1,"[[[1], [-2], [1]], [[1], [2], [1]], [[1], [0], [-1]], [[1], [0], [-1]], [[1], [0], [1]], [[1], [1]]]","[[1, 0, -1], [1, 0, 1], [1, 1], [1, 0, -1], [1, 0, -1], [1, 0, 1], [1, 0, 1], [1, 2, 1], [1, 0, 1], [1, 0, -1], [1, 1], [1, 0, 1], [1, -2, 1], [1, 0, 1], [1, 0, -1], [1, 0, 1], [1, -2, 1], [1, 0, -1], [1, 0, -1], [1, 2, 1], [1, 0, 1], [1, 0, -1], [1, 0, 1], [1, 0, -1], [1, 0, -1], [1, 2, 1], [1, 0, -1], [1, 0, -1], [1, 2, 1], [1, 0, -1]]",0
2.164.4t3.a,164,"[2, 41]","[2, 41]",False,1,"[[[1], [-2], [1]], [[1], [2], [1]], [[1], [0], [-1]], [[1], [0], [-1]], [[1], [0], [1]], [[1], [-1]]]",null,0
2.164.4t3.b,164,"[2, 41]","[2, 5, 41]",False,1,"[[[1], [-2], [1]], [[1], [2], [1]], [[1], [0], [-1]], [[1], [0], [-1]], [[1], [0], [1]], [[1], [-1]]]",null,0
2.164.4t3.c,164,"[2, 41]","[2, 41]",False,1,"[[[1], [-2], [1]], [[1], [2], [1]], [[1], [0], [-1]], [[1], [0], [-1]], [[1], [0], [1]], [[1], [-1]]]","[[1, -1], [1, 0, 1], [1, 2, 1], [1, 0, 1], [1, 0, 1], [1, 0, -1], [1, 0, -1], [1, 0, 1], [1, 0, -1], [1, 0, -1], [1, 0, -1], [1, 2, 1], [1, -1], [1, 0, -1], [1, 0, 1], [1, 0, -1], [1, 0, -1], [1, -2, 1], [1, 0, 1], [1, 0, 1], [1, 2, 1], [1, 0, 1], [1, 0, -1], [1, 0, -1], [1, 0, -1], [1, 0, -1], [1, 0, -1], [1, 0, -1], [1, 0, -1], [1, 2, 1]]",0
2.171.4t3.a,171,"[3, 19]","[2, 3, 7, 19]",False,1,"[[[1], [-2], [1]], [[1], [2], [1]], [[1], [0], [-1]], [[1], [0], [-1]], [[1], [0], [1]], [[1]], [[1], [1]]]",null,0
2.171.4t3.b,171,"[3, 19]","[2, 3, 19]",False,1,"[[[1], [-2], [1]], [[1], [2], [1]], [[1], [0], [-1]], [[1], [0], [-1]], [[1], [0], [1]], [[1]], [[1], [1]]]",null,0
2.171.4t3.c,171,"[3, 19]","[2, 3, 19]",False,1,"[[[1], [-2], [1]], [[1], [2], [1]], [[1], [0], [-1]], [[1], [0], [-1]], [[1], [0], [1]], [[1]], [[1], [1]]]","[[1, 0, -1], [1], [1, 0, 1], [1, 2, 1], [1, 0, 1], [1, 0, -1], [1, 0, 1], [1, 1], [1, 0, 1], [1, 0, -1], [1, 0, -1], [1, 0, -1], [1, 0, -1], [1, -2, 1], [1, 0, 1], [1, 0, -1], [1, 0, -1], [1, 2, 1], [1, 0, -1], [1, 0, -1], [1, -2, 1], [1, 0, -1], [1, 0, 1], [1, 0, -1], [1, 0, -1], [1, 0, 1], [1, 0, -1], [1, 0, -1], [1, 0, -1], [1, 0, -1]]",0
2.172.3t2.a,172,"[2, 43]","[2, 43]",False,1,"[[[1], [-2], [1]], [[1], [0], [-1]], [[1], [1], [1]], [[1]], [[1], [-1]]]","[[1], [1, 0, -1], [1, 0, -1], [1, 0, -1], [1, 1, 1], [1, 1, 1], [1, 1, 1], [1, 0, -1], [1, 1, 1], [1, 0, -1], [1, 1, 1], [1, 0, -1], [1, 1, 1], [1, -1], [1, -2, 1], [1, 1, 1], [1, -2, 1], [1, 0, -1], [1, 1, 1], [1, 0, -1], [1, 0, -1], [1, -2, 1], [1, 1, 1], [1, 0, -1], [1, 1, 1], [1, 1, 1], [1, 1, 1], [1, -2, 1], [1, 1, 1], [1, 0, -1]]",0
2.175.3t2.a,175,"[5, 7]","[5, 7]",False,1,"[[[1], [-2], [1]], [[1], [0], [-1]], [[1], [1], [1]], [[1]], [[1], [-1]]]",null,0
2.175.3t2.b,175,"[5, 7]","[5, 7]",False,1,"[[[1], [-2], [1]], [[1], [0], [-1]], [[1], [1], [1]], [[1]], [[1], [-1]]]","[[1, 1, 1], [1, 0, -1], [1], [1, -1], [1, 1, 1], [1, 0, -1], [1, 0, -1], [1, 0, -1], [1, 1, 1], [1, 1, 1], [1, 0, -1], [1, 1, 1], [1, 0, -1], [1, 1, 1], [1, 0, -1], [1, -2, 1], [1, 0, -1], [1, 0, -1], [1, 1, 1], [1, 1, 1], [1, 0, -1], [1, 1, 1], [1, 0, -1], [1, 0, -1], [1, 0, -1], [1, 0, -1], [1, 0, -1], [1, -2, 1], [1, 1, 1], [1, 1, 1]]",0
2.175.6t3.a,175,"[5, 7]","[3, 5, 7]",False,1,"[[[1], [-2], [1]], [[1], [2], [1]], [[1], [0], [-1]], [[1], [0], [-1]], [[1], [1], [1]], [[1], [-1], [1]], [[1]], [[1], [1]]]","[[1, -1, 1], [1, 0, -1], [1], [1, 1], [1, 1, 1], [1, 0, -1], [1, 0, -1], [1, 0, -1], [1, -1, 1], [1, 1, 1], [1, 0, -1], [1, -1, 1], [1, 0, -1], [1, -1, 1], [1, 0, -1], [1, 2, 1], [1, 0, -1], [1, 0, -1], [1, -1, 1], [1, 1, 1], [1, 0, -1], [1, 1, 1], [1, 0, -1], [1, 0, -1], [1, 0, -1], [1, 0, -1], [1, 0, -1], [1, 2, 1], [1, 1, 1], [1, -1, 1]]",0
2.175.6t3.b,175,"[5, 7]","[5, 7]",False,1,"[[[1], [-2], [1]], [[1], [2], [1]], [[1], [0], [-1]], [[1], [0], [-1]], [[1], [1], [1]], [[1], [-1], [1]], [[1]], [[1], [1]]]",null,0
2.176.6t3.a,176,"[2, 11]","[2, 11, 13]",False,1,"[[[1], [-2], [1]], [[1], [2], [1]], [[1], [0], [-1]], [[1], [0], [-1]], [[1], [1], [1]], [[1], [-1], [1]], [[1]], [[1], [1]]]",null,0
2.176.6t3.b,176,"[2, 11]","[2, 11]",False,1,"[[[1], [-2], [1]], [[1], [2], [1]], [[1], [0], [-1]], [[1], [0], [-1]], [[1], [1], [1]], [[1], [-1], [1]], [[1]], [[1], [1]]]","[[1], [1, -1, 1], [1, 1, 1], [1, 0, -1], [1, 1], [1, 0, -1], [1, 0, -1], [1, 0, -1], [1, -1, 1], [1, 0, -1], [1, -1, 1], [1, 1, 1], [1, 0, -1], [1, 0, -1], [1, 2, 1], [1, -2, 1], [1, -1, 1], [1, 0, -1], [1, -1, 1], [1, -1, 1], [1, 0, -1], [1, 0, -1], [1, 0, -1], [1, 1, 1], [1, 1, 1], [1, 0, -1], [1, 2, 1], [1, 0, -1], [1, 0, -1], [1, 1, 1]]",0
2.183.4t3.a,183,"[3, 61]","[3, 61]",False,1,"[[[1], [-2], [1]], [[1], [2], [1]], [[1], [0], [-1]], [[1], [0], [-1]], [[1], [0], [1]], [[1], [-1]]]","[[1, 0, 1], [1, -1], [1, 0, -1], [1, 0, -1], [1, 0, 1], [1, 2, 1], [1, 0, 1], [1, 2, 1], [1, 0, 1], [1, 0, 1], [1, 0, -1], [1, 0, -1], [1, 0, -1], [1, 0, -1], [1, 0, -1], [1, 0, 1], [1, 0, 1], [1, -1], [1, 0, -1], [1, 0, 1], [1, -2, 1], [1, 0, -1], [1, 0, -1], [1, 0, 1], [1, 2, 1], [1, 0, 1], [1, 2, 1], [1, 0, -1], [1, -2, 1], [1, 0, -1]]",0
2.183.4t3.b,183,"[3, 61]","[2, 3, 61]",False,1,"[[[1], [-2], [1]], [[1], [2], [1]], [[1], [0], [-1]], [[1], [0], [-1]], [[1], [0], [1]], [[1], [-1]]]",null,0
2.183.4t3.c,183,"[3, 61]","[2, 3, 5, 13, 61]",False,1,"[[[1], [-2], [1]], [[1], [2], [1]], [[1], [0], [-1]], [[1], [0], [-1]], [[1], [0], [1]], [[1], [-1]]]",null,0
2.184.4t3.a,184,"[2, 23]","[2, 3, 5, 13, 23, 809]",False,1,"[[[1], [-2], [1]], [[1], [2], [1]], [[1], [0], [-1]], [[1], [0], [-1]], [[1], [0], [1]], [[1], [1]]]",null,0
2.184.4t3.b,184,"[2, 23]","[2, 23]",False,1,"[[[1], [-2], [1]], [[1], [2], [1]], [[1], [0], [-1]], [[1], [0], [-1]], [[1], [0], [1]], [[1], [1]]]",null,0
2.184.4t3.c,184,"[2, 23]","[2, 23]",False,1,"[[[1], [-2], [1]], [[1], [2], [1]], [[1], [0], [-1]], [[1], [0], [-1]], [[1], [0], [1]], [[1], [1]]]","[[1, 1], [1, 0, -1], [1, 0, 1], [1, 0, -1], [1, 0, 1], [1, 0, -1], [1, 0, -1], [1, 0, 1], [1, 1], [1, 0, -1], [1, 2, 1], [1, 0, 1], [1, 2, 1], [1, 0, 1], [1, -2, 1], [1, 0, 1], [1, 0, -1], [1, 0, 1], [1, 0, 1], [1, -2, 1], [1, 2, 1], [1, 0, -1], [1, 0, 1], [1, 0, -1], [1, 0, -1], [1, 0, -1], [1, 0, -1], [1, 0, 1], [1, 0, 1], [1, 0, -1]]",0
2.196.4t3.a,196,"[2, 7]","[2, 7]",False,1,"[[[1], [-2], [1]], [[1], [2], [1]], [[1], [0], [-1]], [[1], [0], [-1]], [[1], [0], [1]], [[1], [1]], [[1]]]","[[1, 1], [1, 0, -1], [1, 0, 1], [1], [1, 0, -1], [1, 0, 1], [1, 0, 1], [1, 0, -1], [1, 0, -1], [1, 2, 1], [1, 0, -1], [1, 2, 1], [1, 0, 1], [1, 0, -1], [1, 0, -1], [1, -2, 1], [1, 0, -1], [1, 0, 1], [1, 0, -1], [1, 0, -1], [1, 0, 1], [1, 0, -1], [1, 0, -1], [1, 0, 1], [1, 0, 1], [1, 0, 1], [1, 0, -1], [1, 0, -1], [1, 2, 1], [1, -2, 1]]",0
2.196.4t3.b,196,"[2, 7]","[2, 3, 7]",False,1,"[[[1], [-2], [1]], [[1], [2], [1]], [[1], [0], [-1]], [[1], [0], [-1]], [[1], [0], [1]], [[1], [1]], [[1]]]",null,0
2.196.4t3.c,196,"[2, 7]","[2, 3, 7, 19]",False,1,"[[[1], [-2], [1]], [[1], [2], [1]], [[1], [0], [-1]], [[1], [0], [-1]], [[1], [0], [1]], [[1], [1]], [[1]]]",null,0
2.199.3t2.a,199,[199],[199],False,1,"[[[1], [-2], [1]], [[1], [0], [-1]], [[1], [1], [1]], [[1], [-1]]]","[[1, 1, 1], [1, 0, -1], [1, 1, 1], [1, -2, 1], [1, 0, -1], [1, 1, 1], [1, 0, -1], [1, 0, -1], [1, 1, 1], [1, -2, 1], [1, 1, 1], [1, 0, -1], [1, 0, -1], [1, 1, 1], [1, 1, 1], [1, 1, 1], [1, 0, -1], [1, 1, 1], [1, 0, -1], [1, 0, -1], [1, 0, -1], [1, 1, 1], [1, 0, -1], [1, 1, 1], [1, 0, -1], [1, 0, -1], [1, 1, 1], [1, 0, -1], [1, 0, -1], [1, 0, -1]]",0
2.200.3t2.a,200,"[2, 5]","[2, 5]",False,1,"[[[1], [-2], [1]], [[1], [0], [-1]], [[1], [1], [1]], [[1], [-1]], [[1]]]",null,0
2.200.3t2.b,200,"[2, 5]","[2, 5]",False,1,"[[[1], [-2], [1]], [[1], [0], [-1]], [[1], [1], [1]], [[1], [-1]], [[1]]]","[[1, -1], [1, 1, 1], [1], [1, 0, -1], [1, 1, 1], [1, 0, -1], [1, 1, 1], [1, 1, 1], [1, 0, -1], [1, 0, -1], [1, 0, -1], [1, 0, -1], [1, 1, 1], [1, -2, 1], [1, 0, -1], [1, 0, -1], [1, -2, 1], [1, 0, -1], [1, 1, 1], [1, 0, -1], [1, 1, 1], [1, 0, -1], [1, 1, 1], [1, 1, 1], [1, -2, 1], [1, 0, -1], [1, 0, -1], [1, 1, 1], [1, 0, -1], [1, 1, 1]]",0
2.200.6t3.a,200,"[2, 5]","[2, 5]",False,1,"[[[1], [-2], [1]], [[1], [2], [1]], [[1], [0], [-1]], [[1], [0], [-1]], [[1], [1], [1]], [[1], [-1], [1]], [[1], [1]], [[1]]]","[[1, 1], [1, -1, 1], [1], [1, 0, -1], [1, 1, 1], [1, 0, -1], [1, -1, 1], [1, 1, 1], [1, 0, -1], [1, 0, -1], [1, 0, -1], [1, 0, -1], [1, 1, 1], [1, 2, 1], [1, 0, -1], [1, 0, -1], [1, -2, 1], [1, 0, -1], [1, -1, 1], [1, 0, -1], [1, -1, 1], [1, 0, -1], [1, -1, 1], [1, 1, 1], [1, 2, 1], [1, 0, -1], [1, 0, -1], [1, -1, 1], [1, 0, -1], [1, -1, 1]]",0
2.200.6t3.b,200,"[2, 5]","[2, 5]",False,1,"[[[1], [-2], [1]], [[1], [2], [1]], [[1], [0], [-1]], [[1], [0], [-1]], [[1], [1], [1]], [[1], [-1], [1]], [[1], [1]], [[1]]]",null,0
2.203.4t3.a,203,"[7, 29]","[7, 29]",False,1,"[[[1], [-2], [1]], [[1], [2], [1]], [[1], [0], [-1]], [[1], [0], [-1]], [[1], [0], [1]], [[1], [1]]]","[[1, 0, -1], [1, 0, 1], [1, 0, -1], [1, 1], [1, 0, -1], [1, 0, -1], [1, 0, 1], [1, 0, 1], [1, 2, 1], [1, 1], [1, 0, 1], [1, 0, -1], [1, 0, 1], [1, 0, -1], [1, 0, 1], [1, -2, 1], [1, 0, -1], [1, 0, 1], [1, 2, 1], [1, -2, 1], [1, 0, 1], [1, 0, -1], [1, 0, -1], [1, 0, 1], [1, 0, 1], [1, 0, 1], [1, 0, -1], [1, -2, 1], [1, 2, 1], [1, 0, -1]]",0
2.203.4t3.b,203,"[7, 29]","[2, 7, 29]",False,1,"[[[1], [-2], [1]], [[1], [2], [1]], [[1], [0], [-1]], [[1], [0], [-1]], [[1], [0], [1]], [[1], [1]]]",null,0
2.203.4t3.c,203,"[7, 29]","[2, 5, 7, 29, 10151]",False,1,"[[[1], [-2], [1]], [[1], [2], [1]], [[1], [0], [-1]], [[1], [0], [-1]], [[1], [0], [1]], [[1], [1]]]",null,0
2.204.3t2.a,204,"[2, 3, 17]","[2, 3, 17]",False,1,"[[[1], [-2], [1]], [[1], [0], [-1]], [[1], [1], [1]], [[1]], [[1], [-1]]]","[[1], [1, -1], [1, 1, 1], [1, 0, -1], [1, 1, 1], [1, 1, 1], [1, -1], [1, 1, 1], [1, 1, 1], [1, -2, 1], [1, 0, -1], [1, 0, -1], [1, 1, 1], [1, 1, 1], [1, 0, -1], [1, 0, -1], [1, 0, -1], [1, 0, -1], [1, -2, 1], [1, -2, 1], [1, 0, -1], [1, 0, -1], [1, 0, -1], [1, 0, -1], [1, 0, -1], [1, 0, -1], [1, 1, 1], [1, 1, 1], [1, 0, -1], [1, 1, 1]]",0
2.204.6t3.a,204,"[2, 3, 17]","[2, 3, 17]",False,1,"[[[1], [-2], [1]], [[1], [2], [1]], [[1], [0], [-1]], [[1], [0], [-1]], [[1], [1], [1]], [[1], [-1], [1]], [[1]], [[1], [1]]]","[[1], [1, 1], [1, -1, 1], [1, 0, -1], [1, -1, 1], [1, 1, 1], [1, 1], [1, 1, 1], [1, -1, 1], [1, 2, 1], [1, 0, -1], [1, 0, -1], [1, -1, 1], [1, 1, 1], [1, 0, -1], [1, 0, -1], [1, 0, -1], [1, 0, -1], [1, -2, 1], [1, 2, 1], [1, 0, -1], [1, 0, -1], [1, 0, -1], [1, 0, -1], [1, 0, -1], [1, 0, -1], [1, 1, 1], [1, -1, 1], [1, 0, -1], [1, -1, 1]]",0
2.204.6t3.b,204,"[2, 3, 17]","[2, 3, 17]",False,1,"[[[1], [-2], [1]], [[1], [2], [1]], [[1], [0], [-1]], [[1], [0], [-1]], [[1], [1], [1]], [[1], [-1], [1]], [[1]], [[1], [1]]]",null,0
2.205.4t3.a,205,"[5, 41]","[2, 5, 41]",True,1,"[[[1], [-2], [1]], [[1], [2], [1]], [[1], [0], [-1]], [[1], [0], [-1]], [[1], [0], [1]], [[1], [-1]], [[1], [1]]]",null,0
2.205.4t3.b,205,"[5, 41]","[2, 5, 41]",True,1,"[[[1], [-2], [1]], [[1], [2], [1]], [[1], [0], [-1]], [[1], [0], [-1]], [[1], [0], [1]], [[1], [-1]], [[1], [1]]]",null,0
2.205.4t3.c,205,"[5, 41]","[5, 41]",True,1,"[[[1], [-2], [1]], [[1], [2], [1]], [[1], [0], [-1]], [[1], [0], [-1]], [[1], [0], [1]], [[1], [-1]], [[1], [1]]]",null,0
2.207.6t3.a,207,"[3, 23]","[3, 23]",False,1,"[[[1], [-2], [1]], [[1], [2], [1]], [[1], [0], [-1]], [[1], [0], [-1]], [[1], [1], [1]], [[1], [-1], [1]], [[1]], [[1], [1]]]","[[1, -1, 1], [1], [1, 0, -1], [1, 0, -1], [1, 0, -1], [1, 1, 1], [1, 0, -1], [1, 0, -1], [1, 1], [1, -1, 1], [1, 1, 1], [1, 0, -1], [1, -1, 1], [1, 0, -1], [1, -1, 1], [1, 0, -1], [1, 2, 1], [1, 0, -1], [1, 0, -1], [1, -1, 1], [1, 1, 1], [1, 0, -1], [1, 0, -1], [1, 0, -1], [1, 0, -1], [1, 2, 1], [1, 0, -1], [1, 0, -1], [1, 0, -1], [1, 0, -1]]",0
2.207.6t3.b,207,"[3, 23]","[3, 11, 17, 23]",False,1,"[[[1], [-2], [1]], [[1], [2], [1]], [[1], [0], [-1]], [[1], [0], [-1]], [[1], [1], [1]], [[1], [-1], [1]], [[1]], [[1], [1]]]",null,0
2.208.4t3.a,208,"[2, 13]","[2, 3, 13, 61]",False,1,"[[[1], [-2], [1]], [[1], [2], [1]], [[1], [0], [-1]], [[1], [0], [-1]], [[1], [0], [1]], [[1]], [[1], [1]]]",null,0
2.208.4t3.b,208,"[2, 13]","[2, 13]",False,1,"[[[1], [-2], [1]], [[1], [2], [1]], [[1], [0], [-1]], [[1], [0], [-1]], [[1], [0], [1]], [[1]], [[1], [1]]]",null,0
2.208.4t3.c,208,"[2, 13]","[2, 13]",False,1,"[[[1], [-2], [1]], [[1], [2], [1]], [[1], [0], [-1]], [[1], [0], [-1]], [[1], [0], [1]], [[1]], [[1], [1]]]","[[1], [1, 0, -1], [1, 0, -1], [1, 0, 1], [1, 0, 1], [1, 1], [1, 2, 1], [1, 0, 1], [1, 0, -1], [1, 2, 1], [1, 0, 1], [1, 0, -1], [1, 0, -1], [1, 0, -1], [1, 0, 1], [1, -2, 1], [1, 0, 1], [1, -2, 1], [1, 0, 1], [1, 0, 1], [1, 0, -1], [1, 0, -1], [1, 0, 1], [1, 0, -1], [1, 0, -1], [1, -2, 1], [1, 0, -1], [1, 0, -1], [1, 0, -1], [1, 2, 1]]",0
2.211.3t2.a,211,[211],[211],False,1,"[[[1], [-2], [1]], [[1], [0], [-1]], [[1], [1], [1]], [[1], [-1]]]","[[1, 0, -1], [1, 0, -1], [1, 1, 1], [1, 0, -1], [1, 1, 1], [1, 1, 1], [1, 0, -1], [1, 1, 1], [1, 0, -1], [1, 0, -1], [1, 0, -1], [1, 1, 1], [1, 0, -1], [1, 1, 1], [1, 1, 1], [1, -2, 1], [1, -2, 1], [1, 0, -1], [1, 0, -1], [1, 1, 1], [1, -2, 1], [1, 1, 1], [1, -2, 1], [1, 0, -1], [1, 0, -1], [1, 1, 1], [1, 1, 1], [1, 1, 1], [1, -2, 1], [1, 1, 1]]",0
2.212.3t2.a,212,"[2, 53]","[2, 53]",False,1,"[[[1], [-2], [1]], [[1], [0], [-1]], [[1], [1], [1]], [[1], [-1]]]","[[1, -1], [1, 1, 1], [1, 0, -1], [1, 0, -1], [1, 0, -1], [1, 1, 1], [1, 1, 1], [1, 1, 1], [1, 1, 1], [1, 1, 1], [1, -2, 1], [1, 1, 1], [1, 0, -1], [1, 0, -1], [1, 0, -1], [1, -1], [1, 0, -1], [1, 0, -1], [1, -2, 1], [1, 1, 1], [1, 0, -1], [1, 1, 1], [1, 1, 1], [1, -2, 1], [1, 1, 1], [1, 0, -1], [1, 1, 1], [1, 0, -1], [1, 0, -1], [1, 1, 1]]",0
2.212.6t3.a,212,"[2, 53]","[2, 5, 7, 53]",False,1,"[[[1], [-2], [1]], [[1], [2], [1]], [[1], [0], [-1]], [[1], [0], [-1]], [[1], [1], [1]], [[1], [-1], [1]], [[1], [1]], [[1], [-1]]]",null,0
2.212.6t3.b,212,"[2, 53]","[2, 53]",False,1,"[[[1], [-2], [1]], [[1], [2], [1]], [[1], [0], [-1]], [[1], [0], [-1]], [[1], [1], [1]], [[1], [-1], [1]], [[1], [1]], [[1], [-1]]]","[[1, 1], [1, -1, 1], [1, 0, -1], [1, 0, -1], [1, 0, -1], [1, 1, 1], [1, 1, 1], [1, -1, 1], [1, -1, 1], [1, 1, 1], [1, 2, 1], [1, 1, 1], [1, 0, -1], [1, 0, -1], [1, 0, -1], [1, -1], [1, 0, -1], [1, 0, -1], [1, 2, 1], [1, -1, 1], [1, 0, -1], [1, -1, 1], [1, -1, 1], [1, -2, 1], [1, 1, 1], [1, 0, -1], [1, -1, 1], [1, 0, -1], [1, 0, -1], [1, 1, 1]]",0
2.216.3t2.a,216,"[2, 3]","[2, 3]",False,1,"[[[1], [-2], [1]], [[1], [0], [-1]], [[1], [1], [1]], [[1], [-1]], [[1]]]",null,0
2.216.3t2.b,216,"[2, 3]","[2, 3]",False,1,"[[[1], [-2], [1]], [[1], [0], [-1]], [[1], [1], [1]], [[1], [-1]], [[1]]]","[[1, -1], [1], [1, 1, 1], [1, 1, 1], [1, 1, 1], [1, 0, -1], [1, 0, -1], [1, 0, -1], [1, 0, -1], [1, -2, 1], [1, 1, 1], [1, 0, -1], [1, 0, -1], [1, 0, -1], [1, 0, -1], [1, 1, 1], [1, -2, 1], [1, 0, -1], [1, 0, -1], [1, 0, -1], [1, 1, 1], [1, -2, 1], [1, 1, 1], [1, 0, -1], [1, 1, 1], [1, 1, 1], [1, -2, 1], [1, 1, 1], [1, 0, -1], [1, 0, -1]]",0
2.216.6t3.a,216,"[2, 3]","[2, 3]",False,1,"[[[1], [-2], [1]], [[1], [2], [1]], [[1], [0], [-1]], [[1], [0], [-1]], [[1], [1], [1]], [[1], [-1], [1]], [[1], [1]], [[1]]]",null,0
2.216.6t3.b,216,"[2, 3]","[2, 3]",False,1,"[[[1], [-2], [1]], [[1], [2], [1]], [[1], [0], [-1]], [[1], [0], [-1]], [[1], [1], [1]], [[1], [-1], [1]], [[1], [1]], [[1]]]","[[1, 1], [1], [1, -1, 1], [1, 1, 1], [1, -1, 1], [1, 0, -1], [1, 0, -1], [1, 0, -1], [1, 0, -1], [1, 2, 1], [1, 1, 1], [1, 0, -1], [1, 0, -1], [1, 0, -1], [1, 0, -1], [1, -1, 1], [1, 2, 1], [1, 0, -1], [1, 0, -1], [1, 0, -1], [1, 1, 1], [1, -2, 1], [1, -1, 1], [1, 0, -1], [1, 1, 1], [1, -1, 1], [1, -2, 1], [1, -1, 1], [1, 0, -1], [1, 0, -1]]",0
2.219.4t3.a,219,"[3, 73]","[2, 3, 73]",False,1,"[[[1], [-2], [1]], [[1], [2], [1]], [[1], [0], [-1]], [[1], [0], [-1]], [[1], [0], [1]], [[1], [1]]]",null,0
2.219.4t3.b,219,"[3, 73]","[2, 3, 37, 73]",False,1,"[[[1], [-2], [1]], [[1], [2], [1]], [[1], [0], [-1]], [[1], [0], [-1]], [[1], [0], [1]], [[1], [1]]]",null,0
2.219.4t3.c,219,"[3, 73]","[2, 3, 73]",False,1,"[[[1], [-2], [1]], [[1], [2], [1]], [[1], [0], [-1]], [[1], [0], [-1]], [[1], [0], [1]], [[1], [1]]]","[[1, 0, -1], [1, 1], [1, 0, 1], [1, 0, -1], [1, 0, 1], [1, 0, -1], [1, 0, 1], [1, 2, 1], [1, 0, -1], [1, 0, 1], [1, 0, -1], [1, 2, 1], [1, 0, -1], [1, 0, -1], [1, 0, 1], [1, 0, 1], [1, 0, 1], [1, -2, 1], [1, -2, 1], [1, 0, -1], [1, 1], [1, 2, 1], [1, 0, 1], [1, 0, -1], [1, -2, 1], [1, 0, 1], [1, 0, -1], [1, 0, 1], [1, 2, 1], [1, 0, 1]]",0
2.221.4t3.a,221,"[13, 17]","[2, 3, 13, 17, 101]",True,1,"[[[1], [-2], [1]], [[1], [2], [1]], [[1], [0], [-1]], [[1], [0], [-1]], [[1], [0], [1]], [[1], [1]], [[1], [-1]]]",null,0
2.221.4t3.b,221,"[13, 17]","[2, 13, 17]",True,1,"[[[1], [-2], [1]], [[1], [2], [1]], [[1], [0], [-1]], [[1], [0], [-1]], [[1], [0], [1]], [[1], [1]], [[1], [-1]]]",null,0
2.221.4t3.c,221,"[13, 17]","[13, 17]",True,1,"[[[1], [-2], [1]], [[1], [2], [1]], [[1], [0], [-1]], [[1], [0], [-1]], [[1], [0], [1]], [[1], [1]], [[1], [-1]]]",null,0
2.224.4t3.a,224,"[2, 7]","[2, 7]",False,1,"[[[1], [-2], [1]], [[1], [2], [1]], [[1], [0], [-1]], [[1], [0], [-1]], [[1], [0], [1]], [[1]], [[1], [-1]]]","[[1], [1, 0, 1], [1, 0, 1], [1, -1], [1, 0, -1], [1, 0, 1], [1, 0, -1], [1, 0, 1], [1, 2, 1], [1, 0, -1], [1, 0, -1], [1, 0, -1], [1, 0, -1], [1, 0, -1], [1, 0, -1], [1, 0, -1], [1, 0, 1], [1, 0, 1], [1, 0, -1], [1, -2, 1], [1, 0, -1], [1, -2, 1], [1, 0, 1], [1, 0, -1], [1, 0, -1], [1, 0, 1], [1, 0, -1], [1, 0, -1], [1, 0, -1], [1, 2, 1]]",0
2.224.4t3.b,224,"[2, 7]","[2, 7]",False,1,"[[[1], [-2], [1]], [[1], [2], [1]], [[1], [0], [-1]], [[1], [0], [-1]], [[1], [0], [1]], [[1]], [[1], [-1]]]",null,0
2.224.4t3.c,224,"[2, 7]","[2, 7]",False,1,"[[[1], [-2], [1]], [[1], [2], [1]], [[1], [0], [-1]], [[1], [0], [-1]], [[1], [0], [1]], [[1]], [[1], [-1]]]",null,0
2.229.3t2.a,229,[229],[229],True,1,"[[[1], [-2], [1]], [[1], [0], [-1]], [[1], [1], [1]], [[1], [-1]]]",null,0
2.231.3t2.a,231,"[3, 7, 11]","[3, 7, 11]",False,1,"[[[1], [-2], [1]], [[1], [0], [-1]], [[1], [1], [1]], [[1], [-1]]]","[[1, 1, 1], [1, -1], [1, 1, 1], [1, -1], [1, -1], [1, 1, 1], [1, 0, -1], [1, 1, 1], [1, 0, -1], [1, 1, 1], [1, 0, -1], [1, 1, 1], [1, 0, -1], [1, 0, -1], [1, 1, 1], [1, 0, -1], [1, 1, 1], [1, -2, 1], [1, 1, 1], [1, 0, -1], [1, 1, 1], [1, 0, -1], [1, 0, -1], [1, -2, 1], [1, 0, -1], [1, 0, -1], [1, 0, -1], [1, 1, 1], [1, 0, -1], [1, 0, -1]]",0
2.231.6t3.a,231,"[3, 7, 11]","[3, 7, 11, 17]",False,1,"[[[1], [-2], [1]], [[1], [2], [1]], [[1], [0], [-1]], [[1], [0], [-1]], [[1], [1], [1]], [[1], [-1], [1]], [[1], [-1]], [[1], [1]]]","[[1, -1, 1], [1, -1], [1, 1, 1], [1, 1], [1, 1], [1, -1, 1], [1, 0, -1], [1, -1, 1], [1, 0, -1], [1, -1, 1], [1, 0, -1], [1, 1, 1], [1, 0, -1], [1, 0, -1], [1, 1, 1], [1, 0, -1], [1, 1, 1], [1, 2, 1], [1, 1, 1], [1, 0, -1], [1, -1, 1], [1, 0, -1], [1, 0, -1], [1, -2, 1], [1, 0, -1], [1, 0, -1], [1, 0, -1], [1, -1, 1], [1, 0, -1], [1, 0, -1]]",0
2.231.6t3.b,231,"[3, 7, 11]","[3, 7, 11]",False,1,"[[[1], [-2], [1]], [[1], [2], [1]], [[1], [0], [-1]], [[1], [0], [-1]], [[1], [1], [1]], [[1], [-1], [1]], [[1], [-1]], [[1], [1]]]",null,0
2.231.6t3.c,231,"[3, 7, 11]","[3, 7, 11]",False,1,"[[[1], [-2], [1]], [[1], [2], [1]], [[1], [0], [-1]], [[1], [0], [-1]], [[1], [1], [1]], [[1], [-1], [1]], [[1], [1]], [[1], [-1]]]","[[1, 1, 1], [1, 1], [1, -1, 1], [1, 1], [1, -1], [1, -1, 1], [1, 0, -1], [1, -1, 1], [1, 0, -1], [1, 1, 1], [1, 0, -1], [1, 1, 1], [1, 0, -1], [1, 0, -1], [1, -1, 1], [1, 0, -1], [1, -1, 1], [1, 2, 1], [1, 1, 1], [1, 0, -1], [1, -1, 1], [1, 0, -1], [1, 0, -1], [1, 2, 1], [1, 0, -1], [1, 0, -1], [1, 0, -1], [1, 1, 1], [1, 0, -1], [1, 0, -1]]",0
2.231.6t3.d,231,"[3, 7, 11]","[3, 7, 11]",False,1,"[[[1], [-2], [1]], [[1], [2], [1]], [[1], [0], [-1]], [[1], [0], [-1]], [[1], [1], [1]], [[1], [-1], [1]], [[1], [1]], [[1], [-1]]]",null,0
2.231.6t3.e,231,"[3, 7, 11]","[3, 7, 11]",False,1,"[[[1], [-2], [1]], [[1], [2], [1]], [[1], [0], [-1]], [[1], [0], [-1]], [[1], [1], [1]], [[1], [-1], [1]], [[1], [1]], [[1], [-1]]]","[[1, -1, 1], [1, 1], [1, -1, 1], [1, -1], [1, 1], [1, 1, 1], [1, 0, -1], [1, 1, 1], [1, 0, -1], [1, -1, 1], [1, 0, -1], [1, 1, 1], [1, 0, -1], [1, 0, -1], [1, -1, 1], [1, 0, -1], [1, -1, 1], [1, -2, 1], [1, 1, 1], [1, 0, -1], [1, 1, 1], [1, 0, -1], [1, 0, -1], [1, 2, 1], [1, 0, -1], [1, 0, -1], [1, 0, -1], [1, -1, 1], [1, 0, -1], [1, 0, -1]]",0
2.231.6t3.f,231,"[3, 7, 11]","[3, 7, 11]",False,1,"[[[1], [-2], [1]], [[1], [2], [1]], [[1], [0], [-1]], [[1], [0], [-1]], [[1], [1], [1]], [[1], [-1], [1]], [[1], [1]], [[1], [-1]]]",null,0
2.239.3t2.a,239,[239],[239],False,1,"[[[1], [-2], [1]], [[1], [0], [-1]], [[1], [1], [1]], [[1], [-1]]]","[[1, 1, 1], [1, -2, 1], [1, 1, 1], [1, 0, -1], [1, 1, 1], [1, 0, -1], [1, 1, 1], [1, 0, -1], [1, 0, -1], [1, 1, 1], [1, 1, 1], [1, 0, -1], [1, 0, -1], [1, 0, -1], [1, 0, -1], [1, 0, -1], [1, 0, -1], [1, 1, 1], [1, 1, 1], [1, -2, 1], [1, 0, -1], [1, 0, -1], [1, 1, 1], [1, 0, -1], [1, 0, -1], [1, -2, 1], [1, 0, -1], [1, 0, -1], [1, -2, 1], [1, -2, 1]]",0
2.243.3t2.a,243,[3],"[2, 3]",False,1,"[[[1], [-2], [1]], [[1], [0], [-1]], [[1], [1], [1]], [[1]]]",null,0
2.243.3t2.b,243,[3],[3],False,1,"[[[1], [-2], [1]], [[1], [0], [-1]], [[1], [1], [1]], [[1]]]","[[1, 0, -1], [1], [1, 0, -1], [1, 1, 1], [1, 0, -1], [1, 1, 1], [1, 0, -1], [1, 1, 1], [1, 0, -1], [1, 0, -1], [1, 1, 1], [1, 1, 1], [1, 0, -1], [1, 1, 1], [1, 0, -1], [1, 0, -1], [1, 0, -1], [1, -2, 1], [1, -2, 1], [1, 0, -1], [1, -2, 1], [1, 1, 1], [1, 0, -1], [1, 0, -1], [1, 1, 1], [1, 0, -1], [1, -2, 1], [1, 0, -1], [1, 1, 1], [1, 0, -1]]",0
2.244.3t2.a,244,"[2, 61]","[2, 61]",False,1,"[[[1], [-2], [1]], [[1], [0], [-1]], [[1], [1], [1]], [[1], [-1]]]","[[1, -1], [1, 0, -1], [1, 1, 1], [1, 1, 1], [1, 1, 1], [1, 1, 1], [1, 0, -1], [1, 0, -1], [1, 1, 1], [1, 0, -1], [1, -2, 1], [1, 0, -1], [1, 1, 1], [1, -2, 1], [1, 0, -1], [1, 0, -1], [1, 1, 1], [1, -1], [1, 1, 1], [1, -2, 1], [1, 1, 1], [1, 1, 1], [1, 0, -1], [1, 0, -1], [1, -2, 1], [1, 0, -1], [1, 0, -1], [1, 0, -1], [1, 1, 1], [1, 1, 1]]",0
2.244.6t3.a,244,"[2, 61]","[2, 3, 61]",False,1,"[[[1], [-2], [1]], [[1], [2], [1]], [[1], [0], [-1]], [[1], [0], [-1]], [[1], [1], [1]], [[1], [-1], [1]], [[1], [1]], [[1], [-1]]]","[[1, 1], [1, 0, -1], [1, 1, 1], [1, -1, 1], [1, -1, 1], [1, 1, 1], [1, 0, -1], [1, 0, -1], [1, -1, 1], [1, 0, -1], [1, 2, 1], [1, 0, -1], [1, 1, 1], [1, 2, 1], [1, 0, -1], [1, 0, -1], [1, -1, 1], [1, -1], [1, -1, 1], [1, 2, 1], [1, 1, 1], [1, -1, 1], [1, 0, -1], [1, 0, -1], [1, -2, 1], [1, 0, -1], [1, 0, -1], [1, 0, -1], [1, 1, 1], [1, 1, 1]]",0
2.244.6t3.b,244,"[2, 61]","[2, 61]",False,1,"[[[1], [-2], [1]], [[1], [2], [1]], [[1], [0], [-1]], [[1], [0], [-1]], [[1], [1], [1]], [[1], [-1], [1]], [[1], [1]], [[1], [-1]]]",null,0
2.247.3t2.a,247,"[13, 19]","[13, 19]",False,1,"[[[1], [-2], [1]], [[1], [0], [-1]], [[1], [1], [1]], [[1], [-1]]]","[[1, 1, 1], [1, 0, -1], [1, 0, -1], [1, 0, -1], [1, 0, -1], [1, -1], [1, 1, 1], [1, -1], [1, 1, 1], [1, 0, -1], [1, 1, 1], [1, 1, 1], [1, 1, 1], [1, 1, 1], [1, 0, -1], [1, 0, -1], [1, 1, 1], [1, 1, 1], [1, 1, 1], [1, -2, 1], [1, 0, -1], [1, 0, -1], [1, 0, -1], [1, -2, 1], [1, 1, 1], [1, 1, 1], [1, 0, -1], [1, 0, -1], [1, 1, 1], [1, 0, -1]]",0
2.247.3t2.b,247,"[13, 19]","[2, 3, 7, 13, 19]",False,1,"[[[1], [-2], [1]], [[1], [0], [-1]], [[1], [1], [1]], [[1], [-1]]]",null,0
2.247.6t3.a,247,"[13, 19]","[3, 13, 19]",False,1,"[[[1], [-2], [1]], [[1], [2], [1]], [[1], [0], [-1]], [[1], [0], [-1]], [[1], [1], [1]], [[1], [-1], [1]], [[1], [1]]]","[[1, -1, 1], [1, 0, -1], [1, 0, -1], [1, 0, -1], [1, 0, -1], [1, 1], [1, 1, 1], [1, 1], [1, 1, 1], [1, 0, -1], [1, -1, 1], [1, -1, 1], [1, -1, 1], [1, 1, 1], [1, 0, -1], [1, 0, -1], [1, -1, 1], [1, 1, 1], [1, -1, 1], [1, 2, 1], [1, 0, -1], [1, 0, -1], [1, 0, -1], [1, 2, 1], [1, -1, 1], [1, 1, 1], [1, 0, -1], [1, 0, -1], [1, -1, 1], [1, 0, -1]]",0
2.247.6t3.b,247,"[13, 19]","[3, 13, 19]",False,1,"[[[1], [-2], [1]], [[1], [2], [1]], [[1], [0], [-1]], [[1], [0], [-1]], [[1], [1], [1]], [[1], [-1], [1]], [[1], [1]]]",null,0
2.248.4t3.a,248,"[2, 31]","[2, 5, 31]",False,1,"[[[1], [-2], [1]], [[1], [2], [1]], [[1], [0], [-1]], [[1], [0], [-1]], [[1], [0], [1]], [[1], [-1]]]",null,0
2.248.4t3.b,248,"[2, 31]","[2, 31]",False,1,"[[[1], [-2], [1]], [[1], [2], [1]], [[1], [0], [-1]], [[1], [0], [-1]], [[1], [0], [1]], [[1], [-1]]]",null,0
2.248.4t3.c,248,"[2, 31]","[2, 31]",False,1,"[[[1], [-2], [1]], [[1], [2], [1]], [[1], [0], [-1]], [[1], [0], [-1]], [[1], [0], [1]], [[1], [-1]]]","[[1, -1], [1, 0, 1], [1, 0, -1], [1, 2, 1], [1, 0, 1], [1, 0, 1], [1, 0, -1], [1, 0, -1], [1, 0, -1], [1, 0, 1], [1, -1], [1, 0, 1], [1, 2, 1], [1, 0, 1], [1, 2, 1], [1, 0, 1], [1, 0, -1], [1, 0, 1], [1, 0, -1], [1, -2, 1], [1, 0, -1], [1, 0, -1], [1, 0, 1], [1, 0, -1], [1, 2, 1], [1, 0, -1], [1, -2, 1], [1, 0, -1], [1, 0, -1], [1, 2, 1]]",0
2.255.3t2.a,255,"[3, 5, 17]","[3, 5, 17]",False,1,"[[[1], [-2], [1]], [[1], [0], [-1]], [[1], [1], [1]], [[1], [-1]]]","[[1, 1, 1], [1, -1], [1, -1], [1, 1, 1], [1, 1, 1], [1, 0, -1], [1, -1], [1, 1, 1], [1, 0, -1], [1, 1, 1], [1, 0, -1], [1, 1, 1], [1, 1, 1], [1, 0, -1], [1, 1, 1], [1, 1, 1], [1, 0, -1], [1, 0, -1], [1, 0, -1], [1, -2, 1], [1, 1, 1], [1, 0, -1], [1, -2, 1], [1, 0, -1], [1, -2, 1], [1, 0, -1], [1, 0, -1], [1, 0, -1], [1, 0, -1], [1, 0, -1]]",0
2.255.6t3.a,255,"[3, 5, 17]","[3, 5, 17]",False,1,"[[[1], [-2], [1]], [[1], [2], [1]], [[1], [0], [-1]], [[1], [0], [-1]], [[1], [1], [1]], [[1], [-1], [1]], [[1], [1]], [[1], [-1]]]","[[1, 1, 1], [1, 1], [1, 1], [1, -1, 1], [1, -1, 1], [1, 0, -1], [1, -1], [1, 1, 1], [1, 0, -1], [1, -1, 1], [1, 0, -1], [1, -1, 1], [1, -1, 1], [1, 0, -1], [1, 1, 1], [1, 1, 1], [1, 0, -1], [1, 0, -1], [1, 0, -1], [1, 2, 1], [1, -1, 1], [1, 0, -1], [1, -2, 1], [1, 0, -1], [1, 2, 1], [1, 0, -1], [1, 0, -1], [1, 0, -1], [1, 0, -1], [1, 0, -1]]",0
2.255.6t3.b,255,"[3, 5, 17]","[3, 5, 17]",False,1,"[[[1], [-2], [1]], [[1], [2], [1]], [[1], [0], [-1]], [[1], [0], [-1]], [[1], [1], [1]], [[1], [-1], [1]], [[1], [-1]], [[1], [1]]]",null,0
2.255.6t3.c,255,"[3, 5, 17]","[2, 3, 5, 17]",False,1,"[[[1], [-2], [1]], [[1], [2], [1]], [[1], [0], [-1]], [[1], [0], [-1]], [[1], [1], [1]], [[1], [-1], [1]], [[1], [-1]], [[1], [1]]]","[[1, -1, 1], [1, -1], [1, 1], [1, 1, 1], [1, -1, 1], [1, 0, -1], [1, 1], [1, 1, 1], [1, 0, -1], [1, -1, 1], [1, 0, -1], [1, 1, 1], [1, -1, 1], [1, 0, -1], [1, -1, 1], [1, -1, 1], [1, 0, -1], [1, 0, -1], [1, 0, -1], [1, 2, 1], [1, 1, 1], [1, 0, -1], [1, 2, 1], [1, 0, -1], [1, -2, 1], [1, 0, -1], [1, 0, -1], [1, 0, -1], [1, 0, -1], [1, 0, -1]]",0
2.255.6t3.d,255,"[3, 5, 17]","[3, 5, 17]",False,1,"[[[1], [-2], [1]], [[1], [2], [1]], [[1], [0], [-1]], [[1], [0], [-1]], [[1], [1], [1]], [[1], [-1], [1]], [[1], [1]], [[1], [-1]]]",null,0
2.255.6t3.e,255,"[3, 5, 17]","[3, 5, 17]",False,1,"[[[1], [-2], [1]], [[1], [2], [1]], [[1], [0], [-1]], [[1], [0], [-1]], [[1], [1], [1]], [[1], [-1], [1]], [[1], [1]], [[1], [-1]]]","[[1, -1, 1], [1, 1], [1, -1], [1, -1, 1], [1, 1, 1], [1, 0, -1], [1, 1], [1, 1, 1], [1, 0, -1], [1, 1, 1], [1, 0, -1], [1, -1, 1], [1, 1, 1], [1, 0, -1], [1, -1, 1], [1, -1, 1], [1, 0, -1], [1, 0, -1], [1, 0, -1], [1, -2, 1], [1, -1, 1], [1, 0, -1], [1, 2, 1], [1, 0, -1], [1, 2, 1], [1, 0, -1], [1, 0, -1], [1, 0, -1], [1, 0, -1], [1, 0, -1]]",0
2.255.6t3.f,255,"[3, 5, 17]","[2, 3, 5, 17]",False,1,"[[[1], [-2], [1]], [[1], [2], [1]], [[1], [0], [-1]], [[1], [0], [-1]], [[1], [1], [1]], [[1], [-1], [1]], [[1], [1]], [[1], [-1]]]",null,0
2.256.4t3.a,256,[2],[2],False,1,"[[[1], [-2], [1]], [[1], [2], [1]], [[1], [0], [-1]], [[1], [0], [-1]], [[1], [0], [1]], [[1]]]",null,0
2.256.4t3.b,256,[2],"[2, 3]",False,1,"[[[1], [-2], [1]], [[1], [2], [1]], [[1], [0], [-1]], [[1], [0], [-1]], [[1], [0], [1]], [[1]]]",null,0
2.256.4t3.c,256,[2],"[2, 3]",False,1,"[[[1], [-2], [1]], [[1], [2], [1]], [[1], [0], [-1]], [[1], [0], [-1]], [[1], [0], [1]], [[1]]]","[[1], [1, 0, -1], [1, 0, 1], [1, 0, -1], [1, 0, -1], [1, 0, 1], [1, 2, 1], [1, 0, -1], [1, 0, -1], [1, 0, 1], [1, 0, -1], [1, 0, 1], [1, 2, 1], [1, 0, -1], [1, 0, -1], [1, 0, 1], [1, 0, -1], [1, 0, 1], [1, 0, -1], [1, 0, -1], [1, -2, 1], [1, 0, -1], [1, 0, -1], [1, -2, 1], [1, 2, 1], [1, 0, 1], [1, 0, -1], [1, 0, -1], [1, 0, 1], [1, -2, 1]]",0
2.257.3t2.a,257,[257],[257],True,1,"[[[1], [-2], [1]], [[1], [0], [-1]], [[1], [1], [1]], [[1], [-1]]]",null,0
2.259.4t3.a,259,"[7, 37]","[7, 37]",False,1,"[[[1], [-2], [1]], [[1], [2], [1]], [[1], [0], [-1]], [[1], [0], [-1]], [[1], [0], [1]], [[1], [1]]]","[[1, 0, -1], [1, 0, -1], [1, 0, 1], [1, 1], [1, 2, 1], [1, 0, 1], [1, 0, 1], [1, 0, 1], [1, 0, -1], [1, 0, -1], [1, 0, 1], [1, 1], [1, 0, -1], [1, 0, -1], [1, 0, -1], [1, 2, 1], [1, 0, 1], [1, 0, 1], [1, -2, 1], [1, -2, 1], [1, 0, -1], [1, 0, -1], [1, 0, -1], [1, 0, 1], [1, 0, 1], [1, 0, -1], [1, 0, 1], [1, -2, 1], [1, 0, -1], [1, 0, -1]]",0
2.259.4t3.b,259,"[7, 37]","[2, 3, 7, 37, 1871]",False,1,"[[[1], [-2], [1]], [[1], [2], [1]], [[1], [0], [-1]], [[1], [0], [-1]], [[1], [0], [1]], [[1], [1]]]",null,0
2.259.4t3.c,259,"[7, 37]","[2, 7, 37]",False,1,"[[[1], [-2], [1]], [[1], [2], [1]], [[1], [0], [-1]], [[1], [0], [-1]], [[1], [0], [1]], [[1], [1]]]",null,0
2.260.4t3.a,260,"[2, 5, 13]","[2, 5, 13]",False,1,"[[[1], [-2], [1]], [[1], [2], [1]], [[1], [0], [-1]], [[1], [0], [-1]], [[1], [0], [1]], [[1], [-1]], [[1], [1]]]","[[1, -1], [1, 0, 1], [1, 1], [1, 0, -1], [1, 0, 1], [1, 1], [1, 0, -1], [1, 0, 1], [1, 0, 1], [1, 2, 1], [1, 0, 1], [1, -2, 1], [1, 0, -1], [1, 0, 1], [1, 0, -1], [1, 0, -1], [1, 0, 1], [1, 2, 1], [1, 0, -1], [1, 0, 1], [1, -2, 1], [1, 0, -1], [1, 0, -1], [1, 0, -1], [1, 2, 1], [1, -2, 1], [1, 0, 1], [1, 0, 1], [1, 0, -1], [1, 0, -1]]",0
2.260.4t3.b,260,"[2, 5, 13]","[2, 5, 13]",False,1,"[[[1], [-2], [1]], [[1], [2], [1]], [[1], [0], [-1]], [[1], [0], [-1]], [[1], [0], [1]], [[1], [1]], [[1], [-1]]]","[[1, 1], [1, 0, 1], [1, -1], [1, 0, -1], [1, 0, 1], [1, -1], [1, 0, -1], [1, 0, 1], [1, 0, 1], [1, 2, 1], [1, 0, 1], [1, 2, 1], [1, 0, -1], [1, 0, 1], [1, 0, -1], [1, 0, -1], [1, 0, 1], [1, 2, 1], [1, 0, -1], [1, 0, 1], [1, 2, 1], [1, 0, -1], [1, 0, -1], [1, 0, -1], [1, -2, 1], [1, -2, 1], [1, 0, 1], [1, 0, 1], [1, 0, -1], [1, 0, -1]]",0
2.260.4t3.c,260,"[2, 5, 13]","[2, 5, 13, 4229]",False,1,"[[[1], [-2], [1]], [[1], [2], [1]], [[1], [0], [-1]], [[1], [0], [-1]], [[1], [0], [1]], [[1], [-1]], [[1], [1]]]",null,0
2.260.4t3.d,260,"[2, 5, 13]","[2, 5, 7, 13, 97]",False,1,"[[[1], [-2], [1]], [[1], [2], [1]], [[1], [0], [-1]], [[1], [0], [-1]], [[1], [0], [1]], [[1], [1]], [[1], [-1]]]",null,0
2.260.4t3.e,260,"[2, 5, 13]","[2, 5, 13]",False,1,"[[[1], [-2], [1]], [[1], [2], [1]], [[1], [0], [-1]], [[1], [0], [-1]], [[1], [0], [1]], [[1], [-1]], [[1], [1]]]",null,0
2.260.4t3.f,260,"[2, 5, 13]","[2, 5, 13]",False,1,"[[[1], [-2], [1]], [[1], [2], [1]], [[1], [0], [-1]], [[1], [0], [-1]], [[1], [0], [1]], [[1], [1]], [[1], [-1]]]",null,0
2.264.4t3.a,264,"[2, 3, 11]","[2, 3, 11]",False,1,"[[[1], [-2], [1]], [[1], [2], [1]], [[1], [0], [-1]], [[1], [0], [-1]], [[1], [0], [1]], [[1], [1]], [[1], [-1]]]",null,0
2.264.4t3.b,264,"[2, 3, 11]","[2, 3, 11]",False,1,"[[[1], [-2], [1]], [[1], [2], [1]], [[1], [0], [-1]], [[1], [0], [-1]], [[1], [0], [1]], [[1], [-1]], [[1], [1]]]",null,0
2.264.4t3.c,264,"[2, 3, 11]","[2, 3, 11]",False,1,"[[[1], [-2], [1]], [[1], [2], [1]], [[1], [0], [-1]], [[1], [0], [-1]], [[1], [0], [1]], [[1], [1]], [[1], [-1]]]","[[1, 1], [1, 1], [1, 0, 1], [1, 0, 1], [1, -1], [1, 0, 1], [1, -2, 1], [1, 0, -1], [1, 0, 1], [1, 0, -1], [1, 0, -1], [1, 0, -1], [1, 2, 1], [1, 0, -1], [1, 0, 1], [1, 0, 1], [1, 0, -1], [1, 0, 1], [1, -2, 1], [1, 0, 1], [1, 0, -1], [1, 0, 1], [1, 2, 1], [1, 0, -1], [1, 2, 1], [1, 0, -1], [1, 0, -1], [1, -2, 1], [1, 0, 1], [1, 0, -1]]",0
2.264.4t3.d,264,"[2, 3, 11]","[2, 3, 11]",False,1,"[[[1], [-2], [1]], [[1], [2], [1]], [[1], [0], [-1]], [[1], [0], [-1]], [[1], [0], [1]], [[1], [-1]], [[1], [1]]]","[[1, -1], [1, 1], [1, 0, 1], [1, 0, 1], [1, 1], [1, 0, 1], [1, 2, 1], [1, 0, -1], [1, 0, 1], [1, 0, -1], [1, 0, -1], [1, 0, -1], [1, -2, 1], [1, 0, -1], [1, 0, 1], [1, 0, 1], [1, 0, -1], [1, 0, 1], [1, -2, 1], [1, 0, 1], [1, 0, -1], [1, 0, 1], [1, -2, 1], [1, 0, -1], [1, 2, 1], [1, 0, -1], [1, 0, -1], [1, 2, 1], [1, 0, 1], [1, 0, -1]]",0
2.264.4t3.e,264,"[2, 3, 11]","[2, 3, 11, 233]",False,1,"[[[1], [-2], [1]], [[1], [2], [1]], [[1], [0], [-1]], [[1], [0], [-1]], [[1], [0], [1]], [[1], [1]], [[1], [-1]]]",null,0
2.264.4t3.f,264,"[2, 3, 11]","[2, 3, 11, 131]",False,1,"[[[1], [-2], [1]], [[1], [2], [1]], [[1], [0], [-1]], [[1], [0], [-1]], [[1], [0], [1]], [[1], [-1]], [[1], [1]]]",null,0
2.268.3t2.a,268,"[2, 67]","[2, 67]",False,1,"[[[1], [-2], [1]], [[1], [0], [-1]], [[1], [1], [1]], [[1]], [[1], [-1]]]","[[1], [1, 0, -1], [1, 0, -1], [1, 0, -1], [1, 0, -1], [1, 0, -1], [1, 1, 1], [1, 1, 1], [1, 1, 1], [1, 1, 1], [1, 0, -1], [1, 1, 1], [1, 0, -1], [1, 0, -1], [1, 1, 1], [1, 0, -1], [1, 1, 1], [1, 0, -1], [1, -1], [1, -2, 1], [1, 1, 1], [1, 0, -1], [1, -2, 1], [1, 1, 1], [1, 0, -1], [1, 0, -1], [1, -2, 1], [1, 1, 1], [1, 0, -1], [1, 0, -1]]",0
2.275.4t3.a,275,"[5, 11]","[2, 5, 11]",False,1,"[[[1], [-2], [1]], [[1], [2], [1]], [[1], [0], [-1]], [[1], [0], [-1]], [[1], [0], [1]], [[1]], [[1], [1]]]",null,0
2.275.4t3.b,275,"[5, 11]","[5, 7, 11]",False,1,"[[[1], [-2], [1]], [[1], [2], [1]], [[1], [0], [-1]], [[1], [0], [-1]], [[1], [0], [1]], [[1]], [[1], [1]]]",null,0
2.275.4t3.c,275,"[5, 11]","[2, 5, 11]",False,1,"[[[1], [-2], [1]], [[1], [2], [1]], [[1], [0], [-1]], [[1], [0], [-1]], [[1], [0], [1]], [[1]], [[1], [1]]]","[[1, 0, -1], [1, 0, 1], [1], [1, 0, -1], [1, 1], [1, 0, -1], [1, 0, -1], [1, 0, -1], [1, 0, 1], [1, 0, -1], [1, 2, 1], [1, 0, 1], [1, 0, -1], [1, 0, -1], [1, 0, 1], [1, 0, 1], [1, 2, 1], [1, 0, -1], [1, 0, 1], [1, -2, 1], [1, 0, -1], [1, 0, -1], [1, 0, -1], [1, -2, 1], [1, 0, 1], [1, 0, -1], [1, 0, 1], [1, 0, -1], [1, 0, -1], [1, 0, 1]]",0
2.276.4t3.a,276,"[2, 3, 23]","[2, 3, 13, 23, 73]",False,1,"[[[1], [-2], [1]], [[1], [2], [1]], [[1], [0], [-1]], [[1], [0], [-1]], [[1], [0], [1]], [[1], [1]], [[1], [-1]]]",null,0
2.276.4t3.b,276,"[2, 3, 23]","[2, 3, 23, 73, 1153]",False,1,"[[[1], [-2], [1]], [[1], [2], [1]], [[1], [0], [-1]], [[1], [0], [-1]], [[1], [0], [1]], [[1], [-1]], [[1], [1]]]",null,0
2.276.4t3.c,276,"[2, 3, 23]","[2, 3, 23]",False,1,"[[[1], [-2], [1]], [[1], [2], [1]], [[1], [0], [-1]], [[1], [0], [-1]], [[1], [0], [1]], [[1], [-1]], [[1], [1]]]",null,0
2.276.4t3.d,276,"[2, 3, 23]","[2, 3, 23]",False,1,"[[[1], [-2], [1]], [[1], [2], [1]], [[1], [0], [-1]], [[1], [0], [-1]], [[1], [0], [1]], [[1], [1]], [[1], [-1]]]",null,0
2.276.4t3.e,276,"[2, 3, 23]","[2, 3, 23]",False,1,"[[[1], [-2], [1]], [[1], [2], [1]], [[1], [0], [-1]], [[1], [0], [-1]], [[1], [0], [1]], [[1], [-1]], [[1], [1]]]","[[1, -1], [1, 1], [1, 0, 1], [1, 0, 1], [1, 0, -1], [1, 2, 1], [1, 0, 1], [1, 0, 1], [1, 1], [1, 0, -1], [1, 0, -1], [1, 0, -1], [1, 0, -1], [1, 0, 1], [1, -2, 1], [1, 0, 1], [1, -2, 1], [1, 0, -1], [1, 0, 1], [1, 2, 1], [1, -2, 1], [1, 0, 1], [1, 0, -1], [1, 0, 1], [1, 0, -1], [1, 0, -1], [1, 0, 1], [1, 0, -1], [1, 0, -1], [1, 0, 1]]",0
2.276.4t3.f,276,"[2, 3, 23]","[2, 3, 23]",False,1,"[[[1], [-2], [1]], [[1], [2], [1]], [[1], [0], [-1]], [[1], [0], [-1]], [[1], [0], [1]], [[1], [1]], [[1], [-1]]]","[[1, 1], [1, -1], [1, 0, 1], [1, 0, 1], [1, 0, -1], [1, 2, 1], [1, 0, 1], [1, 0, 1], [1, -1], [1, 0, -1], [1, 0, -1], [1, 0, -1], [1, 0, -1], [1, 0, 1], [1, 2, 1], [1, 0, 1], [1, 2, 1], [1, 0, -1], [1, 0, 1], [1, -2, 1], [1, -2, 1], [1, 0, 1], [1, 0, -1], [1, 0, 1], [1, 0, -1], [1, 0, -1], [1, 0, 1], [1, 0, -1], [1, 0, -1], [1, 0, 1]]",0
2.279.4t3.a,279,"[3, 31]","[2, 3, 31]",False,1,"[[[1], [-2], [1]], [[1], [2], [1]], [[1], [0], [-1]], [[1], [0], [-1]], [[1], [0], [1]], [[1]], [[1], [1]]]",null,0
2.279.4t3.b,279,"[3, 31]","[3, 31]",False,1,"[[[1], [-2], [1]], [[1], [2], [1]], [[1], [0], [-1]], [[1], [0], [-1]], [[1], [0], [1]], [[1]], [[1], [1]]]","[[1, 0, 1], [1], [1, 0, 1], [1, -2, 1], [1, 0, -1], [1, 0, -1], [1, 0, -1], [1, 2, 1], [1, 0, -1], [1, 0, -1], [1, 1], [1, 0, -1], [1, 0, 1], [1, 0, -1], [1, 0, 1], [1, 0, -1], [1, 0, 1], [1, 0, -1], [1, 2, 1], [1, 0, 1], [1, 0, -1], [1, 0, -1], [1, 0, -1], [1, 0, -1], [1, -2, 1], [1, 0, 1], [1, 2, 1], [1, 0, 1], [1, -2, 1], [1, 0, 1]]",0
2.279.4t3.c,279,"[3, 31]","[3, 7, 31]",False,1,"[[[1], [-2], [1]], [[1], [2], [1]], [[1], [0], [-1]], [[1], [0], [-1]], [[1], [0], [1]], [[1]], [[1], [1]]]",null,0
2.279.6t3.a,279,"[3, 31]","[3, 31]",False,1,"[[[1], [-2], [1]], [[1], [2], [1]], [[1], [0], [-1]], [[1], [0], [-1]], [[1], [1], [1]], [[1], [-1], [1]], [[1]], [[1], [-1]]]","[[1, -1, 1], [1], [1, -1, 1], [1, 1, 1], [1, 0, -1], [1, 0, -1], [1, 0, -1], [1, 1, 1], [1, 0, -1], [1, 0, -1], [1, -1], [1, 0, -1], [1, -1, 1], [1, 0, -1], [1, 2, 1], [1, 0, -1], [1, -1, 1], [1, 0, -1], [1, -2, 1], [1, -1, 1], [1, 0, -1], [1, 0, -1], [1, 0, -1], [1, 0, -1], [1, 1, 1], [1, -1, 1], [1, 1, 1], [1, -1, 1], [1, 1, 1], [1, -1, 1]]",0
2.279.6t3.b,279,"[3, 31]","[3, 31, 251]",False,1,"[[[1], [-2], [1]], [[1], [2], [1]], [[1], [0], [-1]], [[1], [0], [-1]], [[1], [1], [1]], [[1], [-1], [1]], [[1]], [[1], [-1]]]",null,0
2.283.3t2.a,283,[283],[283],False,1,"[[[1], [-2], [1]], [[1], [0], [-1]], [[1], [1], [1]], [[1], [-1]]]","[[1, 0, -1], [1, 0, -1], [1, 0, -1], [1, 1, 1], [1, 1, 1], [1, 1, 1], [1, 0, -1], [1, 0, -1], [1, 1, 1], [1, 1, 1], [1, 0, -1], [1, 0, -1], [1, 1, 1], [1, 0, -1], [1, 0, -1], [1, 0, -1], [1, 1, 1], [1, 1, 1], [1, 0, -1], [1, -2, 1], [1, -2, 1], [1, 0, -1], [1, -2, 1], [1, 1, 1], [1, 1, 1], [1, -2, 1], [1, 1, 1], [1, 0, -1], [1, 0, -1], [1, -2, 1]]",0
2.291.4t3.a,291,"[3, 97]","[2, 3, 97]",False,1,"[[[1], [-2], [1]], [[1], [2], [1]], [[1], [0], [-1]], [[1], [0], [-1]], [[1], [0], [1]], [[1], [1]]]",null,0
2.291.4t3.b,291,"[3, 97]","[2, 3, 61, 97]",False,1,"[[[1], [-2], [1]], [[1], [2], [1]], [[1], [0], [-1]], [[1], [0], [-1]], [[1], [0], [1]], [[1], [1]]]",null,0
2.291.4t3.c,291,"[3, 97]","[2, 3, 97]",False,1,"[[[1], [-2], [1]], [[1], [2], [1]], [[1], [0], [-1]], [[1], [0], [-1]], [[1], [0], [1]], [[1], [1]]]","[[1, 0, -1], [1, 1], [1, 0, 1], [1, 0, -1], [1, 0, -1], [1, 0, -1], [1, 0, 1], [1, 0, -1], [1, 0, 1], [1, 0, 1], [1, 2, 1], [1, 0, -1], [1, 0, 1], [1, 2, 1], [1, 0, -1], [1, 0, -1], [1, 0, 1], [1, 2, 1], [1, 0, -1], [1, 0, 1], [1, -2, 1], [1, -2, 1], [1, 0, 1], [1, 0, -1], [1, 1], [1, 0, -1], [1, -2, 1], [1, 0, 1], [1, 2, 1], [1, 0, -1]]",0
2.292.4t3.a,292,"[2, 73]","[2, 3, 73]",False,1,"[[[1], [-2], [1]], [[1], [2], [1]], [[1], [0], [-1]], [[1], [0], [-1]], [[1], [0], [1]], [[1], [1]], [[1], [-1]]]","[[1, 1], [1, 0, -1], [1, 0, -1], [1, 0, 1], [1, 0, 1], [1, 0, -1], [1, 0, -1], [1, 0, -1], [1, 0, -1], [1, 0, -1], [1, 0, 1], [1, 2, 1], [1, 2, 1], [1, 0, 1], [1, 0, 1], [1, 0, -1], [1, 0, 1], [1, 2, 1], [1, 0, -1], [1, 0, -1], [1, -1], [1, 0, -1], [1, 0, 1], [1, -2, 1], [1, 2, 1], [1, 0, -1], [1, 0, 1], [1, 0, 1], [1, -2, 1], [1, 0, -1]]",0
2.292.4t3.b,292,"[2, 73]","[2, 3, 73, 4261]",False,1,"[[[1], [-2], [1]], [[1], [2], [1]], [[1], [0], [-1]], [[1], [0], [-1]], [[1], [0], [1]], [[1], [1]], [[1], [-1]]]",null,0
2.292.4t3.c,292,"[2, 73]","[2, 73]",False,1,"[[[1], [-2], [1]], [[1], [2], [1]], [[1], [0], [-1]], [[1], [0], [-1]], [[1], [0], [1]], [[1], [1]], [[1], [-1]]]",null,0
2.295.4t3.a,295,"[5, 59]","[2, 3, 5, 59]",False,1,"[[[1], [-2], [1]], [[1], [2], [1]], [[1], [0], [-1]], [[1], [0], [-1]], [[1], [0], [1]], [[1], [-1]]]",null,0
2.295.4t3.b,295,"[5, 59]","[5, 7, 59]",False,1,"[[[1], [-2], [1]], [[1], [2], [1]], [[1], [0], [-1]], [[1], [0], [-1]], [[1], [0], [1]], [[1], [-1]]]",null,0
2.295.4t3.c,295,"[5, 59]","[3, 5, 59]",False,1,"[[[1], [-2], [1]], [[1], [2], [1]], [[1], [0], [-1]], [[1], [0], [-1]], [[1], [0], [1]], [[1], [-1]]]","[[1, 0, 1], [1, 0, -1], [1, -1], [1, 0, -1], [1, 0, -1], [1, 0, 1], [1, 0, -1], [1, 2, 1], [1, 0, 1], [1, 2, 1], [1, 0, -1], [1, 0, 1], [1, 2, 1], [1, 0, 1], [1, 0, 1], [1, 0, -1], [1, -1], [1, 0, -1], [1, 0, 1], [1, 2, 1], [1, 0, 1], [1, -2, 1], [1, 0, 1], [1, 0, -1], [1, 0, 1], [1, 0, -1], [1, 0, 1], [1, 0, -1], [1, 0, -1], [1, 0, 1]]",0
2.299.4t3.a,299,"[13, 23]","[2, 13, 23]",False,1,"[[[1], [-2], [1]], [[1], [2], [1]], [[1], [0], [-1]], [[1], [0], [-1]], [[1], [0], [1]], [[1], [-1]]]","[[1, 0, -1], [1, 2, 1], [1, 0, 1], [1, 0, 1], [1, 0, 1], [1, -1], [1, 0, -1], [1, 0, 1], [1, -1], [1, 2, 1], [1, 0, -1], [1, 0, 1], [1, 0, -1], [1, 0, -1], [1, 0, -1], [1, 0, -1], [1, 0, -1], [1, 0, -1], [1, 0, 1], [1, 0, -1], [1, 0, -1], [1, 0, -1], [1, 0, 1], [1, 0, 1], [1, 0, 1], [1, 2, 1], [1, 0, -1], [1, 0, -1], [1, 0, 1], [1, 0, -1]]",0
2.299.4t3.b,299,"[13, 23]","[3, 13, 23]",False,1,"[[[1], [-2], [1]], [[1], [2], [1]], [[1], [0], [-1]], [[1], [0], [-1]], [[1], [0], [1]], [[1], [-1]]]",null,0
2.299.4t3.c,299,"[13, 23]","[2, 3, 13, 23, 33589]",False,1,"[[[1], [-2], [1]], [[1], [2], [1]], [[1], [0], [-1]], [[1], [0], [-1]], [[1], [0], [1]], [[1], [-1]]]",null,0
2.300.3t2.a,300,"[2, 3, 5]","[2, 3, 5]",False,1,"[[[1], [-2], [1]], [[1], [0], [-1]], [[1], [1], [1]], [[1]], [[1], [-1]]]","[[1], [1, -1], [1], [1, 1, 1], [1, 0, -1], [1, 1, 1], [1, 0, -1], [1, 1, 1], [1, 0, -1], [1, 0, -1], [1, 1, 1], [1, -2, 1], [1, 0, -1], [1, 1, 1], [1, 0, -1], [1, 0, -1], [1, 0, -1], [1, 1, 1], [1, 1, 1], [1, 0, -1], [1, -2, 1], [1, -2, 1], [1, 0, -1], [1, 0, -1], [1, 1, 1], [1, 0, -1], [1, -2, 1], [1, 0, -1], [1, 1, 1], [1, 0, -1]]",0
2.300.6t3.a,300,"[2, 3, 5]","[2, 3, 5]",False,1,"[[[1], [-2], [1]], [[1], [2], [1]], [[1], [0], [-1]], [[1], [0], [-1]], [[1], [1], [1]], [[1], [-1], [1]], [[1]], [[1], [1]]]","[[1], [1, 1], [1], [1, -1, 1], [1, 0, -1], [1, -1, 1], [1, 0, -1], [1, 1, 1], [1, 0, -1], [1, 0, -1], [1, 1, 1], [1, 2, 1], [1, 0, -1], [1, -1, 1], [1, 0, -1], [1, 0, -1], [1, 0, -1], [1, 1, 1], [1, -1, 1], [1, 0, -1], [1, 2, 1], [1, -2, 1], [1, 0, -1], [1, 0, -1], [1, -1, 1], [1, 0, -1], [1, 2, 1], [1, 0, -1], [1, 1, 1], [1, 0, -1]]",0
2.300.6t3.b,300,"[2, 3, 5]","[2, 3, 5]",False,1,"[[[1], [-2], [1]], [[1], [2], [1]], [[1], [0], [-1]], [[1], [0], [-1]], [[1], [1], [1]], [[1], [-1], [1]], [[1]], [[1], [1]]]",null,0
2.304.6t3.a,304,"[2, 19]","[2, 3, 19]",False,1,"[[[1], [-2], [1]], [[1], [2], [1]], [[1], [0], [-1]], [[1], [0], [-1]], [[1], [1], [1]], [[1], [-1], [1]], [[1]], [[1], [1]]]",null,0
2.304.6t3.b,304,"[2, 19]","[2, 3, 19]",False,1,"[[[1], [-2], [1]], [[1], [2], [1]], [[1], [0], [-1]], [[1], [0], [-1]], [[1], [1], [1]], [[1], [-1], [1]], [[1]], [[1], [1]]]","[[1], [1, 0, -1], [1, 1, 1], [1, -1, 1], [1, -1, 1], [1, 0, -1], [1, 1, 1], [1, 1], [1, 2, 1], [1, 0, -1], [1, 0, -1], [1, 0, -1], [1, 0, -1], [1, -1, 1], [1, -1, 1], [1, 0, -1], [1, 0, -1], [1, 1, 1], [1, 0, -1], [1, 0, -1], [1, 1, 1], [1, 0, -1], [1, 2, 1], [1, 0, -1], [1, 0, -1], [1, -2, 1], [1, 0, -1], [1, 0, -1], [1, 0, -1], [1, 0, -1]]",0
2.305.4t3.a,305,"[5, 61]","[5, 61]",True,1,"[[[1], [-2], [1]], [[1], [2], [1]], [[1], [0], [-1]], [[1], [0], [-1]], [[1], [0], [1]], [[1], [-1]], [[1], [1]]]",null,0
2.305.4t3.b,305,"[5, 61]","[3, 5, 61]",True,1,"[[[1], [-2], [1]], [[1], [2], [1]], [[1], [0], [-1]], [[1], [0], [-1]], [[1], [0], [1]], [[1], [-1]], [[1], [1]]]",null,0
2.305.4t3.c,305,"[5, 61]","[3, 5, 19, 61]",True,1,"[[[1], [-2], [1]], [[1], [2], [1]], [[1], [0], [-1]], [[1], [0], [-1]], [[1], [0], [1]], [[1], [-1]], [[1], [1]]]",null,0
2.307.3t2.a,307,[307],[307],False,1,"[[[1], [-2], [1]], [[1], [0], [-1]], [[1], [1], [1]], [[1], [-1]]]","[[1, 0, -1], [1, 0, -1], [1, 0, -1], [1, 1, 1], [1, 1, 1], [1, 0, -1], [1, 1, 1], [1, 1, 1], [1, 0, -1], [1, 0, -1], [1, 0, -1], [1, 1, 1], [1, 1, 1], [1, 0, -1], [1, 0, -1], [1, 1, 1], [1, 0, -1], [1, 0, -1], [1, 0, -1], [1, 1, 1], [1, 0, -1], [1, -2, 1], [1, -2, 1], [1, -2, 1], [1, -2, 1], [1, 1, 1], [1, 1, 1], [1, -2, 1], [1, 1, 1], [1, 1, 1]]",0
2.308.4t3.a,308,"[2, 7, 11]","[2, 5, 7, 11]",False,1,"[[[1], [-2], [1]], [[1], [2], [1]], [[1], [0], [-1]], [[1], [0], [-1]], [[1], [0], [1]], [[1], [1]], [[1], [-1]]]",null,0
2.308.4t3.b,308,"[2, 7, 11]","[2, 7, 11, 23]",False,1,"[[[1], [-2], [1]], [[1], [2], [1]], [[1], [0], [-1]], [[1], [0], [-1]], [[1], [0], [1]], [[1], [-1]], [[1], [1]]]",null,0
2.308.4t3.c,308,"[2, 7, 11]","[2, 7, 11]",False,1,"[[[1], [-2], [1]], [[1], [2], [1]], [[1], [0], [-1]], [[1], [0], [-1]], [[1], [0], [1]], [[1], [1]], [[1], [-1]]]","[[1, 1], [1, 0, 1], [1, 0, -1], [1, -1], [1, -1], [1, 0, 1], [1, 0, 1], [1, 0, -1], [1, 0, -1], [1, 0, -1], [1, 0, 1], [1, 2, 1], [1, 0, 1], [1, 2, 1], [1, 0, 1], [1, 2, 1], [1, 0, 1], [1, 0, 1], [1, 0, -1], [1, 0, -1], [1, 0, 1], [1, 2, 1], [1, 0, -1], [1, 0, -1], [1, 0, -1], [1, 0, 1], [1, 0, 1], [1, -2, 1], [1, 0, -1], [1, -2, 1]]",0
2.308.4t3.d,308,"[2, 7, 11]","[2, 7, 11]",False,1,"[[[1], [-2], [1]], [[1], [2], [1]], [[1], [0], [-1]], [[1], [0], [-1]], [[1], [0], [1]], [[1], [-1]], [[1], [1]]]","[[1, -1], [1, 0, 1], [1, 0, -1], [1, 1], [1, 1], [1, 0, 1], [1, 0, 1], [1, 0, -1], [1, 0, -1], [1, 0, -1], [1, 0, 1], [1, 2, 1], [1, 0, 1], [1, -2, 1], [1, 0, 1], [1, 2, 1], [1, 0, 1], [1, 0, 1], [1, 0, -1], [1, 0, -1], [1, 0, 1], [1, -2, 1], [1, 0, -1], [1, 0, -1], [1, 0, -1], [1, 0, 1], [1, 0, 1], [1, 2, 1], [1, 0, -1], [1, -2, 1]]",0
2.308.4t3.e,308,"[2, 7, 11]","[2, 5, 7, 11]",False,1,"[[[1], [-2], [1]], [[1], [2], [1]], [[1], [0], [-1]], [[1], [0], [-1]], [[1], [0], [1]], [[1], [1]], [[1], [-1]]]",null,0
2.308.4t3.f,308,"[2, 7, 11]","[2, 7, 11]",False,1,"[[[1], [-2], [1]], [[1], [2], [1]], [[1], [0], [-1]], [[1], [0], [-1]], [[1], [0], [1]], [[1], [-1]], [[1], [1]]]",null,0
2.316.3t2.a,316,"[2, 79]","[2, 79]",True,1,"[[[1], [-2], [1]], [[1], [0], [-1]], [[1], [1], [1]], [[1], [-1]]]",null,0
2.316.6t3.a,316,"[2, 79]","[2, 79]",True,1,"[[[1], [-2], [1]], [[1], [2], [1]], [[1], [0], [-1]], [[1], [0], [-1]], [[1], [1], [1]], [[1], [-1], [1]], [[1], [-1]], [[1], [1]]]",null,0
2.316.6t3.b,316,"[2, 79]","[2, 79]",True,1,"[[[1], [-2], [1]], [[1], [2], [1]], [[1], [0], [-1]], [[1], [0], [-1]], [[1], [1], [1]], [[1], [-1], [1]], [[1], [-1]], [[1], [1]]]",null,0
2.320.4t3.a,320,"[2, 5]","[2, 5]",False,1,"[[[1], [-2], [1]], [[1], [2], [1]], [[1], [0], [-1]], [[1], [0], [-1]], [[1], [0], [1]], [[1]], [[1], [-1]]]","[[1], [1, 0, 1], [1, -1], [1, 0, 1], [1, 0, -1], [1, 0, -1], [1, 0, -1], [1, 0, -1], [1, 0, 1], [1, 2, 1], [1, 0, -1], [1, 0, -1], [1, 2, 1], [1, 0, 1], [1, 0, 1], [1, 0, -1], [1, 0, -1], [1, -2, 1], [1, 0, 1], [1, 0, -1], [1, 0, -1], [1, 0, -1], [1, 0, 1], [1, -2, 1], [1, 0, -1], [1, 2, 1], [1, 0, 1], [1, 0, 1], [1, -2, 1], [1, 0, -1]]",0
2.320.4t3.b,320,"[2, 5]","[2, 5]",False,1,"[[[1], [-2], [1]], [[1], [2], [1]], [[1], [0], [-1]], [[1], [0], [-1]], [[1], [0], [1]], [[1]], [[1], [-1]]]",null,0
2.320.4t3.c,320,"[2, 5]","[2, 5]",False,1,"[[[1], [-2], [1]], [[1], [2], [1]], [[1], [0], [-1]], [[1], [0], [-1]], [[1], [0], [1]], [[1]], [[1], [-1]]]",null,0
2.321.3t2.a,321,"[3, 107]","[3, 107]",True,1,"[[[1], [-2], [1]], [[1], [0], [-1]], [[1], [1], [1]], [[1], [-1]]]",null,0
2.321.6t3.a,321,"[3, 107]","[3, 107]",True,1,"[[[1], [-2], [1]], [[1], [2], [1]], [[1], [0], [-1]], [[1], [0], [-1]], [[1], [1], [1]], [[1], [-1], [1]], [[1], [-1]], [[1], [1]]]",null,0
2.321.6t3.b,321,"[3, 107]","[3, 107]",True,1,"[[[1], [-2], [1]], [[1], [2], [1]], [[1], [0], [-1]], [[1], [0], [-1]], [[1], [1], [1]], [[1], [-1], [1]], [[1], [-1]], [[1], [1]]]",null,0
2.323.4t3.a,323,"[17, 19]","[17, 19]",False,1,"[[[1], [-2], [1]], [[1], [2], [1]], [[1], [0], [-1]], [[1], [0], [-1]], [[1], [0], [1]], [[1], [1]]]","[[1, 0, -1], [1, 0, 1], [1, 0, -1], [1, 0, -1], [1, 0, -1], [1, 0, -1], [1, 1], [1, 1], [1, 0, -1], [1, 0, 1], [1, 0, 1], [1, 0, 1], [1, 0, 1], [1, 2, 1], [1, 2, 1], [1, 0, -1], [1, 0, -1], [1, 0, -1], [1, 0, -1], [1, 0, 1], [1, 0, -1], [1, 0, 1], [1, -2, 1], [1, 0, -1], [1, 0, 1], [1, -2, 1], [1, 0, -1], [1, 0, 1], [1, 0, 1], [1, 0, 1]]",0
2.323.4t3.b,323,"[17, 19]","[2, 17, 19]",False,1,"[[[1], [-2], [1]], [[1], [2], [1]], [[1], [0], [-1]], [[1], [0], [-1]], [[1], [0], [1]], [[1], [1]]]",null,0
2.323.4t3.c,323,"[17, 19]","[2, 3, 7, 17, 19, 83]",False,1,"[[[1], [-2], [1]], [[1], [2], [1]], [[1], [0], [-1]], [[1], [0], [-1]], [[1], [0], [1]], [[1], [1]]]",null,0
2.324.3t2.a,324,"[2, 3]","[2, 3, 7]",False,1,"[[[1], [-2], [1]], [[1], [0], [-1]], [[1], [1], [1]], [[1], [-1]], [[1]]]",null,0
2.324.3t2.b,324,"[2, 3]","[2, 3]",False,1,"[[[1], [-2], [1]], [[1], [0], [-1]], [[1], [1], [1]], [[1], [-1]], [[1]]]","[[1, -1], [1], [1, 1, 1], [1, 0, -1], [1, 0, -1], [1, 1, 1], [1, 1, 1], [1, 0, -1], [1, 0, -1], [1, 1, 1], [1, 0, -1], [1, 1, 1], [1, -2, 1], [1, 0, -1], [1, 0, -1], [1, -2, 1], [1, 0, -1], [1, 1, 1], [1, 0, -1], [1, 0, -1], [1, 1, 1], [1, 0, -1], [1, 0, -1], [1, 1, 1], [1, -2, 1], [1, -2, 1], [1, 0, -1], [1, 0, -1], [1, 1, 1], [1, 1, 1]]",0
2.324.6t3.a,324,"[2, 3]","[2, 3]",False,1,"[[[1], [-2], [1]], [[1], [2], [1]], [[1], [0], [-1]], [[1], [0], [-1]], [[1], [1], [1]], [[1], [-1], [1]], [[1], [1]], [[1]]]",null,0
2.324.6t3.b,324,"[2, 3]","[2, 3]",False,1,"[[[1], [-2], [1]], [[1], [2], [1]], [[1], [0], [-1]], [[1], [0], [-1]], [[1], [1], [1]], [[1], [-1], [1]], [[1], [1]], [[1]]]","[[1, 1], [1], [1, -1, 1], [1, 0, -1], [1, 0, -1], [1, 1, 1], [1, -1, 1], [1, 0, -1], [1, 0, -1], [1, -1, 1], [1, 0, -1], [1, 1, 1], [1, 2, 1], [1, 0, -1], [1, 0, -1], [1, 2, 1], [1, 0, -1], [1, 1, 1], [1, 0, -1], [1, 0, -1], [1, 1, 1], [1, 0, -1], [1, 0, -1], [1, -1, 1], [1, -2, 1], [1, 2, 1], [1, 0, -1], [1, 0, -1], [1, 1, 1], [1, -1, 1]]",0
2.327.3t2.a,327,"[3, 109]","[3, 109]",False,1,"[[[1], [-2], [1]], [[1], [0], [-1]], [[1], [1], [1]], [[1], [-1]]]","[[1, 1, 1], [1, -1], [1, 0, -1], [1, 1, 1], [1, -2, 1], [1, 0, -1], [1, 1, 1], [1, 0, -1], [1, 1, 1], [1, 0, -1], [1, 1, 1], [1, 0, -1], [1, 1, 1], [1, 1, 1], [1, 1, 1], [1, -2, 1], [1, 1, 1], [1, 1, 1], [1, 0, -1], [1, 0, -1], [1, 1, 1], [1, 0, -1], [1, 0, -1], [1, 0, -1], [1, 1, 1], [1, -2, 1], [1, 0, -1], [1, 1, 1], [1, -1], [1, 0, -1]]",0
2.327.4t3.a,327,"[3, 109]","[2, 3, 109]",False,1,"[[[1], [-2], [1]], [[1], [2], [1]], [[1], [0], [-1]], [[1], [0], [-1]], [[1], [0], [1]], [[1], [1]]]",null,0
2.327.4t3.b,327,"[3, 109]","[2, 3, 7, 109]",False,1,"[[[1], [-2], [1]], [[1], [2], [1]], [[1], [0], [-1]], [[1], [0], [-1]], [[1], [0], [1]], [[1], [1]]]",null,0
2.327.4t3.c,327,"[3, 109]","[3, 109]",False,1,"[[[1], [-2], [1]], [[1], [2], [1]], [[1], [0], [-1]], [[1], [0], [-1]], [[1], [0], [1]], [[1], [1]]]","[[1, 0, 1], [1, 1], [1, 0, -1], [1, -2, 1], [1, 0, 1], [1, 0, -1], [1, 0, 1], [1, 0, -1], [1, 0, 1], [1, 0, -1], [1, 2, 1], [1, 0, -1], [1, 0, 1], [1, 2, 1], [1, 0, 1], [1, 0, 1], [1, 0, 1], [1, -2, 1], [1, 0, -1], [1, 0, -1], [1, 2, 1], [1, 0, -1], [1, 0, -1], [1, 0, -1], [1, 2, 1], [1, 0, 1], [1, 0, -1], [1, 0, 1], [1, 1], [1, 0, -1]]",0
2.327.6t3.a,327,"[3, 109]","[3, 109]",False,1,"[[[1], [-2], [1]], [[1], [2], [1]], [[1], [0], [-1]], [[1], [0], [-1]], [[1], [1], [1]], [[1], [-1], [1]], [[1], [-1]]]",null,0
2.327.6t3.b,327,"[3, 109]","[3, 5, 109]",False,1,"[[[1], [-2], [1]], [[1], [2], [1]], [[1], [0], [-1]], [[1], [0], [-1]], [[1], [1], [1]], [[1], [-1], [1]], [[1], [-1]]]","[[1, -1, 1], [1, -1], [1, 0, -1], [1, 1, 1], [1, 2, 1], [1, 0, -1], [1, -1, 1], [1, 0, -1], [1, -1, 1], [1, 0, -1], [1, 1, 1], [1, 0, -1], [1, -1, 1], [1, 1, 1], [1, -1, 1], [1, 2, 1], [1, -1, 1], [1, 1, 1], [1, 0, -1], [1, 0, -1], [1, 1, 1], [1, 0, -1], [1, 0, -1], [1, 0, -1], [1, 1, 1], [1, 2, 1], [1, 0, -1], [1, -1, 1], [1, -1], [1, 0, -1]]",0
2.328.4t3.a,328,"[2, 41]","[2, 5, 23, 41]",True,1,"[[[1], [-2], [1]], [[1], [2], [1]], [[1], [0], [-1]], [[1], [0], [-1]], [[1], [0], [1]], [[1], [1]]]",null,0
2.328.4t3.b,328,"[2, 41]","[2, 3, 5, 19, 41]",False,1,"[[[1], [-2], [1]], [[1], [2], [1]], [[1], [0], [-1]], [[1], [0], [-1]], [[1], [0], [1]], [[1], [1]]]",null,0
2.328.4t3.c,328,"[2, 41]","[2, 41]",True,1,"[[[1], [-2], [1]], [[1], [2], [1]], [[1], [0], [-1]], [[1], [0], [-1]], [[1], [0], [1]], [[1], [1]]]",null,0
2.328.4t3.d,328,"[2, 41]","[2, 41]",False,1,"[[[1], [-2], [1]], [[1], [2], [1]], [[1], [0], [-1]], [[1], [0], [-1]], [[1], [0], [1]], [[1], [1]]]","[[1, 1], [1, 0, -1], [1, 0, -1], [1, 0, 1], [1, 0, -1], [1, 0, 1], [1, 0, -1], [1, 0, -1], [1, 0, -1], [1, 0, 1], [1, 0, -1], [1, 0, -1], [1, 1], [1, 2, 1], [1, 0, 1], [1, 0, 1], [1, 2, 1], [1, 0, -1], [1, 0, -1], [1, 0, 1], [1, 2, 1], [1, 0, 1], [1, -2, 1], [1, 0, -1], [1, 0, -1], [1, 0, 1], [1, 0, -1], [1, -2, 1], [1, 0, 1], [1, 2, 1]]",0
2.328.4t3.e,328,"[2, 41]","[2, 41]",True,1,"[[[1], [-2], [1]], [[1], [2], [1]], [[1], [0], [-1]], [[1], [0], [-1]], [[1], [0], [1]], [[1], [1]]]",null,0
2.328.4t3.f,328,"[2, 41]","[2, 3, 41]",False,1,"[[[1], [-2], [1]], [[1], [2], [1]], [[1], [0], [-1]], [[1], [0], [-1]], [[1], [0], [1]], [[1], [1]]]",null,0
2.331.3t2.a,331,[331],[331],False,1,"[[[1], [-2], [1]], [[1], [0], [-1]], [[1], [1], [1]], [[1], [-1]]]","[[1, 0, -1], [1, 0, -1], [1, 1, 1], [1, 0, -1], [1, 0, -1], [1, 0, -1], [1, 1, 1], [1, 1, 1], [1, 0, -1], [1, 0, -1], [1, 1, 1], [1, 0, -1], [1, 0, -1], [1, 1, 1], [1, 0, -1], [1, 1, 1], [1, 0, -1], [1, 0, -1], [1, 1, 1], [1, 1, 1], [1, 0, -1], [1, 1, 1], [1, -2, 1], [1, -2, 1], [1, 0, -1], [1, 0, -1], [1, -2, 1], [1, 0, -1], [1, 1, 1], [1, -2, 1]]",0
2.335.3t2.a,335,"[5, 67]","[5, 67]",False,1,"[[[1], [-2], [1]], [[1], [0], [-1]], [[1], [1], [1]], [[1], [-1]]]","[[1, 1, 1], [1, 1, 1], [1, -1], [1, 1, 1], [1, 0, -1], [1, -2, 1], [1, 0, -1], [1, -2, 1], [1, 0, -1], [1, 1, 1], [1, 0, -1], [1, 0, -1], [1, 0, -1], [1, 1, 1], [1, 0, -1], [1, 1, 1], [1, 1, 1], [1, 0, -1], [1, -1], [1, -2, 1], [1, 0, -1], [1, 0, -1], [1, 0, -1], [1, 1, 1], [1, 1, 1], [1, 0, -1], [1, 0, -1], [1, 0, -1], [1, 0, -1], [1, 1, 1]]",0
2.335.6t3.a,335,"[5, 67]","[5, 67]",False,1,"[[[1], [-2], [1]], [[1], [2], [1]], [[1], [0], [-1]], [[1], [0], [-1]], [[1], [1], [1]], [[1], [-1], [1]], [[1], [1]]]","[[1, -1, 1], [1, -1, 1], [1, 1], [1, -1, 1], [1, 0, -1], [1, 2, 1], [1, 0, -1], [1, -2, 1], [1, 0, -1], [1, 1, 1], [1, 0, -1], [1, 0, -1], [1, 0, -1], [1, -1, 1], [1, 0, -1], [1, -1, 1], [1, 1, 1], [1, 0, -1], [1, 1], [1, -2, 1], [1, 0, -1], [1, 0, -1], [1, 0, -1], [1, 1, 1], [1, -1, 1], [1, 0, -1], [1, 0, -1], [1, 0, -1], [1, 0, -1], [1, -1, 1]]",0
2.335.6t3.b,335,"[5, 67]","[5, 13, 67, 107]",False,1,"[[[1], [-2], [1]], [[1], [2], [1]], [[1], [0], [-1]], [[1], [0], [-1]], [[1], [1], [1]], [[1], [-1], [1]], [[1], [1]]]",null,0
2.336.4t3.a,336,"[2, 3, 7]","[2, 3, 7]",False,1,"[[[1], [-2], [1]], [[1], [2], [1]], [[1], [0], [-1]], [[1], [0], [-1]], [[1], [0], [1]], [[1]], [[1], [-1]], [[1], [1]]]","[[1], [1, -1], [1, 0, 1], [1, 1], [1, 0, 1], [1, 0, -1], [1, 0, 1], [1, 2, 1], [1, 0, 1], [1, 0, -1], [1, -2, 1], [1, 2, 1], [1, 0, 1], [1, 0, -1], [1, 0, -1], [1, 0, -1], [1, 0, -1], [1, 0, -1], [1, 0, -1], [1, 0, 1], [1, 0, -1], [1, 0, -1], [1, 0, -1], [1, 0, 1], [1, 0, -1], [1, 0, 1], [1, -2, 1], [1, 0, 1], [1, -2, 1], [1, 0, -1]]",0
2.336.4t3.b,336,"[2, 3, 7]","[2, 3, 7]",False,1,"[[[1], [-2], [1]], [[1], [2], [1]], [[1], [0], [-1]], [[1], [0], [-1]], [[1], [0], [1]], [[1]], [[1], [1]], [[1], [-1]]]","[[1], [1, 1], [1, 0, 1], [1, -1], [1, 0, 1], [1, 0, -1], [1, 0, 1], [1, -2, 1], [1, 0, 1], [1, 0, -1], [1, 2, 1], [1, 2, 1], [1, 0, 1], [1, 0, -1], [1, 0, -1], [1, 0, -1], [1, 0, -1], [1, 0, -1], [1, 0, -1], [1, 0, 1], [1, 0, -1], [1, 0, -1], [1, 0, -1], [1, 0, 1], [1, 0, -1], [1, 0, 1], [1, 2, 1], [1, 0, 1], [1, -2, 1], [1, 0, -1]]",0
2.336.4t3.c,336,"[2, 3, 7]","[2, 3, 7]",False,1,"[[[1], [-2], [1]], [[1], [2], [1]], [[1], [0], [-1]], [[1], [0], [-1]], [[1], [0], [1]], [[1]], [[1], [1]], [[1], [-1]]]",null,0
2.336.4t3.d,336,"[2, 3, 7]","[2, 3, 7]",False,1,"[[[1], [-2], [1]], [[1], [2], [1]], [[1], [0], [-1]], [[1], [0], [-1]], [[1], [0], [1]], [[1]], [[1], [-1]], [[1], [1]]]",null,0
2.336.4t3.e,336,"[2, 3, 7]","[2, 3, 7]",False,1,"[[[1], [-2], [1]], [[1], [2], [1]], [[1], [0], [-1]], [[1], [0], [-1]], [[1], [0], [1]], [[1]], [[1], [1]], [[1], [-1]]]",null,0
2.336.4t3.f,336,"[2, 3, 7]","[2, 3, 7]",False,1,"[[[1], [-2], [1]], [[1], [2], [1]], [[1], [0], [-1]], [[1], [0], [-1]], [[1], [0], [1]], [[1]], [[1], [-1]], [[1], [1]]]",null,0
2.339.3t2.a,339,"[3, 113]","[3, 113]",False,1,"[[[1], [-2], [1]], [[1], [0], [-1]], [[1], [1], [1]], [[1], [-1]]]","[[1, 0, -1], [1, -1], [1, 1, 1], [1, 1, 1], [1, 0, -1], [1, 1, 1], [1, 1, 1], [1, 0, -1], [1, 1, 1], [1, -2, 1], [1, 1, 1], [1, 0, -1], [1, 0, -1], [1, 0, -1], [1, -2, 1], [1, 0, -1], [1, 1, 1], [1, 1, 1], [1, 0, -1], [1, 1, 1], [1, 0, -1], [1, 0, -1], [1, 0, -1], [1, -2, 1], [1, -2, 1], [1, 1, 1], [1, 0, -1], [1, 1, 1], [1, 1, 1], [1, -1]]",0
2.339.6t3.a,339,"[3, 113]","[2, 3, 113]",False,1,"[[[1], [-2], [1]], [[1], [2], [1]], [[1], [0], [-1]], [[1], [0], [-1]], [[1], [1], [1]], [[1], [-1], [1]], [[1], [1]]]",null,0
2.339.6t3.b,339,"[3, 113]","[2, 3, 113]",False,1,"[[[1], [-2], [1]], [[1], [2], [1]], [[1], [0], [-1]], [[1], [0], [-1]], [[1], [1], [1]], [[1], [-1], [1]], [[1], [1]]]","[[1, 0, -1], [1, 1], [1, -1, 1], [1, 1, 1], [1, 0, -1], [1, 1, 1], [1, -1, 1], [1, 0, -1], [1, -1, 1], [1, 2, 1], [1, 1, 1], [1, 0, -1], [1, 0, -1], [1, 0, -1], [1, 2, 1], [1, 0, -1], [1, -1, 1], [1, 1, 1], [1, 0, -1], [1, -1, 1], [1, 0, -1], [1, 0, -1], [1, 0, -1], [1, 2, 1], [1, -2, 1], [1, -1, 1], [1, 0, -1], [1, -1, 1], [1, 1, 1], [1, 1]]",0
2.351.3t2.a,351,"[3, 13]","[3, 13]",False,1,"[[[1], [-2], [1]], [[1], [0], [-1]], [[1], [1], [1]], [[1]], [[1], [-1]]]",null,0
2.351.3t2.b,351,"[3, 13]","[3, 13]",False,1,"[[[1], [-2], [1]], [[1], [0], [-1]], [[1], [1], [1]], [[1]], [[1], [-1]]]","[[1, 1, 1], [1], [1, 1, 1], [1, 0, -1], [1, -2, 1], [1, -1], [1, 0, -1], [1, 0, -1], [1, 0, -1], [1, 0, -1], [1, 0, -1], [1, 0, -1], [1, -2, 1], [1, 1, 1], [1, 1, 1], [1, 0, -1], [1, 1, 1], [1, 1, 1], [1, 0, -1], [1, 1, 1], [1, 0, -1], [1, -2, 1], [1, 1, 1], [1, 1, 1], [1, 0, -1], [1, 0, -1], [1, 1, 1], [1, 0, -1], [1, 0, -1], [1, 0, -1]]",0
2.351.6t3.a,351,"[3, 13]","[3, 13]",False,1,"[[[1], [-2], [1]], [[1], [2], [1]], [[1], [0], [-1]], [[1], [0], [-1]], [[1], [1], [1]], [[1], [-1], [1]], [[1]], [[1], [-1]]]",null,0
2.351.6t3.b,351,"[3, 13]","[2, 3, 13]",False,1,"[[[1], [-2], [1]], [[1], [2], [1]], [[1], [0], [-1]], [[1], [0], [-1]], [[1], [1], [1]], [[1], [-1], [1]], [[1]], [[1], [-1]]]","[[1, -1, 1], [1], [1, -1, 1], [1, 0, -1], [1, 2, 1], [1, -1], [1, 0, -1], [1, 0, -1], [1, 0, -1], [1, 0, -1], [1, 0, -1], [1, 0, -1], [1, 2, 1], [1, 1, 1], [1, -1, 1], [1, 0, -1], [1, -1, 1], [1, 1, 1], [1, 0, -1], [1, -1, 1], [1, 0, -1], [1, -2, 1], [1, -1, 1], [1, -1, 1], [1, 0, -1], [1, 0, -1], [1, 1, 1], [1, 0, -1], [1, 0, -1], [1, 0, -1]]",0
2.355.4t3.a,355,"[5, 71]","[2, 5, 71]",False,1,"[[[1], [-2], [1]], [[1], [2], [1]], [[1], [0], [-1]], [[1], [0], [-1]], [[1], [0], [1]], [[1], [1]]]",null,0
2.355.4t3.b,355,"[5, 71]","[2, 5, 71]",False,1,"[[[1], [-2], [1]], [[1], [2], [1]], [[1], [0], [-1]], [[1], [0], [-1]], [[1], [0], [1]], [[1], [1]]]","[[1, 0, -1], [1, 0, -1], [1, 1], [1, 0, 1], [1, 0, -1], [1, 0, 1], [1, 0, 1], [1, 2, 1], [1, 0, 1], [1, 2, 1], [1, 0, -1], [1, 0, -1], [1, 0, -1], [1, 0, -1], [1, 0, 1], [1, 0, 1], [1, 0, -1], [1, 0, -1], [1, 0, 1], [1, 1], [1, 0, -1], [1, 2, 1], [1, 0, -1], [1, -2, 1], [1, 0, 1], [1, -2, 1], [1, 0, -1], [1, 0, -1], [1, -2, 1], [1, 0, 1]]",0
2.355.4t3.c,355,"[5, 71]","[2, 3, 5, 17, 71, 179, 191, 2861]",False,1,"[[[1], [-2], [1]], [[1], [2], [1]], [[1], [0], [-1]], [[1], [0], [-1]], [[1], [0], [1]], [[1], [1]]]",null,0
2.356.3t2.a,356,"[2, 89]","[2, 89]",False,1,"[[[1], [-2], [1]], [[1], [0], [-1]], [[1], [1], [1]], [[1], [-1]]]","[[1, -1], [1, 1, 1], [1, 1, 1], [1, -2, 1], [1, 0, -1], [1, 0, -1], [1, 1, 1], [1, 1, 1], [1, 1, 1], [1, 0, -1], [1, 1, 1], [1, 0, -1], [1, 0, -1], [1, 1, 1], [1, 0, -1], [1, 1, 1], [1, -2, 1], [1, 0, -1], [1, 0, -1], [1, 0, -1], [1, 1, 1], [1, 0, -1], [1, -2, 1], [1, -1], [1, 1, 1], [1, 0, -1], [1, 1, 1], [1, 0, -1], [1, 1, 1], [1, 0, -1]]",0
2.356.4t3.a,356,"[2, 89]","[2, 89]",False,1,"[[[1], [-2], [1]], [[1], [2], [1]], [[1], [0], [-1]], [[1], [0], [-1]], [[1], [0], [1]], [[1], [1]], [[1], [-1]]]","[[1, 1], [1, 0, 1], [1, -2, 1], [1, 0, 1], [1, 0, -1], [1, 0, -1], [1, 2, 1], [1, 0, 1], [1, 0, 1], [1, 0, -1], [1, 0, 1], [1, 0, -1], [1, 0, -1], [1, 0, 1], [1, 0, -1], [1, 2, 1], [1, 0, 1], [1, 0, -1], [1, 0, -1], [1, 0, -1], [1, -2, 1], [1, 0, -1], [1, 0, 1], [1, -1], [1, 2, 1], [1, 0, -1], [1, 0, 1], [1, 0, -1], [1, 2, 1], [1, 0, -1]]",0
2.356.4t3.b,356,"[2, 89]","[2, 89]",False,1,"[[[1], [-2], [1]], [[1], [2], [1]], [[1], [0], [-1]], [[1], [0], [-1]], [[1], [0], [1]], [[1], [1]], [[1], [-1]]]",null,0
2.356.4t3.c,356,"[2, 89]","[2, 5, 89, 173]",False,1,"[[[1], [-2], [1]], [[1], [2], [1]], [[1], [0], [-1]], [[1], [0], [-1]], [[1], [0], [1]], [[1], [1]], [[1], [-1]]]",null,0
2.356.6t3.a,356,"[2, 89]","[2, 11, 89]",False,1,"[[[1], [-2], [1]], [[1], [2], [1]], [[1], [0], [-1]], [[1], [0], [-1]], [[1], [1], [1]], [[1], [-1], [1]], [[1], [-1]]]",null,0
2.356.6t3.b,356,"[2, 89]","[2, 89]",False,1,"[[[1], [-2], [1]], [[1], [2], [1]], [[1], [0], [-1]], [[1], [0], [-1]], [[1], [1], [1]], [[1], [-1], [1]], [[1], [-1]]]","[[1, -1], [1, -1, 1], [1, 1, 1], [1, 2, 1], [1, 0, -1], [1, 0, -1], [1, 1, 1], [1, -1, 1], [1, -1, 1], [1, 0, -1], [1, -1, 1], [1, 0, -1], [1, 0, -1], [1, -1, 1], [1, 0, -1], [1, 1, 1], [1, 2, 1], [1, 0, -1], [1, 0, -1], [1, 0, -1], [1, 1, 1], [1, 0, -1], [1, 2, 1], [1, -1], [1, 1, 1], [1, 0, -1], [1, -1, 1], [1, 0, -1], [1, 1, 1], [1, 0, -1]]",0
2.360.4t3.a,360,"[2, 3, 5]","[2, 3, 5]",False,1,"[[[1], [-2], [1]], [[1], [2], [1]], [[1], [0], [-1]], [[1], [0], [-1]], [[1], [0], [1]], [[1], [-1]], [[1]], [[1], [1]]]",null,0
2.360.4t3.b,360,"[2, 3, 5]","[2, 3, 5]",False,1,"[[[1], [-2], [1]], [[1], [2], [1]], [[1], [0], [-1]], [[1], [0], [-1]], [[1], [0], [1]], [[1], [1]], [[1]], [[1], [-1]]]",null,0
2.360.4t3.c,360,"[2, 3, 5]","[2, 3, 5, 23, 53, 193]",False,1,"[[[1], [-2], [1]], [[1], [2], [1]], [[1], [0], [-1]], [[1], [0], [-1]], [[1], [0], [1]], [[1], [1]], [[1]], [[1], [-1]]]",null,0
2.360.4t3.d,360,"[2, 3, 5]","[2, 3, 5]",False,1,"[[[1], [-2], [1]], [[1], [2], [1]], [[1], [0], [-1]], [[1], [0], [-1]], [[1], [0], [1]], [[1], [-1]], [[1]], [[1], [1]]]",null,0
2.360.4t3.e,360,"[2, 3, 5]","[2, 3, 5]",False,1,"[[[1], [-2], [1]], [[1], [2], [1]], [[1], [0], [-1]], [[1], [0], [-1]], [[1], [0], [1]], [[1], [-1]], [[1]], [[1], [1]]]","[[1, -1], [1], [1, 1], [1, 0, 1], [1, 0, 1], [1, 0, 1], [1, 0, -1], [1, 2, 1], [1, 2, 1], [1, 0, -1], [1, 0, -1], [1, 0, 1], [1, 0, 1], [1, 0, -1], [1, -2, 1], [1, -2, 1], [1, 0, 1], [1, 0, -1], [1, 0, -1], [1, 0, -1], [1, 0, -1], [1, 0, -1], [1, 0, -1], [1, 0, 1], [1, 0, -1], [1, 0, -1], [1, 0, 1], [1, 0, -1], [1, 0, -1], [1, 0, -1]]",0
2.360.4t3.f,360,"[2, 3, 5]","[2, 3, 5]",False,1,"[[[1], [-2], [1]], [[1], [2], [1]], [[1], [0], [-1]], [[1], [0], [-1]], [[1], [0], [1]], [[1], [1]], [[1]], [[1], [-1]]]","[[1, 1], [1], [1, -1], [1, 0, 1], [1, 0, 1], [1, 0, 1], [1, 0, -1], [1, 2, 1], [1, -2, 1], [1, 0, -1], [1, 0, -1], [1, 0, 1], [1, 0, 1], [1, 0, -1], [1, 2, 1], [1, 2, 1], [1, 0, 1], [1, 0, -1], [1, 0, -1], [1, 0, -1], [1, 0, -1], [1, 0, -1], [1, 0, -1], [1, 0, 1], [1, 0, -1], [1, 0, -1], [1, 0, 1], [1, 0, -1], [1, 0, -1], [1, 0, -1]]",0
2.363.4t3.a,363,"[3, 11]","[2, 3, 11]",False,1,"[[[1], [-2], [1]], [[1], [2], [1]], [[1], [0], [-1]], [[1], [0], [-1]], [[1], [0], [1]], [[1], [1]], [[1]]]","[[1, 0, -1], [1, 1], [1, 0, -1], [1, 0, 1], [1], [1, 0, 1], [1, 0, -1], [1, 0, 1], [1, 0, -1], [1, 0, -1], [1, 2, 1], [1, 2, 1], [1, 0, -1], [1, 0, 1], [1, 0, -1], [1, 0, -1], [1, 0, -1], [1, 0, 1], [1, 2, 1], [1, 0, -1], [1, 0, 1], [1, 0, 1], [1, 0, -1], [1, 0, -1], [1, -2, 1], [1, 0, -1], [1, -2, 1], [1, 0, -1], [1, 0, 1], [1, 0, -1]]",0
2.363.4t3.b,363,"[3, 11]","[2, 3, 5, 11]",False,1,"[[[1], [-2], [1]], [[1], [2], [1]], [[1], [0], [-1]], [[1], [0], [-1]], [[1], [0], [1]], [[1], [1]], [[1]]]",null,0
2.363.4t3.c,363,"[3, 11]","[3, 11]",False,1,"[[[1], [-2], [1]], [[1], [2], [1]], [[1], [0], [-1]], [[1], [0], [-1]], [[1], [0], [1]], [[1], [1]], [[1]]]",null,0
2.364.3t2.a,364,"[2, 7, 13]","[2, 7, 13]",False,1,"[[[1], [-2], [1]], [[1], [0], [-1]], [[1], [1], [1]], [[1]], [[1], [-1]]]","[[1], [1, 0, -1], [1, 1, 1], [1, -1], [1, 0, -1], [1, -1], [1, 0, -1], [1, 1, 1], [1, 1, 1], [1, 1, 1], [1, 1, 1], [1, 0, -1], [1, -2, 1], [1, 1, 1], [1, 1, 1], [1, 1, 1], [1, -2, 1], [1, 0, -1], [1, 0, -1], [1, 0, -1], [1, 1, 1], [1, 1, 1], [1, 1, 1], [1, 1, 1], [1, 1, 1], [1, 0, -1], [1, 0, -1], [1, -2, 1], [1, 0, -1], [1, 1, 1]]",0
2.364.6t3.a,364,"[2, 7, 13]","[2, 3, 7, 13]",False,1,"[[[1], [-2], [1]], [[1], [2], [1]], [[1], [0], [-1]], [[1], [0], [-1]], [[1], [1], [1]], [[1], [-1], [1]], [[1]], [[1], [1]]]","[[1], [1, 0, -1], [1, -1, 1], [1, 1], [1, 0, -1], [1, 1], [1, 0, -1], [1, -1, 1], [1, 1, 1], [1, 1, 1], [1, -1, 1], [1, 0, -1], [1, 2, 1], [1, 1, 1], [1, -1, 1], [1, 1, 1], [1, 2, 1], [1, 0, -1], [1, 0, -1], [1, 0, -1], [1, -1, 1], [1, 1, 1], [1, -1, 1], [1, -1, 1], [1, -1, 1], [1, 0, -1], [1, 0, -1], [1, -2, 1], [1, 0, -1], [1, 1, 1]]",0
2.364.6t3.b,364,"[2, 7, 13]","[2, 3, 7, 13]",False,1,"[[[1], [-2], [1]], [[1], [2], [1]], [[1], [0], [-1]], [[1], [0], [-1]], [[1], [1], [1]], [[1], [-1], [1]], [[1]], [[1], [1]]]",null,0
2.367.3t2.a,367,[367],[367],False,1,"[[[1], [-2], [1]], [[1], [0], [-1]], [[1], [1], [1]], [[1], [-1]]]","[[1, 1, 1], [1, 0, -1], [1, 0, -1], [1, 1, 1], [1, 0, -1], [1, -2, 1], [1, 0, -1], [1, 0, -1], [1, 1, 1], [1, 0, -1], [1, -2, 1], [1, 1, 1], [1, 1, 1], [1, 0, -1], [1, 1, 1], [1, 1, 1], [1, -2, 1], [1, 1, 1], [1, 1, 1], [1, 0, -1], [1, 1, 1], [1, 0, -1], [1, 1, 1], [1, 1, 1], [1, 0, -1], [1, 1, 1], [1, 0, -1], [1, -2, 1], [1, 0, -1], [1, -2, 1]]",0
2.368.6t3.a,368,"[2, 23]","[2, 23]",False,1,"[[[1], [-2], [1]], [[1], [2], [1]], [[1], [0], [-1]], [[1], [0], [-1]], [[1], [1], [1]], [[1], [-1], [1]], [[1]], [[1], [1]]]","[[1], [1, -1, 1], [1, 0, -1], [1, 0, -1], [1, 0, -1], [1, 1, 1], [1, 0, -1], [1, 0, -1], [1, 1], [1, 1, 1], [1, -1, 1], [1, 0, -1], [1, 1, 1], [1, 0, -1], [1, -1, 1], [1, 0, -1], [1, 2, 1], [1, 0, -1], [1, 0, -1], [1, -1, 1], [1, 1, 1], [1, 0, -1], [1, 0, -1], [1, 0, -1], [1, 0, -1], [1, -2, 1], [1, 0, -1], [1, 0, -1], [1, 0, -1], [1, 0, -1]]",0
2.368.6t3.b,368,"[2, 23]","[2, 5, 23]",False,1,"[[[1], [-2], [1]], [[1], [2], [1]], [[1], [0], [-1]], [[1], [0], [-1]], [[1], [1], [1]], [[1], [-1], [1]], [[1]], [[1], [1]]]",null,0
2.371.4t3.a,371,"[7, 53]","[7, 53]",False,1,"[[[1], [-2], [1]], [[1], [2], [1]], [[1], [0], [-1]], [[1], [0], [-1]], [[1], [0], [1]], [[1], [-1]]]","[[1, 0, -1], [1, 0, 1], [1, 0, 1], [1, -1], [1, 2, 1], [1, 0, -1], [1, 0, -1], [1, 0, 1], [1, 0, -1], [1, -2, 1], [1, 0, 1], [1, 2, 1], [1, 0, 1], [1, 2, 1], [1, 0, -1], [1, -1], [1, 0, -1], [1, 0, 1], [1, 0, -1], [1, 0, -1], [1, 0, 1], [1, 0, -1], [1, 0, 1], [1, 0, -1], [1, 0, -1], [1, 0, 1], [1, 0, 1], [1, 2, 1], [1, 0, -1], [1, -2, 1]]",0
2.371.4t3.b,371,"[7, 53]","[2, 7, 53]",False,1,"[[[1], [-2], [1]], [[1], [2], [1]], [[1], [0], [-1]], [[1], [0], [-1]], [[1], [0], [1]], [[1], [-1]]]",null,0
2.371.4t3.c,371,"[7, 53]","[2, 7, 29, 53]",False,1,"[[[1], [-2], [1]], [[1], [2], [1]], [[1], [0], [-1]], [[1], [0], [-1]], [[1], [0], [1]], [[1], [-1]]]",null,0
2.376.4t3.a,376,"[2, 47]","[2, 3, 7, 47, 2777]",False,1,"[[[1], [-2], [1]], [[1], [2], [1]], [[1], [0], [-1]], [[1], [0], [-1]], [[1], [0], [1]], [[1], [-1]]]",null,0
2.376.4t3.b,376,"[2, 47]","[2, 47]",False,1,"[[[1], [-2], [1]], [[1], [2], [1]], [[1], [0], [-1]], [[1], [0], [-1]], [[1], [0], [1]], [[1], [-1]]]","[[1, -1], [1, 0, -1], [1, 0, 1], [1, 2, 1], [1, 0, 1], [1, 0, 1], [1, 2, 1], [1, 0, 1], [1, 0, -1], [1, 0, 1], [1, 0, -1], [1, 0, -1], [1, 0, -1], [1, 0, 1], [1, -1], [1, 0, -1], [1, 0, -1], [1, 0, -1], [1, 0, 1], [1, 2, 1], [1, 0, -1], [1, -2, 1], [1, 0, -1], [1, 2, 1], [1, -2, 1], [1, 0, -1], [1, -2, 1], [1, 0, 1], [1, 0, 1], [1, 0, -1]]",0
2.376.4t3.c,376,"[2, 47]","[2, 3, 47]",False,1,"[[[1], [-2], [1]], [[1], [2], [1]], [[1], [0], [-1]], [[1], [0], [-1]], [[1], [0], [1]], [[1], [-1]]]",null,0
2.377.4t3.a,377,"[13, 29]","[3, 5, 7, 13, 29, 173]",True,1,"[[[1], [-2], [1]], [[1], [2], [1]], [[1], [0], [-1]], [[1], [0], [-1]], [[1], [0], [1]], [[1], [-1]], [[1], [1]]]",null,0
2.377.4t3.b,377,"[13, 29]","[13, 29]",True,1,"[[[1], [-2], [1]], [[1], [2], [1]], [[1], [0], [-1]], [[1], [0], [-1]], [[1], [0], [1]], [[1], [-1]], [[1], [1]]]",null,0
2.377.4t3.c,377,"[13, 29]","[3, 13, 29]",True,1,"[[[1], [-2], [1]], [[1], [2], [1]], [[1], [0], [-1]], [[1], [0], [-1]], [[1], [0], [1]], [[1], [-1]], [[1], [1]]]",null,0
2.379.3t2.a,379,[379],[379],False,1,"[[[1], [-2], [1]], [[1], [0], [-1]], [[1], [1], [1]], [[1], [-1]]]","[[1, 0, -1], [1, 0, -1], [1, 1, 1], [1, 0, -1], [1, 0, -1], [1, 0, -1], [1, 0, -1], [1, 1, 1], [1, 1, 1], [1, 0, -1], [1, 0, -1], [1, 1, 1], [1, 1, 1], [1, 0, -1], [1, 0, -1], [1, 0, -1], [1, 0, -1], [1, 1, 1], [1, 1, 1], [1, 0, -1], [1, 0, -1], [1, 1, 1], [1, 1, 1], [1, 0, -1], [1, -2, 1], [1, -2, 1], [1, 1, 1], [1, -2, 1], [1, 0, -1], [1, 0, -1]]",0
2.384.4t3.a,384,"[2, 3]","[2, 3]",False,1,"[[[1], [-2], [1]], [[1], [2], [1]], [[1], [0], [-1]], [[1], [0], [-1]], [[1], [0], [1]], [[1]], [[1], [1]]]","[[1], [1, 1], [1, 0, 1], [1, 0, 1], [1, -2, 1], [1, 0, -1], [1, 0, -1], [1, 0, -1], [1, 0, -1], [1, 0, 1], [1, 0, 1], [1, 0, -1], [1, 0, -1], [1, 0, -1], [1, 0, -1], [1, 0, 1], [1, 2, 1], [1, 0, -1], [1, 0, -1], [1, 0, -1], [1, 2, 1], [1, 0, 1], [1, -2, 1], [1, 0, -1], [1, -2, 1], [1, 0, 1], [1, 0, 1], [1, 2, 1], [1, 0, -1], [1, 0, -1]]",0
2.384.4t3.b,384,"[2, 3]","[2, 3]",False,1,"[[[1], [-2], [1]], [[1], [2], [1]], [[1], [0], [-1]], [[1], [0], [-1]], [[1], [0], [1]], [[1]], [[1], [-1]]]","[[1], [1, -1], [1, 0, 1], [1, 0, 1], [1, 2, 1], [1, 0, -1], [1, 0, -1], [1, 0, -1], [1, 0, -1], [1, 0, 1], [1, 0, 1], [1, 0, -1], [1, 0, -1], [1, 0, -1], [1, 0, -1], [1, 0, 1], [1, -2, 1], [1, 0, -1], [1, 0, -1], [1, 0, -1], [1, 2, 1], [1, 0, 1], [1, 2, 1], [1, 0, -1], [1, -2, 1], [1, 0, 1], [1, 0, 1], [1, -2, 1], [1, 0, -1], [1, 0, -1]]",0
2.384.4t3.c,384,"[2, 3]","[2, 3]",False,1,"[[[1], [-2], [1]], [[1], [2], [1]], [[1], [0], [-1]], [[1], [0], [-1]], [[1], [0], [1]], [[1]], [[1], [-1]]]",null,0
2.384.4t3.d,384,"[2, 3]","[2, 3]",False,1,"[[[1], [-2], [1]], [[1], [2], [1]], [[1], [0], [-1]], [[1], [0], [-1]], [[1], [0], [1]], [[1]], [[1], [1]]]",null,0
2.384.4t3.e,384,"[2, 3]","[2, 3, 11]",False,1,"[[[1], [-2], [1]], [[1], [2], [1]], [[1], [0], [-1]], [[1], [0], [-1]], [[1], [0], [1]], [[1]], [[1], [1]]]",null,0
2.384.4t3.f,384,"[2, 3]","[2, 3, 59]",False,1,"[[[1], [-2], [1]], [[1], [2], [1]], [[1], [0], [-1]], [[1], [0], [-1]], [[1], [0], [1]], [[1]], [[1], [-1]]]",null,0
2.387.4t3.a,387,"[3, 43]","[2, 3, 43]",False,1,"[[[1], [-2], [1]], [[1], [2], [1]], [[1], [0], [-1]], [[1], [0], [-1]], [[1], [0], [1]], [[1]], [[1], [1]]]","[[1, 0, -1], [1], [1, 0, -1], [1, 0, -1], [1, 0, 1], [1, 2, 1], [1, 0, 1], [1, 0, -1], [1, 0, 1], [1, 0, -1], [1, 2, 1], [1, 0, -1], [1, 0, 1], [1, 1], [1, 0, 1], [1, 0, 1], [1, 0, 1], [1, 0, -1], [1, 2, 1], [1, 0, -1], [1, 0, -1], [1, 2, 1], [1, 0, 1], [1, 0, -1], [1, -2, 1], [1, 0, 1], [1, -2, 1], [1, 0, 1], [1, -2, 1], [1, 0, -1]]",0
2.387.4t3.b,387,"[3, 43]","[2, 3, 7, 13, 43]",False,1,"[[[1], [-2], [1]], [[1], [2], [1]], [[1], [0], [-1]], [[1], [0], [-1]], [[1], [0], [1]], [[1]], [[1], [1]]]",null,0
2.387.4t3.c,387,"[3, 43]","[2, 3, 43]",False,1,"[[[1], [-2], [1]], [[1], [2], [1]], [[1], [0], [-1]], [[1], [0], [-1]], [[1], [0], [1]], [[1]], [[1], [1]]]",null,0
2.388.4t3.a,388,"[2, 97]","[2, 97]",False,1,"[[[1], [-2], [1]], [[1], [2], [1]], [[1], [0], [-1]], [[1], [0], [-1]], [[1], [0], [1]], [[1], [1]], [[1], [-1]]]","[[1, 1], [1, 0, -1], [1, 0, -1], [1, 0, 1], [1, 0, -1], [1, 0, -1], [1, 0, -1], [1, 0, 1], [1, 0, 1], [1, 0, -1], [1, 0, -1], [1, 0, -1], [1, 0, -1], [1, 0, -1], [1, 0, -1], [1, 2, 1], [1, 0, 1], [1, 2, 1], [1, 0, 1], [1, 0, 1], [1, 2, 1], [1, 0, -1], [1, 0, 1], [1, 2, 1], [1, -1], [1, -2, 1], [1, 0, -1], [1, 0, 1], [1, 2, 1], [1, -2, 1]]",0
2.388.4t3.b,388,"[2, 97]","[2, 97]",False,1,"[[[1], [-2], [1]], [[1], [2], [1]], [[1], [0], [-1]], [[1], [0], [-1]], [[1], [0], [1]], [[1], [1]], [[1], [-1]]]",null,0
2.388.4t3.c,388,"[2, 97]","[2, 3, 11, 97, 613]",False,1,"[[[1], [-2], [1]], [[1], [2], [1]], [[1], [0], [-1]], [[1], [0], [-1]], [[1], [0], [1]], [[1], [1]], [[1], [-1]]]",null,0
2.392.4t3.a,392,"[2, 7]","[2, 7]",False,1,"[[[1], [-2], [1]], [[1], [2], [1]], [[1], [0], [-1]], [[1], [0], [-1]], [[1], [0], [1]], [[1], [-1]], [[1]]]","[[1, -1], [1, 0, 1], [1, 0, -1], [1], [1, 2, 1], [1, 0, -1], [1, 0, 1], [1, 0, 1], [1, 0, -1], [1, 0, -1], [1, 0, -1], [1, 0, -1], [1, 0, 1], [1, 2, 1], [1, 0, -1], [1, 0, -1], [1, 0, 1], [1, 0, -1], [1, -2, 1], [1, 0, -1], [1, 0, 1], [1, 0, -1], [1, 0, 1], [1, 0, 1], [1, 0, 1], [1, 0, -1], [1, 0, -1], [1, -2, 1], [1, 0, -1], [1, 2, 1]]",0
2.392.4t3.b,392,"[2, 7]","[2, 7]",False,1,"[[[1], [-2], [1]], [[1], [2], [1]], [[1], [0], [-1]], [[1], [0], [-1]], [[1], [0], [1]], [[1], [-1]], [[1]]]",null,0
2.392.4t3.c,392,"[2, 7]","[2, 5, 7]",False,1,"[[[1], [-2], [1]], [[1], [2], [1]], [[1], [0], [-1]], [[1], [0], [-1]], [[1], [0], [1]], [[1], [-1]], [[1]]]",null,0
2.395.4t3.a,395,"[5, 79]","[2, 5, 79]",False,1,"[[[1], [-2], [1]], [[1], [2], [1]], [[1], [0], [-1]], [[1], [0], [-1]], [[1], [0], [1]], [[1], [-1]]]",null,0
2.395.4t3.b,395,"[5, 79]","[2, 5, 19, 23, 79, 101]",False,1,"[[[1], [-2], [1]], [[1], [2], [1]], [[1], [0], [-1]], [[1], [0], [-1]], [[1], [0], [1]], [[1], [-1]]]",null,0
2.395.4t3.c,395,"[5, 79]","[2, 5, 79]",False,1,"[[[1], [-2], [1]], [[1], [2], [1]], [[1], [0], [-1]], [[1], [0], [-1]], [[1], [0], [1]], [[1], [-1]]]","[[1, 0, -1], [1, 0, 1], [1, -1], [1, 0, 1], [1, 2, 1], [1, 0, -1], [1, 0, 1], [1, 2, 1], [1, 0, -1], [1, 0, -1], [1, -2, 1], [1, 0, 1], [1, 0, -1], [1, 0, 1], [1, 0, 1], [1, 0, 1], [1, 0, -1], [1, 0, -1], [1, 0, -1], [1, 0, -1], [1, 0, -1], [1, -1], [1, 0, -1], [1, 2, 1], [1, 0, -1], [1, -2, 1], [1, 0, 1], [1, 0, 1], [1, 0, -1], [1, 0, 1]]",0
2.396.4t3.a,396,"[2, 3, 11]","[2, 3, 11]",True,1,"[[[1], [-2], [1]], [[1], [2], [1]], [[1], [0], [-1]], [[1], [0], [-1]], [[1], [0], [1]], [[1], [1]], [[1]]]",null,0
2.396.4t3.b,396,"[2, 3, 11]","[2, 3, 11]",True,1,"[[[1], [-2], [1]], [[1], [2], [1]], [[1], [0], [-1]], [[1], [0], [-1]], [[1], [0], [1]], [[1], [-1]], [[1]]]",null,0
2.396.4t3.c,396,"[2, 3, 11]","[2, 3, 11]",True,1,"[[[1], [-2], [1]], [[1], [2], [1]], [[1], [0], [-1]], [[1], [0], [-1]], [[1], [0], [1]], [[1], [1]], [[1]]]",null,0
2.396.4t3.d,396,"[2, 3, 11]","[2, 3, 11]",True,1,"[[[1], [-2], [1]], [[1], [2], [1]], [[1], [0], [-1]], [[1], [0], [-1]], [[1], [0], [1]], [[1], [-1]], [[1]]]",null,0
2.396.4t3.e,396,"[2, 3, 11]","[2, 3, 11]",True,1,"[[[1], [-2], [1]], [[1], [2], [1]], [[1], [0], [-1]], [[1], [0], [-1]], [[1], [0], [1]], [[1], [1]], [[1]]]",null,0
2.396.4t3.f,396,"[2, 3, 11]","[2, 3, 11, 31]",True,1,"[[[1], [-2], [1]], [[1], [2], [1]], [[1], [0], [-1]], [[1], [0], [-1]], [[1], [0], [1]], [[1], [-1]], [[1]]]",null,0
2.396.6t3.a,396,"[2, 3, 11]","[2, 3, 11, 13]",False,1,"[[[1], [-2], [1]], [[1], [2], [1]], [[1], [0], [-1]], [[1], [0], [-1]], [[1], [1], [1]], [[1], [-1], [1]], [[1]], [[1], [1]]]",null,0
2.396.6t3.b,396,"[2, 3, 11]","[2, 3, 11]",False,1,"[[[1], [-2], [1]], [[1], [2], [1]], [[1], [0], [-1]], [[1], [0], [-1]], [[1], [1], [1]], [[1], [-1], [1]], [[1]], [[1], [1]]]","[[1], [1], [1, -1, 1], [1, 0, -1], [1, 1], [1, 0, -1], [1, 0, -1], [1, 0, -1], [1, -1, 1], [1, 0, -1], [1, 1, 1], [1, 1, 1], [1, 0, -1], [1, 0, -1], [1, 2, 1], [1, 2, 1], [1, -1, 1], [1, 0, -1], [1, 1, 1], [1, -1, 1], [1, 0, -1], [1, 0, -1], [1, 0, -1], [1, -1, 1], [1, 1, 1], [1, 0, -1], [1, -2, 1], [1, 0, -1], [1, 0, -1], [1, -1, 1]]",0
2.399.4t3.a,399,"[3, 7, 19]","[3, 7, 19]",False,1,"[[[1], [-2], [1]], [[1], [2], [1]], [[1], [0], [-1]], [[1], [0], [-1]], [[1], [0], [1]], [[1], [1]], [[1], [-1]]]","[[1, 0, 1], [1, 1], [1, 0, 1], [1, -1], [1, 0, -1], [1, -2, 1], [1, 0, 1], [1, 1], [1, 0, -1], [1, 0, 1], [1, -2, 1], [1, 0, -1], [1, 0, -1], [1, 2, 1], [1, 0, 1], [1, 0, 1], [1, 0, -1], [1, 0, -1], [1, 0, -1], [1, 0, 1], [1, 0, -1], [1, 0, -1], [1, 0, 1], [1, 0, -1], [1, 2, 1], [1, 0, 1], [1, 2, 1], [1, 0, 1], [1, 0, -1], [1, 0, 1]]",0
2.399.4t3.b,399,"[3, 7, 19]","[3, 7, 19]",False,1,"[[[1], [-2], [1]], [[1], [2], [1]], [[1], [0], [-1]], [[1], [0], [-1]], [[1], [0], [1]], [[1], [-1]]]","[[1, 0, 1], [1, -1], [1, 0, 1], [1, -1], [1, 0, -1], [1, 2, 1], [1, 0, 1], [1, -1], [1, 0, -1], [1, 0, 1], [1, 2, 1], [1, 0, -1], [1, 0, -1], [1, 2, 1], [1, 0, 1], [1, 0, 1], [1, 0, -1], [1, 0, -1], [1, 0, -1], [1, 0, 1], [1, 0, -1], [1, 0, -1], [1, 0, 1], [1, 0, -1], [1, -2, 1], [1, 0, 1], [1, -2, 1], [1, 0, 1], [1, 0, -1], [1, 0, 1]]",0
2.399.4t3.c,399,"[3, 7, 19]","[2, 3, 7, 19, 31]",False,1,"[[[1], [-2], [1]], [[1], [2], [1]], [[1], [0], [-1]], [[1], [0], [-1]], [[1], [0], [1]], [[1], [1]], [[1], [-1]]]",null,0
2.399.4t3.d,399,"[3, 7, 19]","[2, 3, 7, 13, 19]",False,1,"[[[1], [-2], [1]], [[1], [2], [1]], [[1], [0], [-1]], [[1], [0], [-1]], [[1], [0], [1]], [[1], [-1]]]",null,0
2.399.4t3.e,399,"[3, 7, 19]","[2, 3, 7, 19]",False,1,"[[[1], [-2], [1]], [[1], [2], [1]], [[1], [0], [-1]], [[1], [0], [-1]], [[1], [0], [1]], [[1], [-1]]]",null,0
2.399.4t3.f,399,"[3, 7, 19]","[2, 3, 7, 19]",False,1,"[[[1], [-2], [1]], [[1], [2], [1]], [[1], [0], [-1]], [[1], [0], [-1]], [[1], [0], [1]], [[1], [1]], [[1], [-1]]]",null,0
2.400.4t3.a,400,"[2, 5]","[2, 3, 5, 7]",False,1,"[[[1], [-2], [1]], [[1], [2], [1]], [[1], [0], [-1]], [[1], [0], [-1]], [[1], [0], [1]], [[1]]]",null,0
2.400.4t3.b,400,"[2, 5]","[2, 3, 5]",False,1,"[[[1], [-2], [1]], [[1], [2], [1]], [[1], [0], [-1]], [[1], [0], [-1]], [[1], [0], [1]], [[1]]]","[[1], [1, 0, -1], [1], [1, 0, -1], [1, 0, -1], [1, 0, 1], [1, 0, 1], [1, 0, -1], [1, 0, -1], [1, 2, 1], [1, 0, -1], [1, 0, 1], [1, 2, 1], [1, 0, -1], [1, 0, -1], [1, 0, 1], [1, 0, -1], [1, 2, 1], [1, 0, -1], [1, 0, -1], [1, 0, 1], [1, 0, -1], [1, 0, -1], [1, 2, 1], [1, 0, 1], [1, -2, 1], [1, 0, -1], [1, 0, -1], [1, -2, 1], [1, 0, 1]]",0
2.400.4t3.c,400,"[2, 5]","[2, 5]",False,1,"[[[1], [-2], [1]], [[1], [2], [1]], [[1], [0], [-1]], [[1], [0], [-1]], [[1], [0], [1]], [[1]]]",null,0
2.404.3t2.a,404,"[2, 101]","[2, 101]",True,1,"[[[1], [-2], [1]], [[1], [0], [-1]], [[1], [1], [1]], [[1]], [[1], [-1]]]",null,0
2.407.4t3.a,407,"[11, 37]","[11, 37]",False,1,"[[[1], [-2], [1]], [[1], [2], [1]], [[1], [0], [-1]], [[1], [0], [-1]], [[1], [0], [1]], [[1], [-1]]]","[[1, 0, 1], [1, 2, 1], [1, 0, -1], [1, 0, -1], [1, -1], [1, 0, 1], [1, 0, 1], [1, 0, 1], [1, 0, -1], [1, 0, 1], [1, 0, -1], [1, -1], [1, 0, -1], [1, 0, 1], [1, -2, 1], [1, 2, 1], [1, 0, -1], [1, 0, 1], [1, -2, 1], [1, 2, 1], [1, 0, -1], [1, 0, 1], [1, 0, -1], [1, 0, -1], [1, 0, -1], [1, 0, -1], [1, 0, -1], [1, 0, -1], [1, 0, 1], [1, 0, -1]]",0
2.407.4t3.b,407,"[11, 37]","[3, 11, 37]",False,1,"[[[1], [-2], [1]], [[1], [2], [1]], [[1], [0], [-1]], [[1], [0], [-1]], [[1], [0], [1]], [[1], [-1]]]",null,0
2.407.4t3.c,407,"[11, 37]","[2, 3, 5, 11, 37, 47]",False,1,"[[[1], [-2], [1]], [[1], [2], [1]], [[1], [0], [-1]], [[1], [0], [-1]], [[1], [0], [1]], [[1], [-1]]]",null,0
2.411.3t2.a,411,"[3, 137]","[3, 137]",False,1,"[[[1], [-2], [1]], [[1], [0], [-1]], [[1], [1], [1]], [[1], [-1]]]","[[1, 0, -1], [1, -1], [1, 1, 1], [1, 1, 1], [1, 0, -1], [1, 0, -1], [1, 0, -1], [1, 1, 1], [1, 1, 1], [1, 1, 1], [1, 0, -1], [1, 1, 1], [1, -2, 1], [1, 0, -1], [1, 1, 1], [1, -2, 1], [1, 0, -1], [1, 1, 1], [1, 0, -1], [1, -2, 1], [1, 1, 1], [1, 0, -1], [1, 1, 1], [1, 1, 1], [1, 0, -1], [1, 0, -1], [1, -2, 1], [1, 0, -1], [1, -2, 1], [1, 1, 1]]",0
2.411.6t3.a,411,"[3, 137]","[2, 3, 137]",False,1,"[[[1], [-2], [1]], [[1], [2], [1]], [[1], [0], [-1]], [[1], [0], [-1]], [[1], [1], [1]], [[1], [-1], [1]], [[1], [1]]]","[[1, 0, -1], [1, 1], [1, -1, 1], [1, 1, 1], [1, 0, -1], [1, 0, -1], [1, 0, -1], [1, 1, 1], [1, -1, 1], [1, -1, 1], [1, 0, -1], [1, 1, 1], [1, 2, 1], [1, 0, -1], [1, -1, 1], [1, 2, 1], [1, 0, -1], [1, 1, 1], [1, 0, -1], [1, 2, 1], [1, 1, 1], [1, 0, -1], [1, -1, 1], [1, -1, 1], [1, 0, -1], [1, 0, -1], [1, -2, 1], [1, 0, -1], [1, -2, 1], [1, -1, 1]]",0
2.411.6t3.b,411,"[3, 137]","[2, 3, 13, 137]",False,1,"[[[1], [-2], [1]], [[1], [2], [1]], [[1], [0], [-1]], [[1], [0], [-1]], [[1], [1], [1]], [[1], [-1], [1]], [[1], [1]]]",null,0
2.416.6t3.a,416,"[2, 13]","[2, 13, 317]",False,1,"[[[1], [-2], [1]], [[1], [2], [1]], [[1], [0], [-1]], [[1], [0], [-1]], [[1], [1], [1]], [[1], [-1], [1]], [[1]], [[1], [-1]]]",null,0
2.416.6t3.b,416,"[2, 13]","[2, 13]",False,1,"[[[1], [-2], [1]], [[1], [2], [1]], [[1], [0], [-1]], [[1], [0], [-1]], [[1], [1], [1]], [[1], [-1], [1]], [[1]], [[1], [1]]]",null,0
2.416.6t3.c,416,"[2, 13]","[2, 13]",False,1,"[[[1], [-2], [1]], [[1], [2], [1]], [[1], [0], [-1]], [[1], [0], [-1]], [[1], [1], [1]], [[1], [-1], [1]], [[1]], [[1], [-1]]]","[[1], [1, -1, 1], [1, 1, 1], [1, -1, 1], [1, 0, -1], [1, -1], [1, 1, 1], [1, 0, -1], [1, 0, -1], [1, 0, -1], [1, 2, 1], [1, 1, 1], [1, 0, -1], [1, -1, 1], [1, -1, 1], [1, 0, -1], [1, 0, -1], [1, 0, -1], [1, 0, -1], [1, -1, 1], [1, 0, -1], [1, 0, -1], [1, 0, -1], [1, 0, -1], [1, 0, -1], [1, 0, -1], [1, 0, -1], [1, 2, 1], [1, 1, 1], [1, -2, 1]]",0
2.416.6t3.d,416,"[2, 13]","[2, 13]",False,1,"[[[1], [-2], [1]], [[1], [2], [1]], [[1], [0], [-1]], [[1], [0], [-1]], [[1], [1], [1]], [[1], [-1], [1]], [[1]], [[1], [1]]]","[[1], [1, -1, 1], [1, -1, 1], [1, 1, 1], [1, 0, -1], [1, 1], [1, 1, 1], [1, 0, -1], [1, 0, -1], [1, 0, -1], [1, -2, 1], [1, -1, 1], [1, 0, -1], [1, -1, 1], [1, 1, 1], [1, 0, -1], [1, 0, -1], [1, 0, -1], [1, 0, -1], [1, 1, 1], [1, 0, -1], [1, 0, -1], [1, 0, -1], [1, 0, -1], [1, 0, -1], [1, 0, -1], [1, 0, -1], [1, 2, 1], [1, -1, 1], [1, -2, 1]]",0
2.419.3t2.a,419,[419],[419],False,1,"[[[1], [-2], [1]], [[1], [0], [-1]], [[1], [1], [1]], [[1], [-1]]]","[[1, 0, -1], [1, 1, 1], [1, -2, 1], [1, 1, 1], [1, 0, -1], [1, 1, 1], [1, 0, -1], [1, 0, -1], [1, 1, 1], [1, 1, 1], [1, 0, -1], [1, 1, 1], [1, 1, 1], [1, -2, 1], [1, 1, 1], [1, 0, -1], [1, 1, 1], [1, 0, -1], [1, 0, -1], [1, 0, -1], [1, 1, 1], [1, 1, 1], [1, 0, -1], [1, 0, -1], [1, -2, 1], [1, 0, -1], [1, 0, -1], [1, -2, 1], [1, 0, -1], [1, 0, -1]]",0
2.424.3t2.a,424,"[2, 53]","[2, 53]",False,1,"[[[1], [-2], [1]], [[1], [0], [-1]], [[1], [1], [1]], [[1], [-1]]]","[[1, -1], [1, 0, -1], [1, 1, 1], [1, 0, -1], [1, 1, 1], [1, 0, -1], [1, 1, 1], [1, 0, -1], [1, 1, 1], [1, 0, -1], [1, 1, 1], [1, 0, -1], [1, 0, -1], [1, 1, 1], [1, 0, -1], [1, -1], [1, 1, 1], [1, -2, 1], [1, 0, -1], [1, -2, 1], [1, 0, -1], [1, 1, 1], [1, 0, -1], [1, 1, 1], [1, 1, 1], [1, 1, 1], [1, -2, 1], [1, -2, 1], [1, 1, 1], [1, 1, 1]]",0
2.424.6t3.a,424,"[2, 53]","[2, 3, 53]",False,1,"[[[1], [-2], [1]], [[1], [2], [1]], [[1], [0], [-1]], [[1], [0], [-1]], [[1], [1], [1]], [[1], [-1], [1]], [[1], [1]]]",null,0
2.424.6t3.b,424,"[2, 53]","[2, 53]",False,1,"[[[1], [-2], [1]], [[1], [2], [1]], [[1], [0], [-1]], [[1], [0], [-1]], [[1], [1], [1]], [[1], [-1], [1]], [[1], [1]]]","[[1, 1], [1, 0, -1], [1, -1, 1], [1, 0, -1], [1, 1, 1], [1, 0, -1], [1, 1, 1], [1, 0, -1], [1, -1, 1], [1, 0, -1], [1, -1, 1], [1, 0, -1], [1, 0, -1], [1, 1, 1], [1, 0, -1], [1, 1], [1, 1, 1], [1, 2, 1], [1, 0, -1], [1, 2, 1], [1, 0, -1], [1, -1, 1], [1, 0, -1], [1, 1, 1], [1, 1, 1], [1, -1, 1], [1, 2, 1], [1, -2, 1], [1, -1, 1], [1, 1, 1]]",0
2.431.3t2.a,431,[431],"[2, 431]",False,1,"[[[1], [-2], [1]], [[1], [0], [-1]], [[1], [1], [1]], [[1], [-1]]]","[[1, -2, 1], [1, 1, 1], [1, 1, 1], [1, 0, -1], [1, 1, 1], [1, 0, -1], [1, 0, -1], [1, 1, 1], [1, 1, 1], [1, 1, 1], [1, 0, -1], [1, 0, -1], [1, -2, 1], [1, 0, -1], [1, 0, -1], [1, 1, 1], [1, 1, 1], [1, -2, 1], [1, 0, -1], [1, 0, -1], [1, 0, -1], [1, 0, -1], [1, 0, -1], [1, 0, -1], [1, 1, 1], [1, 0, -1], [1, 0, -1], [1, 0, -1], [1, -2, 1], [1, 0, -1]]",0
2.432.6t3.a,432,"[2, 3]","[2, 3, 5]",False,1,"[[[1], [-2], [1]], [[1], [2], [1]], [[1], [0], [-1]], [[1], [0], [-1]], [[1], [1], [1]], [[1], [-1], [1]], [[1]]]",null,0
2.432.6t3.b,432,"[2, 3]","[2, 3]",False,1,"[[[1], [-2], [1]], [[1], [2], [1]], [[1], [0], [-1]], [[1], [0], [-1]], [[1], [1], [1]], [[1], [-1], [1]], [[1]]]","[[1], [1], [1, 0, -1], [1, -1, 1], [1, 0, -1], [1, 1, 1], [1, 0, -1], [1, -1, 1], [1, 0, -1], [1, 0, -1], [1, 2, 1], [1, 1, 1], [1, 0, -1], [1, 2, 1], [1, 0, -1], [1, 0, -1], [1, 0, -1], [1, 1, 1], [1, -1, 1], [1, 0, -1], [1, 1, 1], [1, -1, 1], [1, 0, -1], [1, 0, -1], [1, 1, 1], [1, 0, -1], [1, -1, 1], [1, 0, -1], [1, -2, 1], [1, 0, -1]]",0
2.436.3t2.a,436,"[2, 109]","[2, 109]",False,1,"[[[1], [-2], [1]], [[1], [0], [-1]], [[1], [1], [1]], [[1], [-1]]]","[[1, -1], [1, 0, -1], [1, 1, 1], [1, 0, -1], [1, 1, 1], [1, 0, -1], [1, 0, -1], [1, 1, 1], [1, 1, 1], [1, 1, 1], [1, 0, -1], [1, 0, -1], [1, 0, -1], [1, 0, -1], [1, 1, 1], [1, 0, -1], [1, -2, 1], [1, 1, 1], [1, -2, 1], [1, 0, -1], [1, 1, 1], [1, -2, 1], [1, 0, -1], [1, 1, 1], [1, 1, 1], [1, 0, -1], [1, 1, 1], [1, 1, 1], [1, -1], [1, -2, 1]]",0
2.436.6t3.a,436,"[2, 109]","[2, 7, 109]",False,1,"[[[1], [-2], [1]], [[1], [2], [1]], [[1], [0], [-1]], [[1], [0], [-1]], [[1], [1], [1]], [[1], [-1], [1]], [[1], [1]], [[1], [-1]]]",null,0
2.436.6t3.b,436,"[2, 109]","[2, 109]",False,1,"[[[1], [-2], [1]], [[1], [2], [1]], [[1], [0], [-1]], [[1], [0], [-1]], [[1], [1], [1]], [[1], [-1], [1]], [[1], [1]], [[1], [-1]]]","[[1, 1], [1, 0, -1], [1, 1, 1], [1, 0, -1], [1, -1, 1], [1, 0, -1], [1, 0, -1], [1, -1, 1], [1, -1, 1], [1, 1, 1], [1, 0, -1], [1, 0, -1], [1, 0, -1], [1, 0, -1], [1, -1, 1], [1, 0, -1], [1, 2, 1], [1, 1, 1], [1, 2, 1], [1, 0, -1], [1, 1, 1], [1, 2, 1], [1, 0, -1], [1, 1, 1], [1, 1, 1], [1, 0, -1], [1, -1, 1], [1, -1, 1], [1, -1], [1, -2, 1]]",0
2.439.3t2.a,439,[439],[439],False,1,"[[[1], [-2], [1]], [[1], [0], [-1]], [[1], [1], [1]], [[1], [-1]]]","[[1, 1, 1], [1, 0, -1], [1, -2, 1], [1, 1, 1], [1, 1, 1], [1, 1, 1], [1, 0, -1], [1, -2, 1], [1, 0, -1], [1, 1, 1], [1, 0, -1], [1, 0, -1], [1, 0, -1], [1, 0, -1], [1, 0, -1], [1, 1, 1], [1, 0, -1], [1, 1, 1], [1, 0, -1], [1, 1, 1], [1, 1, 1], [1, 0, -1], [1, 1, 1], [1, 0, -1], [1, 0, -1], [1, 0, -1], [1, 1, 1], [1, 0, -1], [1, 1, 1], [1, 1, 1]]",0
2.440.3t2.a,440,"[2, 5, 11]","[2, 5, 11]",False,1,"[[[1], [-2], [1]], [[1], [0], [-1]], [[1], [1], [1]], [[1], [-1]]]","[[1, -1], [1, 1, 1], [1, -1], [1, 1, 1], [1, -1], [1, 0, -1], [1, 1, 1], [1, 1, 1], [1, 0, -1], [1, 1, 1], [1, 1, 1], [1, 1, 1], [1, 0, -1], [1, 0, -1], [1, 0, -1], [1, 1, 1], [1, 0, -1], [1, 1, 1], [1, -2, 1], [1, 1, 1], [1, -2, 1], [1, 0, -1], [1, 0, -1], [1, 1, 1], [1, 0, -1], [1, -2, 1], [1, 0, -1], [1, 0, -1], [1, -2, 1], [1, 0, -1]]",0
2.440.6t3.a,440,"[2, 5, 11]","[2, 5, 11]",False,1,"[[[1], [-2], [1]], [[1], [2], [1]], [[1], [0], [-1]], [[1], [0], [-1]], [[1], [1], [1]], [[1], [-1], [1]], [[1], [-1]], [[1], [1]]]","[[1, -1], [1, -1, 1], [1, 1], [1, 1, 1], [1, 1], [1, 0, -1], [1, 1, 1], [1, -1, 1], [1, 0, -1], [1, -1, 1], [1, 1, 1], [1, -1, 1], [1, 0, -1], [1, 0, -1], [1, 0, -1], [1, -1, 1], [1, 0, -1], [1, -1, 1], [1, 2, 1], [1, 1, 1], [1, -2, 1], [1, 0, -1], [1, 0, -1], [1, 1, 1], [1, 0, -1], [1, 2, 1], [1, 0, -1], [1, 0, -1], [1, 2, 1], [1, 0, -1]]",0
2.440.6t3.b,440,"[2, 5, 11]","[2, 5, 11]",False,1,"[[[1], [-2], [1]], [[1], [2], [1]], [[1], [0], [-1]], [[1], [0], [-1]], [[1], [1], [1]], [[1], [-1], [1]], [[1], [-1]], [[1], [1]]]",null,0
2.440.6t3.c,440,"[2, 5, 11]","[2, 5, 11]",False,1,"[[[1], [-2], [1]], [[1], [2], [1]], [[1], [0], [-1]], [[1], [0], [-1]], [[1], [1], [1]], [[1], [-1], [1]], [[1], [1]], [[1], [-1]]]","[[1, 1], [1, 1, 1], [1, -1], [1, -1, 1], [1, 1], [1, 0, -1], [1, -1, 1], [1, -1, 1], [1, 0, -1], [1, -1, 1], [1, 1, 1], [1, 1, 1], [1, 0, -1], [1, 0, -1], [1, 0, -1], [1, 1, 1], [1, 0, -1], [1, -1, 1], [1, -2, 1], [1, 1, 1], [1, 2, 1], [1, 0, -1], [1, 0, -1], [1, 1, 1], [1, 0, -1], [1, 2, 1], [1, 0, -1], [1, 0, -1], [1, 2, 1], [1, 0, -1]]",0
2.440.6t3.d,440,"[2, 5, 11]","[2, 5, 11]",False,1,"[[[1], [-2], [1]], [[1], [2], [1]], [[1], [0], [-1]], [[1], [0], [-1]], [[1], [1], [1]], [[1], [-1], [1]], [[1], [1]], [[1], [-1]]]",null,0
2.440.6t3.e,440,"[2, 5, 11]","[2, 5, 11]",False,1,"[[[1], [-2], [1]], [[1], [2], [1]], [[1], [0], [-1]], [[1], [0], [-1]], [[1], [1], [1]], [[1], [-1], [1]], [[1], [1]], [[1], [-1]]]","[[1, 1], [1, -1, 1], [1, 1], [1, -1, 1], [1, -1], [1, 0, -1], [1, -1, 1], [1, 1, 1], [1, 0, -1], [1, 1, 1], [1, 1, 1], [1, -1, 1], [1, 0, -1], [1, 0, -1], [1, 0, -1], [1, -1, 1], [1, 0, -1], [1, 1, 1], [1, 2, 1], [1, 1, 1], [1, 2, 1], [1, 0, -1], [1, 0, -1], [1, 1, 1], [1, 0, -1], [1, -2, 1], [1, 0, -1], [1, 0, -1], [1, -2, 1], [1, 0, -1]]",0
2.440.6t3.f,440,"[2, 5, 11]","[2, 5, 11, 13]",False,1,"[[[1], [-2], [1]], [[1], [2], [1]], [[1], [0], [-1]], [[1], [0], [-1]], [[1], [1], [1]], [[1], [-1], [1]], [[1], [1]], [[1], [-1]]]",null,0
2.445.4t3.a,445,"[5, 89]","[2, 5, 89]",True,1,"[[[1], [-2], [1]], [[1], [2], [1]], [[1], [0], [-1]], [[1], [0], [-1]], [[1], [0], [1]], [[1], [1]]]",null,0
2.445.4t3.b,445,"[5, 89]","[2, 5, 7, 89]",True,1,"[[[1], [-2], [1]], [[1], [2], [1]], [[1], [0], [-1]], [[1], [0], [-1]], [[1], [0], [1]], [[1], [1]]]",null,0
2.445.4t3.c,445,"[5, 89]","[5, 89]",True,1,"[[[1], [-2], [1]], [[1], [2], [1]], [[1], [0], [-1]], [[1], [0], [-1]], [[1], [0], [1]], [[1], [1]]]",null,0
2.451.3t2.a,451,"[11, 41]","[11, 41]",False,1,"[[[1], [-2], [1]], [[1], [0], [-1]], [[1], [1], [1]], [[1], [-1]]]","[[1, 0, -1], [1, 0, -1], [1, 1, 1], [1, 1, 1], [1, -1], [1, -2, 1], [1, 1, 1], [1, 1, 1], [1, 1, 1], [1, 1, 1], [1, 1, 1], [1, 1, 1], [1, -1], [1, 0, -1], [1, 0, -1], [1, 0, -1], [1, 1, 1], [1, 0, -1], [1, 0, -1], [1, 0, -1], [1, 0, -1], [1, -2, 1], [1, 0, -1], [1, 0, -1], [1, 0, -1], [1, 1, 1], [1, 1, 1], [1, 0, -1], [1, 1, 1], [1, -2, 1]]",0
2.451.6t3.a,451,"[11, 41]","[2, 3, 11, 41]",False,1,"[[[1], [-2], [1]], [[1], [2], [1]], [[1], [0], [-1]], [[1], [0], [-1]], [[1], [1], [1]], [[1], [-1], [1]], [[1], [1]]]",null,0
2.451.6t3.b,451,"[11, 41]","[2, 11, 41]",False,1,"[[[1], [-2], [1]], [[1], [2], [1]], [[1], [0], [-1]], [[1], [0], [-1]], [[1], [1], [1]], [[1], [-1], [1]], [[1], [1]]]","[[1, 0, -1], [1, 0, -1], [1, 1, 1], [1, -1, 1], [1, 1], [1, 2, 1], [1, -1, 1], [1, -1, 1], [1, 1, 1], [1, -1, 1], [1, 1, 1], [1, 1, 1], [1, 1], [1, 0, -1], [1, 0, -1], [1, 0, -1], [1, 1, 1], [1, 0, -1], [1, 0, -1], [1, 0, -1], [1, 0, -1], [1, 2, 1], [1, 0, -1], [1, 0, -1], [1, 0, -1], [1, -1, 1], [1, 1, 1], [1, 0, -1], [1, -1, 1], [1, -2, 1]]",0
2.452.4t3.a,452,"[2, 113]","[2, 113]",False,1,"[[[1], [-2], [1]], [[1], [2], [1]], [[1], [0], [-1]], [[1], [0], [-1]], [[1], [0], [1]], [[1], [-1]]]","[[1, -1], [1, 0, 1], [1, 0, -1], [1, 0, -1], [1, 0, -1], [1, 2, 1], [1, 0, -1], [1, 0, 1], [1, 0, 1], [1, 0, -1], [1, 0, -1], [1, 0, -1], [1, 2, 1], [1, 0, 1], [1, 0, 1], [1, 2, 1], [1, 0, 1], [1, -2, 1], [1, 0, 1], [1, 0, 1], [1, 0, -1], [1, 0, 1], [1, 0, -1], [1, 0, -1], [1, -2, 1], [1, 0, -1], [1, 0, 1], [1, 0, 1], [1, 2, 1], [1, -1]]",0
2.452.4t3.b,452,"[2, 113]","[2, 7, 113, 4421]",False,1,"[[[1], [-2], [1]], [[1], [2], [1]], [[1], [0], [-1]], [[1], [0], [-1]], [[1], [0], [1]], [[1], [-1]]]",null,0
2.452.4t3.c,452,"[2, 113]","[2, 113]",False,1,"[[[1], [-2], [1]], [[1], [2], [1]], [[1], [0], [-1]], [[1], [0], [-1]], [[1], [0], [1]], [[1], [-1]]]",null,0
2.456.4t3.a,456,"[2, 3, 19]","[2, 3, 19]",False,1,"[[[1], [-2], [1]], [[1], [2], [1]], [[1], [0], [-1]], [[1], [0], [-1]], [[1], [0], [1]], [[1], [1]], [[1], [-1]]]","[[1, 1], [1, -1], [1, 0, 1], [1, 0, -1], [1, 0, -1], [1, 0, 1], [1, 0, -1], [1, 1], [1, 0, 1], [1, 0, -1], [1, 0, 1], [1, 0, 1], [1, -2, 1], [1, 2, 1], [1, 0, 1], [1, 0, -1], [1, 2, 1], [1, 0, -1], [1, 0, -1], [1, 0, -1], [1, 2, 1], [1, 0, 1], [1, 0, -1], [1, 2, 1], [1, 0, -1], [1, 0, 1], [1, 0, 1], [1, 2, 1], [1, 0, 1], [1, -2, 1]]",0
2.456.4t3.b,456,"[2, 3, 19]","[2, 3, 19]",False,1,"[[[1], [-2], [1]], [[1], [2], [1]], [[1], [0], [-1]], [[1], [0], [-1]], [[1], [0], [1]], [[1], [-1]], [[1], [1]]]","[[1, -1], [1, 1], [1, 0, 1], [1, 0, -1], [1, 0, -1], [1, 0, 1], [1, 0, -1], [1, 1], [1, 0, 1], [1, 0, -1], [1, 0, 1], [1, 0, 1], [1, 2, 1], [1, 2, 1], [1, 0, 1], [1, 0, -1], [1, -2, 1], [1, 0, -1], [1, 0, -1], [1, 0, -1], [1, 2, 1], [1, 0, 1], [1, 0, -1], [1, -2, 1], [1, 0, -1], [1, 0, 1], [1, 0, 1], [1, -2, 1], [1, 0, 1], [1, 2, 1]]",0
2.456.4t3.c,456,"[2, 3, 19]","[2, 3, 19]",False,1,"[[[1], [-2], [1]], [[1], [2], [1]], [[1], [0], [-1]], [[1], [0], [-1]], [[1], [0], [1]], [[1], [1]], [[1], [-1]]]",null,0
2.456.4t3.d,456,"[2, 3, 19]","[2, 3, 19]",False,1,"[[[1], [-2], [1]], [[1], [2], [1]], [[1], [0], [-1]], [[1], [0], [-1]], [[1], [0], [1]], [[1], [-1]], [[1], [1]]]",null,0
2.456.4t3.e,456,"[2, 3, 19]","[2, 3, 19, 67]",False,1,"[[[1], [-2], [1]], [[1], [2], [1]], [[1], [0], [-1]], [[1], [0], [-1]], [[1], [0], [1]], [[1], [1]], [[1], [-1]]]",null,0
2.456.4t3.f,456,"[2, 3, 19]","[2, 3, 19, 233]",False,1,"[[[1], [-2], [1]], [[1], [2], [1]], [[1], [0], [-1]], [[1], [0], [-1]], [[1], [0], [1]], [[1], [-1]], [[1], [1]]]",null,0
2.459.3t2.a,459,"[3, 17]","[2, 3, 17]",False,1,"[[[1], [-2], [1]], [[1], [0], [-1]], [[1], [1], [1]], [[1]], [[1], [-1]]]",null,0
2.459.3t2.b,459,"[3, 17]","[2, 3, 17]",False,1,"[[[1], [-2], [1]], [[1], [0], [-1]], [[1], [1], [1]], [[1]], [[1], [-1]]]","[[1, 0, -1], [1], [1, 1, 1], [1, 0, -1], [1, -2, 1], [1, 1, 1], [1, -1], [1, 1, 1], [1, 1, 1], [1, 1, 1], [1, 0, -1], [1, 0, -1], [1, 1, 1], [1, 1, 1], [1, 0, -1], [1, 0, -1], [1, 0, -1], [1, 0, -1], [1, 1, 1], [1, 1, 1], [1, 0, -1], [1, 0, -1], [1, 0, -1], [1, 0, -1], [1, 0, -1], [1, 0, -1], [1, 1, 1], [1, 1, 1], [1, 0, -1], [1, -2, 1]]",0
2.459.6t3.a,459,"[3, 17]","[2, 3, 17]",False,1,"[[[1], [-2], [1]], [[1], [2], [1]], [[1], [0], [-1]], [[1], [0], [-1]], [[1], [1], [1]], [[1], [-1], [1]], [[1]], [[1], [1]]]",null,0
2.459.6t3.b,459,"[3, 17]","[2, 3, 17]",False,1,"[[[1], [-2], [1]], [[1], [2], [1]], [[1], [0], [-1]], [[1], [0], [-1]], [[1], [1], [1]], [[1], [-1], [1]], [[1]], [[1], [1]]]","[[1, 0, -1], [1], [1, -1, 1], [1, 0, -1], [1, 2, 1], [1, 1, 1], [1, 1], [1, 1, 1], [1, -1, 1], [1, -1, 1], [1, 0, -1], [1, 0, -1], [1, -1, 1], [1, 1, 1], [1, 0, -1], [1, 0, -1], [1, 0, -1], [1, 0, -1], [1, 1, 1], [1, -1, 1], [1, 0, -1], [1, 0, -1], [1, 0, -1], [1, 0, -1], [1, 0, -1], [1, 0, -1], [1, 1, 1], [1, -1, 1], [1, 0, -1], [1, 2, 1]]",0
2.460.3t2.a,460,"[2, 5, 23]","[2, 5, 23]",False,1,"[[[1], [-2], [1]], [[1], [0], [-1]], [[1], [1], [1]], [[1]], [[1], [-1]]]","[[1], [1, 0, -1], [1, -1], [1, 1, 1], [1, 0, -1], [1, 0, -1], [1, 1, 1], [1, 0, -1], [1, -1], [1, 1, 1], [1, 1, 1], [1, 1, 1], [1, 1, 1], [1, -2, 1], [1, 0, -1], [1, 1, 1], [1, 1, 1], [1, 0, -1], [1, 1, 1], [1, 1, 1], [1, 0, -1], [1, 0, -1], [1, 1, 1], [1, 0, -1], [1, -2, 1], [1, 1, 1], [1, -2, 1], [1, 1, 1], [1, 0, -1], [1, 1, 1]]",0
2.460.6t3.a,460,"[2, 5, 23]","[2, 3, 5, 23]",False,1,"[[[1], [-2], [1]], [[1], [2], [1]], [[1], [0], [-1]], [[1], [0], [-1]], [[1], [1], [1]], [[1], [-1], [1]], [[1]], [[1], [1]]]",null,0
2.460.6t3.b,460,"[2, 5, 23]","[2, 3, 5, 23]",False,1,"[[[1], [-2], [1]], [[1], [2], [1]], [[1], [0], [-1]], [[1], [0], [-1]], [[1], [1], [1]], [[1], [-1], [1]], [[1]], [[1], [1]]]","[[1], [1, 0, -1], [1, 1], [1, -1, 1], [1, 0, -1], [1, 0, -1], [1, -1, 1], [1, 0, -1], [1, 1], [1, 1, 1], [1, 1, 1], [1, -1, 1], [1, 1, 1], [1, 2, 1], [1, 0, -1], [1, -1, 1], [1, 1, 1], [1, 0, -1], [1, -1, 1], [1, 1, 1], [1, 0, -1], [1, 0, -1], [1, -1, 1], [1, 0, -1], [1, 2, 1], [1, 1, 1], [1, 2, 1], [1, -1, 1], [1, 0, -1], [1, -1, 1]]",0
2.464.4t3.a,464,"[2, 29]","[2, 5, 29]",False,1,"[[[1], [-2], [1]], [[1], [2], [1]], [[1], [0], [-1]], [[1], [0], [-1]], [[1], [0], [1]], [[1]], [[1], [1]]]","[[1], [1, 0, 1], [1, -2, 1], [1, 0, -1], [1, 0, 1], [1, 2, 1], [1, 0, -1], [1, 0, 1], [1, 0, -1], [1, 1], [1, 0, 1], [1, 0, -1], [1, 0, -1], [1, 0, 1], [1, 0, 1], [1, 2, 1], [1, 0, -1], [1, 0, -1], [1, 0, -1], [1, 0, -1], [1, 0, -1], [1, 0, 1], [1, 0, -1], [1, 0, -1], [1, 0, -1], [1, 0, -1], [1, 0, -1], [1, 0, -1], [1, -2, 1], [1, 0, -1]]",0
2.464.4t3.b,464,"[2, 29]","[2, 5, 7, 29]",False,1,"[[[1], [-2], [1]], [[1], [2], [1]], [[1], [0], [-1]], [[1], [0], [-1]], [[1], [0], [1]], [[1]], [[1], [1]]]",null,0
2.464.4t3.c,464,"[2, 29]","[2, 29]",False,1,"[[[1], [-2], [1]], [[1], [2], [1]], [[1], [0], [-1]], [[1], [0], [-1]], [[1], [0], [1]], [[1]], [[1], [1]]]",null,0
2.468.4t3.a,468,"[2, 3, 13]","[2, 3, 13]",False,1,"[[[1], [-2], [1]], [[1], [2], [1]], [[1], [0], [-1]], [[1], [0], [-1]], [[1], [0], [1]], [[1], [1]], [[1]]]","[[1, 1], [1], [1, 0, -1], [1, 0, 1], [1, -2, 1], [1, 1], [1, 0, 1], [1, 0, 1], [1, 0, -1], [1, 0, 1], [1, 0, 1], [1, 0, -1], [1, 0, -1], [1, 0, -1], [1, -2, 1], [1, 0, 1], [1, 2, 1], [1, 2, 1], [1, 0, 1], [1, 2, 1], [1, 0, -1], [1, 0, -1], [1, 2, 1], [1, 0, -1], [1, 0, -1], [1, 0, 1], [1, 0, -1], [1, 0, -1], [1, 0, -1], [1, 0, 1]]",0
2.468.4t3.b,468,"[2, 3, 13]","[2, 3, 13]",False,1,"[[[1], [-2], [1]], [[1], [2], [1]], [[1], [0], [-1]], [[1], [0], [-1]], [[1], [0], [1]], [[1], [-1]], [[1]], [[1], [1]]]","[[1, -1], [1], [1, 0, -1], [1, 0, 1], [1, 2, 1], [1, 1], [1, 0, 1], [1, 0, 1], [1, 0, -1], [1, 0, 1], [1, 0, 1], [1, 0, -1], [1, 0, -1], [1, 0, -1], [1, 2, 1], [1, 0, 1], [1, -2, 1], [1, 2, 1], [1, 0, 1], [1, -2, 1], [1, 0, -1], [1, 0, -1], [1, -2, 1], [1, 0, -1], [1, 0, -1], [1, 0, 1], [1, 0, -1], [1, 0, -1], [1, 0, -1], [1, 0, 1]]",0
2.468.4t3.c,468,"[2, 3, 13]","[2, 3, 13]",False,1,"[[[1], [-2], [1]], [[1], [2], [1]], [[1], [0], [-1]], [[1], [0], [-1]], [[1], [0], [1]], [[1], [-1]], [[1]], [[1], [1]]]",null,0
2.468.4t3.d,468,"[2, 3, 13]","[2, 3, 13]",False,1,"[[[1], [-2], [1]], [[1], [2], [1]], [[1], [0], [-1]], [[1], [0], [-1]], [[1], [0], [1]], [[1], [1]], [[1]]]",null,0
2.468.4t3.e,468,"[2, 3, 13]","[2, 3, 13]",False,1,"[[[1], [-2], [1]], [[1], [2], [1]], [[1], [0], [-1]], [[1], [0], [-1]], [[1], [0], [1]], [[1], [1]], [[1]]]",null,0
2.468.4t3.f,468,"[2, 3, 13]","[2, 3, 5, 11, 13]",False,1,"[[[1], [-2], [1]], [[1], [2], [1]], [[1], [0], [-1]], [[1], [0], [-1]], [[1], [0], [1]], [[1], [-1]], [[1]], [[1], [1]]]",null,0
2.469.3t2.a,469,"[7, 67]","[7, 67]",True,1,"[[[1], [-2], [1]], [[1], [0], [-1]], [[1], [1], [1]], [[1], [-1]]]",null,0
2.469.6t3.a,469,"[7, 67]","[2, 7, 67]",True,1,"[[[1], [-2], [1]], [[1], [2], [1]], [[1], [0], [-1]], [[1], [0], [-1]], [[1], [1], [1]], [[1], [-1], [1]], [[1], [1]], [[1], [-1]]]",null,0
2.469.6t3.b,469,"[7, 67]","[2, 7, 67]",True,1,"[[[1], [-2], [1]], [[1], [2], [1]], [[1], [0], [-1]], [[1], [0], [-1]], [[1], [1], [1]], [[1], [-1], [1]], [[1], [1]], [[1], [-1]]]",null,0
2.471.4t3.a,471,"[3, 157]","[3, 157]",False,1,"[[[1], [-2], [1]], [[1], [2], [1]], [[1], [0], [-1]], [[1], [0], [-1]], [[1], [0], [1]], [[1], [-1]]]","[[1, 0, 1], [1, -1], [1, 0, 1], [1, 0, -1], [1, 0, -1], [1, -2, 1], [1, 0, -1], [1, 2, 1], [1, 0, 1], [1, 0, 1], [1, 2, 1], [1, 2, 1], [1, 0, 1], [1, 0, -1], [1, 0, -1], [1, 0, 1], [1, 0, 1], [1, 0, -1], [1, -2, 1], [1, 0, -1], [1, 0, -1], [1, 0, -1], [1, 0, 1], [1, 0, -1], [1, 0, -1], [1, 0, -1], [1, 0, -1], [1, 0, 1], [1, 2, 1], [1, 0, -1]]",0
2.471.4t3.b,471,"[3, 157]","[2, 3, 19, 157]",False,1,"[[[1], [-2], [1]], [[1], [2], [1]], [[1], [0], [-1]], [[1], [0], [-1]], [[1], [0], [1]], [[1], [-1]]]",null,0
2.471.4t3.c,471,"[3, 157]","[2, 3, 157]",False,1,"[[[1], [-2], [1]], [[1], [2], [1]], [[1], [0], [-1]], [[1], [0], [-1]], [[1], [0], [1]], [[1], [-1]]]",null,0
2.472.3t2.a,472,"[2, 59]","[2, 59]",False,1,"[[[1], [-2], [1]], [[1], [0], [-1]], [[1], [1], [1]], [[1], [-1]]]","[[1, -1], [1, 0, -1], [1, 0, -1], [1, 1, 1], [1, 1, 1], [1, 1, 1], [1, 1, 1], [1, 0, -1], [1, 0, -1], [1, 0, -1], [1, 0, -1], [1, 1, 1], [1, 1, 1], [1, 1, 1], [1, 0, -1], [1, 0, -1], [1, -1], [1, -2, 1], [1, -2, 1], [1, 1, 1], [1, 0, -1], [1, 1, 1], [1, 1, 1], [1, 0, -1], [1, 0, -1], [1, 1, 1], [1, 0, -1], [1, 0, -1], [1, -2, 1], [1, 0, -1]]",0
2.472.6t3.a,472,"[2, 59]","[2, 3, 59]",False,1,"[[[1], [-2], [1]], [[1], [2], [1]], [[1], [0], [-1]], [[1], [0], [-1]], [[1], [1], [1]], [[1], [-1], [1]], [[1], [1]]]",null,0
2.472.6t3.b,472,"[2, 59]","[2, 3, 59]",False,1,"[[[1], [-2], [1]], [[1], [2], [1]], [[1], [0], [-1]], [[1], [0], [-1]], [[1], [1], [1]], [[1], [-1], [1]], [[1], [1]]]","[[1, 1], [1, 0, -1], [1, 0, -1], [1, 1, 1], [1, -1, 1], [1, -1, 1], [1, 1, 1], [1, 0, -1], [1, 0, -1], [1, 0, -1], [1, 0, -1], [1, -1, 1], [1, 1, 1], [1, -1, 1], [1, 0, -1], [1, 0, -1], [1, 1], [1, 2, 1], [1, 2, 1], [1, 1, 1], [1, 0, -1], [1, 1, 1], [1, -1, 1], [1, 0, -1], [1, 0, -1], [1, -1, 1], [1, 0, -1], [1, 0, -1], [1, 2, 1], [1, 0, -1]]",0
2.473.3t2.a,473,"[11, 43]","[11, 43]",True,1,"[[[1], [-2], [1]], [[1], [0], [-1]], [[1], [1], [1]], [[1], [-1]]]",null,0
2.473.6t3.a,473,"[11, 43]","[3, 11, 17, 43]",True,1,"[[[1], [-2], [1]], [[1], [2], [1]], [[1], [0], [-1]], [[1], [0], [-1]], [[1], [1], [1]], [[1], [-1], [1]], [[1], [-1]], [[1], [1]]]",null,0
2.473.6t3.b,473,"[11, 43]","[3, 11, 43]",True,1,"[[[1], [-2], [1]], [[1], [2], [1]], [[1], [0], [-1]], [[1], [0], [-1]], [[1], [1], [1]], [[1], [-1], [1]], [[1], [-1]], [[1], [1]]]",null,0
2.475.4t3.a,475,"[5, 19]","[3, 5, 19]",False,1,"[[[1], [-2], [1]], [[1], [2], [1]], [[1], [0], [-1]], [[1], [0], [-1]], [[1], [0], [1]], [[1]], [[1], [1]]]",null,0
2.475.4t3.b,475,"[5, 19]","[2, 3, 5, 19]",False,1,"[[[1], [-2], [1]], [[1], [2], [1]], [[1], [0], [-1]], [[1], [0], [-1]], [[1], [0], [1]], [[1]], [[1], [1]]]","[[1, 0, -1], [1, 0, -1], [1], [1, 0, 1], [1, 2, 1], [1, 0, -1], [1, 0, 1], [1, 1], [1, 0, 1], [1, 0, -1], [1, 0, -1], [1, 0, -1], [1, 0, -1], [1, 0, 1], [1, 0, 1], [1, 0, -1], [1, 0, -1], [1, 2, 1], [1, 0, -1], [1, 0, -1], [1, 0, 1], [1, 0, -1], [1, 0, 1], [1, 0, -1], [1, 0, -1], [1, 2, 1], [1, 0, -1], [1, 0, -1], [1, 0, -1], [1, 0, -1]]",0
2.475.4t3.c,475,"[5, 19]","[2, 3, 5, 19]",False,1,"[[[1], [-2], [1]], [[1], [2], [1]], [[1], [0], [-1]], [[1], [0], [-1]], [[1], [0], [1]], [[1]], [[1], [1]]]",null,0
2.484.3t2.a,484,"[2, 11]","[2, 3, 11]",False,1,"[[[1], [-2], [1]], [[1], [0], [-1]], [[1], [1], [1]], [[1], [-1]], [[1]]]",null,0
2.484.3t2.b,484,"[2, 11]","[2, 11]",False,1,"[[[1], [-2], [1]], [[1], [0], [-1]], [[1], [1], [1]], [[1], [-1]], [[1]]]","[[1, -1], [1, 0, -1], [1, 1, 1], [1, 0, -1], [1], [1, 1, 1], [1, 1, 1], [1, 0, -1], [1, 0, -1], [1, 1, 1], [1, 0, -1], [1, 1, 1], [1, 1, 1], [1, 0, -1], [1, 0, -1], [1, 1, 1], [1, 0, -1], [1, -2, 1], [1, 0, -1], [1, 0, -1], [1, -2, 1], [1, 0, -1], [1, 0, -1], [1, 1, 1], [1, 1, 1], [1, -2, 1], [1, 0, -1], [1, 0, -1], [1, 1, 1], [1, 1, 1]]",0
2.484.6t3.a,484,"[2, 11]","[2, 3, 7, 11]",False,1,"[[[1], [-2], [1]], [[1], [2], [1]], [[1], [0], [-1]], [[1], [0], [-1]], [[1], [1], [1]], [[1], [-1], [1]], [[1], [1]], [[1]]]",null,0
2.484.6t3.b,484,"[2, 11]","[2, 3, 11]",False,1,"[[[1], [-2], [1]], [[1], [2], [1]], [[1], [0], [-1]], [[1], [0], [-1]], [[1], [1], [1]], [[1], [-1], [1]], [[1], [1]], [[1]]]","[[1, 1], [1, 0, -1], [1, 1, 1], [1, 0, -1], [1], [1, -1, 1], [1, -1, 1], [1, 0, -1], [1, 0, -1], [1, -1, 1], [1, 0, -1], [1, 1, 1], [1, -1, 1], [1, 0, -1], [1, 0, -1], [1, 1, 1], [1, 0, -1], [1, 2, 1], [1, 0, -1], [1, 0, -1], [1, 2, 1], [1, 0, -1], [1, 0, -1], [1, 1, 1], [1, 1, 1], [1, 2, 1], [1, 0, -1], [1, 0, -1], [1, -1, 1], [1, 1, 1]]",0
2.491.3t2.a,491,[491],[491],False,1,"[[[1], [-2], [1]], [[1], [0], [-1]], [[1], [1], [1]], [[1], [-1]]]","[[1, 0, -1], [1, 1, 1], [1, -2, 1], [1, 0, -1], [1, 1, 1], [1, 1, 1], [1, 1, 1], [1, 0, -1], [1, 0, -1], [1, 0, -1], [1, 1, 1], [1, 1, 1], [1, 1, 1], [1, 1, 1], [1, 0, -1], [1, 0, -1], [1, 0, -1], [1, -2, 1], [1, 0, -1], [1, 1, 1], [1, 0, -1], [1, -2, 1], [1, 1, 1], [1, 0, -1], [1, 1, 1], [1, 1, 1], [1, 0, -1], [1, 1, 1], [1, 0, -1], [1, 0, -1]]",0
2.492.3t2.a,492,"[2, 3, 41]","[2, 3, 41]",False,1,"[[[1], [-2], [1]], [[1], [0], [-1]], [[1], [1], [1]], [[1]], [[1], [-1]]]","[[1], [1, -1], [1, 0, -1], [1, 0, -1], [1, 1, 1], [1, 0, -1], [1, 1, 1], [1, 0, -1], [1, 0, -1], [1, 1, 1], [1, 1, 1], [1, 1, 1], [1, -1], [1, 1, 1], [1, 1, 1], [1, -2, 1], [1, 0, -1], [1, 1, 1], [1, 0, -1], [1, 1, 1], [1, 1, 1], [1, 0, -1], [1, 0, -1], [1, -2, 1], [1, 0, -1], [1, 1, 1], [1, 1, 1], [1, 0, -1], [1, 0, -1], [1, 0, -1]]",0
2.492.6t3.a,492,"[2, 3, 41]","[2, 3, 7, 41]",False,1,"[[[1], [-2], [1]], [[1], [2], [1]], [[1], [0], [-1]], [[1], [0], [-1]], [[1], [1], [1]], [[1], [-1], [1]], [[1]], [[1], [1]]]",null,0
2.492.6t3.b,492,"[2, 3, 41]","[2, 3, 5, 41]",False,1,"[[[1], [-2], [1]], [[1], [2], [1]], [[1], [0], [-1]], [[1], [0], [-1]], [[1], [1], [1]], [[1], [-1], [1]], [[1]], [[1], [1]]]","[[1], [1, 1], [1, 0, -1], [1, 0, -1], [1, -1, 1], [1, 0, -1], [1, -1, 1], [1, 0, -1], [1, 0, -1], [1, -1, 1], [1, 1, 1], [1, 1, 1], [1, 1], [1, 1, 1], [1, -1, 1], [1, 2, 1], [1, 0, -1], [1, 1, 1], [1, 0, -1], [1, -1, 1], [1, 1, 1], [1, 0, -1], [1, 0, -1], [1, 2, 1], [1, 0, -1], [1, -1, 1], [1, 1, 1], [1, 0, -1], [1, 0, -1], [1, 0, -1]]",0
2.495.4t3.a,495,"[3, 5, 11]","[3, 5, 11]",False,1,"[[[1], [-2], [1]], [[1], [2], [1]], [[1], [0], [-1]], [[1], [0], [-1]], [[1], [0], [1]], [[1]], [[1], [-1]]]",null,0
2.495.4t3.b,495,"[3, 5, 11]","[2, 3, 5, 11, 23]",False,1,"[[[1], [-2], [1]], [[1], [2], [1]], [[1], [0], [-1]], [[1], [0], [-1]], [[1], [0], [1]], [[1]], [[1], [-1]]]",null,0
2.495.4t3.c,495,"[3, 5, 11]","[3, 5, 11]",False,1,"[[[1], [-2], [1]], [[1], [2], [1]], [[1], [0], [-1]], [[1], [0], [-1]], [[1], [0], [1]], [[1]], [[1], [-1]]]","[[1, 0, 1], [1], [1, -1], [1, 0, 1], [1, -1], [1, 0, 1], [1, 0, 1], [1, 0, -1], [1, 0, -1], [1, 0, -1], [1, 2, 1], [1, 0, -1], [1, 0, -1], [1, 0, 1], [1, 0, -1], [1, 0, -1], [1, 2, 1], [1, 0, -1], [1, 0, -1], [1, 2, 1], [1, 0, 1], [1, 0, -1], [1, 0, 1], [1, -2, 1], [1, 0, -1], [1, 0, -1], [1, 0, -1], [1, 0, 1], [1, 0, -1], [1, 0, -1]]",0
2.496.6t3.a,496,"[2, 31]","[2, 29, 31]",False,1,"[[[1], [-2], [1]], [[1], [2], [1]], [[1], [0], [-1]], [[1], [0], [-1]], [[1], [1], [1]], [[1], [-1], [1]], [[1]], [[1], [1]]]",null,0
2.496.6t3.b,496,"[2, 31]","[2, 3, 31]",False,1,"[[[1], [-2], [1]], [[1], [2], [1]], [[1], [0], [-1]], [[1], [0], [-1]], [[1], [1], [1]], [[1], [-1], [1]], [[1]], [[1], [1]]]","[[1], [1, 0, -1], [1, 1, 1], [1, -1, 1], [1, 0, -1], [1, 0, -1], [1, 0, -1], [1, -1, 1], [1, 0, -1], [1, 0, -1], [1, 1], [1, 0, -1], [1, 1, 1], [1, 0, -1], [1, 2, 1], [1, 0, -1], [1, -1, 1], [1, 0, -1], [1, 2, 1], [1, -1, 1], [1, 0, -1], [1, 0, -1], [1, 0, -1], [1, 0, -1], [1, 1, 1], [1, 1, 1], [1, -1, 1], [1, -1, 1], [1, 1, 1], [1, 1, 1]]",0
2.499.3t2.a,499,[499],[499],False,1,"[[[1], [-2], [1]], [[1], [0], [-1]], [[1], [1], [1]], [[1], [-1]]]","[[1, 0, -1], [1, 0, -1], [1, 1, 1], [1, 0, -1], [1, 0, -1], [1, 0, -1], [1, 0, -1], [1, 0, -1], [1, 0, -1], [1, 1, 1], [1, 1, 1], [1, 0, -1], [1, 0, -1], [1, 1, 1], [1, 1, 1], [1, 0, -1], [1, 0, -1], [1, 0, -1], [1, 1, 1], [1, 0, -1], [1, 1, 1], [1, 0, -1], [1, 0, -1], [1, 0, -1], [1, 0, -1], [1, 1, 1], [1, 1, 1], [1, 1, 1], [1, 1, 1], [1, 0, -1]]",0
2.503.3t2.a,503,[503],"[2, 503]",False,1,"[[[1], [-2], [1]], [[1], [0], [-1]], [[1], [1], [1]], [[1], [-1]]]","[[1, -2, 1], [1, 1, 1], [1, 0, -1], [1, 1, 1], [1, 1, 1], [1, 1, 1], [1, 0, -1], [1, 0, -1], [1, 1, 1], [1, 0, -1], [1, 0, -1], [1, 0, -1], [1, 0, -1], [1, 1, 1], [1, 1, 1], [1, 0, -1], [1, -2, 1], [1, 1, 1], [1, 1, 1], [1, 0, -1], [1, -2, 1], [1, -2, 1], [1, 1, 1], [1, 0, -1], [1, -2, 1], [1, 0, -1], [1, 0, -1], [1, 0, -1], [1, 0, -1], [1, 1, 1]]",0
2.504.4t3.a,504,"[2, 3, 7]","[2, 3, 7]",False,1,"[[[1], [-2], [1]], [[1], [2], [1]], [[1], [0], [-1]], [[1], [0], [-1]], [[1], [0], [1]], [[1], [-1]], [[1]], [[1], [1]]]","[[1, -1], [1], [1, 0, 1], [1, 1], [1, 0, -1], [1, 0, 1], [1, 0, -1], [1, 0, 1], [1, 2, 1], [1, 0, -1], [1, 0, -1], [1, 0, -1], [1, 0, -1], [1, 0, -1], [1, 0, -1], [1, 0, -1], [1, 0, 1], [1, 0, 1], [1, 0, -1], [1, -2, 1], [1, 0, -1], [1, 2, 1], [1, 0, 1], [1, 0, -1], [1, 0, -1], [1, 0, 1], [1, 0, -1], [1, 0, -1], [1, 0, -1], [1, -2, 1]]",0
2.504.4t3.b,504,"[2, 3, 7]","[2, 3, 7]",False,1,"[[[1], [-2], [1]], [[1], [2], [1]], [[1], [0], [-1]], [[1], [0], [-1]], [[1], [0], [1]], [[1], [-1]], [[1]], [[1], [1]]]",null,0
2.504.4t3.c,504,"[2, 3, 7]","[2, 3, 7]",False,1,"[[[1], [-2], [1]], [[1], [2], [1]], [[1], [0], [-1]], [[1], [0], [-1]], [[1], [0], [1]], [[1], [-1]], [[1]], [[1], [1]]]",null,0
2.505.4t3.a,505,"[5, 101]","[2, 5, 101]",True,1,"[[[1], [-2], [1]], [[1], [2], [1]], [[1], [0], [-1]], [[1], [0], [-1]], [[1], [0], [1]], [[1], [-1]]]",null,0
2.505.4t3.b,505,"[5, 101]","[5, 101]",True,1,"[[[1], [-2], [1]], [[1], [2], [1]], [[1], [0], [-1]], [[1], [0], [-1]], [[1], [0], [1]], [[1], [-1]]]",null,0
2.505.4t3.c,505,"[5, 101]","[5, 13, 17, 71, 101]",True,1,"[[[1], [-2], [1]], [[1], [2], [1]], [[1], [0], [-1]], [[1], [0], [-1]], [[1], [0], [1]], [[1], [-1]]]",null,0
2.507.4t3.a,507,"[3, 13]","[2, 3, 13]",False,1,"[[[1], [-2], [1]], [[1], [2], [1]], [[1], [0], [-1]], [[1], [0], [-1]], [[1], [0], [1]], [[1], [1]], [[1]]]",null,0
2.507.4t3.b,507,"[3, 13]","[2, 3, 13]",False,1,"[[[1], [-2], [1]], [[1], [2], [1]], [[1], [0], [-1]], [[1], [0], [-1]], [[1], [0], [1]], [[1], [1]], [[1]]]","[[1, 0, -1], [1, 1], [1, 0, -1], [1, 0, 1], [1, 0, -1], [1], [1, 0, -1], [1, 0, 1], [1, 0, -1], [1, 0, -1], [1, 0, 1], [1, 0, 1], [1, 0, -1], [1, 2, 1], [1, 0, -1], [1, 0, -1], [1, 0, -1], [1, 2, 1], [1, 0, 1], [1, 0, -1], [1, 0, 1], [1, 2, 1], [1, 0, -1], [1, 0, -1], [1, 0, 1], [1, 0, -1], [1, 2, 1], [1, 0, -1], [1, 0, 1], [1, 0, -1]]",0
2.507.4t3.c,507,"[3, 13]","[2, 3, 13]",False,1,"[[[1], [-2], [1]], [[1], [2], [1]], [[1], [0], [-1]], [[1], [0], [-1]], [[1], [0], [1]], [[1], [1]], [[1]]]",null,0
2.515.3t2.a,515,"[5, 103]","[5, 103]",False,1,"[[[1], [-2], [1]], [[1], [0], [-1]], [[1], [1], [1]], [[1], [-1]]]","[[1, 0, -1], [1, 1, 1], [1, -1], [1, 0, -1], [1, 0, -1], [1, 0, -1], [1, 0, -1], [1, 1, 1], [1, 0, -1], [1, 1, 1], [1, 0, -1], [1, -2, 1], [1, 1, 1], [1, 1, 1], [1, 1, 1], [1, 1, 1], [1, 1, 1], [1, 1, 1], [1, 1, 1], [1, 0, -1], [1, 1, 1], [1, 1, 1], [1, 0, -1], [1, 0, -1], [1, 0, -1], [1, 0, -1], [1, -1], [1, 0, -1], [1, 0, -1], [1, 1, 1]]",0
2.515.6t3.a,515,"[5, 103]","[2, 5, 103]",False,1,"[[[1], [-2], [1]], [[1], [2], [1]], [[1], [0], [-1]], [[1], [0], [-1]], [[1], [1], [1]], [[1], [-1], [1]], [[1], [1]]]",null,0
2.515.6t3.b,515,"[5, 103]","[2, 5, 103]",False,1,"[[[1], [-2], [1]], [[1], [2], [1]], [[1], [0], [-1]], [[1], [0], [-1]], [[1], [1], [1]], [[1], [-1], [1]], [[1], [1]]]","[[1, 0, -1], [1, -1, 1], [1, 1], [1, 0, -1], [1, 0, -1], [1, 0, -1], [1, 0, -1], [1, 1, 1], [1, 0, -1], [1, 1, 1], [1, 0, -1], [1, 2, 1], [1, 1, 1], [1, -1, 1], [1, -1, 1], [1, -1, 1], [1, 1, 1], [1, 1, 1], [1, -1, 1], [1, 0, -1], [1, -1, 1], [1, 1, 1], [1, 0, -1], [1, 0, -1], [1, 0, -1], [1, 0, -1], [1, 1], [1, 0, -1], [1, 0, -1], [1, -1, 1]]",0
2.516.3t2.a,516,"[2, 3, 43]","[2, 3, 43]",False,1,"[[[1], [-2], [1]], [[1], [0], [-1]], [[1], [1], [1]], [[1], [-1]]]","[[1, -1], [1, -1], [1, 1, 1], [1, 1, 1], [1, 1, 1], [1, 1, 1], [1, 0, -1], [1, 1, 1], [1, -2, 1], [1, 1, 1], [1, 0, -1], [1, 0, -1], [1, 0, -1], [1, -1], [1, 1, 1], [1, 0, -1], [1, -2, 1], [1, 0, -1], [1, 0, -1], [1, 0, -1], [1, 0, -1], [1, 0, -1], [1, 1, 1], [1, -2, 1], [1, 1, 1], [1, 0, -1], [1, 0, -1], [1, 1, 1], [1, 1, 1], [1, 1, 1]]",0
2.516.6t3.a,516,"[2, 3, 43]","[2, 3, 43]",False,1,"[[[1], [-2], [1]], [[1], [2], [1]], [[1], [0], [-1]], [[1], [0], [-1]], [[1], [1], [1]], [[1], [-1], [1]], [[1], [-1]], [[1], [1]]]",null,0
2.516.6t3.b,516,"[2, 3, 43]","[2, 3, 43]",False,1,"[[[1], [-2], [1]], [[1], [2], [1]], [[1], [0], [-1]], [[1], [0], [-1]], [[1], [1], [1]], [[1], [-1], [1]], [[1], [1]], [[1], [-1]]]",null,0
2.516.6t3.c,516,"[2, 3, 43]","[2, 3, 43]",False,1,"[[[1], [-2], [1]], [[1], [2], [1]], [[1], [0], [-1]], [[1], [0], [-1]], [[1], [1], [1]], [[1], [-1], [1]], [[1], [-1]], [[1], [1]]]","[[1, -1], [1, 1], [1, 1, 1], [1, -1, 1], [1, -1, 1], [1, 1, 1], [1, 0, -1], [1, -1, 1], [1, 2, 1], [1, 1, 1], [1, 0, -1], [1, 0, -1], [1, 0, -1], [1, 1], [1, -1, 1], [1, 0, -1], [1, 2, 1], [1, 0, -1], [1, 0, -1], [1, 0, -1], [1, 0, -1], [1, 0, -1], [1, -1, 1], [1, -2, 1], [1, 1, 1], [1, 0, -1], [1, 0, -1], [1, -1, 1], [1, 1, 1], [1, 1, 1]]",0
2.516.6t3.d,516,"[2, 3, 43]","[2, 3, 43]",False,1,"[[[1], [-2], [1]], [[1], [2], [1]], [[1], [0], [-1]], [[1], [0], [-1]], [[1], [1], [1]], [[1], [-1], [1]], [[1], [1]]]","[[1, 1], [1, 1], [1, -1, 1], [1, -1, 1], [1, 1, 1], [1, 1, 1], [1, 0, -1], [1, -1, 1], [1, -2, 1], [1, -1, 1], [1, 0, -1], [1, 0, -1], [1, 0, -1], [1, 1], [1, 1, 1], [1, 0, -1], [1, -2, 1], [1, 0, -1], [1, 0, -1], [1, 0, -1], [1, 0, -1], [1, 0, -1], [1, 1, 1], [1, 2, 1], [1, 1, 1], [1, 0, -1], [1, 0, -1], [1, 1, 1], [1, 1, 1], [1, -1, 1]]",0
2.516.6t3.e,516,"[2, 3, 43]","[2, 3, 43]",False,1,"[[[1], [-2], [1]], [[1], [2], [1]], [[1], [0], [-1]], [[1], [0], [-1]], [[1], [1], [1]], [[1], [-1], [1]], [[1], [1]], [[1], [-1]]]","[[1, 1], [1, -1], [1, -1, 1], [1, 1, 1], [1, -1, 1], [1, 1, 1], [1, 0, -1], [1, 1, 1], [1, 2, 1], [1, -1, 1], [1, 0, -1], [1, 0, -1], [1, 0, -1], [1, -1], [1, -1, 1], [1, 0, -1], [1, 2, 1], [1, 0, -1], [1, 0, -1], [1, 0, -1], [1, 0, -1], [1, 0, -1], [1, -1, 1], [1, 2, 1], [1, 1, 1], [1, 0, -1], [1, 0, -1], [1, -1, 1], [1, 1, 1], [1, -1, 1]]",0
2.516.6t3.f,516,"[2, 3, 43]","[2, 3, 23, 43]",False,1,"[[[1], [-2], [1]], [[1], [2], [1]], [[1], [0], [-1]], [[1], [0], [-1]], [[1], [1], [1]], [[1], [-1], [1]], [[1], [1]]]",null,0
2.519.3t2.a,519,"[3, 173]","[3, 173]",False,1,"[[[1], [-2], [1]], [[1], [0], [-1]], [[1], [1], [1]], [[1], [-1]]]","[[1, 1, 1], [1, -1], [1, 1, 1], [1, 0, -1], [1, 1, 1], [1, -2, 1], [1, -2, 1], [1, 0, -1], [1, 0, -1], [1, 0, -1], [1, 1, 1], [1, 1, 1], [1, 0, -1], [1, 1, 1], [1, 0, -1], [1, 1, 1], [1, -2, 1], [1, 0, -1], [1, 1, 1], [1, 1, 1], [1, 1, 1], [1, 0, -1], [1, 0, -1], [1, 0, -1], [1, 0, -1], [1, 1, 1], [1, 0, -1], [1, 1, 1], [1, 1, 1], [1, 0, -1]]",0
2.519.6t3.a,519,"[3, 173]","[3, 173]",False,1,"[[[1], [-2], [1]], [[1], [2], [1]], [[1], [0], [-1]], [[1], [0], [-1]], [[1], [1], [1]], [[1], [-1], [1]], [[1], [1]]]",null,0
2.519.6t3.b,519,"[3, 173]","[3, 13, 173]",False,1,"[[[1], [-2], [1]], [[1], [2], [1]], [[1], [0], [-1]], [[1], [0], [-1]], [[1], [1], [1]], [[1], [-1], [1]], [[1], [1]]]","[[1, -1, 1], [1, 1], [1, -1, 1], [1, 0, -1], [1, -1, 1], [1, -2, 1], [1, 2, 1], [1, 0, -1], [1, 0, -1], [1, 0, -1], [1, 1, 1], [1, 1, 1], [1, 0, -1], [1, 1, 1], [1, 0, -1], [1, -1, 1], [1, 2, 1], [1, 0, -1], [1, 1, 1], [1, -1, 1], [1, 1, 1], [1, 0, -1], [1, 0, -1], [1, 0, -1], [1, 0, -1], [1, -1, 1], [1, 0, -1], [1, -1, 1], [1, 1, 1], [1, 0, -1]]",0
2.524.3t2.a,524,"[2, 131]","[2, 131]",False,1,"[[[1], [-2], [1]], [[1], [0], [-1]], [[1], [1], [1]], [[1]], [[1], [-1]]]","[[1], [1, 1, 1], [1, -2, 1], [1, 1, 1], [1, -2, 1], [1, 1, 1], [1, 0, -1], [1, 0, -1], [1, 0, -1], [1, 0, -1], [1, 0, -1], [1, 0, -1], [1, 1, 1], [1, 1, 1], [1, 0, -1], [1, 1, 1], [1, 1, 1], [1, 1, 1], [1, 0, -1], [1, 0, -1], [1, 0, -1], [1, 0, -1], [1, 0, -1], [1, 1, 1], [1, 0, -1], [1, 1, 1], [1, 0, -1], [1, 1, 1], [1, 1, 1], [1, -2, 1]]",0
2.527.3t2.a,527,"[17, 31]","[17, 31]",False,1,"[[[1], [-2], [1]], [[1], [0], [-1]], [[1], [1], [1]], [[1], [-1]]]","[[1, 1, 1], [1, 1, 1], [1, 0, -1], [1, 0, -1], [1, 1, 1], [1, 0, -1], [1, -1], [1, -2, 1], [1, 1, 1], [1, -2, 1], [1, -1], [1, 1, 1], [1, 0, -1], [1, 0, -1], [1, 1, 1], [1, 0, -1], [1, 1, 1], [1, 1, 1], [1, 1, 1], [1, 0, -1], [1, -2, 1], [1, -2, 1], [1, 0, -1], [1, 0, -1], [1, 0, -1], [1, 1, 1], [1, 1, 1], [1, 0, -1], [1, 0, -1], [1, 0, -1]]",0
2.527.6t3.a,527,"[17, 31]","[17, 31]",False,1,"[[[1], [-2], [1]], [[1], [2], [1]], [[1], [0], [-1]], [[1], [0], [-1]], [[1], [1], [1]], [[1], [-1], [1]], [[1], [1]]]","[[1, 1, 1], [1, -1, 1], [1, 0, -1], [1, 0, -1], [1, -1, 1], [1, 0, -1], [1, 1], [1, -2, 1], [1, -1, 1], [1, 2, 1], [1, 1], [1, -1, 1], [1, 0, -1], [1, 0, -1], [1, 1, 1], [1, 0, -1], [1, 1, 1], [1, -1, 1], [1, 1, 1], [1, 0, -1], [1, 2, 1], [1, 2, 1], [1, 0, -1], [1, 0, -1], [1, 0, -1], [1, 1, 1], [1, 1, 1], [1, 0, -1], [1, 0, -1], [1, 0, -1]]",0
2.527.6t3.b,527,"[17, 31]","[2, 17, 31]",False,1,"[[[1], [-2], [1]], [[1], [2], [1]], [[1], [0], [-1]], [[1], [0], [-1]], [[1], [1], [1]], [[1], [-1], [1]], [[1], [1]]]",null,0
2.528.4t3.a,528,"[2, 3, 11]","[2, 3, 5, 11, 47]",False,1,"[[[1], [-2], [1]], [[1], [2], [1]], [[1], [0], [-1]], [[1], [0], [-1]], [[1], [0], [1]], [[1]], [[1], [-1]], [[1], [1]]]",null,0
2.528.4t3.b,528,"[2, 3, 11]","[2, 3, 5, 11, 23, 47]",False,1,"[[[1], [-2], [1]], [[1], [2], [1]], [[1], [0], [-1]], [[1], [0], [-1]], [[1], [0], [1]], [[1]], [[1], [1]], [[1], [-1]]]",null,0
2.528.4t3.c,528,"[2, 3, 11]","[2, 3, 11]",False,1,"[[[1], [-2], [1]], [[1], [2], [1]], [[1], [0], [-1]], [[1], [0], [-1]], [[1], [0], [1]], [[1]], [[1], [-1]], [[1], [1]]]",null,0
2.528.4t3.d,528,"[2, 3, 11]","[2, 3, 11]",False,1,"[[[1], [-2], [1]], [[1], [2], [1]], [[1], [0], [-1]], [[1], [0], [-1]], [[1], [0], [1]], [[1]], [[1], [1]], [[1], [-1]]]",null,0
2.528.4t3.e,528,"[2, 3, 11]","[2, 3, 11]",False,1,"[[[1], [-2], [1]], [[1], [2], [1]], [[1], [0], [-1]], [[1], [0], [-1]], [[1], [0], [1]], [[1]], [[1], [-1]], [[1], [1]]]","[[1], [1, -1], [1, 0, -1], [1, 0, 1], [1, 1], [1, 0, -1], [1, 0, 1], [1, 0, 1], [1, 2, 1], [1, 0, 1], [1, 0, -1], [1, 2, 1], [1, 0, 1], [1, 0, 1], [1, -2, 1], [1, 0, -1], [1, 2, 1], [1, 0, -1], [1, 0, -1], [1, -2, 1], [1, 0, -1], [1, 0, 1], [1, 0, -1], [1, 0, -1], [1, 2, 1], [1, 0, 1], [1, 0, -1], [1, 0, -1], [1, 0, -1], [1, 0, -1]]",0
2.528.4t3.f,528,"[2, 3, 11]","[2, 3, 11]",False,1,"[[[1], [-2], [1]], [[1], [2], [1]], [[1], [0], [-1]], [[1], [0], [-1]], [[1], [0], [1]], [[1]], [[1], [1]], [[1], [-1]]]","[[1], [1, 1], [1, 0, -1], [1, 0, 1], [1, -1], [1, 0, -1], [1, 0, 1], [1, 0, 1], [1, -2, 1], [1, 0, 1], [1, 0, -1], [1, 2, 1], [1, 0, 1], [1, 0, 1], [1, 2, 1], [1, 0, -1], [1, -2, 1], [1, 0, -1], [1, 0, -1], [1, 2, 1], [1, 0, -1], [1, 0, 1], [1, 0, -1], [1, 0, -1], [1, 2, 1], [1, 0, 1], [1, 0, -1], [1, 0, -1], [1, 0, -1], [1, 0, -1]]",0
2.531.6t3.a,531,"[3, 59]","[2, 3, 59, 83]",False,1,"[[[1], [-2], [1]], [[1], [2], [1]], [[1], [0], [-1]], [[1], [0], [-1]], [[1], [1], [1]], [[1], [-1], [1]], [[1]], [[1], [1]]]",null,0
2.531.6t3.b,531,"[3, 59]","[2, 3, 59]",False,1,"[[[1], [-2], [1]], [[1], [2], [1]], [[1], [0], [-1]], [[1], [0], [-1]], [[1], [1], [1]], [[1], [-1], [1]], [[1]], [[1], [1]]]","[[1, 0, -1], [1], [1, -1, 1], [1, 1, 1], [1, 0, -1], [1, 0, -1], [1, 2, 1], [1, 1, 1], [1, 0, -1], [1, -1, 1], [1, 0, -1], [1, 0, -1], [1, -1, 1], [1, 0, -1], [1, 0, -1], [1, -1, 1], [1, 1], [1, 0, -1], [1, 0, -1], [1, 2, 1], [1, 0, -1], [1, 1, 1], [1, 0, -1], [1, 0, -1], [1, 0, -1], [1, 0, -1], [1, 0, -1], [1, -1, 1], [1, 0, -1], [1, 0, -1]]",0
2.539.4t3.a,539,"[7, 11]","[2, 7, 11]",False,1,"[[[1], [-2], [1]], [[1], [2], [1]], [[1], [0], [-1]], [[1], [0], [-1]], [[1], [0], [1]], [[1]], [[1], [-1]]]",null,0
2.539.4t3.b,539,"[7, 11]","[7, 11]",False,1,"[[[1], [-2], [1]], [[1], [2], [1]], [[1], [0], [-1]], [[1], [0], [-1]], [[1], [0], [1]], [[1]], [[1], [-1]]]","[[1, 0, -1], [1, 0, 1], [1, 0, 1], [1], [1, -1], [1, 0, -1], [1, 0, -1], [1, 0, -1], [1, 2, 1], [1, 0, -1], [1, 0, 1], [1, -2, 1], [1, 0, -1], [1, 0, -1], [1, 0, 1], [1, 2, 1], [1, 0, 1], [1, 0, -1], [1, 2, 1], [1, 2, 1], [1, 0, -1], [1, 0, -1], [1, 0, -1], [1, 0, 1], [1, 0, 1], [1, 0, -1], [1, 0, 1], [1, 0, -1], [1, 0, -1], [1, -2, 1]]",0
2.539.4t3.c,539,"[7, 11]","[2, 7, 11]",False,1,"[[[1], [-2], [1]], [[1], [2], [1]], [[1], [0], [-1]], [[1], [0], [-1]], [[1], [0], [1]], [[1]], [[1], [-1]]]",null,0
2.543.3t2.a,543,"[3, 181]","[3, 181]",False,1,"[[[1], [-2], [1]], [[1], [0], [-1]], [[1], [1], [1]], [[1], [-1]]]","[[1, 1, 1], [1, -1], [1, 0, -1], [1, 0, -1], [1, 0, -1], [1, 1, 1], [1, -2, 1], [1, 0, -1], [1, 1, 1], [1, 0, -1], [1, 0, -1], [1, 1, 1], [1, 1, 1], [1, 1, 1], [1, -2, 1], [1, 1, 1], [1, 0, -1], [1, 0, -1], [1, 1, 1], [1, 1, 1], [1, 1, 1], [1, 1, 1], [1, 1, 1], [1, 1, 1], [1, 0, -1], [1, 0, -1], [1, 0, -1], [1, 1, 1], [1, 0, -1], [1, 1, 1]]",0
2.543.4t3.a,543,"[3, 181]","[2, 3, 181]",False,1,"[[[1], [-2], [1]], [[1], [2], [1]], [[1], [0], [-1]], [[1], [0], [-1]], [[1], [0], [1]], [[1], [1]]]",null,0
2.543.4t3.b,543,"[3, 181]","[3, 181]",False,1,"[[[1], [-2], [1]], [[1], [2], [1]], [[1], [0], [-1]], [[1], [0], [-1]], [[1], [0], [1]], [[1], [1]]]","[[1, 0, 1], [1, 1], [1, 0, -1], [1, 0, -1], [1, 0, -1], [1, -2, 1], [1, 0, 1], [1, 0, -1], [1, 0, 1], [1, 0, -1], [1, 0, -1], [1, 2, 1], [1, 0, 1], [1, -2, 1], [1, 0, 1], [1, 0, 1], [1, 0, -1], [1, 0, -1], [1, 2, 1], [1, 0, 1], [1, 2, 1], [1, -2, 1], [1, 0, 1], [1, 0, 1], [1, 0, -1], [1, 0, -1], [1, 0, -1], [1, 0, 1], [1, 0, -1], [1, 0, 1]]",0
2.543.4t3.c,543,"[3, 181]","[2, 3, 5, 37, 43, 181]",False,1,"[[[1], [-2], [1]], [[1], [2], [1]], [[1], [0], [-1]], [[1], [0], [-1]], [[1], [0], [1]], [[1], [1]]]",null,0
2.543.6t3.a,543,"[3, 181]","[3, 17, 181]",False,1,"[[[1], [-2], [1]], [[1], [2], [1]], [[1], [0], [-1]], [[1], [0], [-1]], [[1], [1], [1]], [[1], [-1], [1]], [[1], [-1]]]",null,0
2.543.6t3.b,543,"[3, 181]","[3, 19, 181]",False,1,"[[[1], [-2], [1]], [[1], [2], [1]], [[1], [0], [-1]], [[1], [0], [-1]], [[1], [1], [1]], [[1], [-1], [1]], [[1], [-1]]]","[[1, -1, 1], [1, -1], [1, 0, -1], [1, 0, -1], [1, 0, -1], [1, 1, 1], [1, 2, 1], [1, 0, -1], [1, -1, 1], [1, 0, -1], [1, 0, -1], [1, 1, 1], [1, -1, 1], [1, 1, 1], [1, 2, 1], [1, -1, 1], [1, 0, -1], [1, 0, -1], [1, 1, 1], [1, -1, 1], [1, 1, 1], [1, 1, 1], [1, -1, 1], [1, -1, 1], [1, 0, -1], [1, 0, -1], [1, 0, -1], [1, -1, 1], [1, 0, -1], [1, -1, 1]]",0
2.544.4t3.a,544,"[2, 17]","[2, 17, 89]",True,1,"[[[1], [-2], [1]], [[1], [2], [1]], [[1], [0], [-1]], [[1], [0], [-1]], [[1], [0], [1]], [[1]], [[1], [1]]]",null,0
2.544.4t3.b,544,"[2, 17]","[2, 3, 17]",False,1,"[[[1], [-2], [1]], [[1], [2], [1]], [[1], [0], [-1]], [[1], [0], [-1]], [[1], [0], [1]], [[1]], [[1], [1]]]",null,0
2.544.4t3.c,544,"[2, 17]","[2, 17]",True,1,"[[[1], [-2], [1]], [[1], [2], [1]], [[1], [0], [-1]], [[1], [0], [-1]], [[1], [0], [1]], [[1]], [[1], [1]]]",null,0
2.544.4t3.d,544,"[2, 17]","[2, 17]",False,1,"[[[1], [-2], [1]], [[1], [2], [1]], [[1], [0], [-1]], [[1], [0], [-1]], [[1], [0], [1]], [[1]], [[1], [1]]]","[[1], [1, 0, -1], [1, 0, 1], [1, 0, 1], [1, 0, -1], [1, 0, -1], [1, 1], [1, -2, 1], [1, 0, 1], [1, 0, 1], [1, 0, 1], [1, 0, 1], [1, 0, -1], [1, 2, 1], [1, 0, -1], [1, 0, -1], [1, 2, 1], [1, 0, 1], [1, -2, 1], [1, 0, 1], [1, 0, -1], [1, 0, 1], [1, 2, 1], [1, 2, 1], [1, 0, -1], [1, 0, -1], [1, 0, -1], [1, 0, -1], [1, 0, 1], [1, 0, -1]]",0
2.544.4t3.e,544,"[2, 17]","[2, 3, 17]",False,1,"[[[1], [-2], [1]], [[1], [2], [1]], [[1], [0], [-1]], [[1], [0], [-1]], [[1], [0], [1]], [[1]], [[1], [1]]]",null,0
2.544.4t3.f,544,"[2, 17]","[2, 17]",True,1,"[[[1], [-2], [1]], [[1], [2], [1]], [[1], [0], [-1]], [[1], [0], [-1]], [[1], [0], [1]], [[1]], [[1], [1]]]",null,0
2.545.4t3.a,545,"[5, 109]","[3, 5, 109]",True,1,"[[[1], [-2], [1]], [[1], [2], [1]], [[1], [0], [-1]], [[1], [0], [-1]], [[1], [0], [1]], [[1], [1]], [[1], [-1]]]",null,0
2.545.4t3.b,545,"[5, 109]","[5, 109]",True,1,"[[[1], [-2], [1]], [[1], [2], [1]], [[1], [0], [-1]], [[1], [0], [-1]], [[1], [0], [1]], [[1], [1]], [[1], [-1]]]",null,0
2.545.4t3.c,545,"[5, 109]","[2, 3, 5, 7, 109]",True,1,"[[[1], [-2], [1]], [[1], [2], [1]], [[1], [0], [-1]], [[1], [0], [-1]], [[1], [0], [1]], [[1], [1]], [[1], [-1]]]",null,0
2.547.3t2.a,547,[547],[547],False,1,"[[[1], [-2], [1]], [[1], [0], [-1]], [[1], [1], [1]], [[1], [-1]]]","[[1, 0, -1], [1, 0, -1], [1, 0, -1], [1, 0, -1], [1, 1, 1], [1, 1, 1], [1, 0, -1], [1, 1, 1], [1, 0, -1], [1, 1, 1], [1, 0, -1], [1, 0, -1], [1, 0, -1], [1, 0, -1], [1, 1, 1], [1, 1, 1], [1, 0, -1], [1, 0, -1], [1, 1, 1], [1, 0, -1], [1, 1, 1], [1, 0, -1], [1, 0, -1], [1, 0, -1], [1, 1, 1], [1, 0, -1], [1, 0, -1], [1, 0, -1], [1, 0, -1], [1, 1, 1]]",0
2.548.4t3.a,548,"[2, 137]","[2, 137]",False,1,"[[[1], [-2], [1]], [[1], [2], [1]], [[1], [0], [-1]], [[1], [0], [-1]], [[1], [0], [1]], [[1], [-1]]]","[[1, -1], [1, 0, 1], [1, 0, -1], [1, 0, -1], [1, 0, -1], [1, 0, -1], [1, 2, 1], [1, 0, -1], [1, 0, 1], [1, 0, -1], [1, 0, 1], [1, 2, 1], [1, 0, -1], [1, 0, 1], [1, 0, 1], [1, 0, -1], [1, 0, -1], [1, 2, 1], [1, 0, 1], [1, 0, 1], [1, -2, 1], [1, 0, 1], [1, 0, 1], [1, 0, -1], [1, 0, -1], [1, 2, 1], [1, 0, -1], [1, 0, -1], [1, -2, 1], [1, 0, -1]]",0
2.548.4t3.b,548,"[2, 137]","[2, 7, 11, 17, 137, 773]",False,1,"[[[1], [-2], [1]], [[1], [2], [1]], [[1], [0], [-1]], [[1], [0], [-1]], [[1], [0], [1]], [[1], [-1]]]",null,0
2.548.4t3.c,548,"[2, 137]","[2, 137]",False,1,"[[[1], [-2], [1]], [[1], [2], [1]], [[1], [0], [-1]], [[1], [0], [-1]], [[1], [0], [1]], [[1], [-1]]]",null,0
2.552.4t3.a,552,"[2, 3, 23]","[2, 3, 23]",False,1,"[[[1], [-2], [1]], [[1], [2], [1]], [[1], [0], [-1]], [[1], [0], [-1]], [[1], [0], [1]], [[1], [1]], [[1], [-1]]]","[[1, 1], [1, 1], [1, 0, -1], [1, 0, 1], [1, 0, 1], [1, 0, -1], [1, 0, 1], [1, 0, -1], [1, -1], [1, -2, 1], [1, 0, -1], [1, 0, 1], [1, 0, -1], [1, 0, -1], [1, -2, 1], [1, 0, -1], [1, 0, -1], [1, 0, 1], [1, 0, -1], [1, 2, 1], [1, 2, 1], [1, 0, 1], [1, 0, 1], [1, 0, 1], [1, 0, -1], [1, 2, 1], [1, 0, 1], [1, 0, 1], [1, 0, 1], [1, 0, 1]]",0
2.552.4t3.b,552,"[2, 3, 23]","[2, 3, 23]",False,1,"[[[1], [-2], [1]], [[1], [2], [1]], [[1], [0], [-1]], [[1], [0], [-1]], [[1], [0], [1]], [[1], [-1]], [[1], [1]]]","[[1, -1], [1, 1], [1, 0, -1], [1, 0, 1], [1, 0, 1], [1, 0, -1], [1, 0, 1], [1, 0, -1], [1, 1], [1, 2, 1], [1, 0, -1], [1, 0, 1], [1, 0, -1], [1, 0, -1], [1, 2, 1], [1, 0, -1], [1, 0, -1], [1, 0, 1], [1, 0, -1], [1, -2, 1], [1, 2, 1], [1, 0, 1], [1, 0, 1], [1, 0, 1], [1, 0, -1], [1, -2, 1], [1, 0, 1], [1, 0, 1], [1, 0, 1], [1, 0, 1]]",0
2.552.4t3.c,552,"[2, 3, 23]","[2, 3, 5, 23, 29, 47]",False,1,"[[[1], [-2], [1]], [[1], [2], [1]], [[1], [0], [-1]], [[1], [0], [-1]], [[1], [0], [1]], [[1], [1]], [[1], [-1]]]",null,0
2.552.4t3.d,552,"[2, 3, 23]","[2, 3, 5, 23, 29, 647]",False,1,"[[[1], [-2], [1]], [[1], [2], [1]], [[1], [0], [-1]], [[1], [0], [-1]], [[1], [0], [1]], [[1], [-1]], [[1], [1]]]",null,0
2.552.4t3.e,552,"[2, 3, 23]","[2, 3, 23]",False,1,"[[[1], [-2], [1]], [[1], [2], [1]], [[1], [0], [-1]], [[1], [0], [-1]], [[1], [0], [1]], [[1], [1]], [[1], [-1]]]",null,0
2.552.4t3.f,552,"[2, 3, 23]","[2, 3, 23]",False,1,"[[[1], [-2], [1]], [[1], [2], [1]], [[1], [0], [-1]], [[1], [0], [-1]], [[1], [0], [1]], [[1], [-1]], [[1], [1]]]",null,0
2.559.4t3.a,559,"[13, 43]","[13, 43]",False,1,"[[[1], [-2], [1]], [[1], [2], [1]], [[1], [0], [-1]], [[1], [0], [-1]], [[1], [0], [1]], [[1], [-1]]]","[[1, 0, 1], [1, 0, -1], [1, 0, 1], [1, 0, 1], [1, 0, -1], [1, -1], [1, -2, 1], [1, 0, 1], [1, 2, 1], [1, 0, -1], [1, 0, -1], [1, 0, 1], [1, 0, -1], [1, -1], [1, 0, -1], [1, 2, 1], [1, 0, -1], [1, 0, -1], [1, 0, -1], [1, 0, 1], [1, 0, 1], [1, -2, 1], [1, 0, -1], [1, 0, 1], [1, 0, -1], [1, 2, 1], [1, 2, 1], [1, 2, 1], [1, 0, -1], [1, 0, -1]]",0
2.559.4t3.b,559,"[13, 43]","[2, 3, 13, 43]",False,1,"[[[1], [-2], [1]], [[1], [2], [1]], [[1], [0], [-1]], [[1], [0], [-1]], [[1], [0], [1]], [[1], [-1]]]",null,0
2.559.4t3.c,559,"[13, 43]","[3, 11, 13, 17, 43, 18743]",False,1,"[[[1], [-2], [1]], [[1], [2], [1]], [[1], [0], [-1]], [[1], [0], [-1]], [[1], [0], [1]], [[1], [-1]]]",null,0
2.560.6t3.a,560,"[2, 5, 7]","[2, 5, 7]",False,1,"[[[1], [-2], [1]], [[1], [2], [1]], [[1], [0], [-1]], [[1], [0], [-1]], [[1], [1], [1]], [[1], [-1], [1]], [[1]], [[1], [1]], [[1], [-1]]]",null,0
2.560.6t3.b,560,"[2, 5, 7]","[2, 5, 7]",False,1,"[[[1], [-2], [1]], [[1], [2], [1]], [[1], [0], [-1]], [[1], [0], [-1]], [[1], [1], [1]], [[1], [-1], [1]], [[1]], [[1], [-1]], [[1], [1]]]","[[1], [1, -1, 1], [1, -1], [1, 1], [1, -1, 1], [1, 1, 1], [1, 1, 1], [1, 0, -1], [1, 0, -1], [1, 1, 1], [1, 0, -1], [1, 0, -1], [1, 0, -1], [1, 0, -1], [1, -1, 1], [1, 0, -1], [1, 0, -1], [1, 0, -1], [1, 0, -1], [1, 2, 1], [1, -2, 1], [1, -1, 1], [1, 2, 1], [1, 0, -1], [1, 1, 1], [1, 0, -1], [1, -1, 1], [1, 0, -1], [1, 1, 1], [1, 0, -1]]",0
2.560.6t3.c,560,"[2, 5, 7]","[2, 5, 7, 43]",False,1,"[[[1], [-2], [1]], [[1], [2], [1]], [[1], [0], [-1]], [[1], [0], [-1]], [[1], [1], [1]], [[1], [-1], [1]], [[1]], [[1], [-1]], [[1], [1]]]",null,0
2.560.6t3.d,560,"[2, 5, 7]","[2, 5, 7]",False,1,"[[[1], [-2], [1]], [[1], [2], [1]], [[1], [0], [-1]], [[1], [0], [-1]], [[1], [1], [1]], [[1], [-1], [1]], [[1]], [[1], [1]], [[1], [-1]]]","[[1], [1, 1, 1], [1, 1], [1, -1], [1, -1, 1], [1, -1, 1], [1, -1, 1], [1, 0, -1], [1, 0, -1], [1, 1, 1], [1, 0, -1], [1, 0, -1], [1, 0, -1], [1, 0, -1], [1, 1, 1], [1, 0, -1], [1, 0, -1], [1, 0, -1], [1, 0, -1], [1, 2, 1], [1, 2, 1], [1, -1, 1], [1, -2, 1], [1, 0, -1], [1, -1, 1], [1, 0, -1], [1, 1, 1], [1, 0, -1], [1, 1, 1], [1, 0, -1]]",0
2.563.3t2.a,563,[563],[563],False,1,"[[[1], [-2], [1]], [[1], [0], [-1]], [[1], [1], [1]], [[1], [-1]]]","[[1, 0, -1], [1, 1, 1], [1, 0, -1], [1, 1, 1], [1, -2, 1], [1, -2, 1], [1, 1, 1], [1, 1, 1], [1, 1, 1], [1, 0, -1], [1, 0, -1], [1, 0, -1], [1, 0, -1], [1, 0, -1], [1, 1, 1], [1, 0, -1], [1, 1, 1], [1, 1, 1], [1, 1, 1], [1, 1, 1], [1, 0, -1], [1, 0, -1], [1, 0, -1], [1, 0, -1], [1, 0, -1], [1, 1, 1], [1, -2, 1], [1, 1, 1], [1, 0, -1], [1, 1, 1]]",0
2.564.3t2.a,564,"[2, 3, 47]","[2, 3, 47]",True,1,"[[[1], [-2], [1]], [[1], [0], [-1]], [[1], [1], [1]], [[1]], [[1], [-1]]]",null,0
2.564.4t3.a,564,"[2, 3, 47]","[2, 3, 47]",False,1,"[[[1], [-2], [1]], [[1], [2], [1]], [[1], [0], [-1]], [[1], [0], [-1]], [[1], [0], [1]], [[1], [1]], [[1], [-1]]]","[[1, 1], [1, -1], [1, 0, 1], [1, 0, -1], [1, 0, -1], [1, 0, -1], [1, 0, -1], [1, 0, 1], [1, 0, -1], [1, 0, 1], [1, 0, 1], [1, 2, 1], [1, 0, 1], [1, 0, 1], [1, -1], [1, 0, -1], [1, -2, 1], [1, 2, 1], [1, 0, 1], [1, 2, 1], [1, 0, -1], [1, 0, -1], [1, 2, 1], [1, 0, -1], [1, 2, 1], [1, 0, -1], [1, 0, -1], [1, 0, -1], [1, 0, -1], [1, 0, 1]]",0
2.564.4t3.b,564,"[2, 3, 47]","[2, 3, 47]",False,1,"[[[1], [-2], [1]], [[1], [2], [1]], [[1], [0], [-1]], [[1], [0], [-1]], [[1], [0], [1]], [[1], [-1]], [[1], [1]]]","[[1, -1], [1, 1], [1, 0, 1], [1, 0, -1], [1, 0, -1], [1, 0, -1], [1, 0, -1], [1, 0, 1], [1, 0, -1], [1, 0, 1], [1, 0, 1], [1, 2, 1], [1, 0, 1], [1, 0, 1], [1, 1], [1, 0, -1], [1, 2, 1], [1, 2, 1], [1, 0, 1], [1, -2, 1], [1, 0, -1], [1, 0, -1], [1, -2, 1], [1, 0, -1], [1, 2, 1], [1, 0, -1], [1, 0, -1], [1, 0, -1], [1, 0, -1], [1, 0, 1]]",0
2.564.4t3.c,564,"[2, 3, 47]","[2, 3, 47, 73]",False,1,"[[[1], [-2], [1]], [[1], [2], [1]], [[1], [0], [-1]], [[1], [0], [-1]], [[1], [0], [1]], [[1], [1]], [[1], [-1]]]",null,0
2.564.4t3.d,564,"[2, 3, 47]","[2, 3, 11, 47]",False,1,"[[[1], [-2], [1]], [[1], [2], [1]], [[1], [0], [-1]], [[1], [0], [-1]], [[1], [0], [1]], [[1], [-1]], [[1], [1]]]",null,0
2.564.4t3.e,564,"[2, 3, 47]","[2, 3, 47]",False,1,"[[[1], [-2], [1]], [[1], [2], [1]], [[1], [0], [-1]], [[1], [0], [-1]], [[1], [0], [1]], [[1], [1]], [[1], [-1]]]",null,0
2.564.4t3.f,564,"[2, 3, 47]","[2, 3, 47]",False,1,"[[[1], [-2], [1]], [[1], [2], [1]], [[1], [0], [-1]], [[1], [0], [-1]], [[1], [0], [1]], [[1], [-1]], [[1], [1]]]",null,0
2.564.6t3.a,564,"[2, 3, 47]","[2, 3, 47]",True,1,"[[[1], [-2], [1]], [[1], [2], [1]], [[1], [0], [-1]], [[1], [0], [-1]], [[1], [1], [1]], [[1], [-1], [1]], [[1]], [[1], [-1]], [[1], [1]]]",null,0
2.564.6t3.b,564,"[2, 3, 47]","[2, 3, 47]",True,1,"[[[1], [-2], [1]], [[1], [2], [1]], [[1], [0], [-1]], [[1], [0], [-1]], [[1], [1], [1]], [[1], [-1], [1]], [[1]], [[1], [-1]], [[1], [1]]]",null,0
2.567.3t2.a,567,"[3, 7]","[2, 3, 7]",False,1,"[[[1], [-2], [1]], [[1], [0], [-1]], [[1], [1], [1]], [[1]], [[1], [-1]]]",null,0
2.567.3t2.b,567,"[3, 7]","[3, 7]",False,1,"[[[1], [-2], [1]], [[1], [0], [-1]], [[1], [1], [1]], [[1]], [[1], [-1]]]","[[1, 1, 1], [1], [1, 0, -1], [1, -1], [1, 1, 1], [1, 0, -1], [1, 0, -1], [1, 0, -1], [1, -2, 1], [1, -2, 1], [1, 0, -1], [1, 1, 1], [1, 0, -1], [1, 1, 1], [1, 0, -1], [1, 1, 1], [1, 0, -1], [1, 0, -1], [1, 1, 1], [1, 1, 1], [1, 0, -1], [1, 1, 1], [1, 0, -1], [1, 0, -1], [1, 0, -1], [1, 0, -1], [1, 0, -1], [1, 1, 1], [1, -2, 1], [1, 1, 1]]",0
2.567.6t3.a,567,"[3, 7]","[2, 3, 7]",False,1,"[[[1], [-2], [1]], [[1], [2], [1]], [[1], [0], [-1]], [[1], [0], [-1]], [[1], [1], [1]], [[1], [-1], [1]], [[1]], [[1], [-1]]]","[[1, -1, 1], [1], [1, 0, -1], [1, -1], [1, -1, 1], [1, 0, -1], [1, 0, -1], [1, 0, -1], [1, 2, 1], [1, 2, 1], [1, 0, -1], [1, 1, 1], [1, 0, -1], [1, 1, 1], [1, 0, -1], [1, -1, 1], [1, 0, -1], [1, 0, -1], [1, 1, 1], [1, -1, 1], [1, 0, -1], [1, 1, 1], [1, 0, -1], [1, 0, -1], [1, 0, -1], [1, 0, -1], [1, 0, -1], [1, -1, 1], [1, -2, 1], [1, -1, 1]]",0
2.567.6t3.b,567,"[3, 7]","[3, 7]",False,1,"[[[1], [-2], [1]], [[1], [2], [1]], [[1], [0], [-1]], [[1], [0], [-1]], [[1], [1], [1]], [[1], [-1], [1]], [[1]], [[1], [-1]]]",null,0
2.568.3t2.a,568,"[2, 71]","[2, 71]",True,1,"[[[1], [-2], [1]], [[1], [0], [-1]], [[1], [1], [1]], [[1], [-1]]]",null,0
2.568.4t3.a,568,"[2, 71]","[2, 3, 71]",False,1,"[[[1], [-2], [1]], [[1], [2], [1]], [[1], [0], [-1]], [[1], [0], [-1]], [[1], [0], [1]], [[1], [1]]]",null,0
2.568.4t3.b,568,"[2, 71]","[2, 3, 71]",False,1,"[[[1], [-2], [1]], [[1], [2], [1]], [[1], [0], [-1]], [[1], [0], [-1]], [[1], [0], [1]], [[1], [1]]]","[[1, 1], [1, 0, -1], [1, 0, -1], [1, 0, -1], [1, 0, 1], [1, 0, 1], [1, 0, -1], [1, 0, -1], [1, 0, -1], [1, 0, -1], [1, 0, -1], [1, 0, -1], [1, 0, -1], [1, 0, -1], [1, 0, -1], [1, 0, 1], [1, 0, 1], [1, 0, 1], [1, 0, 1], [1, 1], [1, 2, 1], [1, 2, 1], [1, 0, -1], [1, 2, 1], [1, 0, -1], [1, 0, -1], [1, 2, 1], [1, 0, -1], [1, 0, -1], [1, 0, -1]]",0
2.568.4t3.c,568,"[2, 71]","[2, 3, 19, 71]",False,1,"[[[1], [-2], [1]], [[1], [2], [1]], [[1], [0], [-1]], [[1], [0], [-1]], [[1], [0], [1]], [[1], [1]]]",null,0
2.568.6t3.a,568,"[2, 71]","[2, 71]",True,1,"[[[1], [-2], [1]], [[1], [2], [1]], [[1], [0], [-1]], [[1], [0], [-1]], [[1], [1], [1]], [[1], [-1], [1]], [[1], [-1]], [[1], [1]]]",null,0
2.568.6t3.b,568,"[2, 71]","[2, 71]",True,1,"[[[1], [-2], [1]], [[1], [2], [1]], [[1], [0], [-1]], [[1], [0], [-1]], [[1], [1], [1]], [[1], [-1], [1]], [[1], [-1]], [[1], [1]]]",null,0
2.575.6t3.a,575,"[5, 23]","[5, 7, 23, 211]",False,1,"[[[1], [-2], [1]], [[1], [2], [1]], [[1], [0], [-1]], [[1], [0], [-1]], [[1], [1], [1]], [[1], [-1], [1]], [[1]], [[1], [1]]]",null,0
2.575.6t3.b,575,"[5, 23]","[5, 7, 23]",False,1,"[[[1], [-2], [1]], [[1], [2], [1]], [[1], [0], [-1]], [[1], [0], [-1]], [[1], [1], [1]], [[1], [-1], [1]], [[1]], [[1], [1]]]","[[1, -1, 1], [1, -1, 1], [1], [1, 0, -1], [1, 0, -1], [1, -1, 1], [1, 0, -1], [1, 0, -1], [1, 1], [1, 1, 1], [1, 1, 1], [1, 0, -1], [1, 1, 1], [1, 0, -1], [1, -1, 1], [1, 0, -1], [1, -2, 1], [1, 0, -1], [1, 0, -1], [1, 1, 1], [1, -1, 1], [1, 0, -1], [1, 0, -1], [1, 0, -1], [1, 0, -1], [1, -2, 1], [1, 0, -1], [1, 0, -1], [1, 0, -1], [1, 0, -1]]",0
2.576.4t3.a,576,"[2, 3]","[2, 3]",False,1,"[[[1], [-2], [1]], [[1], [2], [1]], [[1], [0], [-1]], [[1], [0], [-1]], [[1], [0], [1]], [[1]]]","[[1], [1], [1, 0, 1], [1, 0, -1], [1, 0, -1], [1, -2, 1], [1, 0, 1], [1, 0, -1], [1, 0, -1], [1, 0, 1], [1, 0, -1], [1, 2, 1], [1, 0, 1], [1, 0, -1], [1, 0, -1], [1, 0, 1], [1, 0, -1], [1, 2, 1], [1, 0, -1], [1, 0, -1], [1, 2, 1], [1, 0, -1], [1, 0, -1], [1, 0, 1], [1, 2, 1], [1, 0, 1], [1, 0, -1], [1, 0, -1], [1, -2, 1], [1, 0, 1]]",0
2.576.4t3.b,576,"[2, 3]","[2, 3]",False,1,"[[[1], [-2], [1]], [[1], [2], [1]], [[1], [0], [-1]], [[1], [0], [-1]], [[1], [0], [1]], [[1]]]",null,0
2.576.4t3.c,576,"[2, 3]","[2, 3]",False,1,"[[[1], [-2], [1]], [[1], [2], [1]], [[1], [0], [-1]], [[1], [0], [-1]], [[1], [0], [1]], [[1]]]",null,0
2.579.4t3.a,579,"[3, 193]","[2, 3, 193]",False,1,"[[[1], [-2], [1]], [[1], [2], [1]], [[1], [0], [-1]], [[1], [0], [-1]], [[1], [0], [1]], [[1], [-1]]]","[[1, 0, -1], [1, -1], [1, 0, 1], [1, 2, 1], [1, 0, 1], [1, 0, -1], [1, 0, 1], [1, 0, -1], [1, 0, -1], [1, 0, 1], [1, 2, 1], [1, 0, -1], [1, 0, 1], [1, 2, 1], [1, 0, 1], [1, 0, 1], [1, 0, -1], [1, 0, -1], [1, -2, 1], [1, 0, 1], [1, 0, -1], [1, 0, -1], [1, 0, -1], [1, 0, 1], [1, 2, 1], [1, 0, -1], [1, 0, -1], [1, 0, -1], [1, -2, 1], [1, 0, 1]]",0
2.579.4t3.b,579,"[3, 193]","[2, 3, 7, 193]",False,1,"[[[1], [-2], [1]], [[1], [2], [1]], [[1], [0], [-1]], [[1], [0], [-1]], [[1], [0], [1]], [[1], [-1]]]",null,0
2.579.4t3.c,579,"[3, 193]","[2, 3, 193]",False,1,"[[[1], [-2], [1]], [[1], [2], [1]], [[1], [0], [-1]], [[1], [0], [-1]], [[1], [0], [1]], [[1], [-1]]]",null,0
2.580.4t3.a,580,"[2, 5, 29]","[2, 5, 29]",False,1,"[[[1], [-2], [1]], [[1], [2], [1]], [[1], [0], [-1]], [[1], [0], [-1]], [[1], [0], [1]], [[1], [-1]], [[1], [1]]]","[[1, -1], [1, 0, -1], [1, 1], [1, 0, 1], [1, 0, 1], [1, 0, -1], [1, 2, 1], [1, 0, 1], [1, 0, 1], [1, 1], [1, 0, 1], [1, 2, 1], [1, 0, -1], [1, 0, -1], [1, 0, -1], [1, 0, -1], [1, 0, -1], [1, 0, -1], [1, 0, 1], [1, 0, -1], [1, -2, 1], [1, 0, 1], [1, 0, 1], [1, 0, -1], [1, -2, 1], [1, 0, -1], [1, 0, 1], [1, 0, 1], [1, 2, 1], [1, -2, 1]]",0
2.580.4t3.b,580,"[2, 5, 29]","[2, 3, 5, 29]",False,1,"[[[1], [-2], [1]], [[1], [2], [1]], [[1], [0], [-1]], [[1], [0], [-1]], [[1], [0], [1]], [[1], [1]]]","[[1, 1], [1, 0, -1], [1, 1], [1, 0, 1], [1, 0, 1], [1, 0, -1], [1, -2, 1], [1, 0, 1], [1, 0, 1], [1, 1], [1, 0, 1], [1, -2, 1], [1, 0, -1], [1, 0, -1], [1, 0, -1], [1, 0, -1], [1, 0, -1], [1, 0, -1], [1, 0, 1], [1, 0, -1], [1, 2, 1], [1, 0, 1], [1, 0, 1], [1, 0, -1], [1, 2, 1], [1, 0, -1], [1, 0, 1], [1, 0, 1], [1, 2, 1], [1, 2, 1]]",0
2.580.4t3.c,580,"[2, 5, 29]","[2, 3, 5, 17, 29, 1237]",False,1,"[[[1], [-2], [1]], [[1], [2], [1]], [[1], [0], [-1]], [[1], [0], [-1]], [[1], [0], [1]], [[1], [1]]]",null,0
2.580.4t3.d,580,"[2, 5, 29]","[2, 3, 5, 29, 4549]",False,1,"[[[1], [-2], [1]], [[1], [2], [1]], [[1], [0], [-1]], [[1], [0], [-1]], [[1], [0], [1]], [[1], [-1]], [[1], [1]]]",null,0
2.580.4t3.e,580,"[2, 5, 29]","[2, 3, 5, 29]",False,1,"[[[1], [-2], [1]], [[1], [2], [1]], [[1], [0], [-1]], [[1], [0], [-1]], [[1], [0], [1]], [[1], [1]]]",null,0
2.580.4t3.f,580,"[2, 5, 29]","[2, 5, 29]",False,1,"[[[1], [-2], [1]], [[1], [2], [1]], [[1], [0], [-1]], [[1], [0], [-1]], [[1], [0], [1]], [[1], [-1]], [[1], [1]]]",null,0
2.583.4t3.a,583,"[11, 53]","[2, 3, 5, 7, 11, 13, 53]",False,1,"[[[1], [-2], [1]], [[1], [2], [1]], [[1], [0], [-1]], [[1], [0], [-1]], [[1], [0], [1]], [[1], [-1]]]",null,0
2.583.4t3.b,583,"[11, 53]","[11, 53]",False,1,"[[[1], [-2], [1]], [[1], [2], [1]], [[1], [0], [-1]], [[1], [0], [-1]], [[1], [0], [1]], [[1], [-1]]]","[[1, 0, 1], [1, 0, -1], [1, 0, -1], [1, 0, -1], [1, -1], [1, 0, -1], [1, 0, -1], [1, 0, 1], [1, 0, -1], [1, 0, -1], [1, 0, -1], [1, 2, 1], [1, 0, 1], [1, 0, -1], [1, 2, 1], [1, -1], [1, 2, 1], [1, 0, 1], [1, 0, -1], [1, 0, -1], [1, 0, 1], [1, 0, 1], [1, 0, 1], [1, 2, 1], [1, -2, 1], [1, 0, 1], [1, 0, -1], [1, 0, -1], [1, 0, 1], [1, 2, 1]]",0
2.583.4t3.c,583,"[11, 53]","[2, 3, 11, 53]",False,1,"[[[1], [-2], [1]], [[1], [2], [1]], [[1], [0], [-1]], [[1], [0], [-1]], [[1], [0], [1]], [[1], [-1]]]",null,0
2.584.4t3.a,584,"[2, 73]","[2, 73]",True,1,"[[[1], [-2], [1]], [[1], [2], [1]], [[1], [0], [-1]], [[1], [0], [-1]], [[1], [0], [1]], [[1], [1]], [[1], [-1]]]",null,0
2.584.4t3.b,584,"[2, 73]","[2, 73]",False,1,"[[[1], [-2], [1]], [[1], [2], [1]], [[1], [0], [-1]], [[1], [0], [-1]], [[1], [0], [1]], [[1], [-1]]]","[[1, -1], [1, 2, 1], [1, 0, 1], [1, 0, 1], [1, 0, -1], [1, 0, 1], [1, 0, -1], [1, -2, 1], [1, 0, -1], [1, 0, 1], [1, 0, 1], [1, 0, -1], [1, 2, 1], [1, 0, -1], [1, 0, 1], [1, 0, 1], [1, 0, -1], [1, 0, -1], [1, 2, 1], [1, 0, -1], [1, -1], [1, 0, -1], [1, 0, -1], [1, 2, 1], [1, -2, 1], [1, 0, 1], [1, 0, 1], [1, 0, -1], [1, 0, -1], [1, 0, -1]]",0
2.584.4t3.c,584,"[2, 73]","[2, 3, 73]",True,1,"[[[1], [-2], [1]], [[1], [2], [1]], [[1], [0], [-1]], [[1], [0], [-1]], [[1], [0], [1]], [[1], [1]], [[1], [-1]]]",null,0
2.584.4t3.d,584,"[2, 73]","[2, 3, 73]",False,1,"[[[1], [-2], [1]], [[1], [2], [1]], [[1], [0], [-1]], [[1], [0], [-1]], [[1], [0], [1]], [[1], [-1]]]",null,0
2.584.4t3.e,584,"[2, 73]","[2, 3, 11, 73]",False,1,"[[[1], [-2], [1]], [[1], [2], [1]], [[1], [0], [-1]], [[1], [0], [-1]], [[1], [0], [1]], [[1], [-1]]]",null,0
2.584.4t3.f,584,"[2, 73]","[2, 3, 73, 281]",True,1,"[[[1], [-2], [1]], [[1], [2], [1]], [[1], [0], [-1]], [[1], [0], [-1]], [[1], [0], [1]], [[1], [1]], [[1], [-1]]]",null,0
2.588.3t2.a,588,"[2, 3, 7]","[2, 3, 7]",False,1,"[[[1], [-2], [1]], [[1], [0], [-1]], [[1], [1], [1]], [[1]], [[1], [-1]]]","[[1], [1, -1], [1, 0, -1], [1], [1, 0, -1], [1, 1, 1], [1, 0, -1], [1, 1, 1], [1, 0, -1], [1, 0, -1], [1, 1, 1], [1, 1, 1], [1, 0, -1], [1, 1, 1], [1, 0, -1], [1, 0, -1], [1, 0, -1], [1, -2, 1], [1, 1, 1], [1, 0, -1], [1, 1, 1], [1, 1, 1], [1, 0, -1], [1, 0, -1], [1, -2, 1], [1, 0, -1], [1, 1, 1], [1, 0, -1], [1, 1, 1], [1, 0, -1]]",0
2.588.6t3.a,588,"[2, 3, 7]","[2, 3, 7]",False,1,"[[[1], [-2], [1]], [[1], [2], [1]], [[1], [0], [-1]], [[1], [0], [-1]], [[1], [1], [1]], [[1], [-1], [1]], [[1]], [[1], [1]]]",null,0
2.588.6t3.b,588,"[2, 3, 7]","[2, 3, 7]",False,1,"[[[1], [-2], [1]], [[1], [2], [1]], [[1], [0], [-1]], [[1], [0], [-1]], [[1], [1], [1]], [[1], [-1], [1]], [[1]], [[1], [1]]]","[[1], [1, 1], [1, 0, -1], [1], [1, 0, -1], [1, -1, 1], [1, 0, -1], [1, -1, 1], [1, 0, -1], [1, 0, -1], [1, -1, 1], [1, 1, 1], [1, 0, -1], [1, 1, 1], [1, 0, -1], [1, 0, -1], [1, 0, -1], [1, 2, 1], [1, 1, 1], [1, 0, -1], [1, -1, 1], [1, 1, 1], [1, 0, -1], [1, 0, -1], [1, 2, 1], [1, 0, -1], [1, -1, 1], [1, 0, -1], [1, 1, 1], [1, 0, -1]]",0
2.592.4t3.a,592,"[2, 37]","[2, 3, 37]",False,1,"[[[1], [-2], [1]], [[1], [2], [1]], [[1], [0], [-1]], [[1], [0], [-1]], [[1], [0], [1]], [[1]], [[1], [1]]]","[[1], [1, 0, -1], [1, 0, -1], [1, 0, -1], [1, 0, -1], [1, 0, -1], [1, 0, -1], [1, 0, 1], [1, 0, 1], [1, 0, -1], [1, 0, 1], [1, 1], [1, 2, 1], [1, 0, 1], [1, 0, -1], [1, 2, 1], [1, 0, 1], [1, 0, -1], [1, 0, -1], [1, 0, -1], [1, 2, 1], [1, 0, 1], [1, 0, -1], [1, 0, -1], [1, 0, -1], [1, 2, 1], [1, 0, 1], [1, 0, -1], [1, 0, -1], [1, 0, -1]]",0
2.592.4t3.b,592,"[2, 37]","[2, 3, 37, 1373]",False,1,"[[[1], [-2], [1]], [[1], [2], [1]], [[1], [0], [-1]], [[1], [0], [-1]], [[1], [0], [1]], [[1]], [[1], [1]]]",null,0
2.592.4t3.c,592,"[2, 37]","[2, 3, 37]",False,1,"[[[1], [-2], [1]], [[1], [2], [1]], [[1], [0], [-1]], [[1], [0], [-1]], [[1], [0], [1]], [[1]], [[1], [1]]]",null,0
2.592.6t3.a,592,"[2, 37]","[2, 5, 19, 37]",True,1,"[[[1], [-2], [1]], [[1], [2], [1]], [[1], [0], [-1]], [[1], [0], [-1]], [[1], [1], [1]], [[1], [-1], [1]], [[1]], [[1], [-1]]]",null,0
2.592.6t3.b,592,"[2, 37]","[2, 23, 37]",True,1,"[[[1], [-2], [1]], [[1], [2], [1]], [[1], [0], [-1]], [[1], [0], [-1]], [[1], [1], [1]], [[1], [-1], [1]], [[1]], [[1], [-1]]]",null,0
2.600.4t3.a,600,"[2, 3, 5]","[2, 3, 5, 79]",False,1,"[[[1], [-2], [1]], [[1], [2], [1]], [[1], [0], [-1]], [[1], [0], [-1]], [[1], [0], [1]], [[1], [-1]], [[1], [1]], [[1]]]",null,0
2.600.4t3.b,600,"[2, 3, 5]","[2, 3, 5]",False,1,"[[[1], [-2], [1]], [[1], [2], [1]], [[1], [0], [-1]], [[1], [0], [-1]], [[1], [0], [1]], [[1], [1]], [[1], [-1]], [[1]]]",null,0
2.600.4t3.c,600,"[2, 3, 5]","[2, 3, 5]",False,1,"[[[1], [-2], [1]], [[1], [2], [1]], [[1], [0], [-1]], [[1], [0], [-1]], [[1], [0], [1]], [[1], [1]], [[1], [-1]], [[1]]]",null,0
2.600.4t3.d,600,"[2, 3, 5]","[2, 3, 5]",False,1,"[[[1], [-2], [1]], [[1], [2], [1]], [[1], [0], [-1]], [[1], [0], [-1]], [[1], [0], [1]], [[1], [-1]], [[1], [1]], [[1]]]",null,0
2.600.4t3.e,600,"[2, 3, 5]","[2, 3, 5]",False,1,"[[[1], [-2], [1]], [[1], [2], [1]], [[1], [0], [-1]], [[1], [0], [-1]], [[1], [0], [1]], [[1], [1]], [[1], [-1]], [[1]]]","[[1, 1], [1, -1], [1], [1, 0, 1], [1, 0, 1], [1, 0, -1], [1, 0, -1], [1, 0, -1], [1, 0, -1], [1, 0, 1], [1, 2, 1], [1, 0, -1], [1, 0, -1], [1, 0, -1], [1, 0, -1], [1, -2, 1], [1, 0, 1], [1, 0, -1], [1, 0, -1], [1, 0, -1], [1, 0, 1], [1, 2, 1], [1, 2, 1], [1, 0, -1], [1, 0, 1], [1, 0, 1], [1, 0, 1], [1, 2, 1], [1, 0, -1], [1, 0, -1]]",0
2.600.4t3.f,600,"[2, 3, 5]","[2, 3, 5]",False,1,"[[[1], [-2], [1]], [[1], [2], [1]], [[1], [0], [-1]], [[1], [0], [-1]], [[1], [0], [1]], [[1], [-1]], [[1], [1]], [[1]]]","[[1, -1], [1, 1], [1], [1, 0, 1], [1, 0, 1], [1, 0, -1], [1, 0, -1], [1, 0, -1], [1, 0, -1], [1, 0, 1], [1, 2, 1], [1, 0, -1], [1, 0, -1], [1, 0, -1], [1, 0, -1], [1, 2, 1], [1, 0, 1], [1, 0, -1], [1, 0, -1], [1, 0, -1], [1, 0, 1], [1, 2, 1], [1, -2, 1], [1, 0, -1], [1, 0, 1], [1, 0, 1], [1, 0, 1], [1, -2, 1], [1, 0, -1], [1, 0, -1]]",0
2.603.4t3.a,603,"[3, 67]","[2, 3, 67]",False,1,"[[[1], [-2], [1]], [[1], [2], [1]], [[1], [0], [-1]], [[1], [0], [-1]], [[1], [0], [1]], [[1]], [[1], [1]]]","[[1, 0, -1], [1], [1, 0, -1], [1, 0, -1], [1, 0, -1], [1, 0, -1], [1, 0, 1], [1, 2, 1], [1, 0, 1], [1, 0, 1], [1, 0, -1], [1, 2, 1], [1, 0, -1], [1, 0, -1], [1, 0, 1], [1, 0, -1], [1, 0, 1], [1, 0, -1], [1, 1], [1, 0, 1], [1, 2, 1], [1, 0, -1], [1, 0, 1], [1, 0, 1], [1, 0, -1], [1, 0, -1], [1, 2, 1], [1, 0, 1], [1, 0, -1], [1, 0, -1]]",0
2.603.4t3.b,603,"[3, 67]","[2, 3, 5, 11, 13, 67]",False,1,"[[[1], [-2], [1]], [[1], [2], [1]], [[1], [0], [-1]], [[1], [0], [-1]], [[1], [0], [1]], [[1]], [[1], [1]]]",null,0
2.603.4t3.c,603,"[3, 67]","[2, 3, 67]",False,1,"[[[1], [-2], [1]], [[1], [2], [1]], [[1], [0], [-1]], [[1], [0], [-1]], [[1], [0], [1]], [[1]], [[1], [1]]]",null,0
2.608.6t3.a,608,"[2, 19]","[2, 5, 19]",False,1,"[[[1], [-2], [1]], [[1], [2], [1]], [[1], [0], [-1]], [[1], [0], [-1]], [[1], [1], [1]], [[1], [-1], [1]], [[1]], [[1], [-1]]]",null,0
2.608.6t3.b,608,"[2, 19]","[2, 19, 37]",False,1,"[[[1], [-2], [1]], [[1], [2], [1]], [[1], [0], [-1]], [[1], [0], [-1]], [[1], [1], [1]], [[1], [-1], [1]], [[1]], [[1], [1]]]",null,0
2.608.6t3.c,608,"[2, 19]","[2, 19]",False,1,"[[[1], [-2], [1]], [[1], [2], [1]], [[1], [0], [-1]], [[1], [0], [-1]], [[1], [1], [1]], [[1], [-1], [1]], [[1]], [[1], [-1]]]","[[1], [1, 1, 1], [1, 0, -1], [1, -1, 1], [1, 0, -1], [1, -1, 1], [1, 1, 1], [1, -1], [1, -1, 1], [1, -1, 1], [1, 0, -1], [1, 2, 1], [1, 0, -1], [1, 0, -1], [1, 2, 1], [1, -1, 1], [1, 1, 1], [1, 0, -1], [1, 1, 1], [1, 0, -1], [1, 1, 1], [1, 0, -1], [1, 0, -1], [1, 0, -1], [1, 0, -1], [1, 0, -1], [1, 0, -1], [1, 1, 1], [1, -1, 1], [1, 0, -1]]",0
2.608.6t3.d,608,"[2, 19]","[2, 19]",False,1,"[[[1], [-2], [1]], [[1], [2], [1]], [[1], [0], [-1]], [[1], [0], [-1]], [[1], [1], [1]], [[1], [-1], [1]], [[1]], [[1], [1]]]","[[1], [1, -1, 1], [1, 0, -1], [1, -1, 1], [1, 0, -1], [1, 1, 1], [1, 1, 1], [1, 1], [1, -1, 1], [1, 1, 1], [1, 0, -1], [1, -2, 1], [1, 0, -1], [1, 0, -1], [1, 2, 1], [1, 1, 1], [1, -1, 1], [1, 0, -1], [1, -1, 1], [1, 0, -1], [1, 1, 1], [1, 0, -1], [1, 0, -1], [1, 0, -1], [1, 0, -1], [1, 0, -1], [1, 0, -1], [1, -1, 1], [1, 1, 1], [1, 0, -1]]",0
2.612.4t3.a,612,"[2, 3, 17]","[2, 3, 5, 17]",False,1,"[[[1], [-2], [1]], [[1], [2], [1]], [[1], [0], [-1]], [[1], [0], [-1]], [[1], [0], [1]], [[1], [-1]], [[1]], [[1], [1]]]",null,0
2.612.4t3.b,612,"[2, 3, 17]","[2, 3, 17]",False,1,"[[[1], [-2], [1]], [[1], [2], [1]], [[1], [0], [-1]], [[1], [0], [-1]], [[1], [0], [1]], [[1], [-1]], [[1]], [[1], [1]]]","[[1, -1], [1], [1, 0, -1], [1, 0, 1], [1, 0, 1], [1, 2, 1], [1, 1], [1, 0, -1], [1, 0, 1], [1, 0, -1], [1, 0, 1], [1, 0, -1], [1, 0, -1], [1, 0, -1], [1, 0, -1], [1, 2, 1], [1, 0, -1], [1, 0, -1], [1, 0, -1], [1, 0, 1], [1, 0, -1], [1, 0, 1], [1, 0, -1], [1, -2, 1], [1, 0, -1], [1, -2, 1], [1, 0, -1], [1, 0, 1], [1, 0, -1], [1, 0, -1]]",0
2.612.4t3.c,612,"[2, 3, 17]","[2, 3, 17]",False,1,"[[[1], [-2], [1]], [[1], [2], [1]], [[1], [0], [-1]], [[1], [0], [-1]], [[1], [0], [1]], [[1], [-1]], [[1]], [[1], [1]]]",null,0
2.616.4t3.a,616,"[2, 7, 11]","[2, 3, 7, 11, 29]",False,1,"[[[1], [-2], [1]], [[1], [2], [1]], [[1], [0], [-1]], [[1], [0], [-1]], [[1], [0], [1]], [[1], [-1]], [[1], [1]]]",null,0
2.616.4t3.b,616,"[2, 7, 11]","[2, 3, 7, 11, 29]",False,1,"[[[1], [-2], [1]], [[1], [2], [1]], [[1], [0], [-1]], [[1], [0], [-1]], [[1], [0], [1]], [[1], [1]], [[1], [-1]]]",null,0
2.616.4t3.c,616,"[2, 7, 11]","[2, 3, 7, 11]",False,1,"[[[1], [-2], [1]], [[1], [2], [1]], [[1], [0], [-1]], [[1], [0], [-1]], [[1], [0], [1]], [[1], [1]], [[1], [-1]]]","[[1, 1], [1, 0, -1], [1, 0, 1], [1, -1], [1, 1], [1, 0, -1], [1, 0, 1], [1, 0, 1], [1, 0, -1], [1, -2, 1], [1, 0, 1], [1, 0, -1], [1, 0, 1], [1, 0, -1], [1, 0, 1], [1, 0, -1], [1, 0, -1], [1, 0, -1], [1, 2, 1], [1, 0, -1], [1, 0, 1], [1, 2, 1], [1, 0, 1], [1, 0, -1], [1, 0, -1], [1, 0, -1], [1, 0, 1], [1, 0, -1], [1, 2, 1], [1, 2, 1]]",0
2.616.4t3.d,616,"[2, 7, 11]","[2, 7, 11]",False,1,"[[[1], [-2], [1]], [[1], [2], [1]], [[1], [0], [-1]], [[1], [0], [-1]], [[1], [0], [1]], [[1], [-1]], [[1], [1]]]","[[1, -1], [1, 0, -1], [1, 0, 1], [1, 1], [1, 1], [1, 0, -1], [1, 0, 1], [1, 0, 1], [1, 0, -1], [1, 2, 1], [1, 0, 1], [1, 0, -1], [1, 0, 1], [1, 0, -1], [1, 0, 1], [1, 0, -1], [1, 0, -1], [1, 0, -1], [1, 2, 1], [1, 0, -1], [1, 0, 1], [1, -2, 1], [1, 0, 1], [1, 0, -1], [1, 0, -1], [1, 0, -1], [1, 0, 1], [1, 0, -1], [1, -2, 1], [1, 2, 1]]",0
2.616.4t3.e,616,"[2, 7, 11]","[2, 7, 11]",False,1,"[[[1], [-2], [1]], [[1], [2], [1]], [[1], [0], [-1]], [[1], [0], [-1]], [[1], [0], [1]], [[1], [1]], [[1], [-1]]]",null,0
2.616.4t3.f,616,"[2, 7, 11]","[2, 3, 7, 11]",False,1,"[[[1], [-2], [1]], [[1], [2], [1]], [[1], [0], [-1]], [[1], [0], [-1]], [[1], [0], [1]], [[1], [-1]], [[1], [1]]]",null,0
2.620.3t2.a,620,"[2, 5, 31]","[2, 5, 31]",False,1,"[[[1], [-2], [1]], [[1], [0], [-1]], [[1], [1], [1]], [[1]], [[1], [-1]]]","[[1], [1, 1, 1], [1, -1], [1, 0, -1], [1, 0, -1], [1, -2, 1], [1, 1, 1], [1, 1, 1], [1, -2, 1], [1, 0, -1], [1, -1], [1, 1, 1], [1, 1, 1], [1, 1, 1], [1, 0, -1], [1, 1, 1], [1, 1, 1], [1, 0, -1], [1, 0, -1], [1, 1, 1], [1, 1, 1], [1, 0, -1], [1, 1, 1], [1, 0, -1], [1, 0, -1], [1, 1, 1], [1, 0, -1], [1, 0, -1], [1, 1, 1], [1, 0, -1]]",0
2.620.6t3.a,620,"[2, 5, 31]","[2, 5, 11, 31]",False,1,"[[[1], [-2], [1]], [[1], [2], [1]], [[1], [0], [-1]], [[1], [0], [-1]], [[1], [1], [1]], [[1], [-1], [1]], [[1]], [[1], [-1]]]",null,0
2.620.6t3.b,620,"[2, 5, 31]","[2, 5, 7, 31]",False,1,"[[[1], [-2], [1]], [[1], [2], [1]], [[1], [0], [-1]], [[1], [0], [-1]], [[1], [1], [1]], [[1], [-1], [1]], [[1]], [[1], [-1]]]","[[1], [1, -1, 1], [1, -1], [1, 0, -1], [1, 0, -1], [1, 2, 1], [1, -1, 1], [1, 1, 1], [1, 2, 1], [1, 0, -1], [1, -1], [1, -1, 1], [1, 1, 1], [1, -1, 1], [1, 0, -1], [1, -1, 1], [1, 1, 1], [1, 0, -1], [1, 0, -1], [1, 1, 1], [1, -1, 1], [1, 0, -1], [1, -1, 1], [1, 0, -1], [1, 0, -1], [1, 1, 1], [1, 0, -1], [1, 0, -1], [1, 1, 1], [1, 0, -1]]",0
2.621.3t2.a,621,"[3, 23]","[3, 23]",True,1,"[[[1], [-2], [1]], [[1], [0], [-1]], [[1], [1], [1]], [[1]], [[1], [-1]]]",null,0
2.621.6t3.a,621,"[3, 23]","[2, 3, 23]",True,1,"[[[1], [-2], [1]], [[1], [2], [1]], [[1], [0], [-1]], [[1], [0], [-1]], [[1], [1], [1]], [[1], [-1], [1]], [[1]], [[1], [1]]]",null,0
2.621.6t3.b,621,"[3, 23]","[2, 3, 23]",True,1,"[[[1], [-2], [1]], [[1], [2], [1]], [[1], [0], [-1]], [[1], [0], [-1]], [[1], [1], [1]], [[1], [-1], [1]], [[1]], [[1], [1]]]",null,0
2.624.4t3.a,624,"[2, 3, 13]","[2, 3, 13]",False,1,"[[[1], [-2], [1]], [[1], [2], [1]], [[1], [0], [-1]], [[1], [0], [-1]], [[1], [0], [1]], [[1]], [[1], [-1]], [[1], [1]]]",null,0
2.624.4t3.b,624,"[2, 3, 13]","[2, 3, 13]",False,1,"[[[1], [-2], [1]], [[1], [2], [1]], [[1], [0], [-1]], [[1], [0], [-1]], [[1], [0], [1]], [[1]], [[1], [-1]], [[1], [1]]]","[[1], [1, -1], [1, 0, 1], [1, 0, -1], [1, 0, 1], [1, 1], [1, 0, -1], [1, 0, -1], [1, 0, -1], [1, 0, -1], [1, 0, -1], [1, 0, -1], [1, 0, 1], [1, 2, 1], [1, 0, 1], [1, 0, -1], [1, 0, 1], [1, 2, 1], [1, 0, -1], [1, 0, 1], [1, 0, -1], [1, -2, 1], [1, 0, 1], [1, 0, 1], [1, 0, -1], [1, 0, -1], [1, 2, 1], [1, 0, -1], [1, 0, -1], [1, 0, -1]]",0
2.624.4t3.c,624,"[2, 3, 13]","[2, 3, 13]",False,1,"[[[1], [-2], [1]], [[1], [2], [1]], [[1], [0], [-1]], [[1], [0], [-1]], [[1], [0], [1]], [[1]], [[1], [-1]], [[1], [1]]]",null,0
2.624.4t3.d,624,"[2, 3, 13]","[2, 3, 13]",True,1,"[[[1], [-2], [1]], [[1], [2], [1]], [[1], [0], [-1]], [[1], [0], [-1]], [[1], [0], [1]], [[1]], [[1], [1]], [[1], [-1]]]",null,0
2.624.4t3.e,624,"[2, 3, 13]","[2, 3, 13]",True,1,"[[[1], [-2], [1]], [[1], [2], [1]], [[1], [0], [-1]], [[1], [0], [-1]], [[1], [0], [1]], [[1]], [[1], [-1]]]",null,0
2.624.4t3.f,624,"[2, 3, 13]","[2, 3, 13]",True,1,"[[[1], [-2], [1]], [[1], [2], [1]], [[1], [0], [-1]], [[1], [0], [-1]], [[1], [0], [1]], [[1]], [[1], [1]], [[1], [-1]]]",null,0
2.624.4t3.g,624,"[2, 3, 13]","[2, 3, 13]",True,1,"[[[1], [-2], [1]], [[1], [2], [1]], [[1], [0], [-1]], [[1], [0], [-1]], [[1], [0], [1]], [[1]], [[1], [-1]]]",null,0
2.624.4t3.h,624,"[2, 3, 13]","[2, 3, 13, 179]",True,1,"[[[1], [-2], [1]], [[1], [2], [1]], [[1], [0], [-1]], [[1], [0], [-1]], [[1], [0], [1]], [[1]], [[1], [1]], [[1], [-1]]]",null,0
2.624.4t3.i,624,"[2, 3, 13]","[2, 3, 13, 23, 251]",True,1,"[[[1], [-2], [1]], [[1], [2], [1]], [[1], [0], [-1]], [[1], [0], [-1]], [[1], [0], [1]], [[1]], [[1], [-1]]]",null,0
2.628.3t2.a,628,"[2, 157]","[2, 157]",False,1,"[[[1], [-2], [1]], [[1], [0], [-1]], [[1], [1], [1]], [[1], [-1]]]","[[1, -1], [1, 0, -1], [1, 0, -1], [1, 1, 1], [1, 0, -1], [1, 1, 1], [1, 1, 1], [1, 0, -1], [1, 1, 1], [1, 0, -1], [1, 0, -1], [1, 1, 1], [1, 0, -1], [1, 1, 1], [1, 0, -1], [1, 0, -1], [1, 1, 1], [1, 0, -1], [1, 0, -1], [1, 0, -1], [1, 0, -1], [1, -2, 1], [1, -2, 1], [1, 1, 1], [1, 0, -1], [1, 1, 1], [1, -2, 1], [1, 1, 1], [1, 1, 1], [1, 1, 1]]",0
2.628.6t3.a,628,"[2, 157]","[2, 3, 47, 157]",False,1,"[[[1], [-2], [1]], [[1], [2], [1]], [[1], [0], [-1]], [[1], [0], [-1]], [[1], [1], [1]], [[1], [-1], [1]], [[1], [1]], [[1], [-1]]]",null,0
2.628.6t3.b,628,"[2, 157]","[2, 3, 157]",False,1,"[[[1], [-2], [1]], [[1], [2], [1]], [[1], [0], [-1]], [[1], [0], [-1]], [[1], [1], [1]], [[1], [-1], [1]], [[1], [1]], [[1], [-1]]]","[[1, 1], [1, 0, -1], [1, 0, -1], [1, -1, 1], [1, 0, -1], [1, 1, 1], [1, 1, 1], [1, 0, -1], [1, -1, 1], [1, 0, -1], [1, 0, -1], [1, 1, 1], [1, 0, -1], [1, -1, 1], [1, 0, -1], [1, 0, -1], [1, -1, 1], [1, 0, -1], [1, 0, -1], [1, 0, -1], [1, 0, -1], [1, 2, 1], [1, 2, 1], [1, 1, 1], [1, 0, -1], [1, 1, 1], [1, 2, 1], [1, -1, 1], [1, 1, 1], [1, 1, 1]]",0
2.632.4t3.a,632,"[2, 79]","[2, 79]",False,1,"[[[1], [-2], [1]], [[1], [2], [1]], [[1], [0], [-1]], [[1], [0], [-1]], [[1], [0], [1]], [[1], [-1]]]",null,0
2.632.4t3.b,632,"[2, 79]","[2, 3, 5, 79, 7193]",False,1,"[[[1], [-2], [1]], [[1], [2], [1]], [[1], [0], [-1]], [[1], [0], [-1]], [[1], [0], [1]], [[1], [-1]]]",null,0
2.632.4t3.c,632,"[2, 79]","[2, 79]",False,1,"[[[1], [-2], [1]], [[1], [2], [1]], [[1], [0], [-1]], [[1], [0], [-1]], [[1], [0], [1]], [[1], [-1]]]","[[1, -1], [1, 0, 1], [1, 0, -1], [1, 0, -1], [1, 0, -1], [1, 0, -1], [1, 0, -1], [1, 0, -1], [1, 2, 1], [1, 0, 1], [1, 2, 1], [1, 0, 1], [1, 0, -1], [1, 0, 1], [1, 0, -1], [1, 0, 1], [1, 0, 1], [1, 0, 1], [1, 0, -1], [1, 0, -1], [1, 2, 1], [1, -1], [1, 0, -1], [1, 2, 1], [1, -2, 1], [1, 0, -1], [1, 0, -1], [1, 0, 1], [1, 0, 1], [1, 0, -1]]",0
2.640.4t3.a,640,"[2, 5]","[2, 3, 5]",False,1,"[[[1], [-2], [1]], [[1], [2], [1]], [[1], [0], [-1]], [[1], [0], [-1]], [[1], [0], [1]], [[1]], [[1], [-1]]]","[[1], [1, 0, -1], [1, -1], [1, 0, 1], [1, 0, 1], [1, 2, 1], [1, 0, -1], [1, 0, 1], [1, 0, 1], [1, 0, -1], [1, 0, -1], [1, -2, 1], [1, 2, 1], [1, 0, -1], [1, 0, 1], [1, 2, 1], [1, 0, 1], [1, 0, -1], [1, 0, -1], [1, 0, -1], [1, 0, -1], [1, 0, -1], [1, 0, -1], [1, 2, 1], [1, 0, -1], [1, 0, -1], [1, 0, 1], [1, 0, -1], [1, 0, -1], [1, 0, -1]]",0
2.640.4t3.b,640,"[2, 5]","[2, 3, 5]",False,1,"[[[1], [-2], [1]], [[1], [2], [1]], [[1], [0], [-1]], [[1], [0], [-1]], [[1], [0], [1]], [[1]], [[1], [1]]]","[[1], [1, 0, -1], [1, 1], [1, 0, 1], [1, 0, 1], [1, -2, 1], [1, 0, -1], [1, 0, 1], [1, 0, 1], [1, 0, -1], [1, 0, -1], [1, 2, 1], [1, 2, 1], [1, 0, -1], [1, 0, 1], [1, -2, 1], [1, 0, 1], [1, 0, -1], [1, 0, -1], [1, 0, -1], [1, 0, -1], [1, 0, -1], [1, 0, -1], [1, 2, 1], [1, 0, -1], [1, 0, -1], [1, 0, 1], [1, 0, -1], [1, 0, -1], [1, 0, -1]]",0
2.640.4t3.c,640,"[2, 5]","[2, 3, 5]",False,1,"[[[1], [-2], [1]], [[1], [2], [1]], [[1], [0], [-1]], [[1], [0], [-1]], [[1], [0], [1]], [[1]], [[1], [-1]]]",null,0
2.640.4t3.d,640,"[2, 5]","[2, 5]",False,1,"[[[1], [-2], [1]], [[1], [2], [1]], [[1], [0], [-1]], [[1], [0], [-1]], [[1], [0], [1]], [[1]], [[1], [1]]]",null,0
2.640.4t3.e,640,"[2, 5]","[2, 3, 5]",False,1,"[[[1], [-2], [1]], [[1], [2], [1]], [[1], [0], [-1]], [[1], [0], [-1]], [[1], [0], [1]], [[1]], [[1], [-1]]]",null,0
2.640.4t3.f,640,"[2, 5]","[2, 3, 5]",False,1,"[[[1], [-2], [1]], [[1], [2], [1]], [[1], [0], [-1]], [[1], [0], [-1]], [[1], [0], [1]], [[1]], [[1], [1]]]",null,0
2.643.3t2.a,643,[643],[643],False,1,"[[[1], [-2], [1]], [[1], [0], [-1]], [[1], [1], [1]], [[1], [-1]]]","[[1, 0, -1], [1, 0, -1], [1, 0, -1], [1, 1, 1], [1, 0, -1], [1, 0, -1], [1, 0, -1], [1, 0, -1], [1, 1, 1], [1, 1, 1], [1, 1, 1], [1, 0, -1], [1, 0, -1], [1, 0, -1], [1, 0, -1], [1, 1, 1], [1, 0, -1], [1, 0, -1], [1, 0, -1], [1, 0, -1], [1, 0, -1], [1, 0, -1], [1, 1, 1], [1, 1, 1], [1, 1, 1], [1, 1, 1], [1, 0, -1], [1, 0, -1], [1, 0, -1], [1, 0, -1]]",0
2.644.4t3.a,644,"[2, 7, 23]","[2, 7, 23]",False,1,"[[[1], [-2], [1]], [[1], [2], [1]], [[1], [0], [-1]], [[1], [0], [-1]], [[1], [0], [1]], [[1], [-1]]]",null,0
2.644.4t3.b,644,"[2, 7, 23]","[2, 7, 11, 23]",False,1,"[[[1], [-2], [1]], [[1], [2], [1]], [[1], [0], [-1]], [[1], [0], [-1]], [[1], [0], [1]], [[1], [-1]], [[1], [1]]]",null,0
2.644.4t3.c,644,"[2, 7, 23]","[2, 7, 23]",False,1,"[[[1], [-2], [1]], [[1], [2], [1]], [[1], [0], [-1]], [[1], [0], [-1]], [[1], [0], [1]], [[1], [-1]]]","[[1, -1], [1, 0, 1], [1, 0, 1], [1, -1], [1, 2, 1], [1, 0, -1], [1, 0, 1], [1, 0, -1], [1, -1], [1, 2, 1], [1, 0, 1], [1, 0, -1], [1, 0, -1], [1, -2, 1], [1, 0, 1], [1, 0, -1], [1, 0, 1], [1, 0, 1], [1, 2, 1], [1, 0, -1], [1, 0, -1], [1, 2, 1], [1, 0, -1], [1, 0, 1], [1, 0, 1], [1, 0, -1], [1, 0, -1], [1, -2, 1], [1, 0, -1], [1, 0, -1]]",0
2.644.4t3.d,644,"[2, 7, 23]","[2, 7, 23]",False,1,"[[[1], [-2], [1]], [[1], [2], [1]], [[1], [0], [-1]], [[1], [0], [-1]], [[1], [0], [1]], [[1], [-1]], [[1], [1]]]","[[1, -1], [1, 0, 1], [1, 0, 1], [1, 1], [1, -2, 1], [1, 0, -1], [1, 0, 1], [1, 0, -1], [1, 1], [1, 2, 1], [1, 0, 1], [1, 0, -1], [1, 0, -1], [1, 2, 1], [1, 0, 1], [1, 0, -1], [1, 0, 1], [1, 0, 1], [1, -2, 1], [1, 0, -1], [1, 0, -1], [1, -2, 1], [1, 0, -1], [1, 0, 1], [1, 0, 1], [1, 0, -1], [1, 0, -1], [1, 2, 1], [1, 0, -1], [1, 0, -1]]",0
2.644.4t3.e,644,"[2, 7, 23]","[2, 7, 23]",False,1,"[[[1], [-2], [1]], [[1], [2], [1]], [[1], [0], [-1]], [[1], [0], [-1]], [[1], [0], [1]], [[1], [-1]], [[1], [1]]]",null,0
2.644.4t3.f,644,"[2, 7, 23]","[2, 7, 23]",False,1,"[[[1], [-2], [1]], [[1], [2], [1]], [[1], [0], [-1]], [[1], [0], [-1]], [[1], [0], [1]], [[1], [-1]]]",null,0
2.648.3t2.a,648,"[2, 3]","[2, 3]",False,1,"[[[1], [-2], [1]], [[1], [0], [-1]], [[1], [1], [1]], [[1], [-1]], [[1]]]",null,0
2.648.3t2.b,648,"[2, 3]","[2, 3]",False,1,"[[[1], [-2], [1]], [[1], [0], [-1]], [[1], [1], [1]], [[1], [-1]], [[1]]]","[[1, -1], [1], [1, 0, -1], [1, 0, -1], [1, 1, 1], [1, 0, -1], [1, 1, 1], [1, 1, 1], [1, 0, -1], [1, 0, -1], [1, 0, -1], [1, 0, -1], [1, 1, 1], [1, 1, 1], [1, 0, -1], [1, 0, -1], [1, 1, 1], [1, 0, -1], [1, 1, 1], [1, 0, -1], [1, 1, 1], [1, 0, -1], [1, -2, 1], [1, -2, 1], [1, 1, 1], [1, 0, -1], [1, 0, -1], [1, 1, 1], [1, 0, -1], [1, -2, 1]]",0
2.648.6t3.a,648,"[2, 3]","[2, 3]",False,1,"[[[1], [-2], [1]], [[1], [2], [1]], [[1], [0], [-1]], [[1], [0], [-1]], [[1], [1], [1]], [[1], [-1], [1]], [[1], [1]], [[1]]]",null,0
2.648.6t3.b,648,"[2, 3]","[2, 3, 5]",False,1,"[[[1], [-2], [1]], [[1], [2], [1]], [[1], [0], [-1]], [[1], [0], [-1]], [[1], [1], [1]], [[1], [-1], [1]], [[1], [1]], [[1]]]","[[1, 1], [1], [1, 0, -1], [1, 0, -1], [1, -1, 1], [1, 0, -1], [1, -1, 1], [1, 1, 1], [1, 0, -1], [1, 0, -1], [1, 0, -1], [1, 0, -1], [1, -1, 1], [1, 1, 1], [1, 0, -1], [1, 0, -1], [1, -1, 1], [1, 0, -1], [1, 1, 1], [1, 0, -1], [1, 1, 1], [1, 0, -1], [1, 2, 1], [1, 2, 1], [1, 1, 1], [1, 0, -1], [1, 0, -1], [1, -1, 1], [1, 0, -1], [1, 2, 1]]",0
2.651.4t3.a,651,"[3, 7, 31]","[2, 3, 7, 31, 181]",False,1,"[[[1], [-2], [1]], [[1], [2], [1]], [[1], [0], [-1]], [[1], [0], [-1]], [[1], [0], [1]], [[1], [-1]], [[1], [1]]]",null,0
2.651.4t3.b,651,"[3, 7, 31]","[2, 3, 7, 31, 73]",False,1,"[[[1], [-2], [1]], [[1], [2], [1]], [[1], [0], [-1]], [[1], [0], [-1]], [[1], [0], [1]], [[1], [1]], [[1], [-1]]]",null,0
2.651.4t3.c,651,"[3, 7, 31]","[2, 3, 7, 31]",False,1,"[[[1], [-2], [1]], [[1], [2], [1]], [[1], [0], [-1]], [[1], [0], [-1]], [[1], [0], [1]], [[1], [-1]], [[1], [1]]]","[[1, 0, -1], [1, -1], [1, 0, 1], [1, 1], [1, 0, 1], [1, 2, 1], [1, 0, -1], [1, 0, -1], [1, 0, 1], [1, 0, 1], [1, 1], [1, 0, -1], [1, 0, 1], [1, 0, -1], [1, 0, 1], [1, 0, 1], [1, 0, 1], [1, -2, 1], [1, 2, 1], [1, 0, -1], [1, -2, 1], [1, 0, -1], [1, 0, -1], [1, 0, -1], [1, 0, -1], [1, 0, 1], [1, 0, -1], [1, 0, -1], [1, 2, 1], [1, 0, -1]]",0
2.651.4t3.d,651,"[3, 7, 31]","[2, 3, 7, 31]",False,1,"[[[1], [-2], [1]], [[1], [2], [1]], [[1], [0], [-1]], [[1], [0], [-1]], [[1], [0], [1]], [[1], [1]], [[1], [-1]]]","[[1, 0, -1], [1, 1], [1, 0, 1], [1, 1], [1, 0, 1], [1, -2, 1], [1, 0, -1], [1, 0, -1], [1, 0, 1], [1, 0, 1], [1, -1], [1, 0, -1], [1, 0, 1], [1, 0, -1], [1, 0, 1], [1, 0, 1], [1, 0, 1], [1, 2, 1], [1, 2, 1], [1, 0, -1], [1, 2, 1], [1, 0, -1], [1, 0, -1], [1, 0, -1], [1, 0, -1], [1, 0, 1], [1, 0, -1], [1, 0, -1], [1, 2, 1], [1, 0, -1]]",0
2.651.4t3.e,651,"[3, 7, 31]","[2, 3, 7, 31]",False,1,"[[[1], [-2], [1]], [[1], [2], [1]], [[1], [0], [-1]], [[1], [0], [-1]], [[1], [0], [1]], [[1], [1]], [[1], [-1]]]",null,0
2.651.4t3.f,651,"[3, 7, 31]","[2, 3, 7, 31]",False,1,"[[[1], [-2], [1]], [[1], [2], [1]], [[1], [0], [-1]], [[1], [0], [-1]], [[1], [0], [1]], [[1], [-1]], [[1], [1]]]",null,0
2.652.3t2.a,652,"[2, 163]","[2, 163]",False,1,"[[[1], [-2], [1]], [[1], [0], [-1]], [[1], [1], [1]], [[1]], [[1], [-1]]]","[[1], [1, 0, -1], [1, 0, -1], [1, 0, -1], [1, 0, -1], [1, 0, -1], [1, 0, -1], [1, 0, -1], [1, 0, -1], [1, 0, -1], [1, 0, -1], [1, 0, -1], [1, 1, 1], [1, 1, 1], [1, 1, 1], [1, 1, 1], [1, 0, -1], [1, 1, 1], [1, 0, -1], [1, 1, 1], [1, 0, -1], [1, 0, -1], [1, 1, 1], [1, 0, -1], [1, 1, 1], [1, 0, -1], [1, 0, -1], [1, 0, -1], [1, 0, -1], [1, 1, 1]]",0
2.655.3t2.a,655,"[5, 131]","[5, 131]",False,1,"[[[1], [-2], [1]], [[1], [0], [-1]], [[1], [1], [1]], [[1], [-1]]]","[[1, 1, 1], [1, 0, -1], [1, -1], [1, 0, -1], [1, 1, 1], [1, 0, -1], [1, 1, 1], [1, 0, -1], [1, -2, 1], [1, 0, -1], [1, 0, -1], [1, -2, 1], [1, 1, 1], [1, 0, -1], [1, 1, 1], [1, 0, -1], [1, 1, 1], [1, 1, 1], [1, 1, 1], [1, 0, -1], [1, -2, 1], [1, 0, -1], [1, 1, 1], [1, 1, 1], [1, 1, 1], [1, 1, 1], [1, 1, 1], [1, 0, -1], [1, 1, 1], [1, 0, -1]]",0
2.655.4t3.a,655,"[5, 131]","[3, 5, 11, 13, 23, 131, 211, 1811]",False,1,"[[[1], [-2], [1]], [[1], [2], [1]], [[1], [0], [-1]], [[1], [0], [-1]], [[1], [0], [1]], [[1], [1]]]",null,0
2.655.4t3.b,655,"[5, 131]","[5, 11, 131]",False,1,"[[[1], [-2], [1]], [[1], [2], [1]], [[1], [0], [-1]], [[1], [0], [-1]], [[1], [0], [1]], [[1], [1]]]",null,0
2.655.4t3.c,655,"[5, 131]","[3, 5, 131]",False,1,"[[[1], [-2], [1]], [[1], [2], [1]], [[1], [0], [-1]], [[1], [0], [-1]], [[1], [0], [1]], [[1], [1]]]","[[1, 0, 1], [1, 0, -1], [1, 1], [1, 0, -1], [1, -2, 1], [1, 0, -1], [1, 0, 1], [1, 0, -1], [1, 0, 1], [1, 0, -1], [1, 0, -1], [1, 0, 1], [1, 2, 1], [1, 0, -1], [1, 0, 1], [1, 0, -1], [1, 2, 1], [1, -2, 1], [1, 0, 1], [1, 0, -1], [1, 0, 1], [1, 0, -1], [1, 0, 1], [1, -2, 1], [1, 0, 1], [1, 2, 1], [1, 0, 1], [1, 0, -1], [1, 2, 1], [1, 0, -1]]",0
2.655.6t3.a,655,"[5, 131]","[5, 43, 131]",False,1,"[[[1], [-2], [1]], [[1], [2], [1]], [[1], [0], [-1]], [[1], [0], [-1]], [[1], [1], [1]], [[1], [-1], [1]], [[1], [-1]]]",null,0
2.655.6t3.b,655,"[5, 131]","[2, 3, 5, 131]",False,1,"[[[1], [-2], [1]], [[1], [2], [1]], [[1], [0], [-1]], [[1], [0], [-1]], [[1], [1], [1]], [[1], [-1], [1]], [[1], [-1]]]","[[1, -1, 1], [1, 0, -1], [1, -1], [1, 0, -1], [1, 1, 1], [1, 0, -1], [1, -1, 1], [1, 0, -1], [1, 2, 1], [1, 0, -1], [1, 0, -1], [1, 2, 1], [1, 1, 1], [1, 0, -1], [1, -1, 1], [1, 0, -1], [1, 1, 1], [1, 1, 1], [1, -1, 1], [1, 0, -1], [1, 2, 1], [1, 0, -1], [1, -1, 1], [1, 1, 1], [1, -1, 1], [1, 1, 1], [1, -1, 1], [1, 0, -1], [1, 1, 1], [1, 0, -1]]",0
2.663.4t3.a,663,"[3, 13, 17]","[3, 13, 17]",False,1,"[[[1], [-2], [1]], [[1], [2], [1]], [[1], [0], [-1]], [[1], [0], [-1]], [[1], [0], [1]], [[1], [1]], [[1], [-1]]]","[[1, 0, 1], [1, 1], [1, 0, -1], [1, 0, 1], [1, 0, -1], [1, -1], [1, 1], [1, 0, -1], [1, -2, 1], [1, -2, 1], [1, 0, 1], [1, 0, 1], [1, 0, -1], [1, 2, 1], [1, 0, 1], [1, 0, -1], [1, 0, 1], [1, 0, -1], [1, 0, -1], [1, 0, -1], [1, 0, 1], [1, 0, -1], [1, 0, 1], [1, 0, 1], [1, 0, 1], [1, 0, -1], [1, -2, 1], [1, 2, 1], [1, 0, 1], [1, -2, 1]]",0
2.663.4t3.b,663,"[3, 13, 17]","[3, 13, 17]",False,1,"[[[1], [-2], [1]], [[1], [2], [1]], [[1], [0], [-1]], [[1], [0], [-1]], [[1], [0], [1]], [[1], [-1]]]","[[1, 0, 1], [1, -1], [1, 0, -1], [1, 0, 1], [1, 0, -1], [1, -1], [1, -1], [1, 0, -1], [1, 2, 1], [1, 2, 1], [1, 0, 1], [1, 0, 1], [1, 0, -1], [1, 2, 1], [1, 0, 1], [1, 0, -1], [1, 0, 1], [1, 0, -1], [1, 0, -1], [1, 0, -1], [1, 0, 1], [1, 0, -1], [1, 0, 1], [1, 0, 1], [1, 0, 1], [1, 0, -1], [1, -2, 1], [1, -2, 1], [1, 0, 1], [1, 2, 1]]",0
2.663.4t3.c,663,"[3, 13, 17]","[2, 3, 13, 17]",False,1,"[[[1], [-2], [1]], [[1], [2], [1]], [[1], [0], [-1]], [[1], [0], [-1]], [[1], [0], [1]], [[1], [-1]]]",null,0
2.663.4t3.d,663,"[3, 13, 17]","[3, 5, 13, 17]",False,1,"[[[1], [-2], [1]], [[1], [2], [1]], [[1], [0], [-1]], [[1], [0], [-1]], [[1], [0], [1]], [[1], [1]], [[1], [-1]]]",null,0
2.663.4t3.e,663,"[3, 13, 17]","[2, 3, 5, 13, 17]",False,1,"[[[1], [-2], [1]], [[1], [2], [1]], [[1], [0], [-1]], [[1], [0], [-1]], [[1], [0], [1]], [[1], [1]], [[1], [-1]]]",null,0
2.663.4t3.f,663,"[3, 13, 17]","[2, 3, 11, 13, 17, 19]",False,1,"[[[1], [-2], [1]], [[1], [2], [1]], [[1], [0], [-1]], [[1], [0], [-1]], [[1], [0], [1]], [[1], [-1]]]",null,0
2.667.4t3.a,667,"[23, 29]","[2, 23, 29]",False,1,"[[[1], [-2], [1]], [[1], [2], [1]], [[1], [0], [-1]], [[1], [0], [-1]], [[1], [0], [1]], [[1], [1]]]","[[1, 0, -1], [1, 0, -1], [1, 0, -1], [1, 0, -1], [1, 0, 1], [1, 2, 1], [1, 0, 1], [1, 0, 1], [1, 1], [1, 1], [1, 0, -1], [1, 0, 1], [1, 0, -1], [1, 0, 1], [1, 0, -1], [1, 0, -1], [1, 2, 1], [1, 0, 1], [1, 0, -1], [1, 2, 1], [1, 0, -1], [1, 0, 1], [1, 0, -1], [1, 0, 1], [1, 0, 1], [1, 0, -1], [1, 0, -1], [1, 0, -1], [1, 0, -1], [1, 0, 1]]",0
2.667.4t3.b,667,"[23, 29]","[2, 23, 29]",False,1,"[[[1], [-2], [1]], [[1], [2], [1]], [[1], [0], [-1]], [[1], [0], [-1]], [[1], [0], [1]], [[1], [1]]]",null,0
2.667.4t3.c,667,"[23, 29]","[2, 3, 5, 13, 23, 29, 1889]",False,1,"[[[1], [-2], [1]], [[1], [2], [1]], [[1], [0], [-1]], [[1], [0], [-1]], [[1], [0], [1]], [[1], [1]]]",null,0
2.671.3t2.a,671,"[11, 61]","[11, 61]",False,1,"[[[1], [-2], [1]], [[1], [0], [-1]], [[1], [1], [1]], [[1], [-1]]]","[[1, 1, 1], [1, 1, 1], [1, -2, 1], [1, 1, 1], [1, -1], [1, 0, -1], [1, 1, 1], [1, 0, -1], [1, 0, -1], [1, -2, 1], [1, 0, -1], [1, 0, -1], [1, 0, -1], [1, -2, 1], [1, 1, 1], [1, 0, -1], [1, 0, -1], [1, -1], [1, 0, -1], [1, 0, -1], [1, 0, -1], [1, 1, 1], [1, 0, -1], [1, 0, -1], [1, 1, 1], [1, 1, 1], [1, 1, 1], [1, 0, -1], [1, 0, -1], [1, 1, 1]]",0
2.671.6t3.a,671,"[11, 61]","[5, 11, 61]",False,1,"[[[1], [-2], [1]], [[1], [2], [1]], [[1], [0], [-1]], [[1], [0], [-1]], [[1], [1], [1]], [[1], [-1], [1]], [[1], [1]]]","[[1, -1, 1], [1, 1, 1], [1, -2, 1], [1, -1, 1], [1, 1], [1, 0, -1], [1, -1, 1], [1, 0, -1], [1, 0, -1], [1, 2, 1], [1, 0, -1], [1, 0, -1], [1, 0, -1], [1, 2, 1], [1, 1, 1], [1, 0, -1], [1, 0, -1], [1, 1], [1, 0, -1], [1, 0, -1], [1, 0, -1], [1, -1, 1], [1, 0, -1], [1, 0, -1], [1, 1, 1], [1, -1, 1], [1, 1, 1], [1, 0, -1], [1, 0, -1], [1, 1, 1]]",0
2.671.6t3.b,671,"[11, 61]","[5, 11, 23, 61]",False,1,"[[[1], [-2], [1]], [[1], [2], [1]], [[1], [0], [-1]], [[1], [0], [-1]], [[1], [1], [1]], [[1], [-1], [1]], [[1], [1]]]",null,0
2.675.3t2.a,675,"[3, 5]","[3, 5]",False,1,"[[[1], [-2], [1]], [[1], [0], [-1]], [[1], [1], [1]], [[1]]]","[[1, 0, -1], [1], [1], [1, 1, 1], [1, 0, -1], [1, -2, 1], [1, 0, -1], [1, 1, 1], [1, 0, -1], [1, 0, -1], [1, 1, 1], [1, 1, 1], [1, 0, -1], [1, 1, 1], [1, 0, -1], [1, 0, -1], [1, 0, -1], [1, 1, 1], [1, -2, 1], [1, 0, -1], [1, 1, 1], [1, 1, 1], [1, 0, -1], [1, 0, -1], [1, 1, 1], [1, 0, -1], [1, 1, 1], [1, 0, -1], [1, 1, 1], [1, 0, -1]]",0
2.675.3t2.b,675,"[3, 5]","[2, 3, 5]",False,1,"[[[1], [-2], [1]], [[1], [0], [-1]], [[1], [1], [1]], [[1]]]",null,0
2.675.6t3.a,675,"[3, 5]","[2, 3, 5]",False,1,"[[[1], [-2], [1]], [[1], [2], [1]], [[1], [0], [-1]], [[1], [0], [-1]], [[1], [1], [1]], [[1], [-1], [1]], [[1]]]","[[1, 0, -1], [1], [1], [1, -1, 1], [1, 0, -1], [1, 2, 1], [1, 0, -1], [1, 1, 1], [1, 0, -1], [1, 0, -1], [1, 1, 1], [1, -1, 1], [1, 0, -1], [1, -1, 1], [1, 0, -1], [1, 0, -1], [1, 0, -1], [1, 1, 1], [1, 2, 1], [1, 0, -1], [1, -1, 1], [1, 1, 1], [1, 0, -1], [1, 0, -1], [1, -1, 1], [1, 0, -1], [1, -1, 1], [1, 0, -1], [1, 1, 1], [1, 0, -1]]",0
2.675.6t3.b,675,"[3, 5]","[2, 3, 5, 13]",False,1,"[[[1], [-2], [1]], [[1], [2], [1]], [[1], [0], [-1]], [[1], [0], [-1]], [[1], [1], [1]], [[1], [-1], [1]], [[1]]]",null,0
2.676.3t2.a,676,"[2, 13]","[2, 3, 13]",False,1,"[[[1], [-2], [1]], [[1], [0], [-1]], [[1], [1], [1]], [[1], [-1]], [[1]]]",null,0
2.676.3t2.b,676,"[2, 13]","[2, 13]",False,1,"[[[1], [-2], [1]], [[1], [0], [-1]], [[1], [1], [1]], [[1], [-1]], [[1]]]","[[1, -1], [1, 0, -1], [1, 1, 1], [1, 0, -1], [1, 0, -1], [1], [1, 1, 1], [1, 0, -1], [1, 0, -1], [1, 1, 1], [1, 0, -1], [1, 1, 1], [1, 1, 1], [1, 0, -1], [1, 0, -1], [1, 1, 1], [1, 0, -1], [1, 1, 1], [1, 0, -1], [1, 0, -1], [1, 1, 1], [1, 0, -1], [1, 0, -1], [1, -2, 1], [1, -2, 1], [1, 1, 1], [1, 0, -1], [1, 0, -1], [1, -2, 1], [1, 1, 1]]",0
2.676.6t3.a,676,"[2, 13]","[2, 3, 13]",False,1,"[[[1], [-2], [1]], [[1], [2], [1]], [[1], [0], [-1]], [[1], [0], [-1]], [[1], [1], [1]], [[1], [-1], [1]], [[1], [1]], [[1]]]",null,0
2.676.6t3.b,676,"[2, 13]","[2, 11, 13]",False,1,"[[[1], [-2], [1]], [[1], [2], [1]], [[1], [0], [-1]], [[1], [0], [-1]], [[1], [1], [1]], [[1], [-1], [1]], [[1], [1]], [[1]]]","[[1, 1], [1, 0, -1], [1, -1, 1], [1, 0, -1], [1, 0, -1], [1], [1, 1, 1], [1, 0, -1], [1, 0, -1], [1, 1, 1], [1, 0, -1], [1, -1, 1], [1, -1, 1], [1, 0, -1], [1, 0, -1], [1, 1, 1], [1, 0, -1], [1, 1, 1], [1, 0, -1], [1, 0, -1], [1, -1, 1], [1, 0, -1], [1, 0, -1], [1, 2, 1], [1, 2, 1], [1, 1, 1], [1, 0, -1], [1, 0, -1], [1, 2, 1], [1, 1, 1]]",0
2.679.3t2.a,679,"[7, 97]","[7, 97]",False,1,"[[[1], [-2], [1]], [[1], [0], [-1]], [[1], [1], [1]], [[1], [-1]]]","[[1, 1, 1], [1, 0, -1], [1, -2, 1], [1, -1], [1, 1, 1], [1, 1, 1], [1, 1, 1], [1, 1, 1], [1, 0, -1], [1, 0, -1], [1, 0, -1], [1, 0, -1], [1, 1, 1], [1, 1, 1], [1, 0, -1], [1, 1, 1], [1, 1, 1], [1, 0, -1], [1, 0, -1], [1, 0, -1], [1, 0, -1], [1, -2, 1], [1, 1, 1], [1, 0, -1], [1, -1], [1, 0, -1], [1, 0, -1], [1, 0, -1], [1, -2, 1], [1, 1, 1]]",0
2.679.6t3.a,679,"[7, 97]","[2, 3, 5, 7, 97]",False,1,"[[[1], [-2], [1]], [[1], [2], [1]], [[1], [0], [-1]], [[1], [0], [-1]], [[1], [1], [1]], [[1], [-1], [1]], [[1], [1]]]",null,0
2.679.6t3.b,679,"[7, 97]","[3, 5, 7, 97]",False,1,"[[[1], [-2], [1]], [[1], [2], [1]], [[1], [0], [-1]], [[1], [0], [-1]], [[1], [1], [1]], [[1], [-1], [1]], [[1], [1]]]","[[1, 1, 1], [1, 0, -1], [1, 2, 1], [1, 1], [1, 1, 1], [1, -1, 1], [1, -1, 1], [1, -1, 1], [1, 0, -1], [1, 0, -1], [1, 0, -1], [1, 0, -1], [1, -1, 1], [1, 1, 1], [1, 0, -1], [1, 1, 1], [1, -1, 1], [1, 0, -1], [1, 0, -1], [1, 0, -1], [1, 0, -1], [1, -2, 1], [1, -1, 1], [1, 0, -1], [1, 1], [1, 0, -1], [1, 0, -1], [1, 0, -1], [1, -2, 1], [1, 1, 1]]",0
2.680.3t2.a,680,"[2, 5, 17]","[2, 5, 17]",False,1,"[[[1], [-2], [1]], [[1], [0], [-1]], [[1], [1], [1]], [[1], [-1]]]","[[1, -1], [1, 1, 1], [1, -1], [1, 0, -1], [1, 0, -1], [1, 1, 1], [1, -1], [1, 1, 1], [1, 0, -1], [1, 1, 1], [1, 1, 1], [1, 0, -1], [1, 0, -1], [1, 0, -1], [1, 1, 1], [1, 1, 1], [1, 1, 1], [1, 1, 1], [1, 0, -1], [1, 1, 1], [1, 1, 1], [1, -2, 1], [1, 0, -1], [1, 1, 1], [1, 1, 1], [1, 0, -1], [1, -2, 1], [1, -2, 1], [1, 1, 1], [1, 1, 1]]",0
2.680.6t3.a,680,"[2, 5, 17]","[2, 5, 17]",False,1,"[[[1], [-2], [1]], [[1], [2], [1]], [[1], [0], [-1]], [[1], [0], [-1]], [[1], [1], [1]], [[1], [-1], [1]], [[1], [-1]], [[1], [1]]]","[[1, -1], [1, -1, 1], [1, 1], [1, 0, -1], [1, 0, -1], [1, 1, 1], [1, 1], [1, 1, 1], [1, 0, -1], [1, -1, 1], [1, -1, 1], [1, 0, -1], [1, 0, -1], [1, 0, -1], [1, 1, 1], [1, 1, 1], [1, 1, 1], [1, -1, 1], [1, 0, -1], [1, -1, 1], [1, -1, 1], [1, 2, 1], [1, 0, -1], [1, 1, 1], [1, -1, 1], [1, 0, -1], [1, -2, 1], [1, 2, 1], [1, -1, 1], [1, -1, 1]]",0
2.680.6t3.b,680,"[2, 5, 17]","[2, 5, 11, 17, 23]",False,1,"[[[1], [-2], [1]], [[1], [2], [1]], [[1], [0], [-1]], [[1], [0], [-1]], [[1], [1], [1]], [[1], [-1], [1]], [[1], [1]], [[1], [-1]]]",null,0
2.680.6t3.c,680,"[2, 5, 17]","[2, 5, 7, 17]",False,1,"[[[1], [-2], [1]], [[1], [2], [1]], [[1], [0], [-1]], [[1], [0], [-1]], [[1], [1], [1]], [[1], [-1], [1]], [[1], [-1]], [[1], [1]]]",null,0
2.680.6t3.d,680,"[2, 5, 17]","[2, 5, 17]",False,1,"[[[1], [-2], [1]], [[1], [2], [1]], [[1], [0], [-1]], [[1], [0], [-1]], [[1], [1], [1]], [[1], [-1], [1]], [[1], [1]], [[1], [-1]]]",null,0
2.680.6t3.e,680,"[2, 5, 17]","[2, 5, 7, 17]",False,1,"[[[1], [-2], [1]], [[1], [2], [1]], [[1], [0], [-1]], [[1], [0], [-1]], [[1], [1], [1]], [[1], [-1], [1]], [[1], [1]], [[1], [-1]]]","[[1, 1], [1, 1, 1], [1, 1], [1, 0, -1], [1, 0, -1], [1, -1, 1], [1, -1], [1, 1, 1], [1, 0, -1], [1, -1, 1], [1, -1, 1], [1, 0, -1], [1, 0, -1], [1, 0, -1], [1, -1, 1], [1, -1, 1], [1, 1, 1], [1, -1, 1], [1, 0, -1], [1, -1, 1], [1, 1, 1], [1, 2, 1], [1, 0, -1], [1, 1, 1], [1, 1, 1], [1, 0, -1], [1, 2, 1], [1, -2, 1], [1, -1, 1], [1, 1, 1]]",0
2.680.6t3.f,680,"[2, 5, 17]","[2, 5, 7, 17]",False,1,"[[[1], [-2], [1]], [[1], [2], [1]], [[1], [0], [-1]], [[1], [0], [-1]], [[1], [1], [1]], [[1], [-1], [1]], [[1], [1]], [[1], [-1]]]","[[1, 1], [1, -1, 1], [1, -1], [1, 0, -1], [1, 0, -1], [1, -1, 1], [1, 1], [1, 1, 1], [1, 0, -1], [1, 1, 1], [1, 1, 1], [1, 0, -1], [1, 0, -1], [1, 0, -1], [1, -1, 1], [1, -1, 1], [1, 1, 1], [1, 1, 1], [1, 0, -1], [1, 1, 1], [1, -1, 1], [1, -2, 1], [1, 0, -1], [1, 1, 1], [1, -1, 1], [1, 0, -1], [1, 2, 1], [1, 2, 1], [1, 1, 1], [1, -1, 1]]",0
2.684.6t3.a,684,"[2, 3, 19]","[2, 3, 13, 19]",False,1,"[[[1], [-2], [1]], [[1], [2], [1]], [[1], [0], [-1]], [[1], [0], [-1]], [[1], [1], [1]], [[1], [-1], [1]], [[1]], [[1], [-1]]]",null,0
2.684.6t3.b,684,"[2, 3, 19]","[2, 3, 19]",False,1,"[[[1], [-2], [1]], [[1], [2], [1]], [[1], [0], [-1]], [[1], [0], [-1]], [[1], [1], [1]], [[1], [-1], [1]], [[1]], [[1], [-1]]]","[[1], [1], [1, -1, 1], [1, 1, 1], [1, -1, 1], [1, 0, -1], [1, -1, 1], [1, -1], [1, 2, 1], [1, 0, -1], [1, 0, -1], [1, 0, -1], [1, 0, -1], [1, 1, 1], [1, -1, 1], [1, 0, -1], [1, 0, -1], [1, 1, 1], [1, 0, -1], [1, 0, -1], [1, 1, 1], [1, 0, -1], [1, 2, 1], [1, 0, -1], [1, 0, -1], [1, 2, 1], [1, 0, -1], [1, 0, -1], [1, 0, -1], [1, 0, -1]]",0
2.687.3t2.a,687,"[3, 229]","[3, 229]",False,1,"[[[1], [-2], [1]], [[1], [0], [-1]], [[1], [1], [1]], [[1], [-1]]]","[[1, 1, 1], [1, -1], [1, 0, -1], [1, 0, -1], [1, 0, -1], [1, 0, -1], [1, 0, -1], [1, 1, 1], [1, -2, 1], [1, 1, 1], [1, 0, -1], [1, 1, 1], [1, -2, 1], [1, 1, 1], [1, 1, 1], [1, 0, -1], [1, 1, 1], [1, 1, 1], [1, 0, -1], [1, 0, -1], [1, 0, -1], [1, 0, -1], [1, 0, -1], [1, 1, 1], [1, 1, 1], [1, 1, 1], [1, 1, 1], [1, 1, 1], [1, 0, -1], [1, 1, 1]]",0
2.687.4t3.a,687,"[3, 229]","[3, 5, 229]",False,1,"[[[1], [-2], [1]], [[1], [2], [1]], [[1], [0], [-1]], [[1], [0], [-1]], [[1], [0], [1]], [[1], [1]]]","[[1, 0, 1], [1, 1], [1, 0, -1], [1, 0, -1], [1, 0, -1], [1, 0, -1], [1, 0, -1], [1, -2, 1], [1, 0, 1], [1, 0, 1], [1, 0, -1], [1, -2, 1], [1, 0, 1], [1, 2, 1], [1, 0, 1], [1, 0, -1], [1, 0, 1], [1, 2, 1], [1, 0, -1], [1, 0, -1], [1, 0, -1], [1, 0, -1], [1, 0, -1], [1, 0, 1], [1, -2, 1], [1, 0, 1], [1, 2, 1], [1, 0, 1], [1, 0, -1], [1, 0, 1]]",0
2.687.4t3.b,687,"[3, 229]","[2, 3, 229]",False,1,"[[[1], [-2], [1]], [[1], [2], [1]], [[1], [0], [-1]], [[1], [0], [-1]], [[1], [0], [1]], [[1], [1]]]",null,0
2.687.4t3.c,687,"[3, 229]","[2, 3, 37, 229]",False,1,"[[[1], [-2], [1]], [[1], [2], [1]], [[1], [0], [-1]], [[1], [0], [-1]], [[1], [0], [1]], [[1], [1]]]",null,0
2.687.6t3.a,687,"[3, 229]","[3, 5, 229]",False,1,"[[[1], [-2], [1]], [[1], [2], [1]], [[1], [0], [-1]], [[1], [0], [-1]], [[1], [1], [1]], [[1], [-1], [1]], [[1], [-1]]]","[[1, -1, 1], [1, -1], [1, 0, -1], [1, 0, -1], [1, 0, -1], [1, 0, -1], [1, 0, -1], [1, 1, 1], [1, 2, 1], [1, -1, 1], [1, 0, -1], [1, 1, 1], [1, 2, 1], [1, 1, 1], [1, -1, 1], [1, 0, -1], [1, -1, 1], [1, 1, 1], [1, 0, -1], [1, 0, -1], [1, 0, -1], [1, 0, -1], [1, 0, -1], [1, -1, 1], [1, 1, 1], [1, -1, 1], [1, 1, 1], [1, -1, 1], [1, 0, -1], [1, -1, 1]]",0
2.687.6t3.b,687,"[3, 229]","[3, 5, 229]",False,1,"[[[1], [-2], [1]], [[1], [2], [1]], [[1], [0], [-1]], [[1], [0], [-1]], [[1], [1], [1]], [[1], [-1], [1]], [[1], [-1]]]",null,0
2.688.6t3.a,688,"[2, 43]","[2, 3, 43]",False,1,"[[[1], [-2], [1]], [[1], [2], [1]], [[1], [0], [-1]], [[1], [0], [-1]], [[1], [1], [1]], [[1], [-1], [1]], [[1]], [[1], [1]]]","[[1], [1, 0, -1], [1, 0, -1], [1, 0, -1], [1, -1, 1], [1, 1, 1], [1, 1, 1], [1, 0, -1], [1, -1, 1], [1, 0, -1], [1, -1, 1], [1, 0, -1], [1, 1, 1], [1, 1], [1, 2, 1], [1, 1, 1], [1, 2, 1], [1, 0, -1], [1, -1, 1], [1, 0, -1], [1, 0, -1], [1, 2, 1], [1, -1, 1], [1, 0, -1], [1, 1, 1], [1, 1, 1], [1, -1, 1], [1, 2, 1], [1, 1, 1], [1, 0, -1]]",0
2.688.6t3.b,688,"[2, 43]","[2, 43, 173]",False,1,"[[[1], [-2], [1]], [[1], [2], [1]], [[1], [0], [-1]], [[1], [0], [-1]], [[1], [1], [1]], [[1], [-1], [1]], [[1]], [[1], [1]]]",null,0
2.689.4t3.a,689,"[13, 53]","[13, 53]",True,1,"[[[1], [-2], [1]], [[1], [2], [1]], [[1], [0], [-1]], [[1], [0], [-1]], [[1], [0], [1]], [[1], [-1]]]",null,0
2.689.4t3.b,689,"[13, 53]","[2, 3, 13, 53]",True,1,"[[[1], [-2], [1]], [[1], [2], [1]], [[1], [0], [-1]], [[1], [0], [-1]], [[1], [0], [1]], [[1], [-1]]]",null,0
2.689.4t3.c,689,"[13, 53]","[13, 53]",True,1,"[[[1], [-2], [1]], [[1], [2], [1]], [[1], [0], [-1]], [[1], [0], [-1]], [[1], [0], [1]], [[1], [-1]]]",null,0
2.695.3t2.a,695,"[5, 139]","[5, 139]",False,1,"[[[1], [-2], [1]], [[1], [0], [-1]], [[1], [1], [1]], [[1], [-1]]]","[[1, 1, 1], [1, 1, 1], [1, -1], [1, 0, -1], [1, 1, 1], [1, 0, -1], [1, -2, 1], [1, 0, -1], [1, 1, 1], [1, 1, 1], [1, -2, 1], [1, 0, -1], [1, -2, 1], [1, -2, 1], [1, 0, -1], [1, 1, 1], [1, 0, -1], [1, 0, -1], [1, 0, -1], [1, 1, 1], [1, 1, 1], [1, 1, 1], [1, 0, -1], [1, 1, 1], [1, 1, 1], [1, 0, -1], [1, -2, 1], [1, 0, -1], [1, 0, -1], [1, 0, -1]]",0
2.695.4t3.a,695,"[5, 139]","[2, 3, 5, 7, 139]",False,1,"[[[1], [-2], [1]], [[1], [2], [1]], [[1], [0], [-1]], [[1], [0], [-1]], [[1], [0], [1]], [[1], [-1]]]",null,0
2.695.4t3.b,695,"[5, 139]","[5, 7, 139]",False,1,"[[[1], [-2], [1]], [[1], [2], [1]], [[1], [0], [-1]], [[1], [0], [-1]], [[1], [0], [1]], [[1], [-1]]]","[[1, 0, 1], [1, 0, 1], [1, -1], [1, 0, -1], [1, -2, 1], [1, 0, -1], [1, 0, 1], [1, 0, -1], [1, 0, 1], [1, -2, 1], [1, 2, 1], [1, 0, -1], [1, 2, 1], [1, 0, 1], [1, 0, -1], [1, 0, 1], [1, 0, -1], [1, 0, -1], [1, 0, -1], [1, 2, 1], [1, 0, 1], [1, 2, 1], [1, 0, -1], [1, 2, 1], [1, 0, 1], [1, 0, -1], [1, 0, 1], [1, 0, -1], [1, 0, -1], [1, 0, -1]]",0
2.695.4t3.c,695,"[5, 139]","[5, 11, 139]",False,1,"[[[1], [-2], [1]], [[1], [2], [1]], [[1], [0], [-1]], [[1], [0], [-1]], [[1], [0], [1]], [[1], [-1]]]",null,0
2.695.6t3.a,695,"[5, 139]","[2, 5, 139]",False,1,"[[[1], [-2], [1]], [[1], [2], [1]], [[1], [0], [-1]], [[1], [0], [-1]], [[1], [1], [1]], [[1], [-1], [1]], [[1], [-1]]]","[[1, -1, 1], [1, -1, 1], [1, -1], [1, 0, -1], [1, 1, 1], [1, 0, -1], [1, 2, 1], [1, 0, -1], [1, -1, 1], [1, 1, 1], [1, -2, 1], [1, 0, -1], [1, -2, 1], [1, 2, 1], [1, 0, -1], [1, -1, 1], [1, 0, -1], [1, 0, -1], [1, 0, -1], [1, 1, 1], [1, -1, 1], [1, 1, 1], [1, 0, -1], [1, 1, 1], [1, -1, 1], [1, 0, -1], [1, 2, 1], [1, 0, -1], [1, 0, -1], [1, 0, -1]]",0
2.695.6t3.b,695,"[5, 139]","[5, 7, 31, 139]",False,1,"[[[1], [-2], [1]], [[1], [2], [1]], [[1], [0], [-1]], [[1], [0], [-1]], [[1], [1], [1]], [[1], [-1], [1]], [[1], [-1]]]",null,0
2.696.3t2.a,696,"[2, 3, 29]","[2, 3, 29]",False,1,"[[[1], [-2], [1]], [[1], [0], [-1]], [[1], [1], [1]], [[1], [-1]]]","[[1, -1], [1, -1], [1, 1, 1], [1, 1, 1], [1, 0, -1], [1, 0, -1], [1, 1, 1], [1, 1, 1], [1, 0, -1], [1, -1], [1, 0, -1], [1, 1, 1], [1, 1, 1], [1, 1, 1], [1, 1, 1], [1, -2, 1], [1, 1, 1], [1, -2, 1], [1, 0, -1], [1, 0, -1], [1, 0, -1], [1, 0, -1], [1, -2, 1], [1, -2, 1], [1, 0, -1], [1, 0, -1], [1, 1, 1], [1, 1, 1], [1, 0, -1], [1, 1, 1]]",0
2.696.6t3.a,696,"[2, 3, 29]","[2, 3, 29]",False,1,"[[[1], [-2], [1]], [[1], [2], [1]], [[1], [0], [-1]], [[1], [0], [-1]], [[1], [1], [1]], [[1], [-1], [1]], [[1], [-1]], [[1], [1]]]",null,0
2.696.6t3.b,696,"[2, 3, 29]","[2, 3, 29]",False,1,"[[[1], [-2], [1]], [[1], [2], [1]], [[1], [0], [-1]], [[1], [0], [-1]], [[1], [1], [1]], [[1], [-1], [1]], [[1], [1]], [[1], [-1]]]","[[1, 1], [1, 1], [1, 1, 1], [1, 1, 1], [1, 0, -1], [1, 0, -1], [1, -1, 1], [1, -1, 1], [1, 0, -1], [1, -1], [1, 0, -1], [1, -1, 1], [1, -1, 1], [1, -1, 1], [1, -1, 1], [1, -2, 1], [1, 1, 1], [1, 2, 1], [1, 0, -1], [1, 0, -1], [1, 0, -1], [1, 0, -1], [1, -2, 1], [1, 2, 1], [1, 0, -1], [1, 0, -1], [1, 1, 1], [1, 1, 1], [1, 0, -1], [1, -1, 1]]",0
2.696.6t3.c,696,"[2, 3, 29]","[2, 3, 29]",False,1,"[[[1], [-2], [1]], [[1], [2], [1]], [[1], [0], [-1]], [[1], [0], [-1]], [[1], [1], [1]], [[1], [-1], [1]], [[1], [1]], [[1], [-1]]]","[[1, 1], [1, -1], [1, -1, 1], [1, 1, 1], [1, 0, -1], [1, 0, -1], [1, -1, 1], [1, 1, 1], [1, 0, -1], [1, 1], [1, 0, -1], [1, 1, 1], [1, -1, 1], [1, 1, 1], [1, -1, 1], [1, 2, 1], [1, -1, 1], [1, -2, 1], [1, 0, -1], [1, 0, -1], [1, 0, -1], [1, 0, -1], [1, 2, 1], [1, 2, 1], [1, 0, -1], [1, 0, -1], [1, 1, 1], [1, -1, 1], [1, 0, -1], [1, -1, 1]]",0
2.696.6t3.d,696,"[2, 3, 29]","[2, 3, 29]",False,1,"[[[1], [-2], [1]], [[1], [2], [1]], [[1], [0], [-1]], [[1], [0], [-1]], [[1], [1], [1]], [[1], [-1], [1]], [[1], [-1]], [[1], [1]]]","[[1, -1], [1, 1], [1, -1, 1], [1, 1, 1], [1, 0, -1], [1, 0, -1], [1, 1, 1], [1, -1, 1], [1, 0, -1], [1, 1], [1, 0, -1], [1, -1, 1], [1, 1, 1], [1, -1, 1], [1, 1, 1], [1, 2, 1], [1, -1, 1], [1, 2, 1], [1, 0, -1], [1, 0, -1], [1, 0, -1], [1, 0, -1], [1, 2, 1], [1, -2, 1], [1, 0, -1], [1, 0, -1], [1, 1, 1], [1, -1, 1], [1, 0, -1], [1, 1, 1]]",0
2.696.6t3.e,696,"[2, 3, 29]","[2, 3, 29]",False,1,"[[[1], [-2], [1]], [[1], [2], [1]], [[1], [0], [-1]], [[1], [0], [-1]], [[1], [1], [1]], [[1], [-1], [1]], [[1], [1]], [[1], [-1]]]",null,0
2.696.6t3.f,696,"[2, 3, 29]","[2, 3, 29, 61]",False,1,"[[[1], [-2], [1]], [[1], [2], [1]], [[1], [0], [-1]], [[1], [0], [-1]], [[1], [1], [1]], [[1], [-1], [1]], [[1], [1]], [[1], [-1]]]",null,0
2.697.3t2.a,697,"[17, 41]","[17, 41]",True,1,"[[[1], [-2], [1]], [[1], [0], [-1]], [[1], [1], [1]], [[1], [-1]]]",null,0
2.697.6t3.a,697,"[17, 41]","[2, 17, 41]",True,1,"[[[1], [-2], [1]], [[1], [2], [1]], [[1], [0], [-1]], [[1], [0], [-1]], [[1], [1], [1]], [[1], [-1], [1]], [[1], [1]]]",null,0
2.697.6t3.b,697,"[17, 41]","[17, 41]",True,1,"[[[1], [-2], [1]], [[1], [2], [1]], [[1], [0], [-1]], [[1], [0], [-1]], [[1], [1], [1]], [[1], [-1], [1]], [[1], [1]]]",null,0
2.704.6t3.a,704,"[2, 11]","[2, 11]",False,1,"[[[1], [-2], [1]], [[1], [2], [1]], [[1], [0], [-1]], [[1], [0], [-1]], [[1], [1], [1]], [[1], [-1], [1]], [[1]], [[1], [-1]]]","[[1], [1, 1, 1], [1, -1, 1], [1, 0, -1], [1, -1], [1, 0, -1], [1, 0, -1], [1, 0, -1], [1, -1, 1], [1, 0, -1], [1, -1, 1], [1, -1, 1], [1, 0, -1], [1, 0, -1], [1, 2, 1], [1, 2, 1], [1, 1, 1], [1, 0, -1], [1, 1, 1], [1, -1, 1], [1, 0, -1], [1, 0, -1], [1, 0, -1], [1, 1, 1], [1, 1, 1], [1, 0, -1], [1, 2, 1], [1, 0, -1], [1, 0, -1], [1, 1, 1]]",0
2.704.6t3.b,704,"[2, 11]","[2, 7, 11]",False,1,"[[[1], [-2], [1]], [[1], [2], [1]], [[1], [0], [-1]], [[1], [0], [-1]], [[1], [1], [1]], [[1], [-1], [1]], [[1]], [[1], [-1]]]",null,0
2.704.6t3.c,704,"[2, 11]","[2, 7, 11]",False,1,"[[[1], [-2], [1]], [[1], [2], [1]], [[1], [0], [-1]], [[1], [0], [-1]], [[1], [1], [1]], [[1], [-1], [1]], [[1]], [[1], [1]]]",null,0
2.704.6t3.d,704,"[2, 11]","[2, 11]",False,1,"[[[1], [-2], [1]], [[1], [2], [1]], [[1], [0], [-1]], [[1], [0], [-1]], [[1], [1], [1]], [[1], [-1], [1]], [[1]], [[1], [1]]]","[[1], [1, -1, 1], [1, -1, 1], [1, 0, -1], [1, 1], [1, 0, -1], [1, 0, -1], [1, 0, -1], [1, 1, 1], [1, 0, -1], [1, 1, 1], [1, -1, 1], [1, 0, -1], [1, 0, -1], [1, -2, 1], [1, 2, 1], [1, -1, 1], [1, 0, -1], [1, -1, 1], [1, 1, 1], [1, 0, -1], [1, 0, -1], [1, 0, -1], [1, 1, 1], [1, 1, 1], [1, 0, -1], [1, -2, 1], [1, 0, -1], [1, 0, -1], [1, 1, 1]]",0
2.707.3t2.a,707,"[7, 101]","[7, 101]",False,1,"[[[1], [-2], [1]], [[1], [0], [-1]], [[1], [1], [1]], [[1], [-1]]]","[[1, 0, -1], [1, 1, 1], [1, 0, -1], [1, -1], [1, 0, -1], [1, 0, -1], [1, 0, -1], [1, 0, -1], [1, 1, 1], [1, 0, -1], [1, 0, -1], [1, 1, 1], [1, -2, 1], [1, 1, 1], [1, 0, -1], [1, 0, -1], [1, 1, 1], [1, 1, 1], [1, 0, -1], [1, 1, 1], [1, 1, 1], [1, 1, 1], [1, 1, 1], [1, 1, 1], [1, 0, -1], [1, -1], [1, 1, 1], [1, 1, 1], [1, 0, -1], [1, 0, -1]]",0
2.707.6t3.a,707,"[7, 101]","[2, 7, 17, 101]",False,1,"[[[1], [-2], [1]], [[1], [2], [1]], [[1], [0], [-1]], [[1], [0], [-1]], [[1], [1], [1]], [[1], [-1], [1]], [[1], [1]]]",null,0
2.707.6t3.b,707,"[7, 101]","[2, 5, 7, 101]",False,1,"[[[1], [-2], [1]], [[1], [2], [1]], [[1], [0], [-1]], [[1], [0], [-1]], [[1], [1], [1]], [[1], [-1], [1]], [[1], [1]]]","[[1, 0, -1], [1, -1, 1], [1, 0, -1], [1, 1], [1, 0, -1], [1, 0, -1], [1, 0, -1], [1, 0, -1], [1, 1, 1], [1, 0, -1], [1, 0, -1], [1, 1, 1], [1, 2, 1], [1, 1, 1], [1, 0, -1], [1, 0, -1], [1, -1, 1], [1, -1, 1], [1, 0, -1], [1, 1, 1], [1, -1, 1], [1, 1, 1], [1, -1, 1], [1, -1, 1], [1, 0, -1], [1, 1], [1, -1, 1], [1, 1, 1], [1, 0, -1], [1, 0, -1]]",0
2.711.4t3.a,711,"[3, 79]","[2, 3, 79]",False,1,"[[[1], [-2], [1]], [[1], [2], [1]], [[1], [0], [-1]], [[1], [0], [-1]], [[1], [0], [1]], [[1]], [[1], [1]]]",null,0
2.711.4t3.b,711,"[3, 79]","[2, 3, 7, 19, 79, 2293]",False,1,"[[[1], [-2], [1]], [[1], [2], [1]], [[1], [0], [-1]], [[1], [0], [-1]], [[1], [0], [1]], [[1]], [[1], [1]]]",null,0
2.711.4t3.c,711,"[3, 79]","[3, 79]",False,1,"[[[1], [-2], [1]], [[1], [2], [1]], [[1], [0], [-1]], [[1], [0], [-1]], [[1], [0], [1]], [[1]], [[1], [1]]]","[[1, 0, 1], [1], [1, 0, 1], [1, 0, -1], [1, 0, 1], [1, -2, 1], [1, 0, -1], [1, -2, 1], [1, 0, 1], [1, 0, -1], [1, 2, 1], [1, 0, -1], [1, 0, -1], [1, 0, -1], [1, 0, -1], [1, 0, -1], [1, 0, -1], [1, 0, -1], [1, 2, 1], [1, 0, -1], [1, -2, 1], [1, 1], [1, 0, 1], [1, 0, 1], [1, 2, 1], [1, 0, 1], [1, 0, -1], [1, 0, -1], [1, 0, -1], [1, 0, -1]]",0
2.712.4t3.a,712,"[2, 89]","[2, 89]",True,1,"[[[1], [-2], [1]], [[1], [2], [1]], [[1], [0], [-1]], [[1], [0], [-1]], [[1], [0], [1]], [[1], [1]], [[1], [-1]]]",null,0
2.712.4t3.b,712,"[2, 89]","[2, 89]",False,1,"[[[1], [-2], [1]], [[1], [2], [1]], [[1], [0], [-1]], [[1], [0], [-1]], [[1], [0], [1]], [[1], [-1]]]","[[1, -1], [1, 0, -1], [1, 0, -1], [1, 0, 1], [1, 2, 1], [1, 0, 1], [1, 2, 1], [1, 0, -1], [1, 0, 1], [1, 0, 1], [1, 0, 1], [1, 0, 1], [1, 0, -1], [1, 0, -1], [1, 0, -1], [1, 0, -1], [1, 0, -1], [1, 0, 1], [1, 2, 1], [1, 0, -1], [1, 2, 1], [1, 0, -1], [1, 0, -1], [1, -1], [1, -2, 1], [1, 0, 1], [1, 0, 1], [1, -2, 1], [1, 0, -1], [1, 0, -1]]",0
2.712.4t3.c,712,"[2, 89]","[2, 89]",True,1,"[[[1], [-2], [1]], [[1], [2], [1]], [[1], [0], [-1]], [[1], [0], [-1]], [[1], [0], [1]], [[1], [1]], [[1], [-1]]]",null,0
2.712.4t3.d,712,"[2, 89]","[2, 3, 89]",False,1,"[[[1], [-2], [1]], [[1], [2], [1]], [[1], [0], [-1]], [[1], [0], [-1]], [[1], [0], [1]], [[1], [-1]]]",null,0
2.712.4t3.e,712,"[2, 89]","[2, 3, 5, 17, 47, 71, 89]",True,1,"[[[1], [-2], [1]], [[1], [2], [1]], [[1], [0], [-1]], [[1], [0], [-1]], [[1], [0], [1]], [[1], [1]], [[1], [-1]]]",null,0
2.712.4t3.f,712,"[2, 89]","[2, 3, 11, 89]",False,1,"[[[1], [-2], [1]], [[1], [2], [1]], [[1], [0], [-1]], [[1], [0], [-1]], [[1], [0], [1]], [[1], [-1]]]",null,0
2.716.3t2.a,716,"[2, 179]","[2, 179]",False,1,"[[[1], [-2], [1]], [[1], [0], [-1]], [[1], [1], [1]], [[1]], [[1], [-1]]]","[[1], [1, -2, 1], [1, 1, 1], [1, 0, -1], [1, 0, -1], [1, 1, 1], [1, 1, 1], [1, 1, 1], [1, 0, -1], [1, 1, 1], [1, -2, 1], [1, 0, -1], [1, 0, -1], [1, 1, 1], [1, 1, 1], [1, 0, -1], [1, 1, 1], [1, -2, 1], [1, 1, 1], [1, 0, -1], [1, 0, -1], [1, 0, -1], [1, 1, 1], [1, 1, 1], [1, 0, -1], [1, 1, 1], [1, 0, -1], [1, -2, 1], [1, 0, -1], [1, 0, -1]]",0
2.720.4t3.a,720,"[2, 3, 5]","[2, 3, 5]",False,1,"[[[1], [-2], [1]], [[1], [2], [1]], [[1], [0], [-1]], [[1], [0], [-1]], [[1], [0], [1]], [[1]], [[1], [-1]]]",null,0
2.720.4t3.b,720,"[2, 3, 5]","[2, 3, 5]",False,1,"[[[1], [-2], [1]], [[1], [2], [1]], [[1], [0], [-1]], [[1], [0], [-1]], [[1], [0], [1]], [[1]], [[1], [-1]]]","[[1], [1], [1, -1], [1, 0, 1], [1, 0, -1], [1, 0, -1], [1, 0, -1], [1, 0, -1], [1, 0, 1], [1, 2, 1], [1, 0, -1], [1, 0, -1], [1, -2, 1], [1, 0, 1], [1, 0, 1], [1, 0, -1], [1, 0, -1], [1, 2, 1], [1, 0, 1], [1, 0, -1], [1, 0, -1], [1, 0, -1], [1, 0, 1], [1, 2, 1], [1, 0, -1], [1, 2, 1], [1, 0, 1], [1, 0, 1], [1, 2, 1], [1, 0, -1]]",0
2.720.4t3.c,720,"[2, 3, 5]","[2, 3, 5]",False,1,"[[[1], [-2], [1]], [[1], [2], [1]], [[1], [0], [-1]], [[1], [0], [-1]], [[1], [0], [1]], [[1]], [[1], [-1]]]",null,0
2.723.4t3.a,723,"[3, 241]","[2, 3, 241]",False,1,"[[[1], [-2], [1]], [[1], [2], [1]], [[1], [0], [-1]], [[1], [0], [-1]], [[1], [0], [1]], [[1], [1]]]","[[1, 0, -1], [1, 1], [1, 0, -1], [1, 0, -1], [1, 0, 1], [1, 0, -1], [1, 0, 1], [1, 0, -1], [1, 0, 1], [1, 0, -1], [1, 0, -1], [1, 0, -1], [1, 0, -1], [1, 0, -1], [1, 0, -1], [1, 0, -1], [1, 0, -1], [1, 2, 1], [1, 2, 1], [1, 0, 1], [1, 0, -1], [1, 2, 1], [1, 0, -1], [1, 0, 1], [1, 2, 1], [1, 0, 1], [1, 0, -1], [1, 0, -1], [1, 0, -1], [1, 0, -1]]",0
2.723.4t3.b,723,"[3, 241]","[2, 3, 241]",False,1,"[[[1], [-2], [1]], [[1], [2], [1]], [[1], [0], [-1]], [[1], [0], [-1]], [[1], [0], [1]], [[1], [1]]]",null,0
2.723.4t3.c,723,"[3, 241]","[2, 3, 5, 61, 97, 241]",False,1,"[[[1], [-2], [1]], [[1], [2], [1]], [[1], [0], [-1]], [[1], [0], [-1]], [[1], [0], [1]], [[1], [1]]]",null,0
2.725.4t3.a,725,"[5, 29]","[2, 5, 29]",True,1,"[[[1], [-2], [1]], [[1], [2], [1]], [[1], [0], [-1]], [[1], [0], [-1]], [[1], [0], [1]], [[1]], [[1], [-1]]]",null,0
2.725.4t3.b,725,"[5, 29]","[2, 3, 5, 29, 47]",True,1,"[[[1], [-2], [1]], [[1], [2], [1]], [[1], [0], [-1]], [[1], [0], [-1]], [[1], [0], [1]], [[1]], [[1], [-1]]]",null,0
2.725.4t3.c,725,"[5, 29]","[3, 5, 29]",True,1,"[[[1], [-2], [1]], [[1], [2], [1]], [[1], [0], [-1]], [[1], [0], [-1]], [[1], [0], [1]], [[1]], [[1], [-1]]]",null,0
2.728.3t2.a,728,"[2, 7, 13]","[2, 7, 13]",False,1,"[[[1], [-2], [1]], [[1], [0], [-1]], [[1], [1], [1]], [[1], [-1]]]","[[1, -1], [1, 1, 1], [1, 0, -1], [1, -1], [1, 1, 1], [1, -1], [1, 0, -1], [1, 0, -1], [1, 1, 1], [1, 0, -1], [1, 1, 1], [1, 1, 1], [1, 1, 1], [1, 0, -1], [1, 1, 1], [1, 0, -1], [1, 0, -1], [1, 1, 1], [1, 1, 1], [1, 0, -1], [1, 1, 1], [1, 1, 1], [1, 0, -1], [1, -2, 1], [1, 1, 1], [1, 1, 1], [1, 0, -1], [1, 0, -1], [1, -2, 1], [1, 1, 1]]",0
2.728.6t3.a,728,"[2, 7, 13]","[2, 7, 13]",False,1,"[[[1], [-2], [1]], [[1], [2], [1]], [[1], [0], [-1]], [[1], [0], [-1]], [[1], [1], [1]], [[1], [-1], [1]], [[1], [-1]], [[1], [1]]]","[[1, -1], [1, -1, 1], [1, 0, -1], [1, 1], [1, 1, 1], [1, 1], [1, 0, -1], [1, 0, -1], [1, 1, 1], [1, 0, -1], [1, -1, 1], [1, 1, 1], [1, -1, 1], [1, 0, -1], [1, -1, 1], [1, 0, -1], [1, 0, -1], [1, -1, 1], [1, 1, 1], [1, 0, -1], [1, -1, 1], [1, 1, 1], [1, 0, -1], [1, 2, 1], [1, -1, 1], [1, -1, 1], [1, 0, -1], [1, 0, -1], [1, -2, 1], [1, 1, 1]]",0
2.728.6t3.b,728,"[2, 7, 13]","[2, 5, 7, 13]",False,1,"[[[1], [-2], [1]], [[1], [2], [1]], [[1], [0], [-1]], [[1], [0], [-1]], [[1], [1], [1]], [[1], [-1], [1]], [[1], [1]], [[1], [-1]]]","[[1, 1], [1, -1, 1], [1, 0, -1], [1, -1], [1, -1, 1], [1, 1], [1, 0, -1], [1, 0, -1], [1, 1, 1], [1, 0, -1], [1, 1, 1], [1, -1, 1], [1, 1, 1], [1, 0, -1], [1, 1, 1], [1, 0, -1], [1, 0, -1], [1, -1, 1], [1, -1, 1], [1, 0, -1], [1, 1, 1], [1, 1, 1], [1, 0, -1], [1, -2, 1], [1, 1, 1], [1, -1, 1], [1, 0, -1], [1, 0, -1], [1, 2, 1], [1, 1, 1]]",0
2.728.6t3.c,728,"[2, 7, 13]","[2, 7, 13]",False,1,"[[[1], [-2], [1]], [[1], [2], [1]], [[1], [0], [-1]], [[1], [0], [-1]], [[1], [1], [1]], [[1], [-1], [1]], [[1], [1]], [[1], [-1]]]",null,0
2.728.6t3.d,728,"[2, 7, 13]","[2, 7, 13, 19]",False,1,"[[[1], [-2], [1]], [[1], [2], [1]], [[1], [0], [-1]], [[1], [0], [-1]], [[1], [1], [1]], [[1], [-1], [1]], [[1], [-1]], [[1], [1]]]",null,0
2.728.6t3.e,728,"[2, 7, 13]","[2, 5, 7, 13]",False,1,"[[[1], [-2], [1]], [[1], [2], [1]], [[1], [0], [-1]], [[1], [0], [-1]], [[1], [1], [1]], [[1], [-1], [1]], [[1], [1]], [[1], [-1]]]","[[1, 1], [1, 1, 1], [1, 0, -1], [1, 1], [1, -1, 1], [1, -1], [1, 0, -1], [1, 0, -1], [1, 1, 1], [1, 0, -1], [1, -1, 1], [1, -1, 1], [1, -1, 1], [1, 0, -1], [1, -1, 1], [1, 0, -1], [1, 0, -1], [1, 1, 1], [1, -1, 1], [1, 0, -1], [1, -1, 1], [1, 1, 1], [1, 0, -1], [1, 2, 1], [1, -1, 1], [1, 1, 1], [1, 0, -1], [1, 0, -1], [1, 2, 1], [1, 1, 1]]",0
2.728.6t3.f,728,"[2, 7, 13]","[2, 5, 7, 13]",False,1,"[[[1], [-2], [1]], [[1], [2], [1]], [[1], [0], [-1]], [[1], [0], [-1]], [[1], [1], [1]], [[1], [-1], [1]], [[1], [1]], [[1], [-1]]]",null,0
2.731.3t2.a,731,"[17, 43]","[17, 43]",False,1,"[[[1], [-2], [1]], [[1], [0], [-1]], [[1], [1], [1]], [[1], [-1]]]","[[1, 0, -1], [1, 1, 1], [1, 1, 1], [1, -2, 1], [1, 0, -1], [1, 1, 1], [1, -1], [1, 0, -1], [1, 0, -1], [1, -2, 1], [1, 0, -1], [1, 1, 1], [1, 0, -1], [1, -1], [1, 1, 1], [1, 1, 1], [1, 1, 1], [1, 1, 1], [1, 1, 1], [1, 1, 1], [1, 1, 1], [1, 0, -1], [1, 1, 1], [1, 0, -1], [1, 0, -1], [1, -2, 1], [1, 1, 1], [1, 0, -1], [1, 0, -1], [1, 1, 1]]",0
2.731.4t3.a,731,"[17, 43]","[2, 17, 43]",False,1,"[[[1], [-2], [1]], [[1], [2], [1]], [[1], [0], [-1]], [[1], [0], [-1]], [[1], [0], [1]], [[1], [1]]]",null,0
2.731.4t3.b,731,"[17, 43]","[17, 43]",False,1,"[[[1], [-2], [1]], [[1], [2], [1]], [[1], [0], [-1]], [[1], [0], [-1]], [[1], [0], [1]], [[1], [1]]]","[[1, 0, -1], [1, 0, 1], [1, 0, 1], [1, 0, 1], [1, 0, -1], [1, -2, 1], [1, 1], [1, 0, -1], [1, 0, -1], [1, 0, 1], [1, 0, -1], [1, 0, 1], [1, 0, -1], [1, 1], [1, 2, 1], [1, -2, 1], [1, -2, 1], [1, 0, 1], [1, 2, 1], [1, 0, 1], [1, 0, 1], [1, 0, -1], [1, 2, 1], [1, 0, -1], [1, 0, -1], [1, 2, 1], [1, 2, 1], [1, 0, -1], [1, 0, -1], [1, 0, 1]]",0
2.731.4t3.c,731,"[17, 43]","[2, 5, 13, 17, 43, 103, 1801]",False,1,"[[[1], [-2], [1]], [[1], [2], [1]], [[1], [0], [-1]], [[1], [0], [-1]], [[1], [0], [1]], [[1], [1]]]",null,0
2.731.6t3.a,731,"[17, 43]","[2, 7, 17, 43]",False,1,"[[[1], [-2], [1]], [[1], [2], [1]], [[1], [0], [-1]], [[1], [0], [-1]], [[1], [1], [1]], [[1], [-1], [1]], [[1], [-1]]]",null,0
2.731.6t3.b,731,"[17, 43]","[2, 7, 17, 43]",False,1,"[[[1], [-2], [1]], [[1], [2], [1]], [[1], [0], [-1]], [[1], [0], [-1]], [[1], [1], [1]], [[1], [-1], [1]], [[1], [-1]]]","[[1, 0, -1], [1, -1, 1], [1, -1, 1], [1, 2, 1], [1, 0, -1], [1, 1, 1], [1, -1], [1, 0, -1], [1, 0, -1], [1, 2, 1], [1, 0, -1], [1, -1, 1], [1, 0, -1], [1, -1], [1, 1, 1], [1, 1, 1], [1, 1, 1], [1, -1, 1], [1, 1, 1], [1, -1, 1], [1, -1, 1], [1, 0, -1], [1, 1, 1], [1, 0, -1], [1, 0, -1], [1, -2, 1], [1, 1, 1], [1, 0, -1], [1, 0, -1], [1, -1, 1]]",0
2.733.3t2.a,733,[733],[733],True,1,"[[[1], [-2], [1]], [[1], [0], [-1]], [[1], [1], [1]], [[1], [-1]]]",null,0
2.735.4t3.a,735,"[3, 5, 7]","[3, 5, 7]",False,1,"[[[1], [-2], [1]], [[1], [2], [1]], [[1], [0], [-1]], [[1], [0], [-1]], [[1], [0], [1]], [[1], [1]], [[1]]]","[[1, 0, 1], [1, 1], [1, 1], [1], [1, 0, -1], [1, 0, -1], [1, -2, 1], [1, 0, 1], [1, 0, 1], [1, 0, -1], [1, 0, 1], [1, 0, -1], [1, 0, -1], [1, 0, -1], [1, -2, 1], [1, 0, 1], [1, 0, -1], [1, 0, 1], [1, 0, -1], [1, 0, -1], [1, 0, -1], [1, 2, 1], [1, -2, 1], [1, 0, -1], [1, 0, -1], [1, 0, -1], [1, 0, -1], [1, 0, 1], [1, -2, 1], [1, 0, 1]]",0
2.735.4t3.b,735,"[3, 5, 7]","[3, 5, 7]",False,1,"[[[1], [-2], [1]], [[1], [2], [1]], [[1], [0], [-1]], [[1], [0], [-1]], [[1], [0], [1]], [[1], [-1]], [[1]]]","[[1, 0, 1], [1, -1], [1, -1], [1], [1, 0, -1], [1, 0, -1], [1, 2, 1], [1, 0, 1], [1, 0, 1], [1, 0, -1], [1, 0, 1], [1, 0, -1], [1, 0, -1], [1, 0, -1], [1, 2, 1], [1, 0, 1], [1, 0, -1], [1, 0, 1], [1, 0, -1], [1, 0, -1], [1, 0, -1], [1, 2, 1], [1, 2, 1], [1, 0, -1], [1, 0, -1], [1, 0, -1], [1, 0, -1], [1, 0, 1], [1, -2, 1], [1, 0, 1]]",0
2.735.4t3.c,735,"[3, 5, 7]","[2, 3, 5, 7]",False,1,"[[[1], [-2], [1]], [[1], [2], [1]], [[1], [0], [-1]], [[1], [0], [-1]], [[1], [0], [1]], [[1], [-1]], [[1]]]",null,0
2.735.4t3.d,735,"[3, 5, 7]","[2, 3, 5, 7, 17, 167]",False,1,"[[[1], [-2], [1]], [[1], [2], [1]], [[1], [0], [-1]], [[1], [0], [-1]], [[1], [0], [1]], [[1], [1]], [[1]]]",null,0
2.735.4t3.e,735,"[3, 5, 7]","[3, 5, 7]",False,1,"[[[1], [-2], [1]], [[1], [2], [1]], [[1], [0], [-1]], [[1], [0], [-1]], [[1], [0], [1]], [[1], [-1]], [[1]]]",null,0
2.735.4t3.f,735,"[3, 5, 7]","[3, 5, 7]",False,1,"[[[1], [-2], [1]], [[1], [2], [1]], [[1], [0], [-1]], [[1], [0], [-1]], [[1], [0], [1]], [[1], [1]], [[1]]]",null,0
2.736.4t3.a,736,"[2, 23]","[2, 3, 23]",False,1,"[[[1], [-2], [1]], [[1], [2], [1]], [[1], [0], [-1]], [[1], [0], [-1]], [[1], [0], [1]], [[1]], [[1], [-1]]]","[[1], [1, 0, -1], [1, 0, 1], [1, 0, -1], [1, 0, 1], [1, 0, -1], [1, 0, -1], [1, 0, 1], [1, -1], [1, 0, -1], [1, -2, 1], [1, 0, 1], [1, 2, 1], [1, 0, 1], [1, 2, 1], [1, 0, 1], [1, 0, -1], [1, 0, 1], [1, 0, 1], [1, 2, 1], [1, 2, 1], [1, 0, -1], [1, 0, 1], [1, 0, -1], [1, 0, -1], [1, 0, -1], [1, 0, -1], [1, 0, 1], [1, 0, 1], [1, 0, -1]]",0
2.736.4t3.b,736,"[2, 23]","[2, 23]",False,1,"[[[1], [-2], [1]], [[1], [2], [1]], [[1], [0], [-1]], [[1], [0], [-1]], [[1], [0], [1]], [[1]], [[1], [-1]]]",null,0
2.736.4t3.c,736,"[2, 23]","[2, 3, 5, 13, 23, 193]",False,1,"[[[1], [-2], [1]], [[1], [2], [1]], [[1], [0], [-1]], [[1], [0], [-1]], [[1], [0], [1]], [[1]], [[1], [-1]]]",null,0
2.740.4t3.a,740,"[2, 5, 37]","[2, 5, 37]",False,1,"[[[1], [-2], [1]], [[1], [2], [1]], [[1], [0], [-1]], [[1], [0], [-1]], [[1], [0], [1]], [[1], [1]]]",null,0
2.740.4t3.b,740,"[2, 5, 37]","[2, 5, 37]",False,1,"[[[1], [-2], [1]], [[1], [2], [1]], [[1], [0], [-1]], [[1], [0], [-1]], [[1], [0], [1]], [[1], [-1]]]",null,0
2.740.4t3.c,740,"[2, 5, 37]","[2, 5, 37]",False,1,"[[[1], [-2], [1]], [[1], [2], [1]], [[1], [0], [-1]], [[1], [0], [-1]], [[1], [0], [1]], [[1], [-1]]]","[[1, -1], [1, 0, 1], [1, -1], [1, 0, 1], [1, 0, -1], [1, 2, 1], [1, 2, 1], [1, 0, 1], [1, 0, -1], [1, 0, -1], [1, 0, 1], [1, -1], [1, -2, 1], [1, 0, -1], [1, 0, 1], [1, 0, -1], [1, 0, 1], [1, 0, -1], [1, 0, 1], [1, 0, -1], [1, 0, -1], [1, 0, 1], [1, 0, 1], [1, 0, -1], [1, -2, 1], [1, 2, 1], [1, 0, -1], [1, 0, 1], [1, 0, -1], [1, 2, 1]]",0
2.740.4t3.d,740,"[2, 5, 37]","[2, 5, 37]",False,1,"[[[1], [-2], [1]], [[1], [2], [1]], [[1], [0], [-1]], [[1], [0], [-1]], [[1], [0], [1]], [[1], [1]]]","[[1, 1], [1, 0, 1], [1, 1], [1, 0, 1], [1, 0, -1], [1, -2, 1], [1, -2, 1], [1, 0, 1], [1, 0, -1], [1, 0, -1], [1, 0, 1], [1, 1], [1, -2, 1], [1, 0, -1], [1, 0, 1], [1, 0, -1], [1, 0, 1], [1, 0, -1], [1, 0, 1], [1, 0, -1], [1, 0, -1], [1, 0, 1], [1, 0, 1], [1, 0, -1], [1, 2, 1], [1, 2, 1], [1, 0, -1], [1, 0, 1], [1, 0, -1], [1, -2, 1]]",0
2.740.4t3.e,740,"[2, 5, 37]","[2, 5, 11, 13, 17, 37, 277]",False,1,"[[[1], [-2], [1]], [[1], [2], [1]], [[1], [0], [-1]], [[1], [0], [-1]], [[1], [0], [1]], [[1], [1]]]",null,0
2.740.4t3.f,740,"[2, 5, 37]","[2, 5, 11, 13, 23, 37, 193]",False,1,"[[[1], [-2], [1]], [[1], [2], [1]], [[1], [0], [-1]], [[1], [0], [-1]], [[1], [0], [1]], [[1], [-1]]]",null,0
2.743.3t2.a,743,[743],[743],False,1,"[[[1], [-2], [1]], [[1], [0], [-1]], [[1], [1], [1]], [[1], [-1]]]","[[1, 1, 1], [1, -2, 1], [1, 0, -1], [1, 0, -1], [1, 1, 1], [1, 0, -1], [1, 0, -1], [1, 1, 1], [1, 1, 1], [1, 0, -1], [1, 1, 1], [1, -2, 1], [1, 1, 1], [1, 1, 1], [1, 1, 1], [1, 1, 1], [1, 0, -1], [1, 0, -1], [1, 0, -1], [1, 1, 1], [1, 0, -1], [1, 0, -1], [1, -2, 1], [1, 0, -1], [1, 1, 1], [1, 1, 1], [1, 1, 1], [1, 0, -1], [1, 1, 1], [1, 0, -1]]",0
2.744.3t2.a,744,"[2, 3, 31]","[2, 3, 31]",False,1,"[[[1], [-2], [1]], [[1], [0], [-1]], [[1], [1], [1]], [[1], [-1]]]","[[1, -1], [1, -1], [1, 1, 1], [1, 0, -1], [1, 1, 1], [1, 1, 1], [1, 1, 1], [1, 1, 1], [1, 0, -1], [1, 0, -1], [1, -1], [1, -2, 1], [1, 0, -1], [1, 0, -1], [1, 1, 1], [1, 0, -1], [1, 0, -1], [1, 1, 1], [1, 1, 1], [1, 1, 1], [1, 0, -1], [1, 1, 1], [1, 1, 1], [1, -2, 1], [1, 1, 1], [1, -2, 1], [1, 0, -1], [1, 0, -1], [1, 0, -1], [1, 0, -1]]",0
2.744.6t3.a,744,"[2, 3, 31]","[2, 3, 7, 31]",False,1,"[[[1], [-2], [1]], [[1], [2], [1]], [[1], [0], [-1]], [[1], [0], [-1]], [[1], [1], [1]], [[1], [-1], [1]], [[1], [-1]], [[1], [1]]]",null,0
2.744.6t3.b,744,"[2, 3, 31]","[2, 3, 31]",False,1,"[[[1], [-2], [1]], [[1], [2], [1]], [[1], [0], [-1]], [[1], [0], [-1]], [[1], [1], [1]], [[1], [-1], [1]], [[1], [1]], [[1], [-1]]]","[[1, 1], [1, 1], [1, -1, 1], [1, 0, -1], [1, -1, 1], [1, 1, 1], [1, -1, 1], [1, 1, 1], [1, 0, -1], [1, 0, -1], [1, -1], [1, -2, 1], [1, 0, -1], [1, 0, -1], [1, -1, 1], [1, 0, -1], [1, 0, -1], [1, 1, 1], [1, 1, 1], [1, -1, 1], [1, 0, -1], [1, 1, 1], [1, -1, 1], [1, 2, 1], [1, 1, 1], [1, 2, 1], [1, 0, -1], [1, 0, -1], [1, 0, -1], [1, 0, -1]]",0
2.744.6t3.c,744,"[2, 3, 31]","[2, 3, 31]",False,1,"[[[1], [-2], [1]], [[1], [2], [1]], [[1], [0], [-1]], [[1], [0], [-1]], [[1], [1], [1]], [[1], [-1], [1]], [[1], [1]], [[1], [-1]]]",null,0
2.744.6t3.d,744,"[2, 3, 31]","[2, 3, 31]",False,1,"[[[1], [-2], [1]], [[1], [2], [1]], [[1], [0], [-1]], [[1], [0], [-1]], [[1], [1], [1]], [[1], [-1], [1]], [[1], [-1]], [[1], [1]]]","[[1, -1], [1, 1], [1, 1, 1], [1, 0, -1], [1, -1, 1], [1, -1, 1], [1, -1, 1], [1, 1, 1], [1, 0, -1], [1, 0, -1], [1, 1], [1, 2, 1], [1, 0, -1], [1, 0, -1], [1, 1, 1], [1, 0, -1], [1, 0, -1], [1, -1, 1], [1, 1, 1], [1, 1, 1], [1, 0, -1], [1, -1, 1], [1, -1, 1], [1, 2, 1], [1, 1, 1], [1, -2, 1], [1, 0, -1], [1, 0, -1], [1, 0, -1], [1, 0, -1]]",0
2.744.6t3.e,744,"[2, 3, 31]","[2, 3, 31]",False,1,"[[[1], [-2], [1]], [[1], [2], [1]], [[1], [0], [-1]], [[1], [0], [-1]], [[1], [1], [1]], [[1], [-1], [1]], [[1], [1]], [[1], [-1]]]",null,0
2.744.6t3.f,744,"[2, 3, 31]","[2, 3, 31]",False,1,"[[[1], [-2], [1]], [[1], [2], [1]], [[1], [0], [-1]], [[1], [0], [-1]], [[1], [1], [1]], [[1], [-1], [1]], [[1], [1]], [[1], [-1]]]","[[1, 1], [1, -1], [1, -1, 1], [1, 0, -1], [1, 1, 1], [1, -1, 1], [1, 1, 1], [1, 1, 1], [1, 0, -1], [1, 0, -1], [1, 1], [1, 2, 1], [1, 0, -1], [1, 0, -1], [1, -1, 1], [1, 0, -1], [1, 0, -1], [1, -1, 1], [1, 1, 1], [1, -1, 1], [1, 0, -1], [1, -1, 1], [1, 1, 1], [1, -2, 1], [1, 1, 1], [1, 2, 1], [1, 0, -1], [1, 0, -1], [1, 0, -1], [1, 0, -1]]",0
2.745.4t3.a,745,"[5, 149]","[2, 5, 149]",True,1,"[[[1], [-2], [1]], [[1], [2], [1]], [[1], [0], [-1]], [[1], [0], [-1]], [[1], [0], [1]], [[1], [1]], [[1], [-1]]]",null,0
2.745.4t3.b,745,"[5, 149]","[5, 149]",True,1,"[[[1], [-2], [1]], [[1], [2], [1]], [[1], [0], [-1]], [[1], [0], [-1]], [[1], [0], [1]], [[1], [1]], [[1], [-1]]]",null,0
2.745.4t3.c,745,"[5, 149]","[3, 5, 29, 47, 149, 401]",True,1,"[[[1], [-2], [1]], [[1], [2], [1]], [[1], [0], [-1]], [[1], [0], [-1]], [[1], [0], [1]], [[1], [1]], [[1], [-1]]]",null,0
2.747.6t3.a,747,"[3, 83]","[2, 3, 5, 83]",False,1,"[[[1], [-2], [1]], [[1], [2], [1]], [[1], [0], [-1]], [[1], [0], [-1]], [[1], [1], [1]], [[1], [-1], [1]], [[1]], [[1], [1]]]",null,0
2.747.6t3.b,747,"[3, 83]","[2, 3, 83]",False,1,"[[[1], [-2], [1]], [[1], [2], [1]], [[1], [0], [-1]], [[1], [0], [-1]], [[1], [1], [1]], [[1], [-1], [1]], [[1]], [[1], [1]]]","[[1, 0, -1], [1], [1, 0, -1], [1, 1, 1], [1, -1, 1], [1, 0, -1], [1, -1, 1], [1, 0, -1], [1, 2, 1], [1, -1, 1], [1, 1, 1], [1, 1, 1], [1, 2, 1], [1, 0, -1], [1, 0, -1], [1, 0, -1], [1, -1, 1], [1, 1, 1], [1, 0, -1], [1, 0, -1], [1, 0, -1], [1, 0, -1], [1, 1], [1, 0, -1], [1, 0, -1], [1, 0, -1], [1, 0, -1], [1, 0, -1], [1, 1, 1], [1, -1, 1]]",0
2.748.3t2.a,748,"[2, 11, 17]","[2, 11, 17]",False,1,"[[[1], [-2], [1]], [[1], [0], [-1]], [[1], [1], [1]], [[1]], [[1], [-1]]]","[[1], [1, 0, -1], [1, 0, -1], [1, 1, 1], [1, -1], [1, 0, -1], [1, -1], [1, 0, -1], [1, 0, -1], [1, 1, 1], [1, 0, -1], [1, 0, -1], [1, 1, 1], [1, 0, -1], [1, 1, 1], [1, 1, 1], [1, 1, 1], [1, -2, 1], [1, 1, 1], [1, 0, -1], [1, 1, 1], [1, -2, 1], [1, 0, -1], [1, 1, 1], [1, 0, -1], [1, 0, -1], [1, 1, 1], [1, 1, 1], [1, 1, 1], [1, 0, -1]]",0
2.748.6t3.a,748,"[2, 11, 17]","[2, 3, 11, 17]",False,1,"[[[1], [-2], [1]], [[1], [2], [1]], [[1], [0], [-1]], [[1], [0], [-1]], [[1], [1], [1]], [[1], [-1], [1]], [[1]], [[1], [1]]]",null,0
2.748.6t3.b,748,"[2, 11, 17]","[2, 3, 11, 17]",False,1,"[[[1], [-2], [1]], [[1], [2], [1]], [[1], [0], [-1]], [[1], [0], [-1]], [[1], [1], [1]], [[1], [-1], [1]], [[1]], [[1], [1]]]","[[1], [1, 0, -1], [1, 0, -1], [1, -1, 1], [1, 1], [1, 0, -1], [1, 1], [1, 0, -1], [1, 0, -1], [1, -1, 1], [1, 0, -1], [1, 0, -1], [1, -1, 1], [1, 0, -1], [1, 1, 1], [1, 1, 1], [1, 1, 1], [1, 2, 1], [1, 1, 1], [1, 0, -1], [1, -1, 1], [1, 2, 1], [1, 0, -1], [1, 1, 1], [1, 0, -1], [1, 0, -1], [1, 1, 1], [1, -1, 1], [1, -1, 1], [1, 0, -1]]",0
2.751.3t2.a,751,[751],[751],False,1,"[[[1], [-2], [1]], [[1], [0], [-1]], [[1], [1], [1]], [[1], [-1]]]","[[1, 1, 1], [1, 0, -1], [1, -2, 1], [1, 0, -1], [1, 0, -1], [1, 1, 1], [1, 0, -1], [1, 1, 1], [1, 1, 1], [1, 0, -1], [1, 0, -1], [1, 1, 1], [1, 0, -1], [1, -2, 1], [1, 1, 1], [1, 1, 1], [1, 1, 1], [1, 1, 1], [1, 0, -1], [1, -2, 1], [1, 0, -1], [1, 0, -1], [1, 0, -1], [1, 1, 1], [1, 1, 1], [1, 0, -1], [1, 0, -1], [1, 1, 1], [1, 1, 1], [1, 0, -1]]",0
2.755.3t2.a,755,"[5, 151]","[5, 151]",False,1,"[[[1], [-2], [1]], [[1], [0], [-1]], [[1], [1], [1]], [[1], [-1]]]","[[1, 0, -1], [1, 1, 1], [1, -1], [1, -2, 1], [1, 1, 1], [1, 1, 1], [1, 0, -1], [1, 1, 1], [1, 1, 1], [1, 1, 1], [1, 1, 1], [1, 0, -1], [1, 0, -1], [1, 0, -1], [1, 0, -1], [1, -2, 1], [1, 1, 1], [1, 0, -1], [1, 1, 1], [1, 0, -1], [1, 1, 1], [1, 0, -1], [1, 1, 1], [1, 0, -1], [1, 0, -1], [1, 0, -1], [1, 0, -1], [1, 1, 1], [1, 0, -1], [1, -2, 1]]",0
2.755.4t3.a,755,"[5, 151]","[2, 5, 11, 29, 151]",False,1,"[[[1], [-2], [1]], [[1], [2], [1]], [[1], [0], [-1]], [[1], [0], [-1]], [[1], [0], [1]], [[1], [1]]]",null,0
2.755.4t3.b,755,"[5, 151]","[5, 11, 151]",False,1,"[[[1], [-2], [1]], [[1], [2], [1]], [[1], [0], [-1]], [[1], [0], [-1]], [[1], [0], [1]], [[1], [1]]]",null,0
2.755.4t3.c,755,"[5, 151]","[2, 5, 151]",False,1,"[[[1], [-2], [1]], [[1], [2], [1]], [[1], [0], [-1]], [[1], [0], [-1]], [[1], [0], [1]], [[1], [1]]]","[[1, 0, -1], [1, 0, 1], [1, 1], [1, 0, 1], [1, -2, 1], [1, 0, 1], [1, 0, -1], [1, -2, 1], [1, 0, 1], [1, 2, 1], [1, 2, 1], [1, 0, -1], [1, 0, -1], [1, 0, -1], [1, 0, -1], [1, 0, 1], [1, 2, 1], [1, 0, -1], [1, 0, 1], [1, 0, -1], [1, 0, 1], [1, 0, -1], [1, 0, 1], [1, 0, -1], [1, 0, -1], [1, 0, -1], [1, 0, -1], [1, 0, 1], [1, 0, -1], [1, 0, 1]]",0
2.755.6t3.a,755,"[5, 151]","[2, 5, 151]",False,1,"[[[1], [-2], [1]], [[1], [2], [1]], [[1], [0], [-1]], [[1], [0], [-1]], [[1], [1], [1]], [[1], [-1], [1]], [[1], [-1]]]",null,0
2.755.6t3.b,755,"[5, 151]","[2, 5, 7, 151]",False,1,"[[[1], [-2], [1]], [[1], [2], [1]], [[1], [0], [-1]], [[1], [0], [-1]], [[1], [1], [1]], [[1], [-1], [1]], [[1], [-1]]]","[[1, 0, -1], [1, -1, 1], [1, -1], [1, 2, 1], [1, 1, 1], [1, -1, 1], [1, 0, -1], [1, 1, 1], [1, -1, 1], [1, 1, 1], [1, 1, 1], [1, 0, -1], [1, 0, -1], [1, 0, -1], [1, 0, -1], [1, 2, 1], [1, 1, 1], [1, 0, -1], [1, -1, 1], [1, 0, -1], [1, -1, 1], [1, 0, -1], [1, -1, 1], [1, 0, -1], [1, 0, -1], [1, 0, -1], [1, 0, -1], [1, -1, 1], [1, 0, -1], [1, 2, 1]]",0
2.756.3t2.a,756,"[2, 3, 7]","[2, 3, 7]",True,1,"[[[1], [-2], [1]], [[1], [0], [-1]], [[1], [1], [1]], [[1]], [[1], [-1]]]",null,0
2.756.3t2.b,756,"[2, 3, 7]","[2, 3, 7]",False,1,"[[[1], [-2], [1]], [[1], [0], [-1]], [[1], [1], [1]], [[1], [-1]], [[1]]]","[[1, -1], [1], [1, 1, 1], [1, -1], [1, 1, 1], [1, 0, -1], [1, -2, 1], [1, 1, 1], [1, 1, 1], [1, 0, -1], [1, 1, 1], [1, 1, 1], [1, 1, 1], [1, 0, -1], [1, 0, -1], [1, 0, -1], [1, 0, -1], [1, 0, -1], [1, 0, -1], [1, 1, 1], [1, 0, -1], [1, 0, -1], [1, 0, -1], [1, 1, 1], [1, 0, -1], [1, -2, 1], [1, 1, 1], [1, -2, 1], [1, 1, 1], [1, 0, -1]]",0
2.756.6t3.a,756,"[2, 3, 7]","[2, 3, 7]",False,1,"[[[1], [-2], [1]], [[1], [2], [1]], [[1], [0], [-1]], [[1], [0], [-1]], [[1], [1], [1]], [[1], [-1], [1]], [[1], [1]], [[1]]]",null,0
2.756.6t3.b,756,"[2, 3, 7]","[2, 3, 7]",False,1,"[[[1], [-2], [1]], [[1], [2], [1]], [[1], [0], [-1]], [[1], [0], [-1]], [[1], [1], [1]], [[1], [-1], [1]], [[1], [1]], [[1]], [[1], [-1]]]",null,0
2.756.6t3.c,756,"[2, 3, 7]","[2, 3, 7]",False,1,"[[[1], [-2], [1]], [[1], [2], [1]], [[1], [0], [-1]], [[1], [0], [-1]], [[1], [1], [1]], [[1], [-1], [1]], [[1], [-1]], [[1]], [[1], [1]]]",null,0
2.756.6t3.d,756,"[2, 3, 7]","[2, 3, 7]",False,1,"[[[1], [-2], [1]], [[1], [2], [1]], [[1], [0], [-1]], [[1], [0], [-1]], [[1], [1], [1]], [[1], [-1], [1]], [[1], [1]], [[1]], [[1], [-1]]]","[[1, 1], [1], [1, -1, 1], [1, -1], [1, -1, 1], [1, 0, -1], [1, 2, 1], [1, 1, 1], [1, -1, 1], [1, 0, -1], [1, 1, 1], [1, 1, 1], [1, -1, 1], [1, 0, -1], [1, 0, -1], [1, 0, -1], [1, 0, -1], [1, 0, -1], [1, 0, -1], [1, -1, 1], [1, 0, -1], [1, 0, -1], [1, 0, -1], [1, -1, 1], [1, 0, -1], [1, 2, 1], [1, 1, 1], [1, 2, 1], [1, 1, 1], [1, 0, -1]]",0
2.756.6t3.e,756,"[2, 3, 7]","[2, 3, 7]",True,1,"[[[1], [-2], [1]], [[1], [2], [1]], [[1], [0], [-1]], [[1], [0], [-1]], [[1], [1], [1]], [[1], [-1], [1]], [[1]], [[1], [-1]]]",null,0
2.756.6t3.f,756,"[2, 3, 7]","[2, 3, 7]",False,1,"[[[1], [-2], [1]], [[1], [2], [1]], [[1], [0], [-1]], [[1], [0], [-1]], [[1], [1], [1]], [[1], [-1], [1]], [[1], [1]], [[1]]]","[[1, 1], [1], [1, 1, 1], [1, 1], [1, -1, 1], [1, 0, -1], [1, -2, 1], [1, -1, 1], [1, -1, 1], [1, 0, -1], [1, -1, 1], [1, 1, 1], [1, 1, 1], [1, 0, -1], [1, 0, -1], [1, 0, -1], [1, 0, -1], [1, 0, -1], [1, 0, -1], [1, -1, 1], [1, 0, -1], [1, 0, -1], [1, 0, -1], [1, 1, 1], [1, 0, -1], [1, -2, 1], [1, -1, 1], [1, 2, 1], [1, 1, 1], [1, 0, -1]]",0
2.756.6t3.g,756,"[2, 3, 7]","[2, 3, 7]",False,1,"[[[1], [-2], [1]], [[1], [2], [1]], [[1], [0], [-1]], [[1], [0], [-1]], [[1], [1], [1]], [[1], [-1], [1]], [[1], [-1]], [[1]], [[1], [1]]]","[[1, -1], [1], [1, -1, 1], [1, 1], [1, 1, 1], [1, 0, -1], [1, 2, 1], [1, -1, 1], [1, 1, 1], [1, 0, -1], [1, -1, 1], [1, 1, 1], [1, -1, 1], [1, 0, -1], [1, 0, -1], [1, 0, -1], [1, 0, -1], [1, 0, -1], [1, 0, -1], [1, 1, 1], [1, 0, -1], [1, 0, -1], [1, 0, -1], [1, -1, 1], [1, 0, -1], [1, 2, 1], [1, -1, 1], [1, -2, 1], [1, 1, 1], [1, 0, -1]]",0
2.756.6t3.h,756,"[2, 3, 7]","[2, 3, 7]",True,1,"[[[1], [-2], [1]], [[1], [2], [1]], [[1], [0], [-1]], [[1], [0], [-1]], [[1], [1], [1]], [[1], [-1], [1]], [[1]], [[1], [-1]]]",null,0
2.759.3t2.a,759,"[3, 11, 23]","[3, 11, 23]",False,1,"[[[1], [-2], [1]], [[1], [0], [-1]], [[1], [1], [1]], [[1], [-1]]]","[[1, 1, 1], [1, -1], [1, 1, 1], [1, 1, 1], [1, -1], [1, 0, -1], [1, 0, -1], [1, -2, 1], [1, -1], [1, -2, 1], [1, 1, 1], [1, 0, -1], [1, 1, 1], [1, 1, 1], [1, 0, -1], [1, 1, 1], [1, 0, -1], [1, -2, 1], [1, 0, -1], [1, 0, -1], [1, 0, -1], [1, 1, 1], [1, 0, -1], [1, 1, 1], [1, 0, -1], [1, 1, 1], [1, 0, -1], [1, 0, -1], [1, 1, 1], [1, -2, 1]]",0
2.759.4t3.a,759,"[3, 11, 23]","[2, 3, 5, 11, 23, 179]",False,1,"[[[1], [-2], [1]], [[1], [2], [1]], [[1], [0], [-1]], [[1], [0], [-1]], [[1], [0], [1]], [[1], [1]], [[1], [-1]]]",null,0
2.759.4t3.b,759,"[3, 11, 23]","[2, 3, 5, 11, 23]",False,1,"[[[1], [-2], [1]], [[1], [2], [1]], [[1], [0], [-1]], [[1], [0], [-1]], [[1], [0], [1]], [[1], [1]], [[1], [-1]]]",null,0
2.759.4t3.c,759,"[3, 11, 23]","[3, 5, 11, 23]",False,1,"[[[1], [-2], [1]], [[1], [2], [1]], [[1], [0], [-1]], [[1], [0], [-1]], [[1], [0], [1]], [[1], [1]], [[1], [-1]]]",null,0
2.759.4t3.d,759,"[3, 11, 23]","[2, 3, 11, 23]",False,1,"[[[1], [-2], [1]], [[1], [2], [1]], [[1], [0], [-1]], [[1], [0], [-1]], [[1], [0], [1]], [[1], [1]], [[1], [-1]]]",null,0
2.759.4t3.e,759,"[3, 11, 23]","[3, 11, 23]",False,1,"[[[1], [-2], [1]], [[1], [2], [1]], [[1], [0], [-1]], [[1], [0], [-1]], [[1], [0], [1]], [[1], [1]], [[1], [-1]]]","[[1, 0, 1], [1, 1], [1, 2, 1], [1, 0, 1], [1, -1], [1, 0, -1], [1, 0, -1], [1, 0, 1], [1, 1], [1, 0, 1], [1, -2, 1], [1, 0, -1], [1, 0, 1], [1, 0, 1], [1, 0, -1], [1, -2, 1], [1, 0, -1], [1, 0, 1], [1, 0, -1], [1, 0, -1], [1, 0, -1], [1, 0, 1], [1, 0, -1], [1, -2, 1], [1, 0, -1], [1, 0, 1], [1, 0, -1], [1, 0, -1], [1, 0, 1], [1, -2, 1]]",0
2.759.4t3.f,759,"[3, 11, 23]","[3, 11, 23]",False,1,"[[[1], [-2], [1]], [[1], [2], [1]], [[1], [0], [-1]], [[1], [0], [-1]], [[1], [0], [1]], [[1], [1]], [[1], [-1]]]","[[1, 0, 1], [1, 1], [1, -2, 1], [1, 0, 1], [1, 1], [1, 0, -1], [1, 0, -1], [1, 0, 1], [1, -1], [1, 0, 1], [1, -2, 1], [1, 0, -1], [1, 0, 1], [1, 0, 1], [1, 0, -1], [1, 2, 1], [1, 0, -1], [1, 0, 1], [1, 0, -1], [1, 0, -1], [1, 0, -1], [1, 0, 1], [1, 0, -1], [1, 2, 1], [1, 0, -1], [1, 0, 1], [1, 0, -1], [1, 0, -1], [1, 0, 1], [1, 2, 1]]",0
2.759.6t3.a,759,"[3, 11, 23]","[2, 3, 11, 19, 23]",False,1,"[[[1], [-2], [1]], [[1], [2], [1]], [[1], [0], [-1]], [[1], [0], [-1]], [[1], [1], [1]], [[1], [-1], [1]], [[1], [-1]], [[1], [1]]]",null,0
2.759.6t3.b,759,"[3, 11, 23]","[3, 11, 23]",False,1,"[[[1], [-2], [1]], [[1], [2], [1]], [[1], [0], [-1]], [[1], [0], [-1]], [[1], [1], [1]], [[1], [-1], [1]], [[1], [-1]], [[1], [1]]]",null,0
2.759.6t3.c,759,"[3, 11, 23]","[3, 11, 23]",False,1,"[[[1], [-2], [1]], [[1], [2], [1]], [[1], [0], [-1]], [[1], [0], [-1]], [[1], [1], [1]], [[1], [-1], [1]], [[1], [-1]], [[1], [1]]]","[[1, 1, 1], [1, -1], [1, -1, 1], [1, -1, 1], [1, 1], [1, 0, -1], [1, 0, -1], [1, 2, 1], [1, 1], [1, -2, 1], [1, 1, 1], [1, 0, -1], [1, 1, 1], [1, -1, 1], [1, 0, -1], [1, -1, 1], [1, 0, -1], [1, 2, 1], [1, 0, -1], [1, 0, -1], [1, 0, -1], [1, -1, 1], [1, 0, -1], [1, -1, 1], [1, 0, -1], [1, 1, 1], [1, 0, -1], [1, 0, -1], [1, -1, 1], [1, 2, 1]]",0
2.759.6t3.d,759,"[3, 11, 23]","[3, 11, 23]",False,1,"[[[1], [-2], [1]], [[1], [2], [1]], [[1], [0], [-1]], [[1], [0], [-1]], [[1], [1], [1]], [[1], [-1], [1]], [[1], [-1]]]","[[1, -1, 1], [1, -1], [1, 1, 1], [1, -1, 1], [1, -1], [1, 0, -1], [1, 0, -1], [1, 2, 1], [1, -1], [1, 2, 1], [1, 1, 1], [1, 0, -1], [1, -1, 1], [1, -1, 1], [1, 0, -1], [1, 1, 1], [1, 0, -1], [1, 2, 1], [1, 0, -1], [1, 0, -1], [1, 0, -1], [1, -1, 1], [1, 0, -1], [1, 1, 1], [1, 0, -1], [1, -1, 1], [1, 0, -1], [1, 0, -1], [1, -1, 1], [1, -2, 1]]",0
2.759.6t3.e,759,"[3, 11, 23]","[2, 3, 11, 23]",False,1,"[[[1], [-2], [1]], [[1], [2], [1]], [[1], [0], [-1]], [[1], [0], [-1]], [[1], [1], [1]], [[1], [-1], [1]], [[1], [-1]], [[1], [1]]]","[[1, -1, 1], [1, -1], [1, -1, 1], [1, 1, 1], [1, 1], [1, 0, -1], [1, 0, -1], [1, -2, 1], [1, 1], [1, 2, 1], [1, 1, 1], [1, 0, -1], [1, -1, 1], [1, 1, 1], [1, 0, -1], [1, -1, 1], [1, 0, -1], [1, -2, 1], [1, 0, -1], [1, 0, -1], [1, 0, -1], [1, 1, 1], [1, 0, -1], [1, -1, 1], [1, 0, -1], [1, -1, 1], [1, 0, -1], [1, 0, -1], [1, 1, 1], [1, 2, 1]]",0
2.759.6t3.f,759,"[3, 11, 23]","[3, 11, 23]",False,1,"[[[1], [-2], [1]], [[1], [2], [1]], [[1], [0], [-1]], [[1], [0], [-1]], [[1], [1], [1]], [[1], [-1], [1]], [[1], [-1]]]",null,0
2.761.3t2.a,761,[761],[761],True,1,"[[[1], [-2], [1]], [[1], [0], [-1]], [[1], [1], [1]], [[1], [-1]]]",null,0
2.763.4t3.a,763,"[7, 109]","[7, 109]",False,1,"[[[1], [-2], [1]], [[1], [2], [1]], [[1], [0], [-1]], [[1], [0], [-1]], [[1], [0], [1]], [[1], [1]]]","[[1, 0, -1], [1, 0, -1], [1, 0, -1], [1, 1], [1, 0, -1], [1, 0, 1], [1, 0, 1], [1, 0, 1], [1, 0, -1], [1, 2, 1], [1, 0, -1], [1, 0, -1], [1, 0, 1], [1, 2, 1], [1, 0, 1], [1, 0, -1], [1, 0, 1], [1, 0, -1], [1, 0, -1], [1, 2, 1], [1, 0, -1], [1, 0, -1], [1, 0, -1], [1, 0, -1], [1, 0, -1], [1, 0, 1], [1, 0, 1], [1, 0, -1], [1, 1], [1, 2, 1]]",0
2.763.4t3.b,763,"[7, 109]","[2, 7, 109]",False,1,"[[[1], [-2], [1]], [[1], [2], [1]], [[1], [0], [-1]], [[1], [0], [-1]], [[1], [0], [1]], [[1], [1]]]",null,0
2.763.4t3.c,763,"[7, 109]","[2, 3, 5, 7, 109]",False,1,"[[[1], [-2], [1]], [[1], [2], [1]], [[1], [0], [-1]], [[1], [0], [-1]], [[1], [0], [1]], [[1], [1]]]",null,0
2.768.4t3.a,768,"[2, 3]","[2, 3]",False,1,"[[[1], [-2], [1]], [[1], [2], [1]], [[1], [0], [-1]], [[1], [0], [-1]], [[1], [0], [1]], [[1]], [[1], [1]]]",null,0
2.768.4t3.b,768,"[2, 3]","[2, 3]",False,1,"[[[1], [-2], [1]], [[1], [2], [1]], [[1], [0], [-1]], [[1], [0], [-1]], [[1], [0], [1]], [[1]], [[1], [-1]]]",null,0
2.768.4t3.c,768,"[2, 3]","[2, 3]",False,1,"[[[1], [-2], [1]], [[1], [2], [1]], [[1], [0], [-1]], [[1], [0], [-1]], [[1], [0], [1]], [[1]], [[1], [-1]]]","[[1], [1, -1], [1, 0, -1], [1, 0, 1], [1, 0, -1], [1, 0, 1], [1, 0, -1], [1, 2, 1], [1, 0, -1], [1, 0, -1], [1, 0, 1], [1, 0, 1], [1, 0, -1], [1, 2, 1], [1, 0, -1], [1, 0, -1], [1, 0, -1], [1, 0, 1], [1, -2, 1], [1, 0, -1], [1, 2, 1], [1, 0, 1], [1, 0, -1], [1, 0, -1], [1, 2, 1], [1, 0, -1], [1, 0, 1], [1, 0, -1], [1, 0, 1], [1, 0, -1]]",0
2.768.4t3.d,768,"[2, 3]","[2, 3]",False,1,"[[[1], [-2], [1]], [[1], [2], [1]], [[1], [0], [-1]], [[1], [0], [-1]], [[1], [0], [1]], [[1]], [[1], [1]]]","[[1], [1, 1], [1, 0, -1], [1, 0, 1], [1, 0, -1], [1, 0, 1], [1, 0, -1], [1, -2, 1], [1, 0, -1], [1, 0, -1], [1, 0, 1], [1, 0, 1], [1, 0, -1], [1, -2, 1], [1, 0, -1], [1, 0, -1], [1, 0, -1], [1, 0, 1], [1, 2, 1], [1, 0, -1], [1, 2, 1], [1, 0, 1], [1, 0, -1], [1, 0, -1], [1, 2, 1], [1, 0, -1], [1, 0, 1], [1, 0, -1], [1, 0, 1], [1, 0, -1]]",0
2.768.4t3.e,768,"[2, 3]","[2, 3, 5]",False,1,"[[[1], [-2], [1]], [[1], [2], [1]], [[1], [0], [-1]], [[1], [0], [-1]], [[1], [0], [1]], [[1]], [[1], [1]]]",null,0
2.768.4t3.f,768,"[2, 3]","[2, 3, 5]",False,1,"[[[1], [-2], [1]], [[1], [2], [1]], [[1], [0], [-1]], [[1], [0], [-1]], [[1], [0], [1]], [[1]], [[1], [-1]]]",null,0
2.771.3t2.a,771,"[3, 257]","[3, 257]",False,1,"[[[1], [-2], [1]], [[1], [0], [-1]], [[1], [1], [1]], [[1], [-1]]]","[[1, 0, -1], [1, -1], [1, 1, 1], [1, 0, -1], [1, 0, -1], [1, 1, 1], [1, 0, -1], [1, 0, -1], [1, 0, -1], [1, 0, -1], [1, 1, 1], [1, 0, -1], [1, 1, 1], [1, 0, -1], [1, 1, 1], [1, 1, 1], [1, 0, -1], [1, 1, 1], [1, 1, 1], [1, -2, 1], [1, 1, 1], [1, 1, 1], [1, -2, 1], [1, 0, -1], [1, 0, -1], [1, -2, 1], [1, 0, -1], [1, 1, 1], [1, 0, -1], [1, 0, -1]]",0
2.771.6t3.a,771,"[3, 257]","[2, 3, 257]",False,1,"[[[1], [-2], [1]], [[1], [2], [1]], [[1], [0], [-1]], [[1], [0], [-1]], [[1], [1], [1]], [[1], [-1], [1]], [[1], [1]]]","[[1, 0, -1], [1, 1], [1, -1, 1], [1, 0, -1], [1, 0, -1], [1, 1, 1], [1, 0, -1], [1, 0, -1], [1, 0, -1], [1, 0, -1], [1, 1, 1], [1, 0, -1], [1, -1, 1], [1, 0, -1], [1, -1, 1], [1, -1, 1], [1, 0, -1], [1, 1, 1], [1, 1, 1], [1, 2, 1], [1, 1, 1], [1, 1, 1], [1, 2, 1], [1, 0, -1], [1, 0, -1], [1, 2, 1], [1, 0, -1], [1, -1, 1], [1, 0, -1], [1, 0, -1]]",0
2.771.6t3.b,771,"[3, 257]","[2, 3, 257]",False,1,"[[[1], [-2], [1]], [[1], [2], [1]], [[1], [0], [-1]], [[1], [0], [-1]], [[1], [1], [1]], [[1], [-1], [1]], [[1], [1]]]",null,0
2.772.4t3.a,772,"[2, 193]","[2, 3, 7, 193]",False,1,"[[[1], [-2], [1]], [[1], [2], [1]], [[1], [0], [-1]], [[1], [0], [-1]], [[1], [0], [1]], [[1], [1]], [[1], [-1]]]","[[1, 1], [1, 0, -1], [1, 0, -1], [1, 0, -1], [1, 0, 1], [1, 0, -1], [1, 0, -1], [1, 0, 1], [1, 0, -1], [1, 0, -1], [1, 0, -1], [1, 0, -1], [1, 0, -1], [1, 0, -1], [1, 0, 1], [1, 0, -1], [1, 0, -1], [1, 0, -1], [1, 0, -1], [1, 0, 1], [1, 0, -1], [1, 0, 1], [1, 0, -1], [1, 0, -1], [1, 2, 1], [1, 2, 1], [1, 0, 1], [1, 0, -1], [1, 2, 1], [1, 0, -1]]",0
2.772.4t3.b,772,"[2, 193]","[2, 3, 193]",False,1,"[[[1], [-2], [1]], [[1], [2], [1]], [[1], [0], [-1]], [[1], [0], [-1]], [[1], [0], [1]], [[1], [1]], [[1], [-1]]]",null,0
2.772.4t3.c,772,"[2, 193]","[2, 3, 7, 193, 21221]",False,1,"[[[1], [-2], [1]], [[1], [2], [1]], [[1], [0], [-1]], [[1], [0], [-1]], [[1], [0], [1]], [[1], [1]], [[1], [-1]]]",null,0
2.775.4t3.a,775,"[5, 31]","[2, 3, 5, 31, 149]",False,1,"[[[1], [-2], [1]], [[1], [2], [1]], [[1], [0], [-1]], [[1], [0], [-1]], [[1], [0], [1]], [[1]], [[1], [1]]]",null,0
2.775.4t3.b,775,"[5, 31]","[2, 3, 5, 31]",False,1,"[[[1], [-2], [1]], [[1], [2], [1]], [[1], [0], [-1]], [[1], [0], [-1]], [[1], [0], [1]], [[1]], [[1], [1]]]",null,0
2.775.4t3.c,775,"[5, 31]","[3, 5, 31]",False,1,"[[[1], [-2], [1]], [[1], [2], [1]], [[1], [0], [-1]], [[1], [0], [-1]], [[1], [0], [1]], [[1]], [[1], [1]]]","[[1, 0, 1], [1, 0, -1], [1], [1, 0, 1], [1, 0, -1], [1, 0, -1], [1, 0, -1], [1, -2, 1], [1, 0, -1], [1, 0, -1], [1, 1], [1, 0, -1], [1, -2, 1], [1, 0, -1], [1, 0, 1], [1, 0, -1], [1, 2, 1], [1, 0, -1], [1, 0, 1], [1, 2, 1], [1, 0, -1], [1, 0, -1], [1, 0, -1], [1, 0, -1], [1, 0, 1], [1, 2, 1], [1, 0, 1], [1, 0, 1], [1, -2, 1], [1, 0, 1]]",0
2.775.6t3.a,775,"[5, 31]","[3, 5, 31]",False,1,"[[[1], [-2], [1]], [[1], [2], [1]], [[1], [0], [-1]], [[1], [0], [-1]], [[1], [1], [1]], [[1], [-1], [1]], [[1]], [[1], [-1]]]","[[1, -1, 1], [1, 0, -1], [1], [1, -1, 1], [1, 0, -1], [1, 0, -1], [1, 0, -1], [1, 1, 1], [1, 0, -1], [1, 0, -1], [1, -1], [1, 0, -1], [1, 1, 1], [1, 0, -1], [1, 2, 1], [1, 0, -1], [1, 1, 1], [1, 0, -1], [1, 2, 1], [1, 1, 1], [1, 0, -1], [1, 0, -1], [1, 0, -1], [1, 0, -1], [1, -1, 1], [1, 1, 1], [1, -1, 1], [1, -1, 1], [1, 1, 1], [1, -1, 1]]",0
2.775.6t3.b,775,"[5, 31]","[3, 5, 13, 17, 31]",False,1,"[[[1], [-2], [1]], [[1], [2], [1]], [[1], [0], [-1]], [[1], [0], [-1]], [[1], [1], [1]], [[1], [-1], [1]], [[1]], [[1], [-1]]]",null,0
2.776.4t3.a,776,"[2, 97]","[2, 3, 97]",False,1,"[[[1], [-2], [1]], [[1], [2], [1]], [[1], [0], [-1]], [[1], [0], [-1]], [[1], [0], [1]], [[1], [1]]]",null,0
2.776.4t3.b,776,"[2, 97]","[2, 3, 97]",True,1,"[[[1], [-2], [1]], [[1], [2], [1]], [[1], [0], [-1]], [[1], [0], [-1]], [[1], [0], [1]], [[1], [-1]], [[1], [1]]]",null,0
2.776.4t3.c,776,"[2, 97]","[2, 3, 97]",False,1,"[[[1], [-2], [1]], [[1], [2], [1]], [[1], [0], [-1]], [[1], [0], [-1]], [[1], [0], [1]], [[1], [1]]]","[[1, 1], [1, -2, 1], [1, 0, 1], [1, 0, 1], [1, 2, 1], [1, 0, 1], [1, 0, -1], [1, 0, -1], [1, 0, 1], [1, 0, 1], [1, 0, -1], [1, 0, 1], [1, 0, -1], [1, 2, 1], [1, 0, -1], [1, 0, -1], [1, 0, -1], [1, 0, -1], [1, 0, -1], [1, 0, 1], [1, -2, 1], [1, 0, -1], [1, 0, -1], [1, -2, 1], [1, 1], [1, 0, -1], [1, 0, -1], [1, 0, -1], [1, 0, -1], [1, 2, 1]]",0
2.776.4t3.d,776,"[2, 97]","[2, 97]",True,1,"[[[1], [-2], [1]], [[1], [2], [1]], [[1], [0], [-1]], [[1], [0], [-1]], [[1], [0], [1]], [[1], [-1]], [[1], [1]]]",null,0
2.776.4t3.e,776,"[2, 97]","[2, 3, 97, 241]",True,1,"[[[1], [-2], [1]], [[1], [2], [1]], [[1], [0], [-1]], [[1], [0], [-1]], [[1], [0], [1]], [[1], [-1]], [[1], [1]]]",null,0
2.776.4t3.f,776,"[2, 97]","[2, 3, 11, 97]",False,1,"[[[1], [-2], [1]], [[1], [2], [1]], [[1], [0], [-1]], [[1], [0], [-1]], [[1], [0], [1]], [[1], [1]]]",null,0
2.777.4t3.a,777,"[3, 7, 37]","[3, 7, 37]",True,1,"[[[1], [-2], [1]], [[1], [2], [1]], [[1], [0], [-1]], [[1], [0], [-1]], [[1], [0], [1]], [[1], [1]], [[1], [-1]]]",null,0
2.777.4t3.b,777,"[3, 7, 37]","[3, 7, 37]",True,1,"[[[1], [-2], [1]], [[1], [2], [1]], [[1], [0], [-1]], [[1], [0], [-1]], [[1], [0], [1]], [[1], [-1]], [[1], [1]]]",null,0
2.777.4t3.c,777,"[3, 7, 37]","[3, 7, 37]",True,1,"[[[1], [-2], [1]], [[1], [2], [1]], [[1], [0], [-1]], [[1], [0], [-1]], [[1], [0], [1]], [[1], [1]], [[1], [-1]]]",null,0
2.777.4t3.d,777,"[3, 7, 37]","[3, 7, 37]",True,1,"[[[1], [-2], [1]], [[1], [2], [1]], [[1], [0], [-1]], [[1], [0], [-1]], [[1], [0], [1]], [[1], [-1]], [[1], [1]]]",null,0
2.777.4t3.e,777,"[3, 7, 37]","[2, 3, 5, 7, 37, 379]",True,1,"[[[1], [-2], [1]], [[1], [2], [1]], [[1], [0], [-1]], [[1], [0], [-1]], [[1], [0], [1]], [[1], [1]], [[1], [-1]]]",null,0
2.777.4t3.f,777,"[3, 7, 37]","[2, 3, 7, 37, 47]",True,1,"[[[1], [-2], [1]], [[1], [2], [1]], [[1], [0], [-1]], [[1], [0], [-1]], [[1], [0], [1]], [[1], [-1]], [[1], [1]]]",null,0
2.780.3t2.a,780,"[2, 3, 5, 13]","[2, 3, 5, 13]",False,1,"[[[1], [-2], [1]], [[1], [0], [-1]], [[1], [1], [1]], [[1]], [[1], [-1]]]","[[1], [1, -1], [1, -1], [1, 1, 1], [1, 1, 1], [1, -1], [1, 1, 1], [1, 0, -1], [1, 1, 1], [1, 0, -1], [1, 0, -1], [1, 1, 1], [1, 1, 1], [1, 0, -1], [1, 0, -1], [1, 1, 1], [1, -2, 1], [1, 1, 1], [1, -2, 1], [1, 1, 1], [1, -2, 1], [1, 1, 1], [1, 0, -1], [1, 1, 1], [1, 1, 1], [1, 0, -1], [1, 0, -1], [1, 1, 1], [1, 0, -1], [1, -2, 1]]",0
2.780.6t3.a,780,"[2, 3, 5, 13]","[2, 3, 5, 13]",False,1,"[[[1], [-2], [1]], [[1], [2], [1]], [[1], [0], [-1]], [[1], [0], [-1]], [[1], [1], [1]], [[1], [-1], [1]], [[1]], [[1], [1]], [[1], [-1]]]","[[1], [1, 1], [1, -1], [1, -1, 1], [1, 1, 1], [1, 1], [1, -1, 1], [1, 0, -1], [1, -1, 1], [1, 0, -1], [1, 0, -1], [1, -1, 1], [1, 1, 1], [1, 0, -1], [1, 0, -1], [1, -1, 1], [1, -2, 1], [1, 1, 1], [1, 2, 1], [1, 1, 1], [1, 2, 1], [1, 1, 1], [1, 0, -1], [1, 1, 1], [1, -1, 1], [1, 0, -1], [1, 0, -1], [1, -1, 1], [1, 0, -1], [1, 2, 1]]",0
2.780.6t3.b,780,"[2, 3, 5, 13]","[2, 3, 5, 13]",False,1,"[[[1], [-2], [1]], [[1], [2], [1]], [[1], [0], [-1]], [[1], [0], [-1]], [[1], [1], [1]], [[1], [-1], [1]], [[1]], [[1], [1]], [[1], [-1]]]",null,0
2.780.6t3.c,780,"[2, 3, 5, 13]","[2, 3, 5, 13]",False,1,"[[[1], [-2], [1]], [[1], [2], [1]], [[1], [0], [-1]], [[1], [0], [-1]], [[1], [1], [1]], [[1], [-1], [1]], [[1]], [[1], [-1]], [[1], [1]]]","[[1], [1, -1], [1, 1], [1, -1, 1], [1, -1, 1], [1, 1], [1, 1, 1], [1, 0, -1], [1, 1, 1], [1, 0, -1], [1, 0, -1], [1, -1, 1], [1, -1, 1], [1, 0, -1], [1, 0, -1], [1, 1, 1], [1, 2, 1], [1, 1, 1], [1, 2, 1], [1, -1, 1], [1, 2, 1], [1, 1, 1], [1, 0, -1], [1, -1, 1], [1, -1, 1], [1, 0, -1], [1, 0, -1], [1, 1, 1], [1, 0, -1], [1, -2, 1]]",0
2.780.6t3.d,780,"[2, 3, 5, 13]","[2, 3, 5, 13]",False,1,"[[[1], [-2], [1]], [[1], [2], [1]], [[1], [0], [-1]], [[1], [0], [-1]], [[1], [1], [1]], [[1], [-1], [1]], [[1]], [[1], [1]], [[1], [-1]]]",null,0
2.780.6t3.e,780,"[2, 3, 5, 13]","[2, 3, 5, 13]",False,1,"[[[1], [-2], [1]], [[1], [2], [1]], [[1], [0], [-1]], [[1], [0], [-1]], [[1], [1], [1]], [[1], [-1], [1]], [[1]], [[1], [-1]], [[1], [1]]]",null,0
2.780.6t3.f,780,"[2, 3, 5, 13]","[2, 3, 5, 13]",False,1,"[[[1], [-2], [1]], [[1], [2], [1]], [[1], [0], [-1]], [[1], [0], [-1]], [[1], [1], [1]], [[1], [-1], [1]], [[1]], [[1], [1]], [[1], [-1]]]","[[1], [1, 1], [1, 1], [1, 1, 1], [1, -1, 1], [1, -1], [1, -1, 1], [1, 0, -1], [1, -1, 1], [1, 0, -1], [1, 0, -1], [1, 1, 1], [1, -1, 1], [1, 0, -1], [1, 0, -1], [1, -1, 1], [1, 2, 1], [1, 1, 1], [1, -2, 1], [1, -1, 1], [1, -2, 1], [1, 1, 1], [1, 0, -1], [1, -1, 1], [1, 1, 1], [1, 0, -1], [1, 0, -1], [1, -1, 1], [1, 0, -1], [1, 2, 1]]",0
2.785.3t2.a,785,"[5, 157]","[5, 157]",True,1,"[[[1], [-2], [1]], [[1], [0], [-1]], [[1], [1], [1]], [[1], [-1]]]",null,0
2.785.6t3.a,785,"[5, 157]","[5, 13, 23, 157]",True,1,"[[[1], [-2], [1]], [[1], [2], [1]], [[1], [0], [-1]], [[1], [0], [-1]], [[1], [1], [1]], [[1], [-1], [1]], [[1], [1]]]",null,0
2.785.6t3.b,785,"[5, 157]","[3, 5, 157]",True,1,"[[[1], [-2], [1]], [[1], [2], [1]], [[1], [0], [-1]], [[1], [0], [-1]], [[1], [1], [1]], [[1], [-1], [1]], [[1], [1]]]",null,0
2.788.3t2.a,788,"[2, 197]","[2, 197]",True,1,"[[[1], [-2], [1]], [[1], [0], [-1]], [[1], [1], [1]], [[1]], [[1], [-1]]]",null,0
2.791.4t3.a,791,"[7, 113]","[2, 7, 11, 53, 113]",False,1,"[[[1], [-2], [1]], [[1], [2], [1]], [[1], [0], [-1]], [[1], [0], [-1]], [[1], [0], [1]], [[1], [-1]]]",null,0
2.791.4t3.b,791,"[7, 113]","[2, 7, 113]",False,1,"[[[1], [-2], [1]], [[1], [2], [1]], [[1], [0], [-1]], [[1], [0], [-1]], [[1], [0], [1]], [[1], [-1]]]",null,0
2.791.4t3.c,791,"[7, 113]","[2, 7, 113]",False,1,"[[[1], [-2], [1]], [[1], [2], [1]], [[1], [0], [-1]], [[1], [0], [-1]], [[1], [0], [1]], [[1], [-1]]]","[[1, 2, 1], [1, 0, 1], [1, 0, 1], [1, -1], [1, -2, 1], [1, 0, -1], [1, 0, 1], [1, 0, 1], [1, 0, -1], [1, 0, -1], [1, 0, -1], [1, 0, -1], [1, 0, -1], [1, 0, -1], [1, 0, 1], [1, -2, 1], [1, 0, 1], [1, 0, -1], [1, 0, -1], [1, 0, -1], [1, 0, 1], [1, 0, -1], [1, 0, -1], [1, 0, 1], [1, 0, -1], [1, 0, 1], [1, 0, 1], [1, 0, -1], [1, 2, 1], [1, -1]]",0
2.792.4t3.a,792,"[2, 3, 11]","[2, 3, 11]",False,1,"[[[1], [-2], [1]], [[1], [2], [1]], [[1], [0], [-1]], [[1], [0], [-1]], [[1], [0], [1]], [[1], [1]], [[1]], [[1], [-1]]]",null,0
2.792.4t3.b,792,"[2, 3, 11]","[2, 3, 11]",False,1,"[[[1], [-2], [1]], [[1], [2], [1]], [[1], [0], [-1]], [[1], [0], [-1]], [[1], [0], [1]], [[1], [-1]], [[1]], [[1], [1]]]",null,0
2.792.4t3.c,792,"[2, 3, 11]","[2, 3, 11]",False,1,"[[[1], [-2], [1]], [[1], [2], [1]], [[1], [0], [-1]], [[1], [0], [-1]], [[1], [0], [1]], [[1], [-1]], [[1]], [[1], [1]]]","[[1, -1], [1], [1, 0, -1], [1, 0, -1], [1, 1], [1, 0, 1], [1, 0, -1], [1, 0, 1], [1, 0, 1], [1, 2, 1], [1, 2, 1], [1, 0, -1], [1, 0, -1], [1, 0, 1], [1, 0, 1], [1, 0, -1], [1, 0, -1], [1, 0, 1], [1, 0, -1], [1, 0, 1], [1, 0, -1], [1, 0, -1], [1, 2, 1], [1, 0, 1], [1, 2, 1], [1, -2, 1], [1, 2, 1], [1, -2, 1], [1, 0, 1], [1, 0, 1]]",0
2.792.4t3.d,792,"[2, 3, 11]","[2, 3, 11]",False,1,"[[[1], [-2], [1]], [[1], [2], [1]], [[1], [0], [-1]], [[1], [0], [-1]], [[1], [0], [1]], [[1], [1]], [[1]], [[1], [-1]]]","[[1, 1], [1], [1, 0, -1], [1, 0, -1], [1, -1], [1, 0, 1], [1, 0, -1], [1, 0, 1], [1, 0, 1], [1, -2, 1], [1, 2, 1], [1, 0, -1], [1, 0, -1], [1, 0, 1], [1, 0, 1], [1, 0, -1], [1, 0, -1], [1, 0, 1], [1, 0, -1], [1, 0, 1], [1, 0, -1], [1, 0, -1], [1, -2, 1], [1, 0, 1], [1, 2, 1], [1, 2, 1], [1, 2, 1], [1, 2, 1], [1, 0, 1], [1, 0, 1]]",0
2.792.4t3.e,792,"[2, 3, 11]","[2, 3, 5, 11]",False,1,"[[[1], [-2], [1]], [[1], [2], [1]], [[1], [0], [-1]], [[1], [0], [-1]], [[1], [0], [1]], [[1], [1]], [[1]], [[1], [-1]]]",null,0
2.792.4t3.f,792,"[2, 3, 11]","[2, 3, 5, 7, 11, 101]",False,1,"[[[1], [-2], [1]], [[1], [2], [1]], [[1], [0], [-1]], [[1], [0], [-1]], [[1], [0], [1]], [[1], [-1]], [[1]], [[1], [1]]]",null,0
2.793.4t3.a,793,"[13, 61]","[2, 3, 5, 13, 17, 61]",True,1,"[[[1], [-2], [1]], [[1], [2], [1]], [[1], [0], [-1]], [[1], [0], [-1]], [[1], [0], [1]], [[1], [-1]]]",null,0
2.793.4t3.b,793,"[13, 61]","[13, 61]",True,1,"[[[1], [-2], [1]], [[1], [2], [1]], [[1], [0], [-1]], [[1], [0], [-1]], [[1], [0], [1]], [[1], [-1]]]",null,0
2.793.4t3.c,793,"[13, 61]","[3, 13, 61]",True,1,"[[[1], [-2], [1]], [[1], [2], [1]], [[1], [0], [-1]], [[1], [0], [-1]], [[1], [0], [1]], [[1], [-1]]]",null,0
2.799.4t3.a,799,"[17, 47]","[2, 17, 47]",False,1,"[[[1], [-2], [1]], [[1], [2], [1]], [[1], [0], [-1]], [[1], [0], [-1]], [[1], [0], [1]], [[1], [-1]]]","[[1, 2, 1], [1, 0, -1], [1, 0, 1], [1, 0, -1], [1, 0, 1], [1, 0, -1], [1, -1], [1, 0, -1], [1, 0, 1], [1, 0, 1], [1, 0, 1], [1, 0, -1], [1, 0, 1], [1, 0, -1], [1, -1], [1, -2, 1], [1, 2, 1], [1, 0, -1], [1, 0, -1], [1, 0, -1], [1, 0, 1], [1, 0, -1], [1, -2, 1], [1, -2, 1], [1, 0, -1], [1, 2, 1], [1, 2, 1], [1, 0, 1], [1, 0, 1], [1, 0, 1]]",0
2.799.4t3.b,799,"[17, 47]","[2, 3, 17, 47]",False,1,"[[[1], [-2], [1]], [[1], [2], [1]], [[1], [0], [-1]], [[1], [0], [-1]], [[1], [0], [1]], [[1], [-1]]]",null,0
2.799.4t3.c,799,"[17, 47]","[2, 17, 47]",False,1,"[[[1], [-2], [1]], [[1], [2], [1]], [[1], [0], [-1]], [[1], [0], [-1]], [[1], [0], [1]], [[1], [-1]]]",null,0
2.800.6t3.a,800,"[2, 5]","[2, 5]",False,1,"[[[1], [-2], [1]], [[1], [2], [1]], [[1], [0], [-1]], [[1], [0], [-1]], [[1], [1], [1]], [[1], [-1], [1]], [[1]]]","[[1], [1, 1, 1], [1], [1, 0, -1], [1, -1, 1], [1, 0, -1], [1, -1, 1], [1, -1, 1], [1, 0, -1], [1, 0, -1], [1, 0, -1], [1, 0, -1], [1, 1, 1], [1, -2, 1], [1, 0, -1], [1, 0, -1], [1, 2, 1], [1, 0, -1], [1, 1, 1], [1, 0, -1], [1, -1, 1], [1, 0, -1], [1, 1, 1], [1, 1, 1], [1, 2, 1], [1, 0, -1], [1, 0, -1], [1, 1, 1], [1, 0, -1], [1, -1, 1]]",0
2.800.6t3.b,800,"[2, 5]","[2, 5]",False,1,"[[[1], [-2], [1]], [[1], [2], [1]], [[1], [0], [-1]], [[1], [0], [-1]], [[1], [1], [1]], [[1], [-1], [1]], [[1]]]",null,0
2.800.6t3.c,800,"[2, 5]","[2, 5]",False,1,"[[[1], [-2], [1]], [[1], [2], [1]], [[1], [0], [-1]], [[1], [0], [-1]], [[1], [1], [1]], [[1], [-1], [1]], [[1]]]",null,0
2.800.6t3.d,800,"[2, 5]","[2, 5, 7]",False,1,"[[[1], [-2], [1]], [[1], [2], [1]], [[1], [0], [-1]], [[1], [0], [-1]], [[1], [1], [1]], [[1], [-1], [1]], [[1]]]","[[1], [1, -1, 1], [1], [1, 0, -1], [1, -1, 1], [1, 0, -1], [1, 1, 1], [1, -1, 1], [1, 0, -1], [1, 0, -1], [1, 0, -1], [1, 0, -1], [1, 1, 1], [1, 2, 1], [1, 0, -1], [1, 0, -1], [1, 2, 1], [1, 0, -1], [1, -1, 1], [1, 0, -1], [1, 1, 1], [1, 0, -1], [1, -1, 1], [1, 1, 1], [1, -2, 1], [1, 0, -1], [1, 0, -1], [1, -1, 1], [1, 0, -1], [1, 1, 1]]",0
2.804.3t2.a,804,"[2, 3, 67]","[2, 3, 67]",False,1,"[[[1], [-2], [1]], [[1], [0], [-1]], [[1], [1], [1]], [[1], [-1]]]","[[1, -1], [1, -1], [1, 1, 1], [1, 1, 1], [1, 0, -1], [1, 0, -1], [1, 0, -1], [1, 0, -1], [1, 1, 1], [1, 0, -1], [1, 1, 1], [1, 1, 1], [1, 1, 1], [1, 1, 1], [1, -2, 1], [1, 1, 1], [1, 1, 1], [1, 0, -1], [1, -1], [1, -2, 1], [1, 1, 1], [1, -2, 1], [1, 1, 1], [1, 0, -1], [1, 0, -1], [1, -2, 1], [1, 0, -1], [1, -2, 1], [1, 0, -1], [1, -2, 1]]",0
2.804.6t3.a,804,"[2, 3, 67]","[2, 3, 11, 17, 67]",False,1,"[[[1], [-2], [1]], [[1], [2], [1]], [[1], [0], [-1]], [[1], [0], [-1]], [[1], [1], [1]], [[1], [-1], [1]], [[1], [-1]], [[1], [1]]]",null,0
2.804.6t3.b,804,"[2, 3, 67]","[2, 3, 67]",False,1,"[[[1], [-2], [1]], [[1], [2], [1]], [[1], [0], [-1]], [[1], [0], [-1]], [[1], [1], [1]], [[1], [-1], [1]], [[1], [1]]]",null,0
2.804.6t3.c,804,"[2, 3, 67]","[2, 3, 67]",False,1,"[[[1], [-2], [1]], [[1], [2], [1]], [[1], [0], [-1]], [[1], [0], [-1]], [[1], [1], [1]], [[1], [-1], [1]], [[1], [1]], [[1], [-1]]]","[[1, 1], [1, -1], [1, -1, 1], [1, 1, 1], [1, 0, -1], [1, 0, -1], [1, 0, -1], [1, 0, -1], [1, -1, 1], [1, 0, -1], [1, 1, 1], [1, 1, 1], [1, -1, 1], [1, 1, 1], [1, 2, 1], [1, -1, 1], [1, -1, 1], [1, 0, -1], [1, -1], [1, 2, 1], [1, 1, 1], [1, -2, 1], [1, -1, 1], [1, 0, -1], [1, 0, -1], [1, 2, 1], [1, 0, -1], [1, 2, 1], [1, 0, -1], [1, 2, 1]]",0
2.804.6t3.d,804,"[2, 3, 67]","[2, 3, 67]",False,1,"[[[1], [-2], [1]], [[1], [2], [1]], [[1], [0], [-1]], [[1], [0], [-1]], [[1], [1], [1]], [[1], [-1], [1]], [[1], [-1]], [[1], [1]]]","[[1, -1], [1, 1], [1, 1, 1], [1, -1, 1], [1, 0, -1], [1, 0, -1], [1, 0, -1], [1, 0, -1], [1, -1, 1], [1, 0, -1], [1, -1, 1], [1, 1, 1], [1, 1, 1], [1, -1, 1], [1, 2, 1], [1, 1, 1], [1, -1, 1], [1, 0, -1], [1, 1], [1, 2, 1], [1, 1, 1], [1, 2, 1], [1, -1, 1], [1, 0, -1], [1, 0, -1], [1, -2, 1], [1, 0, -1], [1, 2, 1], [1, 0, -1], [1, -2, 1]]",0
2.804.6t3.e,804,"[2, 3, 67]","[2, 3, 67]",False,1,"[[[1], [-2], [1]], [[1], [2], [1]], [[1], [0], [-1]], [[1], [0], [-1]], [[1], [1], [1]], [[1], [-1], [1]], [[1], [1]]]","[[1, 1], [1, 1], [1, -1, 1], [1, -1, 1], [1, 0, -1], [1, 0, -1], [1, 0, -1], [1, 0, -1], [1, 1, 1], [1, 0, -1], [1, -1, 1], [1, 1, 1], [1, -1, 1], [1, -1, 1], [1, -2, 1], [1, -1, 1], [1, 1, 1], [1, 0, -1], [1, 1], [1, -2, 1], [1, 1, 1], [1, 2, 1], [1, 1, 1], [1, 0, -1], [1, 0, -1], [1, 2, 1], [1, 0, -1], [1, -2, 1], [1, 0, -1], [1, 2, 1]]",0
2.804.6t3.f,804,"[2, 3, 67]","[2, 3, 67, 383]",False,1,"[[[1], [-2], [1]], [[1], [2], [1]], [[1], [0], [-1]], [[1], [0], [-1]], [[1], [1], [1]], [[1], [-1], [1]], [[1], [1]], [[1], [-1]]]",null,0
2.808.3t2.a,808,"[2, 101]","[2, 101]",False,1,"[[[1], [-2], [1]], [[1], [0], [-1]], [[1], [1], [1]], [[1], [-1]]]","[[1, -1], [1, 0, -1], [1, 0, -1], [1, 1, 1], [1, 0, -1], [1, 0, -1], [1, 1, 1], [1, 1, 1], [1, 0, -1], [1, 1, 1], [1, 0, -1], [1, 0, -1], [1, 0, -1], [1, 1, 1], [1, 0, -1], [1, 1, 1], [1, 0, -1], [1, 1, 1], [1, 0, -1], [1, 0, -1], [1, 0, -1], [1, 0, -1], [1, 0, -1], [1, 0, -1], [1, 1, 1], [1, -1], [1, -2, 1], [1, 1, 1], [1, -2, 1], [1, 0, -1]]",0
2.808.6t3.a,808,"[2, 101]","[2, 3, 5, 101]",False,1,"[[[1], [-2], [1]], [[1], [2], [1]], [[1], [0], [-1]], [[1], [0], [-1]], [[1], [1], [1]], [[1], [-1], [1]], [[1], [1]]]","[[1, 1], [1, 0, -1], [1, 0, -1], [1, -1, 1], [1, 0, -1], [1, 0, -1], [1, 1, 1], [1, 1, 1], [1, 0, -1], [1, -1, 1], [1, 0, -1], [1, 0, -1], [1, 0, -1], [1, 1, 1], [1, 0, -1], [1, -1, 1], [1, 0, -1], [1, -1, 1], [1, 0, -1], [1, 0, -1], [1, 0, -1], [1, 0, -1], [1, 0, -1], [1, 0, -1], [1, 1, 1], [1, 1], [1, 2, 1], [1, 1, 1], [1, 2, 1], [1, 0, -1]]",0
2.808.6t3.b,808,"[2, 101]","[2, 3, 13, 101]",False,1,"[[[1], [-2], [1]], [[1], [2], [1]], [[1], [0], [-1]], [[1], [0], [-1]], [[1], [1], [1]], [[1], [-1], [1]], [[1], [1]]]",null,0
2.812.3t2.a,812,"[2, 7, 29]","[2, 7, 29]",False,1,"[[[1], [-2], [1]], [[1], [0], [-1]], [[1], [1], [1]], [[1]], [[1], [-1]]]","[[1], [1, 1, 1], [1, 0, -1], [1, -1], [1, 0, -1], [1, 0, -1], [1, -2, 1], [1, 1, 1], [1, 1, 1], [1, -1], [1, -2, 1], [1, 0, -1], [1, 1, 1], [1, 0, -1], [1, 1, 1], [1, 1, 1], [1, 0, -1], [1, -2, 1], [1, 1, 1], [1, 1, 1], [1, 1, 1], [1, 0, -1], [1, 0, -1], [1, 1, 1], [1, 1, 1], [1, 1, 1], [1, 0, -1], [1, 1, 1], [1, 1, 1], [1, 0, -1]]",0
2.812.6t3.a,812,"[2, 7, 29]","[2, 5, 7, 29]",False,1,"[[[1], [-2], [1]], [[1], [2], [1]], [[1], [0], [-1]], [[1], [0], [-1]], [[1], [1], [1]], [[1], [-1], [1]], [[1]], [[1], [-1]]]","[[1], [1, -1, 1], [1, 0, -1], [1, -1], [1, 0, -1], [1, 0, -1], [1, 2, 1], [1, -1, 1], [1, 1, 1], [1, -1], [1, 2, 1], [1, 0, -1], [1, -1, 1], [1, 0, -1], [1, -1, 1], [1, 1, 1], [1, 0, -1], [1, 2, 1], [1, 1, 1], [1, 1, 1], [1, -1, 1], [1, 0, -1], [1, 0, -1], [1, -1, 1], [1, -1, 1], [1, -1, 1], [1, 0, -1], [1, 1, 1], [1, 1, 1], [1, 0, -1]]",0
2.812.6t3.b,812,"[2, 7, 29]","[2, 7, 13, 29]",False,1,"[[[1], [-2], [1]], [[1], [2], [1]], [[1], [0], [-1]], [[1], [0], [-1]], [[1], [1], [1]], [[1], [-1], [1]], [[1]], [[1], [-1]]]",null,0
2.815.3t2.a,815,"[5, 163]","[5, 163]",False,1,"[[[1], [-2], [1]], [[1], [0], [-1]], [[1], [1], [1]], [[1], [-1]]]","[[1, 1, 1], [1, -2, 1], [1, -1], [1, 1, 1], [1, 0, -1], [1, 1, 1], [1, 1, 1], [1, 0, -1], [1, 1, 1], [1, 0, -1], [1, 0, -1], [1, 1, 1], [1, 1, 1], [1, 0, -1], [1, 0, -1], [1, 0, -1], [1, 0, -1], [1, -2, 1], [1, 1, 1], [1, 1, 1], [1, -2, 1], [1, 0, -1], [1, 0, -1], [1, 0, -1], [1, 0, -1], [1, 0, -1], [1, 1, 1], [1, 1, 1], [1, 0, -1], [1, 0, -1]]",0
2.815.6t3.a,815,"[5, 163]","[3, 5, 43, 163]",False,1,"[[[1], [-2], [1]], [[1], [2], [1]], [[1], [0], [-1]], [[1], [0], [-1]], [[1], [1], [1]], [[1], [-1], [1]], [[1], [1]]]","[[1, -1, 1], [1, 2, 1], [1, 1], [1, -1, 1], [1, 0, -1], [1, -1, 1], [1, -1, 1], [1, 0, -1], [1, -1, 1], [1, 0, -1], [1, 0, -1], [1, -1, 1], [1, 1, 1], [1, 0, -1], [1, 0, -1], [1, 0, -1], [1, 0, -1], [1, -2, 1], [1, -1, 1], [1, 1, 1], [1, 2, 1], [1, 0, -1], [1, 0, -1], [1, 0, -1], [1, 0, -1], [1, 0, -1], [1, -1, 1], [1, -1, 1], [1, 0, -1], [1, 0, -1]]",0
2.815.6t3.b,815,"[5, 163]","[3, 5, 11, 163]",False,1,"[[[1], [-2], [1]], [[1], [2], [1]], [[1], [0], [-1]], [[1], [0], [-1]], [[1], [1], [1]], [[1], [-1], [1]], [[1], [1]]]",null,0
2.816.6t3.a,816,"[2, 3, 17]","[2, 3, 17]",False,1,"[[[1], [-2], [1]], [[1], [2], [1]], [[1], [0], [-1]], [[1], [0], [-1]], [[1], [1], [1]], [[1], [-1], [1]], [[1]], [[1], [1]], [[1], [-1]]]","[[1], [1, 1], [1, 1, 1], [1, 0, -1], [1, -1, 1], [1, 1, 1], [1, -1], [1, -1, 1], [1, -1, 1], [1, -2, 1], [1, 0, -1], [1, 0, -1], [1, 1, 1], [1, -1, 1], [1, 0, -1], [1, 0, -1], [1, 0, -1], [1, 0, -1], [1, 2, 1], [1, 2, 1], [1, 0, -1], [1, 0, -1], [1, 0, -1], [1, 0, -1], [1, 0, -1], [1, 0, -1], [1, -1, 1], [1, -1, 1], [1, 0, -1], [1, 1, 1]]",0
2.816.6t3.b,816,"[2, 3, 17]","[2, 3, 17]",False,1,"[[[1], [-2], [1]], [[1], [2], [1]], [[1], [0], [-1]], [[1], [0], [-1]], [[1], [1], [1]], [[1], [-1], [1]], [[1]], [[1], [-1]], [[1], [1]]]","[[1], [1, -1], [1, -1, 1], [1, 0, -1], [1, 1, 1], [1, 1, 1], [1, 1], [1, -1, 1], [1, 1, 1], [1, 2, 1], [1, 0, -1], [1, 0, -1], [1, -1, 1], [1, -1, 1], [1, 0, -1], [1, 0, -1], [1, 0, -1], [1, 0, -1], [1, 2, 1], [1, -2, 1], [1, 0, -1], [1, 0, -1], [1, 0, -1], [1, 0, -1], [1, 0, -1], [1, 0, -1], [1, -1, 1], [1, 1, 1], [1, 0, -1], [1, -1, 1]]",0
2.816.6t3.c,816,"[2, 3, 17]","[2, 3, 17, 563]",False,1,"[[[1], [-2], [1]], [[1], [2], [1]], [[1], [0], [-1]], [[1], [0], [-1]], [[1], [1], [1]], [[1], [-1], [1]], [[1]], [[1], [1]], [[1], [-1]]]",null,0
2.816.6t3.d,816,"[2, 3, 17]","[2, 3, 17]",False,1,"[[[1], [-2], [1]], [[1], [2], [1]], [[1], [0], [-1]], [[1], [0], [-1]], [[1], [1], [1]], [[1], [-1], [1]], [[1]], [[1], [-1]], [[1], [1]]]",null,0
2.819.4t3.a,819,"[3, 7, 13]","[2, 3, 7, 13]",False,1,"[[[1], [-2], [1]], [[1], [2], [1]], [[1], [0], [-1]], [[1], [0], [-1]], [[1], [0], [1]], [[1]], [[1], [-1]], [[1], [1]]]","[[1, 0, -1], [1], [1, 0, 1], [1, -1], [1, 0, -1], [1, 1], [1, 0, -1], [1, 2, 1], [1, 0, 1], [1, 0, 1], [1, -2, 1], [1, 0, -1], [1, 0, 1], [1, 2, 1], [1, 0, 1], [1, 0, 1], [1, 0, 1], [1, 0, -1], [1, 0, -1], [1, 0, -1], [1, -2, 1], [1, 2, 1], [1, 0, 1], [1, 0, 1], [1, 2, 1], [1, 0, -1], [1, 0, -1], [1, 0, 1], [1, 0, -1], [1, 0, 1]]",0
2.819.4t3.b,819,"[3, 7, 13]","[2, 3, 7, 13]",False,1,"[[[1], [-2], [1]], [[1], [2], [1]], [[1], [0], [-1]], [[1], [0], [-1]], [[1], [0], [1]], [[1]], [[1], [1]], [[1], [-1]]]","[[1, 0, -1], [1], [1, 0, 1], [1, 1], [1, 0, -1], [1, -1], [1, 0, -1], [1, -2, 1], [1, 0, 1], [1, 0, 1], [1, 2, 1], [1, 0, -1], [1, 0, 1], [1, 2, 1], [1, 0, 1], [1, 0, 1], [1, 0, 1], [1, 0, -1], [1, 0, -1], [1, 0, -1], [1, 2, 1], [1, 2, 1], [1, 0, 1], [1, 0, 1], [1, -2, 1], [1, 0, -1], [1, 0, -1], [1, 0, 1], [1, 0, -1], [1, 0, 1]]",0
2.819.4t3.c,819,"[3, 7, 13]","[2, 3, 7, 13]",False,1,"[[[1], [-2], [1]], [[1], [2], [1]], [[1], [0], [-1]], [[1], [0], [-1]], [[1], [0], [1]], [[1]], [[1], [-1]], [[1], [1]]]",null,0
2.819.4t3.d,819,"[3, 7, 13]","[2, 3, 7, 13]",False,1,"[[[1], [-2], [1]], [[1], [2], [1]], [[1], [0], [-1]], [[1], [0], [-1]], [[1], [0], [1]], [[1]], [[1], [1]], [[1], [-1]]]",null,0
2.819.4t3.e,819,"[3, 7, 13]","[2, 3, 7, 11, 13, 373]",False,1,"[[[1], [-2], [1]], [[1], [2], [1]], [[1], [0], [-1]], [[1], [0], [-1]], [[1], [0], [1]], [[1]], [[1], [1]], [[1], [-1]]]",null,0
2.819.4t3.f,819,"[3, 7, 13]","[2, 3, 7, 11, 13, 17, 19]",False,1,"[[[1], [-2], [1]], [[1], [2], [1]], [[1], [0], [-1]], [[1], [0], [-1]], [[1], [0], [1]], [[1]], [[1], [-1]], [[1], [1]]]",null,0
2.820.4t3.a,820,"[2, 5, 41]","[2, 3, 5, 41, 83, 1861]",False,1,"[[[1], [-2], [1]], [[1], [2], [1]], [[1], [0], [-1]], [[1], [0], [-1]], [[1], [0], [1]], [[1], [1]]]",null,0
2.820.4t3.b,820,"[2, 5, 41]","[2, 3, 5, 23, 41, 107]",False,1,"[[[1], [-2], [1]], [[1], [2], [1]], [[1], [0], [-1]], [[1], [0], [-1]], [[1], [0], [1]], [[1], [-1]], [[1], [1]]]",null,0
2.820.4t3.c,820,"[2, 5, 41]","[2, 5, 41]",False,1,"[[[1], [-2], [1]], [[1], [2], [1]], [[1], [0], [-1]], [[1], [0], [-1]], [[1], [0], [1]], [[1], [1]]]",null,0
2.820.4t3.d,820,"[2, 5, 41]","[2, 5, 41]",False,1,"[[[1], [-2], [1]], [[1], [2], [1]], [[1], [0], [-1]], [[1], [0], [-1]], [[1], [0], [1]], [[1], [-1]], [[1], [1]]]",null,0
2.820.4t3.e,820,"[2, 5, 41]","[2, 5, 41]",False,1,"[[[1], [-2], [1]], [[1], [2], [1]], [[1], [0], [-1]], [[1], [0], [-1]], [[1], [0], [1]], [[1], [1]]]","[[1, 1], [1, 0, -1], [1, 1], [1, 0, -1], [1, 0, 1], [1, 0, 1], [1, 0, 1], [1, 0, 1], [1, -2, 1], [1, 0, -1], [1, 0, -1], [1, 0, -1], [1, 1], [1, -2, 1], [1, 0, -1], [1, 0, 1], [1, 0, -1], [1, 2, 1], [1, 0, -1], [1, 0, 1], [1, 0, -1], [1, 0, 1], [1, -2, 1], [1, 0, -1], [1, 0, 1], [1, 0, -1], [1, 2, 1], [1, 2, 1], [1, 0, -1], [1, 0, -1]]",0
2.820.4t3.f,820,"[2, 5, 41]","[2, 5, 41]",False,1,"[[[1], [-2], [1]], [[1], [2], [1]], [[1], [0], [-1]], [[1], [0], [-1]], [[1], [0], [1]], [[1], [-1]], [[1], [1]]]","[[1, -1], [1, 0, -1], [1, 1], [1, 0, -1], [1, 0, 1], [1, 0, 1], [1, 0, 1], [1, 0, 1], [1, 2, 1], [1, 0, -1], [1, 0, -1], [1, 0, -1], [1, 1], [1, 2, 1], [1, 0, -1], [1, 0, 1], [1, 0, -1], [1, 2, 1], [1, 0, -1], [1, 0, 1], [1, 0, -1], [1, 0, 1], [1, 2, 1], [1, 0, -1], [1, 0, 1], [1, 0, -1], [1, -2, 1], [1, -2, 1], [1, 0, -1], [1, 0, -1]]",0
2.823.3t2.a,823,[823],[823],False,1,"[[[1], [-2], [1]], [[1], [0], [-1]], [[1], [1], [1]], [[1], [-1]]]","[[1, 1, 1], [1, 0, -1], [1, 0, -1], [1, 0, -1], [1, 0, -1], [1, 1, 1], [1, 0, -1], [1, 0, -1], [1, 0, -1], [1, 0, -1], [1, -2, 1], [1, -2, 1], [1, 0, -1], [1, 0, -1], [1, 0, -1], [1, 1, 1], [1, 1, 1], [1, 0, -1], [1, 0, -1], [1, 1, 1], [1, 0, -1], [1, 1, 1], [1, 1, 1], [1, -2, 1], [1, 1, 1], [1, 0, -1], [1, 1, 1], [1, -2, 1], [1, 1, 1], [1, 1, 1]]",0
2.824.4t3.a,824,"[2, 103]","[2, 7, 13, 17, 103]",False,1,"[[[1], [-2], [1]], [[1], [2], [1]], [[1], [0], [-1]], [[1], [0], [-1]], [[1], [0], [1]], [[1], [1]]]",null,0
2.824.4t3.b,824,"[2, 103]","[2, 103]",False,1,"[[[1], [-2], [1]], [[1], [2], [1]], [[1], [0], [-1]], [[1], [0], [-1]], [[1], [0], [1]], [[1], [1]]]","[[1, 1], [1, 0, 1], [1, 0, 1], [1, -2, 1], [1, 0, 1], [1, 0, -1], [1, -2, 1], [1, 0, -1], [1, 2, 1], [1, 0, -1], [1, 0, -1], [1, 0, 1], [1, -2, 1], [1, 0, 1], [1, 0, -1], [1, 0, 1], [1, 0, -1], [1, 0, -1], [1, 0, 1], [1, 0, -1], [1, 0, -1], [1, 2, 1], [1, 0, -1], [1, 0, -1], [1, 2, 1], [1, 0, 1], [1, 1], [1, 0, -1], [1, 0, 1], [1, 0, -1]]",0
2.824.4t3.c,824,"[2, 103]","[2, 103]",False,1,"[[[1], [-2], [1]], [[1], [2], [1]], [[1], [0], [-1]], [[1], [0], [-1]], [[1], [0], [1]], [[1], [1]]]",null,0
2.831.4t3.a,831,"[3, 277]","[2, 3, 7, 277]",False,1,"[[[1], [-2], [1]], [[1], [2], [1]], [[1], [0], [-1]], [[1], [0], [-1]], [[1], [0], [1]], [[1], [1]]]",null,0
2.831.4t3.b,831,"[3, 277]","[3, 277]",False,1,"[[[1], [-2], [1]], [[1], [2], [1]], [[1], [0], [-1]], [[1], [0], [-1]], [[1], [0], [1]], [[1], [1]]]","[[1, 0, 1], [1, 1], [1, 0, 1], [1, 2, 1], [1, 0, 1], [1, -2, 1], [1, 0, 1], [1, -2, 1], [1, 0, -1], [1, 0, -1], [1, 0, -1], [1, 0, -1], [1, 0, -1], [1, 0, -1], [1, 0, -1], [1, 0, 1], [1, 0, -1], [1, 0, -1], [1, -2, 1], [1, 0, -1], [1, 0, -1], [1, -2, 1], [1, 0, -1], [1, 0, -1], [1, 0, -1], [1, 0, 1], [1, 0, -1], [1, 0, 1], [1, 0, -1], [1, 0, -1]]",0
2.831.4t3.c,831,"[3, 277]","[2, 3, 277]",False,1,"[[[1], [-2], [1]], [[1], [2], [1]], [[1], [0], [-1]], [[1], [0], [-1]], [[1], [0], [1]], [[1], [1]]]",null,0
2.832.4t3.a,832,"[2, 13]","[2, 3, 13]",False,1,"[[[1], [-2], [1]], [[1], [2], [1]], [[1], [0], [-1]], [[1], [0], [-1]], [[1], [0], [1]], [[1]], [[1], [-1]]]",null,0
2.832.4t3.b,832,"[2, 13]","[2, 3, 13]",False,1,"[[[1], [-2], [1]], [[1], [2], [1]], [[1], [0], [-1]], [[1], [0], [-1]], [[1], [0], [1]], [[1]], [[1], [-1]]]","[[1], [1, 0, -1], [1, 0, -1], [1, 0, 1], [1, 0, 1], [1, -1], [1, 2, 1], [1, 0, 1], [1, 0, -1], [1, -2, 1], [1, 0, 1], [1, 0, -1], [1, 0, -1], [1, 0, -1], [1, 0, 1], [1, 2, 1], [1, 0, 1], [1, 2, 1], [1, 0, 1], [1, 0, 1], [1, 0, -1], [1, 0, -1], [1, 0, 1], [1, 0, -1], [1, 0, -1], [1, 2, 1], [1, 0, -1], [1, 0, -1], [1, 0, -1], [1, 2, 1]]",0
2.832.4t3.c,832,"[2, 13]","[2, 13]",False,1,"[[[1], [-2], [1]], [[1], [2], [1]], [[1], [0], [-1]], [[1], [0], [-1]], [[1], [0], [1]], [[1]], [[1], [-1]]]",null,0
2.835.3t2.a,835,"[5, 167]","[5, 167]",False,1,"[[[1], [-2], [1]], [[1], [0], [-1]], [[1], [1], [1]], [[1], [-1]]]","[[1, 0, -1], [1, 0, -1], [1, -1], [1, 0, -1], [1, 1, 1], [1, 1, 1], [1, 1, 1], [1, 1, 1], [1, 1, 1], [1, 1, 1], [1, 1, 1], [1, 1, 1], [1, 0, -1], [1, -2, 1], [1, 0, -1], [1, -2, 1], [1, 0, -1], [1, 1, 1], [1, 1, 1], [1, 0, -1], [1, -2, 1], [1, 0, -1], [1, 1, 1], [1, 1, 1], [1, 0, -1], [1, 0, -1], [1, -2, 1], [1, 0, -1], [1, 0, -1], [1, 1, 1]]",0
2.835.6t3.a,835,"[5, 167]","[2, 3, 5, 167]",False,1,"[[[1], [-2], [1]], [[1], [2], [1]], [[1], [0], [-1]], [[1], [0], [-1]], [[1], [1], [1]], [[1], [-1], [1]], [[1], [1]]]","[[1, 0, -1], [1, 0, -1], [1, 1], [1, 0, -1], [1, 1, 1], [1, -1, 1], [1, -1, 1], [1, 1, 1], [1, -1, 1], [1, 1, 1], [1, 1, 1], [1, -1, 1], [1, 0, -1], [1, 2, 1], [1, 0, -1], [1, 2, 1], [1, 0, -1], [1, 1, 1], [1, -1, 1], [1, 0, -1], [1, 2, 1], [1, 0, -1], [1, -1, 1], [1, 1, 1], [1, 0, -1], [1, 0, -1], [1, 2, 1], [1, 0, -1], [1, 0, -1], [1, -1, 1]]",0
2.835.6t3.b,835,"[5, 167]","[2, 5, 7, 167]",False,1,"[[[1], [-2], [1]], [[1], [2], [1]], [[1], [0], [-1]], [[1], [0], [-1]], [[1], [1], [1]], [[1], [-1], [1]], [[1], [1]]]",null,0
2.837.3t2.a,837,"[3, 31]","[3, 31]",True,1,"[[[1], [-2], [1]], [[1], [0], [-1]], [[1], [1], [1]], [[1]], [[1], [-1]]]",null,0
2.837.6t3.a,837,"[3, 31]","[2, 3, 5, 31]",True,1,"[[[1], [-2], [1]], [[1], [2], [1]], [[1], [0], [-1]], [[1], [0], [-1]], [[1], [1], [1]], [[1], [-1], [1]], [[1]], [[1], [-1]]]",null,0
2.837.6t3.b,837,"[3, 31]","[2, 3, 31]",True,1,"[[[1], [-2], [1]], [[1], [2], [1]], [[1], [0], [-1]], [[1], [0], [-1]], [[1], [1], [1]], [[1], [-1], [1]], [[1]], [[1], [-1]]]",null,0
2.839.3t2.a,839,[839],[839],False,1,"[[[1], [-2], [1]], [[1], [0], [-1]], [[1], [1], [1]], [[1], [-1]]]","[[1, 1, 1], [1, 1, 1], [1, -2, 1], [1, -2, 1], [1, 0, -1], [1, 0, -1], [1, 0, -1], [1, 1, 1], [1, 1, 1], [1, 0, -1], [1, 0, -1], [1, 1, 1], [1, 0, -1], [1, 1, 1], [1, 1, 1], [1, 1, 1], [1, 1, 1], [1, -2, 1], [1, 0, -1], [1, 0, -1], [1, 1, 1], [1, 0, -1], [1, 0, -1], [1, 0, -1], [1, 0, -1], [1, 1, 1], [1, 0, -1], [1, 0, -1], [1, 0, -1], [1, 0, -1]]",0
2.843.3t2.a,843,"[3, 281]","[2, 3, 281]",False,1,"[[[1], [-2], [1]], [[1], [0], [-1]], [[1], [1], [1]], [[1], [-1]]]","[[1, 0, -1], [1, -1], [1, 0, -1], [1, 1, 1], [1, 1, 1], [1, 0, -1], [1, 0, -1], [1, 0, -1], [1, 1, 1], [1, 0, -1], [1, 1, 1], [1, 0, -1], [1, 1, 1], [1, 1, 1], [1, 1, 1], [1, 0, -1], [1, 0, -1], [1, 0, -1], [1, 0, -1], [1, -2, 1], [1, 0, -1], [1, 1, 1], [1, 1, 1], [1, -2, 1], [1, 0, -1], [1, 0, -1], [1, 0, -1], [1, -2, 1], [1, 1, 1], [1, 1, 1]]",0
2.843.6t3.a,843,"[3, 281]","[2, 3, 281]",False,1,"[[[1], [-2], [1]], [[1], [2], [1]], [[1], [0], [-1]], [[1], [0], [-1]], [[1], [1], [1]], [[1], [-1], [1]], [[1], [1]]]","[[1, 0, -1], [1, 1], [1, 0, -1], [1, 1, 1], [1, -1, 1], [1, 0, -1], [1, 0, -1], [1, 0, -1], [1, -1, 1], [1, 0, -1], [1, 1, 1], [1, 0, -1], [1, -1, 1], [1, 1, 1], [1, -1, 1], [1, 0, -1], [1, 0, -1], [1, 0, -1], [1, 0, -1], [1, 2, 1], [1, 0, -1], [1, 1, 1], [1, -1, 1], [1, 2, 1], [1, 0, -1], [1, 0, -1], [1, 0, -1], [1, 2, 1], [1, 1, 1], [1, -1, 1]]",0
2.843.6t3.b,843,"[3, 281]","[2, 3, 281]",False,1,"[[[1], [-2], [1]], [[1], [2], [1]], [[1], [0], [-1]], [[1], [0], [-1]], [[1], [1], [1]], [[1], [-1], [1]], [[1], [1]]]",null,0
2.848.4t3.a,848,"[2, 53]","[2, 11, 53]",False,1,"[[[1], [-2], [1]], [[1], [2], [1]], [[1], [0], [-1]], [[1], [0], [-1]], [[1], [0], [1]], [[1]], [[1], [1]]]","[[1], [1, 0, 1], [1, 0, -1], [1, 0, -1], [1, 0, -1], [1, -2, 1], [1, -2, 1], [1, 0, 1], [1, 0, 1], [1, 2, 1], [1, 0, 1], [1, 2, 1], [1, 0, -1], [1, 0, -1], [1, 0, -1], [1, 1], [1, 0, -1], [1, 0, -1], [1, 0, 1], [1, 0, 1], [1, 0, -1], [1, 0, 1], [1, 0, 1], [1, 2, 1], [1, 2, 1], [1, 0, -1], [1, 0, 1], [1, 0, -1], [1, 0, -1], [1, 2, 1]]",0
2.848.4t3.b,848,"[2, 53]","[2, 53]",False,1,"[[[1], [-2], [1]], [[1], [2], [1]], [[1], [0], [-1]], [[1], [0], [-1]], [[1], [0], [1]], [[1]], [[1], [1]]]",null,0
2.848.4t3.c,848,"[2, 53]","[2, 7, 11, 13, 17, 53]",False,1,"[[[1], [-2], [1]], [[1], [2], [1]], [[1], [0], [-1]], [[1], [0], [-1]], [[1], [0], [1]], [[1]], [[1], [1]]]",null,0
2.852.4t3.a,852,"[2, 3, 71]","[2, 3, 71]",False,1,"[[[1], [-2], [1]], [[1], [2], [1]], [[1], [0], [-1]], [[1], [0], [-1]], [[1], [0], [1]], [[1], [1]], [[1], [-1]]]",null,0
2.852.4t3.b,852,"[2, 3, 71]","[2, 3, 71]",False,1,"[[[1], [-2], [1]], [[1], [2], [1]], [[1], [0], [-1]], [[1], [0], [-1]], [[1], [0], [1]], [[1], [-1]], [[1], [1]]]",null,0
2.852.4t3.c,852,"[2, 3, 71]","[2, 3, 5, 37, 71, 83]",False,1,"[[[1], [-2], [1]], [[1], [2], [1]], [[1], [0], [-1]], [[1], [0], [-1]], [[1], [0], [1]], [[1], [-1]], [[1], [1]]]",null,0
2.852.4t3.d,852,"[2, 3, 71]","[2, 3, 5, 71, 83, 1213]",False,1,"[[[1], [-2], [1]], [[1], [2], [1]], [[1], [0], [-1]], [[1], [0], [-1]], [[1], [0], [1]], [[1], [1]], [[1], [-1]]]",null,0
2.852.4t3.e,852,"[2, 3, 71]","[2, 3, 71]",False,1,"[[[1], [-2], [1]], [[1], [2], [1]], [[1], [0], [-1]], [[1], [0], [-1]], [[1], [0], [1]], [[1], [-1]], [[1], [1]]]","[[1, -1], [1, 1], [1, 0, -1], [1, 0, 1], [1, 0, -1], [1, 0, -1], [1, 0, 1], [1, 0, -1], [1, 0, -1], [1, 0, -1], [1, 0, 1], [1, 2, 1], [1, 0, 1], [1, 0, -1], [1, 0, -1], [1, 0, 1], [1, 0, -1], [1, 0, -1], [1, 0, 1], [1, 1], [1, 2, 1], [1, 0, -1], [1, 2, 1], [1, 0, -1], [1, 0, -1], [1, 0, -1], [1, 0, -1], [1, -2, 1], [1, 2, 1], [1, 0, 1]]",0
2.852.4t3.f,852,"[2, 3, 71]","[2, 3, 71]",False,1,"[[[1], [-2], [1]], [[1], [2], [1]], [[1], [0], [-1]], [[1], [0], [-1]], [[1], [0], [1]], [[1], [1]], [[1], [-1]]]","[[1, 1], [1, -1], [1, 0, -1], [1, 0, 1], [1, 0, -1], [1, 0, -1], [1, 0, 1], [1, 0, -1], [1, 0, -1], [1, 0, -1], [1, 0, 1], [1, 2, 1], [1, 0, 1], [1, 0, -1], [1, 0, -1], [1, 0, 1], [1, 0, -1], [1, 0, -1], [1, 0, 1], [1, -1], [1, 2, 1], [1, 0, -1], [1, -2, 1], [1, 0, -1], [1, 0, -1], [1, 0, -1], [1, 0, -1], [1, 2, 1], [1, 2, 1], [1, 0, 1]]",0
2.855.4t3.a,855,"[3, 5, 19]","[3, 5, 11, 19, 1259]",False,1,"[[[1], [-2], [1]], [[1], [2], [1]], [[1], [0], [-1]], [[1], [0], [-1]], [[1], [0], [1]], [[1]], [[1], [1]], [[1], [-1]]]",null,0
2.855.4t3.b,855,"[3, 5, 19]","[3, 5, 19]",False,1,"[[[1], [-2], [1]], [[1], [2], [1]], [[1], [0], [-1]], [[1], [0], [-1]], [[1], [0], [1]], [[1]], [[1], [1]], [[1], [-1]]]","[[1, 0, 1], [1], [1, 1], [1, 0, -1], [1, -2, 1], [1, 0, 1], [1, 0, -1], [1, -1], [1, 0, -1], [1, 0, -1], [1, 0, -1], [1, 0, 1], [1, 0, -1], [1, 0, -1], [1, 0, -1], [1, 0, 1], [1, 0, -1], [1, 2, 1], [1, 0, 1], [1, 0, -1], [1, 0, -1], [1, 0, -1], [1, 0, -1], [1, 0, -1], [1, 0, 1], [1, -2, 1], [1, 0, 1], [1, 0, 1], [1, 0, -1], [1, 0, 1]]",0
2.855.4t3.c,855,"[3, 5, 19]","[3, 5, 19]",False,1,"[[[1], [-2], [1]], [[1], [2], [1]], [[1], [0], [-1]], [[1], [0], [-1]], [[1], [0], [1]], [[1]], [[1], [1]], [[1], [-1]]]",null,0
2.856.3t2.a,856,"[2, 107]","[2, 107]",False,1,"[[[1], [-2], [1]], [[1], [0], [-1]], [[1], [1], [1]], [[1], [-1]]]","[[1, -1], [1, 0, -1], [1, 1, 1], [1, 0, -1], [1, 0, -1], [1, 0, -1], [1, 0, -1], [1, 0, -1], [1, 1, 1], [1, 0, -1], [1, 0, -1], [1, 0, -1], [1, 1, 1], [1, 1, 1], [1, 1, 1], [1, 0, -1], [1, 1, 1], [1, 0, -1], [1, 1, 1], [1, 0, -1], [1, 0, -1], [1, 1, 1], [1, 0, -1], [1, 1, 1], [1, 0, -1], [1, 0, -1], [1, 0, -1], [1, -1], [1, -2, 1], [1, 0, -1]]",0
2.856.6t3.a,856,"[2, 107]","[2, 3, 107]",False,1,"[[[1], [-2], [1]], [[1], [2], [1]], [[1], [0], [-1]], [[1], [0], [-1]], [[1], [1], [1]], [[1], [-1], [1]], [[1], [1]]]",null,0
2.856.6t3.b,856,"[2, 107]","[2, 3, 107]",False,1,"[[[1], [-2], [1]], [[1], [2], [1]], [[1], [0], [-1]], [[1], [0], [-1]], [[1], [1], [1]], [[1], [-1], [1]], [[1], [1]]]","[[1, 1], [1, 0, -1], [1, -1, 1], [1, 0, -1], [1, 0, -1], [1, 0, -1], [1, 0, -1], [1, 0, -1], [1, 1, 1], [1, 0, -1], [1, 0, -1], [1, 0, -1], [1, 1, 1], [1, -1, 1], [1, 1, 1], [1, 0, -1], [1, -1, 1], [1, 0, -1], [1, -1, 1], [1, 0, -1], [1, 0, -1], [1, 1, 1], [1, 0, -1], [1, 1, 1], [1, 0, -1], [1, 0, -1], [1, 0, -1], [1, 1], [1, 2, 1], [1, 0, -1]]",0
2.863.3t2.a,863,[863],[863],False,1,"[[[1], [-2], [1]], [[1], [0], [-1]], [[1], [1], [1]], [[1], [-1]]]","[[1, 1, 1], [1, 1, 1], [1, 0, -1], [1, 0, -1], [1, 0, -1], [1, 0, -1], [1, 1, 1], [1, 1, 1], [1, 0, -1], [1, -2, 1], [1, -2, 1], [1, -2, 1], [1, 1, 1], [1, 1, 1], [1, 0, -1], [1, 1, 1], [1, 1, 1], [1, -2, 1], [1, 0, -1], [1, -2, 1], [1, 0, -1], [1, 0, -1], [1, 0, -1], [1, 0, -1], [1, 0, -1], [1, 0, -1], [1, 1, 1], [1, 1, 1], [1, 1, 1], [1, -2, 1]]",0
2.864.6t3.a,864,"[2, 3]","[2, 3]",False,1,"[[[1], [-2], [1]], [[1], [2], [1]], [[1], [0], [-1]], [[1], [0], [-1]], [[1], [1], [1]], [[1], [-1], [1]], [[1]]]",null,0
2.864.6t3.b,864,"[2, 3]","[2, 3]",False,1,"[[[1], [-2], [1]], [[1], [2], [1]], [[1], [0], [-1]], [[1], [0], [-1]], [[1], [1], [1]], [[1], [-1], [1]], [[1]]]","[[1], [1], [1, 1, 1], [1, -1, 1], [1, -1, 1], [1, 0, -1], [1, 0, -1], [1, 0, -1], [1, 0, -1], [1, -2, 1], [1, -1, 1], [1, 0, -1], [1, 0, -1], [1, 0, -1], [1, 0, -1], [1, 1, 1], [1, 2, 1], [1, 0, -1], [1, 0, -1], [1, 0, -1], [1, 1, 1], [1, 2, 1], [1, -1, 1], [1, 0, -1], [1, 1, 1], [1, 1, 1], [1, 2, 1], [1, -1, 1], [1, 0, -1], [1, 0, -1]]",0
2.864.6t3.c,864,"[2, 3]","[2, 3]",False,1,"[[[1], [-2], [1]], [[1], [2], [1]], [[1], [0], [-1]], [[1], [0], [-1]], [[1], [1], [1]], [[1], [-1], [1]], [[1]]]","[[1], [1], [1, -1, 1], [1, -1, 1], [1, 1, 1], [1, 0, -1], [1, 0, -1], [1, 0, -1], [1, 0, -1], [1, 2, 1], [1, -1, 1], [1, 0, -1], [1, 0, -1], [1, 0, -1], [1, 0, -1], [1, -1, 1], [1, -2, 1], [1, 0, -1], [1, 0, -1], [1, 0, -1], [1, 1, 1], [1, 2, 1], [1, 1, 1], [1, 0, -1], [1, 1, 1], [1, -1, 1], [1, 2, 1], [1, 1, 1], [1, 0, -1], [1, 0, -1]]",0
2.864.6t3.d,864,"[2, 3]","[2, 3]",False,1,"[[[1], [-2], [1]], [[1], [2], [1]], [[1], [0], [-1]], [[1], [0], [-1]], [[1], [1], [1]], [[1], [-1], [1]], [[1]]]",null,0
2.867.3t2.a,867,"[3, 17]","[2, 3, 17]",False,1,"[[[1], [-2], [1]], [[1], [0], [-1]], [[1], [1], [1]], [[1], [-1]], [[1]]]",null,0
2.867.3t2.b,867,"[3, 17]","[2, 3, 17]",False,1,"[[[1], [-2], [1]], [[1], [0], [-1]], [[1], [1], [1]], [[1], [-1]], [[1]]]","[[1, 0, -1], [1, -1], [1, 0, -1], [1, 1, 1], [1, 0, -1], [1, 1, 1], [1], [1, 1, 1], [1, 0, -1], [1, 0, -1], [1, 1, 1], [1, 1, 1], [1, 0, -1], [1, 1, 1], [1, 0, -1], [1, 0, -1], [1, 0, -1], [1, 1, 1], [1, 1, 1], [1, 0, -1], [1, -2, 1], [1, -2, 1], [1, 0, -1], [1, 0, -1], [1, 1, 1], [1, 0, -1], [1, 1, 1], [1, 0, -1], [1, -2, 1], [1, 0, -1]]",0
2.867.6t3.a,867,"[3, 17]","[2, 3, 17]",False,1,"[[[1], [-2], [1]], [[1], [2], [1]], [[1], [0], [-1]], [[1], [0], [-1]], [[1], [1], [1]], [[1], [-1], [1]], [[1], [1]], [[1]]]",null,0
2.867.6t3.b,867,"[3, 17]","[2, 3, 17]",False,1,"[[[1], [-2], [1]], [[1], [2], [1]], [[1], [0], [-1]], [[1], [0], [-1]], [[1], [1], [1]], [[1], [-1], [1]], [[1], [1]], [[1]]]","[[1, 0, -1], [1, 1], [1, 0, -1], [1, -1, 1], [1, 0, -1], [1, 1, 1], [1], [1, 1, 1], [1, 0, -1], [1, 0, -1], [1, -1, 1], [1, -1, 1], [1, 0, -1], [1, 1, 1], [1, 0, -1], [1, 0, -1], [1, 0, -1], [1, -1, 1], [1, 1, 1], [1, 0, -1], [1, 2, 1], [1, 2, 1], [1, 0, -1], [1, 0, -1], [1, -1, 1], [1, 0, -1], [1, 1, 1], [1, 0, -1], [1, 2, 1], [1, 0, -1]]",0
2.868.4t3.a,868,"[2, 7, 31]","[2, 3, 5, 7, 19, 31, 17977]",False,1,"[[[1], [-2], [1]], [[1], [2], [1]], [[1], [0], [-1]], [[1], [0], [-1]], [[1], [0], [1]], [[1], [1]]]",null,0
2.868.4t3.b,868,"[2, 7, 31]","[2, 3, 7, 19, 31, 47, 59, 281]",False,1,"[[[1], [-2], [1]], [[1], [2], [1]], [[1], [0], [-1]], [[1], [0], [-1]], [[1], [0], [1]], [[1], [1]], [[1], [-1]]]",null,0
2.868.4t3.c,868,"[2, 7, 31]","[2, 7, 31]",False,1,"[[[1], [-2], [1]], [[1], [2], [1]], [[1], [0], [-1]], [[1], [0], [-1]], [[1], [0], [1]], [[1], [1]], [[1], [-1]]]","[[1, 1], [1, 0, -1], [1, 0, -1], [1, -1], [1, 0, 1], [1, 0, 1], [1, 0, 1], [1, 2, 1], [1, 0, 1], [1, 0, -1], [1, -1], [1, 0, -1], [1, 0, -1], [1, 0, 1], [1, 2, 1], [1, 0, -1], [1, -2, 1], [1, 0, 1], [1, 0, -1], [1, 0, -1], [1, 0, 1], [1, 0, 1], [1, 0, -1], [1, 0, 1], [1, 0, -1], [1, 0, -1], [1, 2, 1], [1, 0, -1], [1, 2, 1], [1, 2, 1]]",0
2.868.4t3.d,868,"[2, 7, 31]","[2, 5, 7, 31]",False,1,"[[[1], [-2], [1]], [[1], [2], [1]], [[1], [0], [-1]], [[1], [0], [-1]], [[1], [0], [1]], [[1], [1]]]","[[1, 1], [1, 0, -1], [1, 0, -1], [1, 1], [1, 0, 1], [1, 0, 1], [1, 0, 1], [1, -2, 1], [1, 0, 1], [1, 0, -1], [1, 1], [1, 0, -1], [1, 0, -1], [1, 0, 1], [1, -2, 1], [1, 0, -1], [1, 2, 1], [1, 0, 1], [1, 0, -1], [1, 0, -1], [1, 0, 1], [1, 0, 1], [1, 0, -1], [1, 0, 1], [1, 0, -1], [1, 0, -1], [1, -2, 1], [1, 0, -1], [1, 2, 1], [1, 2, 1]]",0
2.868.4t3.e,868,"[2, 7, 31]","[2, 3, 7, 31]",False,1,"[[[1], [-2], [1]], [[1], [2], [1]], [[1], [0], [-1]], [[1], [0], [-1]], [[1], [0], [1]], [[1], [1]], [[1], [-1]]]",null,0
2.868.4t3.f,868,"[2, 7, 31]","[2, 3, 7, 31]",False,1,"[[[1], [-2], [1]], [[1], [2], [1]], [[1], [0], [-1]], [[1], [0], [-1]], [[1], [0], [1]], [[1], [1]]]",null,0
2.876.3t2.a,876,"[2, 3, 73]","[2, 3, 73]",False,1,"[[[1], [-2], [1]], [[1], [0], [-1]], [[1], [1], [1]], [[1]], [[1], [-1]]]","[[1], [1, -1], [1, 1, 1], [1, 0, -1], [1, -2, 1], [1, 0, -1], [1, 1, 1], [1, 1, 1], [1, 0, -1], [1, -2, 1], [1, 0, -1], [1, 1, 1], [1, 0, -1], [1, 0, -1], [1, 1, 1], [1, 1, 1], [1, 1, 1], [1, 1, 1], [1, 1, 1], [1, 0, -1], [1, -1], [1, 1, 1], [1, 1, 1], [1, 0, -1], [1, 1, 1], [1, 1, 1], [1, 0, -1], [1, 1, 1], [1, 1, 1], [1, -2, 1]]",0
2.876.4t3.a,876,"[2, 3, 73]","[2, 3, 73]",True,1,"[[[1], [-2], [1]], [[1], [2], [1]], [[1], [0], [-1]], [[1], [0], [-1]], [[1], [0], [1]], [[1], [1]]]",null,0
2.876.4t3.b,876,"[2, 3, 73]","[2, 3, 73]",True,1,"[[[1], [-2], [1]], [[1], [2], [1]], [[1], [0], [-1]], [[1], [0], [-1]], [[1], [0], [1]], [[1], [-1]], [[1], [1]]]",null,0
2.876.4t3.c,876,"[2, 3, 73]","[2, 3, 73]",True,1,"[[[1], [-2], [1]], [[1], [2], [1]], [[1], [0], [-1]], [[1], [0], [-1]], [[1], [0], [1]], [[1], [1]]]",null,0
2.876.4t3.d,876,"[2, 3, 73]","[2, 3, 73]",True,1,"[[[1], [-2], [1]], [[1], [2], [1]], [[1], [0], [-1]], [[1], [0], [-1]], [[1], [0], [1]], [[1], [-1]], [[1], [1]]]",null,0
2.876.4t3.e,876,"[2, 3, 73]","[2, 3, 23, 73]",True,1,"[[[1], [-2], [1]], [[1], [2], [1]], [[1], [0], [-1]], [[1], [0], [-1]], [[1], [0], [1]], [[1], [1]]]",null,0
2.876.4t3.f,876,"[2, 3, 73]","[2, 3, 11, 23, 73, 1609]",True,1,"[[[1], [-2], [1]], [[1], [2], [1]], [[1], [0], [-1]], [[1], [0], [-1]], [[1], [0], [1]], [[1], [-1]], [[1], [1]]]",null,0
2.876.6t3.a,876,"[2, 3, 73]","[2, 3, 73]",False,1,"[[[1], [-2], [1]], [[1], [2], [1]], [[1], [0], [-1]], [[1], [0], [-1]], [[1], [1], [1]], [[1], [-1], [1]], [[1]], [[1], [-1]]]","[[1], [1, -1], [1, -1, 1], [1, 0, -1], [1, 2, 1], [1, 0, -1], [1, -1, 1], [1, 1, 1], [1, 0, -1], [1, 2, 1], [1, 0, -1], [1, 1, 1], [1, 0, -1], [1, 0, -1], [1, -1, 1], [1, -1, 1], [1, -1, 1], [1, 1, 1], [1, 1, 1], [1, 0, -1], [1, -1], [1, 1, 1], [1, -1, 1], [1, 0, -1], [1, 1, 1], [1, -1, 1], [1, 0, -1], [1, -1, 1], [1, 1, 1], [1, 2, 1]]",0
2.876.6t3.b,876,"[2, 3, 73]","[2, 3, 73]",False,1,"[[[1], [-2], [1]], [[1], [2], [1]], [[1], [0], [-1]], [[1], [0], [-1]], [[1], [1], [1]], [[1], [-1], [1]], [[1]], [[1], [-1]]]",null,0
2.880.4t3.a,880,"[2, 5, 11]","[2, 3, 5, 11]",False,1,"[[[1], [-2], [1]], [[1], [2], [1]], [[1], [0], [-1]], [[1], [0], [-1]], [[1], [0], [1]], [[1]], [[1], [1]], [[1], [-1]]]",null,0
2.880.4t3.b,880,"[2, 5, 11]","[2, 5, 7, 11, 2161]",True,1,"[[[1], [-2], [1]], [[1], [2], [1]], [[1], [0], [-1]], [[1], [0], [-1]], [[1], [0], [1]], [[1]], [[1], [-1]], [[1], [1]]]",null,0
2.880.4t3.c,880,"[2, 5, 11]","[2, 5, 11, 181, 1049]",True,1,"[[[1], [-2], [1]], [[1], [2], [1]], [[1], [0], [-1]], [[1], [0], [-1]], [[1], [0], [1]], [[1]], [[1], [-1]]]",null,0
2.880.4t3.d,880,"[2, 5, 11]","[2, 5, 11]",True,1,"[[[1], [-2], [1]], [[1], [2], [1]], [[1], [0], [-1]], [[1], [0], [-1]], [[1], [0], [1]], [[1]], [[1], [-1]], [[1], [1]]]",null,0
2.880.4t3.e,880,"[2, 5, 11]","[2, 5, 11]",True,1,"[[[1], [-2], [1]], [[1], [2], [1]], [[1], [0], [-1]], [[1], [0], [-1]], [[1], [0], [1]], [[1]], [[1], [-1]]]",null,0
2.880.4t3.f,880,"[2, 5, 11]","[2, 3, 5, 11]",False,1,"[[[1], [-2], [1]], [[1], [2], [1]], [[1], [0], [-1]], [[1], [0], [-1]], [[1], [0], [1]], [[1]], [[1], [1]], [[1], [-1]]]","[[1], [1, 0, -1], [1, 1], [1, 0, 1], [1, -1], [1, 0, 1], [1, 0, 1], [1, 0, -1], [1, 0, -1], [1, 0, -1], [1, -2, 1], [1, 0, -1], [1, 0, -1], [1, 0, 1], [1, 0, -1], [1, 0, -1], [1, 2, 1], [1, 0, -1], [1, 0, -1], [1, 2, 1], [1, 0, 1], [1, 0, -1], [1, 0, 1], [1, 2, 1], [1, 0, -1], [1, 0, -1], [1, 0, -1], [1, 0, 1], [1, 0, -1], [1, 0, -1]]",0
2.880.4t3.g,880,"[2, 5, 11]","[2, 5, 11]",True,1,"[[[1], [-2], [1]], [[1], [2], [1]], [[1], [0], [-1]], [[1], [0], [-1]], [[1], [0], [1]], [[1]], [[1], [-1]], [[1], [1]]]",null,0
2.880.4t3.h,880,"[2, 5, 11]","[2, 5, 11]",True,1,"[[[1], [-2], [1]], [[1], [2], [1]], [[1], [0], [-1]], [[1], [0], [-1]], [[1], [0], [1]], [[1]], [[1], [-1]]]",null,0
2.880.4t3.i,880,"[2, 5, 11]","[2, 5, 11]",False,1,"[[[1], [-2], [1]], [[1], [2], [1]], [[1], [0], [-1]], [[1], [0], [-1]], [[1], [0], [1]], [[1]], [[1], [1]], [[1], [-1]]]",null,0
2.883.3t2.a,883,[883],"[2, 883]",False,1,"[[[1], [-2], [1]], [[1], [0], [-1]], [[1], [1], [1]], [[1], [-1]]]","[[1, 0, -1], [1, 0, -1], [1, 0, -1], [1, 0, -1], [1, 0, -1], [1, 1, 1], [1, 1, 1], [1, 0, -1], [1, 0, -1], [1, 1, 1], [1, 1, 1], [1, 0, -1], [1, 0, -1], [1, 0, -1], [1, 0, -1], [1, 0, -1], [1, 0, -1], [1, 0, -1], [1, 1, 1], [1, 1, 1], [1, 0, -1], [1, 1, 1], [1, 1, 1], [1, 0, -1], [1, 0, -1], [1, 0, -1], [1, 0, -1], [1, 0, -1], [1, 0, -1], [1, 0, -1]]",0
2.884.4t3.a,884,"[2, 13, 17]","[2, 13, 17, 67, 2753]",False,1,"[[[1], [-2], [1]], [[1], [2], [1]], [[1], [0], [-1]], [[1], [0], [-1]], [[1], [0], [1]], [[1], [1]], [[1], [-1]]]",null,0
2.884.4t3.b,884,"[2, 13, 17]","[2, 3, 5, 7, 13, 17, 353, 3761]",False,1,"[[[1], [-2], [1]], [[1], [2], [1]], [[1], [0], [-1]], [[1], [0], [-1]], [[1], [0], [1]], [[1], [-1]]]",null,0
2.884.4t3.c,884,"[2, 13, 17]","[2, 13, 17]",False,1,"[[[1], [-2], [1]], [[1], [2], [1]], [[1], [0], [-1]], [[1], [0], [-1]], [[1], [0], [1]], [[1], [-1]]]","[[1, -1], [1, 0, 1], [1, 0, 1], [1, 0, -1], [1, 0, -1], [1, -1], [1, -1], [1, 2, 1], [1, 0, 1], [1, 0, -1], [1, 0, -1], [1, 0, 1], [1, 0, 1], [1, 0, -1], [1, 2, 1], [1, 2, 1], [1, 2, 1], [1, 0, -1], [1, -2, 1], [1, 0, -1], [1, 0, 1], [1, 0, 1], [1, -2, 1], [1, 0, -1], [1, 0, 1], [1, 2, 1], [1, 0, -1], [1, 0, 1], [1, 0, 1], [1, 0, -1]]",0
2.884.4t3.d,884,"[2, 13, 17]","[2, 13, 17]",False,1,"[[[1], [-2], [1]], [[1], [2], [1]], [[1], [0], [-1]], [[1], [0], [-1]], [[1], [0], [1]], [[1], [1]], [[1], [-1]]]","[[1, 1], [1, 0, 1], [1, 0, 1], [1, 0, -1], [1, 0, -1], [1, -1], [1, -1], [1, -2, 1], [1, 0, 1], [1, 0, -1], [1, 0, -1], [1, 0, 1], [1, 0, 1], [1, 0, -1], [1, -2, 1], [1, 2, 1], [1, -2, 1], [1, 0, -1], [1, 2, 1], [1, 0, -1], [1, 0, 1], [1, 0, 1], [1, 2, 1], [1, 0, -1], [1, 0, 1], [1, 2, 1], [1, 0, -1], [1, 0, 1], [1, 0, 1], [1, 0, -1]]",0
2.884.4t3.e,884,"[2, 13, 17]","[2, 13, 17]",False,1,"[[[1], [-2], [1]], [[1], [2], [1]], [[1], [0], [-1]], [[1], [0], [-1]], [[1], [0], [1]], [[1], [1]], [[1], [-1]]]",null,0
2.884.4t3.f,884,"[2, 13, 17]","[2, 13, 17]",False,1,"[[[1], [-2], [1]], [[1], [2], [1]], [[1], [0], [-1]], [[1], [0], [-1]], [[1], [0], [1]], [[1], [-1]]]",null,0
2.888.3t2.a,888,"[2, 3, 37]","[2, 3, 37]",False,1,"[[[1], [-2], [1]], [[1], [0], [-1]], [[1], [1], [1]], [[1], [-1]]]","[[1, -1], [1, -1], [1, 0, -1], [1, 1, 1], [1, 1, 1], [1, 1, 1], [1, 1, 1], [1, 1, 1], [1, 1, 1], [1, 0, -1], [1, 0, -1], [1, -1], [1, 0, -1], [1, -2, 1], [1, 0, -1], [1, 1, 1], [1, 0, -1], [1, -2, 1], [1, 0, -1], [1, 0, -1], [1, 1, 1], [1, 0, -1], [1, 1, 1], [1, 1, 1], [1, 0, -1], [1, -2, 1], [1, 0, -1], [1, 1, 1], [1, 1, 1], [1, -2, 1]]",0
2.888.6t3.a,888,"[2, 3, 37]","[2, 3, 37]",False,1,"[[[1], [-2], [1]], [[1], [2], [1]], [[1], [0], [-1]], [[1], [0], [-1]], [[1], [1], [1]], [[1], [-1], [1]], [[1], [1]], [[1], [-1]]]","[[1, 1], [1, -1], [1, 0, -1], [1, 1, 1], [1, 1, 1], [1, -1, 1], [1, -1, 1], [1, -1, 1], [1, -1, 1], [1, 0, -1], [1, 0, -1], [1, 1], [1, 0, -1], [1, 2, 1], [1, 0, -1], [1, 1, 1], [1, 0, -1], [1, 2, 1], [1, 0, -1], [1, 0, -1], [1, 1, 1], [1, 0, -1], [1, 1, 1], [1, -1, 1], [1, 0, -1], [1, -2, 1], [1, 0, -1], [1, 1, 1], [1, -1, 1], [1, 2, 1]]",0
2.888.6t3.b,888,"[2, 3, 37]","[2, 3, 29, 37]",False,1,"[[[1], [-2], [1]], [[1], [2], [1]], [[1], [0], [-1]], [[1], [0], [-1]], [[1], [1], [1]], [[1], [-1], [1]], [[1], [-1]], [[1], [1]]]",null,0
2.888.6t3.c,888,"[2, 3, 37]","[2, 3, 37]",False,1,"[[[1], [-2], [1]], [[1], [2], [1]], [[1], [0], [-1]], [[1], [0], [-1]], [[1], [1], [1]], [[1], [-1], [1]], [[1], [1]], [[1], [-1]]]",null,0
2.888.6t3.d,888,"[2, 3, 37]","[2, 3, 37]",False,1,"[[[1], [-2], [1]], [[1], [2], [1]], [[1], [0], [-1]], [[1], [0], [-1]], [[1], [1], [1]], [[1], [-1], [1]], [[1], [-1]], [[1], [1]]]","[[1, -1], [1, 1], [1, 0, -1], [1, 1, 1], [1, -1, 1], [1, -1, 1], [1, 1, 1], [1, -1, 1], [1, 1, 1], [1, 0, -1], [1, 0, -1], [1, 1], [1, 0, -1], [1, 2, 1], [1, 0, -1], [1, -1, 1], [1, 0, -1], [1, 2, 1], [1, 0, -1], [1, 0, -1], [1, 1, 1], [1, 0, -1], [1, -1, 1], [1, 1, 1], [1, 0, -1], [1, 2, 1], [1, 0, -1], [1, -1, 1], [1, -1, 1], [1, -2, 1]]",0
2.888.6t3.e,888,"[2, 3, 37]","[2, 3, 5, 37]",False,1,"[[[1], [-2], [1]], [[1], [2], [1]], [[1], [0], [-1]], [[1], [0], [-1]], [[1], [1], [1]], [[1], [-1], [1]], [[1], [1]], [[1], [-1]]]","[[1, 1], [1, 1], [1, 0, -1], [1, 1, 1], [1, -1, 1], [1, 1, 1], [1, -1, 1], [1, 1, 1], [1, -1, 1], [1, 0, -1], [1, 0, -1], [1, -1], [1, 0, -1], [1, -2, 1], [1, 0, -1], [1, -1, 1], [1, 0, -1], [1, -2, 1], [1, 0, -1], [1, 0, -1], [1, 1, 1], [1, 0, -1], [1, -1, 1], [1, -1, 1], [1, 0, -1], [1, 2, 1], [1, 0, -1], [1, -1, 1], [1, 1, 1], [1, 2, 1]]",0
2.888.6t3.f,888,"[2, 3, 37]","[2, 3, 5, 37, 43]",False,1,"[[[1], [-2], [1]], [[1], [2], [1]], [[1], [0], [-1]], [[1], [0], [-1]], [[1], [1], [1]], [[1], [-1], [1]], [[1], [1]], [[1], [-1]]]",null,0
2.891.3t2.a,891,"[3, 11]","[2, 3, 11]",False,1,"[[[1], [-2], [1]], [[1], [0], [-1]], [[1], [1], [1]], [[1]], [[1], [-1]]]",null,0
2.891.3t2.b,891,"[3, 11]","[3, 11]",False,1,"[[[1], [-2], [1]], [[1], [0], [-1]], [[1], [1], [1]], [[1]], [[1], [-1]]]","[[1, 0, -1], [1], [1, 1, 1], [1, 0, -1], [1, -1], [1, 0, -1], [1, 0, -1], [1, 0, -1], [1, -2, 1], [1, 0, -1], [1, 1, 1], [1, 1, 1], [1, 0, -1], [1, 0, -1], [1, 1, 1], [1, 1, 1], [1, 1, 1], [1, 0, -1], [1, 1, 1], [1, 1, 1], [1, 0, -1], [1, 0, -1], [1, 0, -1], [1, -2, 1], [1, 1, 1], [1, 0, -1], [1, 1, 1], [1, 0, -1], [1, 0, -1], [1, 1, 1]]",0
2.891.6t3.a,891,"[3, 11]","[2, 3, 11, 101]",False,1,"[[[1], [-2], [1]], [[1], [2], [1]], [[1], [0], [-1]], [[1], [0], [-1]], [[1], [1], [1]], [[1], [-1], [1]], [[1]], [[1], [1]]]","[[1, 0, -1], [1], [1, -1, 1], [1, 0, -1], [1, 1], [1, 0, -1], [1, 0, -1], [1, 0, -1], [1, 2, 1], [1, 0, -1], [1, 1, 1], [1, 1, 1], [1, 0, -1], [1, 0, -1], [1, -1, 1], [1, -1, 1], [1, -1, 1], [1, 0, -1], [1, 1, 1], [1, -1, 1], [1, 0, -1], [1, 0, -1], [1, 0, -1], [1, 2, 1], [1, 1, 1], [1, 0, -1], [1, 1, 1], [1, 0, -1], [1, 0, -1], [1, -1, 1]]",0
2.891.6t3.b,891,"[3, 11]","[2, 3, 11]",False,1,"[[[1], [-2], [1]], [[1], [2], [1]], [[1], [0], [-1]], [[1], [0], [-1]], [[1], [1], [1]], [[1], [-1], [1]], [[1]], [[1], [1]]]",null,0
2.892.3t2.a,892,"[2, 223]","[2, 223]",True,1,"[[[1], [-2], [1]], [[1], [0], [-1]], [[1], [1], [1]], [[1], [-1]]]",null,0
2.892.6t3.a,892,"[2, 223]","[2, 223]",True,1,"[[[1], [-2], [1]], [[1], [2], [1]], [[1], [0], [-1]], [[1], [0], [-1]], [[1], [1], [1]], [[1], [-1], [1]], [[1], [-1]], [[1], [1]]]",null,0
2.892.6t3.b,892,"[2, 223]","[2, 31, 223]",True,1,"[[[1], [-2], [1]], [[1], [2], [1]], [[1], [0], [-1]], [[1], [0], [-1]], [[1], [1], [1]], [[1], [-1], [1]], [[1], [-1]], [[1], [1]]]",null,0
2.895.4t3.a,895,"[5, 179]","[2, 3, 5, 17, 43, 179]",False,1,"[[[1], [-2], [1]], [[1], [2], [1]], [[1], [0], [-1]], [[1], [0], [-1]], [[1], [0], [1]], [[1], [-1]]]",null,0
2.895.4t3.b,895,"[5, 179]","[3, 5, 179]",False,1,"[[[1], [-2], [1]], [[1], [2], [1]], [[1], [0], [-1]], [[1], [0], [-1]], [[1], [0], [1]], [[1], [-1]]]","[[1, 0, 1], [1, 0, -1], [1, -1], [1, 0, 1], [1, 0, -1], [1, 0, -1], [1, 0, -1], [1, 2, 1], [1, 0, 1], [1, -2, 1], [1, -2, 1], [1, 0, 1], [1, 0, -1], [1, 0, -1], [1, 0, -1], [1, 0, 1], [1, 2, 1], [1, 2, 1], [1, 0, -1], [1, 0, -1], [1, 0, 1], [1, 0, -1], [1, 0, -1], [1, 2, 1], [1, 0, 1], [1, 2, 1], [1, 0, 1], [1, 0, -1], [1, 0, -1], [1, 0, 1]]",0
2.895.4t3.c,895,"[5, 179]","[2, 3, 5, 179]",False,1,"[[[1], [-2], [1]], [[1], [2], [1]], [[1], [0], [-1]], [[1], [0], [-1]], [[1], [0], [1]], [[1], [-1]]]",null,0
2.896.4t3.a,896,"[2, 7]","[2, 7]",True,1,"[[[1], [-2], [1]], [[1], [2], [1]], [[1], [0], [-1]], [[1], [0], [-1]], [[1], [0], [1]], [[1]], [[1], [1]]]",null,0
2.896.4t3.b,896,"[2, 7]","[2, 7]",True,1,"[[[1], [-2], [1]], [[1], [2], [1]], [[1], [0], [-1]], [[1], [0], [-1]], [[1], [0], [1]], [[1]], [[1], [-1]]]",null,0
2.896.4t3.c,896,"[2, 7]","[2, 3, 7]",True,1,"[[[1], [-2], [1]], [[1], [2], [1]], [[1], [0], [-1]], [[1], [0], [-1]], [[1], [0], [1]], [[1]], [[1], [1]]]",null,0
2.896.4t3.d,896,"[2, 7]","[2, 3, 7]",True,1,"[[[1], [-2], [1]], [[1], [2], [1]], [[1], [0], [-1]], [[1], [0], [-1]], [[1], [0], [1]], [[1]], [[1], [-1]]]",null,0
2.896.4t3.e,896,"[2, 7]","[2, 3, 7]",True,1,"[[[1], [-2], [1]], [[1], [2], [1]], [[1], [0], [-1]], [[1], [0], [-1]], [[1], [0], [1]], [[1]], [[1], [-1]]]",null,0
2.896.4t3.f,896,"[2, 7]","[2, 3, 7]",True,1,"[[[1], [-2], [1]], [[1], [2], [1]], [[1], [0], [-1]], [[1], [0], [-1]], [[1], [0], [1]], [[1]], [[1], [1]]]",null,0
2.897.4t3.a,897,"[3, 13, 23]","[3, 13, 23]",True,1,"[[[1], [-2], [1]], [[1], [2], [1]], [[1], [0], [-1]], [[1], [0], [-1]], [[1], [0], [1]], [[1], [-1]], [[1], [1]]]",null,0
2.897.4t3.b,897,"[3, 13, 23]","[3, 13, 23]",True,1,"[[[1], [-2], [1]], [[1], [2], [1]], [[1], [0], [-1]], [[1], [0], [-1]], [[1], [0], [1]], [[1], [-1]], [[1], [1]]]",null,0
2.897.4t3.c,897,"[3, 13, 23]","[3, 13, 23]",True,1,"[[[1], [-2], [1]], [[1], [2], [1]], [[1], [0], [-1]], [[1], [0], [-1]], [[1], [0], [1]], [[1], [-1]], [[1], [1]]]",null,0
2.897.4t3.d,897,"[3, 13, 23]","[2, 3, 13, 23]",True,1,"[[[1], [-2], [1]], [[1], [2], [1]], [[1], [0], [-1]], [[1], [0], [-1]], [[1], [0], [1]], [[1], [-1]], [[1], [1]]]",null,0
2.897.4t3.e,897,"[3, 13, 23]","[3, 5, 7, 13, 23, 547]",True,1,"[[[1], [-2], [1]], [[1], [2], [1]], [[1], [0], [-1]], [[1], [0], [-1]], [[1], [0], [1]], [[1], [-1]], [[1], [1]]]",null,0
2.897.4t3.f,897,"[3, 13, 23]","[2, 3, 11, 13, 17, 23]",True,1,"[[[1], [-2], [1]], [[1], [2], [1]], [[1], [0], [-1]], [[1], [0], [-1]], [[1], [0], [1]], [[1], [-1]], [[1], [1]]]",null,0
2.900.4t3.a,900,"[2, 3, 5]","[2, 3, 5]",False,1,"[[[1], [-2], [1]], [[1], [2], [1]], [[1], [0], [-1]], [[1], [0], [-1]], [[1], [0], [1]], [[1], [1]], [[1]]]","[[1, 1], [1], [1], [1, 0, -1], [1, 0, -1], [1, 0, 1], [1, -2, 1], [1, 0, -1], [1, 0, -1], [1, 0, 1], [1, 0, -1], [1, 0, 1], [1, 0, 1], [1, 0, -1], [1, 0, -1], [1, -2, 1], [1, 0, -1], [1, 2, 1], [1, 0, -1], [1, 0, -1], [1, 0, 1], [1, 0, -1], [1, 0, -1], [1, 0, 1], [1, 0, 1], [1, 0, 1], [1, 0, -1], [1, 0, -1], [1, 2, 1], [1, 2, 1]]",0
2.900.4t3.b,900,"[2, 3, 5]","[2, 3, 5]",False,1,"[[[1], [-2], [1]], [[1], [2], [1]], [[1], [0], [-1]], [[1], [0], [-1]], [[1], [0], [1]], [[1], [-1]], [[1]]]","[[1, -1], [1], [1], [1, 0, -1], [1, 0, -1], [1, 0, 1], [1, 2, 1], [1, 0, -1], [1, 0, -1], [1, 0, 1], [1, 0, -1], [1, 0, 1], [1, 0, 1], [1, 0, -1], [1, 0, -1], [1, 2, 1], [1, 0, -1], [1, 2, 1], [1, 0, -1], [1, 0, -1], [1, 0, 1], [1, 0, -1], [1, 0, -1], [1, 0, 1], [1, 0, 1], [1, 0, 1], [1, 0, -1], [1, 0, -1], [1, 2, 1], [1, -2, 1]]",0
2.900.4t3.c,900,"[2, 3, 5]","[2, 3, 5]",False,1,"[[[1], [-2], [1]], [[1], [2], [1]], [[1], [0], [-1]], [[1], [0], [-1]], [[1], [0], [1]], [[1], [1]], [[1]]]",null,0
2.900.4t3.d,900,"[2, 3, 5]","[2, 3, 5, 59]",False,1,"[[[1], [-2], [1]], [[1], [2], [1]], [[1], [0], [-1]], [[1], [0], [-1]], [[1], [0], [1]], [[1], [-1]], [[1]]]",null,0
2.900.4t3.e,900,"[2, 3, 5]","[2, 3, 5]",False,1,"[[[1], [-2], [1]], [[1], [2], [1]], [[1], [0], [-1]], [[1], [0], [-1]], [[1], [0], [1]], [[1], [1]], [[1]]]",null,0
2.900.4t3.f,900,"[2, 3, 5]","[2, 3, 5]",False,1,"[[[1], [-2], [1]], [[1], [2], [1]], [[1], [0], [-1]], [[1], [0], [-1]], [[1], [0], [1]], [[1], [-1]], [[1]]]",null,0
2.901.4t3.a,901,"[17, 53]","[17, 53]",True,1,"[[[1], [-2], [1]], [[1], [2], [1]], [[1], [0], [-1]], [[1], [0], [-1]], [[1], [0], [1]], [[1], [1]]]",null,0
2.901.4t3.b,901,"[17, 53]","[2, 11, 13, 17, 47, 53]",True,1,"[[[1], [-2], [1]], [[1], [2], [1]], [[1], [0], [-1]], [[1], [0], [-1]], [[1], [0], [1]], [[1], [1]]]",null,0
2.901.4t3.c,901,"[17, 53]","[2, 17, 53]",True,1,"[[[1], [-2], [1]], [[1], [2], [1]], [[1], [0], [-1]], [[1], [0], [-1]], [[1], [0], [1]], [[1], [1]]]",null,0
2.903.4t3.a,903,"[3, 7, 43]","[3, 7, 43]",False,1,"[[[1], [-2], [1]], [[1], [2], [1]], [[1], [0], [-1]], [[1], [0], [-1]], [[1], [0], [1]], [[1], [1]], [[1], [-1]]]","[[1, 0, 1], [1, 1], [1, 0, -1], [1, 1], [1, 0, -1], [1, 0, -1], [1, 0, 1], [1, -2, 1], [1, 0, -1], [1, 0, 1], [1, 0, -1], [1, 0, -1], [1, 0, 1], [1, -1], [1, 0, 1], [1, 0, -1], [1, 0, 1], [1, -2, 1], [1, 2, 1], [1, 0, 1], [1, -2, 1], [1, 2, 1], [1, 0, 1], [1, 0, -1], [1, 0, -1], [1, 0, 1], [1, 0, -1], [1, 0, -1], [1, 2, 1], [1, 0, 1]]",0
2.903.4t3.b,903,"[3, 7, 43]","[3, 7, 43]",False,1,"[[[1], [-2], [1]], [[1], [2], [1]], [[1], [0], [-1]], [[1], [0], [-1]], [[1], [0], [1]], [[1], [-1]]]","[[1, 0, 1], [1, -1], [1, 0, -1], [1, -1], [1, 0, -1], [1, 0, -1], [1, 0, 1], [1, 2, 1], [1, 0, -1], [1, 0, 1], [1, 0, -1], [1, 0, -1], [1, 0, 1], [1, -1], [1, 0, 1], [1, 0, -1], [1, 0, 1], [1, 2, 1], [1, 2, 1], [1, 0, 1], [1, 2, 1], [1, 2, 1], [1, 0, 1], [1, 0, -1], [1, 0, -1], [1, 0, 1], [1, 0, -1], [1, 0, -1], [1, 2, 1], [1, 0, 1]]",0
2.903.4t3.c,903,"[3, 7, 43]","[2, 3, 5, 7, 43, 61, 73]",False,1,"[[[1], [-2], [1]], [[1], [2], [1]], [[1], [0], [-1]], [[1], [0], [-1]], [[1], [0], [1]], [[1], [-1]]]",null,0
2.903.4t3.d,903,"[3, 7, 43]","[2, 3, 5, 7, 19, 43]",False,1,"[[[1], [-2], [1]], [[1], [2], [1]], [[1], [0], [-1]], [[1], [0], [-1]], [[1], [0], [1]], [[1], [1]], [[1], [-1]]]",null,0
2.903.4t3.e,903,"[3, 7, 43]","[2, 3, 5, 7, 43]",False,1,"[[[1], [-2], [1]], [[1], [2], [1]], [[1], [0], [-1]], [[1], [0], [-1]], [[1], [0], [1]], [[1], [1]], [[1], [-1]]]",null,0
2.903.4t3.f,903,"[3, 7, 43]","[2, 3, 7, 43]",False,1,"[[[1], [-2], [1]], [[1], [2], [1]], [[1], [0], [-1]], [[1], [0], [-1]], [[1], [0], [1]], [[1], [-1]]]",null,0
2.904.4t3.a,904,"[2, 113]","[2, 113]",True,1,"[[[1], [-2], [1]], [[1], [2], [1]], [[1], [0], [-1]], [[1], [0], [-1]], [[1], [0], [1]], [[1], [-1]]]",null,0
2.904.4t3.b,904,"[2, 113]","[2, 3, 7, 11, 107, 113]",False,1,"[[[1], [-2], [1]], [[1], [2], [1]], [[1], [0], [-1]], [[1], [0], [-1]], [[1], [0], [1]], [[1], [-1]]]",null,0
2.904.4t3.c,904,"[2, 113]","[2, 13, 113]",True,1,"[[[1], [-2], [1]], [[1], [2], [1]], [[1], [0], [-1]], [[1], [0], [-1]], [[1], [0], [1]], [[1], [-1]]]",null,0
2.904.4t3.d,904,"[2, 113]","[2, 113]",True,1,"[[[1], [-2], [1]], [[1], [2], [1]], [[1], [0], [-1]], [[1], [0], [-1]], [[1], [0], [1]], [[1], [-1]]]",null,0
2.904.4t3.e,904,"[2, 113]","[2, 113]",False,1,"[[[1], [-2], [1]], [[1], [2], [1]], [[1], [0], [-1]], [[1], [0], [-1]], [[1], [0], [1]], [[1], [-1]]]","[[1, -1], [1, 0, -1], [1, 0, 1], [1, 0, -1], [1, 2, 1], [1, 0, -1], [1, 0, -1], [1, 0, -1], [1, 0, 1], [1, 0, 1], [1, 0, -1], [1, 0, 1], [1, 2, 1], [1, 0, -1], [1, 0, 1], [1, 0, -1], [1, 0, -1], [1, 0, -1], [1, 0, -1], [1, 0, 1], [1, 0, -1], [1, 0, 1], [1, 2, 1], [1, 0, -1], [1, 2, 1], [1, 0, 1], [1, 0, 1], [1, 0, -1], [1, 0, -1], [1, -1]]",0
2.904.4t3.f,904,"[2, 113]","[2, 3, 113]",False,1,"[[[1], [-2], [1]], [[1], [2], [1]], [[1], [0], [-1]], [[1], [0], [-1]], [[1], [0], [1]], [[1], [-1]]]",null,0
2.905.4t3.a,905,"[5, 181]","[5, 181]",True,1,"[[[1], [-2], [1]], [[1], [2], [1]], [[1], [0], [-1]], [[1], [0], [-1]], [[1], [0], [1]], [[1], [-1]]]",null,0
2.905.4t3.b,905,"[5, 181]","[3, 5, 181]",True,1,"[[[1], [-2], [1]], [[1], [2], [1]], [[1], [0], [-1]], [[1], [0], [-1]], [[1], [0], [1]], [[1], [-1]]]",null,0
2.905.4t3.c,905,"[5, 181]","[2, 3, 5, 29, 71, 181]",True,1,"[[[1], [-2], [1]], [[1], [2], [1]], [[1], [0], [-1]], [[1], [0], [-1]], [[1], [0], [1]], [[1], [-1]]]",null,0
2.907.3t2.a,907,[907],[907],False,1,"[[[1], [-2], [1]], [[1], [0], [-1]], [[1], [1], [1]], [[1], [-1]]]","[[1, 0, -1], [1, 0, -1], [1, 0, -1], [1, 0, -1], [1, 0, -1], [1, 1, 1], [1, 0, -1], [1, 1, 1], [1, 1, 1], [1, 0, -1], [1, 0, -1], [1, 0, -1], [1, 1, 1], [1, 0, -1], [1, 0, -1], [1, 1, 1], [1, 0, -1], [1, 0, -1], [1, 0, -1], [1, 1, 1], [1, 0, -1], [1, 0, -1], [1, 0, -1], [1, 1, 1], [1, 0, -1], [1, 0, -1], [1, 0, -1], [1, 1, 1], [1, 1, 1], [1, 0, -1]]",0
2.908.3t2.a,908,"[2, 227]","[2, 227]",False,1,"[[[1], [-2], [1]], [[1], [0], [-1]], [[1], [1], [1]], [[1]], [[1], [-1]]]","[[1], [1, -2, 1], [1, 0, -1], [1, 1, 1], [1, 1, 1], [1, 0, -1], [1, 0, -1], [1, 1, 1], [1, 1, 1], [1, 1, 1], [1, 0, -1], [1, 0, -1], [1, 0, -1], [1, 1, 1], [1, -2, 1], [1, 1, 1], [1, 1, 1], [1, 0, -1], [1, 0, -1], [1, 1, 1], [1, 1, 1], [1, -2, 1], [1, 0, -1], [1, 1, 1], [1, -2, 1], [1, -2, 1], [1, 1, 1], [1, 0, -1], [1, -2, 1], [1, 1, 1]]",0
2.912.4t3.a,912,"[2, 3, 19]","[2, 3, 19]",False,1,"[[[1], [-2], [1]], [[1], [2], [1]], [[1], [0], [-1]], [[1], [0], [-1]], [[1], [0], [1]], [[1]], [[1], [-1]], [[1], [1]]]","[[1], [1, -1], [1, 0, -1], [1, 0, -1], [1, 0, 1], [1, 0, -1], [1, 0, -1], [1, 1], [1, 0, 1], [1, 0, 1], [1, 2, 1], [1, 0, -1], [1, 0, 1], [1, 0, -1], [1, 0, 1], [1, 0, 1], [1, 0, -1], [1, 2, 1], [1, 2, 1], [1, 0, -1], [1, 2, 1], [1, -2, 1], [1, 0, 1], [1, 0, 1], [1, 0, -1], [1, 0, -1], [1, -2, 1], [1, 0, -1], [1, 0, -1], [1, 0, 1]]",0
2.912.4t3.b,912,"[2, 3, 19]","[2, 3, 19]",False,1,"[[[1], [-2], [1]], [[1], [2], [1]], [[1], [0], [-1]], [[1], [0], [-1]], [[1], [0], [1]], [[1]], [[1], [1]], [[1], [-1]]]","[[1], [1, 1], [1, 0, -1], [1, 0, -1], [1, 0, 1], [1, 0, -1], [1, 0, -1], [1, -1], [1, 0, 1], [1, 0, 1], [1, -2, 1], [1, 0, -1], [1, 0, 1], [1, 0, -1], [1, 0, 1], [1, 0, 1], [1, 0, -1], [1, 2, 1], [1, -2, 1], [1, 0, -1], [1, 2, 1], [1, 2, 1], [1, 0, 1], [1, 0, 1], [1, 0, -1], [1, 0, -1], [1, 2, 1], [1, 0, -1], [1, 0, -1], [1, 0, 1]]",0
2.912.4t3.c,912,"[2, 3, 19]","[2, 3, 19]",False,1,"[[[1], [-2], [1]], [[1], [2], [1]], [[1], [0], [-1]], [[1], [0], [-1]], [[1], [0], [1]], [[1]], [[1], [-1]], [[1], [1]]]",null,0
2.912.4t3.d,912,"[2, 3, 19]","[2, 3, 7, 19]",False,1,"[[[1], [-2], [1]], [[1], [2], [1]], [[1], [0], [-1]], [[1], [0], [-1]], [[1], [0], [1]], [[1]], [[1], [1]], [[1], [-1]]]",null,0
2.912.4t3.e,912,"[2, 3, 19]","[2, 3, 13, 19, 61, 71]",False,1,"[[[1], [-2], [1]], [[1], [2], [1]], [[1], [0], [-1]], [[1], [0], [-1]], [[1], [0], [1]], [[1]], [[1], [-1]], [[1], [1]]]",null,0
2.912.4t3.f,912,"[2, 3, 19]","[2, 3, 5, 7, 19, 31]",False,1,"[[[1], [-2], [1]], [[1], [2], [1]], [[1], [0], [-1]], [[1], [0], [-1]], [[1], [0], [1]], [[1]], [[1], [1]], [[1], [-1]]]",null,0
2.915.4t3.a,915,"[3, 5, 61]","[3, 5, 61]",False,1,"[[[1], [-2], [1]], [[1], [2], [1]], [[1], [0], [-1]], [[1], [0], [-1]], [[1], [0], [1]], [[1], [1]], [[1], [-1]]]","[[1, 0, -1], [1, 1], [1, -1], [1, 0, 1], [1, 0, 1], [1, 0, -1], [1, 0, -1], [1, 2, 1], [1, 0, -1], [1, 0, 1], [1, 0, -1], [1, 0, 1], [1, 0, -1], [1, 0, 1], [1, -2, 1], [1, 0, -1], [1, 0, 1], [1, 1], [1, 0, 1], [1, 0, 1], [1, 0, -1], [1, 0, -1], [1, 2, 1], [1, 0, 1], [1, 0, -1], [1, 0, 1], [1, 0, -1], [1, -2, 1], [1, 2, 1], [1, 2, 1]]",0
2.915.4t3.b,915,"[3, 5, 61]","[2, 3, 5, 61]",False,1,"[[[1], [-2], [1]], [[1], [2], [1]], [[1], [0], [-1]], [[1], [0], [-1]], [[1], [0], [1]], [[1], [-1]], [[1], [1]]]","[[1, 0, -1], [1, -1], [1, 1], [1, 0, 1], [1, 0, 1], [1, 0, -1], [1, 0, -1], [1, 2, 1], [1, 0, -1], [1, 0, 1], [1, 0, -1], [1, 0, 1], [1, 0, -1], [1, 0, 1], [1, 2, 1], [1, 0, -1], [1, 0, 1], [1, 1], [1, 0, 1], [1, 0, 1], [1, 0, -1], [1, 0, -1], [1, -2, 1], [1, 0, 1], [1, 0, -1], [1, 0, 1], [1, 0, -1], [1, 2, 1], [1, 2, 1], [1, -2, 1]]",0
2.915.4t3.c,915,"[3, 5, 61]","[2, 3, 5, 61]",False,1,"[[[1], [-2], [1]], [[1], [2], [1]], [[1], [0], [-1]], [[1], [0], [-1]], [[1], [0], [1]], [[1], [1]], [[1], [-1]]]",null,0
2.915.4t3.d,915,"[3, 5, 61]","[2, 3, 5, 61]",False,1,"[[[1], [-2], [1]], [[1], [2], [1]], [[1], [0], [-1]], [[1], [0], [-1]], [[1], [0], [1]], [[1], [-1]], [[1], [1]]]",null,0
2.915.4t3.e,915,"[3, 5, 61]","[2, 3, 5, 61]",False,1,"[[[1], [-2], [1]], [[1], [2], [1]], [[1], [0], [-1]], [[1], [0], [-1]], [[1], [0], [1]], [[1], [1]], [[1], [-1]]]",null,0
2.915.4t3.f,915,"[3, 5, 61]","[2, 3, 5, 13, 19, 61]",False,1,"[[[1], [-2], [1]], [[1], [2], [1]], [[1], [0], [-1]], [[1], [0], [-1]], [[1], [0], [1]], [[1], [-1]], [[1], [1]]]",null,0
2.927.4t3.a,927,"[3, 103]","[2, 3, 5, 103]",False,1,"[[[1], [-2], [1]], [[1], [2], [1]], [[1], [0], [-1]], [[1], [0], [-1]], [[1], [0], [1]], [[1]], [[1], [1]]]",null,0
2.927.4t3.b,927,"[3, 103]","[3, 7, 103]",False,1,"[[[1], [-2], [1]], [[1], [2], [1]], [[1], [0], [-1]], [[1], [0], [-1]], [[1], [0], [1]], [[1]], [[1], [1]]]","[[1, 0, 1], [1], [1, 0, -1], [1, -2, 1], [1, 0, -1], [1, 2, 1], [1, 0, 1], [1, -2, 1], [1, 0, 1], [1, 0, 1], [1, 0, -1], [1, 0, -1], [1, 0, 1], [1, 0, -1], [1, 0, -1], [1, 0, -1], [1, 0, 1], [1, 2, 1], [1, 0, -1], [1, 0, -1], [1, 0, -1], [1, 2, 1], [1, 0, 1], [1, 0, -1], [1, 2, 1], [1, 0, -1], [1, 1], [1, 0, 1], [1, 0, -1], [1, 0, -1]]",0
2.927.4t3.c,927,"[3, 103]","[2, 3, 5, 7, 103]",False,1,"[[[1], [-2], [1]], [[1], [2], [1]], [[1], [0], [-1]], [[1], [0], [-1]], [[1], [0], [1]], [[1]], [[1], [1]]]",null,0
2.931.3t2.a,931,"[7, 19]","[2, 3, 7, 19]",False,1,"[[[1], [-2], [1]], [[1], [0], [-1]], [[1], [1], [1]], [[1]], [[1], [-1]]]",null,0
2.931.3t2.b,931,"[7, 19]","[7, 19]",False,1,"[[[1], [-2], [1]], [[1], [0], [-1]], [[1], [1], [1]], [[1]], [[1], [-1]]]","[[1, 0, -1], [1, 0, -1], [1, 1, 1], [1], [1, 1, 1], [1, 0, -1], [1, -2, 1], [1, -1], [1, 1, 1], [1, 0, -1], [1, 0, -1], [1, 0, -1], [1, 0, -1], [1, 1, 1], [1, 1, 1], [1, 0, -1], [1, 0, -1], [1, 1, 1], [1, 0, -1], [1, 0, -1], [1, 1, 1], [1, 0, -1], [1, 1, 1], [1, 0, -1], [1, 0, -1], [1, 1, 1], [1, 0, -1], [1, 0, -1], [1, 0, -1], [1, 0, -1]]",0
2.931.6t3.a,931,"[7, 19]","[2, 3, 7, 19]",False,1,"[[[1], [-2], [1]], [[1], [2], [1]], [[1], [0], [-1]], [[1], [0], [-1]], [[1], [1], [1]], [[1], [-1], [1]], [[1]], [[1], [1]]]",null,0
2.931.6t3.b,931,"[7, 19]","[2, 3, 7, 19]",False,1,"[[[1], [-2], [1]], [[1], [2], [1]], [[1], [0], [-1]], [[1], [0], [-1]], [[1], [1], [1]], [[1], [-1], [1]], [[1]], [[1], [1]]]","[[1, 0, -1], [1, 0, -1], [1, -1, 1], [1], [1, 1, 1], [1, 0, -1], [1, 2, 1], [1, 1], [1, 1, 1], [1, 0, -1], [1, 0, -1], [1, 0, -1], [1, 0, -1], [1, 1, 1], [1, -1, 1], [1, 0, -1], [1, 0, -1], [1, -1, 1], [1, 0, -1], [1, 0, -1], [1, -1, 1], [1, 0, -1], [1, -1, 1], [1, 0, -1], [1, 0, -1], [1, -1, 1], [1, 0, -1], [1, 0, -1], [1, 0, -1], [1, 0, -1]]",0
2.932.3t2.a,932,"[2, 233]","[2, 233]",False,1,"[[[1], [-2], [1]], [[1], [0], [-1]], [[1], [1], [1]], [[1], [-1]]]","[[1, -1], [1, 1, 1], [1, 0, -1], [1, 0, -1], [1, -2, 1], [1, 1, 1], [1, 0, -1], [1, 0, -1], [1, 0, -1], [1, 1, 1], [1, 0, -1], [1, 1, 1], [1, 0, -1], [1, 1, 1], [1, 1, 1], [1, 0, -1], [1, 1, 1], [1, 0, -1], [1, 1, 1], [1, 0, -1], [1, 0, -1], [1, 1, 1], [1, 1, 1], [1, 1, 1], [1, 0, -1], [1, 1, 1], [1, -2, 1], [1, 0, -1], [1, 1, 1], [1, 1, 1]]",0
2.932.4t3.a,932,"[2, 233]","[2, 233]",False,1,"[[[1], [-2], [1]], [[1], [2], [1]], [[1], [0], [-1]], [[1], [0], [-1]], [[1], [0], [1]], [[1], [1]], [[1], [-1]]]",null,0
2.932.4t3.b,932,"[2, 233]","[2, 233]",False,1,"[[[1], [-2], [1]], [[1], [2], [1]], [[1], [0], [-1]], [[1], [0], [-1]], [[1], [0], [1]], [[1], [1]], [[1], [-1]]]","[[1, 1], [1, 0, 1], [1, 0, -1], [1, 0, -1], [1, 0, 1], [1, -2, 1], [1, 0, -1], [1, 0, -1], [1, 0, -1], [1, -2, 1], [1, 0, -1], [1, 2, 1], [1, 0, -1], [1, 0, 1], [1, 0, 1], [1, 0, -1], [1, 0, 1], [1, 0, -1], [1, 0, 1], [1, 0, -1], [1, 0, -1], [1, 0, 1], [1, 0, 1], [1, -2, 1], [1, 0, -1], [1, 2, 1], [1, 0, 1], [1, 0, -1], [1, 2, 1], [1, 2, 1]]",0
2.932.4t3.c,932,"[2, 233]","[2, 13, 19, 23, 29, 233]",False,1,"[[[1], [-2], [1]], [[1], [2], [1]], [[1], [0], [-1]], [[1], [0], [-1]], [[1], [0], [1]], [[1], [1]], [[1], [-1]]]",null,0
2.932.6t3.a,932,"[2, 233]","[2, 23, 233]",False,1,"[[[1], [-2], [1]], [[1], [2], [1]], [[1], [0], [-1]], [[1], [0], [-1]], [[1], [1], [1]], [[1], [-1], [1]], [[1], [-1]]]","[[1, -1], [1, -1, 1], [1, 0, -1], [1, 0, -1], [1, 2, 1], [1, 1, 1], [1, 0, -1], [1, 0, -1], [1, 0, -1], [1, 1, 1], [1, 0, -1], [1, 1, 1], [1, 0, -1], [1, -1, 1], [1, -1, 1], [1, 0, -1], [1, -1, 1], [1, 0, -1], [1, -1, 1], [1, 0, -1], [1, 0, -1], [1, -1, 1], [1, -1, 1], [1, 1, 1], [1, 0, -1], [1, 1, 1], [1, 2, 1], [1, 0, -1], [1, 1, 1], [1, 1, 1]]",0
2.932.6t3.b,932,"[2, 233]","[2, 17, 19, 233]",False,1,"[[[1], [-2], [1]], [[1], [2], [1]], [[1], [0], [-1]], [[1], [0], [-1]], [[1], [1], [1]], [[1], [-1], [1]], [[1], [-1]]]",null,0
2.936.6t3.a,936,"[2, 3, 13]","[2, 3, 13]",False,1,"[[[1], [-2], [1]], [[1], [2], [1]], [[1], [0], [-1]], [[1], [0], [-1]], [[1], [1], [1]], [[1], [-1], [1]], [[1], [-1]], [[1]], [[1], [1]]]","[[1, -1], [1], [1, 1, 1], [1, -1, 1], [1, 0, -1], [1, 1], [1, -1, 1], [1, 0, -1], [1, 0, -1], [1, 0, -1], [1, 2, 1], [1, -1, 1], [1, 0, -1], [1, 1, 1], [1, 1, 1], [1, 0, -1], [1, 0, -1], [1, 0, -1], [1, 0, -1], [1, 1, 1], [1, 0, -1], [1, 0, -1], [1, 0, -1], [1, 0, -1], [1, 0, -1], [1, 0, -1], [1, 0, -1], [1, 2, 1], [1, -1, 1], [1, 2, 1]]",0
2.936.6t3.b,936,"[2, 3, 13]","[2, 3, 13]",False,1,"[[[1], [-2], [1]], [[1], [2], [1]], [[1], [0], [-1]], [[1], [0], [-1]], [[1], [1], [1]], [[1], [-1], [1]], [[1], [-1]], [[1]], [[1], [1]]]",null,0
2.936.6t3.c,936,"[2, 3, 13]","[2, 3, 11, 13, 83]",False,1,"[[[1], [-2], [1]], [[1], [2], [1]], [[1], [0], [-1]], [[1], [0], [-1]], [[1], [1], [1]], [[1], [-1], [1]], [[1], [1]], [[1]], [[1], [-1]]]",null,0
2.936.6t3.d,936,"[2, 3, 13]","[2, 3, 13]",False,1,"[[[1], [-2], [1]], [[1], [2], [1]], [[1], [0], [-1]], [[1], [0], [-1]], [[1], [1], [1]], [[1], [-1], [1]], [[1], [1]], [[1]], [[1], [-1]]]","[[1, 1], [1], [1, -1, 1], [1, 1, 1], [1, 0, -1], [1, -1], [1, -1, 1], [1, 0, -1], [1, 0, -1], [1, 0, -1], [1, -2, 1], [1, 1, 1], [1, 0, -1], [1, 1, 1], [1, -1, 1], [1, 0, -1], [1, 0, -1], [1, 0, -1], [1, 0, -1], [1, -1, 1], [1, 0, -1], [1, 0, -1], [1, 0, -1], [1, 0, -1], [1, 0, -1], [1, 0, -1], [1, 0, -1], [1, 2, 1], [1, 1, 1], [1, 2, 1]]",0
2.939.4t3.a,939,"[3, 313]","[2, 3, 313]",False,1,"[[[1], [-2], [1]], [[1], [2], [1]], [[1], [0], [-1]], [[1], [0], [-1]], [[1], [0], [1]], [[1], [-1]]]","[[1, 0, -1], [1, -1], [1, 0, 1], [1, 0, -1], [1, 0, -1], [1, 2, 1], [1, 0, 1], [1, 2, 1], [1, 0, 1], [1, 0, -1], [1, 0, -1], [1, 0, -1], [1, 0, 1], [1, 0, -1], [1, 0, 1], [1, 0, 1], [1, 0, 1], [1, 0, -1], [1, 0, -1], [1, 0, -1], [1, 0, -1], [1, -2, 1], [1, 0, -1], [1, 0, 1], [1, -2, 1], [1, 0, 1], [1, 2, 1], [1, 0, -1], [1, 0, -1], [1, 0, -1]]",0
2.939.4t3.b,939,"[3, 313]","[2, 3, 313]",False,1,"[[[1], [-2], [1]], [[1], [2], [1]], [[1], [0], [-1]], [[1], [0], [-1]], [[1], [0], [1]], [[1], [-1]]]",null,0
2.939.4t3.c,939,"[3, 313]","[2, 3, 13, 29, 313]",False,1,"[[[1], [-2], [1]], [[1], [2], [1]], [[1], [0], [-1]], [[1], [0], [-1]], [[1], [0], [1]], [[1], [-1]]]",null,0
2.940.3t2.a,940,"[2, 5, 47]","[2, 5, 47]",False,1,"[[[1], [-2], [1]], [[1], [0], [-1]], [[1], [1], [1]], [[1]], [[1], [-1]]]","[[1], [1, 0, -1], [1, -1], [1, 0, -1], [1, 0, -1], [1, 1, 1], [1, 0, -1], [1, 0, -1], [1, 1, 1], [1, 0, -1], [1, 0, -1], [1, 0, -1], [1, 0, -1], [1, 1, 1], [1, -1], [1, 0, -1], [1, 1, 1], [1, 1, 1], [1, -2, 1], [1, 1, 1], [1, 1, 1], [1, 1, 1], [1, 0, -1], [1, 1, 1], [1, 0, -1], [1, 1, 1], [1, 0, -1], [1, 1, 1], [1, 0, -1], [1, 1, 1]]",0
2.940.3t2.b,940,"[2, 5, 47]","[2, 5, 47]",True,1,"[[[1], [-2], [1]], [[1], [0], [-1]], [[1], [1], [1]], [[1], [-1]]]",null,0
2.940.6t3.a,940,"[2, 5, 47]","[2, 5, 47]",True,1,"[[[1], [-2], [1]], [[1], [2], [1]], [[1], [0], [-1]], [[1], [0], [-1]], [[1], [1], [1]], [[1], [-1], [1]], [[1], [-1]], [[1], [1]]]",null,0
2.940.6t3.b,940,"[2, 5, 47]","[2, 5, 47, 113]",True,1,"[[[1], [-2], [1]], [[1], [2], [1]], [[1], [0], [-1]], [[1], [0], [-1]], [[1], [1], [1]], [[1], [-1], [1]], [[1], [1]], [[1], [-1]]]",null,0
2.940.6t3.c,940,"[2, 5, 47]","[2, 5, 47, 89]",True,1,"[[[1], [-2], [1]], [[1], [2], [1]], [[1], [0], [-1]], [[1], [0], [-1]], [[1], [1], [1]], [[1], [-1], [1]], [[1], [1]], [[1], [-1]]]",null,0
2.940.6t3.d,940,"[2, 5, 47]","[2, 5, 47, 89]",True,1,"[[[1], [-2], [1]], [[1], [2], [1]], [[1], [0], [-1]], [[1], [0], [-1]], [[1], [1], [1]], [[1], [-1], [1]], [[1], [1]]]",null,0
2.940.6t3.e,940,"[2, 5, 47]","[2, 5, 47]",True,1,"[[[1], [-2], [1]], [[1], [2], [1]], [[1], [0], [-1]], [[1], [0], [-1]], [[1], [1], [1]], [[1], [-1], [1]], [[1], [-1]], [[1], [1]]]",null,0
2.940.6t3.f,940,"[2, 5, 47]","[2, 5, 7, 11, 47]",False,1,"[[[1], [-2], [1]], [[1], [2], [1]], [[1], [0], [-1]], [[1], [0], [-1]], [[1], [1], [1]], [[1], [-1], [1]], [[1]], [[1], [1]]]",null,0
2.940.6t3.g,940,"[2, 5, 47]","[2, 5, 47]",True,1,"[[[1], [-2], [1]], [[1], [2], [1]], [[1], [0], [-1]], [[1], [0], [-1]], [[1], [1], [1]], [[1], [-1], [1]], [[1], [1]]]",null,0
2.940.6t3.h,940,"[2, 5, 47]","[2, 3, 5, 47, 83]",False,1,"[[[1], [-2], [1]], [[1], [2], [1]], [[1], [0], [-1]], [[1], [0], [-1]], [[1], [1], [1]], [[1], [-1], [1]], [[1]], [[1], [1]]]","[[1], [1, 0, -1], [1, 1], [1, 0, -1], [1, 0, -1], [1, -1, 1], [1, 0, -1], [1, 0, -1], [1, -1, 1], [1, 0, -1], [1, 0, -1], [1, 0, -1], [1, 0, -1], [1, -1, 1], [1, 1], [1, 0, -1], [1, 1, 1], [1, 1, 1], [1, 2, 1], [1, 1, 1], [1, -1, 1], [1, 1, 1], [1, 0, -1], [1, 1, 1], [1, 0, -1], [1, 1, 1], [1, 0, -1], [1, -1, 1], [1, 0, -1], [1, -1, 1]]",0
2.943.4t3.a,943,"[23, 41]","[2, 3, 23, 41]",False,1,"[[[1], [-2], [1]], [[1], [2], [1]], [[1], [0], [-1]], [[1], [0], [-1]], [[1], [0], [1]], [[1], [-1]]]",null,0
2.943.4t3.b,943,"[23, 41]","[2, 23, 41]",False,1,"[[[1], [-2], [1]], [[1], [2], [1]], [[1], [0], [-1]], [[1], [0], [-1]], [[1], [0], [1]], [[1], [-1]]]","[[1, 2, 1], [1, 0, -1], [1, 0, -1], [1, 0, 1], [1, 0, 1], [1, 0, -1], [1, 0, 1], [1, 0, 1], [1, -1], [1, 0, -1], [1, 2, 1], [1, 0, -1], [1, -1], [1, 0, -1], [1, 0, -1], [1, 0, 1], [1, -2, 1], [1, 0, -1], [1, 0, 1], [1, 0, -1], [1, -2, 1], [1, 0, 1], [1, 0, -1], [1, 0, 1], [1, 0, 1], [1, 0, -1], [1, 0, -1], [1, 0, -1], [1, 0, 1], [1, 0, -1]]",0
2.943.4t3.c,943,"[23, 41]","[2, 3, 5, 13, 23, 41, 127]",False,1,"[[[1], [-2], [1]], [[1], [2], [1]], [[1], [0], [-1]], [[1], [0], [-1]], [[1], [0], [1]], [[1], [-1]]]",null,0
2.944.6t3.a,944,"[2, 59]","[2, 59]",False,1,"[[[1], [-2], [1]], [[1], [2], [1]], [[1], [0], [-1]], [[1], [0], [-1]], [[1], [1], [1]], [[1], [-1], [1]], [[1]], [[1], [1]]]","[[1], [1, -1, 1], [1, 1, 1], [1, -1, 1], [1, 0, -1], [1, 0, -1], [1, -2, 1], [1, -1, 1], [1, 0, -1], [1, 1, 1], [1, 0, -1], [1, 0, -1], [1, 1, 1], [1, 0, -1], [1, 0, -1], [1, 1, 1], [1, 1], [1, 0, -1], [1, 0, -1], [1, 2, 1], [1, 0, -1], [1, -1, 1], [1, 0, -1], [1, 0, -1], [1, 0, -1], [1, 0, -1], [1, 0, -1], [1, -1, 1], [1, 0, -1], [1, 0, -1]]",0
2.944.6t3.b,944,"[2, 59]","[2, 43, 59]",False,1,"[[[1], [-2], [1]], [[1], [2], [1]], [[1], [0], [-1]], [[1], [0], [-1]], [[1], [1], [1]], [[1], [-1], [1]], [[1]], [[1], [1]]]",null,0
2.948.3t2.a,948,"[2, 3, 79]","[2, 3, 79]",False,1,"[[[1], [-2], [1]], [[1], [0], [-1]], [[1], [1], [1]], [[1], [-1]]]","[[1, -1], [1, -1], [1, 0, -1], [1, 1, 1], [1, 1, 1], [1, 1, 1], [1, 1, 1], [1, 0, -1], [1, 1, 1], [1, 1, 1], [1, 0, -1], [1, 0, -1], [1, -2, 1], [1, 1, 1], [1, 0, -1], [1, -2, 1], [1, 0, -1], [1, 0, -1], [1, 0, -1], [1, 0, -1], [1, 1, 1], [1, -1], [1, 1, 1], [1, 0, -1], [1, 1, 1], [1, 0, -1], [1, 1, 1], [1, 0, -1], [1, 0, -1], [1, -2, 1]]",0
2.948.6t3.a,948,"[2, 3, 79]","[2, 3, 5, 79]",False,1,"[[[1], [-2], [1]], [[1], [2], [1]], [[1], [0], [-1]], [[1], [0], [-1]], [[1], [1], [1]], [[1], [-1], [1]], [[1], [-1]], [[1], [1]]]",null,0
2.948.6t3.b,948,"[2, 3, 79]","[2, 3, 31, 79]",False,1,"[[[1], [-2], [1]], [[1], [2], [1]], [[1], [0], [-1]], [[1], [0], [-1]], [[1], [1], [1]], [[1], [-1], [1]], [[1], [-1]], [[1], [1]]]","[[1, -1], [1, 1], [1, 0, -1], [1, -1, 1], [1, 1, 1], [1, 1, 1], [1, -1, 1], [1, 0, -1], [1, 1, 1], [1, -1, 1], [1, 0, -1], [1, 0, -1], [1, 2, 1], [1, -1, 1], [1, 0, -1], [1, 2, 1], [1, 0, -1], [1, 0, -1], [1, 0, -1], [1, 0, -1], [1, 1, 1], [1, 1], [1, 1, 1], [1, 0, -1], [1, 1, 1], [1, 0, -1], [1, -1, 1], [1, 0, -1], [1, 0, -1], [1, 2, 1]]",0
2.948.6t3.c,948,"[2, 3, 79]","[2, 3, 79]",False,1,"[[[1], [-2], [1]], [[1], [2], [1]], [[1], [0], [-1]], [[1], [0], [-1]], [[1], [1], [1]], [[1], [-1], [1]], [[1], [1]]]","[[1, 1], [1, 1], [1, 0, -1], [1, -1, 1], [1, -1, 1], [1, 1, 1], [1, 1, 1], [1, 0, -1], [1, -1, 1], [1, 1, 1], [1, 0, -1], [1, 0, -1], [1, -2, 1], [1, -1, 1], [1, 0, -1], [1, -2, 1], [1, 0, -1], [1, 0, -1], [1, 0, -1], [1, 0, -1], [1, 1, 1], [1, 1], [1, -1, 1], [1, 0, -1], [1, 1, 1], [1, 0, -1], [1, -1, 1], [1, 0, -1], [1, 0, -1], [1, -2, 1]]",0
2.948.6t3.d,948,"[2, 3, 79]","[2, 3, 79]",False,1,"[[[1], [-2], [1]], [[1], [2], [1]], [[1], [0], [-1]], [[1], [0], [-1]], [[1], [1], [1]], [[1], [-1], [1]], [[1], [1]], [[1], [-1]]]","[[1, 1], [1, -1], [1, 0, -1], [1, 1, 1], [1, -1, 1], [1, 1, 1], [1, -1, 1], [1, 0, -1], [1, -1, 1], [1, -1, 1], [1, 0, -1], [1, 0, -1], [1, 2, 1], [1, 1, 1], [1, 0, -1], [1, 2, 1], [1, 0, -1], [1, 0, -1], [1, 0, -1], [1, 0, -1], [1, 1, 1], [1, -1], [1, -1, 1], [1, 0, -1], [1, 1, 1], [1, 0, -1], [1, 1, 1], [1, 0, -1], [1, 0, -1], [1, 2, 1]]",0
2.948.6t3.e,948,"[2, 3, 79]","[2, 3, 79]",False,1,"[[[1], [-2], [1]], [[1], [2], [1]], [[1], [0], [-1]], [[1], [0], [-1]], [[1], [1], [1]], [[1], [-1], [1]], [[1], [1]], [[1], [-1]]]",null,0
2.948.6t3.f,948,"[2, 3, 79]","[2, 3, 5, 79, 293]",False,1,"[[[1], [-2], [1]], [[1], [2], [1]], [[1], [0], [-1]], [[1], [0], [-1]], [[1], [1], [1]], [[1], [-1], [1]], [[1], [1]]]",null,0
2.952.4t3.a,952,"[2, 7, 17]","[2, 3, 7, 17]",False,1,"[[[1], [-2], [1]], [[1], [2], [1]], [[1], [0], [-1]], [[1], [0], [-1]], [[1], [0], [1]], [[1], [1]], [[1], [-1]]]","[[1, 1], [1, 0, -1], [1, 0, -1], [1, 1], [1, 0, 1], [1, 0, 1], [1, -1], [1, 0, 1], [1, 0, -1], [1, 0, 1], [1, -2, 1], [1, 0, 1], [1, 2, 1], [1, 0, -1], [1, 0, -1], [1, 0, -1], [1, 0, 1], [1, 0, -1], [1, 0, -1], [1, 0, -1], [1, -2, 1], [1, 0, -1], [1, 0, 1], [1, 0, -1], [1, 2, 1], [1, 0, 1], [1, 0, -1], [1, 0, 1], [1, 0, 1], [1, 0, -1]]",0
2.952.4t3.b,952,"[2, 7, 17]","[2, 7, 17]",False,1,"[[[1], [-2], [1]], [[1], [2], [1]], [[1], [0], [-1]], [[1], [0], [-1]], [[1], [0], [1]], [[1], [1]], [[1], [-1]]]","[[1, 1], [1, 0, -1], [1, 0, -1], [1, -1], [1, 0, 1], [1, 0, 1], [1, 1], [1, 0, 1], [1, 0, -1], [1, 0, 1], [1, 2, 1], [1, 0, 1], [1, -2, 1], [1, 0, -1], [1, 0, -1], [1, 0, -1], [1, 0, 1], [1, 0, -1], [1, 0, -1], [1, 0, -1], [1, 2, 1], [1, 0, -1], [1, 0, 1], [1, 0, -1], [1, -2, 1], [1, 0, 1], [1, 0, -1], [1, 0, 1], [1, 0, 1], [1, 0, -1]]",0
2.952.4t3.c,952,"[2, 7, 17]","[2, 7, 17]",False,1,"[[[1], [-2], [1]], [[1], [2], [1]], [[1], [0], [-1]], [[1], [0], [-1]], [[1], [0], [1]], [[1], [1]], [[1], [-1]]]",null,0
2.952.4t3.d,952,"[2, 7, 17]","[2, 5, 7, 17]",False,1,"[[[1], [-2], [1]], [[1], [2], [1]], [[1], [0], [-1]], [[1], [0], [-1]], [[1], [0], [1]], [[1], [1]], [[1], [-1]]]",null,0
2.952.4t3.e,952,"[2, 7, 17]","[2, 3, 5, 7, 11, 17, 31, 199, 503]",False,1,"[[[1], [-2], [1]], [[1], [2], [1]], [[1], [0], [-1]], [[1], [0], [-1]], [[1], [0], [1]], [[1], [1]], [[1], [-1]]]",null,0
2.952.4t3.f,952,"[2, 7, 17]","[2, 3, 5, 7, 17]",False,1,"[[[1], [-2], [1]], [[1], [2], [1]], [[1], [0], [-1]], [[1], [0], [-1]], [[1], [0], [1]], [[1], [1]], [[1], [-1]]]",null,0
2.955.4t3.a,955,"[5, 191]","[2, 3, 5, 7, 191]",False,1,"[[[1], [-2], [1]], [[1], [2], [1]], [[1], [0], [-1]], [[1], [0], [-1]], [[1], [0], [1]], [[1], [1]]]",null,0
2.955.4t3.b,955,"[5, 191]","[5, 13, 191]",False,1,"[[[1], [-2], [1]], [[1], [2], [1]], [[1], [0], [-1]], [[1], [0], [-1]], [[1], [0], [1]], [[1], [1]]]",null,0
2.955.4t3.c,955,"[5, 191]","[2, 3, 5, 191]",False,1,"[[[1], [-2], [1]], [[1], [2], [1]], [[1], [0], [-1]], [[1], [0], [-1]], [[1], [0], [1]], [[1], [1]]]","[[1, 0, -1], [1, 0, -1], [1, 1], [1, 0, 1], [1, 0, -1], [1, 0, -1], [1, 0, -1], [1, 0, -1], [1, 0, -1], [1, 0, -1], [1, 0, -1], [1, 0, 1], [1, 0, -1], [1, 0, -1], [1, 0, 1], [1, 0, 1], [1, 2, 1], [1, 0, -1], [1, 0, -1], [1, 0, -1], [1, 0, 1], [1, 2, 1], [1, 0, 1], [1, 0, -1], [1, 0, -1], [1, 0, -1], [1, 0, -1], [1, 0, -1], [1, 2, 1], [1, 0, 1]]",0
2.959.3t2.a,959,"[7, 137]","[7, 137]",False,1,"[[[1], [-2], [1]], [[1], [0], [-1]], [[1], [1], [1]], [[1], [-1]]]","[[1, 1, 1], [1, 1, 1], [1, 1, 1], [1, -1], [1, 1, 1], [1, 1, 1], [1, 0, -1], [1, 0, -1], [1, 0, -1], [1, 0, -1], [1, -2, 1], [1, -2, 1], [1, -2, 1], [1, 0, -1], [1, 1, 1], [1, 0, -1], [1, 0, -1], [1, 0, -1], [1, 0, -1], [1, 0, -1], [1, 0, -1], [1, 0, -1], [1, 1, 1], [1, -2, 1], [1, 1, 1], [1, 0, -1], [1, 0, -1], [1, 1, 1], [1, -2, 1], [1, 0, -1]]",0
2.959.4t3.a,959,"[7, 137]","[2, 7, 137]",False,1,"[[[1], [-2], [1]], [[1], [2], [1]], [[1], [0], [-1]], [[1], [0], [-1]], [[1], [0], [1]], [[1], [1]]]","[[1, -2, 1], [1, 0, 1], [1, 0, 1], [1, 1], [1, 2, 1], [1, 0, 1], [1, 0, -1], [1, 0, -1], [1, 0, -1], [1, 0, -1], [1, 0, 1], [1, -2, 1], [1, 0, 1], [1, 0, -1], [1, 0, 1], [1, 0, -1], [1, 0, -1], [1, 0, -1], [1, 0, -1], [1, 0, -1], [1, 0, -1], [1, 0, -1], [1, 0, 1], [1, 0, 1], [1, 0, 1], [1, 0, -1], [1, 0, -1], [1, 2, 1], [1, 2, 1], [1, 0, -1]]",0
2.959.4t3.b,959,"[7, 137]","[2, 7, 137]",False,1,"[[[1], [-2], [1]], [[1], [2], [1]], [[1], [0], [-1]], [[1], [0], [-1]], [[1], [0], [1]], [[1], [1]]]",null,0
2.959.4t3.c,959,"[7, 137]","[2, 7, 37, 137]",False,1,"[[[1], [-2], [1]], [[1], [2], [1]], [[1], [0], [-1]], [[1], [0], [-1]], [[1], [0], [1]], [[1], [1]]]",null,0
2.959.6t3.a,959,"[7, 137]","[7, 137]",False,1,"[[[1], [-2], [1]], [[1], [2], [1]], [[1], [0], [-1]], [[1], [0], [-1]], [[1], [1], [1]], [[1], [-1], [1]], [[1], [-1]]]","[[1, 1, 1], [1, -1, 1], [1, -1, 1], [1, -1], [1, 1, 1], [1, -1, 1], [1, 0, -1], [1, 0, -1], [1, 0, -1], [1, 0, -1], [1, 2, 1], [1, -2, 1], [1, 2, 1], [1, 0, -1], [1, -1, 1], [1, 0, -1], [1, 0, -1], [1, 0, -1], [1, 0, -1], [1, 0, -1], [1, 0, -1], [1, 0, -1], [1, -1, 1], [1, 2, 1], [1, -1, 1], [1, 0, -1], [1, 0, -1], [1, 1, 1], [1, -2, 1], [1, 0, -1]]",0
2.959.6t3.b,959,"[7, 137]","[2, 7, 19, 41, 137]",False,1,"[[[1], [-2], [1]], [[1], [2], [1]], [[1], [0], [-1]], [[1], [0], [-1]], [[1], [1], [1]], [[1], [-1], [1]], [[1], [-1]]]",null,0
2.963.6t3.a,963,"[3, 107]","[2, 3, 5, 107]",False,1,"[[[1], [-2], [1]], [[1], [2], [1]], [[1], [0], [-1]], [[1], [0], [-1]], [[1], [1], [1]], [[1], [-1], [1]], [[1]], [[1], [1]]]","[[1, 0, -1], [1], [1, 0, -1], [1, 0, -1], [1, -1, 1], [1, 1, 1], [1, 0, -1], [1, 1, 1], [1, -1, 1], [1, 2, 1], [1, 0, -1], [1, 1, 1], [1, -1, 1], [1, 0, -1], [1, 2, 1], [1, -1, 1], [1, 0, -1], [1, 1, 1], [1, 0, -1], [1, 0, -1], [1, 0, -1], [1, 1, 1], [1, 2, 1], [1, -1, 1], [1, 0, -1], [1, -1, 1], [1, 0, -1], [1, 1], [1, 0, -1], [1, 0, -1]]",0
2.963.6t3.b,963,"[3, 107]","[2, 3, 5, 7, 17, 107]",False,1,"[[[1], [-2], [1]], [[1], [2], [1]], [[1], [0], [-1]], [[1], [0], [-1]], [[1], [1], [1]], [[1], [-1], [1]], [[1]], [[1], [1]]]",null,0
2.964.3t2.a,964,"[2, 241]","[2, 241]",False,1,"[[[1], [-2], [1]], [[1], [0], [-1]], [[1], [1], [1]], [[1], [-1]]]","[[1, -1], [1, 0, -1], [1, 1, 1], [1, 1, 1], [1, -2, 1], [1, 0, -1], [1, 0, -1], [1, 1, 1], [1, 1, 1], [1, 1, 1], [1, -2, 1], [1, 0, -1], [1, 1, 1], [1, 1, 1], [1, 0, -1], [1, 1, 1], [1, 0, -1], [1, 1, 1], [1, 0, -1], [1, 1, 1], [1, 0, -1], [1, 0, -1], [1, 0, -1], [1, 0, -1], [1, 1, 1], [1, 0, -1], [1, -2, 1], [1, 0, -1], [1, 0, -1], [1, 1, 1]]",0
2.964.4t3.a,964,"[2, 241]","[2, 241]",False,1,"[[[1], [-2], [1]], [[1], [2], [1]], [[1], [0], [-1]], [[1], [0], [-1]], [[1], [0], [1]], [[1], [1]], [[1], [-1]]]","[[1, 1], [1, 0, -1], [1, 2, 1], [1, 0, 1], [1, 0, 1], [1, 0, -1], [1, 0, -1], [1, 0, 1], [1, 0, 1], [1, -2, 1], [1, 0, 1], [1, 0, -1], [1, -2, 1], [1, 0, 1], [1, 0, -1], [1, -2, 1], [1, 0, -1], [1, 2, 1], [1, 0, -1], [1, 0, 1], [1, 0, -1], [1, 0, -1], [1, 0, -1], [1, 0, -1], [1, -2, 1], [1, 0, -1], [1, 0, 1], [1, 0, -1], [1, 0, -1], [1, 2, 1]]",0
2.964.4t3.b,964,"[2, 241]","[2, 3, 5, 29, 41, 241]",False,1,"[[[1], [-2], [1]], [[1], [2], [1]], [[1], [0], [-1]], [[1], [0], [-1]], [[1], [0], [1]], [[1], [1]], [[1], [-1]]]",null,0
2.964.4t3.c,964,"[2, 241]","[2, 241]",False,1,"[[[1], [-2], [1]], [[1], [2], [1]], [[1], [0], [-1]], [[1], [0], [-1]], [[1], [0], [1]], [[1], [1]], [[1], [-1]]]",null,0
2.964.6t3.a,964,"[2, 241]","[2, 3, 241]",False,1,"[[[1], [-2], [1]], [[1], [2], [1]], [[1], [0], [-1]], [[1], [0], [-1]], [[1], [1], [1]], [[1], [-1], [1]], [[1], [-1]]]","[[1, -1], [1, 0, -1], [1, 1, 1], [1, -1, 1], [1, 2, 1], [1, 0, -1], [1, 0, -1], [1, -1, 1], [1, -1, 1], [1, 1, 1], [1, 2, 1], [1, 0, -1], [1, 1, 1], [1, -1, 1], [1, 0, -1], [1, 1, 1], [1, 0, -1], [1, 1, 1], [1, 0, -1], [1, -1, 1], [1, 0, -1], [1, 0, -1], [1, 0, -1], [1, 0, -1], [1, 1, 1], [1, 0, -1], [1, 2, 1], [1, 0, -1], [1, 0, -1], [1, 1, 1]]",0
2.964.6t3.b,964,"[2, 241]","[2, 67, 241]",False,1,"[[[1], [-2], [1]], [[1], [2], [1]], [[1], [0], [-1]], [[1], [0], [-1]], [[1], [1], [1]], [[1], [-1], [1]], [[1], [-1]]]",null,0
2.971.3t2.a,971,[971],"[2, 971]",False,1,"[[[1], [-2], [1]], [[1], [0], [-1]], [[1], [1], [1]], [[1], [-1]]]","[[1, 0, -1], [1, -2, 1], [1, 1, 1], [1, 1, 1], [1, 0, -1], [1, 1, 1], [1, 1, 1], [1, 1, 1], [1, 1, 1], [1, 0, -1], [1, 0, -1], [1, -2, 1], [1, 0, -1], [1, 0, -1], [1, 1, 1], [1, 1, 1], [1, 0, -1], [1, -2, 1], [1, 0, -1], [1, 0, -1], [1, 0, -1], [1, 0, -1], [1, -2, 1], [1, 1, 1], [1, 1, 1], [1, 0, -1], [1, 1, 1], [1, 1, 1], [1, 0, -1], [1, 0, -1]]",0
2.972.3t2.a,972,"[2, 3]","[2, 3]",False,1,"[[[1], [-2], [1]], [[1], [0], [-1]], [[1], [1], [1]], [[1]]]",null,0
2.972.3t2.b,972,"[2, 3]","[2, 3]",False,1,"[[[1], [-2], [1]], [[1], [0], [-1]], [[1], [1], [1]], [[1]]]",null,0
2.972.3t2.c,972,"[2, 3]","[2, 3]",False,1,"[[[1], [-2], [1]], [[1], [0], [-1]], [[1], [1], [1]], [[1]]]","[[1], [1], [1, 0, -1], [1, 1, 1], [1, 0, -1], [1, -2, 1], [1, 0, -1], [1, -2, 1], [1, 0, -1], [1, 0, -1], [1, 1, 1], [1, 1, 1], [1, 0, -1], [1, 1, 1], [1, 0, -1], [1, 0, -1], [1, 0, -1], [1, 1, 1], [1, 1, 1], [1, 0, -1], [1, 1, 1], [1, -2, 1], [1, 0, -1], [1, 0, -1], [1, -2, 1], [1, 0, -1], [1, 1, 1], [1, 0, -1], [1, 1, 1], [1, 0, -1]]",0
2.972.3t2.d,972,"[2, 3]","[2, 3]",False,1,"[[[1], [-2], [1]], [[1], [0], [-1]], [[1], [1], [1]], [[1]]]","[[1], [1], [1, 0, -1], [1, -2, 1], [1, 0, -1], [1, 1, 1], [1, 0, -1], [1, 1, 1], [1, 0, -1], [1, 0, -1], [1, 1, 1], [1, -2, 1], [1, 0, -1], [1, 1, 1], [1, 0, -1], [1, 0, -1], [1, 0, -1], [1, 1, 1], [1, 1, 1], [1, 0, -1], [1, 1, 1], [1, 1, 1], [1, 0, -1], [1, 0, -1], [1, 1, 1], [1, 0, -1], [1, 1, 1], [1, 0, -1], [1, 1, 1], [1, 0, -1]]",0
2.975.4t3.a,975,"[3, 5, 13]","[3, 5, 13]",False,1,"[[[1], [-2], [1]], [[1], [2], [1]], [[1], [0], [-1]], [[1], [0], [-1]], [[1], [0], [1]], [[1], [-1]], [[1]]]","[[1, 0, 1], [1, -1], [1], [1, 0, -1], [1, 0, 1], [1, -1], [1, 0, -1], [1, 0, -1], [1, 0, -1], [1, 0, -1], [1, 0, -1], [1, 0, -1], [1, 0, 1], [1, 2, 1], [1, 0, 1], [1, 0, -1], [1, 0, 1], [1, 2, 1], [1, 0, -1], [1, 0, 1], [1, 0, -1], [1, 2, 1], [1, 0, 1], [1, 0, 1], [1, 0, -1], [1, 0, -1], [1, 2, 1], [1, 0, -1], [1, 0, -1], [1, 0, -1]]",0
2.975.4t3.b,975,"[3, 5, 13]","[3, 5, 13]",False,1,"[[[1], [-2], [1]], [[1], [2], [1]], [[1], [0], [-1]], [[1], [0], [-1]], [[1], [0], [1]], [[1], [-1]], [[1]]]",null,0
2.975.4t3.c,975,"[3, 5, 13]","[3, 5, 13]",False,1,"[[[1], [-2], [1]], [[1], [2], [1]], [[1], [0], [-1]], [[1], [0], [-1]], [[1], [0], [1]], [[1], [-1]], [[1]]]",null,0
2.976.4t3.a,976,"[2, 61]","[2, 3, 61]",False,1,"[[[1], [-2], [1]], [[1], [2], [1]], [[1], [0], [-1]], [[1], [0], [-1]], [[1], [0], [1]], [[1]], [[1], [1]]]",null,0
2.976.4t3.b,976,"[2, 61]","[2, 3, 5, 13, 61, 113]",False,1,"[[[1], [-2], [1]], [[1], [2], [1]], [[1], [0], [-1]], [[1], [0], [-1]], [[1], [0], [1]], [[1]], [[1], [1]]]",null,0
2.976.4t3.c,976,"[2, 61]","[2, 3, 61]",False,1,"[[[1], [-2], [1]], [[1], [2], [1]], [[1], [0], [-1]], [[1], [0], [-1]], [[1], [0], [1]], [[1]], [[1], [1]]]","[[1], [1, 0, -1], [1, 2, 1], [1, 0, 1], [1, 0, 1], [1, -2, 1], [1, 0, -1], [1, 0, -1], [1, 0, 1], [1, 0, -1], [1, 0, 1], [1, 0, -1], [1, -2, 1], [1, 0, 1], [1, 0, -1], [1, 0, -1], [1, 0, 1], [1, 1], [1, 0, 1], [1, 0, 1], [1, 2, 1], [1, 0, 1], [1, 0, -1], [1, 0, -1], [1, 2, 1], [1, 0, -1], [1, 0, -1], [1, 0, -1], [1, -2, 1], [1, -2, 1]]",0
2.979.4t3.a,979,"[11, 89]","[5, 11, 89]",False,1,"[[[1], [-2], [1]], [[1], [2], [1]], [[1], [0], [-1]], [[1], [0], [-1]], [[1], [0], [1]], [[1], [-1]]]",null,0
2.979.4t3.b,979,"[11, 89]","[2, 11, 89]",False,1,"[[[1], [-2], [1]], [[1], [2], [1]], [[1], [0], [-1]], [[1], [0], [-1]], [[1], [0], [1]], [[1], [-1]]]","[[1, 0, -1], [1, 0, -1], [1, 2, 1], [1, 0, 1], [1, -1], [1, 0, 1], [1, 0, -1], [1, 0, 1], [1, 0, -1], [1, 0, 1], [1, 0, -1], [1, 0, -1], [1, 0, 1], [1, 0, 1], [1, -2, 1], [1, 2, 1], [1, 0, -1], [1, 0, 1], [1, 2, 1], [1, 2, 1], [1, 0, -1], [1, 0, -1], [1, 0, 1], [1, -1], [1, 2, 1], [1, 0, 1], [1, 0, -1], [1, 0, -1], [1, 0, -1], [1, 0, -1]]",0
2.979.4t3.c,979,"[11, 89]","[2, 3, 5, 11, 37, 89]",False,1,"[[[1], [-2], [1]], [[1], [2], [1]], [[1], [0], [-1]], [[1], [0], [-1]], [[1], [0], [1]], [[1], [-1]]]",null,0
2.980.3t2.a,980,"[2, 5, 7]","[2, 5, 7]",False,1,"[[[1], [-2], [1]], [[1], [0], [-1]], [[1], [1], [1]], [[1], [-1]], [[1]]]","[[1, -1], [1, 1, 1], [1, -1], [1], [1, 0, -1], [1, 0, -1], [1, 0, -1], [1, 0, -1], [1, 1, 1], [1, 1, 1], [1, 0, -1], [1, 0, -1], [1, 1, 1], [1, 1, 1], [1, -2, 1], [1, 0, -1], [1, 0, -1], [1, 1, 1], [1, 1, 1], [1, 0, -1], [1, 0, -1], [1, 0, -1], [1, 1, 1], [1, 1, 1], [1, 0, -1], [1, 1, 1], [1, 1, 1], [1, 1, 1], [1, 1, 1], [1, 0, -1]]",0
2.980.6t3.a,980,"[2, 5, 7]","[2, 5, 7, 127]",False,1,"[[[1], [-2], [1]], [[1], [2], [1]], [[1], [0], [-1]], [[1], [0], [-1]], [[1], [1], [1]], [[1], [-1], [1]], [[1], [-1]], [[1], [1]], [[1]]]",null,0
2.980.6t3.b,980,"[2, 5, 7]","[2, 5, 7]",False,1,"[[[1], [-2], [1]], [[1], [2], [1]], [[1], [0], [-1]], [[1], [0], [-1]], [[1], [1], [1]], [[1], [-1], [1]], [[1], [1]], [[1]]]","[[1, 1], [1, 1, 1], [1, 1], [1], [1, 0, -1], [1, 0, -1], [1, 0, -1], [1, 0, -1], [1, -1, 1], [1, 1, 1], [1, 0, -1], [1, 0, -1], [1, -1, 1], [1, -1, 1], [1, -2, 1], [1, 0, -1], [1, 0, -1], [1, -1, 1], [1, -1, 1], [1, 0, -1], [1, 0, -1], [1, 0, -1], [1, 1, 1], [1, -1, 1], [1, 0, -1], [1, -1, 1], [1, 1, 1], [1, -1, 1], [1, 1, 1], [1, 0, -1]]",0
2.980.6t3.c,980,"[2, 5, 7]","[2, 5, 7]",False,1,"[[[1], [-2], [1]], [[1], [2], [1]], [[1], [0], [-1]], [[1], [0], [-1]], [[1], [1], [1]], [[1], [-1], [1]], [[1], [1]], [[1]]]",null,0
2.980.6t3.d,980,"[2, 5, 7]","[2, 5, 7]",False,1,"[[[1], [-2], [1]], [[1], [2], [1]], [[1], [0], [-1]], [[1], [0], [-1]], [[1], [1], [1]], [[1], [-1], [1]], [[1], [1]], [[1], [-1]], [[1]]]",null,0
2.980.6t3.e,980,"[2, 5, 7]","[2, 5, 7, 19]",False,1,"[[[1], [-2], [1]], [[1], [2], [1]], [[1], [0], [-1]], [[1], [0], [-1]], [[1], [1], [1]], [[1], [-1], [1]], [[1], [1]], [[1], [-1]], [[1]]]","[[1, 1], [1, -1, 1], [1, -1], [1], [1, 0, -1], [1, 0, -1], [1, 0, -1], [1, 0, -1], [1, -1, 1], [1, 1, 1], [1, 0, -1], [1, 0, -1], [1, 1, 1], [1, -1, 1], [1, 2, 1], [1, 0, -1], [1, 0, -1], [1, 1, 1], [1, -1, 1], [1, 0, -1], [1, 0, -1], [1, 0, -1], [1, -1, 1], [1, 1, 1], [1, 0, -1], [1, 1, 1], [1, -1, 1], [1, -1, 1], [1, 1, 1], [1, 0, -1]]",0
2.980.6t3.f,980,"[2, 5, 7]","[2, 5, 7]",False,1,"[[[1], [-2], [1]], [[1], [2], [1]], [[1], [0], [-1]], [[1], [0], [-1]], [[1], [1], [1]], [[1], [-1], [1]], [[1], [-1]], [[1], [1]], [[1]]]","[[1, -1], [1, -1, 1], [1, 1], [1], [1, 0, -1], [1, 0, -1], [1, 0, -1], [1, 0, -1], [1, 1, 1], [1, 1, 1], [1, 0, -1], [1, 0, -1], [1, -1, 1], [1, 1, 1], [1, 2, 1], [1, 0, -1], [1, 0, -1], [1, -1, 1], [1, 1, 1], [1, 0, -1], [1, 0, -1], [1, 0, -1], [1, -1, 1], [1, -1, 1], [1, 0, -1], [1, -1, 1], [1, -1, 1], [1, 1, 1], [1, 1, 1], [1, 0, -1]]",0
2.983.3t2.a,983,[983],[983],False,1,"[[[1], [-2], [1]], [[1], [0], [-1]], [[1], [1], [1]], [[1], [-1]]]","[[1, 1, 1], [1, 1, 1], [1, 0, -1], [1, 1, 1], [1, 0, -1], [1, 0, -1], [1, 0, -1], [1, 1, 1], [1, 1, 1], [1, 0, -1], [1, -2, 1], [1, -2, 1], [1, -2, 1], [1, 1, 1], [1, 1, 1], [1, 1, 1], [1, -2, 1], [1, 0, -1], [1, -2, 1], [1, 0, -1], [1, 0, -1], [1, -2, 1], [1, 0, -1], [1, 1, 1], [1, 0, -1], [1, 0, -1], [1, 0, -1], [1, 1, 1], [1, 0, -1], [1, 0, -1]]",0
2.984.3t2.a,984,"[2, 3, 41]","[2, 3, 41]",False,1,"[[[1], [-2], [1]], [[1], [0], [-1]], [[1], [1], [1]], [[1], [-1]]]","[[1, -1], [1, -1], [1, 1, 1], [1, 0, -1], [1, 0, -1], [1, 1, 1], [1, 1, 1], [1, 1, 1], [1, 0, -1], [1, 0, -1], [1, 1, 1], [1, 0, -1], [1, -1], [1, 0, -1], [1, -2, 1], [1, 0, -1], [1, 1, 1], [1, 0, -1], [1, 1, 1], [1, 1, 1], [1, 1, 1], [1, 0, -1], [1, 1, 1], [1, 1, 1], [1, 0, -1], [1, 0, -1], [1, 1, 1], [1, 1, 1], [1, -2, 1], [1, 0, -1]]",0
2.984.6t3.a,984,"[2, 3, 41]","[2, 3, 7, 37, 41]",False,1,"[[[1], [-2], [1]], [[1], [2], [1]], [[1], [0], [-1]], [[1], [0], [-1]], [[1], [1], [1]], [[1], [-1], [1]], [[1], [1]], [[1], [-1]]]",null,0
2.984.6t3.b,984,"[2, 3, 41]","[2, 3, 41]",False,1,"[[[1], [-2], [1]], [[1], [2], [1]], [[1], [0], [-1]], [[1], [0], [-1]], [[1], [1], [1]], [[1], [-1], [1]], [[1], [-1]], [[1], [1]]]",null,0
2.984.6t3.c,984,"[2, 3, 41]","[2, 3, 41]",False,1,"[[[1], [-2], [1]], [[1], [2], [1]], [[1], [0], [-1]], [[1], [0], [-1]], [[1], [1], [1]], [[1], [-1], [1]], [[1], [1]], [[1], [-1]]]","[[1, 1], [1, 1], [1, -1, 1], [1, 0, -1], [1, 0, -1], [1, -1, 1], [1, 1, 1], [1, -1, 1], [1, 0, -1], [1, 0, -1], [1, 1, 1], [1, 0, -1], [1, -1], [1, 0, -1], [1, -2, 1], [1, 0, -1], [1, -1, 1], [1, 0, -1], [1, -1, 1], [1, 1, 1], [1, 1, 1], [1, 0, -1], [1, -1, 1], [1, 1, 1], [1, 0, -1], [1, 0, -1], [1, 1, 1], [1, -1, 1], [1, 2, 1], [1, 0, -1]]",0
2.984.6t3.d,984,"[2, 3, 41]","[2, 3, 41]",False,1,"[[[1], [-2], [1]], [[1], [2], [1]], [[1], [0], [-1]], [[1], [0], [-1]], [[1], [1], [1]], [[1], [-1], [1]], [[1], [1]], [[1], [-1]]]","[[1, 1], [1, -1], [1, -1, 1], [1, 0, -1], [1, 0, -1], [1, 1, 1], [1, -1, 1], [1, 1, 1], [1, 0, -1], [1, 0, -1], [1, 1, 1], [1, 0, -1], [1, 1], [1, 0, -1], [1, 2, 1], [1, 0, -1], [1, -1, 1], [1, 0, -1], [1, 1, 1], [1, -1, 1], [1, 1, 1], [1, 0, -1], [1, -1, 1], [1, -1, 1], [1, 0, -1], [1, 0, -1], [1, 1, 1], [1, -1, 1], [1, -2, 1], [1, 0, -1]]",0
2.984.6t3.e,984,"[2, 3, 41]","[2, 3, 41]",False,1,"[[[1], [-2], [1]], [[1], [2], [1]], [[1], [0], [-1]], [[1], [0], [-1]], [[1], [1], [1]], [[1], [-1], [1]], [[1], [1]], [[1], [-1]]]",null,0
2.984.6t3.f,984,"[2, 3, 41]","[2, 3, 11, 41]",False,1,"[[[1], [-2], [1]], [[1], [2], [1]], [[1], [0], [-1]], [[1], [0], [-1]], [[1], [1], [1]], [[1], [-1], [1]], [[1], [-1]], [[1], [1]]]","[[1, -1], [1, 1], [1, 1, 1], [1, 0, -1], [1, 0, -1], [1, -1, 1], [1, -1, 1], [1, -1, 1], [1, 0, -1], [1, 0, -1], [1, 1, 1], [1, 0, -1], [1, 1], [1, 0, -1], [1, 2, 1], [1, 0, -1], [1, 1, 1], [1, 0, -1], [1, -1, 1], [1, -1, 1], [1, 1, 1], [1, 0, -1], [1, 1, 1], [1, -1, 1], [1, 0, -1], [1, 0, -1], [1, 1, 1], [1, 1, 1], [1, 2, 1], [1, 0, -1]]",0
2.985.3t2.a,985,"[5, 197]","[5, 197]",True,1,"[[[1], [-2], [1]], [[1], [0], [-1]], [[1], [1], [1]], [[1], [-1]]]",null,0
2.985.6t3.a,985,"[5, 197]","[5, 7, 197]",True,1,"[[[1], [-2], [1]], [[1], [2], [1]], [[1], [0], [-1]], [[1], [0], [-1]], [[1], [1], [1]], [[1], [-1], [1]], [[1], [1]]]",null,0
2.985.6t3.b,985,"[5, 197]","[5, 197]",True,1,"[[[1], [-2], [1]], [[1], [2], [1]], [[1], [0], [-1]], [[1], [0], [-1]], [[1], [1], [1]], [[1], [-1], [1]], [[1], [1]]]",null,0
2.987.4t3.a,987,"[3, 7, 47]","[2, 3, 5, 7, 17, 37, 47]",False,1,"[[[1], [-2], [1]], [[1], [2], [1]], [[1], [0], [-1]], [[1], [0], [-1]], [[1], [0], [1]], [[1], [1]], [[1], [-1]]]",null,0
2.987.4t3.b,987,"[3, 7, 47]","[2, 3, 5, 7, 47, 83]",False,1,"[[[1], [-2], [1]], [[1], [2], [1]], [[1], [0], [-1]], [[1], [0], [-1]], [[1], [0], [1]], [[1], [-1]], [[1], [1]]]",null,0
2.987.4t3.c,987,"[3, 7, 47]","[3, 7, 47]",False,1,"[[[1], [-2], [1]], [[1], [2], [1]], [[1], [0], [-1]], [[1], [0], [-1]], [[1], [0], [1]], [[1], [-1]], [[1], [1]]]",null,0
2.987.4t3.d,987,"[3, 7, 47]","[2, 3, 5, 7, 47]",False,1,"[[[1], [-2], [1]], [[1], [2], [1]], [[1], [0], [-1]], [[1], [0], [-1]], [[1], [0], [1]], [[1], [1]], [[1], [-1]]]",null,0
2.987.4t3.e,987,"[3, 7, 47]","[2, 3, 7, 47]",False,1,"[[[1], [-2], [1]], [[1], [2], [1]], [[1], [0], [-1]], [[1], [0], [-1]], [[1], [0], [1]], [[1], [1]], [[1], [-1]]]","[[1, 0, -1], [1, 1], [1, 0, -1], [1, 1], [1, 0, 1], [1, 0, 1], [1, -2, 1], [1, 0, 1], [1, 0, 1], [1, 0, 1], [1, 0, 1], [1, 2, 1], [1, 0, -1], [1, 0, -1], [1, -1], [1, 0, -1], [1, -2, 1], [1, 0, -1], [1, 0, -1], [1, 0, -1], [1, 0, 1], [1, 2, 1], [1, 2, 1], [1, 2, 1], [1, 0, -1], [1, 2, 1], [1, 0, -1], [1, 0, 1], [1, 0, -1], [1, 0, 1]]",0
2.987.4t3.f,987,"[3, 7, 47]","[2, 3, 7, 47]",False,1,"[[[1], [-2], [1]], [[1], [2], [1]], [[1], [0], [-1]], [[1], [0], [-1]], [[1], [0], [1]], [[1], [-1]], [[1], [1]]]","[[1, 0, -1], [1, -1], [1, 0, -1], [1, 1], [1, 0, 1], [1, 0, 1], [1, 2, 1], [1, 0, 1], [1, 0, 1], [1, 0, 1], [1, 0, 1], [1, 2, 1], [1, 0, -1], [1, 0, -1], [1, 1], [1, 0, -1], [1, 2, 1], [1, 0, -1], [1, 0, -1], [1, 0, -1], [1, 0, 1], [1, 2, 1], [1, -2, 1], [1, -2, 1], [1, 0, -1], [1, -2, 1], [1, 0, -1], [1, 0, 1], [1, 0, -1], [1, 0, 1]]",0
2.992.4t3.a,992,"[2, 31]","[2, 5, 31]",False,1,"[[[1], [-2], [1]], [[1], [2], [1]], [[1], [0], [-1]], [[1], [0], [-1]], [[1], [0], [1]], [[1]], [[1], [1]]]","[[1], [1, 0, 1], [1, 0, -1], [1, -2, 1], [1, 0, 1], [1, 0, 1], [1, 0, -1], [1, 0, -1], [1, 0, -1], [1, 0, 1], [1, 1], [1, 0, 1], [1, 2, 1], [1, 0, 1], [1, -2, 1], [1, 0, 1], [1, 0, -1], [1, 0, 1], [1, 0, -1], [1, 2, 1], [1, 0, -1], [1, 0, -1], [1, 0, 1], [1, 0, -1], [1, 2, 1], [1, 0, -1], [1, 2, 1], [1, 0, -1], [1, 0, -1], [1, 2, 1]]",0
2.992.4t3.b,992,"[2, 31]","[2, 31]",False,1,"[[[1], [-2], [1]], [[1], [2], [1]], [[1], [0], [-1]], [[1], [0], [-1]], [[1], [0], [1]], [[1]], [[1], [1]]]",null,0
2.992.4t3.c,992,"[2, 31]","[2, 7, 31]",False,1,"[[[1], [-2], [1]], [[1], [2], [1]], [[1], [0], [-1]], [[1], [0], [-1]], [[1], [0], [1]], [[1]], [[1], [1]]]",null,0
2.993.3t2.a,993,"[3, 331]","[3, 331]",True,1,"[[[1], [-2], [1]], [[1], [0], [-1]], [[1], [1], [1]], [[1], [-1]]]",null,0
2.993.6t3.a,993,"[3, 331]","[2, 3, 331]",True,1,"[[[1], [-2], [1]], [[1], [2], [1]], [[1], [0], [-1]], [[1], [0], [-1]], [[1], [1], [1]], [[1], [-1], [1]], [[1], [1]], [[1], [-1]]]",null,0
2.993.6t3.b,993,"[3, 331]","[3, 5, 13, 331]",True,1,"[[[1], [-2], [1]], [[1], [2], [1]], [[1], [0], [-1]], [[1], [0], [-1]], [[1], [1], [1]], [[1], [-1], [1]], [[1], [1]], [[1], [-1]]]",null,0
2.995.4t3.a,995,"[5, 199]","[2, 5, 199]",False,1,"[[[1], [-2], [1]], [[1], [2], [1]], [[1], [0], [-1]], [[1], [0], [-1]], [[1], [0], [1]], [[1], [-1]]]","[[1, 0, -1], [1, 0, 1], [1, -1], [1, 0, -1], [1, 0, -1], [1, 0, -1], [1, 0, 1], [1, 0, -1], [1, 0, -1], [1, 2, 1], [1, 2, 1], [1, 0, 1], [1, 0, -1], [1, 0, -1], [1, 0, -1], [1, 0, -1], [1, 0, -1], [1, -2, 1], [1, 0, 1], [1, 0, -1], [1, 0, 1], [1, 2, 1], [1, 0, 1], [1, 2, 1], [1, 0, 1], [1, 0, -1], [1, 0, -1], [1, 0, 1], [1, 0, -1], [1, 0, 1]]",0
2.995.4t3.b,995,"[5, 199]","[5, 13, 199]",False,1,"[[[1], [-2], [1]], [[1], [2], [1]], [[1], [0], [-1]], [[1], [0], [-1]], [[1], [0], [1]], [[1], [-1]]]",null,0
2.995.4t3.c,995,"[5, 199]","[2, 5, 7, 29, 43, 199, 1319]",False,1,"[[[1], [-2], [1]], [[1], [2], [1]], [[1], [0], [-1]], [[1], [0], [-1]], [[1], [0], [1]], [[1], [-1]]]",null,0
2.996.3t2.a,996,"[2, 3, 83]","[2, 3, 83]",False,1,"[[[1], [-2], [1]], [[1], [0], [-1]], [[1], [1], [1]], [[1], [-1]]]","[[1, -1], [1, -1], [1, 1, 1], [1, 0, -1], [1, 1, 1], [1, 0, -1], [1, 0, -1], [1, 1, 1], [1, 1, 1], [1, 0, -1], [1, 0, -1], [1, 1, 1], [1, 0, -1], [1, -2, 1], [1, 0, -1], [1, 1, 1], [1, 1, 1], [1, 1, 1], [1, 1, 1], [1, 0, -1], [1, 0, -1], [1, -2, 1], [1, -1], [1, 1, 1], [1, 0, -1], [1, 1, 1], [1, 1, 1], [1, 0, -1], [1, 1, 1], [1, 0, -1]]",0
2.996.6t3.a,996,"[2, 3, 83]","[2, 3, 83]",False,1,"[[[1], [-2], [1]], [[1], [2], [1]], [[1], [0], [-1]], [[1], [0], [-1]], [[1], [1], [1]], [[1], [-1], [1]], [[1], [-1]], [[1], [1]]]","[[1, -1], [1, 1], [1, 1, 1], [1, 0, -1], [1, -1, 1], [1, 0, -1], [1, 0, -1], [1, -1, 1], [1, -1, 1], [1, 0, -1], [1, 0, -1], [1, 1, 1], [1, 0, -1], [1, 2, 1], [1, 0, -1], [1, 1, 1], [1, -1, 1], [1, 1, 1], [1, -1, 1], [1, 0, -1], [1, 0, -1], [1, 2, 1], [1, 1], [1, 1, 1], [1, 0, -1], [1, 1, 1], [1, -1, 1], [1, 0, -1], [1, 1, 1], [1, 0, -1]]",0
2.996.6t3.b,996,"[2, 3, 83]","[2, 3, 83]",False,1,"[[[1], [-2], [1]], [[1], [2], [1]], [[1], [0], [-1]], [[1], [0], [-1]], [[1], [1], [1]], [[1], [-1], [1]], [[1], [1]]]","[[1, 1], [1, 1], [1, -1, 1], [1, 0, -1], [1, -1, 1], [1, 0, -1], [1, 0, -1], [1, 1, 1], [1, -1, 1], [1, 0, -1], [1, 0, -1], [1, 1, 1], [1, 0, -1], [1, -2, 1], [1, 0, -1], [1, -1, 1], [1, -1, 1], [1, 1, 1], [1, 1, 1], [1, 0, -1], [1, 0, -1], [1, -2, 1], [1, 1], [1, -1, 1], [1, 0, -1], [1, -1, 1], [1, 1, 1], [1, 0, -1], [1, 1, 1], [1, 0, -1]]",0
2.996.6t3.c,996,"[2, 3, 83]","[2, 3, 7, 83]",False,1,"[[[1], [-2], [1]], [[1], [2], [1]], [[1], [0], [-1]], [[1], [0], [-1]], [[1], [1], [1]], [[1], [-1], [1]], [[1], [1]], [[1], [-1]]]","[[1, 1], [1, -1], [1, -1, 1], [1, 0, -1], [1, 1, 1], [1, 0, -1], [1, 0, -1], [1, -1, 1], [1, 1, 1], [1, 0, -1], [1, 0, -1], [1, 1, 1], [1, 0, -1], [1, 2, 1], [1, 0, -1], [1, -1, 1], [1, 1, 1], [1, 1, 1], [1, -1, 1], [1, 0, -1], [1, 0, -1], [1, 2, 1], [1, -1], [1, -1, 1], [1, 0, -1], [1, -1, 1], [1, -1, 1], [1, 0, -1], [1, 1, 1], [1, 0, -1]]",0
2.996.6t3.d,996,"[2, 3, 83]","[2, 3, 13, 83]",False,1,"[[[1], [-2], [1]], [[1], [2], [1]], [[1], [0], [-1]], [[1], [0], [-1]], [[1], [1], [1]], [[1], [-1], [1]], [[1], [-1]], [[1], [1]]]",null,0
2.996.6t3.e,996,"[2, 3, 83]","[2, 3, 83]",False,1,"[[[1], [-2], [1]], [[1], [2], [1]], [[1], [0], [-1]], [[1], [0], [-1]], [[1], [1], [1]], [[1], [-1], [1]], [[1], [1]]]",null,0
2.996.6t3.f,996,"[2, 3, 83]","[2, 3, 83]",False,1,"[[[1], [-2], [1]], [[1], [2], [1]], [[1], [0], [-1]], [[1], [0], [-1]], [[1], [1], [1]], [[1], [-1], [1]], [[1], [1]], [[1], [-1]]]",null,0
2.999.3t2.a,999,"[3, 37]","[2, 3, 37]",False,1,"[[[1], [-2], [1]], [[1], [0], [-1]], [[1], [1], [1]], [[1]], [[1], [-1]]]","[[1, -2, 1], [1], [1, 1, 1], [1, 1, 1], [1, 0, -1], [1, 0, -1], [1, 1, 1], [1, 0, -1], [1, 1, 1], [1, 1, 1], [1, 0, -1], [1, -1], [1, 0, -1], [1, 0, -1], [1, 0, -1], [1, 0, -1], [1, 1, 1], [1, 0, -1], [1, 1, 1], [1, 0, -1], [1, -2, 1], [1, 0, -1], [1, 0, -1], [1, -2, 1], [1, 0, -1], [1, 0, -1], [1, 0, -1], [1, 0, -1], [1, 0, -1], [1, 1, 1]]",0
2.999.6t3.a,999,"[3, 37]","[2, 3, 37]",False,1,"[[[1], [-2], [1]], [[1], [2], [1]], [[1], [0], [-1]], [[1], [0], [-1]], [[1], [1], [1]], [[1], [-1], [1]], [[1]], [[1], [-1]]]",null,0
2.999.6t3.b,999,"[3, 37]","[2, 3, 37]",False,1,"[[[1], [-2], [1]], [[1], [2], [1]], [[1], [0], [-1]], [[1], [0], [-1]], [[1], [1], [1]], [[1], [-1], [1]], [[1]], [[1], [-1]]]","[[1, 2, 1], [1], [1, -1, 1], [1, 1, 1], [1, 0, -1], [1, 0, -1], [1, -1, 1], [1, 0, -1], [1, -1, 1], [1, -1, 1], [1, 0, -1], [1, -1], [1, 0, -1], [1, 0, -1], [1, 0, -1], [1, 0, -1], [1, -1, 1], [1, 0, -1], [1, 1, 1], [1, 0, -1], [1, -2, 1], [1, 0, -1], [1, 0, -1], [1, 2, 1], [1, 0, -1], [1, 0, -1], [1, 0, -1], [1, 0, -1], [1, 0, -1], [1, -1, 1]]",0
2.1003.4t3.a,1003,"[17, 59]","[2, 3, 5, 7, 17, 59]",False,1,"[[[1], [-2], [1]], [[1], [2], [1]], [[1], [0], [-1]], [[1], [0], [-1]], [[1], [0], [1]], [[1], [1]]]",null,0
2.1003.4t3.b,1003,"[17, 59]","[17, 59]",False,1,"[[[1], [-2], [1]], [[1], [2], [1]], [[1], [0], [-1]], [[1], [0], [-1]], [[1], [0], [1]], [[1], [1]]]","[[1, 0, -1], [1, 0, -1], [1, 0, -1], [1, 0, -1], [1, 0, 1], [1, 0, -1], [1, 1], [1, 2, 1], [1, 0, 1], [1, 0, -1], [1, 0, 1], [1, 0, 1], [1, 0, -1], [1, 0, -1], [1, 0, -1], [1, 2, 1], [1, 1], [1, 0, 1], [1, 0, -1], [1, 0, -1], [1, 0, 1], [1, 0, -1], [1, 0, -1], [1, 0, -1], [1, 0, 1], [1, 0, -1], [1, 0, -1], [1, 0, -1], [1, 0, 1], [1, 0, 1]]",0
2.1003.4t3.c,1003,"[17, 59]","[2, 17, 59]",False,1,"[[[1], [-2], [1]], [[1], [2], [1]], [[1], [0], [-1]], [[1], [0], [-1]], [[1], [0], [1]], [[1], [1]]]",null,0
2.1004.3t2.a,1004,"[2, 251]","[2, 251]",False,1,"[[[1], [-2], [1]], [[1], [0], [-1]], [[1], [1], [1]], [[1]], [[1], [-1]]]","[[1], [1, -2, 1], [1, 1, 1], [1, 1, 1], [1, 0, -1], [1, -2, 1], [1, 1, 1], [1, 0, -1], [1, 1, 1], [1, 0, -1], [1, 1, 1], [1, 0, -1], [1, 1, 1], [1, 0, -1], [1, 0, -1], [1, 0, -1], [1, 0, -1], [1, 0, -1], [1, 1, 1], [1, 0, -1], [1, 1, 1], [1, 1, 1], [1, 1, 1], [1, -2, 1], [1, 0, -1], [1, 1, 1], [1, -2, 1], [1, 0, -1], [1, 0, -1], [1, 1, 1]]",0
2.1007.3t2.a,1007,"[19, 53]","[19, 53]",False,1,"[[[1], [-2], [1]], [[1], [0], [-1]], [[1], [1], [1]], [[1], [-1]]]","[[1, 1, 1], [1, 1, 1], [1, 0, -1], [1, -2, 1], [1, 1, 1], [1, 0, -1], [1, 1, 1], [1, -1], [1, 0, -1], [1, 0, -1], [1, 1, 1], [1, 0, -1], [1, -2, 1], [1, 1, 1], [1, -2, 1], [1, -1], [1, 0, -1], [1, 0, -1], [1, 1, 1], [1, 1, 1], [1, 0, -1], [1, -2, 1], [1, 0, -1], [1, 0, -1], [1, 0, -1], [1, 0, -1], [1, 1, 1], [1, 0, -1], [1, -2, 1], [1, 0, -1]]",0
2.1007.6t3.a,1007,"[19, 53]","[7, 19, 53]",False,1,"[[[1], [-2], [1]], [[1], [2], [1]], [[1], [0], [-1]], [[1], [0], [-1]], [[1], [1], [1]], [[1], [-1], [1]], [[1], [1]]]",null,0
2.1007.6t3.b,1007,"[19, 53]","[5, 19, 53]",False,1,"[[[1], [-2], [1]], [[1], [2], [1]], [[1], [0], [-1]], [[1], [0], [-1]], [[1], [1], [1]], [[1], [-1], [1]], [[1], [1]]]","[[1, -1, 1], [1, -1, 1], [1, 0, -1], [1, -2, 1], [1, 1, 1], [1, 0, -1], [1, 1, 1], [1, 1], [1, 0, -1], [1, 0, -1], [1, -1, 1], [1, 0, -1], [1, 2, 1], [1, 1, 1], [1, -2, 1], [1, 1], [1, 0, -1], [1, 0, -1], [1, -1, 1], [1, -1, 1], [1, 0, -1], [1, 2, 1], [1, 0, -1], [1, 0, -1], [1, 0, -1], [1, 0, -1], [1, -1, 1], [1, 0, -1], [1, 2, 1], [1, 0, -1]]",0
2.1008.4t3.a,1008,"[2, 3, 7]","[2, 3, 7]",False,1,"[[[1], [-2], [1]], [[1], [2], [1]], [[1], [0], [-1]], [[1], [0], [-1]], [[1], [0], [1]], [[1]], [[1], [-1]]]","[[1], [1], [1, 0, -1], [1, -1], [1, 0, 1], [1, 0, -1], [1, 0, -1], [1, 0, -1], [1, 0, 1], [1, 0, 1], [1, 0, -1], [1, 2, 1], [1, 0, -1], [1, -2, 1], [1, 0, -1], [1, 0, 1], [1, 0, -1], [1, 0, -1], [1, 2, 1], [1, 0, 1], [1, 0, -1], [1, 2, 1], [1, 0, -1], [1, 0, -1], [1, 0, -1], [1, 0, -1], [1, 0, -1], [1, 0, 1], [1, 2, 1], [1, 0, 1]]",0
2.1008.4t3.b,1008,"[2, 3, 7]","[2, 3, 5, 7]",False,1,"[[[1], [-2], [1]], [[1], [2], [1]], [[1], [0], [-1]], [[1], [0], [-1]], [[1], [0], [1]], [[1]], [[1], [-1]]]",null,0
2.1008.4t3.c,1008,"[2, 3, 7]","[2, 3, 7]",False,1,"[[[1], [-2], [1]], [[1], [2], [1]], [[1], [0], [-1]], [[1], [0], [-1]], [[1], [0], [1]], [[1]], [[1], [-1]]]",null,0
2.1011.3t2.a,1011,"[3, 337]","[3, 337]",False,1,"[[[1], [-2], [1]], [[1], [0], [-1]], [[1], [1], [1]], [[1], [-1]]]","[[1, 0, -1], [1, -1], [1, 1, 1], [1, 1, 1], [1, -2, 1], [1, 1, 1], [1, 1, 1], [1, 0, -1], [1, -2, 1], [1, 1, 1], [1, 0, -1], [1, 1, 1], [1, 0, -1], [1, 1, 1], [1, 0, -1], [1, 1, 1], [1, 1, 1], [1, 0, -1], [1, 0, -1], [1, 1, 1], [1, 0, -1], [1, 1, 1], [1, 1, 1], [1, 1, 1], [1, 0, -1], [1, -2, 1], [1, -2, 1], [1, 0, -1], [1, 0, -1], [1, 0, -1]]",0
2.1011.4t3.a,1011,"[3, 337]","[2, 3, 337]",False,1,"[[[1], [-2], [1]], [[1], [2], [1]], [[1], [0], [-1]], [[1], [0], [-1]], [[1], [0], [1]], [[1], [1]]]","[[1, 0, -1], [1, 1], [1, 0, 1], [1, -2, 1], [1, 0, 1], [1, 2, 1], [1, 0, 1], [1, 0, -1], [1, 0, 1], [1, 0, 1], [1, 0, -1], [1, -2, 1], [1, 0, -1], [1, 2, 1], [1, 0, -1], [1, 0, 1], [1, 0, 1], [1, 0, -1], [1, 0, -1], [1, 0, 1], [1, 0, -1], [1, 2, 1], [1, 0, 1], [1, 0, 1], [1, 0, -1], [1, 0, 1], [1, 2, 1], [1, 0, -1], [1, 0, -1], [1, 0, -1]]",0
2.1011.4t3.b,1011,"[3, 337]","[2, 3, 337]",False,1,"[[[1], [-2], [1]], [[1], [2], [1]], [[1], [0], [-1]], [[1], [0], [-1]], [[1], [0], [1]], [[1], [1]]]",null,0
2.1011.4t3.c,1011,"[3, 337]","[2, 3, 7, 43, 337]",False,1,"[[[1], [-2], [1]], [[1], [2], [1]], [[1], [0], [-1]], [[1], [0], [-1]], [[1], [0], [1]], [[1], [1]]]",null,0
2.1011.6t3.a,1011,"[3, 337]","[2, 3, 337]",False,1,"[[[1], [-2], [1]], [[1], [2], [1]], [[1], [0], [-1]], [[1], [0], [-1]], [[1], [1], [1]], [[1], [-1], [1]], [[1], [-1]]]","[[1, 0, -1], [1, -1], [1, -1, 1], [1, 1, 1], [1, 2, 1], [1, 1, 1], [1, -1, 1], [1, 0, -1], [1, 2, 1], [1, -1, 1], [1, 0, -1], [1, 1, 1], [1, 0, -1], [1, 1, 1], [1, 0, -1], [1, -1, 1], [1, -1, 1], [1, 0, -1], [1, 0, -1], [1, -1, 1], [1, 0, -1], [1, 1, 1], [1, -1, 1], [1, -1, 1], [1, 0, -1], [1, 2, 1], [1, -2, 1], [1, 0, -1], [1, 0, -1], [1, 0, -1]]",0
2.1011.6t3.b,1011,"[3, 337]","[2, 3, 337]",False,1,"[[[1], [-2], [1]], [[1], [2], [1]], [[1], [0], [-1]], [[1], [0], [-1]], [[1], [1], [1]], [[1], [-1], [1]], [[1], [-1]]]",null,0
2.1015.4t3.a,1015,"[5, 7, 29]","[5, 7, 29]",False,1,"[[[1], [-2], [1]], [[1], [2], [1]], [[1], [0], [-1]], [[1], [0], [-1]], [[1], [0], [1]], [[1], [-1]]]","[[1, 0, 1], [1, 0, -1], [1, -1], [1, -1], [1, 0, -1], [1, 2, 1], [1, 0, -1], [1, 0, 1], [1, 0, -1], [1, -1], [1, 0, 1], [1, 0, 1], [1, 0, 1], [1, 0, 1], [1, 0, -1], [1, 0, -1], [1, 0, -1], [1, 0, 1], [1, 0, -1], [1, 2, 1], [1, 0, -1], [1, 0, -1], [1, 2, 1], [1, 0, 1], [1, 0, -1], [1, 0, 1], [1, 2, 1], [1, 0, -1], [1, 2, 1], [1, 0, 1]]",0
2.1015.4t3.b,1015,"[5, 7, 29]","[5, 7, 29]",False,1,"[[[1], [-2], [1]], [[1], [2], [1]], [[1], [0], [-1]], [[1], [0], [-1]], [[1], [0], [1]], [[1], [1]], [[1], [-1]]]","[[1, 0, 1], [1, 0, -1], [1, 1], [1, 1], [1, 0, -1], [1, -2, 1], [1, 0, -1], [1, 0, 1], [1, 0, -1], [1, -1], [1, 0, 1], [1, 0, 1], [1, 0, 1], [1, 0, 1], [1, 0, -1], [1, 0, -1], [1, 0, -1], [1, 0, 1], [1, 0, -1], [1, 2, 1], [1, 0, -1], [1, 0, -1], [1, -2, 1], [1, 0, 1], [1, 0, -1], [1, 0, 1], [1, -2, 1], [1, 0, -1], [1, 2, 1], [1, 0, 1]]",0
2.1015.4t3.c,1015,"[5, 7, 29]","[2, 3, 5, 7, 13, 17, 29, 83, 401]",False,1,"[[[1], [-2], [1]], [[1], [2], [1]], [[1], [0], [-1]], [[1], [0], [-1]], [[1], [0], [1]], [[1], [1]], [[1], [-1]]]",null,0
2.1015.4t3.d,1015,"[5, 7, 29]","[2, 3, 5, 7, 29, 173]",False,1,"[[[1], [-2], [1]], [[1], [2], [1]], [[1], [0], [-1]], [[1], [0], [-1]], [[1], [0], [1]], [[1], [-1]]]",null,0
2.1015.4t3.e,1015,"[5, 7, 29]","[5, 7, 29]",False,1,"[[[1], [-2], [1]], [[1], [2], [1]], [[1], [0], [-1]], [[1], [0], [-1]], [[1], [0], [1]], [[1], [1]], [[1], [-1]]]",null,0
2.1015.4t3.f,1015,"[5, 7, 29]","[3, 5, 7, 29]",False,1,"[[[1], [-2], [1]], [[1], [2], [1]], [[1], [0], [-1]], [[1], [0], [-1]], [[1], [0], [1]], [[1], [-1]]]",null,0
2.1016.3t2.a,1016,"[2, 127]","[2, 127]",True,1,"[[[1], [-2], [1]], [[1], [0], [-1]], [[1], [1], [1]], [[1], [-1]]]",null,0
2.1016.4t3.a,1016,"[2, 127]","[2, 11, 17, 79, 127]",False,1,"[[[1], [-2], [1]], [[1], [2], [1]], [[1], [0], [-1]], [[1], [0], [-1]], [[1], [0], [1]], [[1], [-1]]]",null,0
2.1016.4t3.b,1016,"[2, 127]","[2, 127]",False,1,"[[[1], [-2], [1]], [[1], [2], [1]], [[1], [0], [-1]], [[1], [0], [-1]], [[1], [0], [1]], [[1], [-1]]]","[[1, -1], [1, 0, 1], [1, 0, 1], [1, 0, -1], [1, 0, -1], [1, 0, -1], [1, -2, 1], [1, 0, -1], [1, 0, -1], [1, 0, 1], [1, 2, 1], [1, 0, -1], [1, 2, 1], [1, 0, 1], [1, 2, 1], [1, 0, 1], [1, 0, 1], [1, 0, -1], [1, 0, 1], [1, 2, 1], [1, -2, 1], [1, -2, 1], [1, 0, 1], [1, 0, -1], [1, 0, -1], [1, 0, 1], [1, 2, 1], [1, 0, -1], [1, 0, 1], [1, 2, 1]]",0
2.1016.4t3.c,1016,"[2, 127]","[2, 127]",False,1,"[[[1], [-2], [1]], [[1], [2], [1]], [[1], [0], [-1]], [[1], [0], [-1]], [[1], [0], [1]], [[1], [-1]]]",null,0
2.1016.6t3.a,1016,"[2, 127]","[2, 127]",True,1,"[[[1], [-2], [1]], [[1], [2], [1]], [[1], [0], [-1]], [[1], [0], [-1]], [[1], [1], [1]], [[1], [-1], [1]], [[1], [-1]], [[1], [1]]]",null,0
2.1016.6t3.b,1016,"[2, 127]","[2, 3, 13, 31, 127]",True,1,"[[[1], [-2], [1]], [[1], [2], [1]], [[1], [0], [-1]], [[1], [0], [-1]], [[1], [1], [1]], [[1], [-1], [1]], [[1], [-1]], [[1], [1]]]",null,0
2.1023.4t3.a,1023,"[3, 11, 31]","[3, 11, 31]",False,1,"[[[1], [-2], [1]], [[1], [2], [1]], [[1], [0], [-1]], [[1], [0], [-1]], [[1], [0], [1]], [[1], [1]], [[1], [-1]]]","[[1, 0, 1], [1, 1], [1, 0, -1], [1, 0, -1], [1, 1], [1, 0, 1], [1, 0, -1], [1, 0, -1], [1, -2, 1], [1, 0, -1], [1, -1], [1, 0, -1], [1, 0, 1], [1, 0, 1], [1, 0, -1], [1, -2, 1], [1, 0, -1], [1, 0, 1], [1, 2, 1], [1, 0, -1], [1, 0, 1], [1, 0, 1], [1, 0, -1], [1, -2, 1], [1, 2, 1], [1, 0, 1], [1, 2, 1], [1, 0, 1], [1, 0, -1], [1, 0, -1]]",0
2.1023.4t3.b,1023,"[3, 11, 31]","[3, 11, 31]",False,1,"[[[1], [-2], [1]], [[1], [2], [1]], [[1], [0], [-1]], [[1], [0], [-1]], [[1], [0], [1]], [[1], [-1]]]","[[1, 0, 1], [1, -1], [1, 0, -1], [1, 0, -1], [1, -1], [1, 0, 1], [1, 0, -1], [1, 0, -1], [1, 2, 1], [1, 0, -1], [1, -1], [1, 0, -1], [1, 0, 1], [1, 0, 1], [1, 0, -1], [1, 2, 1], [1, 0, -1], [1, 0, 1], [1, 2, 1], [1, 0, -1], [1, 0, 1], [1, 0, 1], [1, 0, -1], [1, 2, 1], [1, 2, 1], [1, 0, 1], [1, 2, 1], [1, 0, 1], [1, 0, -1], [1, 0, -1]]",0
2.1023.4t3.c,1023,"[3, 11, 31]","[2, 3, 11, 31]",False,1,"[[[1], [-2], [1]], [[1], [2], [1]], [[1], [0], [-1]], [[1], [0], [-1]], [[1], [0], [1]], [[1], [1]], [[1], [-1]]]",null,0
2.1023.4t3.d,1023,"[3, 11, 31]","[3, 11, 31]",False,1,"[[[1], [-2], [1]], [[1], [2], [1]], [[1], [0], [-1]], [[1], [0], [-1]], [[1], [0], [1]], [[1], [-1]]]",null,0
2.1023.4t3.e,1023,"[3, 11, 31]","[2, 3, 11, 23, 31]",False,1,"[[[1], [-2], [1]], [[1], [2], [1]], [[1], [0], [-1]], [[1], [0], [-1]], [[1], [0], [1]], [[1], [1]], [[1], [-1]]]",null,0
2.1023.4t3.f,1023,"[3, 11, 31]","[2, 3, 11, 31, 47]",False,1,"[[[1], [-2], [1]], [[1], [2], [1]], [[1], [0], [-1]], [[1], [0], [-1]], [[1], [0], [1]], [[1], [-1]]]",null,0
2.1025.4t3.a,1025,"[5, 41]","[2, 3, 5, 7, 41]",True,1,"[[[1], [-2], [1]], [[1], [2], [1]], [[1], [0], [-1]], [[1], [0], [-1]], [[1], [0], [1]], [[1]], [[1], [1]]]",null,0
2.1025.4t3.b,1025,"[5, 41]","[5, 41]",True,1,"[[[1], [-2], [1]], [[1], [2], [1]], [[1], [0], [-1]], [[1], [0], [-1]], [[1], [0], [1]], [[1]], [[1], [1]]]",null,0
2.1025.4t3.c,1025,"[5, 41]","[2, 5, 41]",True,1,"[[[1], [-2], [1]], [[1], [2], [1]], [[1], [0], [-1]], [[1], [0], [-1]], [[1], [0], [1]], [[1]], [[1], [1]]]",null,0
2.1027.4t3.a,1027,"[13, 79]","[5, 13, 79]",False,1,"[[[1], [-2], [1]], [[1], [2], [1]], [[1], [0], [-1]], [[1], [0], [-1]], [[1], [0], [1]], [[1], [1]]]",null,0
2.1027.4t3.b,1027,"[13, 79]","[2, 13, 79]",False,1,"[[[1], [-2], [1]], [[1], [2], [1]], [[1], [0], [-1]], [[1], [0], [-1]], [[1], [0], [1]], [[1], [1]]]","[[1, 0, -1], [1, 0, -1], [1, 0, -1], [1, 0, 1], [1, 0, -1], [1, 1], [1, 0, -1], [1, 0, -1], [1, 2, 1], [1, 0, -1], [1, 0, -1], [1, 0, 1], [1, 0, 1], [1, 0, -1], [1, 0, 1], [1, 0, -1], [1, 0, 1], [1, 0, -1], [1, 0, -1], [1, 0, 1], [1, 0, -1], [1, 1], [1, 0, -1], [1, 0, -1], [1, 0, -1], [1, 2, 1], [1, 0, -1], [1, 0, -1], [1, 0, 1], [1, 0, -1]]",0
2.1027.4t3.c,1027,"[13, 79]","[2, 3, 5, 13, 17, 79]",False,1,"[[[1], [-2], [1]], [[1], [2], [1]], [[1], [0], [-1]], [[1], [0], [-1]], [[1], [0], [1]], [[1], [1]]]",null,0
2.1028.4t3.a,1028,"[2, 257]","[2, 257]",False,1,"[[[1], [-2], [1]], [[1], [2], [1]], [[1], [0], [-1]], [[1], [0], [-1]], [[1], [0], [1]], [[1], [-1]]]","[[1, -1], [1, 0, 1], [1, 0, -1], [1, 0, 1], [1, 0, -1], [1, -2, 1], [1, 2, 1], [1, 0, 1], [1, 0, -1], [1, 2, 1], [1, 0, -1], [1, 0, -1], [1, 0, -1], [1, 0, 1], [1, 0, 1], [1, 0, -1], [1, 0, -1], [1, 2, 1], [1, 0, -1], [1, 0, 1], [1, 2, 1], [1, 0, -1], [1, 0, 1], [1, -2, 1], [1, 0, -1], [1, 0, -1], [1, 0, 1], [1, 0, 1], [1, 0, -1], [1, -2, 1]]",0
2.1028.4t3.b,1028,"[2, 257]","[2, 257]",False,1,"[[[1], [-2], [1]], [[1], [2], [1]], [[1], [0], [-1]], [[1], [0], [-1]], [[1], [0], [1]], [[1], [-1]]]",null,0
2.1028.4t3.c,1028,"[2, 257]","[2, 13, 257, 5081]",False,1,"[[[1], [-2], [1]], [[1], [2], [1]], [[1], [0], [-1]], [[1], [0], [-1]], [[1], [0], [1]], [[1], [-1]]]",null,0
2.1032.4t3.a,1032,"[2, 3, 43]","[2, 3, 43]",False,1,"[[[1], [-2], [1]], [[1], [2], [1]], [[1], [0], [-1]], [[1], [0], [-1]], [[1], [0], [1]], [[1], [-1]], [[1], [1]]]",null,0
2.1032.4t3.b,1032,"[2, 3, 43]","[2, 3, 43]",False,1,"[[[1], [-2], [1]], [[1], [2], [1]], [[1], [0], [-1]], [[1], [0], [-1]], [[1], [0], [1]], [[1], [1]], [[1], [-1]]]",null,0
2.1032.4t3.c,1032,"[2, 3, 43]","[2, 3, 29, 41, 43]",False,1,"[[[1], [-2], [1]], [[1], [2], [1]], [[1], [0], [-1]], [[1], [0], [-1]], [[1], [0], [1]], [[1], [1]], [[1], [-1]]]",null,0
2.1032.4t3.d,1032,"[2, 3, 43]","[2, 3, 11, 13, 19, 43]",False,1,"[[[1], [-2], [1]], [[1], [2], [1]], [[1], [0], [-1]], [[1], [0], [-1]], [[1], [0], [1]], [[1], [-1]], [[1], [1]]]",null,0
2.1032.4t3.e,1032,"[2, 3, 43]","[2, 3, 43]",False,1,"[[[1], [-2], [1]], [[1], [2], [1]], [[1], [0], [-1]], [[1], [0], [-1]], [[1], [0], [1]], [[1], [-1]], [[1], [1]]]","[[1, -1], [1, 1], [1, 0, -1], [1, 0, 1], [1, 0, -1], [1, 0, -1], [1, 0, -1], [1, 0, -1], [1, 0, 1], [1, 0, -1], [1, 0, -1], [1, 0, 1], [1, 0, -1], [1, 1], [1, 0, 1], [1, 0, 1], [1, 0, -1], [1, 0, 1], [1, 2, 1], [1, 0, -1], [1, 0, -1], [1, 0, -1], [1, 0, -1], [1, 2, 1], [1, 2, 1], [1, 0, 1], [1, 0, -1], [1, 0, -1], [1, 0, -1], [1, 2, 1]]",0
2.1032.4t3.f,1032,"[2, 3, 43]","[2, 3, 43]",False,1,"[[[1], [-2], [1]], [[1], [2], [1]], [[1], [0], [-1]], [[1], [0], [-1]], [[1], [0], [1]], [[1], [1]], [[1], [-1]]]","[[1, 1], [1, -1], [1, 0, -1], [1, 0, 1], [1, 0, -1], [1, 0, -1], [1, 0, -1], [1, 0, -1], [1, 0, 1], [1, 0, -1], [1, 0, -1], [1, 0, 1], [1, 0, -1], [1, 1], [1, 0, 1], [1, 0, 1], [1, 0, -1], [1, 0, 1], [1, 2, 1], [1, 0, -1], [1, 0, -1], [1, 0, -1], [1, 0, -1], [1, -2, 1], [1, 2, 1], [1, 0, 1], [1, 0, -1], [1, 0, -1], [1, 0, -1], [1, -2, 1]]",0
2.1035.4t3.a,1035,"[3, 5, 23]","[2, 3, 5, 23]",False,1,"[[[1], [-2], [1]], [[1], [2], [1]], [[1], [0], [-1]], [[1], [0], [-1]], [[1], [0], [1]], [[1]], [[1], [-1]], [[1], [1]]]",null,0
2.1035.4t3.b,1035,"[3, 5, 23]","[2, 3, 5, 11, 17, 23]",False,1,"[[[1], [-2], [1]], [[1], [2], [1]], [[1], [0], [-1]], [[1], [0], [-1]], [[1], [0], [1]], [[1]], [[1], [1]], [[1], [-1]]]",null,0
2.1035.4t3.c,1035,"[3, 5, 23]","[3, 5, 23]",False,1,"[[[1], [-2], [1]], [[1], [2], [1]], [[1], [0], [-1]], [[1], [0], [-1]], [[1], [0], [1]], [[1]], [[1], [1]], [[1], [-1]]]","[[1, 0, -1], [1], [1, 1], [1, 0, 1], [1, 0, -1], [1, 0, -1], [1, -2, 1], [1, 0, -1], [1, -1], [1, 0, 1], [1, 2, 1], [1, 0, 1], [1, 0, 1], [1, 0, 1], [1, 0, -1], [1, 2, 1], [1, 0, 1], [1, 0, -1], [1, 0, 1], [1, 0, 1], [1, 0, -1], [1, 0, -1], [1, 2, 1], [1, 0, -1], [1, 0, 1], [1, 0, 1], [1, 0, 1], [1, -2, 1], [1, 0, -1], [1, 2, 1]]",0
2.1035.4t3.d,1035,"[3, 5, 23]","[2, 3, 5, 23]",False,1,"[[[1], [-2], [1]], [[1], [2], [1]], [[1], [0], [-1]], [[1], [0], [-1]], [[1], [0], [1]], [[1]], [[1], [-1]], [[1], [1]]]","[[1, 0, -1], [1], [1, -1], [1, 0, 1], [1, 0, -1], [1, 0, -1], [1, 2, 1], [1, 0, -1], [1, 1], [1, 0, 1], [1, 2, 1], [1, 0, 1], [1, 0, 1], [1, 0, 1], [1, 0, -1], [1, -2, 1], [1, 0, 1], [1, 0, -1], [1, 0, 1], [1, 0, 1], [1, 0, -1], [1, 0, -1], [1, -2, 1], [1, 0, -1], [1, 0, 1], [1, 0, 1], [1, 0, 1], [1, 2, 1], [1, 0, -1], [1, -2, 1]]",0
2.1035.4t3.e,1035,"[3, 5, 23]","[2, 3, 5, 23]",False,1,"[[[1], [-2], [1]], [[1], [2], [1]], [[1], [0], [-1]], [[1], [0], [-1]], [[1], [0], [1]], [[1]], [[1], [1]], [[1], [-1]]]",null,0
2.1035.4t3.f,1035,"[3, 5, 23]","[2, 3, 5, 23]",False,1,"[[[1], [-2], [1]], [[1], [2], [1]], [[1], [0], [-1]], [[1], [0], [-1]], [[1], [0], [1]], [[1]], [[1], [-1]], [[1], [1]]]",null,0
2.1036.3t2.a,1036,"[2, 7, 37]","[2, 7, 37]",False,1,"[[[1], [-2], [1]], [[1], [0], [-1]], [[1], [1], [1]], [[1]], [[1], [-1]]]","[[1], [1, 0, -1], [1, 1, 1], [1, -1], [1, 1, 1], [1, 1, 1], [1, -2, 1], [1, -2, 1], [1, 0, -1], [1, 0, -1], [1, 1, 1], [1, -1], [1, 0, -1], [1, 0, -1], [1, 0, -1], [1, 1, 1], [1, 1, 1], [1, -2, 1], [1, 1, 1], [1, 1, 1], [1, 0, -1], [1, 0, -1], [1, 0, -1], [1, 1, 1], [1, 1, 1], [1, 0, -1], [1, 1, 1], [1, 1, 1], [1, 0, -1], [1, 0, -1]]",0
2.1036.6t3.a,1036,"[2, 7, 37]","[2, 3, 7, 37]",False,1,"[[[1], [-2], [1]], [[1], [2], [1]], [[1], [0], [-1]], [[1], [0], [-1]], [[1], [1], [1]], [[1], [-1], [1]], [[1]], [[1], [-1]]]","[[1], [1, 0, -1], [1, -1, 1], [1, -1], [1, 1, 1], [1, -1, 1], [1, 2, 1], [1, 2, 1], [1, 0, -1], [1, 0, -1], [1, -1, 1], [1, -1], [1, 0, -1], [1, 0, -1], [1, 0, -1], [1, 1, 1], [1, -1, 1], [1, 2, 1], [1, 1, 1], [1, 1, 1], [1, 0, -1], [1, 0, -1], [1, 0, -1], [1, -1, 1], [1, -1, 1], [1, 0, -1], [1, -1, 1], [1, 1, 1], [1, 0, -1], [1, 0, -1]]",0
2.1036.6t3.b,1036,"[2, 7, 37]","[2, 3, 7, 37]",False,1,"[[[1], [-2], [1]], [[1], [2], [1]], [[1], [0], [-1]], [[1], [0], [-1]], [[1], [1], [1]], [[1], [-1], [1]], [[1]], [[1], [-1]]]",null,0
2.1043.4t3.a,1043,"[7, 149]","[2, 7, 149]",False,1,"[[[1], [-2], [1]], [[1], [2], [1]], [[1], [0], [-1]], [[1], [0], [-1]], [[1], [0], [1]], [[1], [-1]]]",null,0
2.1043.4t3.b,1043,"[7, 149]","[7, 149]",False,1,"[[[1], [-2], [1]], [[1], [2], [1]], [[1], [0], [-1]], [[1], [0], [-1]], [[1], [0], [1]], [[1], [-1]]]","[[1, 0, -1], [1, 0, 1], [1, 0, -1], [1, -1], [1, 0, -1], [1, 0, 1], [1, 0, -1], [1, 0, -1], [1, 0, -1], [1, 2, 1], [1, 0, -1], [1, 2, 1], [1, 0, 1], [1, 0, -1], [1, 0, -1], [1, -2, 1], [1, 0, 1], [1, 0, -1], [1, 2, 1], [1, 0, -1], [1, 0, -1], [1, 0, -1], [1, 0, 1], [1, 0, 1], [1, 0, 1], [1, 0, 1], [1, 0, -1], [1, 2, 1], [1, 0, -1], [1, 2, 1]]",0
2.1043.4t3.c,1043,"[7, 149]","[2, 5, 7, 11, 149]",False,1,"[[[1], [-2], [1]], [[1], [2], [1]], [[1], [0], [-1]], [[1], [0], [-1]], [[1], [0], [1]], [[1], [-1]]]",null,0
2.1044.6t3.a,1044,"[2, 3, 29]","[2, 3, 7, 29]",False,1,"[[[1], [-2], [1]], [[1], [2], [1]], [[1], [0], [-1]], [[1], [0], [-1]], [[1], [1], [1]], [[1], [-1], [1]], [[1], [-1]], [[1]], [[1], [1]]]",null,0
2.1044.6t3.b,1044,"[2, 3, 29]","[2, 3, 29]",False,1,"[[[1], [-2], [1]], [[1], [2], [1]], [[1], [0], [-1]], [[1], [0], [-1]], [[1], [1], [1]], [[1], [-1], [1]], [[1], [1]], [[1]]]","[[1, 1], [1], [1, -1, 1], [1, 0, -1], [1, -1, 1], [1, 1, 1], [1, 0, -1], [1, -2, 1], [1, 0, -1], [1, 1], [1, 1, 1], [1, 0, -1], [1, 0, -1], [1, 1, 1], [1, -1, 1], [1, -1, 1], [1, 0, -1], [1, 0, -1], [1, 0, -1], [1, 0, -1], [1, 0, -1], [1, 1, 1], [1, 0, -1], [1, 0, -1], [1, 0, -1], [1, 0, -1], [1, 0, -1], [1, 0, -1], [1, 1, 1], [1, 0, -1]]",0
2.1044.6t3.c,1044,"[2, 3, 29]","[2, 3, 29]",False,1,"[[[1], [-2], [1]], [[1], [2], [1]], [[1], [0], [-1]], [[1], [0], [-1]], [[1], [1], [1]], [[1], [-1], [1]], [[1], [-1]], [[1]], [[1], [1]]]","[[1, -1], [1], [1, -1, 1], [1, 0, -1], [1, 1, 1], [1, 1, 1], [1, 0, -1], [1, 2, 1], [1, 0, -1], [1, 1], [1, -1, 1], [1, 0, -1], [1, 0, -1], [1, -1, 1], [1, 1, 1], [1, -1, 1], [1, 0, -1], [1, 0, -1], [1, 0, -1], [1, 0, -1], [1, 0, -1], [1, -1, 1], [1, 0, -1], [1, 0, -1], [1, 0, -1], [1, 0, -1], [1, 0, -1], [1, 0, -1], [1, 1, 1], [1, 0, -1]]",0
2.1044.6t3.d,1044,"[2, 3, 29]","[2, 3, 7, 19, 29]",False,1,"[[[1], [-2], [1]], [[1], [2], [1]], [[1], [0], [-1]], [[1], [0], [-1]], [[1], [1], [1]], [[1], [-1], [1]], [[1], [1]], [[1]]]",null,0
2.1045.4t3.a,1045,"[5, 11, 19]","[2, 5, 11, 19]",True,1,"[[[1], [-2], [1]], [[1], [2], [1]], [[1], [0], [-1]], [[1], [0], [-1]], [[1], [0], [1]], [[1], [1]], [[1], [-1]]]",null,0
2.1045.4t3.b,1045,"[5, 11, 19]","[2, 5, 11, 19]",True,1,"[[[1], [-2], [1]], [[1], [2], [1]], [[1], [0], [-1]], [[1], [0], [-1]], [[1], [0], [1]], [[1], [1]], [[1], [-1]]]",null,0
2.1045.4t3.c,1045,"[5, 11, 19]","[2, 3, 5, 11, 13, 19]",True,1,"[[[1], [-2], [1]], [[1], [2], [1]], [[1], [0], [-1]], [[1], [0], [-1]], [[1], [0], [1]], [[1], [1]], [[1], [-1]]]",null,0
2.1045.4t3.d,1045,"[5, 11, 19]","[2, 5, 11, 19, 379]",True,1,"[[[1], [-2], [1]], [[1], [2], [1]], [[1], [0], [-1]], [[1], [0], [-1]], [[1], [0], [1]], [[1], [1]], [[1], [-1]]]",null,0
2.1045.4t3.e,1045,"[5, 11, 19]","[5, 11, 19]",True,1,"[[[1], [-2], [1]], [[1], [2], [1]], [[1], [0], [-1]], [[1], [0], [-1]], [[1], [0], [1]], [[1], [1]], [[1], [-1]]]",null,0
2.1045.4t3.f,1045,"[5, 11, 19]","[5, 11, 19]",True,1,"[[[1], [-2], [1]], [[1], [2], [1]], [[1], [0], [-1]], [[1], [0], [-1]], [[1], [0], [1]], [[1], [1]], [[1], [-1]]]",null,0
2.1047.4t3.a,1047,"[3, 349]","[3, 5, 349]",False,1,"[[[1], [-2], [1]], [[1], [2], [1]], [[1], [0], [-1]], [[1], [0], [-1]], [[1], [0], [1]], [[1], [-1]]]","[[1, 0, 1], [1, -1], [1, 0, -1], [1, 0, -1], [1, 0, 1], [1, 0, -1], [1, 0, -1], [1, -2, 1], [1, 0, -1], [1, 0, -1], [1, 2, 1], [1, 2, 1], [1, 0, -1], [1, 0, -1], [1, 0, 1], [1, 0, 1], [1, 0, 1], [1, 0, -1], [1, 2, 1], [1, 0, 1], [1, 2, 1], [1, 0, -1], [1, 0, -1], [1, 0, 1], [1, 0, -1], [1, 0, 1], [1, 0, -1], [1, 0, 1], [1, -2, 1], [1, 0, 1]]",0
2.1047.4t3.b,1047,"[3, 349]","[2, 3, 5, 349]",False,1,"[[[1], [-2], [1]], [[1], [2], [1]], [[1], [0], [-1]], [[1], [0], [-1]], [[1], [0], [1]], [[1], [-1]]]",null,0
2.1047.4t3.c,1047,"[3, 349]","[2, 3, 5, 31, 349]",False,1,"[[[1], [-2], [1]], [[1], [2], [1]], [[1], [0], [-1]], [[1], [0], [-1]], [[1], [0], [1]], [[1], [-1]]]",null,0
2.1048.3t2.a,1048,"[2, 131]","[2, 131]",False,1,"[[[1], [-2], [1]], [[1], [0], [-1]], [[1], [1], [1]], [[1], [-1]]]","[[1, -1], [1, 0, -1], [1, 0, -1], [1, 1, 1], [1, 0, -1], [1, 0, -1], [1, 0, -1], [1, 1, 1], [1, 0, -1], [1, 1, 1], [1, 0, -1], [1, 1, 1], [1, 1, 1], [1, 0, -1], [1, 0, -1], [1, 0, -1], [1, 0, -1], [1, 0, -1], [1, 1, 1], [1, 0, -1], [1, 0, -1], [1, 0, -1], [1, 1, 1], [1, 1, 1], [1, 0, -1], [1, 0, -1], [1, 0, -1], [1, 0, -1], [1, 0, -1], [1, 1, 1]]",0
2.1048.6t3.a,1048,"[2, 131]","[2, 3, 5, 131]",False,1,"[[[1], [-2], [1]], [[1], [2], [1]], [[1], [0], [-1]], [[1], [0], [-1]], [[1], [1], [1]], [[1], [-1], [1]], [[1], [1]]]","[[1, 1], [1, 0, -1], [1, 0, -1], [1, 1, 1], [1, 0, -1], [1, 0, -1], [1, 0, -1], [1, -1, 1], [1, 0, -1], [1, -1, 1], [1, 0, -1], [1, -1, 1], [1, 1, 1], [1, 0, -1], [1, 0, -1], [1, 0, -1], [1, 0, -1], [1, 0, -1], [1, -1, 1], [1, 0, -1], [1, 0, -1], [1, 0, -1], [1, -1, 1], [1, 1, 1], [1, 0, -1], [1, 0, -1], [1, 0, -1], [1, 0, -1], [1, 0, -1], [1, 1, 1]]",0
2.1048.6t3.b,1048,"[2, 131]","[2, 131]",False,1,"[[[1], [-2], [1]], [[1], [2], [1]], [[1], [0], [-1]], [[1], [0], [-1]], [[1], [1], [1]], [[1], [-1], [1]], [[1], [1]]]",null,0
2.1055.3t2.a,1055,"[5, 211]","[2, 5, 211]",False,1,"[[[1], [-2], [1]], [[1], [0], [-1]], [[1], [1], [1]], [[1], [-1]]]","[[1, -2, 1], [1, 1, 1], [1, -1], [1, 1, 1], [1, 1, 1], [1, 0, -1], [1, 1, 1], [1, 1, 1], [1, 1, 1], [1, 0, -1], [1, 0, -1], [1, 0, -1], [1, 0, -1], [1, 0, -1], [1, 0, -1], [1, 0, -1], [1, 1, 1], [1, 0, -1], [1, -2, 1], [1, -2, 1], [1, 0, -1], [1, 1, 1], [1, 0, -1], [1, 0, -1], [1, 1, 1], [1, 1, 1], [1, 0, -1], [1, 0, -1], [1, 1, 1], [1, 0, -1]]",0
2.1055.4t3.a,1055,"[5, 211]","[2, 5, 11, 13, 181, 211]",False,1,"[[[1], [-2], [1]], [[1], [2], [1]], [[1], [0], [-1]], [[1], [0], [-1]], [[1], [0], [1]], [[1], [1]]]",null,0
2.1055.4t3.b,1055,"[5, 211]","[5, 13, 211]",False,1,"[[[1], [-2], [1]], [[1], [2], [1]], [[1], [0], [-1]], [[1], [0], [-1]], [[1], [0], [1]], [[1], [1]]]",null,0
2.1055.4t3.c,1055,"[5, 211]","[5, 11, 211]",False,1,"[[[1], [-2], [1]], [[1], [2], [1]], [[1], [0], [-1]], [[1], [0], [-1]], [[1], [0], [1]], [[1], [1]]]","[[1, 0, 1], [1, 0, 1], [1, 1], [1, 0, 1], [1, -2, 1], [1, 0, -1], [1, 0, 1], [1, -2, 1], [1, 0, 1], [1, 0, -1], [1, 0, -1], [1, 0, -1], [1, 0, -1], [1, 0, -1], [1, 0, -1], [1, 0, -1], [1, -2, 1], [1, 0, -1], [1, 0, 1], [1, 2, 1], [1, 0, -1], [1, -2, 1], [1, 0, -1], [1, 0, -1], [1, 0, 1], [1, 2, 1], [1, 0, -1], [1, 0, -1], [1, -2, 1], [1, 0, -1]]",0
2.1055.6t3.a,1055,"[5, 211]","[2, 5, 53, 211]",False,1,"[[[1], [-2], [1]], [[1], [2], [1]], [[1], [0], [-1]], [[1], [0], [-1]], [[1], [1], [1]], [[1], [-1], [1]], [[1], [-1]]]","[[1, 2, 1], [1, -1, 1], [1, -1], [1, -1, 1], [1, 1, 1], [1, 0, -1], [1, -1, 1], [1, 1, 1], [1, -1, 1], [1, 0, -1], [1, 0, -1], [1, 0, -1], [1, 0, -1], [1, 0, -1], [1, 0, -1], [1, 0, -1], [1, 1, 1], [1, 0, -1], [1, 2, 1], [1, -2, 1], [1, 0, -1], [1, 1, 1], [1, 0, -1], [1, 0, -1], [1, -1, 1], [1, 1, 1], [1, 0, -1], [1, 0, -1], [1, 1, 1], [1, 0, -1]]",0
2.1055.6t3.b,1055,"[5, 211]","[2, 5, 211]",False,1,"[[[1], [-2], [1]], [[1], [2], [1]], [[1], [0], [-1]], [[1], [0], [-1]], [[1], [1], [1]], [[1], [-1], [1]], [[1], [-1]]]",null,0
2.1056.4t3.a,1056,"[2, 3, 11]","[2, 3, 11]",False,1,"[[[1], [-2], [1]], [[1], [2], [1]], [[1], [0], [-1]], [[1], [0], [-1]], [[1], [0], [1]], [[1]], [[1], [-1]]]",null,0
2.1056.4t3.b,1056,"[2, 3, 11]","[2, 3, 11, 59]",False,1,"[[[1], [-2], [1]], [[1], [2], [1]], [[1], [0], [-1]], [[1], [0], [-1]], [[1], [0], [1]], [[1]], [[1], [-1]], [[1], [1]]]",null,0
2.1056.4t3.c,1056,"[2, 3, 11]","[2, 3, 11]",False,1,"[[[1], [-2], [1]], [[1], [2], [1]], [[1], [0], [-1]], [[1], [0], [-1]], [[1], [0], [1]], [[1]], [[1], [-1]]]",null,0
2.1056.4t3.d,1056,"[2, 3, 11]","[2, 3, 11]",False,1,"[[[1], [-2], [1]], [[1], [2], [1]], [[1], [0], [-1]], [[1], [0], [-1]], [[1], [0], [1]], [[1]], [[1], [-1]], [[1], [1]]]",null,0
2.1056.4t3.e,1056,"[2, 3, 11]","[2, 3, 11]",False,1,"[[[1], [-2], [1]], [[1], [2], [1]], [[1], [0], [-1]], [[1], [0], [-1]], [[1], [0], [1]], [[1]], [[1], [-1]], [[1], [1]]]","[[1], [1, -1], [1, 0, 1], [1, 0, 1], [1, 1], [1, 0, 1], [1, -2, 1], [1, 0, -1], [1, 0, 1], [1, 0, -1], [1, 0, -1], [1, 0, -1], [1, 2, 1], [1, 0, -1], [1, 0, 1], [1, 0, 1], [1, 0, -1], [1, 0, 1], [1, 2, 1], [1, 0, 1], [1, 0, -1], [1, 0, 1], [1, -2, 1], [1, 0, -1], [1, 2, 1], [1, 0, -1], [1, 0, -1], [1, 2, 1], [1, 0, 1], [1, 0, -1]]",0
2.1056.4t3.f,1056,"[2, 3, 11]","[2, 3, 11]",False,1,"[[[1], [-2], [1]], [[1], [2], [1]], [[1], [0], [-1]], [[1], [0], [-1]], [[1], [0], [1]], [[1]], [[1], [-1]]]","[[1], [1, -1], [1, 0, 1], [1, 0, 1], [1, -1], [1, 0, 1], [1, 2, 1], [1, 0, -1], [1, 0, 1], [1, 0, -1], [1, 0, -1], [1, 0, -1], [1, -2, 1], [1, 0, -1], [1, 0, 1], [1, 0, 1], [1, 0, -1], [1, 0, 1], [1, 2, 1], [1, 0, 1], [1, 0, -1], [1, 0, 1], [1, 2, 1], [1, 0, -1], [1, 2, 1], [1, 0, -1], [1, 0, -1], [1, -2, 1], [1, 0, 1], [1, 0, -1]]",0
2.1059.3t2.a,1059,"[3, 353]","[3, 353]",False,1,"[[[1], [-2], [1]], [[1], [0], [-1]], [[1], [1], [1]], [[1], [-1]]]","[[1, 0, -1], [1, -1], [1, 1, 1], [1, 0, -1], [1, 0, -1], [1, 0, -1], [1, 0, -1], [1, 1, 1], [1, 0, -1], [1, 0, -1], [1, 0, -1], [1, 0, -1], [1, 0, -1], [1, 1, 1], [1, 0, -1], [1, 1, 1], [1, 1, 1], [1, 1, 1], [1, 0, -1], [1, 1, 1], [1, 1, 1], [1, 0, -1], [1, 0, -1], [1, -2, 1], [1, 1, 1], [1, 1, 1], [1, 0, -1], [1, -2, 1], [1, 1, 1], [1, 0, -1]]",0
2.1059.6t3.a,1059,"[3, 353]","[2, 3, 7, 353]",False,1,"[[[1], [-2], [1]], [[1], [2], [1]], [[1], [0], [-1]], [[1], [0], [-1]], [[1], [1], [1]], [[1], [-1], [1]], [[1], [1]]]",null,0
2.1059.6t3.b,1059,"[3, 353]","[2, 3, 353]",False,1,"[[[1], [-2], [1]], [[1], [2], [1]], [[1], [0], [-1]], [[1], [0], [-1]], [[1], [1], [1]], [[1], [-1], [1]], [[1], [1]]]","[[1, 0, -1], [1, 1], [1, -1, 1], [1, 0, -1], [1, 0, -1], [1, 0, -1], [1, 0, -1], [1, 1, 1], [1, 0, -1], [1, 0, -1], [1, 0, -1], [1, 0, -1], [1, 0, -1], [1, 1, 1], [1, 0, -1], [1, -1, 1], [1, -1, 1], [1, 1, 1], [1, 0, -1], [1, -1, 1], [1, 1, 1], [1, 0, -1], [1, 0, -1], [1, 2, 1], [1, 1, 1], [1, -1, 1], [1, 0, -1], [1, 2, 1], [1, 1, 1], [1, 0, -1]]",0
2.1060.4t3.a,1060,"[2, 5, 53]","[2, 3, 5, 53]",False,1,"[[[1], [-2], [1]], [[1], [2], [1]], [[1], [0], [-1]], [[1], [0], [-1]], [[1], [0], [1]], [[1], [1]], [[1], [-1]]]","[[1, 1], [1, 0, -1], [1, -1], [1, 0, 1], [1, 0, -1], [1, 0, -1], [1, 0, -1], [1, 0, 1], [1, 0, -1], [1, 2, 1], [1, 0, 1], [1, 0, -1], [1, 0, -1], [1, 0, 1], [1, 0, 1], [1, -1], [1, 0, -1], [1, 0, -1], [1, 0, -1], [1, 0, 1], [1, -2, 1], [1, 0, 1], [1, 0, -1], [1, 2, 1], [1, 0, -1], [1, 0, -1], [1, 0, -1], [1, 0, 1], [1, 0, -1], [1, 0, -1]]",0
2.1060.4t3.b,1060,"[2, 5, 53]","[2, 3, 5, 53]",False,1,"[[[1], [-2], [1]], [[1], [2], [1]], [[1], [0], [-1]], [[1], [0], [-1]], [[1], [0], [1]], [[1], [-1]], [[1], [1]]]","[[1, -1], [1, 0, -1], [1, 1], [1, 0, 1], [1, 0, -1], [1, 0, -1], [1, 0, -1], [1, 0, 1], [1, 0, -1], [1, 2, 1], [1, 0, 1], [1, 0, -1], [1, 0, -1], [1, 0, 1], [1, 0, 1], [1, 1], [1, 0, -1], [1, 0, -1], [1, 0, -1], [1, 0, 1], [1, 2, 1], [1, 0, 1], [1, 0, -1], [1, 2, 1], [1, 0, -1], [1, 0, -1], [1, 0, -1], [1, 0, 1], [1, 0, -1], [1, 0, -1]]",0
2.1060.4t3.c,1060,"[2, 5, 53]","[2, 3, 5, 11, 53, 13217]",False,1,"[[[1], [-2], [1]], [[1], [2], [1]], [[1], [0], [-1]], [[1], [0], [-1]], [[1], [0], [1]], [[1], [1]], [[1], [-1]]]",null,0
2.1060.4t3.d,1060,"[2, 5, 53]","[2, 3, 5, 11, 53, 137, 157]",False,1,"[[[1], [-2], [1]], [[1], [2], [1]], [[1], [0], [-1]], [[1], [0], [-1]], [[1], [0], [1]], [[1], [-1]], [[1], [1]]]",null,0
2.1060.4t3.e,1060,"[2, 5, 53]","[2, 5, 53]",False,1,"[[[1], [-2], [1]], [[1], [2], [1]], [[1], [0], [-1]], [[1], [0], [-1]], [[1], [0], [1]], [[1], [1]], [[1], [-1]]]",null,0
2.1060.4t3.f,1060,"[2, 5, 53]","[2, 3, 5, 53]",False,1,"[[[1], [-2], [1]], [[1], [2], [1]], [[1], [0], [-1]], [[1], [0], [-1]], [[1], [0], [1]], [[1], [-1]], [[1], [1]]]",null,0
2.1067.3t2.a,1067,"[11, 97]","[11, 97]",False,1,"[[[1], [-2], [1]], [[1], [0], [-1]], [[1], [1], [1]], [[1], [-1]]]","[[1, 0, -1], [1, 1, 1], [1, 0, -1], [1, -2, 1], [1, -1], [1, 1, 1], [1, 1, 1], [1, 1, 1], [1, 0, -1], [1, 1, 1], [1, 1, 1], [1, 0, -1], [1, -2, 1], [1, 0, -1], [1, 1, 1], [1, 1, 1], [1, 0, -1], [1, 0, -1], [1, 0, -1], [1, 0, -1], [1, 0, -1], [1, 0, -1], [1, 1, 1], [1, 1, 1], [1, -1], [1, 0, -1], [1, 1, 1], [1, 1, 1], [1, 0, -1], [1, 1, 1]]",0
2.1067.4t3.a,1067,"[11, 97]","[2, 11, 97]",False,1,"[[[1], [-2], [1]], [[1], [2], [1]], [[1], [0], [-1]], [[1], [0], [-1]], [[1], [0], [1]], [[1], [1]]]","[[1, 0, -1], [1, 2, 1], [1, 0, -1], [1, 0, 1], [1, 1], [1, 0, 1], [1, 0, 1], [1, 0, 1], [1, 0, -1], [1, 0, 1], [1, -2, 1], [1, 0, -1], [1, 0, 1], [1, 0, -1], [1, -2, 1], [1, -2, 1], [1, 0, -1], [1, 0, -1], [1, 0, -1], [1, 0, -1], [1, 0, -1], [1, 0, -1], [1, 0, 1], [1, 2, 1], [1, 1], [1, 0, -1], [1, 2, 1], [1, 0, 1], [1, 0, -1], [1, 2, 1]]",0
2.1067.4t3.b,1067,"[11, 97]","[2, 3, 11, 31, 97]",False,1,"[[[1], [-2], [1]], [[1], [2], [1]], [[1], [0], [-1]], [[1], [0], [-1]], [[1], [0], [1]], [[1], [1]]]",null,0
2.1067.4t3.c,1067,"[11, 97]","[3, 11, 97]",False,1,"[[[1], [-2], [1]], [[1], [2], [1]], [[1], [0], [-1]], [[1], [0], [-1]], [[1], [0], [1]], [[1], [1]]]",null,0
2.1067.6t3.a,1067,"[11, 97]","[2, 11, 97]",False,1,"[[[1], [-2], [1]], [[1], [2], [1]], [[1], [0], [-1]], [[1], [0], [-1]], [[1], [1], [1]], [[1], [-1], [1]], [[1], [-1]]]",null,0
2.1067.6t3.b,1067,"[11, 97]","[2, 7, 11, 97]",False,1,"[[[1], [-2], [1]], [[1], [2], [1]], [[1], [0], [-1]], [[1], [0], [-1]], [[1], [1], [1]], [[1], [-1], [1]], [[1], [-1]]]","[[1, 0, -1], [1, 1, 1], [1, 0, -1], [1, 2, 1], [1, -1], [1, -1, 1], [1, -1, 1], [1, -1, 1], [1, 0, -1], [1, -1, 1], [1, 1, 1], [1, 0, -1], [1, 2, 1], [1, 0, -1], [1, 1, 1], [1, 1, 1], [1, 0, -1], [1, 0, -1], [1, 0, -1], [1, 0, -1], [1, 0, -1], [1, 0, -1], [1, -1, 1], [1, 1, 1], [1, -1], [1, 0, -1], [1, 1, 1], [1, -1, 1], [1, 0, -1], [1, 1, 1]]",0
2.1068.3t2.a,1068,"[2, 3, 89]","[2, 3, 89]",False,1,"[[[1], [-2], [1]], [[1], [0], [-1]], [[1], [1], [1]], [[1]], [[1], [-1]]]","[[1], [1, -1], [1, 0, -1], [1, 0, -1], [1, 0, -1], [1, 0, -1], [1, 0, -1], [1, 0, -1], [1, 1, 1], [1, 1, 1], [1, 0, -1], [1, 0, -1], [1, 1, 1], [1, 0, -1], [1, 0, -1], [1, 0, -1], [1, 1, 1], [1, 0, -1], [1, 1, 1], [1, 0, -1], [1, 1, 1], [1, 1, 1], [1, 1, 1], [1, -1], [1, 1, 1], [1, -2, 1], [1, 0, -1], [1, 0, -1], [1, 1, 1], [1, 1, 1]]",0
2.1068.6t3.a,1068,"[2, 3, 89]","[2, 3, 89]",False,1,"[[[1], [-2], [1]], [[1], [2], [1]], [[1], [0], [-1]], [[1], [0], [-1]], [[1], [1], [1]], [[1], [-1], [1]], [[1]], [[1], [1]]]",null,0
2.1068.6t3.b,1068,"[2, 3, 89]","[2, 3, 89]",False,1,"[[[1], [-2], [1]], [[1], [2], [1]], [[1], [0], [-1]], [[1], [0], [-1]], [[1], [1], [1]], [[1], [-1], [1]], [[1]], [[1], [1]]]","[[1], [1, 1], [1, 0, -1], [1, 0, -1], [1, 0, -1], [1, 0, -1], [1, 0, -1], [1, 0, -1], [1, -1, 1], [1, -1, 1], [1, 0, -1], [1, 0, -1], [1, -1, 1], [1, 0, -1], [1, 0, -1], [1, 0, -1], [1, -1, 1], [1, 0, -1], [1, 1, 1], [1, 0, -1], [1, 1, 1], [1, 1, 1], [1, -1, 1], [1, 1], [1, 1, 1], [1, 2, 1], [1, 0, -1], [1, 0, -1], [1, 1, 1], [1, -1, 1]]",0
2.1072.6t3.a,1072,"[2, 67]","[2, 3, 67]",False,1,"[[[1], [-2], [1]], [[1], [2], [1]], [[1], [0], [-1]], [[1], [0], [-1]], [[1], [1], [1]], [[1], [-1], [1]], [[1]], [[1], [1]]]",null,0
2.1072.6t3.b,1072,"[2, 67]","[2, 3, 67]",False,1,"[[[1], [-2], [1]], [[1], [2], [1]], [[1], [0], [-1]], [[1], [0], [-1]], [[1], [1], [1]], [[1], [-1], [1]], [[1]], [[1], [1]]]","[[1], [1, 0, -1], [1, 0, -1], [1, 0, -1], [1, 0, -1], [1, 0, -1], [1, 1, 1], [1, -1, 1], [1, -1, 1], [1, 1, 1], [1, 0, -1], [1, 1, 1], [1, 0, -1], [1, 0, -1], [1, -1, 1], [1, 0, -1], [1, -1, 1], [1, 0, -1], [1, 1], [1, 2, 1], [1, 1, 1], [1, 0, -1], [1, 2, 1], [1, 1, 1], [1, 0, -1], [1, 0, -1], [1, 2, 1], [1, -1, 1], [1, 0, -1], [1, 0, -1]]",0
2.1075.3t2.a,1075,"[5, 43]","[2, 5, 43]",False,1,"[[[1], [-2], [1]], [[1], [0], [-1]], [[1], [1], [1]], [[1]], [[1], [-1]]]","[[1, 0, -1], [1, 0, -1], [1], [1, 0, -1], [1, 1, 1], [1, 1, 1], [1, -2, 1], [1, 0, -1], [1, 1, 1], [1, 0, -1], [1, 1, 1], [1, 0, -1], [1, 1, 1], [1, -1], [1, 1, 1], [1, 1, 1], [1, 1, 1], [1, 0, -1], [1, -2, 1], [1, 0, -1], [1, 0, -1], [1, 1, 1], [1, 1, 1], [1, 0, -1], [1, 1, 1], [1, 1, 1], [1, -2, 1], [1, 1, 1], [1, 1, 1], [1, 0, -1]]",0
2.1075.6t3.a,1075,"[5, 43]","[2, 5, 43]",False,1,"[[[1], [-2], [1]], [[1], [2], [1]], [[1], [0], [-1]], [[1], [0], [-1]], [[1], [1], [1]], [[1], [-1], [1]], [[1]], [[1], [1]]]","[[1, 0, -1], [1, 0, -1], [1], [1, 0, -1], [1, 1, 1], [1, -1, 1], [1, 2, 1], [1, 0, -1], [1, -1, 1], [1, 0, -1], [1, 1, 1], [1, 0, -1], [1, 1, 1], [1, 1], [1, -1, 1], [1, -1, 1], [1, 1, 1], [1, 0, -1], [1, 2, 1], [1, 0, -1], [1, 0, -1], [1, 1, 1], [1, -1, 1], [1, 0, -1], [1, -1, 1], [1, 1, 1], [1, 2, 1], [1, -1, 1], [1, 1, 1], [1, 0, -1]]",0
2.1075.6t3.b,1075,"[5, 43]","[2, 3, 5, 43]",False,1,"[[[1], [-2], [1]], [[1], [2], [1]], [[1], [0], [-1]], [[1], [0], [-1]], [[1], [1], [1]], [[1], [-1], [1]], [[1]], [[1], [1]]]",null,0
2.1076.3t2.a,1076,"[2, 269]","[2, 269]",True,1,"[[[1], [-2], [1]], [[1], [0], [-1]], [[1], [1], [1]], [[1]], [[1], [-1]]]",null,0
2.1080.3t2.a,1080,"[2, 3, 5]","[2, 3, 5]",False,1,"[[[1], [-2], [1]], [[1], [0], [-1]], [[1], [1], [1]], [[1], [-1]], [[1]]]","[[1, -1], [1], [1, -1], [1, 0, -1], [1, 1, 1], [1, 1, 1], [1, 1, 1], [1, 0, -1], [1, 1, 1], [1, 1, 1], [1, 1, 1], [1, -2, 1], [1, 0, -1], [1, 1, 1], [1, 1, 1], [1, 0, -1], [1, -2, 1], [1, 0, -1], [1, -2, 1], [1, 0, -1], [1, 0, -1], [1, 1, 1], [1, 0, -1], [1, 0, -1], [1, 0, -1], [1, 1, 1], [1, 0, -1], [1, 0, -1], [1, 0, -1], [1, 1, 1]]",0
2.1080.6t3.a,1080,"[2, 3, 5]","[2, 3, 5]",False,1,"[[[1], [-2], [1]], [[1], [2], [1]], [[1], [0], [-1]], [[1], [0], [-1]], [[1], [1], [1]], [[1], [-1], [1]], [[1], [1]], [[1]]]","[[1, 1], [1], [1, 1], [1, 0, -1], [1, -1, 1], [1, 1, 1], [1, -1, 1], [1, 0, -1], [1, -1, 1], [1, -1, 1], [1, 1, 1], [1, -2, 1], [1, 0, -1], [1, 1, 1], [1, -1, 1], [1, 0, -1], [1, 2, 1], [1, 0, -1], [1, -2, 1], [1, 0, -1], [1, 0, -1], [1, 1, 1], [1, 0, -1], [1, 0, -1], [1, 0, -1], [1, -1, 1], [1, 0, -1], [1, 0, -1], [1, 0, -1], [1, -1, 1]]",0
2.1080.6t3.b,1080,"[2, 3, 5]","[2, 3, 5]",False,1,"[[[1], [-2], [1]], [[1], [2], [1]], [[1], [0], [-1]], [[1], [0], [-1]], [[1], [1], [1]], [[1], [-1], [1]], [[1], [1]], [[1]]]",null,0
2.1080.6t3.c,1080,"[2, 3, 5]","[2, 3, 5, 7]",False,1,"[[[1], [-2], [1]], [[1], [2], [1]], [[1], [0], [-1]], [[1], [0], [-1]], [[1], [1], [1]], [[1], [-1], [1]], [[1], [1]], [[1]], [[1], [-1]]]",null,0
2.1080.6t3.d,1080,"[2, 3, 5]","[2, 3, 5, 7]",False,1,"[[[1], [-2], [1]], [[1], [2], [1]], [[1], [0], [-1]], [[1], [0], [-1]], [[1], [1], [1]], [[1], [-1], [1]], [[1], [-1]], [[1]], [[1], [1]]]","[[1, -1], [1], [1, 1], [1, 0, -1], [1, -1, 1], [1, -1, 1], [1, 1, 1], [1, 0, -1], [1, 1, 1], [1, -1, 1], [1, 1, 1], [1, 2, 1], [1, 0, -1], [1, -1, 1], [1, 1, 1], [1, 0, -1], [1, 2, 1], [1, 0, -1], [1, 2, 1], [1, 0, -1], [1, 0, -1], [1, 1, 1], [1, 0, -1], [1, 0, -1], [1, 0, -1], [1, -1, 1], [1, 0, -1], [1, 0, -1], [1, 0, -1], [1, 1, 1]]",0
2.1080.6t3.e,1080,"[2, 3, 5]","[2, 3, 5]",False,1,"[[[1], [-2], [1]], [[1], [2], [1]], [[1], [0], [-1]], [[1], [0], [-1]], [[1], [1], [1]], [[1], [-1], [1]], [[1], [-1]], [[1]], [[1], [1]]]",null,0
2.1080.6t3.f,1080,"[2, 3, 5]","[2, 3, 5]",False,1,"[[[1], [-2], [1]], [[1], [2], [1]], [[1], [0], [-1]], [[1], [0], [-1]], [[1], [1], [1]], [[1], [-1], [1]], [[1], [1]], [[1]], [[1], [-1]]]","[[1, 1], [1], [1, -1], [1, 0, -1], [1, 1, 1], [1, -1, 1], [1, -1, 1], [1, 0, -1], [1, -1, 1], [1, 1, 1], [1, 1, 1], [1, 2, 1], [1, 0, -1], [1, -1, 1], [1, -1, 1], [1, 0, -1], [1, -2, 1], [1, 0, -1], [1, 2, 1], [1, 0, -1], [1, 0, -1], [1, 1, 1], [1, 0, -1], [1, 0, -1], [1, 0, -1], [1, 1, 1], [1, 0, -1], [1, 0, -1], [1, 0, -1], [1, -1, 1]]",0
2.1083.3t2.a,1083,"[3, 19]","[2, 3, 17, 19]",False,1,"[[[1], [-2], [1]], [[1], [0], [-1]], [[1], [1], [1]], [[1], [-1]], [[1]]]",null,0
2.1083.3t2.b,1083,"[3, 19]","[2, 3, 19]",False,1,"[[[1], [-2], [1]], [[1], [0], [-1]], [[1], [1], [1]], [[1], [-1]], [[1]]]","[[1, 0, -1], [1, -1], [1, 0, -1], [1, 1, 1], [1, 0, -1], [1, 1, 1], [1, 0, -1], [1], [1, 0, -1], [1, 0, -1], [1, 1, 1], [1, 1, 1], [1, 0, -1], [1, 1, 1], [1, 0, -1], [1, 0, -1], [1, 0, -1], [1, 1, 1], [1, 1, 1], [1, 0, -1], [1, 1, 1], [1, 1, 1], [1, 0, -1], [1, 0, -1], [1, -2, 1], [1, 0, -1], [1, 1, 1], [1, 0, -1], [1, -2, 1], [1, 0, -1]]",0
2.1083.6t3.a,1083,"[3, 19]","[2, 3, 19]",False,1,"[[[1], [-2], [1]], [[1], [2], [1]], [[1], [0], [-1]], [[1], [0], [-1]], [[1], [1], [1]], [[1], [-1], [1]], [[1], [1]], [[1]]]","[[1, 0, -1], [1, 1], [1, 0, -1], [1, 1, 1], [1, 0, -1], [1, -1, 1], [1, 0, -1], [1], [1, 0, -1], [1, 0, -1], [1, -1, 1], [1, -1, 1], [1, 0, -1], [1, 1, 1], [1, 0, -1], [1, 0, -1], [1, 0, -1], [1, 1, 1], [1, -1, 1], [1, 0, -1], [1, 1, 1], [1, -1, 1], [1, 0, -1], [1, 0, -1], [1, 2, 1], [1, 0, -1], [1, -1, 1], [1, 0, -1], [1, 2, 1], [1, 0, -1]]",0
2.1083.6t3.b,1083,"[3, 19]","[2, 3, 19]",False,1,"[[[1], [-2], [1]], [[1], [2], [1]], [[1], [0], [-1]], [[1], [0], [-1]], [[1], [1], [1]], [[1], [-1], [1]], [[1], [1]], [[1]]]",null,0
2.1087.3t2.a,1087,[1087],[1087],False,1,"[[[1], [-2], [1]], [[1], [0], [-1]], [[1], [1], [1]], [[1], [-1]]]","[[1, 1, 1], [1, 0, -1], [1, 0, -1], [1, 0, -1], [1, 0, -1], [1, 0, -1], [1, 1, 1], [1, 0, -1], [1, 0, -1], [1, 0, -1], [1, 0, -1], [1, 0, -1], [1, -2, 1], [1, -2, 1], [1, 0, -1], [1, 0, -1], [1, 0, -1], [1, 0, -1], [1, 0, -1], [1, 1, 1], [1, 1, 1], [1, 1, 1], [1, 1, 1], [1, 0, -1], [1, 0, -1], [1, 1, 1], [1, -2, 1], [1, 1, 1], [1, -2, 1], [1, 0, -1]]",0
2.1088.4t3.a,1088,"[2, 17]","[2, 5, 17, 19]",False,1,"[[[1], [-2], [1]], [[1], [2], [1]], [[1], [0], [-1]], [[1], [0], [-1]], [[1], [0], [1]], [[1]], [[1], [-1]]]",null,0
2.1088.4t3.b,1088,"[2, 17]","[2, 17]",False,1,"[[[1], [-2], [1]], [[1], [2], [1]], [[1], [0], [-1]], [[1], [0], [-1]], [[1], [0], [1]], [[1]], [[1], [-1]]]",null,0
2.1088.4t3.c,1088,"[2, 17]","[2, 17]",False,1,"[[[1], [-2], [1]], [[1], [2], [1]], [[1], [0], [-1]], [[1], [0], [-1]], [[1], [0], [1]], [[1]], [[1], [-1]]]","[[1], [1, 0, 1], [1, 0, -1], [1, 0, 1], [1, 0, 1], [1, -2, 1], [1, -1], [1, 0, -1], [1, 0, 1], [1, 0, -1], [1, 0, 1], [1, 0, -1], [1, 0, -1], [1, 0, -1], [1, 0, -1], [1, 2, 1], [1, 0, -1], [1, 0, -1], [1, 0, -1], [1, 0, 1], [1, 0, -1], [1, 0, 1], [1, 0, -1], [1, 2, 1], [1, 0, -1], [1, -2, 1], [1, 0, -1], [1, 0, 1], [1, 0, -1], [1, 0, -1]]",0
2.1096.3t2.a,1096,"[2, 137]","[2, 137]",False,1,"[[[1], [-2], [1]], [[1], [0], [-1]], [[1], [1], [1]], [[1], [-1]]]","[[1, -1], [1, 0, -1], [1, 1, 1], [1, 0, -1], [1, 1, 1], [1, -2, 1], [1, 1, 1], [1, 1, 1], [1, -2, 1], [1, 1, 1], [1, 1, 1], [1, 0, -1], [1, 0, -1], [1, 0, -1], [1, 1, 1], [1, 1, 1], [1, 1, 1], [1, 0, -1], [1, 0, -1], [1, 1, 1], [1, 1, 1], [1, 1, 1], [1, 0, -1], [1, 0, -1], [1, 0, -1], [1, 0, -1], [1, 0, -1], [1, 1, 1], [1, 0, -1], [1, 0, -1]]",0
2.1096.4t3.a,1096,"[2, 137]","[2, 137]",True,1,"[[[1], [-2], [1]], [[1], [2], [1]], [[1], [0], [-1]], [[1], [0], [-1]], [[1], [0], [1]], [[1], [1]]]",null,0
2.1096.4t3.b,1096,"[2, 137]","[2, 137]",True,1,"[[[1], [-2], [1]], [[1], [2], [1]], [[1], [0], [-1]], [[1], [0], [-1]], [[1], [0], [1]], [[1], [1]]]",null,0
2.1096.4t3.c,1096,"[2, 137]","[2, 137]",False,1,"[[[1], [-2], [1]], [[1], [2], [1]], [[1], [0], [-1]], [[1], [0], [-1]], [[1], [0], [1]], [[1], [1]]]","[[1, 1], [1, 0, -1], [1, 0, 1], [1, 0, -1], [1, 2, 1], [1, 0, 1], [1, -2, 1], [1, -2, 1], [1, 0, 1], [1, 0, 1], [1, 0, 1], [1, 0, -1], [1, 0, -1], [1, 0, -1], [1, 0, 1], [1, 0, 1], [1, -2, 1], [1, 0, -1], [1, 0, -1], [1, 0, 1], [1, 2, 1], [1, 0, 1], [1, 0, -1], [1, 0, -1], [1, 0, -1], [1, 0, -1], [1, 0, -1], [1, 2, 1], [1, 0, -1], [1, 0, -1]]",0
2.1096.4t3.d,1096,"[2, 137]","[2, 3, 137]",False,1,"[[[1], [-2], [1]], [[1], [2], [1]], [[1], [0], [-1]], [[1], [0], [-1]], [[1], [0], [1]], [[1], [1]]]",null,0
2.1096.4t3.e,1096,"[2, 137]","[2, 7, 137]",True,1,"[[[1], [-2], [1]], [[1], [2], [1]], [[1], [0], [-1]], [[1], [0], [-1]], [[1], [0], [1]], [[1], [1]]]",null,0
2.1096.4t3.f,1096,"[2, 137]","[2, 3, 17, 137]",False,1,"[[[1], [-2], [1]], [[1], [2], [1]], [[1], [0], [-1]], [[1], [0], [-1]], [[1], [0], [1]], [[1], [1]]]",null,0
2.1096.6t3.a,1096,"[2, 137]","[2, 3, 137]",False,1,"[[[1], [-2], [1]], [[1], [2], [1]], [[1], [0], [-1]], [[1], [0], [-1]], [[1], [1], [1]], [[1], [-1], [1]], [[1], [-1]]]",null,0
2.1096.6t3.b,1096,"[2, 137]","[2, 3, 137]",False,1,"[[[1], [-2], [1]], [[1], [2], [1]], [[1], [0], [-1]], [[1], [0], [-1]], [[1], [1], [1]], [[1], [-1], [1]], [[1], [-1]]]","[[1, -1], [1, 0, -1], [1, -1, 1], [1, 0, -1], [1, 1, 1], [1, 2, 1], [1, 1, 1], [1, 1, 1], [1, 2, 1], [1, -1, 1], [1, -1, 1], [1, 0, -1], [1, 0, -1], [1, 0, -1], [1, -1, 1], [1, -1, 1], [1, 1, 1], [1, 0, -1], [1, 0, -1], [1, -1, 1], [1, 1, 1], [1, -1, 1], [1, 0, -1], [1, 0, -1], [1, 0, -1], [1, 0, -1], [1, 0, -1], [1, 1, 1], [1, 0, -1], [1, 0, -1]]",0
2.1099.3t2.a,1099,"[7, 157]","[7, 157]",False,1,"[[[1], [-2], [1]], [[1], [0], [-1]], [[1], [1], [1]], [[1], [-1]]]","[[1, 0, -1], [1, 0, -1], [1, 1, 1], [1, -1], [1, 1, 1], [1, 0, -1], [1, 0, -1], [1, 0, -1], [1, 0, -1], [1, 0, -1], [1, 0, -1], [1, 1, 1], [1, -2, 1], [1, 0, -1], [1, 0, -1], [1, 0, -1], [1, 1, 1], [1, 1, 1], [1, 1, 1], [1, 1, 1], [1, 1, 1], [1, 0, -1], [1, -2, 1], [1, 0, -1], [1, 1, 1], [1, 0, -1], [1, 1, 1], [1, 0, -1], [1, 1, 1], [1, 1, 1]]",0
2.1099.6t3.a,1099,"[7, 157]","[2, 3, 7, 157]",False,1,"[[[1], [-2], [1]], [[1], [2], [1]], [[1], [0], [-1]], [[1], [0], [-1]], [[1], [1], [1]], [[1], [-1], [1]], [[1], [1]]]","[[1, 0, -1], [1, 0, -1], [1, -1, 1], [1, 1], [1, 1, 1], [1, 0, -1], [1, 0, -1], [1, 0, -1], [1, 0, -1], [1, 0, -1], [1, 0, -1], [1, 1, 1], [1, 2, 1], [1, 0, -1], [1, 0, -1], [1, 0, -1], [1, -1, 1], [1, -1, 1], [1, 1, 1], [1, 1, 1], [1, -1, 1], [1, 0, -1], [1, 2, 1], [1, 0, -1], [1, -1, 1], [1, 0, -1], [1, -1, 1], [1, 0, -1], [1, 1, 1], [1, 1, 1]]",0
2.1099.6t3.b,1099,"[7, 157]","[2, 7, 101, 157]",False,1,"[[[1], [-2], [1]], [[1], [2], [1]], [[1], [0], [-1]], [[1], [0], [-1]], [[1], [1], [1]], [[1], [-1], [1]], [[1], [1]]]",null,0
2.1100.6t3.a,1100,"[2, 5, 11]","[2, 5, 11]",False,1,"[[[1], [-2], [1]], [[1], [2], [1]], [[1], [0], [-1]], [[1], [0], [-1]], [[1], [1], [1]], [[1], [-1], [1]], [[1]], [[1], [-1]]]","[[1], [1, -1, 1], [1], [1, 0, -1], [1, -1], [1, 0, -1], [1, 0, -1], [1, 0, -1], [1, -1, 1], [1, 0, -1], [1, 1, 1], [1, -1, 1], [1, 0, -1], [1, 0, -1], [1, 2, 1], [1, 2, 1], [1, 1, 1], [1, 0, -1], [1, -1, 1], [1, 1, 1], [1, 0, -1], [1, 0, -1], [1, 0, -1], [1, 1, 1], [1, -1, 1], [1, 0, -1], [1, 2, 1], [1, 0, -1], [1, 0, -1], [1, -1, 1]]",0
2.1100.6t3.b,1100,"[2, 5, 11]","[2, 5, 11]",False,1,"[[[1], [-2], [1]], [[1], [2], [1]], [[1], [0], [-1]], [[1], [0], [-1]], [[1], [1], [1]], [[1], [-1], [1]], [[1]], [[1], [-1]]]",null,0
2.1101.3t2.a,1101,"[3, 367]","[3, 367]",True,1,"[[[1], [-2], [1]], [[1], [0], [-1]], [[1], [1], [1]], [[1], [-1]]]",null,0
2.1101.6t3.a,1101,"[3, 367]","[2, 3, 367]",True,1,"[[[1], [-2], [1]], [[1], [2], [1]], [[1], [0], [-1]], [[1], [0], [-1]], [[1], [1], [1]], [[1], [-1], [1]], [[1], [1]], [[1], [-1]]]",null,0
2.1101.6t3.b,1101,"[3, 367]","[2, 3, 367, 491]",True,1,"[[[1], [-2], [1]], [[1], [2], [1]], [[1], [0], [-1]], [[1], [0], [-1]], [[1], [1], [1]], [[1], [-1], [1]], [[1], [1]], [[1], [-1]]]",null,0
2.1107.3t2.a,1107,"[3, 41]","[3, 41]",False,1,"[[[1], [-2], [1]], [[1], [0], [-1]], [[1], [1], [1]], [[1]], [[1], [-1]]]","[[1, 0, -1], [1], [1, 0, -1], [1, 0, -1], [1, 1, 1], [1, 0, -1], [1, -2, 1], [1, 0, -1], [1, 0, -1], [1, 1, 1], [1, 1, 1], [1, 1, 1], [1, -1], [1, 1, 1], [1, 1, 1], [1, 1, 1], [1, 0, -1], [1, 1, 1], [1, 0, -1], [1, -2, 1], [1, 1, 1], [1, 0, -1], [1, 0, -1], [1, 1, 1], [1, 0, -1], [1, 1, 1], [1, 1, 1], [1, 0, -1], [1, 0, -1], [1, 0, -1]]",0
2.1107.6t3.a,1107,"[3, 41]","[2, 3, 41]",False,1,"[[[1], [-2], [1]], [[1], [2], [1]], [[1], [0], [-1]], [[1], [0], [-1]], [[1], [1], [1]], [[1], [-1], [1]], [[1]], [[1], [1]]]","[[1, 0, -1], [1], [1, 0, -1], [1, 0, -1], [1, -1, 1], [1, 0, -1], [1, 2, 1], [1, 0, -1], [1, 0, -1], [1, -1, 1], [1, 1, 1], [1, 1, 1], [1, 1], [1, 1, 1], [1, -1, 1], [1, -1, 1], [1, 0, -1], [1, 1, 1], [1, 0, -1], [1, 2, 1], [1, 1, 1], [1, 0, -1], [1, 0, -1], [1, -1, 1], [1, 0, -1], [1, -1, 1], [1, 1, 1], [1, 0, -1], [1, 0, -1], [1, 0, -1]]",0
2.1107.6t3.b,1107,"[3, 41]","[2, 3, 41]",False,1,"[[[1], [-2], [1]], [[1], [2], [1]], [[1], [0], [-1]], [[1], [0], [-1]], [[1], [1], [1]], [[1], [-1], [1]], [[1]], [[1], [1]]]",null,0
2.1108.3t2.a,1108,"[2, 277]","[2, 277]",False,1,"[[[1], [-2], [1]], [[1], [0], [-1]], [[1], [1], [1]], [[1], [-1]]]","[[1, -1], [1, 0, -1], [1, 0, -1], [1, 0, -1], [1, 1, 1], [1, 1, 1], [1, 0, -1], [1, 0, -1], [1, 0, -1], [1, 1, 1], [1, 1, 1], [1, 0, -1], [1, 1, 1], [1, 1, 1], [1, 0, -1], [1, 0, -1], [1, 0, -1], [1, 0, -1], [1, 0, -1], [1, 0, -1], [1, 0, -1], [1, 0, -1], [1, 0, -1], [1, 1, 1], [1, 0, -1], [1, 0, -1], [1, 1, 1], [1, 1, 1], [1, 0, -1], [1, 1, 1]]",0
2.1108.6t3.a,1108,"[2, 277]","[2, 277, 1549]",False,1,"[[[1], [-2], [1]], [[1], [2], [1]], [[1], [0], [-1]], [[1], [0], [-1]], [[1], [1], [1]], [[1], [-1], [1]], [[1], [1]], [[1], [-1]]]",null,0
2.1108.6t3.b,1108,"[2, 277]","[2, 3, 7, 277]",False,1,"[[[1], [-2], [1]], [[1], [2], [1]], [[1], [0], [-1]], [[1], [0], [-1]], [[1], [1], [1]], [[1], [-1], [1]], [[1], [1]], [[1], [-1]]]","[[1, 1], [1, 0, -1], [1, 0, -1], [1, 0, -1], [1, -1, 1], [1, 1, 1], [1, 0, -1], [1, 0, -1], [1, 0, -1], [1, 1, 1], [1, -1, 1], [1, 0, -1], [1, 1, 1], [1, -1, 1], [1, 0, -1], [1, 0, -1], [1, 0, -1], [1, 0, -1], [1, 0, -1], [1, 0, -1], [1, 0, -1], [1, 0, -1], [1, 0, -1], [1, 1, 1], [1, 0, -1], [1, 0, -1], [1, -1, 1], [1, -1, 1], [1, 0, -1], [1, 1, 1]]",0
2.1119.4t3.a,1119,"[3, 373]","[2, 3, 373]",False,1,"[[[1], [-2], [1]], [[1], [2], [1]], [[1], [0], [-1]], [[1], [0], [-1]], [[1], [0], [1]], [[1], [-1]]]",null,0
2.1119.4t3.b,1119,"[3, 373]","[2, 3, 7, 13, 29, 373]",False,1,"[[[1], [-2], [1]], [[1], [2], [1]], [[1], [0], [-1]], [[1], [0], [-1]], [[1], [0], [1]], [[1], [-1]]]",null,0
2.1119.4t3.c,1119,"[3, 373]","[3, 373]",False,1,"[[[1], [-2], [1]], [[1], [2], [1]], [[1], [0], [-1]], [[1], [0], [-1]], [[1], [0], [1]], [[1], [-1]]]","[[1, 0, 1], [1, -1], [1, 0, 1], [1, -2, 1], [1, 0, 1], [1, 2, 1], [1, 0, -1], [1, 0, -1], [1, 0, 1], [1, 0, -1], [1, -2, 1], [1, 2, 1], [1, 0, -1], [1, 0, -1], [1, 0, 1], [1, 0, 1], [1, 0, -1], [1, 0, -1], [1, 0, -1], [1, 0, -1], [1, 2, 1], [1, 0, -1], [1, 0, -1], [1, 0, -1], [1, 0, -1], [1, 0, -1], [1, 2, 1], [1, 0, -1], [1, 2, 1], [1, 0, 1]]",0
2.1124.4t3.a,1124,"[2, 281]","[2, 281]",False,1,"[[[1], [-2], [1]], [[1], [2], [1]], [[1], [0], [-1]], [[1], [0], [-1]], [[1], [0], [1]], [[1], [1]], [[1], [-1]]]",null,0
2.1124.4t3.b,1124,"[2, 281]","[2, 281]",False,1,"[[[1], [-2], [1]], [[1], [2], [1]], [[1], [0], [-1]], [[1], [0], [-1]], [[1], [0], [1]], [[1], [1]], [[1], [-1]]]","[[1, 1], [1, 0, 1], [1, 2, 1], [1, 0, -1], [1, 0, 1], [1, 0, -1], [1, -2, 1], [1, 0, 1], [1, 0, 1], [1, -2, 1], [1, 0, -1], [1, 0, -1], [1, 0, -1], [1, 0, -1], [1, 0, 1], [1, 2, 1], [1, 0, -1], [1, 0, -1], [1, 0, 1], [1, 0, 1], [1, 0, -1], [1, 0, -1], [1, 0, 1], [1, 0, -1], [1, 0, -1], [1, -2, 1], [1, 0, 1], [1, 0, 1], [1, -2, 1], [1, 0, -1]]",0
2.1124.4t3.c,1124,"[2, 281]","[2, 5, 7, 29, 281, 2281]",False,1,"[[[1], [-2], [1]], [[1], [2], [1]], [[1], [0], [-1]], [[1], [0], [-1]], [[1], [0], [1]], [[1], [1]], [[1], [-1]]]",null,0
2.1127.4t3.a,1127,"[7, 23]","[2, 7, 23]",False,1,"[[[1], [-2], [1]], [[1], [2], [1]], [[1], [0], [-1]], [[1], [0], [-1]], [[1], [0], [1]], [[1]], [[1], [-1]]]",null,0
2.1127.4t3.b,1127,"[7, 23]","[2, 7, 23]",False,1,"[[[1], [-2], [1]], [[1], [2], [1]], [[1], [0], [-1]], [[1], [0], [-1]], [[1], [0], [1]], [[1]], [[1], [-1]]]","[[1, 2, 1], [1, 0, 1], [1, 0, -1], [1], [1, 0, -1], [1, 0, 1], [1, 0, -1], [1, 0, -1], [1, -1], [1, -2, 1], [1, 0, 1], [1, 0, -1], [1, 0, 1], [1, 0, -1], [1, 0, 1], [1, 0, -1], [1, 0, 1], [1, 0, -1], [1, 0, -1], [1, -2, 1], [1, 0, 1], [1, 0, -1], [1, 0, -1], [1, 0, -1], [1, 0, -1], [1, 0, 1], [1, 0, -1], [1, 0, -1], [1, 0, -1], [1, 0, -1]]",0
2.1127.4t3.c,1127,"[7, 23]","[2, 7, 23]",False,1,"[[[1], [-2], [1]], [[1], [2], [1]], [[1], [0], [-1]], [[1], [0], [-1]], [[1], [0], [1]], [[1]], [[1], [-1]]]",null,0
2.1127.6t3.a,1127,"[7, 23]","[2, 7, 23, 2903]",False,1,"[[[1], [-2], [1]], [[1], [2], [1]], [[1], [0], [-1]], [[1], [0], [-1]], [[1], [1], [1]], [[1], [-1], [1]], [[1]], [[1], [-1]]]",null,0
2.1127.6t3.b,1127,"[7, 23]","[2, 5, 7, 23]",False,1,"[[[1], [-2], [1]], [[1], [2], [1]], [[1], [0], [-1]], [[1], [0], [-1]], [[1], [1], [1]], [[1], [-1], [1]], [[1]], [[1], [-1]]]","[[1, 1, 1], [1, -1, 1], [1, 0, -1], [1], [1, 0, -1], [1, -1, 1], [1, 0, -1], [1, 0, -1], [1, -1], [1, 1, 1], [1, -1, 1], [1, 0, -1], [1, -1, 1], [1, 0, -1], [1, -1, 1], [1, 0, -1], [1, 2, 1], [1, 0, -1], [1, 0, -1], [1, 1, 1], [1, -1, 1], [1, 0, -1], [1, 0, -1], [1, 0, -1], [1, 0, -1], [1, 2, 1], [1, 0, -1], [1, 0, -1], [1, 0, -1], [1, 0, -1]]",0
2.1128.4t3.a,1128,"[2, 3, 47]","[2, 3, 5, 7, 47, 53, 97, 263]",False,1,"[[[1], [-2], [1]], [[1], [2], [1]], [[1], [0], [-1]], [[1], [0], [-1]], [[1], [0], [1]], [[1], [1]], [[1], [-1]]]",null,0
2.1128.4t3.b,1128,"[2, 3, 47]","[2, 3, 5, 7, 47, 101, 2539]",False,1,"[[[1], [-2], [1]], [[1], [2], [1]], [[1], [0], [-1]], [[1], [0], [-1]], [[1], [0], [1]], [[1], [-1]], [[1], [1]]]",null,0
2.1128.4t3.c,1128,"[2, 3, 47]","[2, 3, 47]",False,1,"[[[1], [-2], [1]], [[1], [2], [1]], [[1], [0], [-1]], [[1], [0], [-1]], [[1], [0], [1]], [[1], [-1]], [[1], [1]]]","[[1, -1], [1, 1], [1, 0, -1], [1, 0, -1], [1, 0, 1], [1, 0, 1], [1, 0, -1], [1, 0, -1], [1, 0, -1], [1, 0, -1], [1, 0, 1], [1, 0, -1], [1, 0, 1], [1, 0, -1], [1, 1], [1, 2, 1], [1, 0, -1], [1, 0, -1], [1, 0, -1], [1, 2, 1], [1, 0, -1], [1, 0, -1], [1, 0, -1], [1, 0, -1], [1, 2, 1], [1, 2, 1], [1, 0, -1], [1, 0, 1], [1, 0, 1], [1, 0, 1]]",0
2.1128.4t3.d,1128,"[2, 3, 47]","[2, 3, 7, 47]",False,1,"[[[1], [-2], [1]], [[1], [2], [1]], [[1], [0], [-1]], [[1], [0], [-1]], [[1], [0], [1]], [[1], [1]], [[1], [-1]]]","[[1, 1], [1, 1], [1, 0, -1], [1, 0, -1], [1, 0, 1], [1, 0, 1], [1, 0, -1], [1, 0, -1], [1, 0, -1], [1, 0, -1], [1, 0, 1], [1, 0, -1], [1, 0, 1], [1, 0, -1], [1, -1], [1, -2, 1], [1, 0, -1], [1, 0, -1], [1, 0, -1], [1, -2, 1], [1, 0, -1], [1, 0, -1], [1, 0, -1], [1, 0, -1], [1, 2, 1], [1, -2, 1], [1, 0, -1], [1, 0, 1], [1, 0, 1], [1, 0, 1]]",0
2.1128.4t3.e,1128,"[2, 3, 47]","[2, 3, 47]",False,1,"[[[1], [-2], [1]], [[1], [2], [1]], [[1], [0], [-1]], [[1], [0], [-1]], [[1], [0], [1]], [[1], [-1]], [[1], [1]]]",null,0
2.1128.4t3.f,1128,"[2, 3, 47]","[2, 3, 5, 47]",False,1,"[[[1], [-2], [1]], [[1], [2], [1]], [[1], [0], [-1]], [[1], [0], [-1]], [[1], [0], [1]], [[1], [1]], [[1], [-1]]]",null,0
2.1129.3t2.a,1129,[1129],[1129],True,1,"[[[1], [-2], [1]], [[1], [0], [-1]], [[1], [1], [1]], [[1], [-1]]]",null,0
2.1131.4t3.a,1131,"[3, 13, 29]","[2, 3, 13, 29]",False,1,"[[[1], [-2], [1]], [[1], [2], [1]], [[1], [0], [-1]], [[1], [0], [-1]], [[1], [0], [1]], [[1], [1]], [[1], [-1]]]","[[1, 0, -1], [1, 1], [1, 0, 1], [1, 0, -1], [1, 0, -1], [1, 1], [1, -2, 1], [1, 0, 1], [1, 0, -1], [1, -1], [1, 0, 1], [1, 0, 1], [1, 0, -1], [1, 0, -1], [1, 0, -1], [1, 0, -1], [1, 0, 1], [1, 0, -1], [1, 0, -1], [1, 0, 1], [1, 0, 1], [1, 0, -1], [1, 0, 1], [1, 0, -1], [1, 0, 1], [1, 2, 1], [1, 2, 1], [1, 0, -1], [1, 0, -1], [1, 2, 1]]",0
2.1131.4t3.b,1131,"[3, 13, 29]","[2, 3, 13, 29]",False,1,"[[[1], [-2], [1]], [[1], [2], [1]], [[1], [0], [-1]], [[1], [0], [-1]], [[1], [0], [1]], [[1], [-1]], [[1], [1]]]","[[1, 0, -1], [1, -1], [1, 0, 1], [1, 0, -1], [1, 0, -1], [1, 1], [1, 2, 1], [1, 0, 1], [1, 0, -1], [1, 1], [1, 0, 1], [1, 0, 1], [1, 0, -1], [1, 0, -1], [1, 0, -1], [1, 0, -1], [1, 0, 1], [1, 0, -1], [1, 0, -1], [1, 0, 1], [1, 0, 1], [1, 0, -1], [1, 0, 1], [1, 0, -1], [1, 0, 1], [1, -2, 1], [1, 2, 1], [1, 0, -1], [1, 0, -1], [1, -2, 1]]",0
2.1131.4t3.c,1131,"[3, 13, 29]","[2, 3, 11, 13, 17, 19, 29, 499, 599, 2963]",False,1,"[[[1], [-2], [1]], [[1], [2], [1]], [[1], [0], [-1]], [[1], [0], [-1]], [[1], [0], [1]], [[1], [1]], [[1], [-1]]]",null,0
2.1131.4t3.d,1131,"[3, 13, 29]","[2, 3, 5, 13, 29]",False,1,"[[[1], [-2], [1]], [[1], [2], [1]], [[1], [0], [-1]], [[1], [0], [-1]], [[1], [0], [1]], [[1], [-1]], [[1], [1]]]",null,0
2.1131.4t3.e,1131,"[3, 13, 29]","[3, 7, 13, 29]",False,1,"[[[1], [-2], [1]], [[1], [2], [1]], [[1], [0], [-1]], [[1], [0], [-1]], [[1], [0], [1]], [[1], [-1]], [[1], [1]]]",null,0
2.1131.4t3.f,1131,"[3, 13, 29]","[2, 3, 13, 29]",False,1,"[[[1], [-2], [1]], [[1], [2], [1]], [[1], [0], [-1]], [[1], [0], [-1]], [[1], [0], [1]], [[1], [1]], [[1], [-1]]]",null,0
2.1135.3t2.a,1135,"[5, 227]","[5, 227]",False,1,"[[[1], [-2], [1]], [[1], [0], [-1]], [[1], [1], [1]], [[1], [-1]]]","[[1, 1, 1], [1, 0, -1], [1, -1], [1, 0, -1], [1, -2, 1], [1, 1, 1], [1, 1, 1], [1, 1, 1], [1, 0, -1], [1, 1, 1], [1, 0, -1], [1, -2, 1], [1, 0, -1], [1, 0, -1], [1, 0, -1], [1, 0, -1], [1, 1, 1], [1, 0, -1], [1, 1, 1], [1, 1, 1], [1, 0, -1], [1, 1, 1], [1, -2, 1], [1, 1, 1], [1, 0, -1], [1, 1, 1], [1, 0, -1], [1, 1, 1], [1, -2, 1], [1, 0, -1]]",0
2.1135.6t3.a,1135,"[5, 227]","[3, 5, 11, 37, 227]",False,1,"[[[1], [-2], [1]], [[1], [2], [1]], [[1], [0], [-1]], [[1], [0], [-1]], [[1], [1], [1]], [[1], [-1], [1]], [[1], [1]]]",null,0
2.1135.6t3.b,1135,"[5, 227]","[5, 11, 227]",False,1,"[[[1], [-2], [1]], [[1], [2], [1]], [[1], [0], [-1]], [[1], [0], [-1]], [[1], [1], [1]], [[1], [-1], [1]], [[1], [1]]]","[[1, -1, 1], [1, 0, -1], [1, 1], [1, 0, -1], [1, -2, 1], [1, -1, 1], [1, -1, 1], [1, 1, 1], [1, 0, -1], [1, 1, 1], [1, 0, -1], [1, 2, 1], [1, 0, -1], [1, 0, -1], [1, 0, -1], [1, 0, -1], [1, 1, 1], [1, 0, -1], [1, -1, 1], [1, 1, 1], [1, 0, -1], [1, 1, 1], [1, 2, 1], [1, 1, 1], [1, 0, -1], [1, 1, 1], [1, 0, -1], [1, -1, 1], [1, -2, 1], [1, 0, -1]]",0
2.1139.4t3.a,1139,"[17, 67]","[2, 17, 37, 67]",False,1,"[[[1], [-2], [1]], [[1], [2], [1]], [[1], [0], [-1]], [[1], [0], [-1]], [[1], [0], [1]], [[1], [-1]]]",null,0
2.1139.4t3.b,1139,"[17, 67]","[17, 67]",False,1,"[[[1], [-2], [1]], [[1], [2], [1]], [[1], [0], [-1]], [[1], [0], [-1]], [[1], [0], [1]], [[1], [-1]]]","[[1, 0, -1], [1, 0, 1], [1, 0, 1], [1, 0, 1], [1, 0, 1], [1, 0, -1], [1, -1], [1, -2, 1], [1, 0, -1], [1, 0, -1], [1, 0, 1], [1, 0, -1], [1, 0, 1], [1, 0, -1], [1, 2, 1], [1, 0, -1], [1, 2, 1], [1, 0, 1], [1, -1], [1, 0, -1], [1, 0, -1], [1, 0, 1], [1, 2, 1], [1, -2, 1], [1, 0, 1], [1, 0, -1], [1, 2, 1], [1, 0, -1], [1, 0, 1], [1, 0, 1]]",0
2.1139.4t3.c,1139,"[17, 67]","[2, 17, 67]",False,1,"[[[1], [-2], [1]], [[1], [2], [1]], [[1], [0], [-1]], [[1], [0], [-1]], [[1], [0], [1]], [[1], [-1]]]",null,0
2.1140.4t3.a,1140,"[2, 3, 5, 19]","[2, 3, 5, 19]",False,1,"[[[1], [-2], [1]], [[1], [2], [1]], [[1], [0], [-1]], [[1], [0], [-1]], [[1], [0], [1]], [[1], [-1]], [[1], [1]]]",null,0
2.1140.4t3.b,1140,"[2, 3, 5, 19]","[2, 3, 5, 19]",False,1,"[[[1], [-2], [1]], [[1], [2], [1]], [[1], [0], [-1]], [[1], [0], [-1]], [[1], [0], [1]], [[1], [1]], [[1], [-1]]]",null,0
2.1140.4t3.c,1140,"[2, 3, 5, 19]","[2, 3, 5, 19]",False,1,"[[[1], [-2], [1]], [[1], [2], [1]], [[1], [0], [-1]], [[1], [0], [-1]], [[1], [0], [1]], [[1], [-1]], [[1], [1]]]",null,0
2.1140.4t3.d,1140,"[2, 3, 5, 19]","[2, 3, 5, 19]",False,1,"[[[1], [-2], [1]], [[1], [2], [1]], [[1], [0], [-1]], [[1], [0], [-1]], [[1], [0], [1]], [[1], [1]], [[1], [-1]]]",null,0
2.1140.4t3.e,1140,"[2, 3, 5, 19]","[2, 3, 5, 19]",False,1,"[[[1], [-2], [1]], [[1], [2], [1]], [[1], [0], [-1]], [[1], [0], [-1]], [[1], [0], [1]], [[1], [1]], [[1], [-1]]]","[[1, 1], [1, -1], [1, -1], [1, 0, 1], [1, 0, 1], [1, 0, 1], [1, 2, 1], [1, -1], [1, 0, -1], [1, 0, 1], [1, 2, 1], [1, 0, 1], [1, 0, 1], [1, 0, 1], [1, 0, -1], [1, 0, -1], [1, 0, -1], [1, 2, 1], [1, 0, -1], [1, 0, -1], [1, 0, -1], [1, -2, 1], [1, 0, -1], [1, 0, 1], [1, 0, 1], [1, 0, -1], [1, 0, -1], [1, -2, 1], [1, 0, -1], [1, 0, -1]]",0
2.1140.4t3.f,1140,"[2, 3, 5, 19]","[2, 3, 5, 19]",False,1,"[[[1], [-2], [1]], [[1], [2], [1]], [[1], [0], [-1]], [[1], [0], [-1]], [[1], [0], [1]], [[1], [-1]], [[1], [1]]]","[[1, -1], [1, 1], [1, -1], [1, 0, 1], [1, 0, 1], [1, 0, 1], [1, 2, 1], [1, 1], [1, 0, -1], [1, 0, 1], [1, -2, 1], [1, 0, 1], [1, 0, 1], [1, 0, 1], [1, 0, -1], [1, 0, -1], [1, 0, -1], [1, 2, 1], [1, 0, -1], [1, 0, -1], [1, 0, -1], [1, 2, 1], [1, 0, -1], [1, 0, 1], [1, 0, 1], [1, 0, -1], [1, 0, -1], [1, 2, 1], [1, 0, -1], [1, 0, -1]]",0
2.1140.4t3.g,1140,"[2, 3, 5, 19]","[2, 3, 5, 19]",False,1,"[[[1], [-2], [1]], [[1], [2], [1]], [[1], [0], [-1]], [[1], [0], [-1]], [[1], [0], [1]], [[1], [-1]], [[1], [1]]]","[[1, -1], [1, 1], [1, 1], [1, 0, 1], [1, 0, 1], [1, 0, 1], [1, -2, 1], [1, -1], [1, 0, -1], [1, 0, 1], [1, 2, 1], [1, 0, 1], [1, 0, 1], [1, 0, 1], [1, 0, -1], [1, 0, -1], [1, 0, -1], [1, 2, 1], [1, 0, -1], [1, 0, -1], [1, 0, -1], [1, -2, 1], [1, 0, -1], [1, 0, 1], [1, 0, 1], [1, 0, -1], [1, 0, -1], [1, 2, 1], [1, 0, -1], [1, 0, -1]]",0
2.1140.4t3.h,1140,"[2, 3, 5, 19]","[2, 3, 5, 19]",False,1,"[[[1], [-2], [1]], [[1], [2], [1]], [[1], [0], [-1]], [[1], [0], [-1]], [[1], [0], [1]], [[1], [1]], [[1], [-1]]]","[[1, 1], [1, -1], [1, 1], [1, 0, 1], [1, 0, 1], [1, 0, 1], [1, -2, 1], [1, 1], [1, 0, -1], [1, 0, 1], [1, -2, 1], [1, 0, 1], [1, 0, 1], [1, 0, 1], [1, 0, -1], [1, 0, -1], [1, 0, -1], [1, 2, 1], [1, 0, -1], [1, 0, -1], [1, 0, -1], [1, 2, 1], [1, 0, -1], [1, 0, 1], [1, 0, 1], [1, 0, -1], [1, 0, -1], [1, -2, 1], [1, 0, -1], [1, 0, -1]]",0
2.1140.4t3.i,1140,"[2, 3, 5, 19]","[2, 3, 5, 17, 19, 1697]",False,1,"[[[1], [-2], [1]], [[1], [2], [1]], [[1], [0], [-1]], [[1], [0], [-1]], [[1], [0], [1]], [[1], [-1]], [[1], [1]]]",null,0
2.1140.4t3.j,1140,"[2, 3, 5, 19]","[2, 3, 5, 19, 31]",False,1,"[[[1], [-2], [1]], [[1], [2], [1]], [[1], [0], [-1]], [[1], [0], [-1]], [[1], [0], [1]], [[1], [-1]], [[1], [1]]]",null,0
2.1140.4t3.k,1140,"[2, 3, 5, 19]","[2, 3, 5, 19, 31, 2131]",False,1,"[[[1], [-2], [1]], [[1], [2], [1]], [[1], [0], [-1]], [[1], [0], [-1]], [[1], [0], [1]], [[1], [1]], [[1], [-1]]]",null,0
2.1140.4t3.l,1140,"[2, 3, 5, 19]","[2, 3, 5, 19, 139]",False,1,"[[[1], [-2], [1]], [[1], [2], [1]], [[1], [0], [-1]], [[1], [0], [-1]], [[1], [0], [1]], [[1], [1]], [[1], [-1]]]",null,0
2.1143.4t3.a,1143,"[3, 127]","[2, 3, 5, 13, 127]",False,1,"[[[1], [-2], [1]], [[1], [2], [1]], [[1], [0], [-1]], [[1], [0], [-1]], [[1], [0], [1]], [[1]], [[1], [1]]]",null,0
2.1143.4t3.b,1143,"[3, 127]","[2, 3, 5, 127]",False,1,"[[[1], [-2], [1]], [[1], [2], [1]], [[1], [0], [-1]], [[1], [0], [-1]], [[1], [0], [1]], [[1]], [[1], [1]]]",null,0
2.1143.4t3.c,1143,"[3, 127]","[3, 5, 127]",False,1,"[[[1], [-2], [1]], [[1], [2], [1]], [[1], [0], [-1]], [[1], [0], [-1]], [[1], [0], [1]], [[1]], [[1], [1]]]","[[1, 0, 1], [1], [1, 0, -1], [1, 0, -1], [1, 0, 1], [1, -2, 1], [1, 0, 1], [1, 2, 1], [1, 0, -1], [1, 0, -1], [1, -2, 1], [1, -2, 1], [1, 0, 1], [1, 0, -1], [1, 0, 1], [1, 0, -1], [1, 0, -1], [1, 2, 1], [1, 0, -1], [1, 0, 1], [1, 2, 1], [1, 2, 1], [1, 0, -1], [1, 0, -1], [1, 0, -1], [1, 0, -1], [1, -2, 1], [1, 0, 1], [1, 0, -1], [1, 0, 1]]",0
2.1144.3t2.a,1144,"[2, 11, 13]","[2, 11, 13]",False,1,"[[[1], [-2], [1]], [[1], [0], [-1]], [[1], [1], [1]], [[1], [-1]]]","[[1, -1], [1, 0, -1], [1, 1, 1], [1, 1, 1], [1, -1], [1, -1], [1, 0, -1], [1, 0, -1], [1, 1, 1], [1, 1, 1], [1, 0, -1], [1, -2, 1], [1, 1, 1], [1, 1, 1], [1, 0, -1], [1, 0, -1], [1, 1, 1], [1, 1, 1], [1, 1, 1], [1, 0, -1], [1, 1, 1], [1, 0, -1], [1, 0, -1], [1, 0, -1], [1, 0, -1], [1, -2, 1], [1, 1, 1], [1, 1, 1], [1, 0, -1], [1, 1, 1]]",0
2.1144.6t3.a,1144,"[2, 11, 13]","[2, 11, 13, 19]",False,1,"[[[1], [-2], [1]], [[1], [2], [1]], [[1], [0], [-1]], [[1], [0], [-1]], [[1], [1], [1]], [[1], [-1], [1]], [[1], [-1]], [[1], [1]]]",null,0
2.1144.6t3.b,1144,"[2, 11, 13]","[2, 3, 11, 13]",False,1,"[[[1], [-2], [1]], [[1], [2], [1]], [[1], [0], [-1]], [[1], [0], [-1]], [[1], [1], [1]], [[1], [-1], [1]], [[1], [1]], [[1], [-1]]]","[[1, 1], [1, 0, -1], [1, 1, 1], [1, -1, 1], [1, -1], [1, 1], [1, 0, -1], [1, 0, -1], [1, 1, 1], [1, -1, 1], [1, 0, -1], [1, -2, 1], [1, -1, 1], [1, -1, 1], [1, 0, -1], [1, 0, -1], [1, 1, 1], [1, -1, 1], [1, 1, 1], [1, 0, -1], [1, -1, 1], [1, 0, -1], [1, 0, -1], [1, 0, -1], [1, 0, -1], [1, 2, 1], [1, 1, 1], [1, -1, 1], [1, 0, -1], [1, 1, 1]]",0
2.1144.6t3.c,1144,"[2, 11, 13]","[2, 3, 11, 13, 37]",False,1,"[[[1], [-2], [1]], [[1], [2], [1]], [[1], [0], [-1]], [[1], [0], [-1]], [[1], [1], [1]], [[1], [-1], [1]], [[1], [1]], [[1], [-1]]]",null,0
2.1144.6t3.d,1144,"[2, 11, 13]","[2, 3, 11, 13]",False,1,"[[[1], [-2], [1]], [[1], [2], [1]], [[1], [0], [-1]], [[1], [0], [-1]], [[1], [1], [1]], [[1], [-1], [1]], [[1], [-1]], [[1], [1]]]","[[1, -1], [1, 0, -1], [1, -1, 1], [1, 1, 1], [1, 1], [1, 1], [1, 0, -1], [1, 0, -1], [1, 1, 1], [1, -1, 1], [1, 0, -1], [1, 2, 1], [1, 1, 1], [1, -1, 1], [1, 0, -1], [1, 0, -1], [1, -1, 1], [1, -1, 1], [1, -1, 1], [1, 0, -1], [1, 1, 1], [1, 0, -1], [1, 0, -1], [1, 0, -1], [1, 0, -1], [1, 2, 1], [1, 1, 1], [1, -1, 1], [1, 0, -1], [1, 1, 1]]",0
2.1144.6t3.e,1144,"[2, 11, 13]","[2, 3, 11, 13]",False,1,"[[[1], [-2], [1]], [[1], [2], [1]], [[1], [0], [-1]], [[1], [0], [-1]], [[1], [1], [1]], [[1], [-1], [1]], [[1], [1]], [[1], [-1]]]",null,0
2.1144.6t3.f,1144,"[2, 11, 13]","[2, 11, 13]",False,1,"[[[1], [-2], [1]], [[1], [2], [1]], [[1], [0], [-1]], [[1], [0], [-1]], [[1], [1], [1]], [[1], [-1], [1]], [[1], [1]], [[1], [-1]]]","[[1, 1], [1, 0, -1], [1, -1, 1], [1, -1, 1], [1, 1], [1, -1], [1, 0, -1], [1, 0, -1], [1, 1, 1], [1, 1, 1], [1, 0, -1], [1, 2, 1], [1, -1, 1], [1, 1, 1], [1, 0, -1], [1, 0, -1], [1, -1, 1], [1, 1, 1], [1, -1, 1], [1, 0, -1], [1, -1, 1], [1, 0, -1], [1, 0, -1], [1, 0, -1], [1, 0, -1], [1, -2, 1], [1, 1, 1], [1, 1, 1], [1, 0, -1], [1, 1, 1]]",0
2.1145.4t3.a,1145,"[5, 229]","[3, 5, 229]",True,1,"[[[1], [-2], [1]], [[1], [2], [1]], [[1], [0], [-1]], [[1], [0], [-1]], [[1], [0], [1]], [[1], [1]]]",null,0
2.1145.4t3.b,1145,"[5, 229]","[3, 5, 229]",True,1,"[[[1], [-2], [1]], [[1], [2], [1]], [[1], [0], [-1]], [[1], [0], [-1]], [[1], [0], [1]], [[1], [1]]]",null,0
2.1145.4t3.c,1145,"[5, 229]","[2, 3, 5, 229]",True,1,"[[[1], [-2], [1]], [[1], [2], [1]], [[1], [0], [-1]], [[1], [0], [-1]], [[1], [0], [1]], [[1], [1]]]",null,0
2.1147.3t2.a,1147,"[31, 37]","[31, 37]",False,1,"[[[1], [-2], [1]], [[1], [0], [-1]], [[1], [1], [1]], [[1], [-1]]]","[[1, 0, -1], [1, 0, -1], [1, 0, -1], [1, 1, 1], [1, 0, -1], [1, 1, 1], [1, -2, 1], [1, 0, -1], [1, 1, 1], [1, 1, 1], [1, -1], [1, -1], [1, 1, 1], [1, 1, 1], [1, 1, 1], [1, 0, -1], [1, 0, -1], [1, 1, 1], [1, 1, 1], [1, 1, 1], [1, 0, -1], [1, -2, 1], [1, 0, -1], [1, 1, 1], [1, 0, -1], [1, 1, 1], [1, 0, -1], [1, 1, 1], [1, 0, -1], [1, 0, -1]]",0
2.1147.6t3.a,1147,"[31, 37]","[2, 3, 31, 37]",False,1,"[[[1], [-2], [1]], [[1], [2], [1]], [[1], [0], [-1]], [[1], [0], [-1]], [[1], [1], [1]], [[1], [-1], [1]], [[1], [1]]]","[[1, 0, -1], [1, 0, -1], [1, 0, -1], [1, 1, 1], [1, 0, -1], [1, -1, 1], [1, 2, 1], [1, 0, -1], [1, -1, 1], [1, -1, 1], [1, 1], [1, 1], [1, 1, 1], [1, -1, 1], [1, 1, 1], [1, 0, -1], [1, 0, -1], [1, -1, 1], [1, 1, 1], [1, 1, 1], [1, 0, -1], [1, 2, 1], [1, 0, -1], [1, -1, 1], [1, 0, -1], [1, 1, 1], [1, 0, -1], [1, 1, 1], [1, 0, -1], [1, 0, -1]]",0
2.1147.6t3.b,1147,"[31, 37]","[2, 5, 31, 37]",False,1,"[[[1], [-2], [1]], [[1], [2], [1]], [[1], [0], [-1]], [[1], [0], [-1]], [[1], [1], [1]], [[1], [-1], [1]], [[1], [1]]]",null,0
2.1152.4t3.a,1152,"[2, 3]","[2, 3]",True,1,"[[[1], [-2], [1]], [[1], [2], [1]], [[1], [0], [-1]], [[1], [0], [-1]], [[1], [0], [1]], [[1]]]",null,0
2.1152.4t3.b,1152,"[2, 3]","[2, 3]",True,1,"[[[1], [-2], [1]], [[1], [2], [1]], [[1], [0], [-1]], [[1], [0], [-1]], [[1], [0], [1]], [[1]]]",null,0
2.1152.4t3.c,1152,"[2, 3]","[2, 3]",False,1,"[[[1], [-2], [1]], [[1], [2], [1]], [[1], [0], [-1]], [[1], [0], [-1]], [[1], [0], [1]], [[1]]]","[[1], [1], [1, 0, -1], [1, 0, -1], [1, 0, 1], [1, 0, -1], [1, -2, 1], [1, 0, 1], [1, 0, -1], [1, 0, -1], [1, 0, -1], [1, 0, -1], [1, 2, 1], [1, 0, 1], [1, 0, -1], [1, 0, -1], [1, 0, 1], [1, 0, -1], [1, 0, 1], [1, 0, -1], [1, 2, 1], [1, 0, -1], [1, 0, 1], [1, -2, 1], [1, 2, 1], [1, 0, -1], [1, 0, -1], [1, 0, 1], [1, 0, -1], [1, 2, 1]]",0
2.1152.4t3.d,1152,"[2, 3]","[2, 3, 5]",True,1,"[[[1], [-2], [1]], [[1], [2], [1]], [[1], [0], [-1]], [[1], [0], [-1]], [[1], [0], [1]], [[1]]]",null,0
2.1152.4t3.e,1152,"[2, 3]","[2, 3, 5, 13, 29]",True,1,"[[[1], [-2], [1]], [[1], [2], [1]], [[1], [0], [-1]], [[1], [0], [-1]], [[1], [0], [1]], [[1]]]",null,0
2.1152.4t3.f,1152,"[2, 3]","[2, 3]",False,1,"[[[1], [-2], [1]], [[1], [2], [1]], [[1], [0], [-1]], [[1], [0], [-1]], [[1], [0], [1]], [[1]]]",null,0
2.1152.4t3.g,1152,"[2, 3]","[2, 3]",True,1,"[[[1], [-2], [1]], [[1], [2], [1]], [[1], [0], [-1]], [[1], [0], [-1]], [[1], [0], [1]], [[1]]]",null,0
2.1152.4t3.h,1152,"[2, 3]","[2, 3]",True,1,"[[[1], [-2], [1]], [[1], [2], [1]], [[1], [0], [-1]], [[1], [0], [-1]], [[1], [0], [1]], [[1]]]",null,0
2.1152.4t3.i,1152,"[2, 3]","[2, 3, 13, 17]",False,1,"[[[1], [-2], [1]], [[1], [2], [1]], [[1], [0], [-1]], [[1], [0], [-1]], [[1], [0], [1]], [[1]]]",null,0
2.1156.4t3.a,1156,"[2, 17]","[2, 3, 17]",False,1,"[[[1], [-2], [1]], [[1], [2], [1]], [[1], [0], [-1]], [[1], [0], [-1]], [[1], [0], [1]], [[1], [-1]], [[1]]]","[[1, -1], [1, 0, -1], [1, 0, 1], [1, 0, -1], [1, 0, -1], [1, 2, 1], [1], [1, 0, -1], [1, 0, -1], [1, 0, 1], [1, 0, -1], [1, 0, 1], [1, 0, 1], [1, 0, -1], [1, 0, -1], [1, 2, 1], [1, 0, -1], [1, 0, 1], [1, 0, -1], [1, 0, -1], [1, 0, 1], [1, 0, -1], [1, 0, -1], [1, 2, 1], [1, 0, 1], [1, 2, 1], [1, 0, -1], [1, 0, -1], [1, 0, 1], [1, 0, 1]]",0
2.1156.4t3.b,1156,"[2, 17]","[2, 3, 17, 23]",False,1,"[[[1], [-2], [1]], [[1], [2], [1]], [[1], [0], [-1]], [[1], [0], [-1]], [[1], [0], [1]], [[1], [-1]], [[1]]]",null,0
2.1156.4t3.c,1156,"[2, 17]","[2, 17]",False,1,"[[[1], [-2], [1]], [[1], [2], [1]], [[1], [0], [-1]], [[1], [0], [-1]], [[1], [0], [1]], [[1], [-1]], [[1]]]",null,0
2.1159.4t3.a,1159,"[19, 61]","[3, 19, 61]",False,1,"[[[1], [-2], [1]], [[1], [2], [1]], [[1], [0], [-1]], [[1], [0], [-1]], [[1], [0], [1]], [[1], [-1]]]","[[1, 0, 1], [1, 0, -1], [1, 2, 1], [1, 0, -1], [1, 0, -1], [1, 0, -1], [1, 0, -1], [1, -1], [1, 0, -1], [1, 0, 1], [1, 0, 1], [1, 0, 1], [1, 0, -1], [1, 0, -1], [1, -2, 1], [1, 0, 1], [1, 0, 1], [1, -1], [1, 0, 1], [1, 0, 1], [1, 2, 1], [1, 0, 1], [1, 2, 1], [1, 0, 1], [1, 0, -1], [1, 0, -1], [1, 0, -1], [1, 0, -1], [1, 0, -1], [1, 0, -1]]",0
2.1159.4t3.b,1159,"[19, 61]","[2, 3, 5, 7, 19, 61, 101]",False,1,"[[[1], [-2], [1]], [[1], [2], [1]], [[1], [0], [-1]], [[1], [0], [-1]], [[1], [0], [1]], [[1], [-1]]]",null,0
2.1159.4t3.c,1159,"[19, 61]","[19, 61]",False,1,"[[[1], [-2], [1]], [[1], [2], [1]], [[1], [0], [-1]], [[1], [0], [-1]], [[1], [0], [1]], [[1], [-1]]]",null,0
2.1164.3t2.a,1164,"[2, 3, 97]","[2, 3, 97]",False,1,"[[[1], [-2], [1]], [[1], [0], [-1]], [[1], [1], [1]], [[1]], [[1], [-1]]]","[[1], [1, -1], [1, 1, 1], [1, 0, -1], [1, 0, -1], [1, 0, -1], [1, -2, 1], [1, 0, -1], [1, -2, 1], [1, 1, 1], [1, 1, 1], [1, 0, -1], [1, 1, 1], [1, 1, 1], [1, 0, -1], [1, 0, -1], [1, 1, 1], [1, 1, 1], [1, 0, -1], [1, 1, 1], [1, 1, 1], [1, 1, 1], [1, 1, 1], [1, 0, -1], [1, -1], [1, 0, -1], [1, 1, 1], [1, 1, 1], [1, -2, 1], [1, 0, -1]]",0
2.1164.4t3.a,1164,"[2, 3, 97]","[2, 3, 97]",True,1,"[[[1], [-2], [1]], [[1], [2], [1]], [[1], [0], [-1]], [[1], [0], [-1]], [[1], [0], [1]], [[1], [-1]], [[1], [1]]]",null,0
2.1164.4t3.b,1164,"[2, 3, 97]","[2, 3, 97]",True,1,"[[[1], [-2], [1]], [[1], [2], [1]], [[1], [0], [-1]], [[1], [0], [-1]], [[1], [0], [1]], [[1], [1]], [[1], [-1]]]",null,0
2.1164.4t3.c,1164,"[2, 3, 97]","[2, 3, 97]",True,1,"[[[1], [-2], [1]], [[1], [2], [1]], [[1], [0], [-1]], [[1], [0], [-1]], [[1], [0], [1]], [[1], [-1]], [[1], [1]]]",null,0
2.1164.4t3.d,1164,"[2, 3, 97]","[2, 3, 97]",True,1,"[[[1], [-2], [1]], [[1], [2], [1]], [[1], [0], [-1]], [[1], [0], [-1]], [[1], [0], [1]], [[1], [1]], [[1], [-1]]]",null,0
2.1164.4t3.e,1164,"[2, 3, 97]","[2, 3, 11, 61, 97]",True,1,"[[[1], [-2], [1]], [[1], [2], [1]], [[1], [0], [-1]], [[1], [0], [-1]], [[1], [0], [1]], [[1], [-1]], [[1], [1]]]",null,0
2.1164.4t3.f,1164,"[2, 3, 97]","[2, 3, 11, 97]",True,1,"[[[1], [-2], [1]], [[1], [2], [1]], [[1], [0], [-1]], [[1], [0], [-1]], [[1], [0], [1]], [[1], [1]], [[1], [-1]]]",null,0
2.1164.6t3.a,1164,"[2, 3, 97]","[2, 3, 7, 97]",False,1,"[[[1], [-2], [1]], [[1], [2], [1]], [[1], [0], [-1]], [[1], [0], [-1]], [[1], [1], [1]], [[1], [-1], [1]], [[1]], [[1], [-1]]]","[[1], [1, -1], [1, -1, 1], [1, 0, -1], [1, 0, -1], [1, 0, -1], [1, 2, 1], [1, 0, -1], [1, 2, 1], [1, -1, 1], [1, 1, 1], [1, 0, -1], [1, -1, 1], [1, 1, 1], [1, 0, -1], [1, 0, -1], [1, -1, 1], [1, 1, 1], [1, 0, -1], [1, -1, 1], [1, 1, 1], [1, 1, 1], [1, -1, 1], [1, 0, -1], [1, -1], [1, 0, -1], [1, 1, 1], [1, -1, 1], [1, -2, 1], [1, 0, -1]]",0
2.1164.6t3.b,1164,"[2, 3, 97]","[2, 3, 97]",False,1,"[[[1], [-2], [1]], [[1], [2], [1]], [[1], [0], [-1]], [[1], [0], [-1]], [[1], [1], [1]], [[1], [-1], [1]], [[1]], [[1], [-1]]]",null,0
2.1172.3t2.a,1172,"[2, 293]","[2, 293]",False,1,"[[[1], [-2], [1]], [[1], [0], [-1]], [[1], [1], [1]], [[1], [-1]]]","[[1, -1], [1, 1, 1], [1, 0, -1], [1, 1, 1], [1, -2, 1], [1, 0, -1], [1, -2, 1], [1, 1, 1], [1, 1, 1], [1, 0, -1], [1, 0, -1], [1, 1, 1], [1, 0, -1], [1, 0, -1], [1, 1, 1], [1, 1, 1], [1, 0, -1], [1, 1, 1], [1, 0, -1], [1, 0, -1], [1, 1, 1], [1, -2, 1], [1, 0, -1], [1, 0, -1], [1, 1, 1], [1, 0, -1], [1, 1, 1], [1, 0, -1], [1, 1, 1], [1, 0, -1]]",0
2.1172.6t3.a,1172,"[2, 293]","[2, 293]",False,1,"[[[1], [-2], [1]], [[1], [2], [1]], [[1], [0], [-1]], [[1], [0], [-1]], [[1], [1], [1]], [[1], [-1], [1]], [[1], [1]], [[1], [-1]]]","[[1, 1], [1, -1, 1], [1, 0, -1], [1, -1, 1], [1, 2, 1], [1, 0, -1], [1, -2, 1], [1, -1, 1], [1, -1, 1], [1, 0, -1], [1, 0, -1], [1, 1, 1], [1, 0, -1], [1, 0, -1], [1, -1, 1], [1, 1, 1], [1, 0, -1], [1, 1, 1], [1, 0, -1], [1, 0, -1], [1, 1, 1], [1, 2, 1], [1, 0, -1], [1, 0, -1], [1, 1, 1], [1, 0, -1], [1, -1, 1], [1, 0, -1], [1, 1, 1], [1, 0, -1]]",0
2.1172.6t3.b,1172,"[2, 293]","[2, 5, 293]",False,1,"[[[1], [-2], [1]], [[1], [2], [1]], [[1], [0], [-1]], [[1], [0], [-1]], [[1], [1], [1]], [[1], [-1], [1]], [[1], [1]], [[1], [-1]]]",null,0
2.1175.3t2.a,1175,"[5, 47]","[5, 47]",False,1,"[[[1], [-2], [1]], [[1], [0], [-1]], [[1], [1], [1]], [[1]], [[1], [-1]]]","[[1, 1, 1], [1, 1, 1], [1], [1, 1, 1], [1, 0, -1], [1, 0, -1], [1, 1, 1], [1, 0, -1], [1, 0, -1], [1, 0, -1], [1, 0, -1], [1, -2, 1], [1, 0, -1], [1, 0, -1], [1, -1], [1, -2, 1], [1, 1, 1], [1, -2, 1], [1, 0, -1], [1, 1, 1], [1, 0, -1], [1, -2, 1], [1, 1, 1], [1, -2, 1], [1, -2, 1], [1, 1, 1], [1, 1, 1], [1, 0, -1], [1, 0, -1], [1, 0, -1]]",0
2.1175.6t3.a,1175,"[5, 47]","[5, 13, 47]",False,1,"[[[1], [-2], [1]], [[1], [2], [1]], [[1], [0], [-1]], [[1], [0], [-1]], [[1], [1], [1]], [[1], [-1], [1]], [[1]], [[1], [1]]]","[[1, -1, 1], [1, -1, 1], [1], [1, -1, 1], [1, 0, -1], [1, 0, -1], [1, -1, 1], [1, 0, -1], [1, 0, -1], [1, 0, -1], [1, 0, -1], [1, 2, 1], [1, 0, -1], [1, 0, -1], [1, 1], [1, 2, 1], [1, 1, 1], [1, -2, 1], [1, 0, -1], [1, 1, 1], [1, 0, -1], [1, -2, 1], [1, -1, 1], [1, -2, 1], [1, 2, 1], [1, 1, 1], [1, -1, 1], [1, 0, -1], [1, 0, -1], [1, 0, -1]]",0
2.1175.6t3.b,1175,"[5, 47]","[5, 47, 401]",False,1,"[[[1], [-2], [1]], [[1], [2], [1]], [[1], [0], [-1]], [[1], [0], [-1]], [[1], [1], [1]], [[1], [-1], [1]], [[1]], [[1], [1]]]",null,0
2.1176.3t2.a,1176,"[2, 3, 7]","[2, 3, 7]",False,1,"[[[1], [-2], [1]], [[1], [0], [-1]], [[1], [1], [1]], [[1], [-1]], [[1]]]","[[1, -1], [1, -1], [1, 1, 1], [1], [1, 1, 1], [1, 0, -1], [1, 0, -1], [1, 0, -1], [1, 0, -1], [1, 1, 1], [1, 1, 1], [1, 0, -1], [1, 0, -1], [1, 0, -1], [1, 0, -1], [1, 1, 1], [1, 1, 1], [1, 0, -1], [1, 0, -1], [1, 0, -1], [1, -2, 1], [1, 1, 1], [1, 1, 1], [1, 0, -1], [1, 1, 1], [1, -2, 1], [1, -2, 1], [1, 1, 1], [1, 0, -1], [1, 0, -1]]",0
2.1176.6t3.a,1176,"[2, 3, 7]","[2, 3, 7]",False,1,"[[[1], [-2], [1]], [[1], [2], [1]], [[1], [0], [-1]], [[1], [0], [-1]], [[1], [1], [1]], [[1], [-1], [1]], [[1], [1]], [[1], [-1]], [[1]]]","[[1, 1], [1, -1], [1, 1, 1], [1], [1, -1, 1], [1, 0, -1], [1, 0, -1], [1, 0, -1], [1, 0, -1], [1, -1, 1], [1, -1, 1], [1, 0, -1], [1, 0, -1], [1, 0, -1], [1, 0, -1], [1, -1, 1], [1, 1, 1], [1, 0, -1], [1, 0, -1], [1, 0, -1], [1, 2, 1], [1, 1, 1], [1, 1, 1], [1, 0, -1], [1, -1, 1], [1, -2, 1], [1, 2, 1], [1, -1, 1], [1, 0, -1], [1, 0, -1]]",0
2.1176.6t3.b,1176,"[2, 3, 7]","[2, 3, 7]",False,1,"[[[1], [-2], [1]], [[1], [2], [1]], [[1], [0], [-1]], [[1], [0], [-1]], [[1], [1], [1]], [[1], [-1], [1]], [[1], [-1]], [[1], [1]], [[1]]]","[[1, -1], [1, 1], [1, -1, 1], [1], [1, 1, 1], [1, 0, -1], [1, 0, -1], [1, 0, -1], [1, 0, -1], [1, 1, 1], [1, -1, 1], [1, 0, -1], [1, 0, -1], [1, 0, -1], [1, 0, -1], [1, 1, 1], [1, -1, 1], [1, 0, -1], [1, 0, -1], [1, 0, -1], [1, 2, 1], [1, 1, 1], [1, -1, 1], [1, 0, -1], [1, -1, 1], [1, 2, 1], [1, 2, 1], [1, 1, 1], [1, 0, -1], [1, 0, -1]]",0
2.1176.6t3.c,1176,"[2, 3, 7]","[2, 3, 7]",False,1,"[[[1], [-2], [1]], [[1], [2], [1]], [[1], [0], [-1]], [[1], [0], [-1]], [[1], [1], [1]], [[1], [-1], [1]], [[1], [1]], [[1], [-1]], [[1]]]",null,0
2.1176.6t3.d,1176,"[2, 3, 7]","[2, 3, 7]",False,1,"[[[1], [-2], [1]], [[1], [2], [1]], [[1], [0], [-1]], [[1], [0], [-1]], [[1], [1], [1]], [[1], [-1], [1]], [[1], [1]], [[1]]]",null,0
2.1176.6t3.e,1176,"[2, 3, 7]","[2, 3, 7, 139]",False,1,"[[[1], [-2], [1]], [[1], [2], [1]], [[1], [0], [-1]], [[1], [0], [-1]], [[1], [1], [1]], [[1], [-1], [1]], [[1], [-1]], [[1], [1]], [[1]]]",null,0
2.1176.6t3.f,1176,"[2, 3, 7]","[2, 3, 7]",False,1,"[[[1], [-2], [1]], [[1], [2], [1]], [[1], [0], [-1]], [[1], [0], [-1]], [[1], [1], [1]], [[1], [-1], [1]], [[1], [1]], [[1]]]","[[1, 1], [1, 1], [1, -1, 1], [1], [1, -1, 1], [1, 0, -1], [1, 0, -1], [1, 0, -1], [1, 0, -1], [1, -1, 1], [1, 1, 1], [1, 0, -1], [1, 0, -1], [1, 0, -1], [1, 0, -1], [1, -1, 1], [1, -1, 1], [1, 0, -1], [1, 0, -1], [1, 0, -1], [1, -2, 1], [1, 1, 1], [1, -1, 1], [1, 0, -1], [1, 1, 1], [1, 2, 1], [1, -2, 1], [1, -1, 1], [1, 0, -1], [1, 0, -1]]",0
2.1187.3t2.a,1187,[1187],[1187],False,1,"[[[1], [-2], [1]], [[1], [0], [-1]], [[1], [1], [1]], [[1], [-1]]]","[[1, 0, -1], [1, 1, 1], [1, 0, -1], [1, 0, -1], [1, -2, 1], [1, 1, 1], [1, 0, -1], [1, 0, -1], [1, 1, 1], [1, 0, -1], [1, 0, -1], [1, -2, 1], [1, 1, 1], [1, 1, 1], [1, 0, -1], [1, 0, -1], [1, 0, -1], [1, 0, -1], [1, 1, 1], [1, 1, 1], [1, -2, 1], [1, 0, -1], [1, 0, -1], [1, 0, -1], [1, 0, -1], [1, 1, 1], [1, 1, 1], [1, 0, -1], [1, 1, 1], [1, 1, 1]]",0
2.1188.3t2.a,1188,"[2, 3, 11]","[2, 3, 11]",False,1,"[[[1], [-2], [1]], [[1], [0], [-1]], [[1], [1], [1]], [[1], [-1]], [[1]]]","[[1, -1], [1], [1, 0, -1], [1, 1, 1], [1, -1], [1, 0, -1], [1, 1, 1], [1, -2, 1], [1, 1, 1], [1, 1, 1], [1, 0, -1], [1, 1, 1], [1, 1, 1], [1, 1, 1], [1, 1, 1], [1, 0, -1], [1, 1, 1], [1, 0, -1], [1, 0, -1], [1, -2, 1], [1, 0, -1], [1, 1, 1], [1, 0, -1], [1, 0, -1], [1, 1, 1], [1, 1, 1], [1, 0, -1], [1, 0, -1], [1, 0, -1], [1, 0, -1]]",0
2.1188.6t3.a,1188,"[2, 3, 11]","[2, 3, 11]",False,1,"[[[1], [-2], [1]], [[1], [2], [1]], [[1], [0], [-1]], [[1], [0], [-1]], [[1], [1], [1]], [[1], [-1], [1]], [[1], [1]], [[1]], [[1], [-1]]]",null,0
2.1188.6t3.b,1188,"[2, 3, 11]","[2, 3, 5, 11]",False,1,"[[[1], [-2], [1]], [[1], [2], [1]], [[1], [0], [-1]], [[1], [0], [-1]], [[1], [1], [1]], [[1], [-1], [1]], [[1], [1]], [[1]], [[1], [-1]]]","[[1, 1], [1], [1, 0, -1], [1, -1, 1], [1, -1], [1, 0, -1], [1, -1, 1], [1, 2, 1], [1, 1, 1], [1, -1, 1], [1, 0, -1], [1, 1, 1], [1, -1, 1], [1, -1, 1], [1, 1, 1], [1, 0, -1], [1, 1, 1], [1, 0, -1], [1, 0, -1], [1, -2, 1], [1, 0, -1], [1, -1, 1], [1, 0, -1], [1, 0, -1], [1, 1, 1], [1, -1, 1], [1, 0, -1], [1, 0, -1], [1, 0, -1], [1, 0, -1]]",0
2.1188.6t3.c,1188,"[2, 3, 11]","[2, 3, 5, 11]",False,1,"[[[1], [-2], [1]], [[1], [2], [1]], [[1], [0], [-1]], [[1], [0], [-1]], [[1], [1], [1]], [[1], [-1], [1]], [[1], [-1]], [[1]], [[1], [1]]]",null,0
2.1188.6t3.d,1188,"[2, 3, 11]","[2, 3, 5, 11]",False,1,"[[[1], [-2], [1]], [[1], [2], [1]], [[1], [0], [-1]], [[1], [0], [-1]], [[1], [1], [1]], [[1], [-1], [1]], [[1], [1]], [[1]]]","[[1, 1], [1], [1, 0, -1], [1, 1, 1], [1, 1], [1, 0, -1], [1, -1, 1], [1, -2, 1], [1, -1, 1], [1, -1, 1], [1, 0, -1], [1, 1, 1], [1, -1, 1], [1, 1, 1], [1, -1, 1], [1, 0, -1], [1, -1, 1], [1, 0, -1], [1, 0, -1], [1, 2, 1], [1, 0, -1], [1, 1, 1], [1, 0, -1], [1, 0, -1], [1, 1, 1], [1, -1, 1], [1, 0, -1], [1, 0, -1], [1, 0, -1], [1, 0, -1]]",0
2.1188.6t3.e,1188,"[2, 3, 11]","[2, 3, 11]",False,1,"[[[1], [-2], [1]], [[1], [2], [1]], [[1], [0], [-1]], [[1], [0], [-1]], [[1], [1], [1]], [[1], [-1], [1]], [[1], [1]], [[1]]]",null,0
2.1188.6t3.f,1188,"[2, 3, 11]","[2, 3, 11]",False,1,"[[[1], [-2], [1]], [[1], [2], [1]], [[1], [0], [-1]], [[1], [0], [-1]], [[1], [1], [1]], [[1], [-1], [1]], [[1], [-1]], [[1]], [[1], [1]]]","[[1, -1], [1], [1, 0, -1], [1, -1, 1], [1, 1], [1, 0, -1], [1, 1, 1], [1, 2, 1], [1, -1, 1], [1, 1, 1], [1, 0, -1], [1, 1, 1], [1, 1, 1], [1, -1, 1], [1, -1, 1], [1, 0, -1], [1, -1, 1], [1, 0, -1], [1, 0, -1], [1, 2, 1], [1, 0, -1], [1, -1, 1], [1, 0, -1], [1, 0, -1], [1, 1, 1], [1, 1, 1], [1, 0, -1], [1, 0, -1], [1, 0, -1], [1, 0, -1]]",0
2.1191.3t2.a,1191,"[3, 397]","[3, 397]",False,1,"[[[1], [-2], [1]], [[1], [0], [-1]], [[1], [1], [1]], [[1], [-1]]]","[[1, 1, 1], [1, -1], [1, 1, 1], [1, 0, -1], [1, 0, -1], [1, 0, -1], [1, -2, 1], [1, 1, 1], [1, 0, -1], [1, 0, -1], [1, 1, 1], [1, -2, 1], [1, -2, 1], [1, -2, 1], [1, 0, -1], [1, 1, 1], [1, 1, 1], [1, 0, -1], [1, 1, 1], [1, -2, 1], [1, 1, 1], [1, 1, 1], [1, 0, -1], [1, 1, 1], [1, 1, 1], [1, 1, 1], [1, 0, -1], [1, 0, -1], [1, 0, -1], [1, 1, 1]]",0
2.1191.4t3.a,1191,"[3, 397]","[3, 397]",False,1,"[[[1], [-2], [1]], [[1], [2], [1]], [[1], [0], [-1]], [[1], [0], [-1]], [[1], [0], [1]], [[1], [-1]]]","[[1, 0, 1], [1, -1], [1, 0, 1], [1, 0, -1], [1, 0, -1], [1, 0, -1], [1, 0, 1], [1, -2, 1], [1, 0, -1], [1, 0, -1], [1, -2, 1], [1, 2, 1], [1, 0, 1], [1, 2, 1], [1, 0, -1], [1, 0, 1], [1, 0, 1], [1, 0, -1], [1, 2, 1], [1, 0, 1], [1, -2, 1], [1, 2, 1], [1, 0, -1], [1, 0, 1], [1, 2, 1], [1, 0, 1], [1, 0, -1], [1, 0, -1], [1, 0, -1], [1, 0, 1]]",0
2.1191.4t3.b,1191,"[3, 397]","[2, 3, 79, 397]",False,1,"[[[1], [-2], [1]], [[1], [2], [1]], [[1], [0], [-1]], [[1], [0], [-1]], [[1], [0], [1]], [[1], [-1]]]",null,0
2.1191.4t3.c,1191,"[3, 397]","[2, 3, 397]",False,1,"[[[1], [-2], [1]], [[1], [2], [1]], [[1], [0], [-1]], [[1], [0], [-1]], [[1], [0], [1]], [[1], [-1]]]",null,0
2.1191.6t3.a,1191,"[3, 397]","[3, 17, 397]",False,1,"[[[1], [-2], [1]], [[1], [2], [1]], [[1], [0], [-1]], [[1], [0], [-1]], [[1], [1], [1]], [[1], [-1], [1]], [[1], [-1]]]",null,0
2.1191.6t3.b,1191,"[3, 397]","[2, 3, 397]",False,1,"[[[1], [-2], [1]], [[1], [2], [1]], [[1], [0], [-1]], [[1], [0], [-1]], [[1], [1], [1]], [[1], [-1], [1]], [[1], [-1]]]","[[1, -1, 1], [1, -1], [1, -1, 1], [1, 0, -1], [1, 0, -1], [1, 0, -1], [1, 2, 1], [1, 1, 1], [1, 0, -1], [1, 0, -1], [1, 1, 1], [1, -2, 1], [1, 2, 1], [1, -2, 1], [1, 0, -1], [1, -1, 1], [1, -1, 1], [1, 0, -1], [1, 1, 1], [1, 2, 1], [1, 1, 1], [1, 1, 1], [1, 0, -1], [1, -1, 1], [1, 1, 1], [1, -1, 1], [1, 0, -1], [1, 0, -1], [1, 0, -1], [1, -1, 1]]",0
2.1192.3t2.a,1192,"[2, 149]","[2, 149]",False,1,"[[[1], [-2], [1]], [[1], [0], [-1]], [[1], [1], [1]], [[1], [-1]]]","[[1, -1], [1, 0, -1], [1, 0, -1], [1, 0, -1], [1, 0, -1], [1, 1, 1], [1, 1, 1], [1, 1, 1], [1, 1, 1], [1, 0, -1], [1, 0, -1], [1, 0, -1], [1, 0, -1], [1, 0, -1], [1, 0, -1], [1, 0, -1], [1, 0, -1], [1, 0, -1], [1, 1, 1], [1, 1, 1], [1, 1, 1], [1, 1, 1], [1, 0, -1], [1, 0, -1], [1, 0, -1], [1, 1, 1], [1, 0, -1], [1, 1, 1], [1, 1, 1], [1, 1, 1]]",0
2.1192.6t3.a,1192,"[2, 149]","[2, 3, 7, 149]",False,1,"[[[1], [-2], [1]], [[1], [2], [1]], [[1], [0], [-1]], [[1], [0], [-1]], [[1], [1], [1]], [[1], [-1], [1]], [[1], [1]]]",null,0
2.1192.6t3.b,1192,"[2, 149]","[2, 3, 149]",False,1,"[[[1], [-2], [1]], [[1], [2], [1]], [[1], [0], [-1]], [[1], [0], [-1]], [[1], [1], [1]], [[1], [-1], [1]], [[1], [1]]]","[[1, 1], [1, 0, -1], [1, 0, -1], [1, 0, -1], [1, 0, -1], [1, -1, 1], [1, 1, 1], [1, 1, 1], [1, -1, 1], [1, 0, -1], [1, 0, -1], [1, 0, -1], [1, 0, -1], [1, 0, -1], [1, 0, -1], [1, 0, -1], [1, 0, -1], [1, 0, -1], [1, 1, 1], [1, -1, 1], [1, 1, 1], [1, -1, 1], [1, 0, -1], [1, 0, -1], [1, 0, -1], [1, -1, 1], [1, 0, -1], [1, 1, 1], [1, -1, 1], [1, 1, 1]]",0
2.1195.4t3.a,1195,"[5, 239]","[2, 5, 239]",False,1,"[[[1], [-2], [1]], [[1], [2], [1]], [[1], [0], [-1]], [[1], [0], [-1]], [[1], [0], [1]], [[1], [-1]]]","[[1, 0, -1], [1, 0, -1], [1, -1], [1, 0, 1], [1, 2, 1], [1, 0, 1], [1, 0, -1], [1, 0, -1], [1, 0, 1], [1, 2, 1], [1, 2, 1], [1, 0, 1], [1, 0, -1], [1, 0, 1], [1, 0, 1], [1, 0, 1], [1, 0, -1], [1, -2, 1], [1, 0, -1], [1, -2, 1], [1, 0, 1], [1, 0, -1], [1, 0, -1], [1, 0, -1], [1, 0, 1], [1, 2, 1], [1, 0, 1], [1, 0, 1], [1, 2, 1], [1, 0, -1]]",0
2.1195.4t3.b,1195,"[5, 239]","[3, 5, 239]",False,1,"[[[1], [-2], [1]], [[1], [2], [1]], [[1], [0], [-1]], [[1], [0], [-1]], [[1], [0], [1]], [[1], [-1]]]",null,0
2.1195.4t3.c,1195,"[5, 239]","[2, 3, 5, 31, 239, 1229]",False,1,"[[[1], [-2], [1]], [[1], [2], [1]], [[1], [0], [-1]], [[1], [0], [-1]], [[1], [0], [1]], [[1], [-1]]]",null,0
2.1196.3t2.a,1196,"[2, 13, 23]","[2, 13, 23]",False,1,"[[[1], [-2], [1]], [[1], [0], [-1]], [[1], [1], [1]], [[1]], [[1], [-1]]]","[[1], [1, 1, 1], [1, 1, 1], [1, -2, 1], [1, 1, 1], [1, -1], [1, 0, -1], [1, 1, 1], [1, -1], [1, -2, 1], [1, 0, -1], [1, -2, 1], [1, 0, -1], [1, 0, -1], [1, 0, -1], [1, 0, -1], [1, 0, -1], [1, 0, -1], [1, 1, 1], [1, 0, -1], [1, 0, -1], [1, 0, -1], [1, 1, 1], [1, -2, 1], [1, 1, 1], [1, 1, 1], [1, 0, -1], [1, 0, -1], [1, 1, 1], [1, 0, -1]]",0
2.1196.6t3.a,1196,"[2, 13, 23]","[2, 7, 13, 23]",False,1,"[[[1], [-2], [1]], [[1], [2], [1]], [[1], [0], [-1]], [[1], [0], [-1]], [[1], [1], [1]], [[1], [-1], [1]], [[1]], [[1], [-1]]]",null,0
2.1196.6t3.b,1196,"[2, 13, 23]","[2, 7, 13, 23]",False,1,"[[[1], [-2], [1]], [[1], [2], [1]], [[1], [0], [-1]], [[1], [0], [-1]], [[1], [1], [1]], [[1], [-1], [1]], [[1]], [[1], [-1]]]","[[1], [1, 1, 1], [1, -1, 1], [1, 2, 1], [1, -1, 1], [1, -1], [1, 0, -1], [1, -1, 1], [1, -1], [1, -2, 1], [1, 0, -1], [1, 2, 1], [1, 0, -1], [1, 0, -1], [1, 0, -1], [1, 0, -1], [1, 0, -1], [1, 0, -1], [1, -1, 1], [1, 0, -1], [1, 0, -1], [1, 0, -1], [1, -1, 1], [1, 2, 1], [1, -1, 1], [1, 1, 1], [1, 0, -1], [1, 0, -1], [1, -1, 1], [1, 0, -1]]",0
2.1200.6t3.a,1200,"[2, 3, 5]","[2, 3, 5]",False,1,"[[[1], [-2], [1]], [[1], [2], [1]], [[1], [0], [-1]], [[1], [0], [-1]], [[1], [1], [1]], [[1], [-1], [1]], [[1]], [[1], [1]]]",null,0
2.1200.6t3.b,1200,"[2, 3, 5]","[2, 3, 5]",False,1,"[[[1], [-2], [1]], [[1], [2], [1]], [[1], [0], [-1]], [[1], [0], [-1]], [[1], [1], [1]], [[1], [-1], [1]], [[1]], [[1], [-1]]]","[[1], [1, -1], [1], [1, 1, 1], [1, 0, -1], [1, -1, 1], [1, 0, -1], [1, -1, 1], [1, 0, -1], [1, 0, -1], [1, -1, 1], [1, 2, 1], [1, 0, -1], [1, 1, 1], [1, 0, -1], [1, 0, -1], [1, 0, -1], [1, 1, 1], [1, 1, 1], [1, 0, -1], [1, 2, 1], [1, 2, 1], [1, 0, -1], [1, 0, -1], [1, -1, 1], [1, 0, -1], [1, -2, 1], [1, 0, -1], [1, 1, 1], [1, 0, -1]]",0
2.1200.6t3.c,1200,"[2, 3, 5]","[2, 3, 5, 37]",False,1,"[[[1], [-2], [1]], [[1], [2], [1]], [[1], [0], [-1]], [[1], [0], [-1]], [[1], [1], [1]], [[1], [-1], [1]], [[1]], [[1], [1]]]","[[1], [1, 1], [1], [1, -1, 1], [1, 0, -1], [1, 1, 1], [1, 0, -1], [1, -1, 1], [1, 0, -1], [1, 0, -1], [1, -1, 1], [1, -2, 1], [1, 0, -1], [1, -1, 1], [1, 0, -1], [1, 0, -1], [1, 0, -1], [1, 1, 1], [1, -1, 1], [1, 0, -1], [1, -2, 1], [1, 2, 1], [1, 0, -1], [1, 0, -1], [1, 1, 1], [1, 0, -1], [1, 2, 1], [1, 0, -1], [1, 1, 1], [1, 0, -1]]",0
2.1200.6t3.d,1200,"[2, 3, 5]","[2, 3, 5]",False,1,"[[[1], [-2], [1]], [[1], [2], [1]], [[1], [0], [-1]], [[1], [0], [-1]], [[1], [1], [1]], [[1], [-1], [1]], [[1]], [[1], [-1]]]",null,0
2.1203.3t2.a,1203,"[3, 401]","[3, 401]",False,1,"[[[1], [-2], [1]], [[1], [0], [-1]], [[1], [1], [1]], [[1], [-1]]]","[[1, 0, -1], [1, -1], [1, 0, -1], [1, 1, 1], [1, 0, -1], [1, 0, -1], [1, 1, 1], [1, 0, -1], [1, 1, 1], [1, 0, -1], [1, 0, -1], [1, 0, -1], [1, 0, -1], [1, 1, 1], [1, 0, -1], [1, 1, 1], [1, 1, 1], [1, 0, -1], [1, 0, -1], [1, 1, 1], [1, 1, 1], [1, 0, -1], [1, 0, -1], [1, 0, -1], [1, 0, -1], [1, -2, 1], [1, 1, 1], [1, -2, 1], [1, 1, 1], [1, 0, -1]]",0
2.1203.6t3.a,1203,"[3, 401]","[2, 3, 401]",False,1,"[[[1], [-2], [1]], [[1], [2], [1]], [[1], [0], [-1]], [[1], [0], [-1]], [[1], [1], [1]], [[1], [-1], [1]], [[1], [1]]]",null,0
2.1203.6t3.b,1203,"[3, 401]","[2, 3, 5, 401]",False,1,"[[[1], [-2], [1]], [[1], [2], [1]], [[1], [0], [-1]], [[1], [0], [-1]], [[1], [1], [1]], [[1], [-1], [1]], [[1], [1]]]","[[1, 0, -1], [1, 1], [1, 0, -1], [1, 1, 1], [1, 0, -1], [1, 0, -1], [1, -1, 1], [1, 0, -1], [1, -1, 1], [1, 0, -1], [1, 0, -1], [1, 0, -1], [1, 0, -1], [1, 1, 1], [1, 0, -1], [1, -1, 1], [1, -1, 1], [1, 0, -1], [1, 0, -1], [1, -1, 1], [1, 1, 1], [1, 0, -1], [1, 0, -1], [1, 0, -1], [1, 0, -1], [1, 2, 1], [1, 1, 1], [1, 2, 1], [1, 1, 1], [1, 0, -1]]",0
2.1204.4t3.a,1204,"[2, 7, 43]","[2, 3, 7, 11, 43]",False,1,"[[[1], [-2], [1]], [[1], [2], [1]], [[1], [0], [-1]], [[1], [0], [-1]], [[1], [0], [1]], [[1], [1]], [[1], [-1]]]",null,0
2.1204.4t3.b,1204,"[2, 7, 43]","[2, 3, 7, 43]",False,1,"[[[1], [-2], [1]], [[1], [2], [1]], [[1], [0], [-1]], [[1], [0], [-1]], [[1], [0], [1]], [[1], [-1]], [[1], [1]]]",null,0
2.1204.4t3.c,1204,"[2, 7, 43]","[2, 3, 7, 43]",False,1,"[[[1], [-2], [1]], [[1], [2], [1]], [[1], [0], [-1]], [[1], [0], [-1]], [[1], [0], [1]], [[1], [-1]], [[1], [1]]]",null,0
2.1204.4t3.d,1204,"[2, 7, 43]","[2, 3, 7, 43]",False,1,"[[[1], [-2], [1]], [[1], [2], [1]], [[1], [0], [-1]], [[1], [0], [-1]], [[1], [0], [1]], [[1], [1]], [[1], [-1]]]",null,0
2.1204.4t3.e,1204,"[2, 7, 43]","[2, 3, 7, 43]",False,1,"[[[1], [-2], [1]], [[1], [2], [1]], [[1], [0], [-1]], [[1], [0], [-1]], [[1], [0], [1]], [[1], [-1]], [[1], [1]]]","[[1, -1], [1, 0, -1], [1, 0, 1], [1, 1], [1, 0, -1], [1, 0, -1], [1, 0, -1], [1, 0, -1], [1, 0, -1], [1, 0, -1], [1, 0, 1], [1, 0, -1], [1, 0, -1], [1, 1], [1, 0, 1], [1, 2, 1], [1, 0, 1], [1, 0, 1], [1, 0, -1], [1, 2, 1], [1, 0, 1], [1, 0, -1], [1, 0, 1], [1, 0, 1], [1, 0, -1], [1, 0, -1], [1, 0, 1], [1, 0, -1], [1, 2, 1], [1, 0, -1]]",0
2.1204.4t3.f,1204,"[2, 7, 43]","[2, 3, 7, 43]",False,1,"[[[1], [-2], [1]], [[1], [2], [1]], [[1], [0], [-1]], [[1], [0], [-1]], [[1], [0], [1]], [[1], [1]], [[1], [-1]]]","[[1, 1], [1, 0, -1], [1, 0, 1], [1, -1], [1, 0, -1], [1, 0, -1], [1, 0, -1], [1, 0, -1], [1, 0, -1], [1, 0, -1], [1, 0, 1], [1, 0, -1], [1, 0, -1], [1, -1], [1, 0, 1], [1, 2, 1], [1, 0, 1], [1, 0, 1], [1, 0, -1], [1, -2, 1], [1, 0, 1], [1, 0, -1], [1, 0, 1], [1, 0, 1], [1, 0, -1], [1, 0, -1], [1, 0, 1], [1, 0, -1], [1, 2, 1], [1, 0, -1]]",0
2.1205.4t3.a,1205,"[5, 241]","[5, 241]",True,1,"[[[1], [-2], [1]], [[1], [2], [1]], [[1], [0], [-1]], [[1], [0], [-1]], [[1], [0], [1]], [[1], [-1]], [[1], [1]]]",null,0
2.1205.4t3.b,1205,"[5, 241]","[2, 3, 5, 241]",True,1,"[[[1], [-2], [1]], [[1], [2], [1]], [[1], [0], [-1]], [[1], [0], [-1]], [[1], [0], [1]], [[1], [-1]], [[1], [1]]]",null,0
2.1205.4t3.c,1205,"[5, 241]","[2, 3, 5, 241]",True,1,"[[[1], [-2], [1]], [[1], [2], [1]], [[1], [0], [-1]], [[1], [0], [-1]], [[1], [0], [1]], [[1], [-1]], [[1], [1]]]",null,0
2.1207.3t2.a,1207,"[17, 71]","[17, 71]",False,1,"[[[1], [-2], [1]], [[1], [0], [-1]], [[1], [1], [1]], [[1], [-1]]]","[[1, 1, 1], [1, 0, -1], [1, 0, -1], [1, -2, 1], [1, 1, 1], [1, 0, -1], [1, -1], [1, 1, 1], [1, 1, 1], [1, 0, -1], [1, 1, 1], [1, 0, -1], [1, 1, 1], [1, -2, 1], [1, 0, -1], [1, 0, -1], [1, 0, -1], [1, 1, 1], [1, 0, -1], [1, -1], [1, 0, -1], [1, 0, -1], [1, 1, 1], [1, 1, 1], [1, 1, 1], [1, -2, 1], [1, 1, 1], [1, 0, -1], [1, 0, -1], [1, 1, 1]]",0
2.1207.6t3.a,1207,"[17, 71]","[3, 5, 7, 17, 71]",False,1,"[[[1], [-2], [1]], [[1], [2], [1]], [[1], [0], [-1]], [[1], [0], [-1]], [[1], [1], [1]], [[1], [-1], [1]], [[1], [1]]]","[[1, 1, 1], [1, 0, -1], [1, 0, -1], [1, 2, 1], [1, -1, 1], [1, 0, -1], [1, 1], [1, 1, 1], [1, -1, 1], [1, 0, -1], [1, -1, 1], [1, 0, -1], [1, -1, 1], [1, -2, 1], [1, 0, -1], [1, 0, -1], [1, 0, -1], [1, -1, 1], [1, 0, -1], [1, 1], [1, 0, -1], [1, 0, -1], [1, 1, 1], [1, 1, 1], [1, -1, 1], [1, -2, 1], [1, 1, 1], [1, 0, -1], [1, 0, -1], [1, -1, 1]]",0
2.1207.6t3.b,1207,"[17, 71]","[2, 3, 5, 13, 17, 71]",False,1,"[[[1], [-2], [1]], [[1], [2], [1]], [[1], [0], [-1]], [[1], [0], [-1]], [[1], [1], [1]], [[1], [-1], [1]], [[1], [1]]]",null,0
2.1208.3t2.a,1208,"[2, 151]","[2, 151]",False,1,"[[[1], [-2], [1]], [[1], [0], [-1]], [[1], [1], [1]], [[1], [-1]]]","[[1, -1], [1, 1, 1], [1, 0, -1], [1, 0, -1], [1, 0, -1], [1, -2, 1], [1, 1, 1], [1, 0, -1], [1, 0, -1], [1, 0, -1], [1, 1, 1], [1, 0, -1], [1, 0, -1], [1, 0, -1], [1, 1, 1], [1, 1, 1], [1, 0, -1], [1, 1, 1], [1, 1, 1], [1, 0, -1], [1, 0, -1], [1, 0, -1], [1, 1, 1], [1, 0, -1], [1, 1, 1], [1, 1, 1], [1, 1, 1], [1, -2, 1], [1, 1, 1], [1, 0, -1]]",0
2.1208.4t3.a,1208,"[2, 151]","[2, 5, 151]",False,1,"[[[1], [-2], [1]], [[1], [2], [1]], [[1], [0], [-1]], [[1], [0], [-1]], [[1], [0], [1]], [[1], [1]]]",null,0
2.1208.4t3.b,1208,"[2, 151]","[2, 5, 151]",False,1,"[[[1], [-2], [1]], [[1], [2], [1]], [[1], [0], [-1]], [[1], [0], [-1]], [[1], [0], [1]], [[1], [1]]]","[[1, 1], [1, 0, 1], [1, 0, -1], [1, 0, -1], [1, 0, -1], [1, 0, 1], [1, -2, 1], [1, 0, -1], [1, 0, -1], [1, 0, -1], [1, -2, 1], [1, 0, -1], [1, 0, -1], [1, 0, -1], [1, 2, 1], [1, 0, 1], [1, 0, -1], [1, 0, 1], [1, 0, 1], [1, 0, -1], [1, 0, -1], [1, 0, -1], [1, 0, 1], [1, 0, -1], [1, -2, 1], [1, 0, 1], [1, 2, 1], [1, 0, 1], [1, 0, 1], [1, 0, -1]]",0
2.1208.4t3.c,1208,"[2, 151]","[2, 5, 19, 151, 199]",False,1,"[[[1], [-2], [1]], [[1], [2], [1]], [[1], [0], [-1]], [[1], [0], [-1]], [[1], [0], [1]], [[1], [1]]]",null,0
2.1208.6t3.a,1208,"[2, 151]","[2, 19, 151]",False,1,"[[[1], [-2], [1]], [[1], [2], [1]], [[1], [0], [-1]], [[1], [0], [-1]], [[1], [1], [1]], [[1], [-1], [1]], [[1], [-1]]]",null,0
2.1208.6t3.b,1208,"[2, 151]","[2, 151]",False,1,"[[[1], [-2], [1]], [[1], [2], [1]], [[1], [0], [-1]], [[1], [0], [-1]], [[1], [1], [1]], [[1], [-1], [1]], [[1], [-1]]]","[[1, -1], [1, -1, 1], [1, 0, -1], [1, 0, -1], [1, 0, -1], [1, 2, 1], [1, 1, 1], [1, 0, -1], [1, 0, -1], [1, 0, -1], [1, 1, 1], [1, 0, -1], [1, 0, -1], [1, 0, -1], [1, 1, 1], [1, -1, 1], [1, 0, -1], [1, -1, 1], [1, -1, 1], [1, 0, -1], [1, 0, -1], [1, 0, -1], [1, -1, 1], [1, 0, -1], [1, 1, 1], [1, -1, 1], [1, 1, 1], [1, 2, 1], [1, -1, 1], [1, 0, -1]]",0
2.1216.6t3.a,1216,"[2, 19]","[2, 3, 19]",False,1,"[[[1], [-2], [1]], [[1], [2], [1]], [[1], [0], [-1]], [[1], [0], [-1]], [[1], [1], [1]], [[1], [-1], [1]], [[1]], [[1], [1]]]","[[1], [1, 0, -1], [1, -1, 1], [1, 1, 1], [1, -1, 1], [1, 0, -1], [1, 1, 1], [1, 1], [1, -2, 1], [1, 0, -1], [1, 0, -1], [1, 0, -1], [1, 0, -1], [1, -1, 1], [1, 1, 1], [1, 0, -1], [1, 0, -1], [1, -1, 1], [1, 0, -1], [1, 0, -1], [1, 1, 1], [1, 0, -1], [1, 2, 1], [1, 0, -1], [1, 0, -1], [1, 2, 1], [1, 0, -1], [1, 0, -1], [1, 0, -1], [1, 0, -1]]",0
2.1216.6t3.b,1216,"[2, 19]","[2, 19, 23]",False,1,"[[[1], [-2], [1]], [[1], [2], [1]], [[1], [0], [-1]], [[1], [0], [-1]], [[1], [1], [1]], [[1], [-1], [1]], [[1]], [[1], [1]]]",null,0
2.1216.6t3.c,1216,"[2, 19]","[2, 3, 19, 23]",False,1,"[[[1], [-2], [1]], [[1], [2], [1]], [[1], [0], [-1]], [[1], [0], [-1]], [[1], [1], [1]], [[1], [-1], [1]], [[1]], [[1], [-1]]]",null,0
2.1216.6t3.d,1216,"[2, 19]","[2, 19]",False,1,"[[[1], [-2], [1]], [[1], [2], [1]], [[1], [0], [-1]], [[1], [0], [-1]], [[1], [1], [1]], [[1], [-1], [1]], [[1]], [[1], [-1]]]","[[1], [1, 0, -1], [1, -1, 1], [1, -1, 1], [1, 1, 1], [1, 0, -1], [1, 1, 1], [1, -1], [1, 2, 1], [1, 0, -1], [1, 0, -1], [1, 0, -1], [1, 0, -1], [1, 1, 1], [1, -1, 1], [1, 0, -1], [1, 0, -1], [1, -1, 1], [1, 0, -1], [1, 0, -1], [1, 1, 1], [1, 0, -1], [1, -2, 1], [1, 0, -1], [1, 0, -1], [1, 2, 1], [1, 0, -1], [1, 0, -1], [1, 0, -1], [1, 0, -1]]",0
2.1219.3t2.a,1219,"[23, 53]","[23, 53]",False,1,"[[[1], [-2], [1]], [[1], [0], [-1]], [[1], [1], [1]], [[1], [-1]]]","[[1, 0, -1], [1, 0, -1], [1, 1, 1], [1, 0, -1], [1, 0, -1], [1, 1, 1], [1, 0, -1], [1, -2, 1], [1, -1], [1, 1, 1], [1, 0, -1], [1, 0, -1], [1, 0, -1], [1, 0, -1], [1, 1, 1], [1, -1], [1, 1, 1], [1, 1, 1], [1, 1, 1], [1, 0, -1], [1, 0, -1], [1, 1, 1], [1, 1, 1], [1, 0, -1], [1, 0, -1], [1, 0, -1], [1, 1, 1], [1, 0, -1], [1, 1, 1], [1, 0, -1]]",0
2.1219.6t3.a,1219,"[23, 53]","[2, 17, 19, 23, 53]",False,1,"[[[1], [-2], [1]], [[1], [2], [1]], [[1], [0], [-1]], [[1], [0], [-1]], [[1], [1], [1]], [[1], [-1], [1]], [[1], [1]]]","[[1, 0, -1], [1, 0, -1], [1, -1, 1], [1, 0, -1], [1, 0, -1], [1, 1, 1], [1, 0, -1], [1, 2, 1], [1, 1], [1, 1, 1], [1, 0, -1], [1, 0, -1], [1, 0, -1], [1, 0, -1], [1, 1, 1], [1, 1], [1, 1, 1], [1, -1, 1], [1, -1, 1], [1, 0, -1], [1, 0, -1], [1, -1, 1], [1, -1, 1], [1, 0, -1], [1, 0, -1], [1, 0, -1], [1, -1, 1], [1, 0, -1], [1, -1, 1], [1, 0, -1]]",0
2.1219.6t3.b,1219,"[23, 53]","[2, 3, 23, 53]",False,1,"[[[1], [-2], [1]], [[1], [2], [1]], [[1], [0], [-1]], [[1], [0], [-1]], [[1], [1], [1]], [[1], [-1], [1]], [[1], [1]]]",null,0
2.1220.4t3.a,1220,"[2, 5, 61]","[2, 5, 61]",False,1,"[[[1], [-2], [1]], [[1], [2], [1]], [[1], [0], [-1]], [[1], [0], [-1]], [[1], [0], [1]], [[1], [1]], [[1], [-1]]]","[[1, 1], [1, 0, 1], [1, -1], [1, 0, -1], [1, 0, 1], [1, 0, -1], [1, -2, 1], [1, 0, -1], [1, 0, -1], [1, 0, -1], [1, 0, 1], [1, -2, 1], [1, 2, 1], [1, 0, -1], [1, 0, 1], [1, 2, 1], [1, 0, 1], [1, -1], [1, 0, -1], [1, 0, 1], [1, 0, -1], [1, 0, 1], [1, 0, 1], [1, 0, -1], [1, 0, -1], [1, 0, -1], [1, 0, 1], [1, 0, 1], [1, 2, 1], [1, 0, -1]]",0
2.1220.4t3.b,1220,"[2, 5, 61]","[2, 5, 7, 61]",False,1,"[[[1], [-2], [1]], [[1], [2], [1]], [[1], [0], [-1]], [[1], [0], [-1]], [[1], [0], [1]], [[1], [-1]]]","[[1, -1], [1, 0, 1], [1, -1], [1, 0, -1], [1, 0, 1], [1, 0, -1], [1, 2, 1], [1, 0, -1], [1, 0, -1], [1, 0, -1], [1, 0, 1], [1, 2, 1], [1, 2, 1], [1, 0, -1], [1, 0, 1], [1, -2, 1], [1, 0, 1], [1, -1], [1, 0, -1], [1, 0, 1], [1, 0, -1], [1, 0, 1], [1, 0, 1], [1, 0, -1], [1, 0, -1], [1, 0, -1], [1, 0, 1], [1, 0, 1], [1, 2, 1], [1, 0, -1]]",0
2.1220.4t3.c,1220,"[2, 5, 61]","[2, 5, 7, 61, 13249]",False,1,"[[[1], [-2], [1]], [[1], [2], [1]], [[1], [0], [-1]], [[1], [0], [-1]], [[1], [0], [1]], [[1], [-1]]]",null,0
2.1220.4t3.d,1220,"[2, 5, 61]","[2, 5, 7, 17, 37, 61]",False,1,"[[[1], [-2], [1]], [[1], [2], [1]], [[1], [0], [-1]], [[1], [0], [-1]], [[1], [0], [1]], [[1], [1]], [[1], [-1]]]",null,0
2.1220.4t3.e,1220,"[2, 5, 61]","[2, 5, 61]",False,1,"[[[1], [-2], [1]], [[1], [2], [1]], [[1], [0], [-1]], [[1], [0], [-1]], [[1], [0], [1]], [[1], [-1]]]",null,0
2.1220.4t3.f,1220,"[2, 5, 61]","[2, 5, 61]",False,1,"[[[1], [-2], [1]], [[1], [2], [1]], [[1], [0], [-1]], [[1], [0], [-1]], [[1], [0], [1]], [[1], [1]], [[1], [-1]]]",null,0
2.1221.4t3.a,1221,"[3, 11, 37]","[2, 3, 11, 37, 173, 2153]",True,1,"[[[1], [-2], [1]], [[1], [2], [1]], [[1], [0], [-1]], [[1], [0], [-1]], [[1], [0], [1]], [[1], [1]], [[1], [-1]]]",null,0
2.1221.4t3.b,1221,"[3, 11, 37]","[2, 3, 11, 37, 149, 6353]",True,1,"[[[1], [-2], [1]], [[1], [2], [1]], [[1], [0], [-1]], [[1], [0], [-1]], [[1], [0], [1]], [[1], [1]], [[1], [-1]]]",null,0
2.1221.4t3.c,1221,"[3, 11, 37]","[2, 3, 11, 37]",True,1,"[[[1], [-2], [1]], [[1], [2], [1]], [[1], [0], [-1]], [[1], [0], [-1]], [[1], [0], [1]], [[1], [1]], [[1], [-1]]]",null,0
2.1221.4t3.d,1221,"[3, 11, 37]","[3, 11, 37]",True,1,"[[[1], [-2], [1]], [[1], [2], [1]], [[1], [0], [-1]], [[1], [0], [-1]], [[1], [0], [1]], [[1], [1]], [[1], [-1]]]",null,0
2.1221.4t3.e,1221,"[3, 11, 37]","[2, 3, 11, 37]",True,1,"[[[1], [-2], [1]], [[1], [2], [1]], [[1], [0], [-1]], [[1], [0], [-1]], [[1], [0], [1]], [[1], [1]], [[1], [-1]]]",null,0
2.1221.4t3.f,1221,"[3, 11, 37]","[2, 3, 11, 37]",True,1,"[[[1], [-2], [1]], [[1], [2], [1]], [[1], [0], [-1]], [[1], [0], [-1]], [[1], [0], [1]], [[1], [1]], [[1], [-1]]]",null,0
2.1224.4t3.a,1224,"[2, 3, 17]","[2, 3, 7, 13, 17]",True,1,"[[[1], [-2], [1]], [[1], [2], [1]], [[1], [0], [-1]], [[1], [0], [-1]], [[1], [0], [1]], [[1], [1]], [[1]], [[1], [-1]]]",null,0
2.1224.4t3.b,1224,"[2, 3, 17]","[2, 3, 17, 281]",False,1,"[[[1], [-2], [1]], [[1], [2], [1]], [[1], [0], [-1]], [[1], [0], [-1]], [[1], [0], [1]], [[1], [-1]], [[1]]]",null,0
2.1224.4t3.c,1224,"[2, 3, 17]","[2, 3, 17]",True,1,"[[[1], [-2], [1]], [[1], [2], [1]], [[1], [0], [-1]], [[1], [0], [-1]], [[1], [0], [1]], [[1], [1]], [[1]], [[1], [-1]]]",null,0
2.1224.4t3.d,1224,"[2, 3, 17]","[2, 3, 17]",False,1,"[[[1], [-2], [1]], [[1], [2], [1]], [[1], [0], [-1]], [[1], [0], [-1]], [[1], [0], [1]], [[1], [-1]], [[1]]]",null,0
2.1224.4t3.e,1224,"[2, 3, 17]","[2, 3, 17]",False,1,"[[[1], [-2], [1]], [[1], [2], [1]], [[1], [0], [-1]], [[1], [0], [-1]], [[1], [0], [1]], [[1], [-1]], [[1]]]","[[1, -1], [1], [1, 0, 1], [1, 0, 1], [1, 0, -1], [1, 0, -1], [1, -1], [1, 2, 1], [1, 0, 1], [1, 0, 1], [1, 0, 1], [1, 0, 1], [1, 0, -1], [1, -2, 1], [1, 0, -1], [1, 0, -1], [1, 2, 1], [1, 0, 1], [1, 2, 1], [1, 0, 1], [1, 0, -1], [1, 0, 1], [1, 2, 1], [1, -2, 1], [1, 0, -1], [1, 0, -1], [1, 0, -1], [1, 0, -1], [1, 0, 1], [1, 0, -1]]",0
2.1224.4t3.f,1224,"[2, 3, 17]","[2, 3, 17]",True,1,"[[[1], [-2], [1]], [[1], [2], [1]], [[1], [0], [-1]], [[1], [0], [-1]], [[1], [0], [1]], [[1], [1]], [[1]], [[1], [-1]]]",null,0
2.1227.4t3.a,1227,"[3, 409]","[2, 3, 409]",False,1,"[[[1], [-2], [1]], [[1], [2], [1]], [[1], [0], [-1]], [[1], [0], [-1]], [[1], [0], [1]], [[1], [1]]]","[[1, 0, -1], [1, 1], [1, 0, -1], [1, 0, -1], [1, 0, 1], [1, 0, -1], [1, 0, -1], [1, 0, -1], [1, 0, -1], [1, 0, 1], [1, 0, -1], [1, 0, -1], [1, 0, -1], [1, 0, -1], [1, 0, 1], [1, 0, -1], [1, 0, 1], [1, 0, -1], [1, 0, -1], [1, 0, -1], [1, 0, -1], [1, 0, -1], [1, 0, -1], [1, 0, -1], [1, 0, -1], [1, 0, -1], [1, 2, 1], [1, 0, 1], [1, 2, 1], [1, 0, 1]]",0
2.1227.4t3.b,1227,"[3, 409]","[2, 3, 373, 409]",False,1,"[[[1], [-2], [1]], [[1], [2], [1]], [[1], [0], [-1]], [[1], [0], [-1]], [[1], [0], [1]], [[1], [1]]]",null,0
2.1227.4t3.c,1227,"[3, 409]","[2, 3, 409]",False,1,"[[[1], [-2], [1]], [[1], [2], [1]], [[1], [0], [-1]], [[1], [0], [-1]], [[1], [0], [1]], [[1], [1]]]",null,0
2.1228.3t2.a,1228,"[2, 307]","[2, 307]",False,1,"[[[1], [-2], [1]], [[1], [0], [-1]], [[1], [1], [1]], [[1]], [[1], [-1]]]","[[1], [1, 0, -1], [1, 0, -1], [1, -2, 1], [1, 1, 1], [1, 0, -1], [1, 1, 1], [1, 1, 1], [1, 0, -1], [1, 0, -1], [1, 0, -1], [1, 1, 1], [1, 1, 1], [1, 0, -1], [1, 0, -1], [1, -2, 1], [1, 0, -1], [1, 0, -1], [1, 0, -1], [1, 1, 1], [1, 0, -1], [1, 1, 1], [1, 1, 1], [1, 1, 1], [1, 1, 1], [1, -2, 1], [1, 1, 1], [1, 1, 1], [1, 1, 1], [1, -2, 1]]",0
2.1228.3t2.b,1228,"[2, 307]","[2, 307]",False,1,"[[[1], [-2], [1]], [[1], [0], [-1]], [[1], [1], [1]], [[1]], [[1], [-1]]]","[[1], [1, 0, -1], [1, 0, -1], [1, 1, 1], [1, -2, 1], [1, 0, -1], [1, 1, 1], [1, 1, 1], [1, 0, -1], [1, 0, -1], [1, 0, -1], [1, -2, 1], [1, -2, 1], [1, 0, -1], [1, 0, -1], [1, 1, 1], [1, 0, -1], [1, 0, -1], [1, 0, -1], [1, 1, 1], [1, 0, -1], [1, 1, 1], [1, 1, 1], [1, 1, 1], [1, 1, 1], [1, 1, 1], [1, 1, 1], [1, 1, 1], [1, 1, 1], [1, 1, 1]]",0
2.1228.3t2.c,1228,"[2, 307]","[2, 307]",False,1,"[[[1], [-2], [1]], [[1], [0], [-1]], [[1], [1], [1]], [[1]], [[1], [-1]]]","[[1], [1, 0, -1], [1, 0, -1], [1, 1, 1], [1, 1, 1], [1, 0, -1], [1, -2, 1], [1, -2, 1], [1, 0, -1], [1, 0, -1], [1, 0, -1], [1, 1, 1], [1, 1, 1], [1, 0, -1], [1, 0, -1], [1, 1, 1], [1, 0, -1], [1, 0, -1], [1, 0, -1], [1, -2, 1], [1, 0, -1], [1, 1, 1], [1, 1, 1], [1, 1, 1], [1, 1, 1], [1, 1, 1], [1, -2, 1], [1, 1, 1], [1, -2, 1], [1, 1, 1]]",0
2.1229.3t2.a,1229,[1229],[1229],True,1,"[[[1], [-2], [1]], [[1], [0], [-1]], [[1], [1], [1]], [[1], [-1]]]",null,0
2.1231.3t2.a,1231,[1231],[1231],False,1,"[[[1], [-2], [1]], [[1], [0], [-1]], [[1], [1], [1]], [[1], [-1]]]","[[1, 1, 1], [1, 0, -1], [1, -2, 1], [1, 1, 1], [1, -2, 1], [1, 1, 1], [1, 0, -1], [1, 1, 1], [1, 0, -1], [1, 1, 1], [1, 1, 1], [1, 1, 1], [1, -2, 1], [1, 1, 1], [1, 0, -1], [1, 0, -1], [1, 0, -1], [1, 0, -1], [1, 0, -1], [1, 0, -1], [1, 0, -1], [1, 0, -1], [1, 0, -1], [1, 0, -1], [1, 0, -1], [1, 1, 1], [1, 0, -1], [1, -2, 1], [1, 0, -1], [1, 0, -1]]",0
2.1235.3t2.a,1235,"[5, 13, 19]","[5, 13, 19]",False,1,"[[[1], [-2], [1]], [[1], [0], [-1]], [[1], [1], [1]], [[1], [-1]]]","[[1, 0, -1], [1, 1, 1], [1, -1], [1, 1, 1], [1, 0, -1], [1, -1], [1, 0, -1], [1, -1], [1, 0, -1], [1, 0, -1], [1, 1, 1], [1, 0, -1], [1, 1, 1], [1, 0, -1], [1, 1, 1], [1, -2, 1], [1, -2, 1], [1, 1, 1], [1, 0, -1], [1, 1, 1], [1, -2, 1], [1, 0, -1], [1, 1, 1], [1, 1, 1], [1, 0, -1], [1, 1, 1], [1, 1, 1], [1, 1, 1], [1, 1, 1], [1, 1, 1]]",0
2.1235.6t3.a,1235,"[5, 13, 19]","[2, 5, 13, 19]",False,1,"[[[1], [-2], [1]], [[1], [2], [1]], [[1], [0], [-1]], [[1], [0], [-1]], [[1], [1], [1]], [[1], [-1], [1]], [[1], [1]], [[1], [-1]]]",null,0
2.1235.6t3.b,1235,"[5, 13, 19]","[2, 5, 13, 19]",False,1,"[[[1], [-2], [1]], [[1], [2], [1]], [[1], [0], [-1]], [[1], [0], [-1]], [[1], [1], [1]], [[1], [-1], [1]], [[1], [1]], [[1], [-1]]]","[[1, 0, -1], [1, 1, 1], [1, 1], [1, -1, 1], [1, 0, -1], [1, -1], [1, 0, -1], [1, 1], [1, 0, -1], [1, 0, -1], [1, -1, 1], [1, 0, -1], [1, -1, 1], [1, 0, -1], [1, -1, 1], [1, -2, 1], [1, 2, 1], [1, 1, 1], [1, 0, -1], [1, -1, 1], [1, 2, 1], [1, 0, -1], [1, -1, 1], [1, -1, 1], [1, 0, -1], [1, 1, 1], [1, 1, 1], [1, 1, 1], [1, -1, 1], [1, 1, 1]]",0
2.1235.6t3.c,1235,"[5, 13, 19]","[2, 5, 13, 19]",False,1,"[[[1], [-2], [1]], [[1], [2], [1]], [[1], [0], [-1]], [[1], [0], [-1]], [[1], [1], [1]], [[1], [-1], [1]], [[1], [-1]], [[1], [1]]]","[[1, 0, -1], [1, -1, 1], [1, -1], [1, 1, 1], [1, 0, -1], [1, 1], [1, 0, -1], [1, 1], [1, 0, -1], [1, 0, -1], [1, -1, 1], [1, 0, -1], [1, -1, 1], [1, 0, -1], [1, 1, 1], [1, 2, 1], [1, 2, 1], [1, 1, 1], [1, 0, -1], [1, -1, 1], [1, -2, 1], [1, 0, -1], [1, 1, 1], [1, -1, 1], [1, 0, -1], [1, 1, 1], [1, -1, 1], [1, -1, 1], [1, -1, 1], [1, -1, 1]]",0
2.1235.6t3.d,1235,"[5, 13, 19]","[2, 5, 13, 17, 19]",False,1,"[[[1], [-2], [1]], [[1], [2], [1]], [[1], [0], [-1]], [[1], [0], [-1]], [[1], [1], [1]], [[1], [-1], [1]], [[1], [1]], [[1], [-1]]]","[[1, 0, -1], [1, -1, 1], [1, 1], [1, -1, 1], [1, 0, -1], [1, 1], [1, 0, -1], [1, -1], [1, 0, -1], [1, 0, -1], [1, 1, 1], [1, 0, -1], [1, 1, 1], [1, 0, -1], [1, -1, 1], [1, 2, 1], [1, -2, 1], [1, 1, 1], [1, 0, -1], [1, 1, 1], [1, 2, 1], [1, 0, -1], [1, -1, 1], [1, 1, 1], [1, 0, -1], [1, 1, 1], [1, -1, 1], [1, -1, 1], [1, 1, 1], [1, -1, 1]]",0
2.1235.6t3.e,1235,"[5, 13, 19]","[2, 5, 13, 19]",False,1,"[[[1], [-2], [1]], [[1], [2], [1]], [[1], [0], [-1]], [[1], [0], [-1]], [[1], [1], [1]], [[1], [-1], [1]], [[1], [-1]], [[1], [1]]]",null,0
2.1235.6t3.f,1235,"[5, 13, 19]","[2, 5, 13, 19, 23]",False,1,"[[[1], [-2], [1]], [[1], [2], [1]], [[1], [0], [-1]], [[1], [0], [-1]], [[1], [1], [1]], [[1], [-1], [1]], [[1], [1]], [[1], [-1]]]",null,0
2.1236.3t2.a,1236,"[2, 3, 103]","[2, 3, 103]",False,1,"[[[1], [-2], [1]], [[1], [0], [-1]], [[1], [1], [1]], [[1], [-1]]]","[[1, -1], [1, -1], [1, 1, 1], [1, 0, -1], [1, 0, -1], [1, 1, 1], [1, 0, -1], [1, 0, -1], [1, 1, 1], [1, 0, -1], [1, 1, 1], [1, 0, -1], [1, 0, -1], [1, 1, 1], [1, 0, -1], [1, -2, 1], [1, 1, 1], [1, 1, 1], [1, 1, 1], [1, 0, -1], [1, 0, -1], [1, 0, -1], [1, 1, 1], [1, -2, 1], [1, 1, 1], [1, 1, 1], [1, -1], [1, 1, 1], [1, 0, -1], [1, 1, 1]]",0
2.1236.6t3.a,1236,"[2, 3, 103]","[2, 3, 103]",False,1,"[[[1], [-2], [1]], [[1], [2], [1]], [[1], [0], [-1]], [[1], [0], [-1]], [[1], [1], [1]], [[1], [-1], [1]], [[1], [-1]], [[1], [1]]]",null,0
2.1236.6t3.b,1236,"[2, 3, 103]","[2, 3, 11, 103]",False,1,"[[[1], [-2], [1]], [[1], [2], [1]], [[1], [0], [-1]], [[1], [0], [-1]], [[1], [1], [1]], [[1], [-1], [1]], [[1], [-1]], [[1], [1]]]","[[1, -1], [1, 1], [1, -1, 1], [1, 0, -1], [1, 0, -1], [1, 1, 1], [1, 0, -1], [1, 0, -1], [1, 1, 1], [1, 0, -1], [1, -1, 1], [1, 0, -1], [1, 0, -1], [1, -1, 1], [1, 0, -1], [1, 2, 1], [1, 1, 1], [1, 1, 1], [1, -1, 1], [1, 0, -1], [1, 0, -1], [1, 0, -1], [1, 1, 1], [1, 2, 1], [1, 1, 1], [1, -1, 1], [1, 1], [1, 1, 1], [1, 0, -1], [1, -1, 1]]",0
2.1236.6t3.c,1236,"[2, 3, 103]","[2, 3, 19, 103]",False,1,"[[[1], [-2], [1]], [[1], [2], [1]], [[1], [0], [-1]], [[1], [0], [-1]], [[1], [1], [1]], [[1], [-1], [1]], [[1], [1]]]","[[1, 1], [1, 1], [1, 1, 1], [1, 0, -1], [1, 0, -1], [1, 1, 1], [1, 0, -1], [1, 0, -1], [1, -1, 1], [1, 0, -1], [1, -1, 1], [1, 0, -1], [1, 0, -1], [1, -1, 1], [1, 0, -1], [1, -2, 1], [1, -1, 1], [1, 1, 1], [1, -1, 1], [1, 0, -1], [1, 0, -1], [1, 0, -1], [1, -1, 1], [1, -2, 1], [1, 1, 1], [1, 1, 1], [1, 1], [1, -1, 1], [1, 0, -1], [1, 1, 1]]",0
2.1236.6t3.d,1236,"[2, 3, 103]","[2, 3, 103]",False,1,"[[[1], [-2], [1]], [[1], [2], [1]], [[1], [0], [-1]], [[1], [0], [-1]], [[1], [1], [1]], [[1], [-1], [1]], [[1], [1]], [[1], [-1]]]","[[1, 1], [1, -1], [1, -1, 1], [1, 0, -1], [1, 0, -1], [1, 1, 1], [1, 0, -1], [1, 0, -1], [1, -1, 1], [1, 0, -1], [1, 1, 1], [1, 0, -1], [1, 0, -1], [1, 1, 1], [1, 0, -1], [1, 2, 1], [1, -1, 1], [1, 1, 1], [1, 1, 1], [1, 0, -1], [1, 0, -1], [1, 0, -1], [1, -1, 1], [1, 2, 1], [1, 1, 1], [1, -1, 1], [1, -1], [1, -1, 1], [1, 0, -1], [1, -1, 1]]",0
2.1236.6t3.e,1236,"[2, 3, 103]","[2, 3, 103]",False,1,"[[[1], [-2], [1]], [[1], [2], [1]], [[1], [0], [-1]], [[1], [0], [-1]], [[1], [1], [1]], [[1], [-1], [1]], [[1], [1]], [[1], [-1]]]",null,0
2.1236.6t3.f,1236,"[2, 3, 103]","[2, 3, 17, 103]",False,1,"[[[1], [-2], [1]], [[1], [2], [1]], [[1], [0], [-1]], [[1], [0], [-1]], [[1], [1], [1]], [[1], [-1], [1]], [[1], [1]]]",null,0
2.1239.4t3.a,1239,"[3, 7, 59]","[2, 3, 5, 7, 59, 127, 1597]",False,1,"[[[1], [-2], [1]], [[1], [2], [1]], [[1], [0], [-1]], [[1], [0], [-1]], [[1], [0], [1]], [[1], [1]], [[1], [-1]]]",null,0
2.1239.4t3.b,1239,"[3, 7, 59]","[2, 3, 5, 7, 17, 59, 139]",False,1,"[[[1], [-2], [1]], [[1], [2], [1]], [[1], [0], [-1]], [[1], [0], [-1]], [[1], [0], [1]], [[1], [-1]]]",null,0
2.1239.4t3.c,1239,"[3, 7, 59]","[2, 3, 7, 59]",False,1,"[[[1], [-2], [1]], [[1], [2], [1]], [[1], [0], [-1]], [[1], [0], [-1]], [[1], [0], [1]], [[1], [-1]]]",null,0
2.1239.4t3.d,1239,"[3, 7, 59]","[3, 5, 7, 59]",False,1,"[[[1], [-2], [1]], [[1], [2], [1]], [[1], [0], [-1]], [[1], [0], [-1]], [[1], [0], [1]], [[1], [1]], [[1], [-1]]]",null,0
2.1239.4t3.e,1239,"[3, 7, 59]","[3, 7, 59]",False,1,"[[[1], [-2], [1]], [[1], [2], [1]], [[1], [0], [-1]], [[1], [0], [-1]], [[1], [0], [1]], [[1], [-1]]]","[[1, 0, 1], [1, -1], [1, 2, 1], [1, -1], [1, 0, 1], [1, 0, 1], [1, -2, 1], [1, 0, -1], [1, 0, 1], [1, 0, -1], [1, 0, 1], [1, 0, -1], [1, 2, 1], [1, 0, -1], [1, 0, -1], [1, 0, -1], [1, -1], [1, 0, 1], [1, 0, -1], [1, 0, -1], [1, 0, 1], [1, 2, 1], [1, 0, -1], [1, 0, -1], [1, 0, 1], [1, 0, -1], [1, 0, 1], [1, 0, -1], [1, 0, -1], [1, 0, 1]]",0
2.1239.4t3.f,1239,"[3, 7, 59]","[3, 5, 7, 59]",False,1,"[[[1], [-2], [1]], [[1], [2], [1]], [[1], [0], [-1]], [[1], [0], [-1]], [[1], [0], [1]], [[1], [1]], [[1], [-1]]]","[[1, 0, 1], [1, 1], [1, -2, 1], [1, -1], [1, 0, 1], [1, 0, 1], [1, 2, 1], [1, 0, -1], [1, 0, 1], [1, 0, -1], [1, 0, 1], [1, 0, -1], [1, -2, 1], [1, 0, -1], [1, 0, -1], [1, 0, -1], [1, 1], [1, 0, 1], [1, 0, -1], [1, 0, -1], [1, 0, 1], [1, 2, 1], [1, 0, -1], [1, 0, -1], [1, 0, 1], [1, 0, -1], [1, 0, 1], [1, 0, -1], [1, 0, -1], [1, 0, 1]]",0
2.1240.4t3.a,1240,"[2, 5, 31]","[2, 5, 31]",False,1,"[[[1], [-2], [1]], [[1], [2], [1]], [[1], [0], [-1]], [[1], [0], [-1]], [[1], [0], [1]], [[1], [1]], [[1], [-1]]]",null,0
2.1240.4t3.b,1240,"[2, 5, 31]","[2, 5, 31]",False,1,"[[[1], [-2], [1]], [[1], [2], [1]], [[1], [0], [-1]], [[1], [0], [-1]], [[1], [0], [1]], [[1], [-1]], [[1], [1]]]",null,0
2.1240.4t3.c,1240,"[2, 5, 31]","[2, 5, 31]",False,1,"[[[1], [-2], [1]], [[1], [2], [1]], [[1], [0], [-1]], [[1], [0], [-1]], [[1], [0], [1]], [[1], [1]], [[1], [-1]]]","[[1, 1], [1, 0, -1], [1, -1], [1, 0, -1], [1, 0, 1], [1, 0, -1], [1, 0, 1], [1, 0, -1], [1, 0, 1], [1, 0, 1], [1, 1], [1, 0, -1], [1, 2, 1], [1, 0, -1], [1, 0, -1], [1, 0, -1], [1, 0, -1], [1, 0, 1], [1, -2, 1], [1, 2, 1], [1, 0, 1], [1, 0, -1], [1, 0, -1], [1, 0, -1], [1, 0, -1], [1, 0, -1], [1, 0, -1], [1, -2, 1], [1, 0, -1], [1, 0, -1]]",0
2.1240.4t3.d,1240,"[2, 5, 31]","[2, 3, 5, 31]",False,1,"[[[1], [-2], [1]], [[1], [2], [1]], [[1], [0], [-1]], [[1], [0], [-1]], [[1], [0], [1]], [[1], [-1]], [[1], [1]]]","[[1, -1], [1, 0, -1], [1, 1], [1, 0, -1], [1, 0, 1], [1, 0, -1], [1, 0, 1], [1, 0, -1], [1, 0, 1], [1, 0, 1], [1, 1], [1, 0, -1], [1, 2, 1], [1, 0, -1], [1, 0, -1], [1, 0, -1], [1, 0, -1], [1, 0, 1], [1, 2, 1], [1, 2, 1], [1, 0, 1], [1, 0, -1], [1, 0, -1], [1, 0, -1], [1, 0, -1], [1, 0, -1], [1, 0, -1], [1, 2, 1], [1, 0, -1], [1, 0, -1]]",0
2.1240.4t3.e,1240,"[2, 5, 31]","[2, 3, 5, 13, 31, 359, 919]",False,1,"[[[1], [-2], [1]], [[1], [2], [1]], [[1], [0], [-1]], [[1], [0], [-1]], [[1], [0], [1]], [[1], [-1]], [[1], [1]]]",null,0
2.1240.4t3.f,1240,"[2, 5, 31]","[2, 3, 5, 31, 157, 11071]",False,1,"[[[1], [-2], [1]], [[1], [2], [1]], [[1], [0], [-1]], [[1], [0], [-1]], [[1], [0], [1]], [[1], [1]], [[1], [-1]]]",null,0
2.1243.4t3.a,1243,"[11, 113]","[2, 11, 113]",False,1,"[[[1], [-2], [1]], [[1], [2], [1]], [[1], [0], [-1]], [[1], [0], [-1]], [[1], [0], [1]], [[1], [1]]]","[[1, 0, -1], [1, 0, -1], [1, 0, -1], [1, 0, -1], [1, 1], [1, 0, -1], [1, 0, 1], [1, 0, 1], [1, 0, -1], [1, 0, 1], [1, 2, 1], [1, 0, -1], [1, 0, -1], [1, 0, 1], [1, 0, -1], [1, 2, 1], [1, 0, -1], [1, 0, -1], [1, 0, -1], [1, 0, -1], [1, 0, 1], [1, 0, 1], [1, 0, -1], [1, 0, -1], [1, 2, 1], [1, 0, 1], [1, 0, -1], [1, 0, 1], [1, 0, -1], [1, 1]]",0
2.1243.4t3.b,1243,"[11, 113]","[2, 3, 11, 113]",False,1,"[[[1], [-2], [1]], [[1], [2], [1]], [[1], [0], [-1]], [[1], [0], [-1]], [[1], [0], [1]], [[1], [1]]]",null,0
2.1243.4t3.c,1243,"[11, 113]","[11, 113]",False,1,"[[[1], [-2], [1]], [[1], [2], [1]], [[1], [0], [-1]], [[1], [0], [-1]], [[1], [0], [1]], [[1], [1]]]",null,0
2.1251.4t3.a,1251,"[3, 139]","[2, 3, 139]",False,1,"[[[1], [-2], [1]], [[1], [2], [1]], [[1], [0], [-1]], [[1], [0], [-1]], [[1], [0], [1]], [[1]], [[1], [1]]]","[[1, 0, -1], [1], [1, 0, 1], [1, -2, 1], [1, 0, 1], [1, 2, 1], [1, 0, -1], [1, 0, -1], [1, 0, -1], [1, 0, 1], [1, 2, 1], [1, 2, 1], [1, 0, 1], [1, 0, -1], [1, 0, 1], [1, 0, -1], [1, 0, -1], [1, 0, -1], [1, -2, 1], [1, 0, 1], [1, 0, -1], [1, -2, 1], [1, 0, 1], [1, 0, 1], [1, 0, -1], [1, 0, -1], [1, 0, -1], [1, 0, 1], [1, 0, -1], [1, 0, 1]]",0
2.1251.4t3.b,1251,"[3, 139]","[2, 3, 7, 13, 37, 139]",False,1,"[[[1], [-2], [1]], [[1], [2], [1]], [[1], [0], [-1]], [[1], [0], [-1]], [[1], [0], [1]], [[1]], [[1], [1]]]",null,0
2.1251.4t3.c,1251,"[3, 139]","[2, 3, 139]",False,1,"[[[1], [-2], [1]], [[1], [2], [1]], [[1], [0], [-1]], [[1], [0], [-1]], [[1], [0], [1]], [[1]], [[1], [1]]]",null,0
2.1251.6t3.a,1251,"[3, 139]","[2, 3, 139]",False,1,"[[[1], [-2], [1]], [[1], [2], [1]], [[1], [0], [-1]], [[1], [0], [-1]], [[1], [1], [1]], [[1], [-1], [1]], [[1]], [[1], [-1]]]","[[1, 0, -1], [1], [1, -1, 1], [1, 1, 1], [1, -1, 1], [1, 1, 1], [1, 0, -1], [1, 0, -1], [1, 0, -1], [1, -1, 1], [1, 1, 1], [1, -2, 1], [1, 2, 1], [1, 0, -1], [1, 2, 1], [1, 0, -1], [1, 0, -1], [1, 0, -1], [1, 1, 1], [1, -1, 1], [1, 0, -1], [1, 1, 1], [1, -1, 1], [1, -1, 1], [1, 0, -1], [1, 0, -1], [1, 0, -1], [1, 2, 1], [1, 0, -1], [1, -1, 1]]",0
2.1251.6t3.b,1251,"[3, 139]","[2, 3, 17, 139]",False,1,"[[[1], [-2], [1]], [[1], [2], [1]], [[1], [0], [-1]], [[1], [0], [-1]], [[1], [1], [1]], [[1], [-1], [1]], [[1]], [[1], [-1]]]",null,0
2.1252.4t3.a,1252,"[2, 313]","[2, 3, 313]",False,1,"[[[1], [-2], [1]], [[1], [2], [1]], [[1], [0], [-1]], [[1], [0], [-1]], [[1], [0], [1]], [[1], [-1]]]","[[1, -1], [1, 0, -1], [1, 0, -1], [1, 0, 1], [1, 0, -1], [1, 2, 1], [1, 0, -1], [1, 0, -1], [1, 0, 1], [1, 2, 1], [1, 0, 1], [1, 0, -1], [1, 0, -1], [1, 0, 1], [1, 0, 1], [1, 0, -1], [1, 0, 1], [1, 0, -1], [1, 0, 1], [1, 0, -1], [1, 0, -1], [1, 0, -1], [1, 0, -1], [1, 0, -1], [1, 2, 1], [1, 0, -1], [1, 0, -1], [1, 0, -1], [1, 0, -1], [1, 2, 1]]",0
2.1252.4t3.b,1252,"[2, 313]","[2, 3, 13, 313, 21701]",False,1,"[[[1], [-2], [1]], [[1], [2], [1]], [[1], [0], [-1]], [[1], [0], [-1]], [[1], [0], [1]], [[1], [-1]]]",null,0
2.1252.4t3.c,1252,"[2, 313]","[2, 3, 313]",False,1,"[[[1], [-2], [1]], [[1], [2], [1]], [[1], [0], [-1]], [[1], [0], [-1]], [[1], [0], [1]], [[1], [-1]]]",null,0
2.1255.3t2.a,1255,"[5, 251]","[5, 251]",False,1,"[[[1], [-2], [1]], [[1], [0], [-1]], [[1], [1], [1]], [[1], [-1]]]","[[1, 1, 1], [1, 0, -1], [1, -1], [1, 0, -1], [1, 0, -1], [1, 0, -1], [1, 0, -1], [1, 0, -1], [1, 0, -1], [1, 0, -1], [1, 1, 1], [1, 1, 1], [1, 1, 1], [1, -2, 1], [1, 1, 1], [1, -2, 1], [1, 0, -1], [1, 0, -1], [1, 0, -1], [1, 0, -1], [1, 0, -1], [1, 1, 1], [1, 0, -1], [1, 1, 1], [1, -2, 1], [1, 1, 1], [1, 0, -1], [1, 1, 1], [1, 0, -1], [1, 0, -1]]",0
2.1255.4t3.a,1255,"[5, 251]","[5, 13, 251]",False,1,"[[[1], [-2], [1]], [[1], [2], [1]], [[1], [0], [-1]], [[1], [0], [-1]], [[1], [0], [1]], [[1], [1]]]","[[1, 0, 1], [1, 0, -1], [1, 1], [1, 0, -1], [1, 0, -1], [1, 0, -1], [1, 0, -1], [1, 0, -1], [1, 0, -1], [1, 0, -1], [1, -2, 1], [1, 0, 1], [1, -2, 1], [1, 0, 1], [1, 0, 1], [1, 0, 1], [1, 0, -1], [1, 0, -1], [1, 0, -1], [1, 0, -1], [1, 0, -1], [1, 2, 1], [1, 0, -1], [1, 2, 1], [1, 0, 1], [1, 2, 1], [1, 0, -1], [1, 0, 1], [1, 0, -1], [1, 0, -1]]",0
2.1255.4t3.b,1255,"[5, 251]","[2, 3, 5, 7, 251]",False,1,"[[[1], [-2], [1]], [[1], [2], [1]], [[1], [0], [-1]], [[1], [0], [-1]], [[1], [0], [1]], [[1], [1]]]",null,0
2.1255.4t3.c,1255,"[5, 251]","[3, 5, 251]",False,1,"[[[1], [-2], [1]], [[1], [2], [1]], [[1], [0], [-1]], [[1], [0], [-1]], [[1], [0], [1]], [[1], [1]]]",null,0
2.1255.6t3.a,1255,"[5, 251]","[3, 5, 251]",False,1,"[[[1], [-2], [1]], [[1], [2], [1]], [[1], [0], [-1]], [[1], [0], [-1]], [[1], [1], [1]], [[1], [-1], [1]], [[1], [-1]]]","[[1, -1, 1], [1, 0, -1], [1, -1], [1, 0, -1], [1, 0, -1], [1, 0, -1], [1, 0, -1], [1, 0, -1], [1, 0, -1], [1, 0, -1], [1, 1, 1], [1, -1, 1], [1, 1, 1], [1, 2, 1], [1, -1, 1], [1, 2, 1], [1, 0, -1], [1, 0, -1], [1, 0, -1], [1, 0, -1], [1, 0, -1], [1, 1, 1], [1, 0, -1], [1, 1, 1], [1, 2, 1], [1, 1, 1], [1, 0, -1], [1, -1, 1], [1, 0, -1], [1, 0, -1]]",0
2.1255.6t3.b,1255,"[5, 251]","[3, 5, 17, 251]",False,1,"[[[1], [-2], [1]], [[1], [2], [1]], [[1], [0], [-1]], [[1], [0], [-1]], [[1], [1], [1]], [[1], [-1], [1]], [[1], [-1]]]",null,0
2.1257.3t2.a,1257,"[3, 419]","[3, 419]",True,1,"[[[1], [-2], [1]], [[1], [0], [-1]], [[1], [1], [1]], [[1], [-1]]]",null,0
2.1257.6t3.a,1257,"[3, 419]","[2, 3, 419]",True,1,"[[[1], [-2], [1]], [[1], [2], [1]], [[1], [0], [-1]], [[1], [0], [-1]], [[1], [1], [1]], [[1], [-1], [1]], [[1], [-1]], [[1], [1]]]",null,0
2.1257.6t3.b,1257,"[3, 419]","[3, 5, 419]",True,1,"[[[1], [-2], [1]], [[1], [2], [1]], [[1], [0], [-1]], [[1], [0], [-1]], [[1], [1], [1]], [[1], [-1], [1]], [[1], [-1]], [[1], [1]]]",null,0
2.1259.3t2.a,1259,[1259],[1259],False,1,"[[[1], [-2], [1]], [[1], [0], [-1]], [[1], [1], [1]], [[1], [-1]]]","[[1, 0, -1], [1, 1, 1], [1, 1, 1], [1, -2, 1], [1, 0, -1], [1, 0, -1], [1, 1, 1], [1, 0, -1], [1, -2, 1], [1, 0, -1], [1, 0, -1], [1, 1, 1], [1, 0, -1], [1, 1, 1], [1, 0, -1], [1, -2, 1], [1, 0, -1], [1, -2, 1], [1, 1, 1], [1, -2, 1], [1, 1, 1], [1, 1, 1], [1, 1, 1], [1, 0, -1], [1, 1, 1], [1, 1, 1], [1, 0, -1], [1, 1, 1], [1, 1, 1], [1, 1, 1]]",0
2.1260.6t3.a,1260,"[2, 3, 5, 7]","[2, 3, 5, 7]",False,1,"[[[1], [-2], [1]], [[1], [2], [1]], [[1], [0], [-1]], [[1], [0], [-1]], [[1], [1], [1]], [[1], [-1], [1]], [[1]], [[1], [1]], [[1], [-1]]]",null,0
2.1260.6t3.b,1260,"[2, 3, 5, 7]","[2, 3, 5, 7]",False,1,"[[[1], [-2], [1]], [[1], [2], [1]], [[1], [0], [-1]], [[1], [0], [-1]], [[1], [1], [1]], [[1], [-1], [1]], [[1]], [[1], [-1]], [[1], [1]]]",null,0
2.1260.6t3.c,1260,"[2, 3, 5, 7]","[2, 3, 5, 7]",False,1,"[[[1], [-2], [1]], [[1], [2], [1]], [[1], [0], [-1]], [[1], [0], [-1]], [[1], [1], [1]], [[1], [-1], [1]], [[1]], [[1], [-1]], [[1], [1]]]","[[1], [1], [1, -1], [1, 1], [1, -1, 1], [1, -1, 1], [1, 1, 1], [1, 0, -1], [1, 0, -1], [1, -1, 1], [1, 0, -1], [1, 0, -1], [1, 0, -1], [1, 0, -1], [1, 1, 1], [1, 0, -1], [1, 0, -1], [1, 0, -1], [1, 0, -1], [1, 2, 1], [1, 2, 1], [1, 1, 1], [1, -2, 1], [1, 0, -1], [1, -1, 1], [1, 0, -1], [1, -1, 1], [1, 0, -1], [1, 1, 1], [1, 0, -1]]",0
2.1260.6t3.d,1260,"[2, 3, 5, 7]","[2, 3, 5, 7]",False,1,"[[[1], [-2], [1]], [[1], [2], [1]], [[1], [0], [-1]], [[1], [0], [-1]], [[1], [1], [1]], [[1], [-1], [1]], [[1]], [[1], [1]], [[1], [-1]]]","[[1], [1], [1, 1], [1, -1], [1, -1, 1], [1, 1, 1], [1, -1, 1], [1, 0, -1], [1, 0, -1], [1, -1, 1], [1, 0, -1], [1, 0, -1], [1, 0, -1], [1, 0, -1], [1, -1, 1], [1, 0, -1], [1, 0, -1], [1, 0, -1], [1, 0, -1], [1, 2, 1], [1, -2, 1], [1, 1, 1], [1, 2, 1], [1, 0, -1], [1, 1, 1], [1, 0, -1], [1, 1, 1], [1, 0, -1], [1, 1, 1], [1, 0, -1]]",0
2.1263.4t3.a,1263,"[3, 421]","[2, 3, 5, 7, 421]",False,1,"[[[1], [-2], [1]], [[1], [2], [1]], [[1], [0], [-1]], [[1], [0], [-1]], [[1], [0], [1]], [[1], [1]]]",null,0
2.1263.4t3.b,1263,"[3, 421]","[3, 5, 421]",False,1,"[[[1], [-2], [1]], [[1], [2], [1]], [[1], [0], [-1]], [[1], [0], [-1]], [[1], [0], [1]], [[1], [1]]]","[[1, 0, 1], [1, 1], [1, 0, -1], [1, 2, 1], [1, 0, -1], [1, 0, -1], [1, 0, -1], [1, 0, -1], [1, 0, 1], [1, 0, 1], [1, -2, 1], [1, 0, -1], [1, 0, 1], [1, 0, -1], [1, 0, 1], [1, 0, 1], [1, 0, 1], [1, 0, -1], [1, -2, 1], [1, 0, 1], [1, 0, -1], [1, 2, 1], [1, 0, 1], [1, 0, 1], [1, 2, 1], [1, 0, -1], [1, -2, 1], [1, 0, -1], [1, -2, 1], [1, 0, -1]]",0
2.1263.4t3.c,1263,"[3, 421]","[2, 3, 5, 421]",False,1,"[[[1], [-2], [1]], [[1], [2], [1]], [[1], [0], [-1]], [[1], [0], [-1]], [[1], [0], [1]], [[1], [1]]]",null,0
2.1267.3t2.a,1267,"[7, 181]","[7, 181]",False,1,"[[[1], [-2], [1]], [[1], [0], [-1]], [[1], [1], [1]], [[1], [-1]]]","[[1, 0, -1], [1, 0, -1], [1, 0, -1], [1, -1], [1, 1, 1], [1, 0, -1], [1, 1, 1], [1, 1, 1], [1, 0, -1], [1, 1, 1], [1, 1, 1], [1, 1, 1], [1, 1, 1], [1, 1, 1], [1, -2, 1], [1, 0, -1], [1, 0, -1], [1, -2, 1], [1, 1, 1], [1, 0, -1], [1, 0, -1], [1, 1, 1], [1, 1, 1], [1, -2, 1], [1, 1, 1], [1, 0, -1], [1, 1, 1], [1, 0, -1], [1, 0, -1], [1, 0, -1]]",0
2.1267.6t3.a,1267,"[7, 181]","[2, 3, 5, 7, 181]",False,1,"[[[1], [-2], [1]], [[1], [2], [1]], [[1], [0], [-1]], [[1], [0], [-1]], [[1], [1], [1]], [[1], [-1], [1]], [[1], [1]]]","[[1, 0, -1], [1, 0, -1], [1, 0, -1], [1, 1], [1, 1, 1], [1, 0, -1], [1, -1, 1], [1, -1, 1], [1, 0, -1], [1, 1, 1], [1, -1, 1], [1, 1, 1], [1, -1, 1], [1, 1, 1], [1, 2, 1], [1, 0, -1], [1, 0, -1], [1, 2, 1], [1, 1, 1], [1, 0, -1], [1, 0, -1], [1, 1, 1], [1, -1, 1], [1, 2, 1], [1, -1, 1], [1, 0, -1], [1, -1, 1], [1, 0, -1], [1, 0, -1], [1, 0, -1]]",0
2.1267.6t3.b,1267,"[7, 181]","[2, 5, 7, 13, 181]",False,1,"[[[1], [-2], [1]], [[1], [2], [1]], [[1], [0], [-1]], [[1], [0], [-1]], [[1], [1], [1]], [[1], [-1], [1]], [[1], [1]]]",null,0
2.1271.4t3.a,1271,"[31, 41]","[2, 5, 7, 31, 41, 1061]",False,1,"[[[1], [-2], [1]], [[1], [2], [1]], [[1], [0], [-1]], [[1], [0], [-1]], [[1], [0], [1]], [[1], [-1]]]",null,0
2.1271.4t3.b,1271,"[31, 41]","[2, 7, 31, 41]",False,1,"[[[1], [-2], [1]], [[1], [2], [1]], [[1], [0], [-1]], [[1], [0], [-1]], [[1], [0], [1]], [[1], [-1]]]",null,0
2.1271.4t3.c,1271,"[31, 41]","[2, 5, 31, 41]",False,1,"[[[1], [-2], [1]], [[1], [2], [1]], [[1], [0], [-1]], [[1], [0], [-1]], [[1], [0], [1]], [[1], [-1]]]","[[1, 2, 1], [1, 0, 1], [1, -2, 1], [1, 0, -1], [1, 0, 1], [1, 0, 1], [1, 0, 1], [1, 0, -1], [1, 0, -1], [1, 0, 1], [1, -1], [1, 0, -1], [1, -1], [1, 0, -1], [1, 0, -1], [1, 0, 1], [1, 2, 1], [1, 0, -1], [1, 0, -1], [1, 0, -1], [1, 0, -1], [1, 0, 1], [1, 0, -1], [1, 0, 1], [1, 0, -1], [1, 0, -1], [1, 2, 1], [1, -2, 1], [1, 0, -1], [1, 2, 1]]",0
2.1272.3t2.a,1272,"[2, 3, 53]","[2, 3, 53]",False,1,"[[[1], [-2], [1]], [[1], [0], [-1]], [[1], [1], [1]], [[1], [-1]]]","[[1, -1], [1, -1], [1, 0, -1], [1, 1, 1], [1, 1, 1], [1, 0, -1], [1, 0, -1], [1, 1, 1], [1, 1, 1], [1, 1, 1], [1, 0, -1], [1, 0, -1], [1, 1, 1], [1, 0, -1], [1, 0, -1], [1, -1], [1, -2, 1], [1, 1, 1], [1, 1, 1], [1, 1, 1], [1, 0, -1], [1, 0, -1], [1, 0, -1], [1, 0, -1], [1, 1, 1], [1, 0, -1], [1, 0, -1], [1, -2, 1], [1, -2, 1], [1, 0, -1]]",0
2.1272.6t3.a,1272,"[2, 3, 53]","[2, 3, 5, 53]",False,1,"[[[1], [-2], [1]], [[1], [2], [1]], [[1], [0], [-1]], [[1], [0], [-1]], [[1], [1], [1]], [[1], [-1], [1]], [[1], [1]], [[1], [-1]]]",null,0
2.1272.6t3.b,1272,"[2, 3, 53]","[2, 3, 53]",False,1,"[[[1], [-2], [1]], [[1], [2], [1]], [[1], [0], [-1]], [[1], [0], [-1]], [[1], [1], [1]], [[1], [-1], [1]], [[1], [1]], [[1], [-1]]]","[[1, 1], [1, -1], [1, 0, -1], [1, 1, 1], [1, -1, 1], [1, 0, -1], [1, 0, -1], [1, 1, 1], [1, -1, 1], [1, -1, 1], [1, 0, -1], [1, 0, -1], [1, -1, 1], [1, 0, -1], [1, 0, -1], [1, 1], [1, 2, 1], [1, 1, 1], [1, 1, 1], [1, -1, 1], [1, 0, -1], [1, 0, -1], [1, 0, -1], [1, 0, -1], [1, 1, 1], [1, 0, -1], [1, 0, -1], [1, 2, 1], [1, -2, 1], [1, 0, -1]]",0
2.1272.6t3.c,1272,"[2, 3, 53]","[2, 3, 5, 53]",False,1,"[[[1], [-2], [1]], [[1], [2], [1]], [[1], [0], [-1]], [[1], [0], [-1]], [[1], [1], [1]], [[1], [-1], [1]], [[1], [1]], [[1], [-1]]]","[[1, 1], [1, 1], [1, 0, -1], [1, 1, 1], [1, 1, 1], [1, 0, -1], [1, 0, -1], [1, -1, 1], [1, -1, 1], [1, 1, 1], [1, 0, -1], [1, 0, -1], [1, -1, 1], [1, 0, -1], [1, 0, -1], [1, -1], [1, -2, 1], [1, -1, 1], [1, -1, 1], [1, -1, 1], [1, 0, -1], [1, 0, -1], [1, 0, -1], [1, 0, -1], [1, 1, 1], [1, 0, -1], [1, 0, -1], [1, -2, 1], [1, 2, 1], [1, 0, -1]]",0
2.1272.6t3.d,1272,"[2, 3, 53]","[2, 3, 53]",False,1,"[[[1], [-2], [1]], [[1], [2], [1]], [[1], [0], [-1]], [[1], [0], [-1]], [[1], [1], [1]], [[1], [-1], [1]], [[1], [-1]], [[1], [1]]]",null,0
2.1272.6t3.e,1272,"[2, 3, 53]","[2, 3, 53]",False,1,"[[[1], [-2], [1]], [[1], [2], [1]], [[1], [0], [-1]], [[1], [0], [-1]], [[1], [1], [1]], [[1], [-1], [1]], [[1], [1]], [[1], [-1]]]",null,0
2.1272.6t3.f,1272,"[2, 3, 53]","[2, 3, 5, 53]",False,1,"[[[1], [-2], [1]], [[1], [2], [1]], [[1], [0], [-1]], [[1], [0], [-1]], [[1], [1], [1]], [[1], [-1], [1]], [[1], [-1]], [[1], [1]]]","[[1, -1], [1, 1], [1, 0, -1], [1, 1, 1], [1, -1, 1], [1, 0, -1], [1, 0, -1], [1, -1, 1], [1, 1, 1], [1, -1, 1], [1, 0, -1], [1, 0, -1], [1, 1, 1], [1, 0, -1], [1, 0, -1], [1, 1], [1, 2, 1], [1, -1, 1], [1, -1, 1], [1, 1, 1], [1, 0, -1], [1, 0, -1], [1, 0, -1], [1, 0, -1], [1, 1, 1], [1, 0, -1], [1, 0, -1], [1, 2, 1], [1, 2, 1], [1, 0, -1]]",0
2.1275.4t3.a,1275,"[3, 5, 17]","[2, 3, 5, 17]",False,1,"[[[1], [-2], [1]], [[1], [2], [1]], [[1], [0], [-1]], [[1], [0], [-1]], [[1], [0], [1]], [[1], [-1]], [[1]], [[1], [1]]]",null,0
2.1275.4t3.b,1275,"[3, 5, 17]","[2, 3, 5, 17]",False,1,"[[[1], [-2], [1]], [[1], [2], [1]], [[1], [0], [-1]], [[1], [0], [-1]], [[1], [0], [1]], [[1], [1]], [[1]], [[1], [-1]]]",null,0
2.1275.4t3.c,1275,"[3, 5, 17]","[2, 3, 5, 17, 101]",False,1,"[[[1], [-2], [1]], [[1], [2], [1]], [[1], [0], [-1]], [[1], [0], [-1]], [[1], [0], [1]], [[1], [-1]], [[1]], [[1], [1]]]",null,0
2.1275.4t3.d,1275,"[3, 5, 17]","[2, 3, 5, 7, 17]",False,1,"[[[1], [-2], [1]], [[1], [2], [1]], [[1], [0], [-1]], [[1], [0], [-1]], [[1], [0], [1]], [[1], [1]], [[1]], [[1], [-1]]]",null,0
2.1275.4t3.e,1275,"[3, 5, 17]","[3, 5, 17]",False,1,"[[[1], [-2], [1]], [[1], [2], [1]], [[1], [0], [-1]], [[1], [0], [-1]], [[1], [0], [1]], [[1], [-1]], [[1]], [[1], [1]]]","[[1, 0, -1], [1, -1], [1], [1, 0, -1], [1, 0, 1], [1, 0, 1], [1, 1], [1, 2, 1], [1, 2, 1], [1, 0, 1], [1, 0, -1], [1, 0, -1], [1, 0, 1], [1, 0, 1], [1, 0, -1], [1, 0, -1], [1, 0, -1], [1, 0, -1], [1, 0, 1], [1, 0, 1], [1, 0, -1], [1, 0, -1], [1, 0, -1], [1, 0, -1], [1, 0, -1], [1, 0, -1], [1, 0, 1], [1, -2, 1], [1, 0, -1], [1, -2, 1]]",0
2.1275.4t3.f,1275,"[3, 5, 17]","[2, 3, 5, 17]",False,1,"[[[1], [-2], [1]], [[1], [2], [1]], [[1], [0], [-1]], [[1], [0], [-1]], [[1], [0], [1]], [[1], [1]], [[1]], [[1], [-1]]]","[[1, 0, -1], [1, 1], [1], [1, 0, -1], [1, 0, 1], [1, 0, 1], [1, -1], [1, 2, 1], [1, -2, 1], [1, 0, 1], [1, 0, -1], [1, 0, -1], [1, 0, 1], [1, 0, 1], [1, 0, -1], [1, 0, -1], [1, 0, -1], [1, 0, -1], [1, 0, 1], [1, 0, 1], [1, 0, -1], [1, 0, -1], [1, 0, -1], [1, 0, -1], [1, 0, -1], [1, 0, -1], [1, 0, 1], [1, 2, 1], [1, 0, -1], [1, 2, 1]]",0
2.1288.4t3.a,1288,"[2, 7, 23]","[2, 3, 7, 23]",False,1,"[[[1], [-2], [1]], [[1], [2], [1]], [[1], [0], [-1]], [[1], [0], [-1]], [[1], [0], [1]], [[1], [1]], [[1], [-1]]]",null,0
2.1288.4t3.b,1288,"[2, 7, 23]","[2, 7, 23]",False,1,"[[[1], [-2], [1]], [[1], [2], [1]], [[1], [0], [-1]], [[1], [0], [-1]], [[1], [0], [1]], [[1], [1]], [[1], [-1]]]",null,0
2.1288.4t3.c,1288,"[2, 7, 23]","[2, 7, 23]",True,1,"[[[1], [-2], [1]], [[1], [2], [1]], [[1], [0], [-1]], [[1], [0], [-1]], [[1], [0], [1]], [[1], [-1]], [[1], [1]]]",null,0
2.1288.4t3.d,1288,"[2, 7, 23]","[2, 7, 23]",True,1,"[[[1], [-2], [1]], [[1], [2], [1]], [[1], [0], [-1]], [[1], [0], [-1]], [[1], [0], [1]], [[1], [-1]], [[1], [1]]]",null,0
2.1288.4t3.e,1288,"[2, 7, 23]","[2, 7, 23]",True,1,"[[[1], [-2], [1]], [[1], [2], [1]], [[1], [0], [-1]], [[1], [0], [-1]], [[1], [0], [1]], [[1], [-1]], [[1], [1]]]",null,0
2.1288.4t3.f,1288,"[2, 7, 23]","[2, 7, 23]",True,1,"[[[1], [-2], [1]], [[1], [2], [1]], [[1], [0], [-1]], [[1], [0], [-1]], [[1], [0], [1]], [[1], [-1]], [[1], [1]]]",null,0
2.1288.4t3.g,1288,"[2, 7, 23]","[2, 3, 7, 23]",False,1,"[[[1], [-2], [1]], [[1], [2], [1]], [[1], [0], [-1]], [[1], [0], [-1]], [[1], [0], [1]], [[1], [1]], [[1], [-1]]]","[[1, 1], [1, 0, -1], [1, 0, -1], [1, -1], [1, 0, -1], [1, 0, 1], [1, 0, 1], [1, 0, 1], [1, 1], [1, 0, -1], [1, 0, 1], [1, 2, 1], [1, 0, -1], [1, 0, -1], [1, 0, 1], [1, -2, 1], [1, 0, -1], [1, 0, -1], [1, 0, -1], [1, 0, -1], [1, 0, -1], [1, 2, 1], [1, 0, 1], [1, 0, 1], [1, 0, 1], [1, 0, 1], [1, 0, -1], [1, 0, -1], [1, -2, 1], [1, 0, -1]]",0
2.1288.4t3.h,1288,"[2, 7, 23]","[2, 3, 7, 23]",False,1,"[[[1], [-2], [1]], [[1], [2], [1]], [[1], [0], [-1]], [[1], [0], [-1]], [[1], [0], [1]], [[1], [1]], [[1], [-1]]]","[[1, 1], [1, 0, -1], [1, 0, -1], [1, 1], [1, 0, -1], [1, 0, 1], [1, 0, 1], [1, 0, 1], [1, -1], [1, 0, -1], [1, 0, 1], [1, -2, 1], [1, 0, -1], [1, 0, -1], [1, 0, 1], [1, 2, 1], [1, 0, -1], [1, 0, -1], [1, 0, -1], [1, 0, -1], [1, 0, -1], [1, -2, 1], [1, 0, 1], [1, 0, 1], [1, 0, 1], [1, 0, 1], [1, 0, -1], [1, 0, -1], [1, 2, 1], [1, 0, -1]]",0
2.1288.4t3.i,1288,"[2, 7, 23]","[2, 7, 23, 1913]",True,1,"[[[1], [-2], [1]], [[1], [2], [1]], [[1], [0], [-1]], [[1], [0], [-1]], [[1], [0], [1]], [[1], [-1]], [[1], [1]]]",null,0
2.1288.4t3.j,1288,"[2, 7, 23]","[2, 3, 7, 11, 23]",False,1,"[[[1], [-2], [1]], [[1], [2], [1]], [[1], [0], [-1]], [[1], [0], [-1]], [[1], [0], [1]], [[1], [1]], [[1], [-1]]]",null,0
2.1288.4t3.k,1288,"[2, 7, 23]","[2, 3, 7, 23]",False,1,"[[[1], [-2], [1]], [[1], [2], [1]], [[1], [0], [-1]], [[1], [0], [-1]], [[1], [0], [1]], [[1], [1]], [[1], [-1]]]",null,0
2.1288.4t3.l,1288,"[2, 7, 23]","[2, 5, 7, 23, 433]",True,1,"[[[1], [-2], [1]], [[1], [2], [1]], [[1], [0], [-1]], [[1], [0], [-1]], [[1], [0], [1]], [[1], [-1]], [[1], [1]]]",null,0
2.1291.3t2.a,1291,[1291],[1291],False,1,"[[[1], [-2], [1]], [[1], [0], [-1]], [[1], [1], [1]], [[1], [-1]]]","[[1, 0, -1], [1, 0, -1], [1, 1, 1], [1, -2, 1], [1, 0, -1], [1, 1, 1], [1, 1, 1], [1, 1, 1], [1, 0, -1], [1, 0, -1], [1, 0, -1], [1, 1, 1], [1, 1, 1], [1, 0, -1], [1, -2, 1], [1, 0, -1], [1, -2, 1], [1, 0, -1], [1, 1, 1], [1, 1, 1], [1, 1, 1], [1, 1, 1], [1, 1, 1], [1, 1, 1], [1, 0, -1], [1, 1, 1], [1, 0, -1], [1, 1, 1], [1, 0, -1], [1, 0, -1]]",0
2.1292.3t2.a,1292,"[2, 17, 19]","[2, 17, 19]",False,1,"[[[1], [-2], [1]], [[1], [0], [-1]], [[1], [1], [1]], [[1]], [[1], [-1]]]","[[1], [1, 1, 1], [1, 0, -1], [1, 0, -1], [1, 0, -1], [1, 0, -1], [1, -1], [1, -1], [1, 0, -1], [1, 1, 1], [1, 1, 1], [1, -2, 1], [1, -2, 1], [1, 1, 1], [1, 1, 1], [1, 0, -1], [1, 0, -1], [1, 0, -1], [1, 0, -1], [1, -2, 1], [1, 0, -1], [1, -2, 1], [1, 1, 1], [1, 0, -1], [1, 1, 1], [1, 1, 1], [1, 0, -1], [1, 1, 1], [1, 1, 1], [1, 1, 1]]",0
2.1292.4t3.a,1292,"[2, 17, 19]","[2, 3, 17, 19]",True,1,"[[[1], [-2], [1]], [[1], [2], [1]], [[1], [0], [-1]], [[1], [0], [-1]], [[1], [0], [1]], [[1], [1]]]",null,0
2.1292.4t3.b,1292,"[2, 17, 19]","[2, 3, 17, 19]",True,1,"[[[1], [-2], [1]], [[1], [2], [1]], [[1], [0], [-1]], [[1], [0], [-1]], [[1], [0], [1]], [[1], [-1]], [[1], [1]]]",null,0
2.1292.4t3.c,1292,"[2, 17, 19]","[2, 3, 5, 17, 19, 149]",True,1,"[[[1], [-2], [1]], [[1], [2], [1]], [[1], [0], [-1]], [[1], [0], [-1]], [[1], [0], [1]], [[1], [1]]]",null,0
2.1292.4t3.d,1292,"[2, 17, 19]","[2, 3, 5, 17, 19, 1597]",True,1,"[[[1], [-2], [1]], [[1], [2], [1]], [[1], [0], [-1]], [[1], [0], [-1]], [[1], [0], [1]], [[1], [-1]], [[1], [1]]]",null,0
2.1292.4t3.e,1292,"[2, 17, 19]","[2, 17, 19]",True,1,"[[[1], [-2], [1]], [[1], [2], [1]], [[1], [0], [-1]], [[1], [0], [-1]], [[1], [0], [1]], [[1], [1]]]",null,0
2.1292.4t3.f,1292,"[2, 17, 19]","[2, 5, 17, 19]",True,1,"[[[1], [-2], [1]], [[1], [2], [1]], [[1], [0], [-1]], [[1], [0], [-1]], [[1], [0], [1]], [[1], [-1]], [[1], [1]]]",null,0
2.1292.6t3.a,1292,"[2, 17, 19]","[2, 5, 17, 19]",False,1,"[[[1], [-2], [1]], [[1], [2], [1]], [[1], [0], [-1]], [[1], [0], [-1]], [[1], [1], [1]], [[1], [-1], [1]], [[1]], [[1], [-1]]]","[[1], [1, -1, 1], [1, 0, -1], [1, 0, -1], [1, 0, -1], [1, 0, -1], [1, -1], [1, -1], [1, 0, -1], [1, -1, 1], [1, -1, 1], [1, 2, 1], [1, 2, 1], [1, 1, 1], [1, 1, 1], [1, 0, -1], [1, 0, -1], [1, 0, -1], [1, 0, -1], [1, 2, 1], [1, 0, -1], [1, 2, 1], [1, 1, 1], [1, 0, -1], [1, -1, 1], [1, 1, 1], [1, 0, -1], [1, -1, 1], [1, -1, 1], [1, -1, 1]]",0
2.1292.6t3.b,1292,"[2, 17, 19]","[2, 17, 19]",False,1,"[[[1], [-2], [1]], [[1], [2], [1]], [[1], [0], [-1]], [[1], [0], [-1]], [[1], [1], [1]], [[1], [-1], [1]], [[1]], [[1], [-1]]]",null,0
2.1295.3t2.a,1295,"[5, 7, 37]","[5, 7, 37]",False,1,"[[[1], [-2], [1]], [[1], [0], [-1]], [[1], [1], [1]], [[1], [-1]]]","[[1, 1, 1], [1, 1, 1], [1, -1], [1, -1], [1, -2, 1], [1, 0, -1], [1, 0, -1], [1, 1, 1], [1, 1, 1], [1, 0, -1], [1, 1, 1], [1, -1], [1, 0, -1], [1, -2, 1], [1, 1, 1], [1, 0, -1], [1, 1, 1], [1, 1, 1], [1, 0, -1], [1, 1, 1], [1, -2, 1], [1, 0, -1], [1, 1, 1], [1, -2, 1], [1, 0, -1], [1, 0, -1], [1, 0, -1], [1, 0, -1], [1, 0, -1], [1, 1, 1]]",0
2.1295.6t3.a,1295,"[5, 7, 37]","[5, 7, 11, 17, 37]",False,1,"[[[1], [-2], [1]], [[1], [2], [1]], [[1], [0], [-1]], [[1], [0], [-1]], [[1], [1], [1]], [[1], [-1], [1]], [[1], [-1]], [[1], [1]]]",null,0
2.1295.6t3.b,1295,"[5, 7, 37]","[5, 7, 11, 37]",False,1,"[[[1], [-2], [1]], [[1], [2], [1]], [[1], [0], [-1]], [[1], [0], [-1]], [[1], [1], [1]], [[1], [-1], [1]], [[1], [1]], [[1], [-1]]]","[[1, -1, 1], [1, 1, 1], [1, 1], [1, -1], [1, -2, 1], [1, 0, -1], [1, 0, -1], [1, -1, 1], [1, -1, 1], [1, 0, -1], [1, -1, 1], [1, 1], [1, 0, -1], [1, 2, 1], [1, 1, 1], [1, 0, -1], [1, -1, 1], [1, -1, 1], [1, 0, -1], [1, 1, 1], [1, -2, 1], [1, 0, -1], [1, 1, 1], [1, 2, 1], [1, 0, -1], [1, 0, -1], [1, 0, -1], [1, 0, -1], [1, 0, -1], [1, -1, 1]]",0
2.1295.6t3.c,1295,"[5, 7, 37]","[5, 7, 29, 37]",False,1,"[[[1], [-2], [1]], [[1], [2], [1]], [[1], [0], [-1]], [[1], [0], [-1]], [[1], [1], [1]], [[1], [-1], [1]], [[1], [-1]], [[1], [1]]]","[[1, -1, 1], [1, -1, 1], [1, -1], [1, 1], [1, -2, 1], [1, 0, -1], [1, 0, -1], [1, 1, 1], [1, -1, 1], [1, 0, -1], [1, 1, 1], [1, 1], [1, 0, -1], [1, 2, 1], [1, -1, 1], [1, 0, -1], [1, 1, 1], [1, 1, 1], [1, 0, -1], [1, 1, 1], [1, 2, 1], [1, 0, -1], [1, -1, 1], [1, -2, 1], [1, 0, -1], [1, 0, -1], [1, 0, -1], [1, 0, -1], [1, 0, -1], [1, -1, 1]]",0
2.1295.6t3.d,1295,"[5, 7, 37]","[5, 7, 11, 37]",False,1,"[[[1], [-2], [1]], [[1], [2], [1]], [[1], [0], [-1]], [[1], [0], [-1]], [[1], [1], [1]], [[1], [-1], [1]], [[1], [1]], [[1], [-1]]]",null,0
2.1295.6t3.e,1295,"[5, 7, 37]","[2, 5, 7, 37]",False,1,"[[[1], [-2], [1]], [[1], [2], [1]], [[1], [0], [-1]], [[1], [0], [-1]], [[1], [1], [1]], [[1], [-1], [1]], [[1], [1]], [[1], [-1]]]","[[1, 1, 1], [1, -1, 1], [1, 1], [1, 1], [1, -2, 1], [1, 0, -1], [1, 0, -1], [1, -1, 1], [1, 1, 1], [1, 0, -1], [1, -1, 1], [1, -1], [1, 0, -1], [1, -2, 1], [1, -1, 1], [1, 0, -1], [1, -1, 1], [1, -1, 1], [1, 0, -1], [1, 1, 1], [1, 2, 1], [1, 0, -1], [1, -1, 1], [1, 2, 1], [1, 0, -1], [1, 0, -1], [1, 0, -1], [1, 0, -1], [1, 0, -1], [1, 1, 1]]",0
2.1295.6t3.f,1295,"[5, 7, 37]","[2, 5, 7, 11, 37]",False,1,"[[[1], [-2], [1]], [[1], [2], [1]], [[1], [0], [-1]], [[1], [0], [-1]], [[1], [1], [1]], [[1], [-1], [1]], [[1], [1]], [[1], [-1]]]",null,0
2.1299.4t3.a,1299,"[3, 433]","[2, 3, 433]",False,1,"[[[1], [-2], [1]], [[1], [2], [1]], [[1], [0], [-1]], [[1], [0], [-1]], [[1], [0], [1]], [[1], [-1]]]","[[1, 0, -1], [1, -1], [1, 0, 1], [1, 0, -1], [1, 0, -1], [1, 2, 1], [1, 0, -1], [1, 0, -1], [1, 0, 1], [1, 0, 1], [1, 0, -1], [1, 2, 1], [1, 0, -1], [1, 0, -1], [1, 0, 1], [1, 0, -1], [1, 0, -1], [1, 0, -1], [1, 0, -1], [1, 0, 1], [1, 0, -1], [1, 2, 1], [1, 0, 1], [1, 0, 1], [1, 0, -1], [1, 0, 1], [1, 0, -1], [1, 0, 1], [1, -2, 1], [1, 0, 1]]",0
2.1299.4t3.b,1299,"[3, 433]","[2, 3, 433]",False,1,"[[[1], [-2], [1]], [[1], [2], [1]], [[1], [0], [-1]], [[1], [0], [-1]], [[1], [0], [1]], [[1], [-1]]]",null,0
2.1299.4t3.c,1299,"[3, 433]","[2, 3, 109, 433]",False,1,"[[[1], [-2], [1]], [[1], [2], [1]], [[1], [0], [-1]], [[1], [0], [-1]], [[1], [0], [1]], [[1], [-1]]]",null,0
2.1300.3t2.a,1300,"[2, 5, 13]","[2, 5, 13]",True,1,"[[[1], [-2], [1]], [[1], [0], [-1]], [[1], [1], [1]], [[1]], [[1], [-1]]]",null,0
2.1300.3t2.b,1300,"[2, 5, 13]","[2, 5, 13]",False,1,"[[[1], [-2], [1]], [[1], [0], [-1]], [[1], [1], [1]], [[1], [-1]], [[1]]]","[[1, -1], [1, 0, -1], [1], [1, 1, 1], [1, 1, 1], [1, -1], [1, 1, 1], [1, -2, 1], [1, 0, -1], [1, 1, 1], [1, 1, 1], [1, 0, -1], [1, 0, -1], [1, 0, -1], [1, 1, 1], [1, 1, 1], [1, 1, 1], [1, 1, 1], [1, 1, 1], [1, -2, 1], [1, 0, -1], [1, 0, -1], [1, 1, 1], [1, 0, -1], [1, 0, -1], [1, 1, 1], [1, 0, -1], [1, 0, -1], [1, 0, -1], [1, -2, 1]]",0
2.1300.6t3.a,1300,"[2, 5, 13]","[2, 3, 5, 13]",False,1,"[[[1], [-2], [1]], [[1], [2], [1]], [[1], [0], [-1]], [[1], [0], [-1]], [[1], [1], [1]], [[1], [-1], [1]], [[1], [1]], [[1]], [[1], [-1]]]","[[1, 1], [1, 0, -1], [1], [1, -1, 1], [1, -1, 1], [1, -1], [1, 1, 1], [1, 2, 1], [1, 0, -1], [1, 1, 1], [1, -1, 1], [1, 0, -1], [1, 0, -1], [1, 0, -1], [1, -1, 1], [1, 1, 1], [1, -1, 1], [1, 1, 1], [1, -1, 1], [1, 2, 1], [1, 0, -1], [1, 0, -1], [1, -1, 1], [1, 0, -1], [1, 0, -1], [1, 1, 1], [1, 0, -1], [1, 0, -1], [1, 0, -1], [1, -2, 1]]",0
2.1300.6t3.b,1300,"[2, 5, 13]","[2, 5, 13]",True,1,"[[[1], [-2], [1]], [[1], [2], [1]], [[1], [0], [-1]], [[1], [0], [-1]], [[1], [1], [1]], [[1], [-1], [1]], [[1]], [[1], [1]]]",null,0
2.1300.6t3.c,1300,"[2, 5, 13]","[2, 3, 5, 13]",False,1,"[[[1], [-2], [1]], [[1], [2], [1]], [[1], [0], [-1]], [[1], [0], [-1]], [[1], [1], [1]], [[1], [-1], [1]], [[1], [1]], [[1]]]","[[1, 1], [1, 0, -1], [1], [1, -1, 1], [1, 1, 1], [1, 1], [1, -1, 1], [1, -2, 1], [1, 0, -1], [1, 1, 1], [1, 1, 1], [1, 0, -1], [1, 0, -1], [1, 0, -1], [1, -1, 1], [1, -1, 1], [1, 1, 1], [1, 1, 1], [1, -1, 1], [1, -2, 1], [1, 0, -1], [1, 0, -1], [1, -1, 1], [1, 0, -1], [1, 0, -1], [1, 1, 1], [1, 0, -1], [1, 0, -1], [1, 0, -1], [1, 2, 1]]",0
2.1300.6t3.d,1300,"[2, 5, 13]","[2, 5, 13, 389]",False,1,"[[[1], [-2], [1]], [[1], [2], [1]], [[1], [0], [-1]], [[1], [0], [-1]], [[1], [1], [1]], [[1], [-1], [1]], [[1], [1]], [[1]]]",null,0
2.1300.6t3.e,1300,"[2, 5, 13]","[2, 5, 7, 13]",True,1,"[[[1], [-2], [1]], [[1], [2], [1]], [[1], [0], [-1]], [[1], [0], [-1]], [[1], [1], [1]], [[1], [-1], [1]], [[1]], [[1], [1]]]",null,0
2.1300.6t3.f,1300,"[2, 5, 13]","[2, 5, 13]",False,1,"[[[1], [-2], [1]], [[1], [2], [1]], [[1], [0], [-1]], [[1], [0], [-1]], [[1], [1], [1]], [[1], [-1], [1]], [[1], [-1]], [[1]], [[1], [1]]]",null,0
2.1300.6t3.g,1300,"[2, 5, 13]","[2, 5, 13]",False,1,"[[[1], [-2], [1]], [[1], [2], [1]], [[1], [0], [-1]], [[1], [0], [-1]], [[1], [1], [1]], [[1], [-1], [1]], [[1], [-1]], [[1]], [[1], [1]]]","[[1, -1], [1, 0, -1], [1], [1, 1, 1], [1, -1, 1], [1, 1], [1, -1, 1], [1, 2, 1], [1, 0, -1], [1, 1, 1], [1, -1, 1], [1, 0, -1], [1, 0, -1], [1, 0, -1], [1, 1, 1], [1, -1, 1], [1, -1, 1], [1, 1, 1], [1, 1, 1], [1, 2, 1], [1, 0, -1], [1, 0, -1], [1, 1, 1], [1, 0, -1], [1, 0, -1], [1, 1, 1], [1, 0, -1], [1, 0, -1], [1, 0, -1], [1, 2, 1]]",0
2.1300.6t3.h,1300,"[2, 5, 13]","[2, 3, 5, 13]",False,1,"[[[1], [-2], [1]], [[1], [2], [1]], [[1], [0], [-1]], [[1], [0], [-1]], [[1], [1], [1]], [[1], [-1], [1]], [[1], [1]], [[1]], [[1], [-1]]]",null,0
2.1304.3t2.a,1304,"[2, 163]","[2, 163]",True,1,"[[[1], [-2], [1]], [[1], [0], [-1]], [[1], [1], [1]], [[1], [-1]]]",null,0
2.1304.6t3.a,1304,"[2, 163]","[2, 3, 113, 163]",True,1,"[[[1], [-2], [1]], [[1], [2], [1]], [[1], [0], [-1]], [[1], [0], [-1]], [[1], [1], [1]], [[1], [-1], [1]], [[1], [1]], [[1], [-1]]]",null,0
2.1304.6t3.b,1304,"[2, 163]","[2, 3, 163]",True,1,"[[[1], [-2], [1]], [[1], [2], [1]], [[1], [0], [-1]], [[1], [0], [-1]], [[1], [1], [1]], [[1], [-1], [1]], [[1], [1]], [[1], [-1]]]",null,0
2.1305.4t3.a,1305,"[3, 5, 29]","[3, 5, 29]",True,1,"[[[1], [-2], [1]], [[1], [2], [1]], [[1], [0], [-1]], [[1], [0], [-1]], [[1], [0], [1]], [[1]], [[1], [-1]]]",null,0
2.1305.4t3.b,1305,"[3, 5, 29]","[3, 5, 29]",True,1,"[[[1], [-2], [1]], [[1], [2], [1]], [[1], [0], [-1]], [[1], [0], [-1]], [[1], [0], [1]], [[1]], [[1], [-1]]]",null,0
2.1305.4t3.c,1305,"[3, 5, 29]","[2, 3, 5, 11, 23, 29, 59]",True,1,"[[[1], [-2], [1]], [[1], [2], [1]], [[1], [0], [-1]], [[1], [0], [-1]], [[1], [0], [1]], [[1]], [[1], [-1]]]",null,0
2.1312.4t3.a,1312,"[2, 41]","[2, 41]",True,1,"[[[1], [-2], [1]], [[1], [2], [1]], [[1], [0], [-1]], [[1], [0], [-1]], [[1], [0], [1]], [[1]], [[1], [1]]]",null,0
2.1312.4t3.b,1312,"[2, 41]","[2, 5, 41]",False,1,"[[[1], [-2], [1]], [[1], [2], [1]], [[1], [0], [-1]], [[1], [0], [-1]], [[1], [0], [1]], [[1]], [[1], [1]]]","[[1], [1, 0, -1], [1, 0, -1], [1, 0, 1], [1, 0, -1], [1, 0, 1], [1, 0, -1], [1, 0, -1], [1, 0, -1], [1, 0, 1], [1, 0, -1], [1, 0, -1], [1, 1], [1, -2, 1], [1, 0, 1], [1, 0, 1], [1, -2, 1], [1, 0, -1], [1, 0, -1], [1, 0, 1], [1, 2, 1], [1, 0, 1], [1, 2, 1], [1, 0, -1], [1, 0, -1], [1, 0, 1], [1, 0, -1], [1, 2, 1], [1, 0, 1], [1, 2, 1]]",0
2.1312.4t3.c,1312,"[2, 41]","[2, 5, 41]",True,1,"[[[1], [-2], [1]], [[1], [2], [1]], [[1], [0], [-1]], [[1], [0], [-1]], [[1], [0], [1]], [[1]], [[1], [1]]]",null,0
2.1312.4t3.d,1312,"[2, 41]","[2, 3, 41]",False,1,"[[[1], [-2], [1]], [[1], [2], [1]], [[1], [0], [-1]], [[1], [0], [-1]], [[1], [0], [1]], [[1]], [[1], [1]]]",null,0
2.1312.4t3.e,1312,"[2, 41]","[2, 3, 5, 17, 41]",False,1,"[[[1], [-2], [1]], [[1], [2], [1]], [[1], [0], [-1]], [[1], [0], [-1]], [[1], [0], [1]], [[1]], [[1], [1]]]",null,0
2.1312.4t3.f,1312,"[2, 41]","[2, 3, 5, 17, 23, 41, 2153]",True,1,"[[[1], [-2], [1]], [[1], [2], [1]], [[1], [0], [-1]], [[1], [0], [-1]], [[1], [0], [1]], [[1]], [[1], [1]]]",null,0
2.1313.4t3.a,1313,"[13, 101]","[5, 13, 101]",True,1,"[[[1], [-2], [1]], [[1], [2], [1]], [[1], [0], [-1]], [[1], [0], [-1]], [[1], [0], [1]], [[1], [1]]]",null,0
2.1313.4t3.b,1313,"[13, 101]","[2, 3, 5, 13, 101]",True,1,"[[[1], [-2], [1]], [[1], [2], [1]], [[1], [0], [-1]], [[1], [0], [-1]], [[1], [0], [1]], [[1], [1]]]",null,0
2.1313.4t3.c,1313,"[13, 101]","[13, 101]",True,1,"[[[1], [-2], [1]], [[1], [2], [1]], [[1], [0], [-1]], [[1], [0], [-1]], [[1], [0], [1]], [[1], [1]]]",null,0
2.1315.3t2.a,1315,"[5, 263]","[2, 5, 263]",False,1,"[[[1], [-2], [1]], [[1], [0], [-1]], [[1], [1], [1]], [[1], [-1]]]","[[1, 0, -1], [1, 0, -1], [1, -1], [1, 1, 1], [1, 1, 1], [1, 0, -1], [1, 0, -1], [1, 0, -1], [1, 0, -1], [1, 0, -1], [1, 1, 1], [1, 0, -1], [1, 0, -1], [1, 0, -1], [1, 1, 1], [1, 1, 1], [1, 0, -1], [1, 1, 1], [1, -2, 1], [1, 0, -1], [1, 1, 1], [1, 0, -1], [1, 0, -1], [1, 1, 1], [1, -2, 1], [1, 0, -1], [1, 0, -1], [1, 1, 1], [1, 1, 1], [1, 1, 1]]",0
2.1315.6t3.a,1315,"[5, 263]","[2, 3, 5, 17, 263]",False,1,"[[[1], [-2], [1]], [[1], [2], [1]], [[1], [0], [-1]], [[1], [0], [-1]], [[1], [1], [1]], [[1], [-1], [1]], [[1], [1]]]",null,0
2.1315.6t3.b,1315,"[5, 263]","[2, 3, 5, 263]",False,1,"[[[1], [-2], [1]], [[1], [2], [1]], [[1], [0], [-1]], [[1], [0], [-1]], [[1], [1], [1]], [[1], [-1], [1]], [[1], [1]]]","[[1, 0, -1], [1, 0, -1], [1, 1], [1, -1, 1], [1, 1, 1], [1, 0, -1], [1, 0, -1], [1, 0, -1], [1, 0, -1], [1, 0, -1], [1, 1, 1], [1, 0, -1], [1, 0, -1], [1, 0, -1], [1, -1, 1], [1, -1, 1], [1, 0, -1], [1, 1, 1], [1, 2, 1], [1, 0, -1], [1, -1, 1], [1, 0, -1], [1, 0, -1], [1, 1, 1], [1, 2, 1], [1, 0, -1], [1, 0, -1], [1, -1, 1], [1, 1, 1], [1, -1, 1]]",0
2.1316.3t2.a,1316,"[2, 7, 47]","[2, 7, 47]",False,1,"[[[1], [-2], [1]], [[1], [0], [-1]], [[1], [1], [1]], [[1], [-1]]]","[[1, -1], [1, 1, 1], [1, 1, 1], [1, -1], [1, 1, 1], [1, -2, 1], [1, 0, -1], [1, 0, -1], [1, -2, 1], [1, 0, -1], [1, 0, -1], [1, 1, 1], [1, 1, 1], [1, 1, 1], [1, -1], [1, 1, 1], [1, 1, 1], [1, 0, -1], [1, -2, 1], [1, 0, -1], [1, 1, 1], [1, 0, -1], [1, 1, 1], [1, 0, -1], [1, 0, -1], [1, 0, -1], [1, 1, 1], [1, 1, 1], [1, 0, -1], [1, 0, -1]]",0
2.1316.4t3.a,1316,"[2, 7, 47]","[2, 3, 7, 47]",False,1,"[[[1], [-2], [1]], [[1], [2], [1]], [[1], [0], [-1]], [[1], [0], [-1]], [[1], [0], [1]], [[1], [1]], [[1], [-1]]]",null,0
2.1316.4t3.b,1316,"[2, 7, 47]","[2, 3, 7, 47]",False,1,"[[[1], [-2], [1]], [[1], [2], [1]], [[1], [0], [-1]], [[1], [0], [-1]], [[1], [0], [1]], [[1], [1]]]",null,0
2.1316.4t3.c,1316,"[2, 7, 47]","[2, 3, 7, 47]",False,1,"[[[1], [-2], [1]], [[1], [2], [1]], [[1], [0], [-1]], [[1], [0], [-1]], [[1], [0], [1]], [[1], [1]]]","[[1, 1], [1, -2, 1], [1, 0, 1], [1, 1], [1, 0, 1], [1, 0, 1], [1, 0, -1], [1, 0, -1], [1, 0, 1], [1, 0, -1], [1, 0, -1], [1, -2, 1], [1, 0, 1], [1, 0, 1], [1, 1], [1, 2, 1], [1, 2, 1], [1, 0, -1], [1, 0, 1], [1, 0, -1], [1, 0, 1], [1, 0, -1], [1, 2, 1], [1, 0, -1], [1, 0, -1], [1, 0, -1], [1, 2, 1], [1, 0, 1], [1, 0, -1], [1, 0, -1]]",0
2.1316.4t3.d,1316,"[2, 7, 47]","[2, 7, 47]",False,1,"[[[1], [-2], [1]], [[1], [2], [1]], [[1], [0], [-1]], [[1], [0], [-1]], [[1], [0], [1]], [[1], [1]], [[1], [-1]]]","[[1, 1], [1, 2, 1], [1, 0, 1], [1, -1], [1, 0, 1], [1, 0, 1], [1, 0, -1], [1, 0, -1], [1, 0, 1], [1, 0, -1], [1, 0, -1], [1, -2, 1], [1, 0, 1], [1, 0, 1], [1, -1], [1, 2, 1], [1, -2, 1], [1, 0, -1], [1, 0, 1], [1, 0, -1], [1, 0, 1], [1, 0, -1], [1, -2, 1], [1, 0, -1], [1, 0, -1], [1, 0, -1], [1, -2, 1], [1, 0, 1], [1, 0, -1], [1, 0, -1]]",0
2.1316.4t3.e,1316,"[2, 7, 47]","[2, 3, 7, 37, 47, 2377]",False,1,"[[[1], [-2], [1]], [[1], [2], [1]], [[1], [0], [-1]], [[1], [0], [-1]], [[1], [0], [1]], [[1], [1]]]",null,0
2.1316.4t3.f,1316,"[2, 7, 47]","[2, 3, 7, 47, 1427]",False,1,"[[[1], [-2], [1]], [[1], [2], [1]], [[1], [0], [-1]], [[1], [0], [-1]], [[1], [0], [1]], [[1], [1]], [[1], [-1]]]",null,0
2.1316.6t3.a,1316,"[2, 7, 47]","[2, 7, 47]",False,1,"[[[1], [-2], [1]], [[1], [2], [1]], [[1], [0], [-1]], [[1], [0], [-1]], [[1], [1], [1]], [[1], [-1], [1]], [[1], [-1]]]",null,0
2.1316.6t3.b,1316,"[2, 7, 47]","[2, 7, 47, 467]",False,1,"[[[1], [-2], [1]], [[1], [2], [1]], [[1], [0], [-1]], [[1], [0], [-1]], [[1], [1], [1]], [[1], [-1], [1]], [[1], [-1]], [[1], [1]]]",null,0
2.1316.6t3.c,1316,"[2, 7, 47]","[2, 7, 47]",False,1,"[[[1], [-2], [1]], [[1], [2], [1]], [[1], [0], [-1]], [[1], [0], [-1]], [[1], [1], [1]], [[1], [-1], [1]], [[1], [-1]]]","[[1, -1], [1, 1, 1], [1, -1, 1], [1, -1], [1, -1, 1], [1, 2, 1], [1, 0, -1], [1, 0, -1], [1, 2, 1], [1, 0, -1], [1, 0, -1], [1, 1, 1], [1, -1, 1], [1, -1, 1], [1, -1], [1, 1, 1], [1, 1, 1], [1, 0, -1], [1, 2, 1], [1, 0, -1], [1, -1, 1], [1, 0, -1], [1, 1, 1], [1, 0, -1], [1, 0, -1], [1, 0, -1], [1, 1, 1], [1, -1, 1], [1, 0, -1], [1, 0, -1]]",0
2.1316.6t3.d,1316,"[2, 7, 47]","[2, 7, 13, 47]",False,1,"[[[1], [-2], [1]], [[1], [2], [1]], [[1], [0], [-1]], [[1], [0], [-1]], [[1], [1], [1]], [[1], [-1], [1]], [[1], [-1]], [[1], [1]]]","[[1, -1], [1, -1, 1], [1, 1, 1], [1, 1], [1, -1, 1], [1, -2, 1], [1, 0, -1], [1, 0, -1], [1, 2, 1], [1, 0, -1], [1, 0, -1], [1, 1, 1], [1, 1, 1], [1, -1, 1], [1, 1], [1, 1, 1], [1, -1, 1], [1, 0, -1], [1, 2, 1], [1, 0, -1], [1, 1, 1], [1, 0, -1], [1, -1, 1], [1, 0, -1], [1, 0, -1], [1, 0, -1], [1, -1, 1], [1, -1, 1], [1, 0, -1], [1, 0, -1]]",0
2.1316.6t3.e,1316,"[2, 7, 47]","[2, 7, 13, 17, 47]",False,1,"[[[1], [-2], [1]], [[1], [2], [1]], [[1], [0], [-1]], [[1], [0], [-1]], [[1], [1], [1]], [[1], [-1], [1]], [[1], [-1]], [[1], [1]]]",null,0
2.1316.6t3.f,1316,"[2, 7, 47]","[2, 7, 47]",False,1,"[[[1], [-2], [1]], [[1], [2], [1]], [[1], [0], [-1]], [[1], [0], [-1]], [[1], [1], [1]], [[1], [-1], [1]], [[1], [-1]], [[1], [1]]]","[[1, -1], [1, -1, 1], [1, -1, 1], [1, 1], [1, 1, 1], [1, 2, 1], [1, 0, -1], [1, 0, -1], [1, -2, 1], [1, 0, -1], [1, 0, -1], [1, 1, 1], [1, -1, 1], [1, 1, 1], [1, 1], [1, 1, 1], [1, -1, 1], [1, 0, -1], [1, -2, 1], [1, 0, -1], [1, -1, 1], [1, 0, -1], [1, -1, 1], [1, 0, -1], [1, 0, -1], [1, 0, -1], [1, -1, 1], [1, 1, 1], [1, 0, -1], [1, 0, -1]]",0
2.1319.3t2.a,1319,[1319],[1319],False,1,"[[[1], [-2], [1]], [[1], [0], [-1]], [[1], [1], [1]], [[1], [-1]]]","[[1, 1, 1], [1, 1, 1], [1, 1, 1], [1, -2, 1], [1, 1, 1], [1, 0, -1], [1, 0, -1], [1, 1, 1], [1, 0, -1], [1, 0, -1], [1, -2, 1], [1, 0, -1], [1, 0, -1], [1, 1, 1], [1, 0, -1], [1, -2, 1], [1, 0, -1], [1, 0, -1], [1, -2, 1], [1, -2, 1], [1, 0, -1], [1, 0, -1], [1, 1, 1], [1, 1, 1], [1, 0, -1], [1, -2, 1], [1, 0, -1], [1, 0, -1], [1, 0, -1], [1, 0, -1]]",0
2.1323.3t2.a,1323,"[3, 7]","[2, 3, 7]",False,1,"[[[1], [-2], [1]], [[1], [0], [-1]], [[1], [1], [1]], [[1]]]",null,0
2.1323.3t2.b,1323,"[3, 7]","[3, 7]",False,1,"[[[1], [-2], [1]], [[1], [0], [-1]], [[1], [1], [1]], [[1]]]","[[1, 0, -1], [1], [1, 0, -1], [1], [1, 0, -1], [1, 1, 1], [1, 0, -1], [1, -2, 1], [1, 0, -1], [1, 0, -1], [1, 1, 1], [1, 1, 1], [1, 0, -1], [1, 1, 1], [1, 0, -1], [1, 0, -1], [1, 0, -1], [1, 1, 1], [1, 1, 1], [1, 0, -1], [1, -2, 1], [1, 1, 1], [1, 0, -1], [1, 0, -1], [1, 1, 1], [1, 0, -1], [1, 1, 1], [1, 0, -1], [1, 1, 1], [1, 0, -1]]",0
2.1323.6t3.a,1323,"[3, 7]","[2, 3, 7]",False,1,"[[[1], [-2], [1]], [[1], [2], [1]], [[1], [0], [-1]], [[1], [0], [-1]], [[1], [1], [1]], [[1], [-1], [1]], [[1]]]","[[1, 0, -1], [1], [1, 0, -1], [1], [1, 0, -1], [1, -1, 1], [1, 0, -1], [1, 2, 1], [1, 0, -1], [1, 0, -1], [1, -1, 1], [1, 1, 1], [1, 0, -1], [1, 1, 1], [1, 0, -1], [1, 0, -1], [1, 0, -1], [1, -1, 1], [1, 1, 1], [1, 0, -1], [1, 2, 1], [1, 1, 1], [1, 0, -1], [1, 0, -1], [1, -1, 1], [1, 0, -1], [1, -1, 1], [1, 0, -1], [1, 1, 1], [1, 0, -1]]",0
2.1323.6t3.b,1323,"[3, 7]","[2, 3, 5, 7]",False,1,"[[[1], [-2], [1]], [[1], [2], [1]], [[1], [0], [-1]], [[1], [0], [-1]], [[1], [1], [1]], [[1], [-1], [1]], [[1]]]",null,0
2.1327.3t2.a,1327,[1327],[1327],False,1,"[[[1], [-2], [1]], [[1], [0], [-1]], [[1], [1], [1]], [[1], [-1]]]","[[1, 1, 1], [1, 0, -1], [1, 0, -1], [1, 0, -1], [1, 1, 1], [1, 1, 1], [1, -2, 1], [1, 0, -1], [1, 0, -1], [1, 1, 1], [1, 0, -1], [1, 0, -1], [1, 0, -1], [1, -2, 1], [1, 1, 1], [1, 0, -1], [1, 0, -1], [1, -2, 1], [1, 0, -1], [1, 0, -1], [1, 0, -1], [1, -2, 1], [1, 1, 1], [1, -2, 1], [1, 1, 1], [1, 1, 1], [1, 0, -1], [1, 1, 1], [1, 0, -1], [1, 0, -1]]",0
2.1328.6t3.a,1328,"[2, 83]","[2, 47, 83]",False,1,"[[[1], [-2], [1]], [[1], [2], [1]], [[1], [0], [-1]], [[1], [0], [-1]], [[1], [1], [1]], [[1], [-1], [1]], [[1]], [[1], [1]]]",null,0
2.1328.6t3.b,1328,"[2, 83]","[2, 83]",False,1,"[[[1], [-2], [1]], [[1], [2], [1]], [[1], [0], [-1]], [[1], [0], [-1]], [[1], [1], [1]], [[1], [-1], [1]], [[1]], [[1], [1]]]","[[1], [1, -1, 1], [1, 0, -1], [1, -1, 1], [1, -1, 1], [1, 0, -1], [1, 1, 1], [1, 0, -1], [1, 2, 1], [1, 1, 1], [1, -1, 1], [1, 1, 1], [1, -2, 1], [1, 0, -1], [1, 0, -1], [1, 0, -1], [1, -1, 1], [1, 1, 1], [1, 0, -1], [1, 0, -1], [1, 0, -1], [1, 0, -1], [1, 1], [1, 0, -1], [1, 0, -1], [1, 0, -1], [1, 0, -1], [1, 0, -1], [1, 1, 1], [1, 1, 1]]",0
2.1332.4t3.a,1332,"[2, 3, 37]","[2, 3, 5, 37]",False,1,"[[[1], [-2], [1]], [[1], [2], [1]], [[1], [0], [-1]], [[1], [0], [-1]], [[1], [0], [1]], [[1], [1]], [[1]]]",null,0
2.1332.4t3.b,1332,"[2, 3, 37]","[2, 3, 5, 7, 37]",False,1,"[[[1], [-2], [1]], [[1], [2], [1]], [[1], [0], [-1]], [[1], [0], [-1]], [[1], [0], [1]], [[1], [-1]], [[1]], [[1], [1]]]",null,0
2.1332.4t3.c,1332,"[2, 3, 37]","[2, 3, 37]",False,1,"[[[1], [-2], [1]], [[1], [2], [1]], [[1], [0], [-1]], [[1], [0], [-1]], [[1], [0], [1]], [[1], [-1]], [[1]], [[1], [1]]]","[[1, -1], [1], [1, 0, -1], [1, 0, -1], [1, 0, -1], [1, 0, -1], [1, 0, -1], [1, 0, 1], [1, 2, 1], [1, 0, -1], [1, 0, 1], [1, 1], [1, 0, 1], [1, 0, 1], [1, 0, -1], [1, 0, 1], [1, 2, 1], [1, 0, -1], [1, 0, -1], [1, 0, -1], [1, 2, 1], [1, 0, 1], [1, 0, -1], [1, 0, -1], [1, 0, -1], [1, 0, 1], [1, 0, 1], [1, 0, -1], [1, 0, -1], [1, 0, -1]]",0
2.1332.4t3.d,1332,"[2, 3, 37]","[2, 3, 7, 37]",False,1,"[[[1], [-2], [1]], [[1], [2], [1]], [[1], [0], [-1]], [[1], [0], [-1]], [[1], [0], [1]], [[1], [1]], [[1]]]","[[1, 1], [1], [1, 0, -1], [1, 0, -1], [1, 0, -1], [1, 0, -1], [1, 0, -1], [1, 0, 1], [1, -2, 1], [1, 0, -1], [1, 0, 1], [1, 1], [1, 0, 1], [1, 0, 1], [1, 0, -1], [1, 0, 1], [1, -2, 1], [1, 0, -1], [1, 0, -1], [1, 0, -1], [1, 2, 1], [1, 0, 1], [1, 0, -1], [1, 0, -1], [1, 0, -1], [1, 0, 1], [1, 0, 1], [1, 0, -1], [1, 0, -1], [1, 0, -1]]",0
2.1332.4t3.e,1332,"[2, 3, 37]","[2, 3, 37]",False,1,"[[[1], [-2], [1]], [[1], [2], [1]], [[1], [0], [-1]], [[1], [0], [-1]], [[1], [0], [1]], [[1], [-1]], [[1]], [[1], [1]]]",null,0
2.1332.4t3.f,1332,"[2, 3, 37]","[2, 3, 37]",False,1,"[[[1], [-2], [1]], [[1], [2], [1]], [[1], [0], [-1]], [[1], [0], [-1]], [[1], [0], [1]], [[1], [1]], [[1]]]",null,0
2.1332.6t3.a,1332,"[2, 3, 37]","[2, 3, 37]",True,1,"[[[1], [-2], [1]], [[1], [2], [1]], [[1], [0], [-1]], [[1], [0], [-1]], [[1], [1], [1]], [[1], [-1], [1]], [[1]], [[1], [-1]]]",null,0
2.1332.6t3.b,1332,"[2, 3, 37]","[2, 3, 37, 79]",True,1,"[[[1], [-2], [1]], [[1], [2], [1]], [[1], [0], [-1]], [[1], [0], [-1]], [[1], [1], [1]], [[1], [-1], [1]], [[1]], [[1], [-1]]]",null,0
2.1336.3t2.a,1336,"[2, 167]","[2, 167]",False,1,"[[[1], [-2], [1]], [[1], [0], [-1]], [[1], [1], [1]], [[1], [-1]]]","[[1, -1], [1, 0, -1], [1, 1, 1], [1, 1, 1], [1, 0, -1], [1, -2, 1], [1, 0, -1], [1, 0, -1], [1, 0, -1], [1, 0, -1], [1, 1, 1], [1, 1, 1], [1, 0, -1], [1, -2, 1], [1, 1, 1], [1, 1, 1], [1, 1, 1], [1, 0, -1], [1, 1, 1], [1, 0, -1], [1, 0, -1], [1, 0, -1], [1, 1, 1], [1, 1, 1], [1, 1, 1], [1, 1, 1], [1, 0, -1], [1, 0, -1], [1, -2, 1], [1, 0, -1]]",0
2.1336.4t3.a,1336,"[2, 167]","[2, 3, 7, 13, 23, 31, 41, 167, 4271]",False,1,"[[[1], [-2], [1]], [[1], [2], [1]], [[1], [0], [-1]], [[1], [0], [-1]], [[1], [0], [1]], [[1], [1]]]",null,0
2.1336.4t3.b,1336,"[2, 167]","[2, 3, 167]",False,1,"[[[1], [-2], [1]], [[1], [2], [1]], [[1], [0], [-1]], [[1], [0], [-1]], [[1], [0], [1]], [[1], [1]]]",null,0
2.1336.4t3.c,1336,"[2, 167]","[2, 3, 167]",False,1,"[[[1], [-2], [1]], [[1], [2], [1]], [[1], [0], [-1]], [[1], [0], [-1]], [[1], [0], [1]], [[1], [1]]]","[[1, 1], [1, 0, -1], [1, 0, 1], [1, -2, 1], [1, 0, -1], [1, 0, 1], [1, 0, -1], [1, 0, -1], [1, 0, -1], [1, 0, -1], [1, 2, 1], [1, 0, 1], [1, 0, -1], [1, 0, 1], [1, 2, 1], [1, 0, 1], [1, 0, 1], [1, 0, -1], [1, 0, 1], [1, 0, -1], [1, 0, -1], [1, 0, -1], [1, 0, 1], [1, -2, 1], [1, 2, 1], [1, 0, 1], [1, 0, -1], [1, 0, -1], [1, 0, 1], [1, 0, -1]]",0
2.1336.6t3.a,1336,"[2, 167]","[2, 167]",False,1,"[[[1], [-2], [1]], [[1], [2], [1]], [[1], [0], [-1]], [[1], [0], [-1]], [[1], [1], [1]], [[1], [-1], [1]], [[1], [-1]]]",null,0
2.1336.6t3.b,1336,"[2, 167]","[2, 3, 167]",False,1,"[[[1], [-2], [1]], [[1], [2], [1]], [[1], [0], [-1]], [[1], [0], [-1]], [[1], [1], [1]], [[1], [-1], [1]], [[1], [-1]]]","[[1, -1], [1, 0, -1], [1, -1, 1], [1, 1, 1], [1, 0, -1], [1, 2, 1], [1, 0, -1], [1, 0, -1], [1, 0, -1], [1, 0, -1], [1, 1, 1], [1, -1, 1], [1, 0, -1], [1, 2, 1], [1, 1, 1], [1, -1, 1], [1, -1, 1], [1, 0, -1], [1, -1, 1], [1, 0, -1], [1, 0, -1], [1, 0, -1], [1, -1, 1], [1, 1, 1], [1, 1, 1], [1, -1, 1], [1, 0, -1], [1, 0, -1], [1, 2, 1], [1, 0, -1]]",0
2.1339.4t3.a,1339,"[13, 103]","[2, 13, 103]",False,1,"[[[1], [-2], [1]], [[1], [2], [1]], [[1], [0], [-1]], [[1], [0], [-1]], [[1], [0], [1]], [[1], [-1]]]","[[1, 0, -1], [1, 0, -1], [1, 0, 1], [1, 0, -1], [1, 0, 1], [1, -1], [1, 2, 1], [1, 0, -1], [1, 2, 1], [1, -2, 1], [1, 0, 1], [1, 0, 1], [1, 0, -1], [1, 0, -1], [1, 0, 1], [1, 0, -1], [1, 0, -1], [1, 2, 1], [1, 0, 1], [1, 0, 1], [1, 0, 1], [1, 2, 1], [1, 0, -1], [1, 0, 1], [1, 0, -1], [1, 0, -1], [1, -1], [1, -2, 1], [1, 0, 1], [1, 0, -1]]",0
2.1339.4t3.b,1339,"[13, 103]","[2, 3, 7, 13, 43, 103]",False,1,"[[[1], [-2], [1]], [[1], [2], [1]], [[1], [0], [-1]], [[1], [0], [-1]], [[1], [0], [1]], [[1], [-1]]]",null,0
2.1339.4t3.c,1339,"[13, 103]","[7, 13, 103]",False,1,"[[[1], [-2], [1]], [[1], [2], [1]], [[1], [0], [-1]], [[1], [0], [-1]], [[1], [0], [1]], [[1], [-1]]]",null,0
2.1344.4t3.a,1344,"[2, 3, 7]","[2, 3, 7]",False,1,"[[[1], [-2], [1]], [[1], [2], [1]], [[1], [0], [-1]], [[1], [0], [-1]], [[1], [0], [1]], [[1]], [[1], [-1]]]",null,0
2.1344.4t3.b,1344,"[2, 3, 7]","[2, 3, 7]",False,1,"[[[1], [-2], [1]], [[1], [2], [1]], [[1], [0], [-1]], [[1], [0], [-1]], [[1], [0], [1]], [[1]], [[1], [1]]]",null,0
2.1344.4t3.c,1344,"[2, 3, 7]","[2, 3, 7, 19]",False,1,"[[[1], [-2], [1]], [[1], [2], [1]], [[1], [0], [-1]], [[1], [0], [-1]], [[1], [0], [1]], [[1]], [[1], [-1]]]",null,0
2.1344.4t3.d,1344,"[2, 3, 7]","[2, 3, 7, 19]",False,1,"[[[1], [-2], [1]], [[1], [2], [1]], [[1], [0], [-1]], [[1], [0], [-1]], [[1], [0], [1]], [[1]], [[1], [1]]]",null,0
2.1344.4t3.e,1344,"[2, 3, 7]","[2, 3, 7]",False,1,"[[[1], [-2], [1]], [[1], [2], [1]], [[1], [0], [-1]], [[1], [0], [-1]], [[1], [0], [1]], [[1]], [[1], [1]]]","[[1], [1, 1], [1, 0, 1], [1, 1], [1, 0, 1], [1, 0, -1], [1, 0, 1], [1, -2, 1], [1, 0, 1], [1, 0, -1], [1, -2, 1], [1, -2, 1], [1, 0, 1], [1, 0, -1], [1, 0, -1], [1, 0, -1], [1, 0, -1], [1, 0, -1], [1, 0, -1], [1, 0, 1], [1, 0, -1], [1, 0, -1], [1, 0, -1], [1, 0, 1], [1, 0, -1], [1, 0, 1], [1, -2, 1], [1, 0, 1], [1, 2, 1], [1, 0, -1]]",0
2.1344.4t3.f,1344,"[2, 3, 7]","[2, 3, 7]",False,1,"[[[1], [-2], [1]], [[1], [2], [1]], [[1], [0], [-1]], [[1], [0], [-1]], [[1], [0], [1]], [[1]], [[1], [-1]]]","[[1], [1, -1], [1, 0, 1], [1, -1], [1, 0, 1], [1, 0, -1], [1, 0, 1], [1, 2, 1], [1, 0, 1], [1, 0, -1], [1, 2, 1], [1, -2, 1], [1, 0, 1], [1, 0, -1], [1, 0, -1], [1, 0, -1], [1, 0, -1], [1, 0, -1], [1, 0, -1], [1, 0, 1], [1, 0, -1], [1, 0, -1], [1, 0, -1], [1, 0, 1], [1, 0, -1], [1, 0, 1], [1, 2, 1], [1, 0, 1], [1, 2, 1], [1, 0, -1]]",0
2.1345.3t2.a,1345,"[5, 269]","[5, 269]",True,1,"[[[1], [-2], [1]], [[1], [0], [-1]], [[1], [1], [1]], [[1], [-1]]]",null,0
2.1345.4t3.a,1345,"[5, 269]","[2, 5, 269]",True,1,"[[[1], [-2], [1]], [[1], [2], [1]], [[1], [0], [-1]], [[1], [0], [-1]], [[1], [0], [1]], [[1], [1]], [[1], [-1]]]",null,0
2.1345.4t3.b,1345,"[5, 269]","[5, 7, 41, 97, 269, 971]",True,1,"[[[1], [-2], [1]], [[1], [2], [1]], [[1], [0], [-1]], [[1], [0], [-1]], [[1], [0], [1]], [[1], [1]], [[1], [-1]]]",null,0
2.1345.4t3.c,1345,"[5, 269]","[5, 269]",True,1,"[[[1], [-2], [1]], [[1], [2], [1]], [[1], [0], [-1]], [[1], [0], [-1]], [[1], [0], [1]], [[1], [1]], [[1], [-1]]]",null,0
2.1345.6t3.a,1345,"[5, 269]","[5, 23, 269]",True,1,"[[[1], [-2], [1]], [[1], [2], [1]], [[1], [0], [-1]], [[1], [0], [-1]], [[1], [1], [1]], [[1], [-1], [1]], [[1], [-1]]]",null,0
2.1345.6t3.b,1345,"[5, 269]","[5, 7, 269]",True,1,"[[[1], [-2], [1]], [[1], [2], [1]], [[1], [0], [-1]], [[1], [0], [-1]], [[1], [1], [1]], [[1], [-1], [1]], [[1], [-1]]]",null,0
2.1347.3t2.a,1347,"[3, 449]","[3, 449]",False,1,"[[[1], [-2], [1]], [[1], [0], [-1]], [[1], [1], [1]], [[1], [-1]]]","[[1, 0, -1], [1, -1], [1, 0, -1], [1, 1, 1], [1, 0, -1], [1, 0, -1], [1, 1, 1], [1, 0, -1], [1, 0, -1], [1, 1, 1], [1, 0, -1], [1, 0, -1], [1, 0, -1], [1, 0, -1], [1, 1, 1], [1, 0, -1], [1, 0, -1], [1, 1, 1], [1, 1, 1], [1, 1, 1], [1, 0, -1], [1, 0, -1], [1, 1, 1], [1, 0, -1], [1, 1, 1], [1, 0, -1], [1, 0, -1], [1, 1, 1], [1, 0, -1], [1, -2, 1]]",0
2.1347.6t3.a,1347,"[3, 449]","[2, 3, 449]",False,1,"[[[1], [-2], [1]], [[1], [2], [1]], [[1], [0], [-1]], [[1], [0], [-1]], [[1], [1], [1]], [[1], [-1], [1]], [[1], [1]]]","[[1, 0, -1], [1, 1], [1, 0, -1], [1, 1, 1], [1, 0, -1], [1, 0, -1], [1, -1, 1], [1, 0, -1], [1, 0, -1], [1, -1, 1], [1, 0, -1], [1, 0, -1], [1, 0, -1], [1, 0, -1], [1, -1, 1], [1, 0, -1], [1, 0, -1], [1, 1, 1], [1, 1, 1], [1, -1, 1], [1, 0, -1], [1, 0, -1], [1, -1, 1], [1, 0, -1], [1, 1, 1], [1, 0, -1], [1, 0, -1], [1, -1, 1], [1, 0, -1], [1, 2, 1]]",0
2.1347.6t3.b,1347,"[3, 449]","[2, 3, 5, 449]",False,1,"[[[1], [-2], [1]], [[1], [2], [1]], [[1], [0], [-1]], [[1], [0], [-1]], [[1], [1], [1]], [[1], [-1], [1]], [[1], [1]]]",null,0
2.1348.4t3.a,1348,"[2, 337]","[2, 3, 7, 337, 66373]",False,1,"[[[1], [-2], [1]], [[1], [2], [1]], [[1], [0], [-1]], [[1], [0], [-1]], [[1], [0], [1]], [[1], [-1]]]",null,0
2.1348.4t3.b,1348,"[2, 337]","[2, 337]",False,1,"[[[1], [-2], [1]], [[1], [2], [1]], [[1], [0], [-1]], [[1], [0], [-1]], [[1], [0], [1]], [[1], [-1]]]",null,0
2.1348.4t3.c,1348,"[2, 337]","[2, 337]",False,1,"[[[1], [-2], [1]], [[1], [2], [1]], [[1], [0], [-1]], [[1], [0], [-1]], [[1], [0], [1]], [[1], [-1]]]","[[1, -1], [1, 0, -1], [1, 0, -1], [1, 0, -1], [1, 0, 1], [1, 2, 1], [1, 0, -1], [1, 0, 1], [1, 0, 1], [1, 0, -1], [1, 0, 1], [1, 2, 1], [1, 2, 1], [1, 0, -1], [1, 0, -1], [1, 0, -1], [1, 0, 1], [1, 0, -1], [1, 0, 1], [1, 0, 1], [1, 0, -1], [1, 0, -1], [1, 0, 1], [1, 0, -1], [1, 0, -1], [1, 0, -1], [1, 0, -1], [1, 0, -1], [1, 0, -1], [1, 2, 1]]",0
2.1351.3t2.a,1351,"[7, 193]","[7, 193]",False,1,"[[[1], [-2], [1]], [[1], [0], [-1]], [[1], [1], [1]], [[1], [-1]]]","[[1, 1, 1], [1, 0, -1], [1, 1, 1], [1, -1], [1, 0, -1], [1, 1, 1], [1, 1, 1], [1, -2, 1], [1, 1, 1], [1, 0, -1], [1, 0, -1], [1, 0, -1], [1, -2, 1], [1, -2, 1], [1, -2, 1], [1, 0, -1], [1, 0, -1], [1, 1, 1], [1, 1, 1], [1, 0, -1], [1, -2, 1], [1, 0, -1], [1, 0, -1], [1, 1, 1], [1, 0, -1], [1, 0, -1], [1, 1, 1], [1, 1, 1], [1, 1, 1], [1, 0, -1]]",0
2.1351.4t3.a,1351,"[7, 193]","[2, 3, 7, 23, 193]",False,1,"[[[1], [-2], [1]], [[1], [2], [1]], [[1], [0], [-1]], [[1], [0], [-1]], [[1], [0], [1]], [[1], [-1]]]",null,0
2.1351.4t3.b,1351,"[7, 193]","[2, 7, 193]",False,1,"[[[1], [-2], [1]], [[1], [2], [1]], [[1], [0], [-1]], [[1], [0], [-1]], [[1], [0], [1]], [[1], [-1]]]",null,0
2.1351.4t3.c,1351,"[7, 193]","[2, 7, 193]",False,1,"[[[1], [-2], [1]], [[1], [2], [1]], [[1], [0], [-1]], [[1], [0], [-1]], [[1], [0], [1]], [[1], [-1]]]","[[1, 2, 1], [1, 0, -1], [1, 0, 1], [1, -1], [1, 0, -1], [1, 0, 1], [1, 0, 1], [1, 0, 1], [1, -2, 1], [1, 0, -1], [1, 0, -1], [1, 0, -1], [1, 0, 1], [1, 2, 1], [1, 0, 1], [1, 0, -1], [1, 0, -1], [1, 0, 1], [1, 2, 1], [1, 0, -1], [1, 0, 1], [1, 0, -1], [1, 0, -1], [1, 0, 1], [1, 0, -1], [1, 0, -1], [1, 0, 1], [1, -2, 1], [1, -2, 1], [1, 0, -1]]",0
2.1351.6t3.a,1351,"[7, 193]","[2, 7, 43, 193]",False,1,"[[[1], [-2], [1]], [[1], [2], [1]], [[1], [0], [-1]], [[1], [0], [-1]], [[1], [1], [1]], [[1], [-1], [1]], [[1], [-1]]]",null,0
2.1351.6t3.b,1351,"[7, 193]","[2, 3, 7, 193]",False,1,"[[[1], [-2], [1]], [[1], [2], [1]], [[1], [0], [-1]], [[1], [0], [-1]], [[1], [1], [1]], [[1], [-1], [1]], [[1], [-1]]]","[[1, 1, 1], [1, 0, -1], [1, -1, 1], [1, -1], [1, 0, -1], [1, -1, 1], [1, -1, 1], [1, 2, 1], [1, 1, 1], [1, 0, -1], [1, 0, -1], [1, 0, -1], [1, 2, 1], [1, -2, 1], [1, 2, 1], [1, 0, -1], [1, 0, -1], [1, -1, 1], [1, 1, 1], [1, 0, -1], [1, 2, 1], [1, 0, -1], [1, 0, -1], [1, -1, 1], [1, 0, -1], [1, 0, -1], [1, -1, 1], [1, 1, 1], [1, 1, 1], [1, 0, -1]]",0
2.1355.3t2.a,1355,"[5, 271]","[5, 271]",False,1,"[[[1], [-2], [1]], [[1], [0], [-1]], [[1], [1], [1]], [[1], [-1]]]","[[1, 0, -1], [1, 1, 1], [1, -1], [1, 0, -1], [1, 1, 1], [1, -2, 1], [1, 0, -1], [1, 0, -1], [1, 1, 1], [1, 0, -1], [1, 1, 1], [1, 0, -1], [1, 1, 1], [1, 1, 1], [1, -2, 1], [1, 0, -1], [1, 0, -1], [1, 1, 1], [1, 0, -1], [1, 0, -1], [1, 1, 1], [1, -2, 1], [1, 0, -1], [1, 1, 1], [1, 1, 1], [1, 0, -1], [1, 0, -1], [1, -2, 1], [1, 0, -1], [1, 1, 1]]",0
2.1355.4t3.a,1355,"[5, 271]","[2, 5, 271]",False,1,"[[[1], [-2], [1]], [[1], [2], [1]], [[1], [0], [-1]], [[1], [0], [-1]], [[1], [0], [1]], [[1], [1]]]","[[1, 0, -1], [1, 0, 1], [1, 1], [1, 0, -1], [1, -2, 1], [1, 0, 1], [1, 0, -1], [1, 0, -1], [1, 0, 1], [1, 0, -1], [1, -2, 1], [1, 0, -1], [1, 2, 1], [1, 0, 1], [1, 0, 1], [1, 0, -1], [1, 0, -1], [1, 2, 1], [1, 0, -1], [1, 0, -1], [1, 0, 1], [1, 2, 1], [1, 0, -1], [1, 2, 1], [1, 0, 1], [1, 0, -1], [1, 0, -1], [1, 0, 1], [1, 0, -1], [1, 0, 1]]",0
2.1355.4t3.b,1355,"[5, 271]","[2, 5, 271]",False,1,"[[[1], [-2], [1]], [[1], [2], [1]], [[1], [0], [-1]], [[1], [0], [-1]], [[1], [0], [1]], [[1], [1]]]",null,0
2.1355.4t3.c,1355,"[5, 271]","[2, 3, 5, 11, 17, 41, 139, 271, 1061]",False,1,"[[[1], [-2], [1]], [[1], [2], [1]], [[1], [0], [-1]], [[1], [0], [-1]], [[1], [0], [1]], [[1], [1]]]",null,0
2.1355.6t3.a,1355,"[5, 271]","[2, 5, 7, 271]",False,1,"[[[1], [-2], [1]], [[1], [2], [1]], [[1], [0], [-1]], [[1], [0], [-1]], [[1], [1], [1]], [[1], [-1], [1]], [[1], [-1]]]",null,0
2.1355.6t3.b,1355,"[5, 271]","[2, 5, 13, 271]",False,1,"[[[1], [-2], [1]], [[1], [2], [1]], [[1], [0], [-1]], [[1], [0], [-1]], [[1], [1], [1]], [[1], [-1], [1]], [[1], [-1]]]","[[1, 0, -1], [1, -1, 1], [1, -1], [1, 0, -1], [1, 1, 1], [1, 2, 1], [1, 0, -1], [1, 0, -1], [1, -1, 1], [1, 0, -1], [1, 1, 1], [1, 0, -1], [1, 1, 1], [1, -1, 1], [1, 2, 1], [1, 0, -1], [1, 0, -1], [1, 1, 1], [1, 0, -1], [1, 0, -1], [1, -1, 1], [1, -2, 1], [1, 0, -1], [1, 1, 1], [1, -1, 1], [1, 0, -1], [1, 0, -1], [1, 2, 1], [1, 0, -1], [1, -1, 1]]",0
2.1356.3t2.a,1356,"[2, 3, 113]","[2, 3, 113]",False,1,"[[[1], [-2], [1]], [[1], [0], [-1]], [[1], [1], [1]], [[1]], [[1], [-1]]]","[[1], [1, -1], [1, -2, 1], [1, 1, 1], [1, 0, -1], [1, 1, 1], [1, 1, 1], [1, 0, -1], [1, 1, 1], [1, 1, 1], [1, 1, 1], [1, 0, -1], [1, 0, -1], [1, 0, -1], [1, 1, 1], [1, 0, -1], [1, 1, 1], [1, -2, 1], [1, 0, -1], [1, -2, 1], [1, 0, -1], [1, 0, -1], [1, 0, -1], [1, 1, 1], [1, 1, 1], [1, 1, 1], [1, 0, -1], [1, -2, 1], [1, -2, 1], [1, -1]]",0
2.1356.3t2.b,1356,"[2, 3, 113]","[2, 3, 113]",False,1,"[[[1], [-2], [1]], [[1], [0], [-1]], [[1], [1], [1]], [[1]], [[1], [-1]]]","[[1], [1, -1], [1, 1, 1], [1, 1, 1], [1, 0, -1], [1, -2, 1], [1, -2, 1], [1, 0, -1], [1, 1, 1], [1, 1, 1], [1, -2, 1], [1, 0, -1], [1, 0, -1], [1, 0, -1], [1, 1, 1], [1, 0, -1], [1, 1, 1], [1, 1, 1], [1, 0, -1], [1, 1, 1], [1, 0, -1], [1, 0, -1], [1, 0, -1], [1, 1, 1], [1, 1, 1], [1, -2, 1], [1, 0, -1], [1, 1, 1], [1, 1, 1], [1, -1]]",0
2.1356.3t2.c,1356,"[2, 3, 113]","[2, 3, 113]",False,1,"[[[1], [-2], [1]], [[1], [0], [-1]], [[1], [1], [1]], [[1]], [[1], [-1]]]","[[1], [1, -1], [1, 1, 1], [1, -2, 1], [1, 0, -1], [1, 1, 1], [1, 1, 1], [1, 0, -1], [1, -2, 1], [1, 1, 1], [1, 1, 1], [1, 0, -1], [1, 0, -1], [1, 0, -1], [1, 1, 1], [1, 0, -1], [1, -2, 1], [1, 1, 1], [1, 0, -1], [1, 1, 1], [1, 0, -1], [1, 0, -1], [1, 0, -1], [1, 1, 1], [1, 1, 1], [1, 1, 1], [1, 0, -1], [1, 1, 1], [1, 1, 1], [1, -1]]",0
2.1356.6t3.a,1356,"[2, 3, 113]","[2, 3, 5, 113]",False,1,"[[[1], [-2], [1]], [[1], [2], [1]], [[1], [0], [-1]], [[1], [0], [-1]], [[1], [1], [1]], [[1], [-1], [1]], [[1]], [[1], [1]]]","[[1], [1, 1], [1, 2, 1], [1, 1, 1], [1, 0, -1], [1, 1, 1], [1, -1, 1], [1, 0, -1], [1, -1, 1], [1, -1, 1], [1, 1, 1], [1, 0, -1], [1, 0, -1], [1, 0, -1], [1, -1, 1], [1, 0, -1], [1, -1, 1], [1, -2, 1], [1, 0, -1], [1, 2, 1], [1, 0, -1], [1, 0, -1], [1, 0, -1], [1, -1, 1], [1, 1, 1], [1, -1, 1], [1, 0, -1], [1, 2, 1], [1, -2, 1], [1, 1]]",0
2.1356.6t3.b,1356,"[2, 3, 113]","[2, 3, 13, 113]",False,1,"[[[1], [-2], [1]], [[1], [2], [1]], [[1], [0], [-1]], [[1], [0], [-1]], [[1], [1], [1]], [[1], [-1], [1]], [[1]], [[1], [1]]]","[[1], [1, 1], [1, -1, 1], [1, 1, 1], [1, 0, -1], [1, -2, 1], [1, 2, 1], [1, 0, -1], [1, -1, 1], [1, -1, 1], [1, -2, 1], [1, 0, -1], [1, 0, -1], [1, 0, -1], [1, -1, 1], [1, 0, -1], [1, -1, 1], [1, 1, 1], [1, 0, -1], [1, -1, 1], [1, 0, -1], [1, 0, -1], [1, 0, -1], [1, -1, 1], [1, 1, 1], [1, 2, 1], [1, 0, -1], [1, -1, 1], [1, 1, 1], [1, 1]]",0
2.1356.6t3.c,1356,"[2, 3, 113]","[2, 3, 7, 113]",False,1,"[[[1], [-2], [1]], [[1], [2], [1]], [[1], [0], [-1]], [[1], [0], [-1]], [[1], [1], [1]], [[1], [-1], [1]], [[1]], [[1], [1]]]","[[1], [1, 1], [1, -1, 1], [1, -2, 1], [1, 0, -1], [1, 1, 1], [1, -1, 1], [1, 0, -1], [1, 2, 1], [1, -1, 1], [1, 1, 1], [1, 0, -1], [1, 0, -1], [1, 0, -1], [1, -1, 1], [1, 0, -1], [1, 2, 1], [1, 1, 1], [1, 0, -1], [1, -1, 1], [1, 0, -1], [1, 0, -1], [1, 0, -1], [1, -1, 1], [1, 1, 1], [1, -1, 1], [1, 0, -1], [1, -1, 1], [1, 1, 1], [1, 1]]",0
2.1356.6t3.d,1356,"[2, 3, 113]","[2, 3, 113]",False,1,"[[[1], [-2], [1]], [[1], [2], [1]], [[1], [0], [-1]], [[1], [0], [-1]], [[1], [1], [1]], [[1], [-1], [1]], [[1]], [[1], [1]]]",null,0
2.1356.6t3.e,1356,"[2, 3, 113]","[2, 3, 113]",False,1,"[[[1], [-2], [1]], [[1], [2], [1]], [[1], [0], [-1]], [[1], [0], [-1]], [[1], [1], [1]], [[1], [-1], [1]], [[1]], [[1], [1]]]",null,0
2.1356.6t3.f,1356,"[2, 3, 113]","[2, 3, 113]",False,1,"[[[1], [-2], [1]], [[1], [2], [1]], [[1], [0], [-1]], [[1], [0], [-1]], [[1], [1], [1]], [[1], [-1], [1]], [[1]], [[1], [1]]]",null,0
2.1359.4t3.a,1359,"[3, 151]","[2, 3, 151]",False,1,"[[[1], [-2], [1]], [[1], [2], [1]], [[1], [0], [-1]], [[1], [0], [-1]], [[1], [0], [1]], [[1]], [[1], [1]]]",null,0
2.1359.4t3.b,1359,"[3, 151]","[3, 151]",False,1,"[[[1], [-2], [1]], [[1], [2], [1]], [[1], [0], [-1]], [[1], [0], [-1]], [[1], [0], [1]], [[1]], [[1], [1]]]","[[1, 0, 1], [1], [1, 0, 1], [1, 0, -1], [1, 0, 1], [1, 0, -1], [1, 0, 1], [1, -2, 1], [1, 0, -1], [1, 0, 1], [1, -2, 1], [1, -2, 1], [1, 0, -1], [1, 2, 1], [1, 0, 1], [1, 0, -1], [1, 0, 1], [1, 0, -1], [1, 0, -1], [1, 0, -1], [1, 0, -1], [1, 0, -1], [1, 0, -1], [1, 0, -1], [1, -2, 1], [1, 0, -1], [1, 2, 1], [1, 0, -1], [1, 0, -1], [1, 0, -1]]",0
2.1359.4t3.c,1359,"[3, 151]","[2, 3, 37, 151]",False,1,"[[[1], [-2], [1]], [[1], [2], [1]], [[1], [0], [-1]], [[1], [0], [-1]], [[1], [0], [1]], [[1]], [[1], [1]]]",null,0
2.1360.4t3.a,1360,"[2, 5, 17]","[2, 3, 5, 7, 17, 313]",False,1,"[[[1], [-2], [1]], [[1], [2], [1]], [[1], [0], [-1]], [[1], [0], [-1]], [[1], [0], [1]], [[1]], [[1], [-1]], [[1], [1]]]",null,0
2.1360.4t3.b,1360,"[2, 5, 17]","[2, 3, 5, 7, 17, 19, 349]",False,1,"[[[1], [-2], [1]], [[1], [2], [1]], [[1], [0], [-1]], [[1], [0], [-1]], [[1], [0], [1]], [[1]], [[1], [1]], [[1], [-1]]]",null,0
2.1360.4t3.c,1360,"[2, 5, 17]","[2, 3, 5, 17]",False,1,"[[[1], [-2], [1]], [[1], [2], [1]], [[1], [0], [-1]], [[1], [0], [-1]], [[1], [0], [1]], [[1]], [[1], [-1]], [[1], [1]]]",null,0
2.1360.4t3.d,1360,"[2, 5, 17]","[2, 5, 17]",False,1,"[[[1], [-2], [1]], [[1], [2], [1]], [[1], [0], [-1]], [[1], [0], [-1]], [[1], [0], [1]], [[1]], [[1], [1]], [[1], [-1]]]",null,0
2.1360.4t3.e,1360,"[2, 5, 17]","[2, 3, 5, 17]",False,1,"[[[1], [-2], [1]], [[1], [2], [1]], [[1], [0], [-1]], [[1], [0], [-1]], [[1], [0], [1]], [[1]], [[1], [-1]], [[1], [1]]]","[[1], [1, 0, -1], [1, -1], [1, 0, -1], [1, 0, 1], [1, 0, -1], [1, 1], [1, 0, -1], [1, 0, -1], [1, 0, -1], [1, 0, 1], [1, 2, 1], [1, 0, -1], [1, 0, 1], [1, 0, 1], [1, 0, -1], [1, 0, -1], [1, 0, -1], [1, 0, 1], [1, 0, 1], [1, -2, 1], [1, 0, 1], [1, 0, 1], [1, 2, 1], [1, 2, 1], [1, 2, 1], [1, 0, 1], [1, 0, -1], [1, 0, -1], [1, -2, 1]]",0
2.1360.4t3.f,1360,"[2, 5, 17]","[2, 5, 17, 19]",False,1,"[[[1], [-2], [1]], [[1], [2], [1]], [[1], [0], [-1]], [[1], [0], [-1]], [[1], [0], [1]], [[1]], [[1], [1]], [[1], [-1]]]","[[1], [1, 0, -1], [1, 1], [1, 0, -1], [1, 0, 1], [1, 0, -1], [1, -1], [1, 0, -1], [1, 0, -1], [1, 0, -1], [1, 0, 1], [1, -2, 1], [1, 0, -1], [1, 0, 1], [1, 0, 1], [1, 0, -1], [1, 0, -1], [1, 0, -1], [1, 0, 1], [1, 0, 1], [1, 2, 1], [1, 0, 1], [1, 0, 1], [1, 2, 1], [1, -2, 1], [1, 2, 1], [1, 0, 1], [1, 0, -1], [1, 0, -1], [1, 2, 1]]",0
2.1363.3t2.a,1363,"[29, 47]","[29, 47]",False,1,"[[[1], [-2], [1]], [[1], [0], [-1]], [[1], [1], [1]], [[1], [-1]]]","[[1, 0, -1], [1, 0, -1], [1, 0, -1], [1, 1, 1], [1, 1, 1], [1, 0, -1], [1, 0, -1], [1, -2, 1], [1, 0, -1], [1, -1], [1, 1, 1], [1, 0, -1], [1, 1, 1], [1, 1, 1], [1, -1], [1, 1, 1], [1, 1, 1], [1, 0, -1], [1, 0, -1], [1, 1, 1], [1, 1, 1], [1, 0, -1], [1, 1, 1], [1, 0, -1], [1, 0, -1], [1, 0, -1], [1, 1, 1], [1, 0, -1], [1, 0, -1], [1, -2, 1]]",0
2.1363.6t3.a,1363,"[29, 47]","[2, 3, 19, 29, 47]",False,1,"[[[1], [-2], [1]], [[1], [2], [1]], [[1], [0], [-1]], [[1], [0], [-1]], [[1], [1], [1]], [[1], [-1], [1]], [[1], [1]]]","[[1, 0, -1], [1, 0, -1], [1, 0, -1], [1, 1, 1], [1, -1, 1], [1, 0, -1], [1, 0, -1], [1, 2, 1], [1, 0, -1], [1, 1], [1, -1, 1], [1, 0, -1], [1, -1, 1], [1, -1, 1], [1, 1], [1, 1, 1], [1, 1, 1], [1, 0, -1], [1, 0, -1], [1, 1, 1], [1, -1, 1], [1, 0, -1], [1, 1, 1], [1, 0, -1], [1, 0, -1], [1, 0, -1], [1, 1, 1], [1, 0, -1], [1, 0, -1], [1, 2, 1]]",0
2.1363.6t3.b,1363,"[29, 47]","[2, 3, 5, 29, 47]",False,1,"[[[1], [-2], [1]], [[1], [2], [1]], [[1], [0], [-1]], [[1], [0], [-1]], [[1], [1], [1]], [[1], [-1], [1]], [[1], [1]]]",null,0
2.1368.4t3.a,1368,"[2, 3, 19]","[2, 3, 19]",True,1,"[[[1], [-2], [1]], [[1], [2], [1]], [[1], [0], [-1]], [[1], [0], [-1]], [[1], [0], [1]], [[1], [1]], [[1]], [[1], [-1]]]",null,0
2.1368.4t3.b,1368,"[2, 3, 19]","[2, 3, 19]",True,1,"[[[1], [-2], [1]], [[1], [2], [1]], [[1], [0], [-1]], [[1], [0], [-1]], [[1], [0], [1]], [[1], [-1]], [[1]]]",null,0
2.1368.4t3.c,1368,"[2, 3, 19]","[2, 3, 7, 19]",True,1,"[[[1], [-2], [1]], [[1], [2], [1]], [[1], [0], [-1]], [[1], [0], [-1]], [[1], [0], [1]], [[1], [1]], [[1]], [[1], [-1]]]",null,0
2.1368.4t3.d,1368,"[2, 3, 19]","[2, 3, 5, 7, 19, 53, 773]",True,1,"[[[1], [-2], [1]], [[1], [2], [1]], [[1], [0], [-1]], [[1], [0], [-1]], [[1], [0], [1]], [[1], [-1]], [[1]]]",null,0
2.1368.4t3.e,1368,"[2, 3, 19]","[2, 3, 19]",True,1,"[[[1], [-2], [1]], [[1], [2], [1]], [[1], [0], [-1]], [[1], [0], [-1]], [[1], [0], [1]], [[1], [1]], [[1]], [[1], [-1]]]",null,0
2.1368.4t3.f,1368,"[2, 3, 19]","[2, 3, 19]",True,1,"[[[1], [-2], [1]], [[1], [2], [1]], [[1], [0], [-1]], [[1], [0], [-1]], [[1], [0], [1]], [[1], [-1]], [[1]]]",null,0
2.1368.6t3.a,1368,"[2, 3, 19]","[2, 3, 5, 19]",False,1,"[[[1], [-2], [1]], [[1], [2], [1]], [[1], [0], [-1]], [[1], [0], [-1]], [[1], [1], [1]], [[1], [-1], [1]], [[1], [-1]], [[1]], [[1], [1]]]",null,0
2.1368.6t3.b,1368,"[2, 3, 19]","[2, 3, 5, 19]",False,1,"[[[1], [-2], [1]], [[1], [2], [1]], [[1], [0], [-1]], [[1], [0], [-1]], [[1], [1], [1]], [[1], [-1], [1]], [[1], [1]], [[1]], [[1], [-1]]]","[[1, 1], [1], [1, 0, -1], [1, 1, 1], [1, 0, -1], [1, 1, 1], [1, -1, 1], [1, -1], [1, -1, 1], [1, -1, 1], [1, 0, -1], [1, -2, 1], [1, 0, -1], [1, 0, -1], [1, 2, 1], [1, -1, 1], [1, -1, 1], [1, 0, -1], [1, 1, 1], [1, 0, -1], [1, 1, 1], [1, 0, -1], [1, 0, -1], [1, 0, -1], [1, 0, -1], [1, 0, -1], [1, 0, -1], [1, -1, 1], [1, 1, 1], [1, 0, -1]]",0
2.1368.6t3.c,1368,"[2, 3, 19]","[2, 3, 5, 19, 449]",False,1,"[[[1], [-2], [1]], [[1], [2], [1]], [[1], [0], [-1]], [[1], [0], [-1]], [[1], [1], [1]], [[1], [-1], [1]], [[1], [1]], [[1]], [[1], [-1]]]",null,0
2.1368.6t3.d,1368,"[2, 3, 19]","[2, 3, 19]",False,1,"[[[1], [-2], [1]], [[1], [2], [1]], [[1], [0], [-1]], [[1], [0], [-1]], [[1], [1], [1]], [[1], [-1], [1]], [[1], [-1]], [[1]], [[1], [1]]]","[[1, -1], [1], [1, 0, -1], [1, 1, 1], [1, 0, -1], [1, -1, 1], [1, -1, 1], [1, 1], [1, -1, 1], [1, 1, 1], [1, 0, -1], [1, 2, 1], [1, 0, -1], [1, 0, -1], [1, 2, 1], [1, 1, 1], [1, 1, 1], [1, 0, -1], [1, -1, 1], [1, 0, -1], [1, 1, 1], [1, 0, -1], [1, 0, -1], [1, 0, -1], [1, 0, -1], [1, 0, -1], [1, 0, -1], [1, 1, 1], [1, -1, 1], [1, 0, -1]]",0
2.1371.3t2.a,1371,"[3, 457]","[3, 457]",False,1,"[[[1], [-2], [1]], [[1], [0], [-1]], [[1], [1], [1]], [[1], [-1]]]","[[1, 0, -1], [1, -1], [1, 1, 1], [1, 1, 1], [1, -2, 1], [1, 0, -1], [1, 0, -1], [1, 1, 1], [1, 1, 1], [1, 0, -1], [1, 0, -1], [1, 0, -1], [1, 1, 1], [1, 0, -1], [1, 0, -1], [1, -2, 1], [1, -2, 1], [1, 0, -1], [1, 1, 1], [1, 1, 1], [1, 1, 1], [1, 1, 1], [1, 1, 1], [1, 1, 1], [1, 0, -1], [1, 1, 1], [1, 0, -1], [1, 0, -1], [1, 1, 1], [1, 1, 1]]",0
2.1371.4t3.a,1371,"[3, 457]","[2, 3, 457]",False,1,"[[[1], [-2], [1]], [[1], [2], [1]], [[1], [0], [-1]], [[1], [0], [-1]], [[1], [0], [1]], [[1], [1]]]",null,0
2.1371.4t3.b,1371,"[3, 457]","[2, 3, 7, 19, 457]",False,1,"[[[1], [-2], [1]], [[1], [2], [1]], [[1], [0], [-1]], [[1], [0], [-1]], [[1], [0], [1]], [[1], [1]]]",null,0
2.1371.4t3.c,1371,"[3, 457]","[2, 3, 457]",False,1,"[[[1], [-2], [1]], [[1], [2], [1]], [[1], [0], [-1]], [[1], [0], [-1]], [[1], [0], [1]], [[1], [1]]]","[[1, 0, -1], [1, 1], [1, 0, 1], [1, -2, 1], [1, 0, 1], [1, 0, -1], [1, 0, -1], [1, 2, 1], [1, 0, 1], [1, 0, -1], [1, 0, -1], [1, 0, -1], [1, 0, 1], [1, 0, -1], [1, 0, -1], [1, 0, 1], [1, 0, 1], [1, 0, -1], [1, 2, 1], [1, 0, 1], [1, 2, 1], [1, -2, 1], [1, 0, 1], [1, 0, 1], [1, 0, -1], [1, 0, 1], [1, 0, -1], [1, 0, -1], [1, -2, 1], [1, 0, 1]]",0
2.1371.6t3.a,1371,"[3, 457]","[2, 3, 11, 457]",False,1,"[[[1], [-2], [1]], [[1], [2], [1]], [[1], [0], [-1]], [[1], [0], [-1]], [[1], [1], [1]], [[1], [-1], [1]], [[1], [-1]]]",null,0
2.1371.6t3.b,1371,"[3, 457]","[2, 3, 457]",False,1,"[[[1], [-2], [1]], [[1], [2], [1]], [[1], [0], [-1]], [[1], [0], [-1]], [[1], [1], [1]], [[1], [-1], [1]], [[1], [-1]]]","[[1, 0, -1], [1, -1], [1, -1, 1], [1, 1, 1], [1, 2, 1], [1, 0, -1], [1, 0, -1], [1, 1, 1], [1, -1, 1], [1, 0, -1], [1, 0, -1], [1, 0, -1], [1, -1, 1], [1, 0, -1], [1, 0, -1], [1, 2, 1], [1, 2, 1], [1, 0, -1], [1, 1, 1], [1, -1, 1], [1, 1, 1], [1, 1, 1], [1, -1, 1], [1, -1, 1], [1, 0, -1], [1, -1, 1], [1, 0, -1], [1, 0, -1], [1, 1, 1], [1, -1, 1]]",0
2.1373.3t2.a,1373,[1373],[1373],True,1,"[[[1], [-2], [1]], [[1], [0], [-1]], [[1], [1], [1]], [[1], [-1]]]",null,0
2.1379.4t3.a,1379,"[7, 197]","[2, 7, 61, 197]",False,1,"[[[1], [-2], [1]], [[1], [2], [1]], [[1], [0], [-1]], [[1], [0], [-1]], [[1], [0], [1]], [[1], [-1]]]",null,0
2.1379.4t3.b,1379,"[7, 197]","[2, 7, 197]",False,1,"[[[1], [-2], [1]], [[1], [2], [1]], [[1], [0], [-1]], [[1], [0], [-1]], [[1], [0], [1]], [[1], [-1]]]",null,0
2.1379.4t3.c,1379,"[7, 197]","[7, 197]",False,1,"[[[1], [-2], [1]], [[1], [2], [1]], [[1], [0], [-1]], [[1], [0], [-1]], [[1], [0], [1]], [[1], [-1]]]","[[1, 0, -1], [1, 0, 1], [1, 0, 1], [1, -1], [1, 0, -1], [1, 0, 1], [1, 0, 1], [1, 0, -1], [1, -2, 1], [1, 2, 1], [1, 0, 1], [1, -2, 1], [1, 0, -1], [1, 2, 1], [1, 0, -1], [1, 2, 1], [1, 0, -1], [1, 0, -1], [1, 0, -1], [1, 0, -1], [1, 0, 1], [1, 0, -1], [1, 0, -1], [1, 0, 1], [1, 0, -1], [1, 0, -1], [1, 0, 1], [1, 2, 1], [1, -2, 1], [1, 0, -1]]",0
2.1383.3t2.a,1383,"[3, 461]","[3, 461]",False,1,"[[[1], [-2], [1]], [[1], [0], [-1]], [[1], [1], [1]], [[1], [-1]]]","[[1, 1, 1], [1, -1], [1, 0, -1], [1, 0, -1], [1, 1, 1], [1, 0, -1], [1, 0, -1], [1, -2, 1], [1, 0, -1], [1, 1, 1], [1, 0, -1], [1, 0, -1], [1, 0, -1], [1, 1, 1], [1, -2, 1], [1, 0, -1], [1, 0, -1], [1, 1, 1], [1, 1, 1], [1, 1, 1], [1, -2, 1], [1, 0, -1], [1, 1, 1], [1, 0, -1], [1, 1, 1], [1, -2, 1], [1, 1, 1], [1, 0, -1], [1, 1, 1], [1, 0, -1]]",0
2.1383.6t3.a,1383,"[3, 461]","[2, 3, 5, 461]",False,1,"[[[1], [-2], [1]], [[1], [2], [1]], [[1], [0], [-1]], [[1], [0], [-1]], [[1], [1], [1]], [[1], [-1], [1]], [[1], [1]]]","[[1, -1, 1], [1, 1], [1, 0, -1], [1, 0, -1], [1, -1, 1], [1, 0, -1], [1, 0, -1], [1, -2, 1], [1, 0, -1], [1, -1, 1], [1, 0, -1], [1, 0, -1], [1, 0, -1], [1, 1, 1], [1, 2, 1], [1, 0, -1], [1, 0, -1], [1, 1, 1], [1, 1, 1], [1, -1, 1], [1, -2, 1], [1, 0, -1], [1, -1, 1], [1, 0, -1], [1, 1, 1], [1, 2, 1], [1, 1, 1], [1, 0, -1], [1, 1, 1], [1, 0, -1]]",0
2.1383.6t3.b,1383,"[3, 461]","[3, 5, 31, 461]",False,1,"[[[1], [-2], [1]], [[1], [2], [1]], [[1], [0], [-1]], [[1], [0], [-1]], [[1], [1], [1]], [[1], [-1], [1]], [[1], [1]]]",null,0
2.1384.3t2.a,1384,"[2, 173]","[2, 173]",True,1,"[[[1], [-2], [1]], [[1], [0], [-1]], [[1], [1], [1]], [[1], [-1]]]",null,0
2.1384.6t3.a,1384,"[2, 173]","[2, 11, 173]",True,1,"[[[1], [-2], [1]], [[1], [2], [1]], [[1], [0], [-1]], [[1], [0], [-1]], [[1], [1], [1]], [[1], [-1], [1]], [[1], [1]]]",null,0
2.1384.6t3.b,1384,"[2, 173]","[2, 11, 173]",True,1,"[[[1], [-2], [1]], [[1], [2], [1]], [[1], [0], [-1]], [[1], [0], [-1]], [[1], [1], [1]], [[1], [-1], [1]], [[1], [1]]]",null,0
2.1387.4t3.a,1387,"[19, 73]","[2, 3, 19, 37, 73, 643]",False,1,"[[[1], [-2], [1]], [[1], [2], [1]], [[1], [0], [-1]], [[1], [0], [-1]], [[1], [0], [1]], [[1], [1]]]",null,0
2.1387.4t3.b,1387,"[19, 73]","[2, 19, 73]",False,1,"[[[1], [-2], [1]], [[1], [2], [1]], [[1], [0], [-1]], [[1], [0], [-1]], [[1], [0], [1]], [[1], [1]]]","[[1, 0, -1], [1, 0, -1], [1, 0, -1], [1, 0, -1], [1, 0, -1], [1, 0, 1], [1, 0, -1], [1, 1], [1, 2, 1], [1, 0, 1], [1, 0, 1], [1, 0, -1], [1, 0, -1], [1, 0, -1], [1, 0, -1], [1, 0, 1], [1, 0, 1], [1, 2, 1], [1, 0, -1], [1, 0, -1], [1, 1], [1, 0, -1], [1, 0, -1], [1, 0, -1], [1, 0, -1], [1, 0, -1], [1, 0, 1], [1, 0, 1], [1, 0, -1], [1, 0, 1]]",0
2.1387.4t3.c,1387,"[19, 73]","[3, 19, 73]",False,1,"[[[1], [-2], [1]], [[1], [2], [1]], [[1], [0], [-1]], [[1], [0], [-1]], [[1], [0], [1]], [[1], [1]]]",null,0
2.1388.3t2.a,1388,"[2, 347]","[2, 347]",False,1,"[[[1], [-2], [1]], [[1], [0], [-1]], [[1], [1], [1]], [[1]], [[1], [-1]]]","[[1], [1, 1, 1], [1, 0, -1], [1, 0, -1], [1, 1, 1], [1, -2, 1], [1, 0, -1], [1, 0, -1], [1, 0, -1], [1, 1, 1], [1, -2, 1], [1, 0, -1], [1, 0, -1], [1, 1, 1], [1, 0, -1], [1, -2, 1], [1, -2, 1], [1, 1, 1], [1, 1, 1], [1, -2, 1], [1, 1, 1], [1, 0, -1], [1, 1, 1], [1, 1, 1], [1, 0, -1], [1, 0, -1], [1, 0, -1], [1, 1, 1], [1, -2, 1], [1, -2, 1]]",0
2.1391.4t3.a,1391,"[13, 107]","[3, 13, 107]",False,1,"[[[1], [-2], [1]], [[1], [2], [1]], [[1], [0], [-1]], [[1], [0], [-1]], [[1], [0], [1]], [[1], [1]]]","[[1, 0, 1], [1, -2, 1], [1, 0, 1], [1, 0, 1], [1, 0, -1], [1, 1], [1, 0, -1], [1, 0, -1], [1, -2, 1], [1, 2, 1], [1, 0, 1], [1, 0, -1], [1, 0, -1], [1, 0, -1], [1, 0, -1], [1, 2, 1], [1, 0, 1], [1, -2, 1], [1, 0, 1], [1, 0, 1], [1, 0, 1], [1, 2, 1], [1, 0, -1], [1, 0, -1], [1, 0, 1], [1, 2, 1], [1, 0, -1], [1, 1], [1, 0, 1], [1, 0, -1]]",0
2.1391.4t3.b,1391,"[13, 107]","[3, 7, 13, 23, 53, 107, 263, 883]",False,1,"[[[1], [-2], [1]], [[1], [2], [1]], [[1], [0], [-1]], [[1], [0], [-1]], [[1], [0], [1]], [[1], [1]]]",null,0
2.1391.4t3.c,1391,"[13, 107]","[3, 13, 107]",False,1,"[[[1], [-2], [1]], [[1], [2], [1]], [[1], [0], [-1]], [[1], [0], [-1]], [[1], [0], [1]], [[1], [1]]]",null,0
2.1392.6t3.a,1392,"[2, 3, 29]","[2, 3, 5, 29]",False,1,"[[[1], [-2], [1]], [[1], [2], [1]], [[1], [0], [-1]], [[1], [0], [-1]], [[1], [1], [1]], [[1], [-1], [1]], [[1]], [[1], [-1]], [[1], [1]]]",null,0
2.1392.6t3.b,1392,"[2, 3, 29]","[2, 3, 29]",False,1,"[[[1], [-2], [1]], [[1], [2], [1]], [[1], [0], [-1]], [[1], [0], [-1]], [[1], [1], [1]], [[1], [-1], [1]], [[1]], [[1], [1]], [[1], [-1]]]","[[1], [1, 1], [1, 0, -1], [1, -1, 1], [1, -1, 1], [1, 1, 1], [1, 1, 1], [1, 0, -1], [1, 0, -1], [1, -1], [1, 0, -1], [1, 0, -1], [1, -2, 1], [1, 0, -1], [1, -1, 1], [1, 0, -1], [1, 0, -1], [1, 0, -1], [1, -1, 1], [1, 0, -1], [1, 0, -1], [1, 0, -1], [1, 0, -1], [1, 1, 1], [1, 0, -1], [1, 1, 1], [1, 2, 1], [1, 0, -1], [1, 1, 1], [1, 1, 1]]",0
2.1392.6t3.c,1392,"[2, 3, 29]","[2, 3, 29]",False,1,"[[[1], [-2], [1]], [[1], [2], [1]], [[1], [0], [-1]], [[1], [0], [-1]], [[1], [1], [1]], [[1], [-1], [1]], [[1]], [[1], [-1]], [[1], [1]]]","[[1], [1, -1], [1, 0, -1], [1, -1, 1], [1, 1, 1], [1, 1, 1], [1, -1, 1], [1, 0, -1], [1, 0, -1], [1, 1], [1, 0, -1], [1, 0, -1], [1, 2, 1], [1, 0, -1], [1, 1, 1], [1, 0, -1], [1, 0, -1], [1, 0, -1], [1, -1, 1], [1, 0, -1], [1, 0, -1], [1, 0, -1], [1, 0, -1], [1, -1, 1], [1, 0, -1], [1, -1, 1], [1, 2, 1], [1, 0, -1], [1, 1, 1], [1, -1, 1]]",0
2.1392.6t3.d,1392,"[2, 3, 29]","[2, 3, 29, 43]",False,1,"[[[1], [-2], [1]], [[1], [2], [1]], [[1], [0], [-1]], [[1], [0], [-1]], [[1], [1], [1]], [[1], [-1], [1]], [[1]], [[1], [1]], [[1], [-1]]]",null,0
2.1395.4t3.a,1395,"[3, 5, 31]","[2, 3, 5, 7, 31]",False,1,"[[[1], [-2], [1]], [[1], [2], [1]], [[1], [0], [-1]], [[1], [0], [-1]], [[1], [0], [1]], [[1]], [[1], [-1]], [[1], [1]]]","[[1, 0, -1], [1], [1, -1], [1, 0, -1], [1, 0, -1], [1, 0, 1], [1, 0, 1], [1, 2, 1], [1, 0, 1], [1, 0, -1], [1, 1], [1, 0, 1], [1, 2, 1], [1, 0, 1], [1, 0, -1], [1, 0, 1], [1, 2, 1], [1, 0, -1], [1, 0, -1], [1, -2, 1], [1, 0, 1], [1, 0, -1], [1, 0, 1], [1, 0, -1], [1, 0, -1], [1, -2, 1], [1, 0, -1], [1, 0, -1], [1, 2, 1], [1, 0, -1]]",0
2.1395.4t3.b,1395,"[3, 5, 31]","[2, 3, 5, 31]",False,1,"[[[1], [-2], [1]], [[1], [2], [1]], [[1], [0], [-1]], [[1], [0], [-1]], [[1], [0], [1]], [[1]], [[1], [-1]], [[1], [1]]]",null,0
2.1395.4t3.c,1395,"[3, 5, 31]","[2, 3, 5, 7, 11, 31]",False,1,"[[[1], [-2], [1]], [[1], [2], [1]], [[1], [0], [-1]], [[1], [0], [-1]], [[1], [0], [1]], [[1]], [[1], [-1]], [[1], [1]]]",null,0
2.1396.3t2.a,1396,"[2, 349]","[2, 349]",True,1,"[[[1], [-2], [1]], [[1], [0], [-1]], [[1], [1], [1]], [[1]], [[1], [-1]]]",null,0
2.1399.3t2.a,1399,[1399],[1399],False,1,"[[[1], [-2], [1]], [[1], [0], [-1]], [[1], [1], [1]], [[1], [-1]]]","[[1, 1, 1], [1, 0, -1], [1, 1, 1], [1, -2, 1], [1, 1, 1], [1, 0, -1], [1, 0, -1], [1, 1, 1], [1, -2, 1], [1, 1, 1], [1, 0, -1], [1, -2, 1], [1, 1, 1], [1, 0, -1], [1, 0, -1], [1, 0, -1], [1, -2, 1], [1, -2, 1], [1, 0, -1], [1, 0, -1], [1, 1, 1], [1, 1, 1], [1, 1, 1], [1, 1, 1], [1, 0, -1], [1, 0, -1], [1, 0, -1], [1, -2, 1], [1, 0, -1], [1, 0, -1]]",0
2.1400.4t3.a,1400,"[2, 5, 7]","[2, 5, 7]",False,1,"[[[1], [-2], [1]], [[1], [2], [1]], [[1], [0], [-1]], [[1], [0], [-1]], [[1], [0], [1]], [[1], [-1]], [[1]]]",null,0
2.1400.4t3.b,1400,"[2, 5, 7]","[2, 5, 7]",False,1,"[[[1], [-2], [1]], [[1], [2], [1]], [[1], [0], [-1]], [[1], [0], [-1]], [[1], [0], [1]], [[1], [-1]], [[1]]]",null,0
2.1400.4t3.c,1400,"[2, 5, 7]","[2, 5, 7]",False,1,"[[[1], [-2], [1]], [[1], [2], [1]], [[1], [0], [-1]], [[1], [0], [-1]], [[1], [0], [1]], [[1], [-1]], [[1]]]","[[1, -1], [1, 0, 1], [1], [1, -1], [1, 0, -1], [1, 0, 1], [1, 0, -1], [1, 0, 1], [1, 2, 1], [1, 0, -1], [1, 0, -1], [1, 0, -1], [1, 0, -1], [1, 0, -1], [1, 0, -1], [1, 0, -1], [1, 0, 1], [1, 0, 1], [1, 0, -1], [1, 2, 1], [1, 0, -1], [1, 2, 1], [1, 0, 1], [1, 0, -1], [1, 0, -1], [1, 0, 1], [1, 0, -1], [1, 0, -1], [1, 0, -1], [1, -2, 1]]",0
2.1405.4t3.a,1405,"[5, 281]","[5, 7, 281]",True,1,"[[[1], [-2], [1]], [[1], [2], [1]], [[1], [0], [-1]], [[1], [0], [-1]], [[1], [0], [1]], [[1], [-1]], [[1], [1]]]",null,0
2.1405.4t3.b,1405,"[5, 281]","[2, 5, 7, 31, 149, 281]",True,1,"[[[1], [-2], [1]], [[1], [2], [1]], [[1], [0], [-1]], [[1], [0], [-1]], [[1], [0], [1]], [[1], [-1]], [[1], [1]]]",null,0
2.1405.4t3.c,1405,"[5, 281]","[2, 5, 281]",True,1,"[[[1], [-2], [1]], [[1], [2], [1]], [[1], [0], [-1]], [[1], [0], [-1]], [[1], [0], [1]], [[1], [-1]], [[1], [1]]]",null,0
2.1407.3t2.a,1407,"[3, 7, 67]","[3, 7, 67]",False,1,"[[[1], [-2], [1]], [[1], [0], [-1]], [[1], [1], [1]], [[1], [-1]]]","[[1, 1, 1], [1, -1], [1, 0, -1], [1, -1], [1, 1, 1], [1, 1, 1], [1, -2, 1], [1, 0, -1], [1, 0, -1], [1, 0, -1], [1, 1, 1], [1, 1, 1], [1, 0, -1], [1, 0, -1], [1, 1, 1], [1, -2, 1], [1, 1, 1], [1, 1, 1], [1, -1], [1, 0, -1], [1, 0, -1], [1, 0, -1], [1, -2, 1], [1, 1, 1], [1, 1, 1], [1, 0, -1], [1, 0, -1], [1, 0, -1], [1, 0, -1], [1, -2, 1]]",0
2.1407.4t3.a,1407,"[3, 7, 67]","[3, 7, 67]",False,1,"[[[1], [-2], [1]], [[1], [2], [1]], [[1], [0], [-1]], [[1], [0], [-1]], [[1], [0], [1]], [[1], [-1]], [[1], [1]]]","[[1, 0, 1], [1, -1], [1, 0, -1], [1, 1], [1, 0, 1], [1, -2, 1], [1, 0, 1], [1, 0, -1], [1, 0, -1], [1, 0, -1], [1, 2, 1], [1, -2, 1], [1, 0, -1], [1, 0, -1], [1, 0, 1], [1, 0, 1], [1, 0, 1], [1, 2, 1], [1, 1], [1, 0, -1], [1, 0, -1], [1, 0, -1], [1, 0, 1], [1, 0, 1], [1, 2, 1], [1, 0, -1], [1, 0, -1], [1, 0, -1], [1, 0, -1], [1, 0, 1]]",0
2.1407.4t3.b,1407,"[3, 7, 67]","[3, 5, 7, 67]",False,1,"[[[1], [-2], [1]], [[1], [2], [1]], [[1], [0], [-1]], [[1], [0], [-1]], [[1], [0], [1]], [[1], [1]], [[1], [-1]]]","[[1, 0, 1], [1, 1], [1, 0, -1], [1, -1], [1, 0, 1], [1, 2, 1], [1, 0, 1], [1, 0, -1], [1, 0, -1], [1, 0, -1], [1, -2, 1], [1, -2, 1], [1, 0, -1], [1, 0, -1], [1, 0, 1], [1, 0, 1], [1, 0, 1], [1, -2, 1], [1, 1], [1, 0, -1], [1, 0, -1], [1, 0, -1], [1, 0, 1], [1, 0, 1], [1, -2, 1], [1, 0, -1], [1, 0, -1], [1, 0, -1], [1, 0, -1], [1, 0, 1]]",0
2.1407.4t3.c,1407,"[3, 7, 67]","[2, 3, 7, 67, 97]",False,1,"[[[1], [-2], [1]], [[1], [2], [1]], [[1], [0], [-1]], [[1], [0], [-1]], [[1], [0], [1]], [[1], [-1]], [[1], [1]]]",null,0
2.1407.4t3.d,1407,"[3, 7, 67]","[2, 3, 5, 7, 61, 67]",False,1,"[[[1], [-2], [1]], [[1], [2], [1]], [[1], [0], [-1]], [[1], [0], [-1]], [[1], [0], [1]], [[1], [1]], [[1], [-1]]]",null,0
2.1407.4t3.e,1407,"[3, 7, 67]","[2, 3, 5, 7, 67]",False,1,"[[[1], [-2], [1]], [[1], [2], [1]], [[1], [0], [-1]], [[1], [0], [-1]], [[1], [0], [1]], [[1], [1]], [[1], [-1]]]",null,0
2.1407.4t3.f,1407,"[3, 7, 67]","[2, 3, 7, 67]",False,1,"[[[1], [-2], [1]], [[1], [2], [1]], [[1], [0], [-1]], [[1], [0], [-1]], [[1], [0], [1]], [[1], [-1]], [[1], [1]]]",null,0
2.1407.6t3.a,1407,"[3, 7, 67]","[3, 5, 7, 67]",False,1,"[[[1], [-2], [1]], [[1], [2], [1]], [[1], [0], [-1]], [[1], [0], [-1]], [[1], [1], [1]], [[1], [-1], [1]], [[1], [1]], [[1], [-1]]]",null,0
2.1407.6t3.b,1407,"[3, 7, 67]","[3, 7, 17, 67]",False,1,"[[[1], [-2], [1]], [[1], [2], [1]], [[1], [0], [-1]], [[1], [0], [-1]], [[1], [1], [1]], [[1], [-1], [1]], [[1], [1]], [[1], [-1]]]","[[1, 1, 1], [1, 1], [1, 0, -1], [1, 1], [1, 1, 1], [1, -1, 1], [1, 2, 1], [1, 0, -1], [1, 0, -1], [1, 0, -1], [1, -1, 1], [1, 1, 1], [1, 0, -1], [1, 0, -1], [1, -1, 1], [1, -2, 1], [1, -1, 1], [1, -1, 1], [1, -1], [1, 0, -1], [1, 0, -1], [1, 0, -1], [1, 2, 1], [1, -1, 1], [1, -1, 1], [1, 0, -1], [1, 0, -1], [1, 0, -1], [1, 0, -1], [1, -2, 1]]",0
2.1407.6t3.c,1407,"[3, 7, 67]","[3, 7, 67]",False,1,"[[[1], [-2], [1]], [[1], [2], [1]], [[1], [0], [-1]], [[1], [0], [-1]], [[1], [1], [1]], [[1], [-1], [1]], [[1], [-1]]]","[[1, -1, 1], [1, -1], [1, 0, -1], [1, -1], [1, -1, 1], [1, 1, 1], [1, 2, 1], [1, 0, -1], [1, 0, -1], [1, 0, -1], [1, 1, 1], [1, 1, 1], [1, 0, -1], [1, 0, -1], [1, -1, 1], [1, 2, 1], [1, -1, 1], [1, 1, 1], [1, -1], [1, 0, -1], [1, 0, -1], [1, 0, -1], [1, 2, 1], [1, -1, 1], [1, 1, 1], [1, 0, -1], [1, 0, -1], [1, 0, -1], [1, 0, -1], [1, 2, 1]]",0
2.1407.6t3.d,1407,"[3, 7, 67]","[2, 3, 7, 67]",False,1,"[[[1], [-2], [1]], [[1], [2], [1]], [[1], [0], [-1]], [[1], [0], [-1]], [[1], [1], [1]], [[1], [-1], [1]], [[1], [1]], [[1], [-1]]]","[[1, -1, 1], [1, 1], [1, 0, -1], [1, 1], [1, -1, 1], [1, -1, 1], [1, -2, 1], [1, 0, -1], [1, 0, -1], [1, 0, -1], [1, -1, 1], [1, 1, 1], [1, 0, -1], [1, 0, -1], [1, 1, 1], [1, 2, 1], [1, 1, 1], [1, -1, 1], [1, -1], [1, 0, -1], [1, 0, -1], [1, 0, -1], [1, -2, 1], [1, 1, 1], [1, -1, 1], [1, 0, -1], [1, 0, -1], [1, 0, -1], [1, 0, -1], [1, 2, 1]]",0
2.1407.6t3.e,1407,"[3, 7, 67]","[2, 3, 7, 67]",False,1,"[[[1], [-2], [1]], [[1], [2], [1]], [[1], [0], [-1]], [[1], [0], [-1]], [[1], [1], [1]], [[1], [-1], [1]], [[1], [1]], [[1], [-1]]]",null,0
2.1407.6t3.f,1407,"[3, 7, 67]","[3, 7, 19, 67]",False,1,"[[[1], [-2], [1]], [[1], [2], [1]], [[1], [0], [-1]], [[1], [0], [-1]], [[1], [1], [1]], [[1], [-1], [1]], [[1], [-1]]]",null,0
2.1408.4t3.a,1408,"[2, 11]","[2, 11]",False,1,"[[[1], [-2], [1]], [[1], [2], [1]], [[1], [0], [-1]], [[1], [0], [-1]], [[1], [0], [1]], [[1]], [[1], [1]]]","[[1], [1, 0, -1], [1, 0, -1], [1, 0, -1], [1, 1], [1, 0, 1], [1, 0, -1], [1, -2, 1], [1, 0, 1], [1, 0, 1], [1, 0, 1], [1, 0, -1], [1, 0, -1], [1, 2, 1], [1, 0, 1], [1, 0, -1], [1, 0, -1], [1, 0, 1], [1, 0, -1], [1, 0, 1], [1, 0, -1], [1, 0, -1], [1, -2, 1], [1, 2, 1], [1, 2, 1], [1, 0, 1], [1, 0, 1], [1, -2, 1], [1, 0, 1], [1, 2, 1]]",0
2.1408.4t3.b,1408,"[2, 11]","[2, 11]",False,1,"[[[1], [-2], [1]], [[1], [2], [1]], [[1], [0], [-1]], [[1], [0], [-1]], [[1], [0], [1]], [[1]], [[1], [-1]]]","[[1], [1, 0, -1], [1, 0, -1], [1, 0, -1], [1, -1], [1, 0, 1], [1, 0, -1], [1, 2, 1], [1, 0, 1], [1, 0, 1], [1, 0, 1], [1, 0, -1], [1, 0, -1], [1, -2, 1], [1, 0, 1], [1, 0, -1], [1, 0, -1], [1, 0, 1], [1, 0, -1], [1, 0, 1], [1, 0, -1], [1, 0, -1], [1, 2, 1], [1, 2, 1], [1, 2, 1], [1, 0, 1], [1, 0, 1], [1, 2, 1], [1, 0, 1], [1, 2, 1]]",0
2.1408.4t3.c,1408,"[2, 11]","[2, 3, 5, 11, 3793]",False,1,"[[[1], [-2], [1]], [[1], [2], [1]], [[1], [0], [-1]], [[1], [0], [-1]], [[1], [0], [1]], [[1]], [[1], [1]]]",null,0
2.1408.4t3.d,1408,"[2, 11]","[2, 3, 7, 11, 13513]",False,1,"[[[1], [-2], [1]], [[1], [2], [1]], [[1], [0], [-1]], [[1], [0], [-1]], [[1], [0], [1]], [[1]], [[1], [-1]]]",null,0
2.1408.4t3.e,1408,"[2, 11]","[2, 3, 11]",False,1,"[[[1], [-2], [1]], [[1], [2], [1]], [[1], [0], [-1]], [[1], [0], [-1]], [[1], [0], [1]], [[1]], [[1], [-1]]]",null,0
2.1408.4t3.f,1408,"[2, 11]","[2, 3, 11]",False,1,"[[[1], [-2], [1]], [[1], [2], [1]], [[1], [0], [-1]], [[1], [0], [-1]], [[1], [0], [1]], [[1]], [[1], [1]]]",null,0
2.1411.4t3.a,1411,"[17, 83]","[2, 3, 5, 7, 17, 83]",False,1,"[[[1], [-2], [1]], [[1], [2], [1]], [[1], [0], [-1]], [[1], [0], [-1]], [[1], [0], [1]], [[1], [1]]]",null,0
2.1411.4t3.b,1411,"[17, 83]","[2, 7, 17, 83]",False,1,"[[[1], [-2], [1]], [[1], [2], [1]], [[1], [0], [-1]], [[1], [0], [-1]], [[1], [0], [1]], [[1], [1]]]","[[1, 0, -1], [1, 0, -1], [1, 0, 1], [1, 0, -1], [1, 0, -1], [1, 0, -1], [1, 1], [1, 0, -1], [1, 0, -1], [1, 0, -1], [1, 0, -1], [1, 0, -1], [1, 0, -1], [1, 0, -1], [1, 0, -1], [1, 0, -1], [1, 2, 1], [1, 0, -1], [1, 0, -1], [1, 0, 1], [1, 0, 1], [1, 0, 1], [1, 1], [1, 0, -1], [1, 0, 1], [1, 0, -1], [1, 0, -1], [1, 0, 1], [1, 0, -1], [1, 0, -1]]",0
2.1411.4t3.c,1411,"[17, 83]","[2, 3, 17, 83]",False,1,"[[[1], [-2], [1]], [[1], [2], [1]], [[1], [0], [-1]], [[1], [0], [-1]], [[1], [0], [1]], [[1], [1]]]",null,0
2.1412.4t3.a,1412,"[2, 353]","[2, 353]",False,1,"[[[1], [-2], [1]], [[1], [2], [1]], [[1], [0], [-1]], [[1], [0], [-1]], [[1], [0], [1]], [[1], [-1]]]",null,0
2.1412.4t3.b,1412,"[2, 353]","[2, 17, 19, 353, 5381]",False,1,"[[[1], [-2], [1]], [[1], [2], [1]], [[1], [0], [-1]], [[1], [0], [-1]], [[1], [0], [1]], [[1], [-1]]]",null,0
2.1412.4t3.c,1412,"[2, 353]","[2, 353]",False,1,"[[[1], [-2], [1]], [[1], [2], [1]], [[1], [0], [-1]], [[1], [0], [-1]], [[1], [0], [1]], [[1], [-1]]]","[[1, -1], [1, 0, 1], [1, 0, -1], [1, 0, 1], [1, 0, -1], [1, 0, -1], [1, -2, 1], [1, 0, -1], [1, 0, -1], [1, 2, 1], [1, 0, 1], [1, 0, -1], [1, 2, 1], [1, 0, -1], [1, 0, -1], [1, 0, -1], [1, 0, 1], [1, 2, 1], [1, 0, 1], [1, 0, 1], [1, 2, 1], [1, 0, 1], [1, 0, -1], [1, 0, -1], [1, -2, 1], [1, 0, -1], [1, 0, 1], [1, 0, 1], [1, -2, 1], [1, 2, 1]]",0
2.1416.4t3.a,1416,"[2, 3, 59]","[2, 3, 59]",False,1,"[[[1], [-2], [1]], [[1], [2], [1]], [[1], [0], [-1]], [[1], [0], [-1]], [[1], [0], [1]], [[1], [1]], [[1], [-1]]]","[[1, 1], [1, -1], [1, 0, 1], [1, 0, -1], [1, -2, 1], [1, 0, 1], [1, 0, -1], [1, 2, 1], [1, 0, -1], [1, 0, 1], [1, 0, 1], [1, 0, 1], [1, 0, -1], [1, 0, -1], [1, 0, -1], [1, 0, 1], [1, 1], [1, 0, 1], [1, 0, -1], [1, 0, 1], [1, 0, -1], [1, 0, -1], [1, 2, 1], [1, -2, 1], [1, 0, -1], [1, 0, -1], [1, 0, 1], [1, 0, -1], [1, 0, 1], [1, 2, 1]]",0
2.1416.4t3.b,1416,"[2, 3, 59]","[2, 3, 59]",False,1,"[[[1], [-2], [1]], [[1], [2], [1]], [[1], [0], [-1]], [[1], [0], [-1]], [[1], [0], [1]], [[1], [-1]]]","[[1, -1], [1, -1], [1, 0, 1], [1, 0, -1], [1, 2, 1], [1, 0, 1], [1, 0, -1], [1, 2, 1], [1, 0, -1], [1, 0, 1], [1, 0, 1], [1, 0, 1], [1, 0, -1], [1, 0, -1], [1, 0, -1], [1, 0, 1], [1, -1], [1, 0, 1], [1, 0, -1], [1, 0, 1], [1, 0, -1], [1, 0, -1], [1, -2, 1], [1, 2, 1], [1, 0, -1], [1, 0, -1], [1, 0, 1], [1, 0, -1], [1, 0, 1], [1, -2, 1]]",0
2.1416.4t3.c,1416,"[2, 3, 59]","[2, 3, 11, 19, 59]",False,1,"[[[1], [-2], [1]], [[1], [2], [1]], [[1], [0], [-1]], [[1], [0], [-1]], [[1], [0], [1]], [[1], [1]], [[1], [-1]]]",null,0
2.1416.4t3.d,1416,"[2, 3, 59]","[2, 3, 7, 11, 43, 59]",False,1,"[[[1], [-2], [1]], [[1], [2], [1]], [[1], [0], [-1]], [[1], [0], [-1]], [[1], [0], [1]], [[1], [-1]]]",null,0
2.1416.4t3.e,1416,"[2, 3, 59]","[2, 3, 59]",False,1,"[[[1], [-2], [1]], [[1], [2], [1]], [[1], [0], [-1]], [[1], [0], [-1]], [[1], [0], [1]], [[1], [-1]]]",null,0
2.1416.4t3.f,1416,"[2, 3, 59]","[2, 3, 59]",False,1,"[[[1], [-2], [1]], [[1], [2], [1]], [[1], [0], [-1]], [[1], [0], [-1]], [[1], [0], [1]], [[1], [1]], [[1], [-1]]]",null,0
2.1419.3t2.a,1419,"[3, 11, 43]","[2, 3, 11, 43]",False,1,"[[[1], [-2], [1]], [[1], [0], [-1]], [[1], [1], [1]], [[1], [-1]]]","[[1, 0, -1], [1, -1], [1, 1, 1], [1, 1, 1], [1, -1], [1, 0, -1], [1, 1, 1], [1, -2, 1], [1, 0, -1], [1, 0, -1], [1, 1, 1], [1, 0, -1], [1, 1, 1], [1, -1], [1, 0, -1], [1, 0, -1], [1, 0, -1], [1, 1, 1], [1, 1, 1], [1, 1, 1], [1, 1, 1], [1, 0, -1], [1, 1, 1], [1, 1, 1], [1, 1, 1], [1, -2, 1], [1, 1, 1], [1, 1, 1], [1, 0, -1], [1, 1, 1]]",0
2.1419.6t3.a,1419,"[3, 11, 43]","[2, 3, 11, 43]",False,1,"[[[1], [-2], [1]], [[1], [2], [1]], [[1], [0], [-1]], [[1], [0], [-1]], [[1], [1], [1]], [[1], [-1], [1]], [[1], [1]], [[1], [-1]]]",null,0
2.1419.6t3.b,1419,"[3, 11, 43]","[2, 3, 11, 43]",False,1,"[[[1], [-2], [1]], [[1], [2], [1]], [[1], [0], [-1]], [[1], [0], [-1]], [[1], [1], [1]], [[1], [-1], [1]], [[1], [-1]], [[1], [1]]]",null,0
2.1419.6t3.c,1419,"[3, 11, 43]","[2, 3, 11, 43]",False,1,"[[[1], [-2], [1]], [[1], [2], [1]], [[1], [0], [-1]], [[1], [0], [-1]], [[1], [1], [1]], [[1], [-1], [1]], [[1], [1]], [[1], [-1]]]",null,0
2.1419.6t3.d,1419,"[3, 11, 43]","[2, 3, 11, 43]",False,1,"[[[1], [-2], [1]], [[1], [2], [1]], [[1], [0], [-1]], [[1], [0], [-1]], [[1], [1], [1]], [[1], [-1], [1]], [[1], [1]], [[1], [-1]]]","[[1, 0, -1], [1, 1], [1, -1, 1], [1, 1, 1], [1, 1], [1, 0, -1], [1, -1, 1], [1, -2, 1], [1, 0, -1], [1, 0, -1], [1, 1, 1], [1, 0, -1], [1, -1, 1], [1, -1], [1, 0, -1], [1, 0, -1], [1, 0, -1], [1, 1, 1], [1, 1, 1], [1, -1, 1], [1, 1, 1], [1, 0, -1], [1, -1, 1], [1, -1, 1], [1, 1, 1], [1, 2, 1], [1, 1, 1], [1, -1, 1], [1, 0, -1], [1, -1, 1]]",0
2.1419.6t3.e,1419,"[3, 11, 43]","[2, 3, 11, 43]",False,1,"[[[1], [-2], [1]], [[1], [2], [1]], [[1], [0], [-1]], [[1], [0], [-1]], [[1], [1], [1]], [[1], [-1], [1]], [[1], [1]], [[1], [-1]]]","[[1, 0, -1], [1, 1], [1, -1, 1], [1, -1, 1], [1, -1], [1, 0, -1], [1, 1, 1], [1, 2, 1], [1, 0, -1], [1, 0, -1], [1, 1, 1], [1, 0, -1], [1, 1, 1], [1, 1], [1, 0, -1], [1, 0, -1], [1, 0, -1], [1, -1, 1], [1, 1, 1], [1, -1, 1], [1, -1, 1], [1, 0, -1], [1, 1, 1], [1, -1, 1], [1, 1, 1], [1, -2, 1], [1, 1, 1], [1, 1, 1], [1, 0, -1], [1, -1, 1]]",0
2.1419.6t3.f,1419,"[3, 11, 43]","[2, 3, 11, 43]",False,1,"[[[1], [-2], [1]], [[1], [2], [1]], [[1], [0], [-1]], [[1], [0], [-1]], [[1], [1], [1]], [[1], [-1], [1]], [[1], [-1]], [[1], [1]]]","[[1, 0, -1], [1, -1], [1, 1, 1], [1, -1, 1], [1, 1], [1, 0, -1], [1, -1, 1], [1, 2, 1], [1, 0, -1], [1, 0, -1], [1, 1, 1], [1, 0, -1], [1, -1, 1], [1, 1], [1, 0, -1], [1, 0, -1], [1, 0, -1], [1, -1, 1], [1, 1, 1], [1, 1, 1], [1, -1, 1], [1, 0, -1], [1, -1, 1], [1, 1, 1], [1, 1, 1], [1, 2, 1], [1, 1, 1], [1, -1, 1], [1, 0, -1], [1, 1, 1]]",0
2.1420.3t2.a,1420,"[2, 5, 71]","[2, 5, 71]",False,1,"[[[1], [-2], [1]], [[1], [0], [-1]], [[1], [1], [1]], [[1]], [[1], [-1]]]","[[1], [1, 0, -1], [1, -1], [1, 1, 1], [1, 0, -1], [1, 1, 1], [1, -2, 1], [1, 1, 1], [1, -2, 1], [1, 1, 1], [1, 0, -1], [1, 0, -1], [1, 0, -1], [1, 0, -1], [1, 1, 1], [1, 1, 1], [1, 0, -1], [1, 0, -1], [1, -2, 1], [1, -1], [1, 0, -1], [1, 1, 1], [1, 0, -1], [1, 1, 1], [1, 1, 1], [1, 1, 1], [1, 0, -1], [1, 0, -1], [1, 1, 1], [1, 1, 1]]",0
2.1420.6t3.a,1420,"[2, 5, 71]","[2, 3, 5, 71]",False,1,"[[[1], [-2], [1]], [[1], [2], [1]], [[1], [0], [-1]], [[1], [0], [-1]], [[1], [1], [1]], [[1], [-1], [1]], [[1]], [[1], [-1]]]",null,0
2.1420.6t3.b,1420,"[2, 5, 71]","[2, 3, 5, 71]",False,1,"[[[1], [-2], [1]], [[1], [2], [1]], [[1], [0], [-1]], [[1], [0], [-1]], [[1], [1], [1]], [[1], [-1], [1]], [[1]], [[1], [-1]]]","[[1], [1, 0, -1], [1, -1], [1, -1, 1], [1, 0, -1], [1, -1, 1], [1, 2, 1], [1, 1, 1], [1, 2, 1], [1, 1, 1], [1, 0, -1], [1, 0, -1], [1, 0, -1], [1, 0, -1], [1, -1, 1], [1, -1, 1], [1, 0, -1], [1, 0, -1], [1, 2, 1], [1, -1], [1, 0, -1], [1, 1, 1], [1, 0, -1], [1, 1, 1], [1, -1, 1], [1, 1, 1], [1, 0, -1], [1, 0, -1], [1, 1, 1], [1, -1, 1]]",0
2.1423.3t2.a,1423,[1423],[1423],False,1,"[[[1], [-2], [1]], [[1], [0], [-1]], [[1], [1], [1]], [[1], [-1]]]","[[1, 1, 1], [1, 0, -1], [1, 0, -1], [1, 0, -1], [1, 0, -1], [1, 0, -1], [1, 0, -1], [1, 0, -1], [1, 1, 1], [1, 0, -1], [1, 0, -1], [1, 0, -1], [1, 0, -1], [1, 0, -1], [1, -2, 1], [1, 0, -1], [1, 0, -1], [1, -2, 1], [1, 0, -1], [1, 0, -1], [1, 1, 1], [1, 0, -1], [1, 0, -1], [1, 1, 1], [1, -2, 1], [1, 1, 1], [1, 1, 1], [1, 1, 1], [1, 0, -1], [1, 0, -1]]",0
2.1425.3t2.a,1425,"[3, 5, 19]","[3, 5, 19]",True,1,"[[[1], [-2], [1]], [[1], [0], [-1]], [[1], [1], [1]], [[1], [-1]], [[1]]]",null,0
2.1425.6t3.a,1425,"[3, 5, 19]","[3, 5, 11, 19]",True,1,"[[[1], [-2], [1]], [[1], [2], [1]], [[1], [0], [-1]], [[1], [0], [-1]], [[1], [1], [1]], [[1], [-1], [1]], [[1], [1]], [[1]], [[1], [-1]]]",null,0
2.1425.6t3.b,1425,"[3, 5, 19]","[3, 5, 19]",True,1,"[[[1], [-2], [1]], [[1], [2], [1]], [[1], [0], [-1]], [[1], [0], [-1]], [[1], [1], [1]], [[1], [-1], [1]], [[1], [1]], [[1]], [[1], [-1]]]",null,0
2.1425.6t3.c,1425,"[3, 5, 19]","[3, 5, 19, 229]",True,1,"[[[1], [-2], [1]], [[1], [2], [1]], [[1], [0], [-1]], [[1], [0], [-1]], [[1], [1], [1]], [[1], [-1], [1]], [[1], [1]], [[1]], [[1], [-1]]]",null,0
2.1425.6t3.d,1425,"[3, 5, 19]","[3, 5, 19]",True,1,"[[[1], [-2], [1]], [[1], [2], [1]], [[1], [0], [-1]], [[1], [0], [-1]], [[1], [1], [1]], [[1], [-1], [1]], [[1], [1]], [[1]], [[1], [-1]]]",null,0
2.1425.6t3.e,1425,"[3, 5, 19]","[2, 3, 5, 19]",True,1,"[[[1], [-2], [1]], [[1], [2], [1]], [[1], [0], [-1]], [[1], [0], [-1]], [[1], [1], [1]], [[1], [-1], [1]], [[1], [-1]], [[1]]]",null,0
2.1425.6t3.f,1425,"[3, 5, 19]","[3, 5, 19]",True,1,"[[[1], [-2], [1]], [[1], [2], [1]], [[1], [0], [-1]], [[1], [0], [-1]], [[1], [1], [1]], [[1], [-1], [1]], [[1], [-1]], [[1]]]",null,0
2.1427.3t2.a,1427,[1427],[1427],False,1,"[[[1], [-2], [1]], [[1], [0], [-1]], [[1], [1], [1]], [[1], [-1]]]","[[1, 0, -1], [1, 1, 1], [1, 0, -1], [1, 1, 1], [1, 1, 1], [1, -2, 1], [1, 1, 1], [1, -2, 1], [1, 0, -1], [1, -2, 1], [1, 0, -1], [1, 1, 1], [1, 1, 1], [1, 1, 1], [1, 0, -1], [1, -2, 1], [1, 1, 1], [1, 0, -1], [1, 1, 1], [1, -2, 1], [1, 0, -1], [1, 0, -1], [1, 0, -1], [1, 0, -1], [1, 0, -1], [1, 1, 1], [1, 1, 1], [1, 0, -1], [1, 0, -1], [1, 0, -1]]",0
2.1431.3t2.a,1431,"[3, 53]","[3, 53]",False,1,"[[[1], [-2], [1]], [[1], [0], [-1]], [[1], [1], [1]], [[1]], [[1], [-1]]]","[[1, 1, 1], [1], [1, 1, 1], [1, -2, 1], [1, 0, -1], [1, 1, 1], [1, 0, -1], [1, 0, -1], [1, -2, 1], [1, 0, -1], [1, 0, -1], [1, 1, 1], [1, 1, 1], [1, -2, 1], [1, 0, -1], [1, -1], [1, 0, -1], [1, 0, -1], [1, 0, -1], [1, -2, 1], [1, 0, -1], [1, 0, -1], [1, -2, 1], [1, 0, -1], [1, 1, 1], [1, 1, 1], [1, 0, -1], [1, 0, -1], [1, 0, -1], [1, 0, -1]]",0
2.1431.6t3.a,1431,"[3, 53]","[3, 7, 53]",False,1,"[[[1], [-2], [1]], [[1], [2], [1]], [[1], [0], [-1]], [[1], [0], [-1]], [[1], [1], [1]], [[1], [-1], [1]], [[1]], [[1], [1]]]","[[1, -1, 1], [1], [1, -1, 1], [1, -2, 1], [1, 0, -1], [1, 1, 1], [1, 0, -1], [1, 0, -1], [1, 2, 1], [1, 0, -1], [1, 0, -1], [1, 1, 1], [1, -1, 1], [1, -2, 1], [1, 0, -1], [1, 1], [1, 0, -1], [1, 0, -1], [1, 0, -1], [1, 2, 1], [1, 0, -1], [1, 0, -1], [1, 2, 1], [1, 0, -1], [1, 1, 1], [1, -1, 1], [1, 0, -1], [1, 0, -1], [1, 0, -1], [1, 0, -1]]",0
2.1431.6t3.b,1431,"[3, 53]","[3, 53]",False,1,"[[[1], [-2], [1]], [[1], [2], [1]], [[1], [0], [-1]], [[1], [0], [-1]], [[1], [1], [1]], [[1], [-1], [1]], [[1]], [[1], [1]]]",null,0
2.1432.3t2.a,1432,"[2, 179]","[2, 179]",False,1,"[[[1], [-2], [1]], [[1], [0], [-1]], [[1], [1], [1]], [[1], [-1]]]","[[1, -1], [1, 0, -1], [1, 0, -1], [1, 0, -1], [1, 1, 1], [1, 0, -1], [1, 1, 1], [1, 0, -1], [1, 0, -1], [1, 0, -1], [1, 1, 1], [1, 1, 1], [1, 0, -1], [1, 0, -1], [1, 1, 1], [1, 1, 1], [1, 0, -1], [1, 0, -1], [1, 0, -1], [1, 0, -1], [1, 0, -1], [1, 0, -1], [1, 0, -1], [1, 1, 1], [1, 0, -1], [1, 0, -1], [1, 0, -1], [1, 0, -1], [1, 1, 1], [1, 0, -1]]",0
2.1432.6t3.a,1432,"[2, 179]","[2, 179, 317]",False,1,"[[[1], [-2], [1]], [[1], [2], [1]], [[1], [0], [-1]], [[1], [0], [-1]], [[1], [1], [1]], [[1], [-1], [1]], [[1], [1]]]",null,0
2.1432.6t3.b,1432,"[2, 179]","[2, 3, 179]",False,1,"[[[1], [-2], [1]], [[1], [2], [1]], [[1], [0], [-1]], [[1], [0], [-1]], [[1], [1], [1]], [[1], [-1], [1]], [[1], [1]]]","[[1, 1], [1, 0, -1], [1, 0, -1], [1, 0, -1], [1, -1, 1], [1, 0, -1], [1, 1, 1], [1, 0, -1], [1, 0, -1], [1, 0, -1], [1, 1, 1], [1, -1, 1], [1, 0, -1], [1, 0, -1], [1, 1, 1], [1, -1, 1], [1, 0, -1], [1, 0, -1], [1, 0, -1], [1, 0, -1], [1, 0, -1], [1, 0, -1], [1, 0, -1], [1, 1, 1], [1, 0, -1], [1, 0, -1], [1, 0, -1], [1, 0, -1], [1, -1, 1], [1, 0, -1]]",0
2.1436.3t2.a,1436,"[2, 359]","[2, 359]",True,1,"[[[1], [-2], [1]], [[1], [0], [-1]], [[1], [1], [1]], [[1], [-1]]]",null,0
2.1436.6t3.a,1436,"[2, 359]","[2, 23, 359]",True,1,"[[[1], [-2], [1]], [[1], [2], [1]], [[1], [0], [-1]], [[1], [0], [-1]], [[1], [1], [1]], [[1], [-1], [1]], [[1], [-1]], [[1], [1]]]",null,0
2.1436.6t3.b,1436,"[2, 359]","[2, 3, 359]",True,1,"[[[1], [-2], [1]], [[1], [2], [1]], [[1], [0], [-1]], [[1], [0], [-1]], [[1], [1], [1]], [[1], [-1], [1]], [[1], [-1]], [[1], [1]]]",null,0
2.1439.3t2.a,1439,[1439],"[2, 1439]",False,1,"[[[1], [-2], [1]], [[1], [0], [-1]], [[1], [1], [1]], [[1], [-1]]]","[[1, -2, 1], [1, 1, 1], [1, 1, 1], [1, 0, -1], [1, 0, -1], [1, -2, 1], [1, 0, -1], [1, 1, 1], [1, 0, -1], [1, 0, -1], [1, 1, 1], [1, 1, 1], [1, 1, 1], [1, 1, 1], [1, 1, 1], [1, 0, -1], [1, 1, 1], [1, 1, 1], [1, 1, 1], [1, 0, -1], [1, 0, -1], [1, -2, 1], [1, 0, -1], [1, 0, -1], [1, -2, 1], [1, 1, 1], [1, 0, -1], [1, 0, -1], [1, 1, 1], [1, 1, 1]]",0
2.1440.4t3.a,1440,"[2, 3, 5]","[2, 3, 5]",False,1,"[[[1], [-2], [1]], [[1], [2], [1]], [[1], [0], [-1]], [[1], [0], [-1]], [[1], [0], [1]], [[1]], [[1], [-1]]]","[[1], [1], [1, -1], [1, 0, 1], [1, 0, 1], [1, 0, 1], [1, 0, -1], [1, -2, 1], [1, 2, 1], [1, 0, -1], [1, 0, -1], [1, 0, 1], [1, 0, 1], [1, 0, -1], [1, -2, 1], [1, 2, 1], [1, 0, 1], [1, 0, -1], [1, 0, -1], [1, 0, -1], [1, 0, -1], [1, 0, -1], [1, 0, -1], [1, 0, 1], [1, 0, -1], [1, 0, -1], [1, 0, 1], [1, 0, -1], [1, 0, -1], [1, 0, -1]]",0
2.1440.4t3.b,1440,"[2, 3, 5]","[2, 3, 5]",False,1,"[[[1], [-2], [1]], [[1], [2], [1]], [[1], [0], [-1]], [[1], [0], [-1]], [[1], [0], [1]], [[1]], [[1], [1]]]","[[1], [1], [1, 1], [1, 0, 1], [1, 0, 1], [1, 0, 1], [1, 0, -1], [1, -2, 1], [1, -2, 1], [1, 0, -1], [1, 0, -1], [1, 0, 1], [1, 0, 1], [1, 0, -1], [1, 2, 1], [1, -2, 1], [1, 0, 1], [1, 0, -1], [1, 0, -1], [1, 0, -1], [1, 0, -1], [1, 0, -1], [1, 0, -1], [1, 0, 1], [1, 0, -1], [1, 0, -1], [1, 0, 1], [1, 0, -1], [1, 0, -1], [1, 0, -1]]",0
2.1440.4t3.c,1440,"[2, 3, 5]","[2, 3, 5]",False,1,"[[[1], [-2], [1]], [[1], [2], [1]], [[1], [0], [-1]], [[1], [0], [-1]], [[1], [0], [1]], [[1]], [[1], [-1]]]",null,0
2.1440.4t3.d,1440,"[2, 3, 5]","[2, 3, 5]",False,1,"[[[1], [-2], [1]], [[1], [2], [1]], [[1], [0], [-1]], [[1], [0], [-1]], [[1], [0], [1]], [[1]], [[1], [1]]]",null,0
2.1440.4t3.e,1440,"[2, 3, 5]","[2, 3, 5]",False,1,"[[[1], [-2], [1]], [[1], [2], [1]], [[1], [0], [-1]], [[1], [0], [-1]], [[1], [0], [1]], [[1]], [[1], [1]]]",null,0
2.1440.4t3.f,1440,"[2, 3, 5]","[2, 3, 5, 17]",False,1,"[[[1], [-2], [1]], [[1], [2], [1]], [[1], [0], [-1]], [[1], [0], [-1]], [[1], [0], [1]], [[1]], [[1], [-1]]]",null,0
2.1443.4t3.a,1443,"[3, 13, 37]","[2, 3, 13, 37]",False,1,"[[[1], [-2], [1]], [[1], [2], [1]], [[1], [0], [-1]], [[1], [0], [-1]], [[1], [0], [1]], [[1], [1]], [[1], [-1]]]",null,0
2.1443.4t3.b,1443,"[3, 13, 37]","[2, 3, 13, 37]",False,1,"[[[1], [-2], [1]], [[1], [2], [1]], [[1], [0], [-1]], [[1], [0], [-1]], [[1], [0], [1]], [[1], [1]], [[1], [-1]]]",null,0
2.1443.4t3.c,1443,"[3, 13, 37]","[2, 3, 5, 13, 37]",False,1,"[[[1], [-2], [1]], [[1], [2], [1]], [[1], [0], [-1]], [[1], [0], [-1]], [[1], [0], [1]], [[1], [1]], [[1], [-1]]]","[[1, 0, -1], [1, 1], [1, 0, -1], [1, 0, -1], [1, 0, 1], [1, 1], [1, 0, 1], [1, -2, 1], [1, 0, 1], [1, 0, 1], [1, 2, 1], [1, -1], [1, 0, 1], [1, 0, -1], [1, 0, 1], [1, 0, -1], [1, 0, -1], [1, 0, -1], [1, 0, -1], [1, 0, 1], [1, 0, -1], [1, 0, -1], [1, 0, 1], [1, 0, -1], [1, -2, 1], [1, 0, -1], [1, 0, -1], [1, 0, -1], [1, 2, 1], [1, 0, 1]]",0
2.1443.4t3.d,1443,"[3, 13, 37]","[2, 3, 13, 37]",False,1,"[[[1], [-2], [1]], [[1], [2], [1]], [[1], [0], [-1]], [[1], [0], [-1]], [[1], [0], [1]], [[1], [1]], [[1], [-1]]]","[[1, 0, -1], [1, 1], [1, 0, -1], [1, 0, -1], [1, 0, 1], [1, -1], [1, 0, 1], [1, 2, 1], [1, 0, 1], [1, 0, 1], [1, -2, 1], [1, 1], [1, 0, 1], [1, 0, -1], [1, 0, 1], [1, 0, -1], [1, 0, -1], [1, 0, -1], [1, 0, -1], [1, 0, 1], [1, 0, -1], [1, 0, -1], [1, 0, 1], [1, 0, -1], [1, 2, 1], [1, 0, -1], [1, 0, -1], [1, 0, -1], [1, -2, 1], [1, 0, 1]]",0
2.1443.4t3.e,1443,"[3, 13, 37]","[2, 3, 5, 13, 37, 109, 337]",False,1,"[[[1], [-2], [1]], [[1], [2], [1]], [[1], [0], [-1]], [[1], [0], [-1]], [[1], [0], [1]], [[1], [1]], [[1], [-1]]]",null,0
2.1443.4t3.f,1443,"[3, 13, 37]","[2, 3, 5, 13, 37, 157]",False,1,"[[[1], [-2], [1]], [[1], [2], [1]], [[1], [0], [-1]], [[1], [0], [-1]], [[1], [0], [1]], [[1], [1]], [[1], [-1]]]",null,0
2.1448.3t2.a,1448,"[2, 181]","[2, 181]",False,1,"[[[1], [-2], [1]], [[1], [0], [-1]], [[1], [1], [1]], [[1], [-1]]]","[[1, -1], [1, 1, 1], [1, 0, -1], [1, -2, 1], [1, 1, 1], [1, 0, -1], [1, 0, -1], [1, 0, -1], [1, 1, 1], [1, 0, -1], [1, 1, 1], [1, 0, -1], [1, 0, -1], [1, 1, 1], [1, 1, 1], [1, -2, 1], [1, 1, 1], [1, 1, 1], [1, -2, 1], [1, 1, 1], [1, 1, 1], [1, 0, -1], [1, 0, -1], [1, 0, -1], [1, 0, -1], [1, 0, -1], [1, 1, 1], [1, 0, -1], [1, 1, 1], [1, 0, -1]]",0
2.1448.6t3.a,1448,"[2, 181]","[2, 3, 7, 181]",False,1,"[[[1], [-2], [1]], [[1], [2], [1]], [[1], [0], [-1]], [[1], [0], [-1]], [[1], [1], [1]], [[1], [-1], [1]], [[1], [1]]]",null,0
2.1448.6t3.b,1448,"[2, 181]","[2, 5, 7, 181]",False,1,"[[[1], [-2], [1]], [[1], [2], [1]], [[1], [0], [-1]], [[1], [0], [-1]], [[1], [1], [1]], [[1], [-1], [1]], [[1], [1]]]","[[1, 1], [1, 1, 1], [1, 0, -1], [1, 2, 1], [1, 1, 1], [1, 0, -1], [1, 0, -1], [1, 0, -1], [1, -1, 1], [1, 0, -1], [1, -1, 1], [1, 0, -1], [1, 0, -1], [1, 1, 1], [1, -1, 1], [1, 2, 1], [1, 1, 1], [1, -1, 1], [1, -2, 1], [1, -1, 1], [1, 1, 1], [1, 0, -1], [1, 0, -1], [1, 0, -1], [1, 0, -1], [1, 0, -1], [1, -1, 1], [1, 0, -1], [1, -1, 1], [1, 0, -1]]",0
2.1452.3t2.a,1452,"[2, 3, 11]","[2, 3, 11]",False,1,"[[[1], [-2], [1]], [[1], [0], [-1]], [[1], [1], [1]], [[1]], [[1], [-1]]]","[[1], [1, -1], [1, 0, -1], [1, 1, 1], [1], [1, -2, 1], [1, 0, -1], [1, 1, 1], [1, 0, -1], [1, 0, -1], [1, 1, 1], [1, 1, 1], [1, 0, -1], [1, -2, 1], [1, 0, -1], [1, 0, -1], [1, 0, -1], [1, 1, 1], [1, 1, 1], [1, 0, -1], [1, 1, 1], [1, 1, 1], [1, 0, -1], [1, 0, -1], [1, 1, 1], [1, 0, -1], [1, 1, 1], [1, 0, -1], [1, 1, 1], [1, 0, -1]]",0
2.1452.6t3.a,1452,"[2, 3, 11]","[2, 3, 11]",False,1,"[[[1], [-2], [1]], [[1], [2], [1]], [[1], [0], [-1]], [[1], [0], [-1]], [[1], [1], [1]], [[1], [-1], [1]], [[1]], [[1], [-1]]]",null,0
2.1452.6t3.b,1452,"[2, 3, 11]","[2, 3, 11, 13]",False,1,"[[[1], [-2], [1]], [[1], [2], [1]], [[1], [0], [-1]], [[1], [0], [-1]], [[1], [1], [1]], [[1], [-1], [1]], [[1]], [[1], [-1]]]","[[1], [1, -1], [1, 0, -1], [1, -1, 1], [1], [1, 2, 1], [1, 0, -1], [1, -1, 1], [1, 0, -1], [1, 0, -1], [1, 1, 1], [1, 1, 1], [1, 0, -1], [1, 2, 1], [1, 0, -1], [1, 0, -1], [1, 0, -1], [1, -1, 1], [1, 1, 1], [1, 0, -1], [1, -1, 1], [1, -1, 1], [1, 0, -1], [1, 0, -1], [1, 1, 1], [1, 0, -1], [1, 1, 1], [1, 0, -1], [1, -1, 1], [1, 0, -1]]",0
2.1456.6t3.a,1456,"[2, 7, 13]","[2, 3, 7, 13]",False,1,"[[[1], [-2], [1]], [[1], [2], [1]], [[1], [0], [-1]], [[1], [0], [-1]], [[1], [1], [1]], [[1], [-1], [1]], [[1]], [[1], [1]], [[1], [-1]]]","[[1], [1, 0, -1], [1, 1, 1], [1, 1], [1, 0, -1], [1, -1], [1, 0, -1], [1, -1, 1], [1, -1, 1], [1, 1, 1], [1, -1, 1], [1, 0, -1], [1, -2, 1], [1, -1, 1], [1, -1, 1], [1, 1, 1], [1, 2, 1], [1, 0, -1], [1, 0, -1], [1, 0, -1], [1, 1, 1], [1, -1, 1], [1, -1, 1], [1, 1, 1], [1, 1, 1], [1, 0, -1], [1, 0, -1], [1, 2, 1], [1, 0, -1], [1, 1, 1]]",0
2.1456.6t3.b,1456,"[2, 7, 13]","[2, 3, 7, 13]",False,1,"[[[1], [-2], [1]], [[1], [2], [1]], [[1], [0], [-1]], [[1], [0], [-1]], [[1], [1], [1]], [[1], [-1], [1]], [[1]], [[1], [-1]], [[1], [1]]]",null,0
2.1456.6t3.c,1456,"[2, 7, 13]","[2, 3, 7, 13, 67]",False,1,"[[[1], [-2], [1]], [[1], [2], [1]], [[1], [0], [-1]], [[1], [0], [-1]], [[1], [1], [1]], [[1], [-1], [1]], [[1]], [[1], [1]], [[1], [-1]]]",null,0
2.1456.6t3.d,1456,"[2, 7, 13]","[2, 7, 13]",False,1,"[[[1], [-2], [1]], [[1], [2], [1]], [[1], [0], [-1]], [[1], [0], [-1]], [[1], [1], [1]], [[1], [-1], [1]], [[1]], [[1], [-1]], [[1], [1]]]","[[1], [1, 0, -1], [1, -1, 1], [1, -1], [1, 0, -1], [1, 1], [1, 0, -1], [1, 1, 1], [1, -1, 1], [1, 1, 1], [1, 1, 1], [1, 0, -1], [1, 2, 1], [1, -1, 1], [1, 1, 1], [1, 1, 1], [1, -2, 1], [1, 0, -1], [1, 0, -1], [1, 0, -1], [1, -1, 1], [1, -1, 1], [1, 1, 1], [1, -1, 1], [1, -1, 1], [1, 0, -1], [1, 0, -1], [1, 2, 1], [1, 0, -1], [1, 1, 1]]",0
2.1463.4t3.a,1463,"[7, 11, 19]","[2, 7, 11, 19]",False,1,"[[[1], [-2], [1]], [[1], [2], [1]], [[1], [0], [-1]], [[1], [0], [-1]], [[1], [0], [1]], [[1], [1]], [[1], [-1]]]",null,0
2.1463.4t3.b,1463,"[7, 11, 19]","[7, 11, 19]",False,1,"[[[1], [-2], [1]], [[1], [2], [1]], [[1], [0], [-1]], [[1], [0], [-1]], [[1], [0], [1]], [[1], [-1]]]",null,0
2.1463.4t3.c,1463,"[7, 11, 19]","[7, 11, 19]",False,1,"[[[1], [-2], [1]], [[1], [2], [1]], [[1], [0], [-1]], [[1], [0], [-1]], [[1], [0], [1]], [[1], [-1]]]","[[1, 0, 1], [1, 0, 1], [1, 0, -1], [1, -1], [1, -1], [1, 0, -1], [1, 2, 1], [1, -1], [1, -2, 1], [1, 0, 1], [1, 0, 1], [1, 0, -1], [1, 0, -1], [1, 0, -1], [1, 0, -1], [1, 0, -1], [1, 0, 1], [1, -2, 1], [1, 0, -1], [1, 0, -1], [1, 2, 1], [1, 0, 1], [1, -2, 1], [1, 0, 1], [1, 0, 1], [1, 2, 1], [1, 0, 1], [1, 0, 1], [1, 0, 1], [1, 0, -1]]",0
2.1463.4t3.d,1463,"[7, 11, 19]","[7, 11, 19]",False,1,"[[[1], [-2], [1]], [[1], [2], [1]], [[1], [0], [-1]], [[1], [0], [-1]], [[1], [0], [1]], [[1], [1]], [[1], [-1]]]","[[1, 0, 1], [1, 0, 1], [1, 0, -1], [1, 1], [1, -1], [1, 0, -1], [1, -2, 1], [1, 1], [1, -2, 1], [1, 0, 1], [1, 0, 1], [1, 0, -1], [1, 0, -1], [1, 0, -1], [1, 0, -1], [1, 0, -1], [1, 0, 1], [1, 2, 1], [1, 0, -1], [1, 0, -1], [1, -2, 1], [1, 0, 1], [1, 2, 1], [1, 0, 1], [1, 0, 1], [1, -2, 1], [1, 0, 1], [1, 0, 1], [1, 0, 1], [1, 0, -1]]",0
2.1463.4t3.e,1463,"[7, 11, 19]","[2, 5, 7, 11, 19, 23]",False,1,"[[[1], [-2], [1]], [[1], [2], [1]], [[1], [0], [-1]], [[1], [0], [-1]], [[1], [0], [1]], [[1], [-1]]]",null,0
2.1463.4t3.f,1463,"[7, 11, 19]","[2, 5, 7, 11, 13, 19]",False,1,"[[[1], [-2], [1]], [[1], [2], [1]], [[1], [0], [-1]], [[1], [0], [-1]], [[1], [0], [1]], [[1], [1]], [[1], [-1]]]",null,0
2.1464.3t2.a,1464,"[2, 3, 61]","[2, 3, 61]",False,1,"[[[1], [-2], [1]], [[1], [0], [-1]], [[1], [1], [1]], [[1], [-1]]]","[[1, -1], [1, -1], [1, 1, 1], [1, 0, -1], [1, 0, -1], [1, 0, -1], [1, 1, 1], [1, 0, -1], [1, 1, 1], [1, 0, -1], [1, 0, -1], [1, 1, 1], [1, 0, -1], [1, 1, 1], [1, 0, -1], [1, 0, -1], [1, 0, -1], [1, -1], [1, -2, 1], [1, 1, 1], [1, 1, 1], [1, 0, -1], [1, 1, 1], [1, 1, 1], [1, 1, 1], [1, 0, -1], [1, 1, 1], [1, 1, 1], [1, 0, -1], [1, 0, -1]]",0
2.1464.6t3.a,1464,"[2, 3, 61]","[2, 3, 61]",False,1,"[[[1], [-2], [1]], [[1], [2], [1]], [[1], [0], [-1]], [[1], [0], [-1]], [[1], [1], [1]], [[1], [-1], [1]], [[1], [1]], [[1], [-1]]]",null,0
2.1464.6t3.b,1464,"[2, 3, 61]","[2, 3, 61]",False,1,"[[[1], [-2], [1]], [[1], [2], [1]], [[1], [0], [-1]], [[1], [0], [-1]], [[1], [1], [1]], [[1], [-1], [1]], [[1], [1]], [[1], [-1]]]","[[1, 1], [1, -1], [1, 1, 1], [1, 0, -1], [1, 0, -1], [1, 0, -1], [1, -1, 1], [1, 0, -1], [1, -1, 1], [1, 0, -1], [1, 0, -1], [1, -1, 1], [1, 0, -1], [1, -1, 1], [1, 0, -1], [1, 0, -1], [1, 0, -1], [1, 1], [1, 2, 1], [1, -1, 1], [1, 1, 1], [1, 0, -1], [1, 1, 1], [1, -1, 1], [1, 1, 1], [1, 0, -1], [1, 1, 1], [1, 1, 1], [1, 0, -1], [1, 0, -1]]",0
2.1464.6t3.c,1464,"[2, 3, 61]","[2, 3, 7, 61]",False,1,"[[[1], [-2], [1]], [[1], [2], [1]], [[1], [0], [-1]], [[1], [0], [-1]], [[1], [1], [1]], [[1], [-1], [1]], [[1], [1]], [[1], [-1]]]","[[1, 1], [1, 1], [1, -1, 1], [1, 0, -1], [1, 0, -1], [1, 0, -1], [1, -1, 1], [1, 0, -1], [1, -1, 1], [1, 0, -1], [1, 0, -1], [1, 1, 1], [1, 0, -1], [1, 1, 1], [1, 0, -1], [1, 0, -1], [1, 0, -1], [1, -1], [1, -2, 1], [1, -1, 1], [1, 1, 1], [1, 0, -1], [1, -1, 1], [1, -1, 1], [1, 1, 1], [1, 0, -1], [1, 1, 1], [1, -1, 1], [1, 0, -1], [1, 0, -1]]",0
2.1464.6t3.d,1464,"[2, 3, 61]","[2, 3, 61]",False,1,"[[[1], [-2], [1]], [[1], [2], [1]], [[1], [0], [-1]], [[1], [0], [-1]], [[1], [1], [1]], [[1], [-1], [1]], [[1], [-1]], [[1], [1]]]","[[1, -1], [1, 1], [1, -1, 1], [1, 0, -1], [1, 0, -1], [1, 0, -1], [1, 1, 1], [1, 0, -1], [1, 1, 1], [1, 0, -1], [1, 0, -1], [1, -1, 1], [1, 0, -1], [1, -1, 1], [1, 0, -1], [1, 0, -1], [1, 0, -1], [1, 1], [1, 2, 1], [1, 1, 1], [1, 1, 1], [1, 0, -1], [1, -1, 1], [1, 1, 1], [1, 1, 1], [1, 0, -1], [1, 1, 1], [1, -1, 1], [1, 0, -1], [1, 0, -1]]",0
2.1464.6t3.e,1464,"[2, 3, 61]","[2, 3, 11, 61]",False,1,"[[[1], [-2], [1]], [[1], [2], [1]], [[1], [0], [-1]], [[1], [0], [-1]], [[1], [1], [1]], [[1], [-1], [1]], [[1], [-1]], [[1], [1]]]",null,0
2.1464.6t3.f,1464,"[2, 3, 61]","[2, 3, 7, 61]",False,1,"[[[1], [-2], [1]], [[1], [2], [1]], [[1], [0], [-1]], [[1], [0], [-1]], [[1], [1], [1]], [[1], [-1], [1]], [[1], [1]], [[1], [-1]]]",null,0
2.1467.4t3.a,1467,"[3, 163]","[2, 3, 151, 163]",False,1,"[[[1], [-2], [1]], [[1], [2], [1]], [[1], [0], [-1]], [[1], [0], [-1]], [[1], [0], [1]], [[1]], [[1], [1]]]",null,0
2.1467.4t3.b,1467,"[3, 163]","[2, 3, 163]",False,1,"[[[1], [-2], [1]], [[1], [2], [1]], [[1], [0], [-1]], [[1], [0], [-1]], [[1], [0], [1]], [[1]], [[1], [1]]]","[[1, 0, -1], [1], [1, 0, -1], [1, 0, -1], [1, 0, -1], [1, 0, -1], [1, 0, -1], [1, 0, -1], [1, 0, -1], [1, 0, -1], [1, 0, -1], [1, 0, -1], [1, 0, 1], [1, 2, 1], [1, 0, 1], [1, 0, 1], [1, 0, -1], [1, 2, 1], [1, 0, -1], [1, 0, 1], [1, 0, -1], [1, 0, -1], [1, 0, 1], [1, 0, -1], [1, 2, 1], [1, 0, -1], [1, 0, -1], [1, 0, -1], [1, 0, -1], [1, 0, 1]]",0
2.1467.4t3.c,1467,"[3, 163]","[2, 3, 163]",False,1,"[[[1], [-2], [1]], [[1], [2], [1]], [[1], [0], [-1]], [[1], [0], [-1]], [[1], [0], [1]], [[1]], [[1], [1]]]",null,0
2.1469.4t3.a,1469,"[13, 113]","[2, 3, 13, 113]",True,1,"[[[1], [-2], [1]], [[1], [2], [1]], [[1], [0], [-1]], [[1], [0], [-1]], [[1], [0], [1]], [[1], [-1]], [[1], [1]]]",null,0
2.1469.4t3.b,1469,"[13, 113]","[7, 13, 113]",True,1,"[[[1], [-2], [1]], [[1], [2], [1]], [[1], [0], [-1]], [[1], [0], [-1]], [[1], [0], [1]], [[1], [-1]], [[1], [1]]]",null,0
2.1469.4t3.c,1469,"[13, 113]","[2, 13, 113]",True,1,"[[[1], [-2], [1]], [[1], [2], [1]], [[1], [0], [-1]], [[1], [0], [-1]], [[1], [0], [1]], [[1], [-1]], [[1], [1]]]",null,0
2.1472.6t3.a,1472,"[2, 23]","[2, 23]",False,1,"[[[1], [-2], [1]], [[1], [2], [1]], [[1], [0], [-1]], [[1], [0], [-1]], [[1], [1], [1]], [[1], [-1], [1]], [[1]], [[1], [-1]]]","[[1], [1, -1, 1], [1, 0, -1], [1, 0, -1], [1, 0, -1], [1, -1, 1], [1, 0, -1], [1, 0, -1], [1, -1], [1, -1, 1], [1, 1, 1], [1, 0, -1], [1, 1, 1], [1, 0, -1], [1, 1, 1], [1, 0, -1], [1, 2, 1], [1, 0, -1], [1, 0, -1], [1, 1, 1], [1, 1, 1], [1, 0, -1], [1, 0, -1], [1, 0, -1], [1, 0, -1], [1, 2, 1], [1, 0, -1], [1, 0, -1], [1, 0, -1], [1, 0, -1]]",0
2.1472.6t3.b,1472,"[2, 23]","[2, 5, 23]",False,1,"[[[1], [-2], [1]], [[1], [2], [1]], [[1], [0], [-1]], [[1], [0], [-1]], [[1], [1], [1]], [[1], [-1], [1]], [[1]], [[1], [-1]]]",null,0
2.1472.6t3.c,1472,"[2, 23]","[2, 5, 23]",False,1,"[[[1], [-2], [1]], [[1], [2], [1]], [[1], [0], [-1]], [[1], [0], [-1]], [[1], [1], [1]], [[1], [-1], [1]], [[1]], [[1], [1]]]",null,0
2.1472.6t3.d,1472,"[2, 23]","[2, 23]",False,1,"[[[1], [-2], [1]], [[1], [2], [1]], [[1], [0], [-1]], [[1], [0], [-1]], [[1], [1], [1]], [[1], [-1], [1]], [[1]], [[1], [1]]]","[[1], [1, 1, 1], [1, 0, -1], [1, 0, -1], [1, 0, -1], [1, -1, 1], [1, 0, -1], [1, 0, -1], [1, 1], [1, -1, 1], [1, -1, 1], [1, 0, -1], [1, 1, 1], [1, 0, -1], [1, -1, 1], [1, 0, -1], [1, -2, 1], [1, 0, -1], [1, 0, -1], [1, -1, 1], [1, 1, 1], [1, 0, -1], [1, 0, -1], [1, 0, -1], [1, 0, -1], [1, 2, 1], [1, 0, -1], [1, 0, -1], [1, 0, -1], [1, 0, -1]]",0
2.1475.4t3.a,1475,"[5, 59]","[2, 5, 59]",False,1,"[[[1], [-2], [1]], [[1], [2], [1]], [[1], [0], [-1]], [[1], [0], [-1]], [[1], [0], [1]], [[1]], [[1], [1]]]","[[1, 0, -1], [1, 0, 1], [1], [1, 0, 1], [1, 0, -1], [1, 0, -1], [1, 0, 1], [1, -2, 1], [1, 0, -1], [1, -2, 1], [1, 0, -1], [1, 0, -1], [1, 2, 1], [1, 0, -1], [1, 0, -1], [1, 0, 1], [1, 1], [1, 0, -1], [1, 0, -1], [1, 2, 1], [1, 0, -1], [1, 2, 1], [1, 0, -1], [1, 0, -1], [1, 0, -1], [1, 0, -1], [1, 0, -1], [1, 0, 1], [1, 0, -1], [1, 0, -1]]",0
2.1475.4t3.b,1475,"[5, 59]","[2, 5, 59]",False,1,"[[[1], [-2], [1]], [[1], [2], [1]], [[1], [0], [-1]], [[1], [0], [-1]], [[1], [0], [1]], [[1]], [[1], [1]]]",null,0
2.1475.4t3.c,1475,"[5, 59]","[2, 5, 59]",False,1,"[[[1], [-2], [1]], [[1], [2], [1]], [[1], [0], [-1]], [[1], [0], [-1]], [[1], [0], [1]], [[1]], [[1], [1]]]",null,0
2.1475.6t3.a,1475,"[5, 59]","[2, 5, 59]",False,1,"[[[1], [-2], [1]], [[1], [2], [1]], [[1], [0], [-1]], [[1], [0], [-1]], [[1], [1], [1]], [[1], [-1], [1]], [[1]], [[1], [-1]]]","[[1, 0, -1], [1, -1, 1], [1], [1, -1, 1], [1, 0, -1], [1, 0, -1], [1, 2, 1], [1, 1, 1], [1, 0, -1], [1, 1, 1], [1, 0, -1], [1, 0, -1], [1, 1, 1], [1, 0, -1], [1, 0, -1], [1, -1, 1], [1, -1], [1, 0, -1], [1, 0, -1], [1, -2, 1], [1, 0, -1], [1, 1, 1], [1, 0, -1], [1, 0, -1], [1, 0, -1], [1, 0, -1], [1, 0, -1], [1, -1, 1], [1, 0, -1], [1, 0, -1]]",0
2.1475.6t3.b,1475,"[5, 59]","[2, 5, 59]",False,1,"[[[1], [-2], [1]], [[1], [2], [1]], [[1], [0], [-1]], [[1], [0], [-1]], [[1], [1], [1]], [[1], [-1], [1]], [[1]], [[1], [-1]]]",null,0
2.1476.4t3.a,1476,"[2, 3, 41]","[2, 3, 5, 41]",False,1,"[[[1], [-2], [1]], [[1], [2], [1]], [[1], [0], [-1]], [[1], [0], [-1]], [[1], [0], [1]], [[1], [1]], [[1]]]",null,0
2.1476.4t3.b,1476,"[2, 3, 41]","[2, 3, 5, 41]",False,1,"[[[1], [-2], [1]], [[1], [2], [1]], [[1], [0], [-1]], [[1], [0], [-1]], [[1], [0], [1]], [[1], [1]], [[1]]]","[[1, 1], [1], [1, -2, 1], [1, 0, 1], [1, 0, 1], [1, 0, -1], [1, 0, -1], [1, 0, 1], [1, 0, -1], [1, 0, -1], [1, 0, -1], [1, 2, 1], [1, 1], [1, 0, -1], [1, 0, 1], [1, 0, -1], [1, 0, -1], [1, -2, 1], [1, 0, 1], [1, 0, 1], [1, 2, 1], [1, 0, 1], [1, 0, -1], [1, 0, -1], [1, 0, -1], [1, 0, -1], [1, 0, -1], [1, 0, -1], [1, 0, -1], [1, -2, 1]]",0
2.1476.4t3.c,1476,"[2, 3, 41]","[2, 3, 5, 41]",False,1,"[[[1], [-2], [1]], [[1], [2], [1]], [[1], [0], [-1]], [[1], [0], [-1]], [[1], [0], [1]], [[1], [1]], [[1]]]",null,0
2.1480.3t2.a,1480,"[2, 5, 37]","[2, 5, 37]",False,1,"[[[1], [-2], [1]], [[1], [0], [-1]], [[1], [1], [1]], [[1], [-1]]]","[[1, -1], [1, 0, -1], [1, -1], [1, 1, 1], [1, 1, 1], [1, 0, -1], [1, 1, 1], [1, 0, -1], [1, 0, -1], [1, 1, 1], [1, 1, 1], [1, -1], [1, 1, 1], [1, 1, 1], [1, -2, 1], [1, 1, 1], [1, 0, -1], [1, 1, 1], [1, 0, -1], [1, 0, -1], [1, 0, -1], [1, -2, 1], [1, 0, -1], [1, 0, -1], [1, 1, 1], [1, 0, -1], [1, 0, -1], [1, 0, -1], [1, 1, 1], [1, 1, 1]]",0
2.1480.6t3.a,1480,"[2, 5, 37]","[2, 3, 5, 37, 71]",False,1,"[[[1], [-2], [1]], [[1], [2], [1]], [[1], [0], [-1]], [[1], [0], [-1]], [[1], [1], [1]], [[1], [-1], [1]], [[1], [-1]], [[1], [1]]]",null,0
2.1480.6t3.b,1480,"[2, 5, 37]","[2, 3, 5, 23, 37]",False,1,"[[[1], [-2], [1]], [[1], [2], [1]], [[1], [0], [-1]], [[1], [0], [-1]], [[1], [1], [1]], [[1], [-1], [1]], [[1], [1]], [[1], [-1]]]","[[1, 1], [1, 0, -1], [1, -1], [1, -1, 1], [1, 1, 1], [1, 0, -1], [1, -1, 1], [1, 0, -1], [1, 0, -1], [1, 1, 1], [1, 1, 1], [1, 1], [1, 1, 1], [1, -1, 1], [1, 2, 1], [1, -1, 1], [1, 0, -1], [1, 1, 1], [1, 0, -1], [1, 0, -1], [1, 0, -1], [1, -2, 1], [1, 0, -1], [1, 0, -1], [1, -1, 1], [1, 0, -1], [1, 0, -1], [1, 0, -1], [1, 1, 1], [1, -1, 1]]",0
2.1480.6t3.c,1480,"[2, 5, 37]","[2, 3, 5, 37]",False,1,"[[[1], [-2], [1]], [[1], [2], [1]], [[1], [0], [-1]], [[1], [0], [-1]], [[1], [1], [1]], [[1], [-1], [1]], [[1], [1]], [[1], [-1]]]","[[1, 1], [1, 0, -1], [1, 1], [1, 1, 1], [1, 1, 1], [1, 0, -1], [1, -1, 1], [1, 0, -1], [1, 0, -1], [1, -1, 1], [1, -1, 1], [1, -1], [1, 1, 1], [1, -1, 1], [1, -2, 1], [1, 1, 1], [1, 0, -1], [1, -1, 1], [1, 0, -1], [1, 0, -1], [1, 0, -1], [1, 2, 1], [1, 0, -1], [1, 0, -1], [1, -1, 1], [1, 0, -1], [1, 0, -1], [1, 0, -1], [1, -1, 1], [1, -1, 1]]",0
2.1480.6t3.d,1480,"[2, 5, 37]","[2, 5, 37, 67]",False,1,"[[[1], [-2], [1]], [[1], [2], [1]], [[1], [0], [-1]], [[1], [0], [-1]], [[1], [1], [1]], [[1], [-1], [1]], [[1], [1]], [[1], [-1]]]",null,0
2.1480.6t3.e,1480,"[2, 5, 37]","[2, 3, 5, 37]",False,1,"[[[1], [-2], [1]], [[1], [2], [1]], [[1], [0], [-1]], [[1], [0], [-1]], [[1], [1], [1]], [[1], [-1], [1]], [[1], [1]], [[1], [-1]]]",null,0
2.1480.6t3.f,1480,"[2, 5, 37]","[2, 5, 37]",False,1,"[[[1], [-2], [1]], [[1], [2], [1]], [[1], [0], [-1]], [[1], [0], [-1]], [[1], [1], [1]], [[1], [-1], [1]], [[1], [-1]], [[1], [1]]]","[[1, -1], [1, 0, -1], [1, 1], [1, -1, 1], [1, 1, 1], [1, 0, -1], [1, 1, 1], [1, 0, -1], [1, 0, -1], [1, -1, 1], [1, -1, 1], [1, 1], [1, 1, 1], [1, 1, 1], [1, 2, 1], [1, -1, 1], [1, 0, -1], [1, -1, 1], [1, 0, -1], [1, 0, -1], [1, 0, -1], [1, 2, 1], [1, 0, -1], [1, 0, -1], [1, 1, 1], [1, 0, -1], [1, 0, -1], [1, 0, -1], [1, -1, 1], [1, 1, 1]]",0
2.1484.3t2.a,1484,"[2, 7, 53]","[2, 7, 53]",False,1,"[[[1], [-2], [1]], [[1], [0], [-1]], [[1], [1], [1]], [[1]], [[1], [-1]]]","[[1], [1, -2, 1], [1, 1, 1], [1, -1], [1, 1, 1], [1, 0, -1], [1, 0, -1], [1, 1, 1], [1, 0, -1], [1, 1, 1], [1, 1, 1], [1, 1, 1], [1, 1, 1], [1, -2, 1], [1, 0, -1], [1, -1], [1, 0, -1], [1, 1, 1], [1, 0, -1], [1, 0, -1], [1, -2, 1], [1, 0, -1], [1, 1, 1], [1, 0, -1], [1, 0, -1], [1, 1, 1], [1, 1, 1], [1, 1, 1], [1, 0, -1], [1, 1, 1]]",0
2.1484.6t3.a,1484,"[2, 7, 53]","[2, 3, 7, 13, 53]",False,1,"[[[1], [-2], [1]], [[1], [2], [1]], [[1], [0], [-1]], [[1], [0], [-1]], [[1], [1], [1]], [[1], [-1], [1]], [[1]], [[1], [-1]]]","[[1], [1, 2, 1], [1, -1, 1], [1, -1], [1, 1, 1], [1, 0, -1], [1, 0, -1], [1, -1, 1], [1, 0, -1], [1, 1, 1], [1, -1, 1], [1, 1, 1], [1, -1, 1], [1, -2, 1], [1, 0, -1], [1, -1], [1, 0, -1], [1, -1, 1], [1, 0, -1], [1, 0, -1], [1, 2, 1], [1, 0, -1], [1, -1, 1], [1, 0, -1], [1, 0, -1], [1, -1, 1], [1, -1, 1], [1, 1, 1], [1, 0, -1], [1, 1, 1]]",0
2.1484.6t3.b,1484,"[2, 7, 53]","[2, 3, 7, 53]",False,1,"[[[1], [-2], [1]], [[1], [2], [1]], [[1], [0], [-1]], [[1], [0], [-1]], [[1], [1], [1]], [[1], [-1], [1]], [[1]], [[1], [-1]]]",null,0
2.1488.4t3.a,1488,"[2, 3, 31]","[2, 3, 31]",False,1,"[[[1], [-2], [1]], [[1], [2], [1]], [[1], [0], [-1]], [[1], [0], [-1]], [[1], [0], [1]], [[1]], [[1], [-1]], [[1], [1]]]","[[1], [1, -1], [1, 0, -1], [1, 0, -1], [1, 0, -1], [1, 0, -1], [1, 0, 1], [1, 0, -1], [1, 0, -1], [1, 0, 1], [1, 1], [1, 0, -1], [1, 0, -1], [1, 2, 1], [1, 0, 1], [1, 0, 1], [1, 0, 1], [1, 0, -1], [1, 0, -1], [1, 0, 1], [1, 0, -1], [1, 2, 1], [1, 0, -1], [1, 0, 1], [1, 2, 1], [1, 0, -1], [1, 0, -1], [1, 0, 1], [1, 2, 1], [1, 0, -1]]",0
2.1488.4t3.b,1488,"[2, 3, 31]","[2, 3, 31]",False,1,"[[[1], [-2], [1]], [[1], [2], [1]], [[1], [0], [-1]], [[1], [0], [-1]], [[1], [0], [1]], [[1]], [[1], [1]], [[1], [-1]]]","[[1], [1, 1], [1, 0, -1], [1, 0, -1], [1, 0, -1], [1, 0, -1], [1, 0, 1], [1, 0, -1], [1, 0, -1], [1, 0, 1], [1, -1], [1, 0, -1], [1, 0, -1], [1, -2, 1], [1, 0, 1], [1, 0, 1], [1, 0, 1], [1, 0, -1], [1, 0, -1], [1, 0, 1], [1, 0, -1], [1, -2, 1], [1, 0, -1], [1, 0, 1], [1, 2, 1], [1, 0, -1], [1, 0, -1], [1, 0, 1], [1, 2, 1], [1, 0, -1]]",0
2.1488.4t3.c,1488,"[2, 3, 31]","[2, 3, 7, 31]",False,1,"[[[1], [-2], [1]], [[1], [2], [1]], [[1], [0], [-1]], [[1], [0], [-1]], [[1], [0], [1]], [[1]], [[1], [1]], [[1], [-1]]]",null,0
2.1488.4t3.d,1488,"[2, 3, 31]","[2, 3, 31]",False,1,"[[[1], [-2], [1]], [[1], [2], [1]], [[1], [0], [-1]], [[1], [0], [-1]], [[1], [0], [1]], [[1]], [[1], [-1]], [[1], [1]]]",null,0
2.1488.4t3.e,1488,"[2, 3, 31]","[2, 3, 7, 13, 31, 167]",False,1,"[[[1], [-2], [1]], [[1], [2], [1]], [[1], [0], [-1]], [[1], [0], [-1]], [[1], [0], [1]], [[1]], [[1], [1]], [[1], [-1]]]",null,0
2.1488.4t3.f,1488,"[2, 3, 31]","[2, 3, 5, 7, 23, 31]",False,1,"[[[1], [-2], [1]], [[1], [2], [1]], [[1], [0], [-1]], [[1], [0], [-1]], [[1], [0], [1]], [[1]], [[1], [-1]], [[1], [1]]]",null,0
2.1489.3t2.a,1489,[1489],[1489],True,1,"[[[1], [-2], [1]], [[1], [0], [-1]], [[1], [1], [1]], [[1], [-1]]]",null,0
2.1491.3t2.a,1491,"[3, 7, 71]","[2, 3, 7, 71]",False,1,"[[[1], [-2], [1]], [[1], [0], [-1]], [[1], [1], [1]], [[1], [-1]]]","[[1, 0, -1], [1, -1], [1, 1, 1], [1, -1], [1, 1, 1], [1, 1, 1], [1, 0, -1], [1, 0, -1], [1, -2, 1], [1, 0, -1], [1, 1, 1], [1, 1, 1], [1, 0, -1], [1, 1, 1], [1, 0, -1], [1, 1, 1], [1, 0, -1], [1, 1, 1], [1, 0, -1], [1, -1], [1, 0, -1], [1, 1, 1], [1, 1, 1], [1, 1, 1], [1, -2, 1], [1, 1, 1], [1, 0, -1], [1, 0, -1], [1, 1, 1], [1, 1, 1]]",0
2.1491.6t3.a,1491,"[3, 7, 71]","[2, 3, 7, 71]",False,1,"[[[1], [-2], [1]], [[1], [2], [1]], [[1], [0], [-1]], [[1], [0], [-1]], [[1], [1], [1]], [[1], [-1], [1]], [[1], [-1]], [[1], [1]]]","[[1, 0, -1], [1, -1], [1, 1, 1], [1, 1], [1, -1, 1], [1, -1, 1], [1, 0, -1], [1, 0, -1], [1, 2, 1], [1, 0, -1], [1, -1, 1], [1, 1, 1], [1, 0, -1], [1, 1, 1], [1, 0, -1], [1, -1, 1], [1, 0, -1], [1, -1, 1], [1, 0, -1], [1, 1], [1, 0, -1], [1, 1, 1], [1, 1, 1], [1, 1, 1], [1, 2, 1], [1, 1, 1], [1, 0, -1], [1, 0, -1], [1, 1, 1], [1, -1, 1]]",0
2.1491.6t3.b,1491,"[3, 7, 71]","[2, 3, 7, 23, 71]",False,1,"[[[1], [-2], [1]], [[1], [2], [1]], [[1], [0], [-1]], [[1], [0], [-1]], [[1], [1], [1]], [[1], [-1], [1]], [[1], [1]], [[1], [-1]]]",null,0
2.1491.6t3.c,1491,"[3, 7, 71]","[2, 3, 7, 23, 71]",False,1,"[[[1], [-2], [1]], [[1], [2], [1]], [[1], [0], [-1]], [[1], [0], [-1]], [[1], [1], [1]], [[1], [-1], [1]], [[1], [1]], [[1], [-1]]]","[[1, 0, -1], [1, 1], [1, -1, 1], [1, -1], [1, -1, 1], [1, 1, 1], [1, 0, -1], [1, 0, -1], [1, 2, 1], [1, 0, -1], [1, 1, 1], [1, 1, 1], [1, 0, -1], [1, 1, 1], [1, 0, -1], [1, -1, 1], [1, 0, -1], [1, 1, 1], [1, 0, -1], [1, 1], [1, 0, -1], [1, 1, 1], [1, -1, 1], [1, -1, 1], [1, -2, 1], [1, -1, 1], [1, 0, -1], [1, 0, -1], [1, 1, 1], [1, -1, 1]]",0
2.1491.6t3.d,1491,"[3, 7, 71]","[2, 3, 7, 71]",False,1,"[[[1], [-2], [1]], [[1], [2], [1]], [[1], [0], [-1]], [[1], [0], [-1]], [[1], [1], [1]], [[1], [-1], [1]], [[1], [-1]], [[1], [1]]]",null,0
2.1491.6t3.e,1491,"[3, 7, 71]","[2, 3, 7, 71]",False,1,"[[[1], [-2], [1]], [[1], [2], [1]], [[1], [0], [-1]], [[1], [0], [-1]], [[1], [1], [1]], [[1], [-1], [1]], [[1], [1]], [[1], [-1]]]","[[1, 0, -1], [1, 1], [1, -1, 1], [1, 1], [1, 1, 1], [1, -1, 1], [1, 0, -1], [1, 0, -1], [1, -2, 1], [1, 0, -1], [1, -1, 1], [1, 1, 1], [1, 0, -1], [1, 1, 1], [1, 0, -1], [1, 1, 1], [1, 0, -1], [1, -1, 1], [1, 0, -1], [1, -1], [1, 0, -1], [1, 1, 1], [1, -1, 1], [1, -1, 1], [1, 2, 1], [1, -1, 1], [1, 0, -1], [1, 0, -1], [1, 1, 1], [1, 1, 1]]",0
2.1491.6t3.f,1491,"[3, 7, 71]","[2, 3, 7, 71]",False,1,"[[[1], [-2], [1]], [[1], [2], [1]], [[1], [0], [-1]], [[1], [0], [-1]], [[1], [1], [1]], [[1], [-1], [1]], [[1], [1]], [[1], [-1]]]",null,0
2.1492.3t2.a,1492,"[2, 373]","[2, 373]",True,1,"[[[1], [-2], [1]], [[1], [0], [-1]], [[1], [1], [1]], [[1]], [[1], [-1]]]",null,0
2.1504.4t3.a,1504,"[2, 47]","[2, 3, 7, 47, 71]",False,1,"[[[1], [-2], [1]], [[1], [2], [1]], [[1], [0], [-1]], [[1], [0], [-1]], [[1], [0], [1]], [[1]], [[1], [1]]]",null,0
2.1504.4t3.b,1504,"[2, 47]","[2, 3, 7, 47]",False,1,"[[[1], [-2], [1]], [[1], [2], [1]], [[1], [0], [-1]], [[1], [0], [-1]], [[1], [0], [1]], [[1]], [[1], [1]]]","[[1], [1, 0, -1], [1, 0, 1], [1, -2, 1], [1, 0, 1], [1, 0, 1], [1, 2, 1], [1, 0, 1], [1, 0, -1], [1, 0, 1], [1, 0, -1], [1, 0, -1], [1, 0, -1], [1, 0, 1], [1, 1], [1, 0, -1], [1, 0, -1], [1, 0, -1], [1, 0, 1], [1, -2, 1], [1, 0, -1], [1, 2, 1], [1, 0, -1], [1, 2, 1], [1, -2, 1], [1, 0, -1], [1, 2, 1], [1, 0, 1], [1, 0, 1], [1, 0, -1]]",0
2.1504.4t3.c,1504,"[2, 47]","[2, 3, 47]",False,1,"[[[1], [-2], [1]], [[1], [2], [1]], [[1], [0], [-1]], [[1], [0], [-1]], [[1], [0], [1]], [[1]], [[1], [1]]]",null,0
2.1507.4t3.a,1507,"[11, 137]","[7, 11, 137]",False,1,"[[[1], [-2], [1]], [[1], [2], [1]], [[1], [0], [-1]], [[1], [0], [-1]], [[1], [0], [1]], [[1], [1]]]",null,0
2.1507.4t3.b,1507,"[11, 137]","[2, 3, 7, 11, 97, 137]",False,1,"[[[1], [-2], [1]], [[1], [2], [1]], [[1], [0], [-1]], [[1], [0], [-1]], [[1], [0], [1]], [[1], [1]]]",null,0
2.1507.4t3.c,1507,"[11, 137]","[2, 11, 137]",False,1,"[[[1], [-2], [1]], [[1], [2], [1]], [[1], [0], [-1]], [[1], [0], [-1]], [[1], [0], [1]], [[1], [1]]]","[[1, 0, -1], [1, 0, -1], [1, 0, -1], [1, 0, -1], [1, 1], [1, 0, 1], [1, 0, -1], [1, 0, -1], [1, 0, -1], [1, 0, 1], [1, 0, -1], [1, 2, 1], [1, 0, 1], [1, 0, 1], [1, 0, -1], [1, 0, -1], [1, 2, 1], [1, 0, -1], [1, 0, -1], [1, 0, -1], [1, 0, -1], [1, 0, 1], [1, 0, 1], [1, 0, -1], [1, 0, -1], [1, 0, -1], [1, 2, 1], [1, 0, -1], [1, 0, -1], [1, 0, -1]]",0
2.1508.4t3.a,1508,"[2, 13, 29]","[2, 13, 29]",False,1,"[[[1], [-2], [1]], [[1], [2], [1]], [[1], [0], [-1]], [[1], [0], [-1]], [[1], [0], [1]], [[1], [1]], [[1], [-1]]]","[[1, 1], [1, 0, 1], [1, 0, -1], [1, 0, 1], [1, 0, -1], [1, -1], [1, 0, -1], [1, 0, -1], [1, 0, -1], [1, -1], [1, 0, -1], [1, -2, 1], [1, -2, 1], [1, 0, 1], [1, 0, -1], [1, 2, 1], [1, 0, 1], [1, 0, -1], [1, 0, 1], [1, 0, 1], [1, 2, 1], [1, 0, 1], [1, 0, 1], [1, -2, 1], [1, -2, 1], [1, 0, -1], [1, 0, -1], [1, 0, -1], [1, 0, -1], [1, 0, -1]]",0
2.1508.4t3.b,1508,"[2, 13, 29]","[2, 13, 29]",False,1,"[[[1], [-2], [1]], [[1], [2], [1]], [[1], [0], [-1]], [[1], [0], [-1]], [[1], [0], [1]], [[1], [-1]]]","[[1, -1], [1, 0, 1], [1, 0, -1], [1, 0, 1], [1, 0, -1], [1, -1], [1, 0, -1], [1, 0, -1], [1, 0, -1], [1, -1], [1, 0, -1], [1, 2, 1], [1, 2, 1], [1, 0, 1], [1, 0, -1], [1, 2, 1], [1, 0, 1], [1, 0, -1], [1, 0, 1], [1, 0, 1], [1, -2, 1], [1, 0, 1], [1, 0, 1], [1, 2, 1], [1, 2, 1], [1, 0, -1], [1, 0, -1], [1, 0, -1], [1, 0, -1], [1, 0, -1]]",0
2.1508.4t3.c,1508,"[2, 13, 29]","[2, 11, 13, 19, 29, 66533]",False,1,"[[[1], [-2], [1]], [[1], [2], [1]], [[1], [0], [-1]], [[1], [0], [-1]], [[1], [0], [1]], [[1], [1]], [[1], [-1]]]",null,0
2.1508.4t3.d,1508,"[2, 13, 29]","[2, 11, 13, 19, 23, 29, 47, 1733]",False,1,"[[[1], [-2], [1]], [[1], [2], [1]], [[1], [0], [-1]], [[1], [0], [-1]], [[1], [0], [1]], [[1], [-1]]]",null,0
2.1508.4t3.e,1508,"[2, 13, 29]","[2, 13, 29]",False,1,"[[[1], [-2], [1]], [[1], [2], [1]], [[1], [0], [-1]], [[1], [0], [-1]], [[1], [0], [1]], [[1], [1]], [[1], [-1]]]",null,0
2.1508.4t3.f,1508,"[2, 13, 29]","[2, 13, 29]",False,1,"[[[1], [-2], [1]], [[1], [2], [1]], [[1], [0], [-1]], [[1], [0], [-1]], [[1], [0], [1]], [[1], [-1]]]",null,0
2.1509.3t2.a,1509,"[3, 503]","[3, 503]",True,1,"[[[1], [-2], [1]], [[1], [0], [-1]], [[1], [1], [1]], [[1], [-1]]]",null,0
2.1509.6t3.a,1509,"[3, 503]","[2, 3, 503]",True,1,"[[[1], [-2], [1]], [[1], [2], [1]], [[1], [0], [-1]], [[1], [0], [-1]], [[1], [1], [1]], [[1], [-1], [1]], [[1], [-1]], [[1], [1]]]",null,0
2.1509.6t3.b,1509,"[3, 503]","[2, 3, 19, 503]",True,1,"[[[1], [-2], [1]], [[1], [2], [1]], [[1], [0], [-1]], [[1], [0], [-1]], [[1], [1], [1]], [[1], [-1], [1]], [[1], [-1]], [[1], [1]]]",null,0
2.1512.3t2.a,1512,"[2, 3, 7]","[2, 3, 7]",False,1,"[[[1], [-2], [1]], [[1], [0], [-1]], [[1], [1], [1]], [[1], [-1]], [[1]]]","[[1, -1], [1], [1, 0, -1], [1, -1], [1, 0, -1], [1, 1, 1], [1, 1, 1], [1, 0, -1], [1, 1, 1], [1, 1, 1], [1, 1, 1], [1, 0, -1], [1, -2, 1], [1, 1, 1], [1, 0, -1], [1, 1, 1], [1, 1, 1], [1, -2, 1], [1, 1, 1], [1, 1, 1], [1, 0, -1], [1, 0, -1], [1, -2, 1], [1, 1, 1], [1, 0, -1], [1, 0, -1], [1, 1, 1], [1, 0, -1], [1, 0, -1], [1, 0, -1]]",0
2.1512.6t3.a,1512,"[2, 3, 7]","[2, 3, 5, 7, 41]",False,1,"[[[1], [-2], [1]], [[1], [2], [1]], [[1], [0], [-1]], [[1], [0], [-1]], [[1], [1], [1]], [[1], [-1], [1]], [[1], [1]], [[1]]]","[[1, 1], [1], [1, 0, -1], [1, 1], [1, 0, -1], [1, -1, 1], [1, 1, 1], [1, 0, -1], [1, -1, 1], [1, -1, 1], [1, -1, 1], [1, 0, -1], [1, -2, 1], [1, 1, 1], [1, 0, -1], [1, -1, 1], [1, 1, 1], [1, 2, 1], [1, 1, 1], [1, -1, 1], [1, 0, -1], [1, 0, -1], [1, -2, 1], [1, 1, 1], [1, 0, -1], [1, 0, -1], [1, -1, 1], [1, 0, -1], [1, 0, -1], [1, 0, -1]]",0
2.1512.6t3.b,1512,"[2, 3, 7]","[2, 3, 5, 7]",False,1,"[[[1], [-2], [1]], [[1], [2], [1]], [[1], [0], [-1]], [[1], [0], [-1]], [[1], [1], [1]], [[1], [-1], [1]], [[1], [1]], [[1]], [[1], [-1]]]","[[1, 1], [1], [1, 0, -1], [1, -1], [1, 0, -1], [1, 1, 1], [1, -1, 1], [1, 0, -1], [1, -1, 1], [1, -1, 1], [1, 1, 1], [1, 0, -1], [1, 2, 1], [1, 1, 1], [1, 0, -1], [1, -1, 1], [1, -1, 1], [1, -2, 1], [1, 1, 1], [1, -1, 1], [1, 0, -1], [1, 0, -1], [1, 2, 1], [1, -1, 1], [1, 0, -1], [1, 0, -1], [1, 1, 1], [1, 0, -1], [1, 0, -1], [1, 0, -1]]",0
2.1512.6t3.c,1512,"[2, 3, 7]","[2, 3, 5, 7]",False,1,"[[[1], [-2], [1]], [[1], [2], [1]], [[1], [0], [-1]], [[1], [0], [-1]], [[1], [1], [1]], [[1], [-1], [1]], [[1], [-1]], [[1]], [[1], [1]]]","[[1, -1], [1], [1, 0, -1], [1, 1], [1, 0, -1], [1, -1, 1], [1, -1, 1], [1, 0, -1], [1, 1, 1], [1, 1, 1], [1, -1, 1], [1, 0, -1], [1, 2, 1], [1, 1, 1], [1, 0, -1], [1, 1, 1], [1, -1, 1], [1, 2, 1], [1, 1, 1], [1, 1, 1], [1, 0, -1], [1, 0, -1], [1, 2, 1], [1, -1, 1], [1, 0, -1], [1, 0, -1], [1, -1, 1], [1, 0, -1], [1, 0, -1], [1, 0, -1]]",0
2.1512.6t3.d,1512,"[2, 3, 7]","[2, 3, 5, 7, 11]",False,1,"[[[1], [-2], [1]], [[1], [2], [1]], [[1], [0], [-1]], [[1], [0], [-1]], [[1], [1], [1]], [[1], [-1], [1]], [[1], [-1]], [[1]], [[1], [1]]]",null,0
2.1512.6t3.e,1512,"[2, 3, 7]","[2, 3, 7]",False,1,"[[[1], [-2], [1]], [[1], [2], [1]], [[1], [0], [-1]], [[1], [0], [-1]], [[1], [1], [1]], [[1], [-1], [1]], [[1], [1]], [[1]], [[1], [-1]]]",null,0
2.1512.6t3.f,1512,"[2, 3, 7]","[2, 3, 5, 7]",False,1,"[[[1], [-2], [1]], [[1], [2], [1]], [[1], [0], [-1]], [[1], [0], [-1]], [[1], [1], [1]], [[1], [-1], [1]], [[1], [1]], [[1]]]",null,0
2.1513.4t3.a,1513,"[17, 89]","[2, 17, 89, 443]",True,1,"[[[1], [-2], [1]], [[1], [2], [1]], [[1], [0], [-1]], [[1], [0], [-1]], [[1], [0], [1]], [[1], [-1]], [[1], [1]]]",null,0
2.1513.4t3.b,1513,"[17, 89]","[2, 17, 89]",True,1,"[[[1], [-2], [1]], [[1], [2], [1]], [[1], [0], [-1]], [[1], [0], [-1]], [[1], [0], [1]], [[1], [-1]], [[1], [1]]]",null,0
2.1513.4t3.c,1513,"[17, 89]","[2, 17, 89]",True,1,"[[[1], [-2], [1]], [[1], [2], [1]], [[1], [0], [-1]], [[1], [0], [-1]], [[1], [0], [1]], [[1], [-1]], [[1], [1]]]",null,0
2.1515.3t2.a,1515,"[3, 5, 101]","[3, 5, 101]",False,1,"[[[1], [-2], [1]], [[1], [0], [-1]], [[1], [1], [1]], [[1], [-1]]]","[[1, 0, -1], [1, -1], [1, -1], [1, 1, 1], [1, 1, 1], [1, 0, -1], [1, 1, 1], [1, 1, 1], [1, 1, 1], [1, -2, 1], [1, 1, 1], [1, 0, -1], [1, 1, 1], [1, 0, -1], [1, 1, 1], [1, 0, -1], [1, -2, 1], [1, 0, -1], [1, 1, 1], [1, 0, -1], [1, 1, 1], [1, 1, 1], [1, 0, -1], [1, 1, 1], [1, 0, -1], [1, -1], [1, 1, 1], [1, -2, 1], [1, 0, -1], [1, 0, -1]]",0
2.1515.6t3.a,1515,"[3, 5, 101]","[2, 3, 5, 101, 419]",False,1,"[[[1], [-2], [1]], [[1], [2], [1]], [[1], [0], [-1]], [[1], [0], [-1]], [[1], [1], [1]], [[1], [-1], [1]], [[1], [1]], [[1], [-1]]]",null,0
2.1515.6t3.b,1515,"[3, 5, 101]","[2, 3, 5, 101]",False,1,"[[[1], [-2], [1]], [[1], [2], [1]], [[1], [0], [-1]], [[1], [0], [-1]], [[1], [1], [1]], [[1], [-1], [1]], [[1], [1]], [[1], [-1]]]",null,0
2.1515.6t3.c,1515,"[3, 5, 101]","[2, 3, 5, 101]",False,1,"[[[1], [-2], [1]], [[1], [2], [1]], [[1], [0], [-1]], [[1], [0], [-1]], [[1], [1], [1]], [[1], [-1], [1]], [[1], [-1]], [[1], [1]]]","[[1, 0, -1], [1, -1], [1, 1], [1, 1, 1], [1, -1, 1], [1, 0, -1], [1, -1, 1], [1, 1, 1], [1, -1, 1], [1, 2, 1], [1, 1, 1], [1, 0, -1], [1, -1, 1], [1, 0, -1], [1, -1, 1], [1, 0, -1], [1, 2, 1], [1, 0, -1], [1, 1, 1], [1, 0, -1], [1, 1, 1], [1, 1, 1], [1, 0, -1], [1, -1, 1], [1, 0, -1], [1, 1], [1, 1, 1], [1, 2, 1], [1, 0, -1], [1, 0, -1]]",0
2.1515.6t3.d,1515,"[3, 5, 101]","[2, 3, 5, 37, 101]",False,1,"[[[1], [-2], [1]], [[1], [2], [1]], [[1], [0], [-1]], [[1], [0], [-1]], [[1], [1], [1]], [[1], [-1], [1]], [[1], [-1]], [[1], [1]]]",null,0
2.1515.6t3.e,1515,"[3, 5, 101]","[2, 3, 5, 101]",False,1,"[[[1], [-2], [1]], [[1], [2], [1]], [[1], [0], [-1]], [[1], [0], [-1]], [[1], [1], [1]], [[1], [-1], [1]], [[1], [1]], [[1], [-1]]]","[[1, 0, -1], [1, 1], [1, 1], [1, -1, 1], [1, 1, 1], [1, 0, -1], [1, -1, 1], [1, 1, 1], [1, -1, 1], [1, -2, 1], [1, 1, 1], [1, 0, -1], [1, 1, 1], [1, 0, -1], [1, -1, 1], [1, 0, -1], [1, -2, 1], [1, 0, -1], [1, -1, 1], [1, 0, -1], [1, -1, 1], [1, 1, 1], [1, 0, -1], [1, 1, 1], [1, 0, -1], [1, -1], [1, -1, 1], [1, 2, 1], [1, 0, -1], [1, 0, -1]]",0
2.1515.6t3.f,1515,"[3, 5, 101]","[2, 3, 5, 101]",False,1,"[[[1], [-2], [1]], [[1], [2], [1]], [[1], [0], [-1]], [[1], [0], [-1]], [[1], [1], [1]], [[1], [-1], [1]], [[1], [1]], [[1], [-1]]]","[[1, 0, -1], [1, 1], [1, -1], [1, -1, 1], [1, -1, 1], [1, 0, -1], [1, 1, 1], [1, 1, 1], [1, 1, 1], [1, 2, 1], [1, 1, 1], [1, 0, -1], [1, -1, 1], [1, 0, -1], [1, 1, 1], [1, 0, -1], [1, 2, 1], [1, 0, -1], [1, -1, 1], [1, 0, -1], [1, -1, 1], [1, 1, 1], [1, 0, -1], [1, -1, 1], [1, 0, -1], [1, 1], [1, -1, 1], [1, -2, 1], [1, 0, -1], [1, 0, -1]]",0
2.1517.4t3.a,1517,"[37, 41]","[2, 7, 37, 41]",True,1,"[[[1], [-2], [1]], [[1], [2], [1]], [[1], [0], [-1]], [[1], [0], [-1]], [[1], [0], [1]], [[1], [1]], [[1], [-1]]]",null,0
2.1517.4t3.b,1517,"[37, 41]","[2, 37, 41]",True,1,"[[[1], [-2], [1]], [[1], [2], [1]], [[1], [0], [-1]], [[1], [0], [-1]], [[1], [0], [1]], [[1], [1]], [[1], [-1]]]",null,0
2.1517.4t3.c,1517,"[37, 41]","[2, 3, 5, 7, 37, 41, 1699]",True,1,"[[[1], [-2], [1]], [[1], [2], [1]], [[1], [0], [-1]], [[1], [0], [-1]], [[1], [0], [1]], [[1], [1]], [[1], [-1]]]",null,0
2.1519.6t3.a,1519,"[7, 31]","[2, 3, 7, 31, 1301]",False,1,"[[[1], [-2], [1]], [[1], [2], [1]], [[1], [0], [-1]], [[1], [0], [-1]], [[1], [1], [1]], [[1], [-1], [1]], [[1]], [[1], [1]]]",null,0
2.1519.6t3.b,1519,"[7, 31]","[2, 3, 7, 31]",False,1,"[[[1], [-2], [1]], [[1], [2], [1]], [[1], [0], [-1]], [[1], [0], [-1]], [[1], [1], [1]], [[1], [-1], [1]], [[1]], [[1], [1]]]","[[1, 1, 1], [1, 0, -1], [1, -1, 1], [1], [1, 0, -1], [1, 0, -1], [1, 0, -1], [1, -1, 1], [1, 0, -1], [1, 0, -1], [1, 1], [1, 0, -1], [1, -1, 1], [1, 0, -1], [1, 2, 1], [1, 0, -1], [1, -1, 1], [1, 0, -1], [1, -2, 1], [1, 1, 1], [1, 0, -1], [1, 0, -1], [1, 0, -1], [1, 0, -1], [1, -1, 1], [1, -1, 1], [1, -1, 1], [1, 1, 1], [1, 1, 1], [1, 1, 1]]",0
2.1520.4t3.a,1520,"[2, 5, 19]","[2, 5, 11, 19]",False,1,"[[[1], [-2], [1]], [[1], [2], [1]], [[1], [0], [-1]], [[1], [0], [-1]], [[1], [0], [1]], [[1]], [[1], [-1]], [[1], [1]]]",null,0
2.1520.4t3.b,1520,"[2, 5, 19]","[2, 5, 19]",False,1,"[[[1], [-2], [1]], [[1], [2], [1]], [[1], [0], [-1]], [[1], [0], [-1]], [[1], [0], [1]], [[1]], [[1], [-1]], [[1], [1]]]","[[1], [1, 0, 1], [1, -1], [1, 0, -1], [1, -2, 1], [1, 0, 1], [1, 0, -1], [1, 1], [1, 0, -1], [1, 0, -1], [1, 0, -1], [1, 0, 1], [1, 0, -1], [1, 0, -1], [1, 0, -1], [1, 0, 1], [1, 0, -1], [1, 2, 1], [1, 0, 1], [1, 0, -1], [1, 0, -1], [1, 0, -1], [1, 0, -1], [1, 0, -1], [1, 0, 1], [1, 2, 1], [1, 0, 1], [1, 0, 1], [1, 0, -1], [1, 0, 1]]",0
2.1520.4t3.c,1520,"[2, 5, 19]","[2, 3, 5, 19]",True,1,"[[[1], [-2], [1]], [[1], [2], [1]], [[1], [0], [-1]], [[1], [0], [-1]], [[1], [0], [1]], [[1]], [[1], [1]], [[1], [-1]]]",null,0
2.1520.4t3.d,1520,"[2, 5, 19]","[2, 5, 19]",True,1,"[[[1], [-2], [1]], [[1], [2], [1]], [[1], [0], [-1]], [[1], [0], [-1]], [[1], [0], [1]], [[1]], [[1], [1]]]",null,0
2.1520.4t3.e,1520,"[2, 5, 19]","[2, 3, 5, 19]",True,1,"[[[1], [-2], [1]], [[1], [2], [1]], [[1], [0], [-1]], [[1], [0], [-1]], [[1], [0], [1]], [[1]], [[1], [1]], [[1], [-1]]]",null,0
2.1520.4t3.f,1520,"[2, 5, 19]","[2, 3, 5, 19]",True,1,"[[[1], [-2], [1]], [[1], [2], [1]], [[1], [0], [-1]], [[1], [0], [-1]], [[1], [0], [1]], [[1]], [[1], [1]]]",null,0
2.1520.4t3.g,1520,"[2, 5, 19]","[2, 3, 5, 19]",True,1,"[[[1], [-2], [1]], [[1], [2], [1]], [[1], [0], [-1]], [[1], [0], [-1]], [[1], [0], [1]], [[1]], [[1], [1]], [[1], [-1]]]",null,0
2.1520.4t3.h,1520,"[2, 5, 19]","[2, 3, 5, 19]",True,1,"[[[1], [-2], [1]], [[1], [2], [1]], [[1], [0], [-1]], [[1], [0], [-1]], [[1], [0], [1]], [[1]], [[1], [1]]]",null,0
2.1520.4t3.i,1520,"[2, 5, 19]","[2, 5, 19]",False,1,"[[[1], [-2], [1]], [[1], [2], [1]], [[1], [0], [-1]], [[1], [0], [-1]], [[1], [0], [1]], [[1]], [[1], [-1]], [[1], [1]]]",null,0
2.1524.3t2.a,1524,"[2, 3, 127]","[2, 3, 127]",True,1,"[[[1], [-2], [1]], [[1], [0], [-1]], [[1], [1], [1]], [[1]], [[1], [-1]]]",null,0
2.1524.6t3.a,1524,"[2, 3, 127]","[2, 3, 127, 131]",True,1,"[[[1], [-2], [1]], [[1], [2], [1]], [[1], [0], [-1]], [[1], [0], [-1]], [[1], [1], [1]], [[1], [-1], [1]], [[1]], [[1], [1]], [[1], [-1]]]",null,0
2.1524.6t3.b,1524,"[2, 3, 127]","[2, 3, 7, 127]",True,1,"[[[1], [-2], [1]], [[1], [2], [1]], [[1], [0], [-1]], [[1], [0], [-1]], [[1], [1], [1]], [[1], [-1], [1]], [[1]], [[1], [1]], [[1], [-1]]]",null,0
2.1525.4t3.a,1525,"[5, 61]","[5, 61]",True,1,"[[[1], [-2], [1]], [[1], [2], [1]], [[1], [0], [-1]], [[1], [0], [-1]], [[1], [0], [1]], [[1]], [[1], [1]]]",null,0
2.1525.4t3.b,1525,"[5, 61]","[2, 5, 61]",True,1,"[[[1], [-2], [1]], [[1], [2], [1]], [[1], [0], [-1]], [[1], [0], [-1]], [[1], [0], [1]], [[1]], [[1], [1]]]",null,0
2.1525.4t3.c,1525,"[5, 61]","[2, 5, 7, 61]",True,1,"[[[1], [-2], [1]], [[1], [2], [1]], [[1], [0], [-1]], [[1], [0], [-1]], [[1], [0], [1]], [[1]], [[1], [1]]]",null,0
2.1528.4t3.a,1528,"[2, 191]","[2, 5, 191]",False,1,"[[[1], [-2], [1]], [[1], [2], [1]], [[1], [0], [-1]], [[1], [0], [-1]], [[1], [0], [1]], [[1], [-1]]]",null,0
2.1528.4t3.b,1528,"[2, 191]","[2, 3, 5, 7, 191]",False,1,"[[[1], [-2], [1]], [[1], [2], [1]], [[1], [0], [-1]], [[1], [0], [-1]], [[1], [0], [1]], [[1], [-1]]]",null,0
2.1528.4t3.c,1528,"[2, 191]","[2, 3, 191]",False,1,"[[[1], [-2], [1]], [[1], [2], [1]], [[1], [0], [-1]], [[1], [0], [-1]], [[1], [0], [1]], [[1], [-1]]]","[[1, -1], [1, 0, -1], [1, 0, -1], [1, 0, -1], [1, 0, 1], [1, 0, -1], [1, 2, 1], [1, 0, 1], [1, 2, 1], [1, 0, 1], [1, 0, -1], [1, 0, 1], [1, 0, -1], [1, 0, -1], [1, 0, -1], [1, 0, 1], [1, 0, -1], [1, 0, 1], [1, 0, -1], [1, 0, -1], [1, 0, -1], [1, 2, 1], [1, 0, 1], [1, 0, -1], [1, 2, 1], [1, 0, 1], [1, 2, 1], [1, 0, -1], [1, 0, -1], [1, 0, -1]]",0
2.1537.4t3.a,1537,"[29, 53]","[5, 29, 53]",True,1,"[[[1], [-2], [1]], [[1], [2], [1]], [[1], [0], [-1]], [[1], [0], [-1]], [[1], [0], [1]], [[1], [-1]], [[1], [1]]]",null,0
2.1537.4t3.b,1537,"[29, 53]","[2, 5, 7, 13, 23, 29, 53, 113, 551671]",True,1,"[[[1], [-2], [1]], [[1], [2], [1]], [[1], [0], [-1]], [[1], [0], [-1]], [[1], [0], [1]], [[1], [-1]], [[1], [1]]]",null,0
2.1537.4t3.c,1537,"[29, 53]","[29, 53]",True,1,"[[[1], [-2], [1]], [[1], [2], [1]], [[1], [0], [-1]], [[1], [0], [-1]], [[1], [0], [1]], [[1], [-1]], [[1], [1]]]",null,0
2.1539.3t2.a,1539,"[3, 19]","[2, 3, 5, 19]",False,1,"[[[1], [-2], [1]], [[1], [0], [-1]], [[1], [1], [1]], [[1]], [[1], [-1]]]",null,0
2.1539.3t2.b,1539,"[3, 19]","[3, 19]",False,1,"[[[1], [-2], [1]], [[1], [0], [-1]], [[1], [1], [1]], [[1]], [[1], [-1]]]","[[1, 0, -1], [1], [1, -2, 1], [1, 1, 1], [1, 1, 1], [1, 0, -1], [1, 1, 1], [1, -1], [1, 1, 1], [1, 0, -1], [1, 0, -1], [1, 0, -1], [1, 0, -1], [1, 1, 1], [1, 1, 1], [1, 0, -1], [1, 0, -1], [1, 1, 1], [1, 0, -1], [1, 0, -1], [1, 1, 1], [1, 0, -1], [1, -2, 1], [1, 0, -1], [1, 0, -1], [1, 1, 1], [1, 0, -1], [1, 0, -1], [1, 0, -1], [1, 0, -1]]",0
2.1539.6t3.a,1539,"[3, 19]","[2, 3, 5, 19]",False,1,"[[[1], [-2], [1]], [[1], [2], [1]], [[1], [0], [-1]], [[1], [0], [-1]], [[1], [1], [1]], [[1], [-1], [1]], [[1]], [[1], [-1]]]",null,0
2.1539.6t3.b,1539,"[3, 19]","[2, 3, 5, 19]",False,1,"[[[1], [-2], [1]], [[1], [2], [1]], [[1], [0], [-1]], [[1], [0], [-1]], [[1], [1], [1]], [[1], [-1], [1]], [[1]], [[1], [-1]]]","[[1, 0, -1], [1], [1, 2, 1], [1, 1, 1], [1, -1, 1], [1, 0, -1], [1, -1, 1], [1, -1], [1, -1, 1], [1, 0, -1], [1, 0, -1], [1, 0, -1], [1, 0, -1], [1, 1, 1], [1, -1, 1], [1, 0, -1], [1, 0, -1], [1, 1, 1], [1, 0, -1], [1, 0, -1], [1, 1, 1], [1, 0, -1], [1, 2, 1], [1, 0, -1], [1, 0, -1], [1, -1, 1], [1, 0, -1], [1, 0, -1], [1, 0, -1], [1, 0, -1]]",0
2.1544.4t3.a,1544,"[2, 193]","[2, 3, 193]",False,1,"[[[1], [-2], [1]], [[1], [2], [1]], [[1], [0], [-1]], [[1], [0], [-1]], [[1], [0], [1]], [[1], [1]]]",null,0
2.1544.4t3.b,1544,"[2, 193]","[2, 3, 193, 433]",False,1,"[[[1], [-2], [1]], [[1], [2], [1]], [[1], [0], [-1]], [[1], [0], [-1]], [[1], [0], [1]], [[1], [1]]]",null,0
2.1544.4t3.c,1544,"[2, 193]","[2, 3, 7, 71, 193]",True,1,"[[[1], [-2], [1]], [[1], [2], [1]], [[1], [0], [-1]], [[1], [0], [-1]], [[1], [0], [1]], [[1], [-1]], [[1], [1]]]",null,0
2.1544.4t3.d,1544,"[2, 193]","[2, 193]",True,1,"[[[1], [-2], [1]], [[1], [2], [1]], [[1], [0], [-1]], [[1], [0], [-1]], [[1], [0], [1]], [[1], [-1]], [[1], [1]]]",null,0
2.1544.4t3.e,1544,"[2, 193]","[2, 193]",False,1,"[[[1], [-2], [1]], [[1], [2], [1]], [[1], [0], [-1]], [[1], [0], [-1]], [[1], [0], [1]], [[1], [1]]]","[[1, 1], [1, 2, 1], [1, 0, 1], [1, 0, -1], [1, 0, -1], [1, 0, 1], [1, 0, -1], [1, 0, -1], [1, 0, -1], [1, 0, 1], [1, 0, -1], [1, 0, 1], [1, 0, -1], [1, -2, 1], [1, 0, 1], [1, 0, 1], [1, 2, 1], [1, 0, 1], [1, -2, 1], [1, 0, 1], [1, 0, -1], [1, 0, 1], [1, -2, 1], [1, 0, -1], [1, -2, 1], [1, 0, -1], [1, 0, 1], [1, -2, 1], [1, 0, -1], [1, 0, -1]]",0
2.1544.4t3.f,1544,"[2, 193]","[2, 193]",True,1,"[[[1], [-2], [1]], [[1], [2], [1]], [[1], [0], [-1]], [[1], [0], [-1]], [[1], [0], [1]], [[1], [-1]], [[1], [1]]]",null,0
2.1547.3t2.a,1547,"[7, 13, 17]","[7, 13, 17]",False,1,"[[[1], [-2], [1]], [[1], [0], [-1]], [[1], [1], [1]], [[1], [-1]]]","[[1, 0, -1], [1, 1, 1], [1, 0, -1], [1, -1], [1, 1, 1], [1, -1], [1, -1], [1, 1, 1], [1, 0, -1], [1, 0, -1], [1, 0, -1], [1, 1, 1], [1, 0, -1], [1, 1, 1], [1, 1, 1], [1, 1, 1], [1, -2, 1], [1, -2, 1], [1, 0, -1], [1, -2, 1], [1, 0, -1], [1, 0, -1], [1, 1, 1], [1, 1, 1], [1, 0, -1], [1, 0, -1], [1, 0, -1], [1, 0, -1], [1, 1, 1], [1, 0, -1]]",0
2.1547.6t3.a,1547,"[7, 13, 17]","[2, 5, 7, 13, 17, 31]",False,1,"[[[1], [-2], [1]], [[1], [2], [1]], [[1], [0], [-1]], [[1], [0], [-1]], [[1], [1], [1]], [[1], [-1], [1]], [[1], [-1]], [[1], [1]]]",null,0
2.1547.6t3.b,1547,"[7, 13, 17]","[2, 7, 13, 17]",False,1,"[[[1], [-2], [1]], [[1], [2], [1]], [[1], [0], [-1]], [[1], [0], [-1]], [[1], [1], [1]], [[1], [-1], [1]], [[1], [-1]], [[1], [1]]]","[[1, 0, -1], [1, -1, 1], [1, 0, -1], [1, -1], [1, 1, 1], [1, 1], [1, 1], [1, -1, 1], [1, 0, -1], [1, 0, -1], [1, 0, -1], [1, 1, 1], [1, 0, -1], [1, 1, 1], [1, -1, 1], [1, 1, 1], [1, 2, 1], [1, 2, 1], [1, 0, -1], [1, -2, 1], [1, 0, -1], [1, 0, -1], [1, -1, 1], [1, -1, 1], [1, 0, -1], [1, 0, -1], [1, 0, -1], [1, 0, -1], [1, 1, 1], [1, 0, -1]]",0
2.1547.6t3.c,1547,"[7, 13, 17]","[2, 7, 13, 17]",False,1,"[[[1], [-2], [1]], [[1], [2], [1]], [[1], [0], [-1]], [[1], [0], [-1]], [[1], [1], [1]], [[1], [-1], [1]], [[1], [1]], [[1], [-1]]]","[[1, 0, -1], [1, -1, 1], [1, 0, -1], [1, 1], [1, -1, 1], [1, -1], [1, 1], [1, 1, 1], [1, 0, -1], [1, 0, -1], [1, 0, -1], [1, -1, 1], [1, 0, -1], [1, 1, 1], [1, 1, 1], [1, 1, 1], [1, -2, 1], [1, 2, 1], [1, 0, -1], [1, 2, 1], [1, 0, -1], [1, 0, -1], [1, 1, 1], [1, 1, 1], [1, 0, -1], [1, 0, -1], [1, 0, -1], [1, 0, -1], [1, -1, 1], [1, 0, -1]]",0
2.1547.6t3.d,1547,"[7, 13, 17]","[2, 7, 13, 17]",False,1,"[[[1], [-2], [1]], [[1], [2], [1]], [[1], [0], [-1]], [[1], [0], [-1]], [[1], [1], [1]], [[1], [-1], [1]], [[1], [1]], [[1], [-1]]]","[[1, 0, -1], [1, 1, 1], [1, 0, -1], [1, 1], [1, -1, 1], [1, 1], [1, -1], [1, -1, 1], [1, 0, -1], [1, 0, -1], [1, 0, -1], [1, -1, 1], [1, 0, -1], [1, 1, 1], [1, -1, 1], [1, 1, 1], [1, 2, 1], [1, -2, 1], [1, 0, -1], [1, 2, 1], [1, 0, -1], [1, 0, -1], [1, -1, 1], [1, -1, 1], [1, 0, -1], [1, 0, -1], [1, 0, -1], [1, 0, -1], [1, -1, 1], [1, 0, -1]]",0
2.1547.6t3.e,1547,"[7, 13, 17]","[2, 7, 13, 17]",False,1,"[[[1], [-2], [1]], [[1], [2], [1]], [[1], [0], [-1]], [[1], [0], [-1]], [[1], [1], [1]], [[1], [-1], [1]], [[1], [1]], [[1], [-1]]]",null,0
2.1547.6t3.f,1547,"[7, 13, 17]","[2, 7, 13, 17]",False,1,"[[[1], [-2], [1]], [[1], [2], [1]], [[1], [0], [-1]], [[1], [0], [-1]], [[1], [1], [1]], [[1], [-1], [1]], [[1], [1]], [[1], [-1]]]",null,0
2.1548.6t3.a,1548,"[2, 3, 43]","[2, 3, 7, 43]",False,1,"[[[1], [-2], [1]], [[1], [2], [1]], [[1], [0], [-1]], [[1], [0], [-1]], [[1], [1], [1]], [[1], [-1], [1]], [[1]], [[1], [-1]]]",null,0
2.1548.6t3.b,1548,"[2, 3, 43]","[2, 3, 5, 43]",False,1,"[[[1], [-2], [1]], [[1], [2], [1]], [[1], [0], [-1]], [[1], [0], [-1]], [[1], [1], [1]], [[1], [-1], [1]], [[1]], [[1], [-1]]]","[[1], [1], [1, 0, -1], [1, 0, -1], [1, -1, 1], [1, 1, 1], [1, -1, 1], [1, 0, -1], [1, -1, 1], [1, 0, -1], [1, 1, 1], [1, 0, -1], [1, -1, 1], [1, -1], [1, 2, 1], [1, -1, 1], [1, 2, 1], [1, 0, -1], [1, 1, 1], [1, 0, -1], [1, 0, -1], [1, -2, 1], [1, -1, 1], [1, 0, -1], [1, 1, 1], [1, -1, 1], [1, 1, 1], [1, 2, 1], [1, 1, 1], [1, 0, -1]]",0
2.1551.4t3.a,1551,"[3, 11, 47]","[2, 3, 5, 11, 47]",False,1,"[[[1], [-2], [1]], [[1], [2], [1]], [[1], [0], [-1]], [[1], [0], [-1]], [[1], [0], [1]], [[1], [-1]], [[1], [1]]]",null,0
2.1551.4t3.b,1551,"[3, 11, 47]","[2, 3, 5, 7, 11, 23, 47]",False,1,"[[[1], [-2], [1]], [[1], [2], [1]], [[1], [0], [-1]], [[1], [0], [-1]], [[1], [0], [1]], [[1], [-1]]]",null,0
2.1551.4t3.c,1551,"[3, 11, 47]","[3, 11, 47]",False,1,"[[[1], [-2], [1]], [[1], [2], [1]], [[1], [0], [-1]], [[1], [0], [-1]], [[1], [0], [1]], [[1], [-1]], [[1], [1]]]","[[1, 0, 1], [1, -1], [1, -2, 1], [1, 0, -1], [1, 1], [1, 0, 1], [1, 0, 1], [1, 0, 1], [1, 2, 1], [1, 0, -1], [1, 0, -1], [1, 2, 1], [1, 0, -1], [1, 0, 1], [1, 1], [1, 0, -1], [1, 0, -1], [1, 0, -1], [1, 0, -1], [1, 0, -1], [1, 0, 1], [1, 0, -1], [1, 0, 1], [1, 0, -1], [1, 2, 1], [1, 0, 1], [1, -2, 1], [1, 0, -1], [1, 0, 1], [1, -2, 1]]",0
2.1551.4t3.d,1551,"[3, 11, 47]","[3, 11, 47]",False,1,"[[[1], [-2], [1]], [[1], [2], [1]], [[1], [0], [-1]], [[1], [0], [-1]], [[1], [0], [1]], [[1], [-1]]]","[[1, 0, 1], [1, -1], [1, 2, 1], [1, 0, -1], [1, -1], [1, 0, 1], [1, 0, 1], [1, 0, 1], [1, -2, 1], [1, 0, -1], [1, 0, -1], [1, 2, 1], [1, 0, -1], [1, 0, 1], [1, -1], [1, 0, -1], [1, 0, -1], [1, 0, -1], [1, 0, -1], [1, 0, -1], [1, 0, 1], [1, 0, -1], [1, 0, 1], [1, 0, -1], [1, 2, 1], [1, 0, 1], [1, -2, 1], [1, 0, -1], [1, 0, 1], [1, 2, 1]]",0
2.1551.4t3.e,1551,"[3, 11, 47]","[3, 7, 11, 47]",False,1,"[[[1], [-2], [1]], [[1], [2], [1]], [[1], [0], [-1]], [[1], [0], [-1]], [[1], [0], [1]], [[1], [-1]]]",null,0
2.1551.4t3.f,1551,"[3, 11, 47]","[3, 5, 11, 47]",False,1,"[[[1], [-2], [1]], [[1], [2], [1]], [[1], [0], [-1]], [[1], [0], [-1]], [[1], [0], [1]], [[1], [-1]], [[1], [1]]]",null,0
2.1555.4t3.a,1555,"[5, 311]","[2, 5, 311]",False,1,"[[[1], [-2], [1]], [[1], [2], [1]], [[1], [0], [-1]], [[1], [0], [-1]], [[1], [0], [1]], [[1], [1]]]","[[1, 0, -1], [1, 0, -1], [1, 1], [1, 0, -1], [1, 0, -1], [1, 0, -1], [1, 0, 1], [1, 0, -1], [1, 0, 1], [1, 0, -1], [1, 0, -1], [1, 0, 1], [1, 0, -1], [1, 0, 1], [1, 0, -1], [1, 0, -1], [1, 0, -1], [1, 0, -1], [1, 0, -1], [1, 0, -1], [1, 0, -1], [1, 2, 1], [1, 0, -1], [1, 2, 1], [1, 0, 1], [1, 0, -1], [1, 0, 1], [1, 0, -1], [1, 2, 1], [1, 0, -1]]",0
2.1555.4t3.b,1555,"[5, 311]","[2, 5, 311]",False,1,"[[[1], [-2], [1]], [[1], [2], [1]], [[1], [0], [-1]], [[1], [0], [-1]], [[1], [0], [1]], [[1], [1]]]",null,0
2.1555.4t3.c,1555,"[5, 311]","[2, 3, 5, 7, 13, 311]",False,1,"[[[1], [-2], [1]], [[1], [2], [1]], [[1], [0], [-1]], [[1], [0], [-1]], [[1], [0], [1]], [[1], [1]]]",null,0
2.1556.3t2.a,1556,"[2, 389]","[2, 389]",True,1,"[[[1], [-2], [1]], [[1], [0], [-1]], [[1], [1], [1]], [[1]], [[1], [-1]]]",null,0
2.1559.3t2.a,1559,[1559],"[2, 1559]",False,1,"[[[1], [-2], [1]], [[1], [0], [-1]], [[1], [1], [1]], [[1], [-1]]]","[[1, -2, 1], [1, 1, 1], [1, 1, 1], [1, -2, 1], [1, 1, 1], [1, 1, 1], [1, 0, -1], [1, 0, -1], [1, 0, -1], [1, 1, 1], [1, 0, -1], [1, 0, -1], [1, 1, 1], [1, 0, -1], [1, 0, -1], [1, 0, -1], [1, 0, -1], [1, 1, 1], [1, 1, 1], [1, 1, 1], [1, 0, -1], [1, 1, 1], [1, 0, -1], [1, 0, -1], [1, 0, -1], [1, 0, -1], [1, 0, -1], [1, 0, -1], [1, 0, -1], [1, 0, -1]]",0
2.1560.4t3.a,1560,"[2, 3, 5, 13]","[2, 3, 5, 13]",False,1,"[[[1], [-2], [1]], [[1], [2], [1]], [[1], [0], [-1]], [[1], [0], [-1]], [[1], [0], [1]], [[1], [1]], [[1], [-1]]]","[[1, 1], [1, 1], [1, -1], [1, 0, 1], [1, 0, -1], [1, -1], [1, 0, 1], [1, 0, 1], [1, 0, 1], [1, 0, 1], [1, 0, -1], [1, 0, -1], [1, 2, 1], [1, -2, 1], [1, 0, -1], [1, 0, -1], [1, 0, -1], [1, 0, -1], [1, 0, -1], [1, -2, 1], [1, 0, 1], [1, 2, 1], [1, -2, 1], [1, -2, 1], [1, 0, 1], [1, 0, 1], [1, 0, -1], [1, 0, -1], [1, 0, 1], [1, 0, 1]]",0
2.1560.4t3.b,1560,"[2, 3, 5, 13]","[2, 3, 5, 13]",False,1,"[[[1], [-2], [1]], [[1], [2], [1]], [[1], [0], [-1]], [[1], [0], [-1]], [[1], [0], [1]], [[1], [1]], [[1], [-1]]]","[[1, 1], [1, -1], [1, -1], [1, 0, 1], [1, 0, -1], [1, 1], [1, 0, 1], [1, 0, 1], [1, 0, 1], [1, 0, 1], [1, 0, -1], [1, 0, -1], [1, -2, 1], [1, 2, 1], [1, 0, -1], [1, 0, -1], [1, 0, -1], [1, 0, -1], [1, 0, -1], [1, 2, 1], [1, 0, 1], [1, 2, 1], [1, -2, 1], [1, 2, 1], [1, 0, 1], [1, 0, 1], [1, 0, -1], [1, 0, -1], [1, 0, 1], [1, 0, 1]]",0
2.1560.4t3.c,1560,"[2, 3, 5, 13]","[2, 3, 5, 13]",False,1,"[[[1], [-2], [1]], [[1], [2], [1]], [[1], [0], [-1]], [[1], [0], [-1]], [[1], [0], [1]], [[1], [-1]], [[1], [1]]]","[[1, -1], [1, -1], [1, 1], [1, 0, 1], [1, 0, -1], [1, 1], [1, 0, 1], [1, 0, 1], [1, 0, 1], [1, 0, 1], [1, 0, -1], [1, 0, -1], [1, 2, 1], [1, 2, 1], [1, 0, -1], [1, 0, -1], [1, 0, -1], [1, 0, -1], [1, 0, -1], [1, -2, 1], [1, 0, 1], [1, 2, 1], [1, 2, 1], [1, -2, 1], [1, 0, 1], [1, 0, 1], [1, 0, -1], [1, 0, -1], [1, 0, 1], [1, 0, 1]]",0
2.1560.4t3.d,1560,"[2, 3, 5, 13]","[2, 3, 5, 13]",False,1,"[[[1], [-2], [1]], [[1], [2], [1]], [[1], [0], [-1]], [[1], [0], [-1]], [[1], [0], [1]], [[1], [-1]], [[1], [1]]]","[[1, -1], [1, 1], [1, 1], [1, 0, 1], [1, 0, -1], [1, -1], [1, 0, 1], [1, 0, 1], [1, 0, 1], [1, 0, 1], [1, 0, -1], [1, 0, -1], [1, -2, 1], [1, -2, 1], [1, 0, -1], [1, 0, -1], [1, 0, -1], [1, 0, -1], [1, 0, -1], [1, 2, 1], [1, 0, 1], [1, 2, 1], [1, 2, 1], [1, 2, 1], [1, 0, 1], [1, 0, 1], [1, 0, -1], [1, 0, -1], [1, 0, 1], [1, 0, 1]]",0
2.1560.4t3.e,1560,"[2, 3, 5, 13]","[2, 3, 5, 13, 41, 71, 83]",False,1,"[[[1], [-2], [1]], [[1], [2], [1]], [[1], [0], [-1]], [[1], [0], [-1]], [[1], [0], [1]], [[1], [-1]], [[1], [1]]]",null,0
2.1560.4t3.f,1560,"[2, 3, 5, 13]","[2, 3, 5, 13, 1877]",False,1,"[[[1], [-2], [1]], [[1], [2], [1]], [[1], [0], [-1]], [[1], [0], [-1]], [[1], [0], [1]], [[1], [-1]], [[1], [1]]]",null,0
2.1560.4t3.g,1560,"[2, 3, 5, 13]","[2, 3, 5, 13, 43, 71]",False,1,"[[[1], [-2], [1]], [[1], [2], [1]], [[1], [0], [-1]], [[1], [0], [-1]], [[1], [0], [1]], [[1], [1]], [[1], [-1]]]",null,0
2.1560.4t3.h,1560,"[2, 3, 5, 13]","[2, 3, 5, 13, 439, 991]",False,1,"[[[1], [-2], [1]], [[1], [2], [1]], [[1], [0], [-1]], [[1], [0], [-1]], [[1], [0], [1]], [[1], [1]], [[1], [-1]]]",null,0
2.1560.4t3.i,1560,"[2, 3, 5, 13]","[2, 3, 5, 13]",False,1,"[[[1], [-2], [1]], [[1], [2], [1]], [[1], [0], [-1]], [[1], [0], [-1]], [[1], [0], [1]], [[1], [-1]], [[1], [1]]]",null,0
2.1560.4t3.j,1560,"[2, 3, 5, 13]","[2, 3, 5, 13]",False,1,"[[[1], [-2], [1]], [[1], [2], [1]], [[1], [0], [-1]], [[1], [0], [-1]], [[1], [0], [1]], [[1], [-1]], [[1], [1]]]",null,0
2.1560.4t3.k,1560,"[2, 3, 5, 13]","[2, 3, 5, 13]",False,1,"[[[1], [-2], [1]], [[1], [2], [1]], [[1], [0], [-1]], [[1], [0], [-1]], [[1], [0], [1]], [[1], [1]], [[1], [-1]]]",null,0
2.1560.4t3.l,1560,"[2, 3, 5, 13]","[2, 3, 5, 13]",False,1,"[[[1], [-2], [1]], [[1], [2], [1]], [[1], [0], [-1]], [[1], [0], [-1]], [[1], [0], [1]], [[1], [1]], [[1], [-1]]]",null,0
2.1563.3t2.a,1563,"[3, 521]","[3, 521]",False,1,"[[[1], [-2], [1]], [[1], [0], [-1]], [[1], [1], [1]], [[1], [-1]]]","[[1, 0, -1], [1, -1], [1, 0, -1], [1, 0, -1], [1, 0, -1], [1, 1, 1], [1, 1, 1], [1, 0, -1], [1, 1, 1], [1, 0, -1], [1, 1, 1], [1, 1, 1], [1, 1, 1], [1, 0, -1], [1, 0, -1], [1, 0, -1], [1, 0, -1], [1, 0, -1], [1, 0, -1], [1, 0, -1], [1, 0, -1], [1, 0, -1], [1, 0, -1], [1, 1, 1], [1, 1, 1], [1, 0, -1], [1, 0, -1], [1, 1, 1], [1, 0, -1], [1, 0, -1]]",0
2.1563.6t3.a,1563,"[3, 521]","[2, 3, 5, 521]",False,1,"[[[1], [-2], [1]], [[1], [2], [1]], [[1], [0], [-1]], [[1], [0], [-1]], [[1], [1], [1]], [[1], [-1], [1]], [[1], [1]]]","[[1, 0, -1], [1, 1], [1, 0, -1], [1, 0, -1], [1, 0, -1], [1, 1, 1], [1, -1, 1], [1, 0, -1], [1, -1, 1], [1, 0, -1], [1, 1, 1], [1, 1, 1], [1, -1, 1], [1, 0, -1], [1, 0, -1], [1, 0, -1], [1, 0, -1], [1, 0, -1], [1, 0, -1], [1, 0, -1], [1, 0, -1], [1, 0, -1], [1, 0, -1], [1, -1, 1], [1, 1, 1], [1, 0, -1], [1, 0, -1], [1, -1, 1], [1, 0, -1], [1, 0, -1]]",0
2.1563.6t3.b,1563,"[3, 521]","[2, 3, 7, 521]",False,1,"[[[1], [-2], [1]], [[1], [2], [1]], [[1], [0], [-1]], [[1], [0], [-1]], [[1], [1], [1]], [[1], [-1], [1]], [[1], [1]]]",null,0
2.1567.3t2.a,1567,[1567],[1567],False,1,"[[[1], [-2], [1]], [[1], [0], [-1]], [[1], [1], [1]], [[1], [-1]]]","[[1, 1, 1], [1, 0, -1], [1, 0, -1], [1, -2, 1], [1, 0, -1], [1, 0, -1], [1, 0, -1], [1, 0, -1], [1, 0, -1], [1, 1, 1], [1, 1, 1], [1, 0, -1], [1, 1, 1], [1, 1, 1], [1, 0, -1], [1, 0, -1], [1, 1, 1], [1, 1, 1], [1, 0, -1], [1, 0, -1], [1, 0, -1], [1, -2, 1], [1, -2, 1], [1, 0, -1], [1, 0, -1], [1, 1, 1], [1, 1, 1], [1, 0, -1], [1, 0, -1], [1, 1, 1]]",0
2.1568.4t3.a,1568,"[2, 7]","[2, 7]",False,1,"[[[1], [-2], [1]], [[1], [2], [1]], [[1], [0], [-1]], [[1], [0], [-1]], [[1], [0], [1]], [[1]]]","[[1], [1, 0, 1], [1, 0, -1], [1], [1, -2, 1], [1, 0, -1], [1, 0, 1], [1, 0, 1], [1, 0, -1], [1, 0, -1], [1, 0, -1], [1, 0, -1], [1, 0, 1], [1, -2, 1], [1, 0, -1], [1, 0, -1], [1, 0, 1], [1, 0, -1], [1, 2, 1], [1, 0, -1], [1, 0, 1], [1, 0, -1], [1, 0, 1], [1, 0, 1], [1, 0, 1], [1, 0, -1], [1, 0, -1], [1, 2, 1], [1, 0, -1], [1, 2, 1]]",0
2.1568.4t3.b,1568,"[2, 7]","[2, 7]",False,1,"[[[1], [-2], [1]], [[1], [2], [1]], [[1], [0], [-1]], [[1], [0], [-1]], [[1], [0], [1]], [[1]]]",null,0
2.1568.4t3.c,1568,"[2, 7]","[2, 7]",False,1,"[[[1], [-2], [1]], [[1], [2], [1]], [[1], [0], [-1]], [[1], [0], [-1]], [[1], [0], [1]], [[1]]]",null,0
2.1572.3t2.a,1572,"[2, 3, 131]","[2, 3, 131]",False,1,"[[[1], [-2], [1]], [[1], [0], [-1]], [[1], [1], [1]], [[1], [-1]]]","[[1, -1], [1, -1], [1, 0, -1], [1, 0, -1], [1, 1, 1], [1, 1, 1], [1, 1, 1], [1, 1, 1], [1, 0, -1], [1, 1, 1], [1, 1, 1], [1, 0, -1], [1, 0, -1], [1, 0, -1], [1, 0, -1], [1, 0, -1], [1, 1, 1], [1, 1, 1], [1, -2, 1], [1, 0, -1], [1, 0, -1], [1, -2, 1], [1, 0, -1], [1, 0, -1], [1, 0, -1], [1, 0, -1], [1, -2, 1], [1, 1, 1], [1, 1, 1], [1, 0, -1]]",0
2.1572.6t3.a,1572,"[2, 3, 131]","[2, 3, 5, 7, 131]",False,1,"[[[1], [-2], [1]], [[1], [2], [1]], [[1], [0], [-1]], [[1], [0], [-1]], [[1], [1], [1]], [[1], [-1], [1]], [[1], [1]], [[1], [-1]]]","[[1, 1], [1, -1], [1, 0, -1], [1, 0, -1], [1, 1, 1], [1, 1, 1], [1, -1, 1], [1, -1, 1], [1, 0, -1], [1, -1, 1], [1, -1, 1], [1, 0, -1], [1, 0, -1], [1, 0, -1], [1, 0, -1], [1, 0, -1], [1, 1, 1], [1, 1, 1], [1, 2, 1], [1, 0, -1], [1, 0, -1], [1, 2, 1], [1, 0, -1], [1, 0, -1], [1, 0, -1], [1, 0, -1], [1, 2, 1], [1, 1, 1], [1, 1, 1], [1, 0, -1]]",0
2.1572.6t3.b,1572,"[2, 3, 131]","[2, 3, 7, 131]",False,1,"[[[1], [-2], [1]], [[1], [2], [1]], [[1], [0], [-1]], [[1], [0], [-1]], [[1], [1], [1]], [[1], [-1], [1]], [[1], [-1]], [[1], [1]]]",null,0
2.1572.6t3.c,1572,"[2, 3, 131]","[2, 3, 5, 131]",False,1,"[[[1], [-2], [1]], [[1], [2], [1]], [[1], [0], [-1]], [[1], [0], [-1]], [[1], [1], [1]], [[1], [-1], [1]], [[1], [1]]]",null,0
2.1572.6t3.d,1572,"[2, 3, 131]","[2, 3, 5, 131]",False,1,"[[[1], [-2], [1]], [[1], [2], [1]], [[1], [0], [-1]], [[1], [0], [-1]], [[1], [1], [1]], [[1], [-1], [1]], [[1], [1]]]","[[1, 1], [1, 1], [1, 0, -1], [1, 0, -1], [1, -1, 1], [1, 1, 1], [1, -1, 1], [1, 1, 1], [1, 0, -1], [1, -1, 1], [1, 1, 1], [1, 0, -1], [1, 0, -1], [1, 0, -1], [1, 0, -1], [1, 0, -1], [1, -1, 1], [1, 1, 1], [1, -2, 1], [1, 0, -1], [1, 0, -1], [1, -2, 1], [1, 0, -1], [1, 0, -1], [1, 0, -1], [1, 0, -1], [1, -2, 1], [1, -1, 1], [1, 1, 1], [1, 0, -1]]",0
2.1572.6t3.e,1572,"[2, 3, 131]","[2, 3, 7, 131]",False,1,"[[[1], [-2], [1]], [[1], [2], [1]], [[1], [0], [-1]], [[1], [0], [-1]], [[1], [1], [1]], [[1], [-1], [1]], [[1], [1]], [[1], [-1]]]",null,0
2.1572.6t3.f,1572,"[2, 3, 131]","[2, 3, 131]",False,1,"[[[1], [-2], [1]], [[1], [2], [1]], [[1], [0], [-1]], [[1], [0], [-1]], [[1], [1], [1]], [[1], [-1], [1]], [[1], [-1]], [[1], [1]]]","[[1, -1], [1, 1], [1, 0, -1], [1, 0, -1], [1, -1, 1], [1, 1, 1], [1, 1, 1], [1, -1, 1], [1, 0, -1], [1, 1, 1], [1, -1, 1], [1, 0, -1], [1, 0, -1], [1, 0, -1], [1, 0, -1], [1, 0, -1], [1, -1, 1], [1, 1, 1], [1, 2, 1], [1, 0, -1], [1, 0, -1], [1, 2, 1], [1, 0, -1], [1, 0, -1], [1, 0, -1], [1, 0, -1], [1, 2, 1], [1, -1, 1], [1, 1, 1], [1, 0, -1]]",0
2.1573.3t2.a,1573,"[11, 13]","[11, 13]",True,1,"[[[1], [-2], [1]], [[1], [0], [-1]], [[1], [1], [1]], [[1]], [[1], [-1]]]",null,0
2.1573.3t2.b,1573,"[11, 13]","[2, 7, 11, 13]",True,1,"[[[1], [-2], [1]], [[1], [0], [-1]], [[1], [1], [1]], [[1]], [[1], [-1]]]",null,0
2.1573.6t3.a,1573,"[11, 13]","[2, 11, 13]",True,1,"[[[1], [-2], [1]], [[1], [2], [1]], [[1], [0], [-1]], [[1], [0], [-1]], [[1], [1], [1]], [[1], [-1], [1]], [[1]], [[1], [1]]]",null,0
2.1573.6t3.b,1573,"[11, 13]","[2, 5, 11, 13]",True,1,"[[[1], [-2], [1]], [[1], [2], [1]], [[1], [0], [-1]], [[1], [0], [-1]], [[1], [1], [1]], [[1], [-1], [1]], [[1]], [[1], [1]]]",null,0
2.1575.4t3.a,1575,"[3, 5, 7]","[3, 5, 7]",False,1,"[[[1], [-2], [1]], [[1], [2], [1]], [[1], [0], [-1]], [[1], [0], [-1]], [[1], [0], [1]], [[1]], [[1], [-1]]]","[[1, 0, 1], [1], [1], [1, -1], [1, 0, 1], [1, 0, -1], [1, 0, -1], [1, 0, -1], [1, 0, 1], [1, 0, 1], [1, 0, -1], [1, -2, 1], [1, 0, -1], [1, -2, 1], [1, 0, -1], [1, 0, 1], [1, 0, -1], [1, 0, -1], [1, 2, 1], [1, 0, 1], [1, 0, -1], [1, -2, 1], [1, 0, -1], [1, 0, -1], [1, 0, -1], [1, 0, -1], [1, 0, -1], [1, 0, 1], [1, 2, 1], [1, 0, 1]]",0
2.1575.4t3.b,1575,"[3, 5, 7]","[3, 5, 7]",False,1,"[[[1], [-2], [1]], [[1], [2], [1]], [[1], [0], [-1]], [[1], [0], [-1]], [[1], [0], [1]], [[1]], [[1], [-1]]]",null,0
2.1575.4t3.c,1575,"[3, 5, 7]","[2, 3, 5, 7, 13]",False,1,"[[[1], [-2], [1]], [[1], [2], [1]], [[1], [0], [-1]], [[1], [0], [-1]], [[1], [0], [1]], [[1]], [[1], [-1]]]",null,0
2.1575.6t3.a,1575,"[3, 5, 7]","[3, 5, 7]",False,1,"[[[1], [-2], [1]], [[1], [2], [1]], [[1], [0], [-1]], [[1], [0], [-1]], [[1], [1], [1]], [[1], [-1], [1]], [[1]], [[1], [-1]]]",null,0
2.1575.6t3.b,1575,"[3, 5, 7]","[3, 5, 7]",False,1,"[[[1], [-2], [1]], [[1], [2], [1]], [[1], [0], [-1]], [[1], [0], [-1]], [[1], [1], [1]], [[1], [-1], [1]], [[1]], [[1], [1]]]","[[1, 1, 1], [1], [1], [1, 1], [1, -1, 1], [1, 0, -1], [1, 0, -1], [1, 0, -1], [1, 1, 1], [1, -1, 1], [1, 0, -1], [1, -1, 1], [1, 0, -1], [1, -1, 1], [1, 0, -1], [1, -2, 1], [1, 0, -1], [1, 0, -1], [1, -1, 1], [1, -1, 1], [1, 0, -1], [1, 1, 1], [1, 0, -1], [1, 0, -1], [1, 0, -1], [1, 0, -1], [1, 0, -1], [1, -2, 1], [1, 1, 1], [1, 1, 1]]",0
2.1575.6t3.c,1575,"[3, 5, 7]","[3, 5, 7]",False,1,"[[[1], [-2], [1]], [[1], [2], [1]], [[1], [0], [-1]], [[1], [0], [-1]], [[1], [1], [1]], [[1], [-1], [1]], [[1]], [[1], [-1]]]","[[1, -1, 1], [1], [1], [1, -1], [1, -1, 1], [1, 0, -1], [1, 0, -1], [1, 0, -1], [1, -1, 1], [1, -1, 1], [1, 0, -1], [1, 1, 1], [1, 0, -1], [1, 1, 1], [1, 0, -1], [1, 2, 1], [1, 0, -1], [1, 0, -1], [1, 1, 1], [1, -1, 1], [1, 0, -1], [1, 1, 1], [1, 0, -1], [1, 0, -1], [1, 0, -1], [1, 0, -1], [1, 0, -1], [1, 2, 1], [1, 1, 1], [1, -1, 1]]",0
2.1575.6t3.d,1575,"[3, 5, 7]","[2, 3, 5, 7]",False,1,"[[[1], [-2], [1]], [[1], [2], [1]], [[1], [0], [-1]], [[1], [0], [-1]], [[1], [1], [1]], [[1], [-1], [1]], [[1]], [[1], [1]]]",null,0
2.1579.3t2.a,1579,[1579],[1579],False,1,"[[[1], [-2], [1]], [[1], [0], [-1]], [[1], [1], [1]], [[1], [-1]]]","[[1, 0, -1], [1, 0, -1], [1, 1, 1], [1, 0, -1], [1, 1, 1], [1, 0, -1], [1, 1, 1], [1, -2, 1], [1, -2, 1], [1, -2, 1], [1, 1, 1], [1, 1, 1], [1, 1, 1], [1, 0, -1], [1, 0, -1], [1, 1, 1], [1, 0, -1], [1, 0, -1], [1, 1, 1], [1, 1, 1], [1, -2, 1], [1, 1, 1], [1, 1, 1], [1, 0, -1], [1, 1, 1], [1, 1, 1], [1, 0, -1], [1, 0, -1], [1, 0, -1], [1, 0, -1]]",0
2.1580.3t2.a,1580,"[2, 5, 79]","[2, 5, 79]",False,1,"[[[1], [-2], [1]], [[1], [0], [-1]], [[1], [1], [1]], [[1]], [[1], [-1]]]","[[1], [1, 1, 1], [1, -1], [1, 1, 1], [1, 1, 1], [1, 0, -1], [1, -2, 1], [1, -2, 1], [1, 0, -1], [1, 0, -1], [1, 1, 1], [1, 1, 1], [1, 0, -1], [1, -2, 1], [1, -2, 1], [1, 1, 1], [1, 0, -1], [1, 0, -1], [1, 0, -1], [1, 0, -1], [1, 0, -1], [1, -1], [1, 0, -1], [1, -2, 1], [1, 0, -1], [1, 1, 1], [1, 1, 1], [1, 1, 1], [1, 0, -1], [1, 1, 1]]",0
2.1580.6t3.a,1580,"[2, 5, 79]","[2, 5, 19, 29, 79]",False,1,"[[[1], [-2], [1]], [[1], [2], [1]], [[1], [0], [-1]], [[1], [0], [-1]], [[1], [1], [1]], [[1], [-1], [1]], [[1]], [[1], [-1]]]",null,0
2.1580.6t3.b,1580,"[2, 5, 79]","[2, 5, 17, 79]",False,1,"[[[1], [-2], [1]], [[1], [2], [1]], [[1], [0], [-1]], [[1], [0], [-1]], [[1], [1], [1]], [[1], [-1], [1]], [[1]], [[1], [-1]]]","[[1], [1, -1, 1], [1, -1], [1, -1, 1], [1, 1, 1], [1, 0, -1], [1, 2, 1], [1, -2, 1], [1, 0, -1], [1, 0, -1], [1, 1, 1], [1, -1, 1], [1, 0, -1], [1, 2, 1], [1, 2, 1], [1, -1, 1], [1, 0, -1], [1, 0, -1], [1, 0, -1], [1, 0, -1], [1, 0, -1], [1, -1], [1, 0, -1], [1, -2, 1], [1, 0, -1], [1, 1, 1], [1, -1, 1], [1, -1, 1], [1, 0, -1], [1, -1, 1]]",0
2.1583.3t2.a,1583,[1583],[1583],False,1,"[[[1], [-2], [1]], [[1], [0], [-1]], [[1], [1], [1]], [[1], [-1]]]","[[1, 1, 1], [1, 1, 1], [1, 0, -1], [1, 0, -1], [1, -2, 1], [1, 1, 1], [1, 1, 1], [1, 0, -1], [1, 1, 1], [1, 0, -1], [1, 0, -1], [1, 0, -1], [1, 1, 1], [1, 0, -1], [1, 0, -1], [1, -2, 1], [1, 0, -1], [1, -2, 1], [1, 1, 1], [1, -2, 1], [1, -2, 1], [1, 1, 1], [1, 1, 1], [1, 0, -1], [1, -2, 1], [1, 1, 1], [1, 0, -1], [1, 0, -1], [1, 0, -1], [1, 1, 1]]",0
2.1584.6t3.a,1584,"[2, 3, 11]","[2, 3, 7, 11]",False,1,"[[[1], [-2], [1]], [[1], [2], [1]], [[1], [0], [-1]], [[1], [0], [-1]], [[1], [1], [1]], [[1], [-1], [1]], [[1]], [[1], [-1]]]",null,0
2.1584.6t3.b,1584,"[2, 3, 11]","[2, 3, 11, 43]",False,1,"[[[1], [-2], [1]], [[1], [2], [1]], [[1], [0], [-1]], [[1], [0], [-1]], [[1], [1], [1]], [[1], [-1], [1]], [[1]], [[1], [-1]]]","[[1], [1], [1, -1, 1], [1, 0, -1], [1, -1], [1, 0, -1], [1, 0, -1], [1, 0, -1], [1, 1, 1], [1, 0, -1], [1, -1, 1], [1, 1, 1], [1, 0, -1], [1, 0, -1], [1, -2, 1], [1, 2, 1], [1, 1, 1], [1, 0, -1], [1, -1, 1], [1, 1, 1], [1, 0, -1], [1, 0, -1], [1, 0, -1], [1, -1, 1], [1, 1, 1], [1, 0, -1], [1, 2, 1], [1, 0, -1], [1, 0, -1], [1, -1, 1]]",0
2.1587.4t3.a,1587,"[3, 23]","[2, 3, 5, 13, 23, 47]",False,1,"[[[1], [-2], [1]], [[1], [2], [1]], [[1], [0], [-1]], [[1], [0], [-1]], [[1], [0], [1]], [[1], [-1]], [[1]]]",null,0
2.1587.4t3.b,1587,"[3, 23]","[2, 3, 23]",False,1,"[[[1], [-2], [1]], [[1], [2], [1]], [[1], [0], [-1]], [[1], [0], [-1]], [[1], [0], [1]], [[1], [-1]], [[1]]]",null,0
2.1587.4t3.c,1587,"[3, 23]","[2, 3, 23]",False,1,"[[[1], [-2], [1]], [[1], [2], [1]], [[1], [0], [-1]], [[1], [0], [-1]], [[1], [0], [1]], [[1], [-1]], [[1]]]","[[1, 0, -1], [1, -1], [1, 0, -1], [1, 0, 1], [1, 0, -1], [1, 2, 1], [1, 0, -1], [1, 0, 1], [1], [1, 0, -1], [1, 2, 1], [1, 0, 1], [1, 0, -1], [1, 0, 1], [1, 0, -1], [1, 0, -1], [1, 0, -1], [1, 0, 1], [1, 0, 1], [1, 0, -1], [1, 2, 1], [1, 0, 1], [1, 0, -1], [1, 0, -1], [1, 0, 1], [1, 0, -1], [1, 0, 1], [1, 0, -1], [1, 0, 1], [1, 0, -1]]",0
2.1588.3t2.a,1588,"[2, 397]","[2, 397]",False,1,"[[[1], [-2], [1]], [[1], [0], [-1]], [[1], [1], [1]], [[1], [-1]]]","[[1, -1], [1, 0, -1], [1, 0, -1], [1, 1, 1], [1, 0, -1], [1, 0, -1], [1, 0, -1], [1, 0, -1], [1, 0, -1], [1, 1, 1], [1, 0, -1], [1, 1, 1], [1, 0, -1], [1, 0, -1], [1, 0, -1], [1, 0, -1], [1, 1, 1], [1, 0, -1], [1, 0, -1], [1, 1, 1], [1, 1, 1], [1, 0, -1], [1, 0, -1], [1, 0, -1], [1, 1, 1], [1, 0, -1], [1, 1, 1], [1, 0, -1], [1, 0, -1], [1, 0, -1]]",0
2.1588.6t3.a,1588,"[2, 397]","[2, 3, 397]",False,1,"[[[1], [-2], [1]], [[1], [2], [1]], [[1], [0], [-1]], [[1], [0], [-1]], [[1], [1], [1]], [[1], [-1], [1]], [[1], [1]], [[1], [-1]]]",null,0
2.1588.6t3.b,1588,"[2, 397]","[2, 397]",False,1,"[[[1], [-2], [1]], [[1], [2], [1]], [[1], [0], [-1]], [[1], [0], [-1]], [[1], [1], [1]], [[1], [-1], [1]], [[1], [1]], [[1], [-1]]]","[[1, 1], [1, 0, -1], [1, 0, -1], [1, -1, 1], [1, 0, -1], [1, 0, -1], [1, 0, -1], [1, 0, -1], [1, 0, -1], [1, 1, 1], [1, 0, -1], [1, 1, 1], [1, 0, -1], [1, 0, -1], [1, 0, -1], [1, 0, -1], [1, -1, 1], [1, 0, -1], [1, 0, -1], [1, -1, 1], [1, 1, 1], [1, 0, -1], [1, 0, -1], [1, 0, -1], [1, 1, 1], [1, 0, -1], [1, -1, 1], [1, 0, -1], [1, 0, -1], [1, 0, -1]]",0
2.1592.4t3.a,1592,"[2, 199]","[2, 5, 7, 17, 199]",False,1,"[[[1], [-2], [1]], [[1], [2], [1]], [[1], [0], [-1]], [[1], [0], [-1]], [[1], [0], [1]], [[1], [1]]]",null,0
2.1592.4t3.b,1592,"[2, 199]","[2, 7, 199]",False,1,"[[[1], [-2], [1]], [[1], [2], [1]], [[1], [0], [-1]], [[1], [0], [-1]], [[1], [0], [1]], [[1], [1]]]","[[1, 1], [1, 0, 1], [1, 0, -1], [1, -2, 1], [1, 0, 1], [1, 0, -1], [1, 0, -1], [1, 0, 1], [1, -2, 1], [1, 0, -1], [1, 2, 1], [1, 0, 1], [1, 0, -1], [1, 0, -1], [1, 2, 1], [1, 0, -1], [1, 0, 1], [1, 0, -1], [1, 0, 1], [1, 0, -1], [1, 0, -1], [1, -2, 1], [1, 0, 1], [1, -2, 1], [1, 0, -1], [1, 0, 1], [1, 2, 1], [1, 0, 1], [1, 0, 1], [1, 0, -1]]",0
2.1592.4t3.c,1592,"[2, 199]","[2, 5, 199]",False,1,"[[[1], [-2], [1]], [[1], [2], [1]], [[1], [0], [-1]], [[1], [0], [-1]], [[1], [0], [1]], [[1], [1]]]",null,0
2.1593.3t2.a,1593,"[3, 59]","[3, 59]",True,1,"[[[1], [-2], [1]], [[1], [0], [-1]], [[1], [1], [1]], [[1]], [[1], [-1]]]",null,0
2.1593.6t3.a,1593,"[3, 59]","[3, 59]",True,1,"[[[1], [-2], [1]], [[1], [2], [1]], [[1], [0], [-1]], [[1], [0], [-1]], [[1], [1], [1]], [[1], [-1], [1]], [[1]], [[1], [1]]]",null,0
2.1593.6t3.b,1593,"[3, 59]","[3, 5, 7, 59]",True,1,"[[[1], [-2], [1]], [[1], [2], [1]], [[1], [0], [-1]], [[1], [0], [-1]], [[1], [1], [1]], [[1], [-1], [1]], [[1]], [[1], [1]]]",null,0
2.1595.4t3.a,1595,"[5, 11, 29]","[2, 5, 11, 29]",False,1,"[[[1], [-2], [1]], [[1], [2], [1]], [[1], [0], [-1]], [[1], [0], [-1]], [[1], [0], [1]], [[1], [-1]], [[1], [1]]]",null,0
2.1595.4t3.b,1595,"[5, 11, 29]","[5, 11, 17, 29]",False,1,"[[[1], [-2], [1]], [[1], [2], [1]], [[1], [0], [-1]], [[1], [0], [-1]], [[1], [0], [1]], [[1], [-1]]]",null,0
2.1595.4t3.c,1595,"[5, 11, 29]","[2, 5, 11, 29]",False,1,"[[[1], [-2], [1]], [[1], [2], [1]], [[1], [0], [-1]], [[1], [0], [-1]], [[1], [0], [1]], [[1], [-1]], [[1], [1]]]","[[1, 0, -1], [1, 0, 1], [1, -1], [1, 0, 1], [1, 1], [1, 0, 1], [1, 0, -1], [1, -2, 1], [1, 0, -1], [1, 1], [1, 0, -1], [1, 0, 1], [1, -2, 1], [1, 0, -1], [1, 0, 1], [1, 0, -1], [1, 2, 1], [1, 2, 1], [1, 0, -1], [1, 2, 1], [1, 0, -1], [1, 2, 1], [1, 0, 1], [1, 0, -1], [1, 0, 1], [1, -2, 1], [1, 0, -1], [1, 0, 1], [1, 0, -1], [1, 0, 1]]",0
2.1595.4t3.d,1595,"[5, 11, 29]","[2, 5, 11, 29]",False,1,"[[[1], [-2], [1]], [[1], [2], [1]], [[1], [0], [-1]], [[1], [0], [-1]], [[1], [0], [1]], [[1], [-1]]]","[[1, 0, -1], [1, 0, 1], [1, -1], [1, 0, 1], [1, -1], [1, 0, 1], [1, 0, -1], [1, 2, 1], [1, 0, -1], [1, -1], [1, 0, -1], [1, 0, 1], [1, 2, 1], [1, 0, -1], [1, 0, 1], [1, 0, -1], [1, 2, 1], [1, -2, 1], [1, 0, -1], [1, 2, 1], [1, 0, -1], [1, -2, 1], [1, 0, 1], [1, 0, -1], [1, 0, 1], [1, 2, 1], [1, 0, -1], [1, 0, 1], [1, 0, -1], [1, 0, 1]]",0
2.1595.4t3.e,1595,"[5, 11, 29]","[2, 3, 5, 11, 29]",False,1,"[[[1], [-2], [1]], [[1], [2], [1]], [[1], [0], [-1]], [[1], [0], [-1]], [[1], [0], [1]], [[1], [-1]]]",null,0
2.1595.4t3.f,1595,"[5, 11, 29]","[2, 5, 11, 19, 29, 67, 257]",False,1,"[[[1], [-2], [1]], [[1], [2], [1]], [[1], [0], [-1]], [[1], [0], [-1]], [[1], [0], [1]], [[1], [-1]], [[1], [1]]]",null,0
2.1596.4t3.a,1596,"[2, 3, 7, 19]","[2, 3, 7, 19]",True,1,"[[[1], [-2], [1]], [[1], [2], [1]], [[1], [0], [-1]], [[1], [0], [-1]], [[1], [0], [1]], [[1], [1]], [[1], [-1]]]",null,0
2.1596.4t3.b,1596,"[2, 3, 7, 19]","[2, 3, 7, 19]",True,1,"[[[1], [-2], [1]], [[1], [2], [1]], [[1], [0], [-1]], [[1], [0], [-1]], [[1], [0], [1]], [[1], [-1]], [[1], [1]]]",null,0
2.1596.4t3.c,1596,"[2, 3, 7, 19]","[2, 3, 7, 19]",True,1,"[[[1], [-2], [1]], [[1], [2], [1]], [[1], [0], [-1]], [[1], [0], [-1]], [[1], [0], [1]], [[1], [1]], [[1], [-1]]]",null,0
2.1596.4t3.d,1596,"[2, 3, 7, 19]","[2, 3, 7, 19]",True,1,"[[[1], [-2], [1]], [[1], [2], [1]], [[1], [0], [-1]], [[1], [0], [-1]], [[1], [0], [1]], [[1], [-1]], [[1], [1]]]",null,0
2.1596.4t3.e,1596,"[2, 3, 7, 19]","[2, 3, 7, 19, 61, 227]",True,1,"[[[1], [-2], [1]], [[1], [2], [1]], [[1], [0], [-1]], [[1], [0], [-1]], [[1], [0], [1]], [[1], [-1]], [[1], [1]]]",null,0
2.1596.4t3.f,1596,"[2, 3, 7, 19]","[2, 3, 7, 19, 53]",True,1,"[[[1], [-2], [1]], [[1], [2], [1]], [[1], [0], [-1]], [[1], [0], [-1]], [[1], [0], [1]], [[1], [1]], [[1], [-1]]]",null,0
2.1596.4t3.g,1596,"[2, 3, 7, 19]","[2, 3, 7, 19, 53, 2903]",True,1,"[[[1], [-2], [1]], [[1], [2], [1]], [[1], [0], [-1]], [[1], [0], [-1]], [[1], [0], [1]], [[1], [1]], [[1], [-1]]]",null,0
2.1596.4t3.h,1596,"[2, 3, 7, 19]","[2, 3, 7, 19, 113]",True,1,"[[[1], [-2], [1]], [[1], [2], [1]], [[1], [0], [-1]], [[1], [0], [-1]], [[1], [0], [1]], [[1], [-1]], [[1], [1]]]",null,0
2.1596.4t3.i,1596,"[2, 3, 7, 19]","[2, 3, 7, 19]",True,1,"[[[1], [-2], [1]], [[1], [2], [1]], [[1], [0], [-1]], [[1], [0], [-1]], [[1], [0], [1]], [[1], [-1]], [[1], [1]]]",null,0
2.1596.4t3.j,1596,"[2, 3, 7, 19]","[2, 3, 7, 19]",True,1,"[[[1], [-2], [1]], [[1], [2], [1]], [[1], [0], [-1]], [[1], [0], [-1]], [[1], [0], [1]], [[1], [1]], [[1], [-1]]]",null,0
2.1596.4t3.k,1596,"[2, 3, 7, 19]","[2, 3, 7, 19]",True,1,"[[[1], [-2], [1]], [[1], [2], [1]], [[1], [0], [-1]], [[1], [0], [-1]], [[1], [0], [1]], [[1], [-1]], [[1], [1]]]",null,0
2.1596.4t3.l,1596,"[2, 3, 7, 19]","[2, 3, 7, 19]",True,1,"[[[1], [-2], [1]], [[1], [2], [1]], [[1], [0], [-1]], [[1], [0], [-1]], [[1], [0], [1]], [[1], [1]], [[1], [-1]]]",null,0
2.1599.3t2.a,1599,"[3, 13, 41]","[3, 13, 41]",False,1,"[[[1], [-2], [1]], [[1], [0], [-1]], [[1], [1], [1]], [[1], [-1]]]","[[1, 1, 1], [1, -1], [1, 1, 1], [1, 1, 1], [1, 0, -1], [1, -1], [1, 1, 1], [1, -2, 1], [1, 0, -1], [1, 1, 1], [1, 0, -1], [1, 0, -1], [1, -1], [1, -2, 1], [1, 0, -1], [1, -2, 1], [1, -2, 1], [1, -2, 1], [1, 1, 1], [1, 0, -1], [1, 0, -1], [1, 0, -1], [1, 1, 1], [1, 0, -1], [1, 1, 1], [1, 1, 1], [1, 1, 1], [1, 0, -1], [1, 1, 1], [1, 0, -1]]",0
2.1599.6t3.a,1599,"[3, 13, 41]","[3, 13, 41]",False,1,"[[[1], [-2], [1]], [[1], [2], [1]], [[1], [0], [-1]], [[1], [0], [-1]], [[1], [1], [1]], [[1], [-1], [1]], [[1], [-1]], [[1], [1]]]",null,0
2.1599.6t3.b,1599,"[3, 13, 41]","[2, 3, 13, 41]",False,1,"[[[1], [-2], [1]], [[1], [2], [1]], [[1], [0], [-1]], [[1], [0], [-1]], [[1], [1], [1]], [[1], [-1], [1]], [[1], [1]], [[1], [-1]]]",null,0
2.1599.6t3.c,1599,"[3, 13, 41]","[3, 13, 41]",False,1,"[[[1], [-2], [1]], [[1], [2], [1]], [[1], [0], [-1]], [[1], [0], [-1]], [[1], [1], [1]], [[1], [-1], [1]], [[1], [1]], [[1], [-1]]]",null,0
2.1599.6t3.d,1599,"[3, 13, 41]","[2, 3, 13, 23, 41]",False,1,"[[[1], [-2], [1]], [[1], [2], [1]], [[1], [0], [-1]], [[1], [0], [-1]], [[1], [1], [1]], [[1], [-1], [1]], [[1], [1]], [[1], [-1]]]","[[1, 1, 1], [1, 1], [1, 1, 1], [1, -1, 1], [1, 0, -1], [1, 1], [1, -1, 1], [1, 2, 1], [1, 0, -1], [1, -1, 1], [1, 0, -1], [1, 0, -1], [1, -1], [1, -2, 1], [1, 0, -1], [1, 2, 1], [1, -2, 1], [1, -2, 1], [1, -1, 1], [1, 0, -1], [1, 0, -1], [1, 0, -1], [1, 1, 1], [1, 0, -1], [1, -1, 1], [1, -1, 1], [1, 1, 1], [1, 0, -1], [1, -1, 1], [1, 0, -1]]",0
2.1599.6t3.e,1599,"[3, 13, 41]","[3, 13, 41]",False,1,"[[[1], [-2], [1]], [[1], [2], [1]], [[1], [0], [-1]], [[1], [0], [-1]], [[1], [1], [1]], [[1], [-1], [1]], [[1], [-1]], [[1], [1]]]","[[1, -1, 1], [1, -1], [1, -1, 1], [1, -1, 1], [1, 0, -1], [1, 1], [1, 1, 1], [1, 2, 1], [1, 0, -1], [1, 1, 1], [1, 0, -1], [1, 0, -1], [1, 1], [1, -2, 1], [1, 0, -1], [1, -2, 1], [1, 2, 1], [1, -2, 1], [1, -1, 1], [1, 0, -1], [1, 0, -1], [1, 0, -1], [1, -1, 1], [1, 0, -1], [1, -1, 1], [1, 1, 1], [1, 1, 1], [1, 0, -1], [1, -1, 1], [1, 0, -1]]",0
2.1599.6t3.f,1599,"[3, 13, 41]","[2, 3, 13, 41]",False,1,"[[[1], [-2], [1]], [[1], [2], [1]], [[1], [0], [-1]], [[1], [0], [-1]], [[1], [1], [1]], [[1], [-1], [1]], [[1], [1]], [[1], [-1]]]","[[1, -1, 1], [1, 1], [1, -1, 1], [1, 1, 1], [1, 0, -1], [1, -1], [1, -1, 1], [1, -2, 1], [1, 0, -1], [1, -1, 1], [1, 0, -1], [1, 0, -1], [1, 1], [1, -2, 1], [1, 0, -1], [1, 2, 1], [1, 2, 1], [1, -2, 1], [1, 1, 1], [1, 0, -1], [1, 0, -1], [1, 0, -1], [1, -1, 1], [1, 0, -1], [1, 1, 1], [1, -1, 1], [1, 1, 1], [1, 0, -1], [1, 1, 1], [1, 0, -1]]",0
2.1600.4t3.a,1600,"[2, 5]","[2, 3, 5]",False,1,"[[[1], [-2], [1]], [[1], [2], [1]], [[1], [0], [-1]], [[1], [0], [-1]], [[1], [0], [1]], [[1]]]","[[1], [1, 0, -1], [1], [1, 0, -1], [1, 0, -1], [1, 0, 1], [1, 0, 1], [1, 0, -1], [1, 0, -1], [1, -2, 1], [1, 0, -1], [1, 0, 1], [1, 2, 1], [1, 0, -1], [1, 0, -1], [1, 0, 1], [1, 0, -1], [1, -2, 1], [1, 0, -1], [1, 0, -1], [1, 0, 1], [1, 0, -1], [1, 0, -1], [1, 2, 1], [1, 0, 1], [1, 2, 1], [1, 0, -1], [1, 0, -1], [1, 2, 1], [1, 0, 1]]",0
2.1600.4t3.b,1600,"[2, 5]","[2, 5]",False,1,"[[[1], [-2], [1]], [[1], [2], [1]], [[1], [0], [-1]], [[1], [0], [-1]], [[1], [0], [1]], [[1]]]",null,0
2.1600.4t3.c,1600,"[2, 5]","[2, 3, 5]",False,1,"[[[1], [-2], [1]], [[1], [2], [1]], [[1], [0], [-1]], [[1], [0], [-1]], [[1], [0], [1]], [[1]]]",null,0
2.1603.3t2.a,1603,"[7, 229]","[2, 7, 229]",False,1,"[[[1], [-2], [1]], [[1], [0], [-1]], [[1], [1], [1]], [[1], [-1]]]","[[1, 0, -1], [1, 0, -1], [1, 0, -1], [1, -1], [1, 1, 1], [1, 1, 1], [1, 0, -1], [1, 0, -1], [1, 0, -1], [1, 0, -1], [1, 1, 1], [1, 1, 1], [1, 1, 1], [1, 1, 1], [1, 1, 1], [1, 1, 1], [1, -2, 1], [1, 0, -1], [1, 0, -1], [1, 1, 1], [1, -2, 1], [1, 0, -1], [1, 0, -1], [1, 1, 1], [1, 0, -1], [1, -2, 1], [1, 0, -1], [1, 0, -1], [1, 0, -1], [1, 0, -1]]",0
2.1603.6t3.a,1603,"[7, 229]","[2, 3, 7, 229]",False,1,"[[[1], [-2], [1]], [[1], [2], [1]], [[1], [0], [-1]], [[1], [0], [-1]], [[1], [1], [1]], [[1], [-1], [1]], [[1], [1]]]",null,0
2.1603.6t3.b,1603,"[7, 229]","[2, 3, 5, 7, 229]",False,1,"[[[1], [-2], [1]], [[1], [2], [1]], [[1], [0], [-1]], [[1], [0], [-1]], [[1], [1], [1]], [[1], [-1], [1]], [[1], [1]]]","[[1, 0, -1], [1, 0, -1], [1, 0, -1], [1, 1], [1, 1, 1], [1, -1, 1], [1, 0, -1], [1, 0, -1], [1, 0, -1], [1, 0, -1], [1, -1, 1], [1, 1, 1], [1, -1, 1], [1, 1, 1], [1, -1, 1], [1, 1, 1], [1, 2, 1], [1, 0, -1], [1, 0, -1], [1, 1, 1], [1, 2, 1], [1, 0, -1], [1, 0, -1], [1, -1, 1], [1, 0, -1], [1, 2, 1], [1, 0, -1], [1, 0, -1], [1, 0, -1], [1, 0, -1]]",0
2.1604.4t3.a,1604,"[2, 401]","[2, 5, 401]",False,1,"[[[1], [-2], [1]], [[1], [2], [1]], [[1], [0], [-1]], [[1], [0], [-1]], [[1], [0], [1]], [[1], [1]], [[1], [-1]]]",null,0
2.1604.4t3.b,1604,"[2, 401]","[2, 5, 401]",False,1,"[[[1], [-2], [1]], [[1], [2], [1]], [[1], [0], [-1]], [[1], [0], [-1]], [[1], [0], [1]], [[1], [1]], [[1], [-1]]]","[[1, 1], [1, 0, 1], [1, -2, 1], [1, 0, -1], [1, 0, -1], [1, 0, -1], [1, 0, -1], [1, 0, 1], [1, 0, 1], [1, -2, 1], [1, 0, 1], [1, 0, -1], [1, 2, 1], [1, 0, -1], [1, 0, -1], [1, 0, -1], [1, 0, 1], [1, 0, -1], [1, 0, 1], [1, 0, 1], [1, 2, 1], [1, 0, 1], [1, 0, -1], [1, 2, 1], [1, 0, -1], [1, 0, -1], [1, 0, -1], [1, 0, 1], [1, -2, 1], [1, 2, 1]]",0
2.1604.4t3.c,1604,"[2, 401]","[2, 5, 29, 401, 1109]",False,1,"[[[1], [-2], [1]], [[1], [2], [1]], [[1], [0], [-1]], [[1], [0], [-1]], [[1], [0], [1]], [[1], [1]], [[1], [-1]]]",null,0
2.1607.3t2.a,1607,[1607],"[2, 1607]",False,1,"[[[1], [-2], [1]], [[1], [0], [-1]], [[1], [1], [1]], [[1], [-1]]]","[[1, -2, 1], [1, 1, 1], [1, 0, -1], [1, 0, -1], [1, 0, -1], [1, 0, -1], [1, 1, 1], [1, 0, -1], [1, 1, 1], [1, 0, -1], [1, 1, 1], [1, 1, 1], [1, 1, 1], [1, 0, -1], [1, 0, -1], [1, 1, 1], [1, 1, 1], [1, 0, -1], [1, 1, 1], [1, 0, -1], [1, -2, 1], [1, 1, 1], [1, 0, -1], [1, 1, 1], [1, 0, -1], [1, -2, 1], [1, 1, 1], [1, 1, 1], [1, 1, 1], [1, -2, 1]]",0
2.1608.4t3.a,1608,"[2, 3, 67]","[2, 3, 67]",False,1,"[[[1], [-2], [1]], [[1], [2], [1]], [[1], [0], [-1]], [[1], [0], [-1]], [[1], [0], [1]], [[1], [-1]]]","[[1, -1], [1, -1], [1, 0, -1], [1, 0, 1], [1, 2, 1], [1, 0, 1], [1, 0, -1], [1, 2, 1], [1, 0, 1], [1, 0, 1], [1, 0, 1], [1, 0, -1], [1, 2, 1], [1, 0, -1], [1, 0, 1], [1, 0, -1], [1, 0, -1], [1, 0, 1], [1, -1], [1, 0, 1], [1, -2, 1], [1, 0, 1], [1, 0, -1], [1, 0, -1], [1, 0, -1], [1, 0, -1], [1, 0, -1], [1, 0, -1], [1, 0, 1], [1, 2, 1]]",0
2.1608.4t3.b,1608,"[2, 3, 67]","[2, 3, 67]",False,1,"[[[1], [-2], [1]], [[1], [2], [1]], [[1], [0], [-1]], [[1], [0], [-1]], [[1], [0], [1]], [[1], [1]], [[1], [-1]]]","[[1, 1], [1, 1], [1, 0, -1], [1, 0, 1], [1, -2, 1], [1, 0, 1], [1, 0, -1], [1, 2, 1], [1, 0, 1], [1, 0, 1], [1, 0, 1], [1, 0, -1], [1, -2, 1], [1, 0, -1], [1, 0, 1], [1, 0, -1], [1, 0, -1], [1, 0, 1], [1, -1], [1, 0, 1], [1, -2, 1], [1, 0, 1], [1, 0, -1], [1, 0, -1], [1, 0, -1], [1, 0, -1], [1, 0, -1], [1, 0, -1], [1, 0, 1], [1, -2, 1]]",0
2.1608.4t3.c,1608,"[2, 3, 67]","[2, 3, 5, 67]",False,1,"[[[1], [-2], [1]], [[1], [2], [1]], [[1], [0], [-1]], [[1], [0], [-1]], [[1], [0], [1]], [[1], [-1]]]",null,0
2.1608.4t3.d,1608,"[2, 3, 67]","[2, 3, 67]",False,1,"[[[1], [-2], [1]], [[1], [2], [1]], [[1], [0], [-1]], [[1], [0], [-1]], [[1], [0], [1]], [[1], [1]], [[1], [-1]]]",null,0
2.1608.4t3.e,1608,"[2, 3, 67]","[2, 3, 5, 11, 43, 67]",False,1,"[[[1], [-2], [1]], [[1], [2], [1]], [[1], [0], [-1]], [[1], [0], [-1]], [[1], [0], [1]], [[1], [1]], [[1], [-1]]]",null,0
2.1608.4t3.f,1608,"[2, 3, 67]","[2, 3, 5, 19, 67, 83]",False,1,"[[[1], [-2], [1]], [[1], [2], [1]], [[1], [0], [-1]], [[1], [0], [-1]], [[1], [0], [1]], [[1], [-1]]]",null,0
2.1612.3t2.a,1612,"[2, 13, 31]","[2, 13, 31]",False,1,"[[[1], [-2], [1]], [[1], [0], [-1]], [[1], [1], [1]], [[1]], [[1], [-1]]]","[[1], [1, 0, -1], [1, 0, -1], [1, 0, -1], [1, 1, 1], [1, -1], [1, 0, -1], [1, 0, -1], [1, 0, -1], [1, 0, -1], [1, -1], [1, 1, 1], [1, 0, -1], [1, 0, -1], [1, 0, -1], [1, 0, -1], [1, 0, -1], [1, 0, -1], [1, 0, -1], [1, 0, -1], [1, 1, 1], [1, 0, -1], [1, -2, 1], [1, 1, 1], [1, 0, -1], [1, 1, 1], [1, 1, 1], [1, 1, 1], [1, 0, -1], [1, 1, 1]]",0
2.1612.6t3.a,1612,"[2, 13, 31]","[2, 7, 13, 31]",False,1,"[[[1], [-2], [1]], [[1], [2], [1]], [[1], [0], [-1]], [[1], [0], [-1]], [[1], [1], [1]], [[1], [-1], [1]], [[1]], [[1], [1]]]","[[1], [1, 0, -1], [1, 0, -1], [1, 0, -1], [1, -1, 1], [1, 1], [1, 0, -1], [1, 0, -1], [1, 0, -1], [1, 0, -1], [1, 1], [1, -1, 1], [1, 0, -1], [1, 0, -1], [1, 0, -1], [1, 0, -1], [1, 0, -1], [1, 0, -1], [1, 0, -1], [1, 0, -1], [1, -1, 1], [1, 0, -1], [1, 2, 1], [1, -1, 1], [1, 0, -1], [1, 1, 1], [1, 1, 1], [1, 1, 1], [1, 0, -1], [1, 1, 1]]",0
2.1612.6t3.b,1612,"[2, 13, 31]","[2, 3, 13, 31]",False,1,"[[[1], [-2], [1]], [[1], [2], [1]], [[1], [0], [-1]], [[1], [0], [-1]], [[1], [1], [1]], [[1], [-1], [1]], [[1]], [[1], [1]]]",null,0
2.1615.3t2.a,1615,"[5, 17, 19]","[5, 17, 19]",False,1,"[[[1], [-2], [1]], [[1], [0], [-1]], [[1], [1], [1]], [[1], [-1]]]","[[1, 1, 1], [1, 0, -1], [1, -1], [1, 1, 1], [1, 0, -1], [1, 1, 1], [1, -1], [1, -1], [1, 1, 1], [1, -2, 1], [1, 1, 1], [1, 0, -1], [1, 1, 1], [1, 0, -1], [1, 0, -1], [1, -2, 1], [1, 0, -1], [1, 0, -1], [1, -2, 1], [1, 1, 1], [1, 1, 1], [1, -2, 1], [1, 0, -1], [1, 0, -1], [1, 0, -1], [1, 1, 1], [1, -2, 1], [1, 0, -1], [1, 1, 1], [1, 0, -1]]",0
2.1615.4t3.a,1615,"[5, 17, 19]","[2, 5, 17, 19]",False,1,"[[[1], [-2], [1]], [[1], [2], [1]], [[1], [0], [-1]], [[1], [0], [-1]], [[1], [0], [1]], [[1], [-1]], [[1], [1]]]",null,0
2.1615.4t3.b,1615,"[5, 17, 19]","[3, 5, 17, 19]",False,1,"[[[1], [-2], [1]], [[1], [2], [1]], [[1], [0], [-1]], [[1], [0], [-1]], [[1], [0], [1]], [[1], [1]], [[1], [-1]]]",null,0
2.1615.4t3.c,1615,"[5, 17, 19]","[5, 17, 19]",False,1,"[[[1], [-2], [1]], [[1], [2], [1]], [[1], [0], [-1]], [[1], [0], [-1]], [[1], [0], [1]], [[1], [1]], [[1], [-1]]]","[[1, 0, 1], [1, 0, -1], [1, 1], [1, 2, 1], [1, 0, -1], [1, 0, 1], [1, -1], [1, 1], [1, -2, 1], [1, 0, 1], [1, 0, 1], [1, 0, -1], [1, 0, 1], [1, 0, -1], [1, 0, -1], [1, 0, 1], [1, 0, -1], [1, 0, -1], [1, 0, 1], [1, 0, 1], [1, -2, 1], [1, 0, 1], [1, 0, -1], [1, 0, -1], [1, 0, -1], [1, 2, 1], [1, 0, 1], [1, 0, -1], [1, 0, 1], [1, 0, -1]]",0
2.1615.4t3.d,1615,"[5, 17, 19]","[5, 17, 19]",False,1,"[[[1], [-2], [1]], [[1], [2], [1]], [[1], [0], [-1]], [[1], [0], [-1]], [[1], [0], [1]], [[1], [-1]], [[1], [1]]]","[[1, 0, 1], [1, 0, -1], [1, -1], [1, -2, 1], [1, 0, -1], [1, 0, 1], [1, 1], [1, 1], [1, 2, 1], [1, 0, 1], [1, 0, 1], [1, 0, -1], [1, 0, 1], [1, 0, -1], [1, 0, -1], [1, 0, 1], [1, 0, -1], [1, 0, -1], [1, 0, 1], [1, 0, 1], [1, 2, 1], [1, 0, 1], [1, 0, -1], [1, 0, -1], [1, 0, -1], [1, 2, 1], [1, 0, 1], [1, 0, -1], [1, 0, 1], [1, 0, -1]]",0
2.1615.4t3.e,1615,"[5, 17, 19]","[2, 3, 5, 17, 19, 199]",False,1,"[[[1], [-2], [1]], [[1], [2], [1]], [[1], [0], [-1]], [[1], [0], [-1]], [[1], [0], [1]], [[1], [1]], [[1], [-1]]]",null,0
2.1615.4t3.f,1615,"[5, 17, 19]","[2, 3, 5, 7, 17, 19]",False,1,"[[[1], [-2], [1]], [[1], [2], [1]], [[1], [0], [-1]], [[1], [0], [-1]], [[1], [0], [1]], [[1], [-1]], [[1], [1]]]",null,0
2.1615.6t3.a,1615,"[5, 17, 19]","[3, 5, 17, 19, 29]",False,1,"[[[1], [-2], [1]], [[1], [2], [1]], [[1], [0], [-1]], [[1], [0], [-1]], [[1], [1], [1]], [[1], [-1], [1]], [[1], [1]], [[1], [-1]]]",null,0
2.1615.6t3.b,1615,"[5, 17, 19]","[3, 5, 11, 17, 19]",False,1,"[[[1], [-2], [1]], [[1], [2], [1]], [[1], [0], [-1]], [[1], [0], [-1]], [[1], [1], [1]], [[1], [-1], [1]], [[1], [1]], [[1], [-1]]]","[[1, -1, 1], [1, 0, -1], [1, 1], [1, -1, 1], [1, 0, -1], [1, -1, 1], [1, 1], [1, -1], [1, -1, 1], [1, -2, 1], [1, 1, 1], [1, 0, -1], [1, 1, 1], [1, 0, -1], [1, 0, -1], [1, 2, 1], [1, 0, -1], [1, 0, -1], [1, 2, 1], [1, 1, 1], [1, -1, 1], [1, -2, 1], [1, 0, -1], [1, 0, -1], [1, 0, -1], [1, 1, 1], [1, 2, 1], [1, 0, -1], [1, 1, 1], [1, 0, -1]]",0
2.1615.6t3.c,1615,"[5, 17, 19]","[2, 3, 5, 17, 19]",False,1,"[[[1], [-2], [1]], [[1], [2], [1]], [[1], [0], [-1]], [[1], [0], [-1]], [[1], [1], [1]], [[1], [-1], [1]], [[1], [1]], [[1], [-1]]]",null,0
2.1615.6t3.d,1615,"[5, 17, 19]","[5, 17, 19]",False,1,"[[[1], [-2], [1]], [[1], [2], [1]], [[1], [0], [-1]], [[1], [0], [-1]], [[1], [1], [1]], [[1], [-1], [1]], [[1], [-1]]]",null,0
2.1615.6t3.e,1615,"[5, 17, 19]","[3, 5, 17, 19]",False,1,"[[[1], [-2], [1]], [[1], [2], [1]], [[1], [0], [-1]], [[1], [0], [-1]], [[1], [1], [1]], [[1], [-1], [1]], [[1], [-1]]]","[[1, -1, 1], [1, 0, -1], [1, -1], [1, 1, 1], [1, 0, -1], [1, -1, 1], [1, -1], [1, -1], [1, 1, 1], [1, 2, 1], [1, -1, 1], [1, 0, -1], [1, -1, 1], [1, 0, -1], [1, 0, -1], [1, 2, 1], [1, 0, -1], [1, 0, -1], [1, 2, 1], [1, -1, 1], [1, 1, 1], [1, 2, 1], [1, 0, -1], [1, 0, -1], [1, 0, -1], [1, 1, 1], [1, 2, 1], [1, 0, -1], [1, -1, 1], [1, 0, -1]]",0
2.1615.6t3.f,1615,"[5, 17, 19]","[3, 5, 17, 19]",False,1,"[[[1], [-2], [1]], [[1], [2], [1]], [[1], [0], [-1]], [[1], [0], [-1]], [[1], [1], [1]], [[1], [-1], [1]], [[1], [1]], [[1], [-1]]]","[[1, 1, 1], [1, 0, -1], [1, 1], [1, -1, 1], [1, 0, -1], [1, 1, 1], [1, 1], [1, -1], [1, -1, 1], [1, 2, 1], [1, -1, 1], [1, 0, -1], [1, -1, 1], [1, 0, -1], [1, 0, -1], [1, -2, 1], [1, 0, -1], [1, 0, -1], [1, -2, 1], [1, -1, 1], [1, -1, 1], [1, 2, 1], [1, 0, -1], [1, 0, -1], [1, 0, -1], [1, 1, 1], [1, -2, 1], [1, 0, -1], [1, -1, 1], [1, 0, -1]]",0
2.1616.4t3.a,1616,"[2, 101]","[2, 5, 13, 101, 157]",False,1,"[[[1], [-2], [1]], [[1], [2], [1]], [[1], [0], [-1]], [[1], [0], [-1]], [[1], [0], [1]], [[1]], [[1], [1]]]",null,0
2.1616.4t3.b,1616,"[2, 101]","[2, 5, 101]",False,1,"[[[1], [-2], [1]], [[1], [2], [1]], [[1], [0], [-1]], [[1], [0], [-1]], [[1], [0], [1]], [[1]], [[1], [1]]]",null,0
2.1616.4t3.c,1616,"[2, 101]","[2, 5, 101]",False,1,"[[[1], [-2], [1]], [[1], [2], [1]], [[1], [0], [-1]], [[1], [0], [-1]], [[1], [0], [1]], [[1]], [[1], [1]]]","[[1], [1, 0, 1], [1, -2, 1], [1, 0, 1], [1, 0, 1], [1, -2, 1], [1, 2, 1], [1, 0, -1], [1, 0, -1], [1, 0, -1], [1, 0, -1], [1, 2, 1], [1, 0, -1], [1, 0, -1], [1, 0, -1], [1, 0, -1], [1, 0, 1], [1, 0, -1], [1, 0, 1], [1, 0, -1], [1, 0, -1], [1, 0, -1], [1, 0, 1], [1, 0, -1], [1, -2, 1], [1, 1], [1, 0, 1], [1, 0, -1], [1, 0, -1], [1, 0, -1]]",0
2.1616.6t3.a,1616,"[2, 101]","[2, 3, 7, 101]",True,1,"[[[1], [-2], [1]], [[1], [2], [1]], [[1], [0], [-1]], [[1], [0], [-1]], [[1], [1], [1]], [[1], [-1], [1]], [[1]], [[1], [-1]]]",null,0
2.1616.6t3.b,1616,"[2, 101]","[2, 101, 1627]",True,1,"[[[1], [-2], [1]], [[1], [2], [1]], [[1], [0], [-1]], [[1], [0], [-1]], [[1], [1], [1]], [[1], [-1], [1]], [[1]], [[1], [-1]]]",null,0
2.1619.3t2.a,1619,[1619],[1619],False,1,"[[[1], [-2], [1]], [[1], [0], [-1]], [[1], [1], [1]], [[1], [-1]]]","[[1, 0, -1], [1, 1, 1], [1, 1, 1], [1, 0, -1], [1, -2, 1], [1, 0, -1], [1, 1, 1], [1, 0, -1], [1, 0, -1], [1, 1, 1], [1, 0, -1], [1, -2, 1], [1, -2, 1], [1, -2, 1], [1, 0, -1], [1, 1, 1], [1, 0, -1], [1, 0, -1], [1, 1, 1], [1, 0, -1], [1, 0, -1], [1, 1, 1], [1, 1, 1], [1, -2, 1], [1, 0, -1], [1, 0, -1], [1, 1, 1], [1, 0, -1], [1, 1, 1], [1, 0, -1]]",0
2.1620.3t2.a,1620,"[2, 3, 5]","[2, 3, 5]",True,1,"[[[1], [-2], [1]], [[1], [0], [-1]], [[1], [1], [1]], [[1]], [[1], [-1]]]",null,0
2.1620.3t2.b,1620,"[2, 3, 5]","[2, 3, 5]",False,1,"[[[1], [-2], [1]], [[1], [0], [-1]], [[1], [1], [1]], [[1], [-1]], [[1]]]","[[1, -1], [1], [1, -1], [1, 1, 1], [1, 0, -1], [1, 0, -1], [1, 0, -1], [1, 0, -1], [1, 1, 1], [1, 1, 1], [1, 0, -1], [1, 0, -1], [1, 1, 1], [1, -2, 1], [1, 1, 1], [1, 0, -1], [1, 0, -1], [1, 1, 1], [1, 1, 1], [1, 0, -1], [1, 0, -1], [1, 0, -1], [1, 1, 1], [1, 1, 1], [1, 0, -1], [1, -2, 1], [1, -2, 1], [1, 1, 1], [1, 1, 1], [1, 0, -1]]",0
2.1620.6t3.a,1620,"[2, 3, 5]","[2, 3, 5]",False,1,"[[[1], [-2], [1]], [[1], [2], [1]], [[1], [0], [-1]], [[1], [0], [-1]], [[1], [1], [1]], [[1], [-1], [1]], [[1], [1]], [[1]]]",null,0
2.1620.6t3.b,1620,"[2, 3, 5]","[2, 3, 5]",False,1,"[[[1], [-2], [1]], [[1], [2], [1]], [[1], [0], [-1]], [[1], [0], [-1]], [[1], [1], [1]], [[1], [-1], [1]], [[1], [1]], [[1]], [[1], [-1]]]","[[1, 1], [1], [1, -1], [1, -1, 1], [1, 0, -1], [1, 0, -1], [1, 0, -1], [1, 0, -1], [1, -1, 1], [1, 1, 1], [1, 0, -1], [1, 0, -1], [1, 1, 1], [1, 2, 1], [1, -1, 1], [1, 0, -1], [1, 0, -1], [1, 1, 1], [1, -1, 1], [1, 0, -1], [1, 0, -1], [1, 0, -1], [1, -1, 1], [1, 1, 1], [1, 0, -1], [1, -2, 1], [1, 2, 1], [1, -1, 1], [1, 1, 1], [1, 0, -1]]",0
2.1620.6t3.c,1620,"[2, 3, 5]","[2, 3, 5]",False,1,"[[[1], [-2], [1]], [[1], [2], [1]], [[1], [0], [-1]], [[1], [0], [-1]], [[1], [1], [1]], [[1], [-1], [1]], [[1], [1]], [[1]]]","[[1, 1], [1], [1, 1], [1, 1, 1], [1, 0, -1], [1, 0, -1], [1, 0, -1], [1, 0, -1], [1, -1, 1], [1, -1, 1], [1, 0, -1], [1, 0, -1], [1, -1, 1], [1, -2, 1], [1, -1, 1], [1, 0, -1], [1, 0, -1], [1, 1, 1], [1, 1, 1], [1, 0, -1], [1, 0, -1], [1, 0, -1], [1, -1, 1], [1, -1, 1], [1, 0, -1], [1, 2, 1], [1, -2, 1], [1, -1, 1], [1, 1, 1], [1, 0, -1]]",0
2.1620.6t3.d,1620,"[2, 3, 5]","[2, 3, 5]",True,1,"[[[1], [-2], [1]], [[1], [2], [1]], [[1], [0], [-1]], [[1], [0], [-1]], [[1], [1], [1]], [[1], [-1], [1]], [[1]], [[1], [1]]]",null,0
2.1620.6t3.e,1620,"[2, 3, 5]","[2, 3, 5]",False,1,"[[[1], [-2], [1]], [[1], [2], [1]], [[1], [0], [-1]], [[1], [0], [-1]], [[1], [1], [1]], [[1], [-1], [1]], [[1], [-1]], [[1]], [[1], [1]]]",null,0
2.1620.6t3.f,1620,"[2, 3, 5]","[2, 3, 5, 7]",True,1,"[[[1], [-2], [1]], [[1], [2], [1]], [[1], [0], [-1]], [[1], [0], [-1]], [[1], [1], [1]], [[1], [-1], [1]], [[1]], [[1], [1]]]",null,0
2.1620.6t3.g,1620,"[2, 3, 5]","[2, 3, 5]",False,1,"[[[1], [-2], [1]], [[1], [2], [1]], [[1], [0], [-1]], [[1], [0], [-1]], [[1], [1], [1]], [[1], [-1], [1]], [[1], [1]], [[1]], [[1], [-1]]]",null,0
2.1620.6t3.h,1620,"[2, 3, 5]","[2, 3, 5, 11]",False,1,"[[[1], [-2], [1]], [[1], [2], [1]], [[1], [0], [-1]], [[1], [0], [-1]], [[1], [1], [1]], [[1], [-1], [1]], [[1], [-1]], [[1]], [[1], [1]]]","[[1, -1], [1], [1, 1], [1, -1, 1], [1, 0, -1], [1, 0, -1], [1, 0, -1], [1, 0, -1], [1, 1, 1], [1, -1, 1], [1, 0, -1], [1, 0, -1], [1, -1, 1], [1, 2, 1], [1, 1, 1], [1, 0, -1], [1, 0, -1], [1, 1, 1], [1, -1, 1], [1, 0, -1], [1, 0, -1], [1, 0, -1], [1, 1, 1], [1, -1, 1], [1, 0, -1], [1, 2, 1], [1, 2, 1], [1, 1, 1], [1, 1, 1], [1, 0, -1]]",0
2.1623.4t3.a,1623,"[3, 541]","[2, 3, 5, 7, 19, 109, 541]",False,1,"[[[1], [-2], [1]], [[1], [2], [1]], [[1], [0], [-1]], [[1], [0], [-1]], [[1], [0], [1]], [[1], [1]]]",null,0
2.1623.4t3.b,1623,"[3, 541]","[3, 541]",False,1,"[[[1], [-2], [1]], [[1], [2], [1]], [[1], [0], [-1]], [[1], [0], [-1]], [[1], [0], [1]], [[1], [1]]]","[[1, 0, 1], [1, 1], [1, 0, -1], [1, 2, 1], [1, 0, 1], [1, 0, -1], [1, 0, 1], [1, 2, 1], [1, 0, -1], [1, 0, 1], [1, -2, 1], [1, 0, -1], [1, 0, -1], [1, -2, 1], [1, 0, -1], [1, 0, -1], [1, 0, 1], [1, 0, -1], [1, 0, -1], [1, 0, 1], [1, 0, -1], [1, -2, 1], [1, 0, 1], [1, 0, 1], [1, 0, -1], [1, 0, -1], [1, 2, 1], [1, 0, 1], [1, 2, 1], [1, 0, 1]]",0
2.1623.4t3.c,1623,"[3, 541]","[2, 3, 541]",False,1,"[[[1], [-2], [1]], [[1], [2], [1]], [[1], [0], [-1]], [[1], [0], [-1]], [[1], [0], [1]], [[1], [1]]]",null,0
2.1624.4t3.a,1624,"[2, 7, 29]","[2, 7, 29]",False,1,"[[[1], [-2], [1]], [[1], [2], [1]], [[1], [0], [-1]], [[1], [0], [-1]], [[1], [0], [1]], [[1], [1]], [[1], [-1]]]","[[1, 1], [1, 0, -1], [1, 0, 1], [1, -1], [1, -2, 1], [1, 0, 1], [1, 0, 1], [1, 0, -1], [1, 2, 1], [1, 1], [1, 0, 1], [1, -2, 1], [1, 0, 1], [1, 2, 1], [1, 0, 1], [1, 0, -1], [1, 0, 1], [1, 0, -1], [1, 0, -1], [1, 2, 1], [1, 0, 1], [1, 0, -1], [1, 0, 1], [1, 0, 1], [1, 0, 1], [1, 0, -1], [1, 0, -1], [1, 0, -1], [1, 0, -1], [1, 0, -1]]",0
2.1624.4t3.b,1624,"[2, 7, 29]","[2, 3, 7, 29]",False,1,"[[[1], [-2], [1]], [[1], [2], [1]], [[1], [0], [-1]], [[1], [0], [-1]], [[1], [0], [1]], [[1], [-1]]]","[[1, -1], [1, 0, -1], [1, 0, 1], [1, -1], [1, 2, 1], [1, 0, 1], [1, 0, 1], [1, 0, -1], [1, 2, 1], [1, -1], [1, 0, 1], [1, 2, 1], [1, 0, 1], [1, -2, 1], [1, 0, 1], [1, 0, -1], [1, 0, 1], [1, 0, -1], [1, 0, -1], [1, 2, 1], [1, 0, 1], [1, 0, -1], [1, 0, 1], [1, 0, 1], [1, 0, 1], [1, 0, -1], [1, 0, -1], [1, 0, -1], [1, 0, -1], [1, 0, -1]]",0
2.1624.4t3.c,1624,"[2, 7, 29]","[2, 7, 11, 29]",False,1,"[[[1], [-2], [1]], [[1], [2], [1]], [[1], [0], [-1]], [[1], [0], [-1]], [[1], [0], [1]], [[1], [-1]]]",null,0
2.1624.4t3.d,1624,"[2, 7, 29]","[2, 3, 7, 29]",False,1,"[[[1], [-2], [1]], [[1], [2], [1]], [[1], [0], [-1]], [[1], [0], [-1]], [[1], [0], [1]], [[1], [1]], [[1], [-1]]]",null,0
2.1624.4t3.e,1624,"[2, 7, 29]","[2, 3, 7, 11, 19, 29, 43]",False,1,"[[[1], [-2], [1]], [[1], [2], [1]], [[1], [0], [-1]], [[1], [0], [-1]], [[1], [0], [1]], [[1], [-1]]]",null,0
2.1624.4t3.f,1624,"[2, 7, 29]","[2, 3, 7, 29, 37, 43]",False,1,"[[[1], [-2], [1]], [[1], [2], [1]], [[1], [0], [-1]], [[1], [0], [-1]], [[1], [0], [1]], [[1], [1]], [[1], [-1]]]",null,0
2.1631.4t3.a,1631,"[7, 233]","[2, 7, 233]",False,1,"[[[1], [-2], [1]], [[1], [2], [1]], [[1], [0], [-1]], [[1], [0], [-1]], [[1], [0], [1]], [[1], [1]]]","[[1, -2, 1], [1, 0, 1], [1, 0, 1], [1, 1], [1, 0, -1], [1, 0, -1], [1, 0, 1], [1, 0, -1], [1, 2, 1], [1, -2, 1], [1, 0, -1], [1, 2, 1], [1, 0, 1], [1, 0, -1], [1, 0, 1], [1, 0, -1], [1, 0, 1], [1, 0, 1], [1, 0, -1], [1, 2, 1], [1, 0, 1], [1, 0, -1], [1, 0, 1], [1, 0, -1], [1, 0, 1], [1, 0, -1], [1, 0, 1], [1, -2, 1], [1, -2, 1], [1, 2, 1]]",0
2.1631.4t3.b,1631,"[7, 233]","[2, 7, 101, 233]",False,1,"[[[1], [-2], [1]], [[1], [2], [1]], [[1], [0], [-1]], [[1], [0], [-1]], [[1], [0], [1]], [[1], [1]]]",null,0
2.1631.4t3.c,1631,"[7, 233]","[2, 7, 233]",False,1,"[[[1], [-2], [1]], [[1], [2], [1]], [[1], [0], [-1]], [[1], [0], [-1]], [[1], [0], [1]], [[1], [1]]]",null,0
2.1635.4t3.a,1635,"[3, 5, 109]","[2, 3, 5, 109]",False,1,"[[[1], [-2], [1]], [[1], [2], [1]], [[1], [0], [-1]], [[1], [0], [-1]], [[1], [0], [1]], [[1], [1]], [[1], [-1]]]",null,0
2.1635.4t3.b,1635,"[3, 5, 109]","[2, 3, 5, 109]",False,1,"[[[1], [-2], [1]], [[1], [2], [1]], [[1], [0], [-1]], [[1], [0], [-1]], [[1], [0], [1]], [[1], [-1]], [[1], [1]]]",null,0
2.1635.4t3.c,1635,"[3, 5, 109]","[2, 3, 5, 17, 109]",False,1,"[[[1], [-2], [1]], [[1], [2], [1]], [[1], [0], [-1]], [[1], [0], [-1]], [[1], [0], [1]], [[1], [-1]], [[1], [1]]]",null,0
2.1635.4t3.d,1635,"[3, 5, 109]","[2, 3, 5, 109, 211]",False,1,"[[[1], [-2], [1]], [[1], [2], [1]], [[1], [0], [-1]], [[1], [0], [-1]], [[1], [0], [1]], [[1], [1]], [[1], [-1]]]",null,0
2.1635.4t3.e,1635,"[3, 5, 109]","[3, 5, 109]",False,1,"[[[1], [-2], [1]], [[1], [2], [1]], [[1], [0], [-1]], [[1], [0], [-1]], [[1], [0], [1]], [[1], [-1]], [[1], [1]]]","[[1, 0, -1], [1, -1], [1, 1], [1, 0, -1], [1, 0, 1], [1, 0, 1], [1, 0, -1], [1, 0, -1], [1, 0, -1], [1, 0, -1], [1, 2, 1], [1, 0, 1], [1, 0, 1], [1, 0, -1], [1, 0, -1], [1, 0, -1], [1, 0, 1], [1, 2, 1], [1, 0, 1], [1, 0, -1], [1, 0, -1], [1, 0, -1], [1, 2, 1], [1, 0, -1], [1, 0, -1], [1, 0, 1], [1, 0, 1], [1, 0, -1], [1, 1], [1, 2, 1]]",0
2.1635.4t3.f,1635,"[3, 5, 109]","[2, 3, 5, 109]",False,1,"[[[1], [-2], [1]], [[1], [2], [1]], [[1], [0], [-1]], [[1], [0], [-1]], [[1], [0], [1]], [[1], [1]], [[1], [-1]]]","[[1, 0, -1], [1, 1], [1, -1], [1, 0, -1], [1, 0, 1], [1, 0, 1], [1, 0, -1], [1, 0, -1], [1, 0, -1], [1, 0, -1], [1, 2, 1], [1, 0, 1], [1, 0, 1], [1, 0, -1], [1, 0, -1], [1, 0, -1], [1, 0, 1], [1, 2, 1], [1, 0, 1], [1, 0, -1], [1, 0, -1], [1, 0, -1], [1, -2, 1], [1, 0, -1], [1, 0, -1], [1, 0, 1], [1, 0, 1], [1, 0, -1], [1, 1], [1, -2, 1]]",0
2.1636.4t3.a,1636,"[2, 409]","[2, 3, 17, 409, 9461]",False,1,"[[[1], [-2], [1]], [[1], [2], [1]], [[1], [0], [-1]], [[1], [0], [-1]], [[1], [0], [1]], [[1], [-1]]]",null,0
2.1636.4t3.b,1636,"[2, 409]","[2, 3, 409]",False,1,"[[[1], [-2], [1]], [[1], [2], [1]], [[1], [0], [-1]], [[1], [0], [-1]], [[1], [0], [1]], [[1], [-1]]]","[[1, -1], [1, 0, -1], [1, 2, 1], [1, 0, 1], [1, 0, 1], [1, 0, -1], [1, -2, 1], [1, 0, 1], [1, 0, -1], [1, 0, -1], [1, 0, 1], [1, 0, -1], [1, 2, 1], [1, 0, 1], [1, 0, 1], [1, 2, 1], [1, 0, 1], [1, 0, -1], [1, 0, 1], [1, 0, -1], [1, 0, -1], [1, 0, 1], [1, 0, -1], [1, 2, 1], [1, 0, -1], [1, -2, 1], [1, 0, -1], [1, 0, 1], [1, -2, 1], [1, 0, -1]]",0
2.1636.4t3.c,1636,"[2, 409]","[2, 5, 409]",False,1,"[[[1], [-2], [1]], [[1], [2], [1]], [[1], [0], [-1]], [[1], [0], [-1]], [[1], [0], [1]], [[1], [-1]]]",null,0
2.1640.4t3.a,1640,"[2, 5, 41]","[2, 5, 41]",False,1,"[[[1], [-2], [1]], [[1], [2], [1]], [[1], [0], [-1]], [[1], [0], [-1]], [[1], [0], [1]], [[1], [1]], [[1], [-1]]]",null,0
2.1640.4t3.b,1640,"[2, 5, 41]","[2, 5, 41]",False,1,"[[[1], [-2], [1]], [[1], [2], [1]], [[1], [0], [-1]], [[1], [0], [-1]], [[1], [0], [1]], [[1], [-1]]]",null,0
2.1640.4t3.c,1640,"[2, 5, 41]","[2, 5, 41]",False,1,"[[[1], [-2], [1]], [[1], [2], [1]], [[1], [0], [-1]], [[1], [0], [-1]], [[1], [0], [1]], [[1], [-1]]]","[[1, -1], [1, 0, 1], [1, -1], [1, 0, -1], [1, 0, -1], [1, 0, -1], [1, 0, 1], [1, 0, -1], [1, 2, 1], [1, 0, 1], [1, 0, -1], [1, 2, 1], [1, -1], [1, 0, -1], [1, 0, -1], [1, 0, -1], [1, 2, 1], [1, 0, -1], [1, 0, 1], [1, 0, 1], [1, 0, -1], [1, 0, 1], [1, 0, -1], [1, 0, -1], [1, 0, 1], [1, 0, 1], [1, 2, 1], [1, 0, -1], [1, 0, 1], [1, 0, -1]]",0
2.1640.4t3.d,1640,"[2, 5, 41]","[2, 5, 41]",False,1,"[[[1], [-2], [1]], [[1], [2], [1]], [[1], [0], [-1]], [[1], [0], [-1]], [[1], [0], [1]], [[1], [1]], [[1], [-1]]]","[[1, 1], [1, 0, 1], [1, 1], [1, 0, -1], [1, 0, -1], [1, 0, -1], [1, 0, 1], [1, 0, -1], [1, -2, 1], [1, 0, 1], [1, 0, -1], [1, -2, 1], [1, -1], [1, 0, -1], [1, 0, -1], [1, 0, -1], [1, 2, 1], [1, 0, -1], [1, 0, 1], [1, 0, 1], [1, 0, -1], [1, 0, 1], [1, 0, -1], [1, 0, -1], [1, 0, 1], [1, 0, 1], [1, -2, 1], [1, 0, -1], [1, 0, 1], [1, 0, -1]]",0
2.1640.4t3.e,1640,"[2, 5, 41]","[2, 5, 41]",True,1,"[[[1], [-2], [1]], [[1], [2], [1]], [[1], [0], [-1]], [[1], [0], [-1]], [[1], [0], [1]], [[1], [1]], [[1], [-1]]]",null,0
2.1640.4t3.f,1640,"[2, 5, 41]","[2, 3, 5, 41]",True,1,"[[[1], [-2], [1]], [[1], [2], [1]], [[1], [0], [-1]], [[1], [0], [-1]], [[1], [0], [1]], [[1], [-1]], [[1], [1]]]",null,0
2.1640.4t3.g,1640,"[2, 5, 41]","[2, 3, 5, 41]",True,1,"[[[1], [-2], [1]], [[1], [2], [1]], [[1], [0], [-1]], [[1], [0], [-1]], [[1], [0], [1]], [[1], [1]], [[1], [-1]]]",null,0
2.1640.4t3.h,1640,"[2, 5, 41]","[2, 3, 5, 41]",True,1,"[[[1], [-2], [1]], [[1], [2], [1]], [[1], [0], [-1]], [[1], [0], [-1]], [[1], [0], [1]], [[1], [-1]], [[1], [1]]]",null,0
2.1640.4t3.i,1640,"[2, 5, 41]","[2, 5, 7, 11, 13, 23, 37, 41]",False,1,"[[[1], [-2], [1]], [[1], [2], [1]], [[1], [0], [-1]], [[1], [0], [-1]], [[1], [0], [1]], [[1], [1]], [[1], [-1]]]",null,0
2.1640.4t3.j,1640,"[2, 5, 41]","[2, 3, 5, 23, 31, 41, 43, 89, 277]",True,1,"[[[1], [-2], [1]], [[1], [2], [1]], [[1], [0], [-1]], [[1], [0], [-1]], [[1], [0], [1]], [[1], [1]], [[1], [-1]]]",null,0
2.1640.4t3.k,1640,"[2, 5, 41]","[2, 5, 23, 41, 1009, 4651]",False,1,"[[[1], [-2], [1]], [[1], [2], [1]], [[1], [0], [-1]], [[1], [0], [-1]], [[1], [0], [1]], [[1], [-1]]]",null,0
2.1640.4t3.l,1640,"[2, 5, 41]","[2, 3, 5, 41, 83]",True,1,"[[[1], [-2], [1]], [[1], [2], [1]], [[1], [0], [-1]], [[1], [0], [-1]], [[1], [0], [1]], [[1], [-1]], [[1], [1]]]",null,0
2.1647.3t2.a,1647,"[3, 61]","[3, 61]",False,1,"[[[1], [-2], [1]], [[1], [0], [-1]], [[1], [1], [1]], [[1]], [[1], [-1]]]","[[1, 1, 1], [1], [1, 0, -1], [1, 0, -1], [1, 1, 1], [1, -2, 1], [1, 1, 1], [1, 1, 1], [1, -2, 1], [1, 1, 1], [1, 0, -1], [1, 0, -1], [1, 0, -1], [1, 0, -1], [1, 0, -1], [1, -2, 1], [1, 1, 1], [1, -1], [1, 0, -1], [1, -2, 1], [1, 1, 1], [1, 0, -1], [1, 0, -1], [1, -2, 1], [1, 1, 1], [1, -2, 1], [1, 1, 1], [1, 0, -1], [1, 1, 1], [1, 0, -1]]",0
2.1647.6t3.a,1647,"[3, 61]","[3, 13, 61]",False,1,"[[[1], [-2], [1]], [[1], [2], [1]], [[1], [0], [-1]], [[1], [0], [-1]], [[1], [1], [1]], [[1], [-1], [1]], [[1]], [[1], [-1]]]","[[1, -1, 1], [1], [1, 0, -1], [1, 0, -1], [1, -1, 1], [1, -2, 1], [1, -1, 1], [1, 1, 1], [1, 2, 1], [1, -1, 1], [1, 0, -1], [1, 0, -1], [1, 0, -1], [1, 0, -1], [1, 0, -1], [1, 2, 1], [1, -1, 1], [1, -1], [1, 0, -1], [1, 2, 1], [1, 1, 1], [1, 0, -1], [1, 0, -1], [1, 2, 1], [1, 1, 1], [1, 2, 1], [1, 1, 1], [1, 0, -1], [1, 1, 1], [1, 0, -1]]",0
2.1647.6t3.b,1647,"[3, 61]","[3, 61]",False,1,"[[[1], [-2], [1]], [[1], [2], [1]], [[1], [0], [-1]], [[1], [0], [-1]], [[1], [1], [1]], [[1], [-1], [1]], [[1]], [[1], [-1]]]",null,0
2.1651.4t3.a,1651,"[13, 127]","[2, 3, 13, 127]",False,1,"[[[1], [-2], [1]], [[1], [2], [1]], [[1], [0], [-1]], [[1], [0], [-1]], [[1], [0], [1]], [[1], [-1]]]",null,0
2.1651.4t3.b,1651,"[13, 127]","[2, 13, 127]",False,1,"[[[1], [-2], [1]], [[1], [2], [1]], [[1], [0], [-1]], [[1], [0], [-1]], [[1], [0], [1]], [[1], [-1]]]","[[1, 0, -1], [1, 0, -1], [1, 0, 1], [1, 0, 1], [1, 0, -1], [1, -1], [1, 2, 1], [1, 0, -1], [1, 0, -1], [1, 0, -1], [1, 0, -1], [1, 0, -1], [1, 0, -1], [1, 0, -1], [1, 0, -1], [1, 0, -1], [1, 0, 1], [1, -2, 1], [1, 0, 1], [1, 0, -1], [1, 0, -1], [1, 2, 1], [1, 0, 1], [1, 0, 1], [1, 0, 1], [1, 0, -1], [1, 2, 1], [1, 2, 1], [1, 0, 1], [1, -2, 1]]",0
2.1651.4t3.c,1651,"[13, 127]","[2, 3, 11, 13, 41, 127]",False,1,"[[[1], [-2], [1]], [[1], [2], [1]], [[1], [0], [-1]], [[1], [0], [-1]], [[1], [0], [1]], [[1], [-1]]]",null,0
2.1655.4t3.a,1655,"[5, 331]","[5, 17, 331]",False,1,"[[[1], [-2], [1]], [[1], [2], [1]], [[1], [0], [-1]], [[1], [0], [-1]], [[1], [0], [1]], [[1], [1]]]","[[1, 0, 1], [1, 0, 1], [1, 1], [1, 0, 1], [1, 0, -1], [1, 0, 1], [1, 0, -1], [1, -2, 1], [1, 0, 1], [1, 0, -1], [1, -2, 1], [1, 0, 1], [1, 0, -1], [1, 0, -1], [1, 0, 1], [1, 0, -1], [1, 0, -1], [1, 0, -1], [1, 0, -1], [1, -2, 1], [1, 0, 1], [1, 2, 1], [1, 0, -1], [1, -2, 1], [1, 0, 1], [1, 0, -1], [1, 0, -1], [1, 0, 1], [1, -2, 1], [1, 0, -1]]",0
2.1655.4t3.b,1655,"[5, 331]","[5, 19, 37, 53, 127, 331, 599]",False,1,"[[[1], [-2], [1]], [[1], [2], [1]], [[1], [0], [-1]], [[1], [0], [-1]], [[1], [0], [1]], [[1], [1]]]",null,0
2.1655.4t3.c,1655,"[5, 331]","[5, 17, 331]",False,1,"[[[1], [-2], [1]], [[1], [2], [1]], [[1], [0], [-1]], [[1], [0], [-1]], [[1], [0], [1]], [[1], [1]]]",null,0
2.1656.4t3.a,1656,"[2, 3, 23]","[2, 3, 23, 101]",False,1,"[[[1], [-2], [1]], [[1], [2], [1]], [[1], [0], [-1]], [[1], [0], [-1]], [[1], [0], [1]], [[1], [-1]], [[1]]]",null,0
2.1656.4t3.b,1656,"[2, 3, 23]","[2, 3, 23]",False,1,"[[[1], [-2], [1]], [[1], [2], [1]], [[1], [0], [-1]], [[1], [0], [-1]], [[1], [0], [1]], [[1], [-1]], [[1]]]","[[1, -1], [1], [1, 0, 1], [1, 0, -1], [1, 0, 1], [1, 0, -1], [1, 0, -1], [1, 0, 1], [1, -1], [1, 0, -1], [1, 2, 1], [1, 0, 1], [1, -2, 1], [1, 0, 1], [1, 2, 1], [1, 0, 1], [1, 0, -1], [1, 0, 1], [1, 0, 1], [1, 2, 1], [1, 2, 1], [1, 0, -1], [1, 0, 1], [1, 0, -1], [1, 0, -1], [1, 0, -1], [1, 0, -1], [1, 0, 1], [1, 0, 1], [1, 0, -1]]",0
2.1656.4t3.c,1656,"[2, 3, 23]","[2, 3, 23]",False,1,"[[[1], [-2], [1]], [[1], [2], [1]], [[1], [0], [-1]], [[1], [0], [-1]], [[1], [0], [1]], [[1], [-1]], [[1]]]",null,0
2.1659.4t3.a,1659,"[3, 7, 79]","[2, 3, 7, 79]",False,1,"[[[1], [-2], [1]], [[1], [2], [1]], [[1], [0], [-1]], [[1], [0], [-1]], [[1], [0], [1]], [[1], [-1]], [[1], [1]]]",null,0
2.1659.4t3.b,1659,"[3, 7, 79]","[2, 3, 7, 79]",False,1,"[[[1], [-2], [1]], [[1], [2], [1]], [[1], [0], [-1]], [[1], [0], [-1]], [[1], [0], [1]], [[1], [1]], [[1], [-1]]]",null,0
2.1659.4t3.c,1659,"[3, 7, 79]","[2, 3, 7, 79, 409]",False,1,"[[[1], [-2], [1]], [[1], [2], [1]], [[1], [0], [-1]], [[1], [0], [-1]], [[1], [0], [1]], [[1], [1]], [[1], [-1]]]",null,0
2.1659.4t3.d,1659,"[3, 7, 79]","[2, 3, 7, 17, 41, 79, 229]",False,1,"[[[1], [-2], [1]], [[1], [2], [1]], [[1], [0], [-1]], [[1], [0], [-1]], [[1], [0], [1]], [[1], [-1]], [[1], [1]]]",null,0
2.1659.4t3.e,1659,"[3, 7, 79]","[2, 3, 7, 79]",False,1,"[[[1], [-2], [1]], [[1], [2], [1]], [[1], [0], [-1]], [[1], [0], [-1]], [[1], [0], [1]], [[1], [-1]], [[1], [1]]]","[[1, 0, -1], [1, -1], [1, 0, 1], [1, 1], [1, 0, -1], [1, 0, -1], [1, 0, -1], [1, 0, -1], [1, 0, -1], [1, 0, 1], [1, 0, -1], [1, 0, -1], [1, 0, -1], [1, 0, -1], [1, 0, -1], [1, 0, 1], [1, 0, -1], [1, 2, 1], [1, 2, 1], [1, 0, 1], [1, 0, -1], [1, 1], [1, 0, 1], [1, 0, 1], [1, 0, -1], [1, 0, 1], [1, 2, 1], [1, 0, 1], [1, 0, -1], [1, 0, 1]]",0
2.1659.4t3.f,1659,"[3, 7, 79]","[2, 3, 7, 79]",False,1,"[[[1], [-2], [1]], [[1], [2], [1]], [[1], [0], [-1]], [[1], [0], [-1]], [[1], [0], [1]], [[1], [1]], [[1], [-1]]]","[[1, 0, -1], [1, 1], [1, 0, 1], [1, -1], [1, 0, -1], [1, 0, -1], [1, 0, -1], [1, 0, -1], [1, 0, -1], [1, 0, 1], [1, 0, -1], [1, 0, -1], [1, 0, -1], [1, 0, -1], [1, 0, -1], [1, 0, 1], [1, 0, -1], [1, -2, 1], [1, 2, 1], [1, 0, 1], [1, 0, -1], [1, 1], [1, 0, 1], [1, 0, 1], [1, 0, -1], [1, 0, 1], [1, -2, 1], [1, 0, 1], [1, 0, -1], [1, 0, 1]]",0
2.1664.4t3.a,1664,"[2, 13]","[2, 5, 13]",False,1,"[[[1], [-2], [1]], [[1], [2], [1]], [[1], [0], [-1]], [[1], [0], [-1]], [[1], [0], [1]], [[1]], [[1], [-1]]]",null,0
2.1664.4t3.b,1664,"[2, 13]","[2, 5, 13, 2417]",False,1,"[[[1], [-2], [1]], [[1], [2], [1]], [[1], [0], [-1]], [[1], [0], [-1]], [[1], [0], [1]], [[1]], [[1], [1]]]",null,0
2.1664.4t3.c,1664,"[2, 13]","[2, 5, 13]",False,1,"[[[1], [-2], [1]], [[1], [2], [1]], [[1], [0], [-1]], [[1], [0], [-1]], [[1], [0], [1]], [[1]], [[1], [-1]]]",null,0
2.1664.4t3.d,1664,"[2, 13]","[2, 13]",False,1,"[[[1], [-2], [1]], [[1], [2], [1]], [[1], [0], [-1]], [[1], [0], [-1]], [[1], [0], [1]], [[1]], [[1], [1]]]",null,0
2.1664.4t3.e,1664,"[2, 13]","[2, 13]",False,1,"[[[1], [-2], [1]], [[1], [2], [1]], [[1], [0], [-1]], [[1], [0], [-1]], [[1], [0], [1]], [[1]], [[1], [-1]]]","[[1], [1, 0, 1], [1, 2, 1], [1, 0, 1], [1, 0, -1], [1, -1], [1, -2, 1], [1, 0, -1], [1, 0, -1], [1, 0, -1], [1, 0, 1], [1, -2, 1], [1, 0, -1], [1, 0, 1], [1, 0, 1], [1, 0, -1], [1, 0, -1], [1, 0, -1], [1, 0, -1], [1, 0, 1], [1, 0, -1], [1, 0, -1], [1, 0, -1], [1, 0, -1], [1, 0, -1], [1, 0, -1], [1, 0, -1], [1, 0, 1], [1, -2, 1], [1, 2, 1]]",0
2.1664.4t3.f,1664,"[2, 13]","[2, 5, 13]",False,1,"[[[1], [-2], [1]], [[1], [2], [1]], [[1], [0], [-1]], [[1], [0], [-1]], [[1], [0], [1]], [[1]], [[1], [1]]]","[[1], [1, 0, 1], [1, -2, 1], [1, 0, 1], [1, 0, -1], [1, 1], [1, -2, 1], [1, 0, -1], [1, 0, -1], [1, 0, -1], [1, 0, 1], [1, 2, 1], [1, 0, -1], [1, 0, 1], [1, 0, 1], [1, 0, -1], [1, 0, -1], [1, 0, -1], [1, 0, -1], [1, 0, 1], [1, 0, -1], [1, 0, -1], [1, 0, -1], [1, 0, -1], [1, 0, -1], [1, 0, -1], [1, 0, -1], [1, 0, 1], [1, 2, 1], [1, 2, 1]]",0
2.1668.3t2.a,1668,"[2, 3, 139]","[2, 3, 139]",False,1,"[[[1], [-2], [1]], [[1], [0], [-1]], [[1], [1], [1]], [[1], [-1]]]","[[1, -1], [1, -1], [1, 0, -1], [1, 0, -1], [1, 1, 1], [1, 1, 1], [1, 1, 1], [1, 1, 1], [1, 0, -1], [1, 0, -1], [1, 0, -1], [1, 1, 1], [1, 0, -1], [1, 1, 1], [1, 1, 1], [1, 1, 1], [1, 0, -1], [1, 0, -1], [1, 0, -1], [1, -2, 1], [1, 0, -1], [1, 0, -1], [1, -2, 1], [1, 0, -1], [1, 0, -1], [1, 1, 1], [1, 1, 1], [1, -2, 1], [1, 0, -1], [1, 0, -1]]",0
2.1668.6t3.a,1668,"[2, 3, 139]","[2, 3, 5, 139]",False,1,"[[[1], [-2], [1]], [[1], [2], [1]], [[1], [0], [-1]], [[1], [0], [-1]], [[1], [1], [1]], [[1], [-1], [1]], [[1], [1]]]",null,0
2.1668.6t3.b,1668,"[2, 3, 139]","[2, 3, 139]",False,1,"[[[1], [-2], [1]], [[1], [2], [1]], [[1], [0], [-1]], [[1], [0], [-1]], [[1], [1], [1]], [[1], [-1], [1]], [[1], [1]], [[1], [-1]]]",null,0
2.1668.6t3.c,1668,"[2, 3, 139]","[2, 3, 139]",False,1,"[[[1], [-2], [1]], [[1], [2], [1]], [[1], [0], [-1]], [[1], [0], [-1]], [[1], [1], [1]], [[1], [-1], [1]], [[1], [1]]]","[[1, 1], [1, 1], [1, 0, -1], [1, 0, -1], [1, 1, 1], [1, 1, 1], [1, -1, 1], [1, -1, 1], [1, 0, -1], [1, 0, -1], [1, 0, -1], [1, 1, 1], [1, 0, -1], [1, -1, 1], [1, 1, 1], [1, -1, 1], [1, 0, -1], [1, 0, -1], [1, 0, -1], [1, -2, 1], [1, 0, -1], [1, 0, -1], [1, -2, 1], [1, 0, -1], [1, 0, -1], [1, -1, 1], [1, -1, 1], [1, -2, 1], [1, 0, -1], [1, 0, -1]]",0
2.1668.6t3.d,1668,"[2, 3, 139]","[2, 3, 5, 139]",False,1,"[[[1], [-2], [1]], [[1], [2], [1]], [[1], [0], [-1]], [[1], [0], [-1]], [[1], [1], [1]], [[1], [-1], [1]], [[1], [1]], [[1], [-1]]]","[[1, 1], [1, -1], [1, 0, -1], [1, 0, -1], [1, -1, 1], [1, 1, 1], [1, -1, 1], [1, 1, 1], [1, 0, -1], [1, 0, -1], [1, 0, -1], [1, 1, 1], [1, 0, -1], [1, 1, 1], [1, -1, 1], [1, -1, 1], [1, 0, -1], [1, 0, -1], [1, 0, -1], [1, 2, 1], [1, 0, -1], [1, 0, -1], [1, 2, 1], [1, 0, -1], [1, 0, -1], [1, -1, 1], [1, 1, 1], [1, 2, 1], [1, 0, -1], [1, 0, -1]]",0
2.1668.6t3.e,1668,"[2, 3, 139]","[2, 3, 59, 139]",False,1,"[[[1], [-2], [1]], [[1], [2], [1]], [[1], [0], [-1]], [[1], [0], [-1]], [[1], [1], [1]], [[1], [-1], [1]], [[1], [-1]], [[1], [1]]]",null,0
2.1668.6t3.f,1668,"[2, 3, 139]","[2, 3, 23, 139]",False,1,"[[[1], [-2], [1]], [[1], [2], [1]], [[1], [0], [-1]], [[1], [0], [-1]], [[1], [1], [1]], [[1], [-1], [1]], [[1], [-1]], [[1], [1]]]","[[1, -1], [1, 1], [1, 0, -1], [1, 0, -1], [1, -1, 1], [1, 1, 1], [1, 1, 1], [1, -1, 1], [1, 0, -1], [1, 0, -1], [1, 0, -1], [1, 1, 1], [1, 0, -1], [1, -1, 1], [1, -1, 1], [1, 1, 1], [1, 0, -1], [1, 0, -1], [1, 0, -1], [1, 2, 1], [1, 0, -1], [1, 0, -1], [1, 2, 1], [1, 0, -1], [1, 0, -1], [1, 1, 1], [1, -1, 1], [1, 2, 1], [1, 0, -1], [1, 0, -1]]",0
2.1672.4t3.a,1672,"[2, 11, 19]","[2, 3, 5, 11, 19, 139]",False,1,"[[[1], [-2], [1]], [[1], [2], [1]], [[1], [0], [-1]], [[1], [0], [-1]], [[1], [0], [1]], [[1], [-1]], [[1], [1]]]",null,0
2.1672.4t3.b,1672,"[2, 11, 19]","[2, 3, 5, 11, 19, 107]",False,1,"[[[1], [-2], [1]], [[1], [2], [1]], [[1], [0], [-1]], [[1], [0], [-1]], [[1], [0], [1]], [[1], [1]], [[1], [-1]]]",null,0
2.1672.4t3.c,1672,"[2, 11, 19]","[2, 11, 19]",False,1,"[[[1], [-2], [1]], [[1], [2], [1]], [[1], [0], [-1]], [[1], [0], [-1]], [[1], [0], [1]], [[1], [-1]], [[1], [1]]]","[[1, -1], [1, 0, -1], [1, 0, -1], [1, 0, 1], [1, 1], [1, 0, -1], [1, 0, -1], [1, 1], [1, 0, -1], [1, 0, -1], [1, 0, 1], [1, 0, 1], [1, 2, 1], [1, 0, -1], [1, 0, -1], [1, 0, 1], [1, 0, -1], [1, 0, 1], [1, 0, -1], [1, 0, 1], [1, 0, -1], [1, 0, -1], [1, 0, -1], [1, 0, -1], [1, 0, -1], [1, 0, 1], [1, 0, 1], [1, 2, 1], [1, 0, -1], [1, 0, -1]]",0
2.1672.4t3.d,1672,"[2, 11, 19]","[2, 5, 11, 19]",False,1,"[[[1], [-2], [1]], [[1], [2], [1]], [[1], [0], [-1]], [[1], [0], [-1]], [[1], [0], [1]], [[1], [1]], [[1], [-1]]]","[[1, 1], [1, 0, -1], [1, 0, -1], [1, 0, 1], [1, 1], [1, 0, -1], [1, 0, -1], [1, -1], [1, 0, -1], [1, 0, -1], [1, 0, 1], [1, 0, 1], [1, -2, 1], [1, 0, -1], [1, 0, -1], [1, 0, 1], [1, 0, -1], [1, 0, 1], [1, 0, -1], [1, 0, 1], [1, 0, -1], [1, 0, -1], [1, 0, -1], [1, 0, -1], [1, 0, -1], [1, 0, 1], [1, 0, 1], [1, -2, 1], [1, 0, -1], [1, 0, -1]]",0
2.1672.4t3.e,1672,"[2, 11, 19]","[2, 3, 5, 11, 19]",False,1,"[[[1], [-2], [1]], [[1], [2], [1]], [[1], [0], [-1]], [[1], [0], [-1]], [[1], [0], [1]], [[1], [1]], [[1], [-1]]]",null,0
2.1672.4t3.f,1672,"[2, 11, 19]","[2, 3, 11, 19]",False,1,"[[[1], [-2], [1]], [[1], [2], [1]], [[1], [0], [-1]], [[1], [0], [-1]], [[1], [0], [1]], [[1], [-1]], [[1], [1]]]",null,0
2.1675.3t2.a,1675,"[5, 67]","[5, 67]",False,1,"[[[1], [-2], [1]], [[1], [0], [-1]], [[1], [1], [1]], [[1]], [[1], [-1]]]","[[1, 0, -1], [1, 0, -1], [1], [1, 0, -1], [1, 0, -1], [1, 0, -1], [1, 1, 1], [1, 1, 1], [1, -2, 1], [1, 1, 1], [1, 0, -1], [1, 1, 1], [1, 0, -1], [1, 0, -1], [1, 1, 1], [1, 0, -1], [1, 1, 1], [1, 0, -1], [1, -1], [1, 1, 1], [1, -2, 1], [1, 0, -1], [1, 1, 1], [1, 1, 1], [1, 0, -1], [1, 0, -1], [1, 1, 1], [1, 1, 1], [1, 0, -1], [1, 0, -1]]",0
2.1675.6t3.a,1675,"[5, 67]","[2, 5, 43, 67]",False,1,"[[[1], [-2], [1]], [[1], [2], [1]], [[1], [0], [-1]], [[1], [0], [-1]], [[1], [1], [1]], [[1], [-1], [1]], [[1]], [[1], [1]]]",null,0
2.1675.6t3.b,1675,"[5, 67]","[2, 3, 5, 67]",False,1,"[[[1], [-2], [1]], [[1], [2], [1]], [[1], [0], [-1]], [[1], [0], [-1]], [[1], [1], [1]], [[1], [-1], [1]], [[1]], [[1], [1]]]","[[1, 0, -1], [1, 0, -1], [1], [1, 0, -1], [1, 0, -1], [1, 0, -1], [1, -1, 1], [1, 1, 1], [1, 2, 1], [1, 1, 1], [1, 0, -1], [1, -1, 1], [1, 0, -1], [1, 0, -1], [1, -1, 1], [1, 0, -1], [1, 1, 1], [1, 0, -1], [1, 1], [1, 1, 1], [1, 2, 1], [1, 0, -1], [1, -1, 1], [1, 1, 1], [1, 0, -1], [1, 0, -1], [1, -1, 1], [1, -1, 1], [1, 0, -1], [1, 0, -1]]",0
2.1677.4t3.a,1677,"[3, 13, 43]","[2, 3, 13, 43]",True,1,"[[[1], [-2], [1]], [[1], [2], [1]], [[1], [0], [-1]], [[1], [0], [-1]], [[1], [0], [1]], [[1], [1]], [[1], [-1]]]",null,0
2.1677.4t3.b,1677,"[3, 13, 43]","[2, 3, 13, 43]",True,1,"[[[1], [-2], [1]], [[1], [2], [1]], [[1], [0], [-1]], [[1], [0], [-1]], [[1], [0], [1]], [[1], [-1]], [[1], [1]]]",null,0
2.1677.4t3.c,1677,"[3, 13, 43]","[2, 3, 13, 43]",True,1,"[[[1], [-2], [1]], [[1], [2], [1]], [[1], [0], [-1]], [[1], [0], [-1]], [[1], [0], [1]], [[1], [1]], [[1], [-1]]]",null,0
2.1677.4t3.d,1677,"[3, 13, 43]","[2, 3, 5, 13, 43]",True,1,"[[[1], [-2], [1]], [[1], [2], [1]], [[1], [0], [-1]], [[1], [0], [-1]], [[1], [0], [1]], [[1], [-1]], [[1], [1]]]",null,0
2.1677.4t3.e,1677,"[3, 13, 43]","[3, 13, 43]",True,1,"[[[1], [-2], [1]], [[1], [2], [1]], [[1], [0], [-1]], [[1], [0], [-1]], [[1], [0], [1]], [[1], [1]], [[1], [-1]]]",null,0
2.1677.4t3.f,1677,"[3, 13, 43]","[3, 5, 13, 43]",True,1,"[[[1], [-2], [1]], [[1], [2], [1]], [[1], [0], [-1]], [[1], [0], [-1]], [[1], [0], [1]], [[1], [-1]], [[1], [1]]]",null,0
2.1679.4t3.a,1679,"[23, 73]","[2, 3, 23, 73]",False,1,"[[[1], [-2], [1]], [[1], [2], [1]], [[1], [0], [-1]], [[1], [0], [-1]], [[1], [0], [1]], [[1], [1]]]",null,0
2.1679.4t3.b,1679,"[23, 73]","[2, 3, 23, 73]",False,1,"[[[1], [-2], [1]], [[1], [2], [1]], [[1], [0], [-1]], [[1], [0], [-1]], [[1], [0], [1]], [[1], [1]]]","[[1, 2, 1], [1, -2, 1], [1, 0, 1], [1, 0, 1], [1, 0, 1], [1, 0, -1], [1, 0, 1], [1, 0, -1], [1, 1], [1, 0, -1], [1, 0, -1], [1, 0, -1], [1, -2, 1], [1, 0, 1], [1, 0, -1], [1, 0, 1], [1, 0, -1], [1, 0, -1], [1, 0, -1], [1, 2, 1], [1, 1], [1, 0, -1], [1, 0, 1], [1, 0, -1], [1, 0, -1], [1, 0, -1], [1, 0, 1], [1, 0, 1], [1, 0, -1], [1, 0, 1]]",0
2.1679.4t3.c,1679,"[23, 73]","[2, 3, 5, 23, 73, 347]",False,1,"[[[1], [-2], [1]], [[1], [2], [1]], [[1], [0], [-1]], [[1], [0], [-1]], [[1], [0], [1]], [[1], [1]]]",null,0
2.1680.4t3.a,1680,"[2, 3, 5, 7]","[2, 3, 5, 7, 41, 43, 47]",False,1,"[[[1], [-2], [1]], [[1], [2], [1]], [[1], [0], [-1]], [[1], [0], [-1]], [[1], [0], [1]], [[1]], [[1], [1]]]",null,0
2.1680.4t3.b,1680,"[2, 3, 5, 7]","[2, 3, 5, 7, 127]",False,1,"[[[1], [-2], [1]], [[1], [2], [1]], [[1], [0], [-1]], [[1], [0], [-1]], [[1], [0], [1]], [[1]], [[1], [-1]], [[1], [1]]]",null,0
2.1680.4t3.c,1680,"[2, 3, 5, 7]","[2, 3, 5, 7, 461]",False,1,"[[[1], [-2], [1]], [[1], [2], [1]], [[1], [0], [-1]], [[1], [0], [-1]], [[1], [0], [1]], [[1]], [[1], [1]], [[1], [-1]]]",null,0
2.1680.4t3.d,1680,"[2, 3, 5, 7]","[2, 3, 5, 7, 709]",False,1,"[[[1], [-2], [1]], [[1], [2], [1]], [[1], [0], [-1]], [[1], [0], [-1]], [[1], [0], [1]], [[1]], [[1], [-1]], [[1], [1]]]",null,0
2.1680.4t3.e,1680,"[2, 3, 5, 7]","[2, 3, 5, 7]",False,1,"[[[1], [-2], [1]], [[1], [2], [1]], [[1], [0], [-1]], [[1], [0], [-1]], [[1], [0], [1]], [[1]], [[1], [1]]]","[[1], [1, 1], [1, 1], [1, 1], [1, 0, 1], [1, 0, 1], [1, 0, -1], [1, 0, 1], [1, 0, -1], [1, 0, -1], [1, 0, 1], [1, 0, -1], [1, -2, 1], [1, -2, 1], [1, -2, 1], [1, 0, 1], [1, 0, -1], [1, 0, -1], [1, 2, 1], [1, 0, 1], [1, 0, 1], [1, 0, -1], [1, -2, 1], [1, 2, 1], [1, 0, 1], [1, -2, 1], [1, 0, -1], [1, 0, -1], [1, 2, 1], [1, 0, 1]]",0
2.1680.4t3.f,1680,"[2, 3, 5, 7]","[2, 3, 5, 7]",False,1,"[[[1], [-2], [1]], [[1], [2], [1]], [[1], [0], [-1]], [[1], [0], [-1]], [[1], [0], [1]], [[1]], [[1], [-1]], [[1], [1]]]","[[1], [1, -1], [1, 1], [1, -1], [1, 0, 1], [1, 0, 1], [1, 0, -1], [1, 0, 1], [1, 0, -1], [1, 0, -1], [1, 0, 1], [1, 0, -1], [1, -2, 1], [1, 2, 1], [1, 2, 1], [1, 0, 1], [1, 0, -1], [1, 0, -1], [1, -2, 1], [1, 0, 1], [1, 0, 1], [1, 0, -1], [1, 2, 1], [1, 2, 1], [1, 0, 1], [1, -2, 1], [1, 0, -1], [1, 0, -1], [1, 2, 1], [1, 0, 1]]",0
2.1680.4t3.g,1680,"[2, 3, 5, 7]","[2, 3, 5, 7]",False,1,"[[[1], [-2], [1]], [[1], [2], [1]], [[1], [0], [-1]], [[1], [0], [-1]], [[1], [0], [1]], [[1]], [[1], [1]], [[1], [-1]]]","[[1], [1, 1], [1, -1], [1, -1], [1, 0, 1], [1, 0, 1], [1, 0, -1], [1, 0, 1], [1, 0, -1], [1, 0, -1], [1, 0, 1], [1, 0, -1], [1, 2, 1], [1, 2, 1], [1, -2, 1], [1, 0, 1], [1, 0, -1], [1, 0, -1], [1, -2, 1], [1, 0, 1], [1, 0, 1], [1, 0, -1], [1, -2, 1], [1, -2, 1], [1, 0, 1], [1, 2, 1], [1, 0, -1], [1, 0, -1], [1, 2, 1], [1, 0, 1]]",0
2.1680.4t3.h,1680,"[2, 3, 5, 7]","[2, 3, 5, 7]",False,1,"[[[1], [-2], [1]], [[1], [2], [1]], [[1], [0], [-1]], [[1], [0], [-1]], [[1], [0], [1]], [[1]], [[1], [-1]], [[1], [1]]]","[[1], [1, -1], [1, -1], [1, 1], [1, 0, 1], [1, 0, 1], [1, 0, -1], [1, 0, 1], [1, 0, -1], [1, 0, -1], [1, 0, 1], [1, 0, -1], [1, 2, 1], [1, -2, 1], [1, 2, 1], [1, 0, 1], [1, 0, -1], [1, 0, -1], [1, 2, 1], [1, 0, 1], [1, 0, 1], [1, 0, -1], [1, 2, 1], [1, -2, 1], [1, 0, 1], [1, 2, 1], [1, 0, -1], [1, 0, -1], [1, 2, 1], [1, 0, 1]]",0
2.1680.4t3.i,1680,"[2, 3, 5, 7]","[2, 3, 5, 7]",False,1,"[[[1], [-2], [1]], [[1], [2], [1]], [[1], [0], [-1]], [[1], [0], [-1]], [[1], [0], [1]], [[1]], [[1], [-1]], [[1], [1]]]",null,0
2.1680.4t3.j,1680,"[2, 3, 5, 7]","[2, 3, 5, 7]",False,1,"[[[1], [-2], [1]], [[1], [2], [1]], [[1], [0], [-1]], [[1], [0], [-1]], [[1], [0], [1]], [[1]], [[1], [1]], [[1], [-1]]]",null,0
2.1680.4t3.k,1680,"[2, 3, 5, 7]","[2, 3, 5, 7]",False,1,"[[[1], [-2], [1]], [[1], [2], [1]], [[1], [0], [-1]], [[1], [0], [-1]], [[1], [0], [1]], [[1]], [[1], [-1]], [[1], [1]]]",null,0
2.1680.4t3.l,1680,"[2, 3, 5, 7]","[2, 3, 5, 7]",False,1,"[[[1], [-2], [1]], [[1], [2], [1]], [[1], [0], [-1]], [[1], [0], [-1]], [[1], [0], [1]], [[1]], [[1], [1]]]",null,0
2.1683.4t3.a,1683,"[3, 11, 17]","[2, 3, 11, 17]",False,1,"[[[1], [-2], [1]], [[1], [2], [1]], [[1], [0], [-1]], [[1], [0], [-1]], [[1], [0], [1]], [[1]], [[1], [-1]], [[1], [1]]]","[[1, 0, -1], [1], [1, 0, -1], [1, 0, 1], [1, -1], [1, 0, -1], [1, 1], [1, 0, -1], [1, 0, -1], [1, 2, 1], [1, 0, -1], [1, 0, -1], [1, -2, 1], [1, 0, -1], [1, 0, 1], [1, 0, 1], [1, 0, 1], [1, 0, 1], [1, 2, 1], [1, 0, -1], [1, 0, 1], [1, 0, 1], [1, 0, -1], [1, 0, 1], [1, 0, -1], [1, 0, -1], [1, 2, 1], [1, -2, 1], [1, 0, 1], [1, 0, -1]]",0
2.1683.4t3.b,1683,"[3, 11, 17]","[3, 11, 17]",False,1,"[[[1], [-2], [1]], [[1], [2], [1]], [[1], [0], [-1]], [[1], [0], [-1]], [[1], [0], [1]], [[1]], [[1], [1]], [[1], [-1]]]","[[1, 0, -1], [1], [1, 0, -1], [1, 0, 1], [1, 1], [1, 0, -1], [1, -1], [1, 0, -1], [1, 0, -1], [1, -2, 1], [1, 0, -1], [1, 0, -1], [1, 2, 1], [1, 0, -1], [1, 0, 1], [1, 0, 1], [1, 0, 1], [1, 0, 1], [1, 2, 1], [1, 0, -1], [1, 0, 1], [1, 0, 1], [1, 0, -1], [1, 0, 1], [1, 0, -1], [1, 0, -1], [1, 2, 1], [1, 2, 1], [1, 0, 1], [1, 0, -1]]",0
2.1683.4t3.c,1683,"[3, 11, 17]","[2, 3, 5, 11, 13, 17, 41]",False,1,"[[[1], [-2], [1]], [[1], [2], [1]], [[1], [0], [-1]], [[1], [0], [-1]], [[1], [0], [1]], [[1]], [[1], [-1]], [[1], [1]]]",null,0
2.1683.4t3.d,1683,"[3, 11, 17]","[2, 3, 5, 11, 17, 19, 29]",False,1,"[[[1], [-2], [1]], [[1], [2], [1]], [[1], [0], [-1]], [[1], [0], [-1]], [[1], [0], [1]], [[1]], [[1], [1]], [[1], [-1]]]",null,0
2.1683.4t3.e,1683,"[3, 11, 17]","[2, 3, 11, 17]",False,1,"[[[1], [-2], [1]], [[1], [2], [1]], [[1], [0], [-1]], [[1], [0], [-1]], [[1], [0], [1]], [[1]], [[1], [1]], [[1], [-1]]]",null,0
2.1683.4t3.f,1683,"[3, 11, 17]","[2, 3, 5, 11, 17]",False,1,"[[[1], [-2], [1]], [[1], [2], [1]], [[1], [0], [-1]], [[1], [0], [-1]], [[1], [0], [1]], [[1]], [[1], [-1]], [[1], [1]]]",null,0
2.1687.3t2.a,1687,"[7, 241]","[7, 241]",False,1,"[[[1], [-2], [1]], [[1], [0], [-1]], [[1], [1], [1]], [[1], [-1]]]","[[1, 1, 1], [1, 0, -1], [1, 0, -1], [1, -1], [1, 0, -1], [1, -2, 1], [1, 1, 1], [1, 1, 1], [1, 0, -1], [1, 1, 1], [1, 1, 1], [1, 0, -1], [1, 0, -1], [1, 0, -1], [1, 0, -1], [1, -2, 1], [1, 0, -1], [1, 0, -1], [1, 1, 1], [1, 0, -1], [1, 1, 1], [1, -2, 1], [1, 0, -1], [1, 1, 1], [1, 0, -1], [1, 1, 1], [1, 1, 1], [1, 1, 1], [1, 0, -1], [1, 1, 1]]",0
2.1687.6t3.a,1687,"[7, 241]","[3, 7, 241]",False,1,"[[[1], [-2], [1]], [[1], [2], [1]], [[1], [0], [-1]], [[1], [0], [-1]], [[1], [1], [1]], [[1], [-1], [1]], [[1], [1]]]","[[1, 1, 1], [1, 0, -1], [1, 0, -1], [1, 1], [1, 0, -1], [1, 2, 1], [1, -1, 1], [1, -1, 1], [1, 0, -1], [1, 1, 1], [1, -1, 1], [1, 0, -1], [1, 0, -1], [1, 0, -1], [1, 0, -1], [1, -2, 1], [1, 0, -1], [1, 0, -1], [1, 1, 1], [1, 0, -1], [1, -1, 1], [1, -2, 1], [1, 0, -1], [1, -1, 1], [1, 0, -1], [1, -1, 1], [1, -1, 1], [1, 1, 1], [1, 0, -1], [1, 1, 1]]",0
2.1687.6t3.b,1687,"[7, 241]","[2, 5, 7, 11, 241]",False,1,"[[[1], [-2], [1]], [[1], [2], [1]], [[1], [0], [-1]], [[1], [0], [-1]], [[1], [1], [1]], [[1], [-1], [1]], [[1], [1]]]",null,0
2.1691.3t2.a,1691,"[19, 89]","[3, 19, 89]",False,1,"[[[1], [-2], [1]], [[1], [0], [-1]], [[1], [1], [1]], [[1], [-1]]]","[[1, 0, -1], [1, -2, 1], [1, 1, 1], [1, 0, -1], [1, 1, 1], [1, 1, 1], [1, 1, 1], [1, -1], [1, 0, -1], [1, 1, 1], [1, 1, 1], [1, 1, 1], [1, 1, 1], [1, 0, -1], [1, -2, 1], [1, 0, -1], [1, 1, 1], [1, 0, -1], [1, 0, -1], [1, 0, -1], [1, 1, 1], [1, 0, -1], [1, 0, -1], [1, -1], [1, 0, -1], [1, 0, -1], [1, 1, 1], [1, 0, -1], [1, 0, -1], [1, 1, 1]]",0
2.1691.6t3.a,1691,"[19, 89]","[2, 3, 19, 89]",False,1,"[[[1], [-2], [1]], [[1], [2], [1]], [[1], [0], [-1]], [[1], [0], [-1]], [[1], [1], [1]], [[1], [-1], [1]], [[1], [1]]]","[[1, 0, -1], [1, 2, 1], [1, 1, 1], [1, 0, -1], [1, 1, 1], [1, -1, 1], [1, 1, 1], [1, 1], [1, 0, -1], [1, -1, 1], [1, -1, 1], [1, -1, 1], [1, -1, 1], [1, 0, -1], [1, -2, 1], [1, 0, -1], [1, -1, 1], [1, 0, -1], [1, 0, -1], [1, 0, -1], [1, 1, 1], [1, 0, -1], [1, 0, -1], [1, 1], [1, 0, -1], [1, 0, -1], [1, -1, 1], [1, 0, -1], [1, 0, -1], [1, -1, 1]]",0
2.1691.6t3.b,1691,"[19, 89]","[2, 3, 19, 89]",False,1,"[[[1], [-2], [1]], [[1], [2], [1]], [[1], [0], [-1]], [[1], [0], [-1]], [[1], [1], [1]], [[1], [-1], [1]], [[1], [1]]]",null,0
2.1696.6t3.a,1696,"[2, 53]","[2, 7, 19, 53]",False,1,"[[[1], [-2], [1]], [[1], [2], [1]], [[1], [0], [-1]], [[1], [0], [-1]], [[1], [1], [1]], [[1], [-1], [1]], [[1]], [[1], [-1]]]",null,0
2.1696.6t3.b,1696,"[2, 53]","[2, 3, 53]",False,1,"[[[1], [-2], [1]], [[1], [2], [1]], [[1], [0], [-1]], [[1], [0], [-1]], [[1], [1], [1]], [[1], [-1], [1]], [[1]], [[1], [-1]]]","[[1], [1, 0, -1], [1, 1, 1], [1, 0, -1], [1, -1, 1], [1, 0, -1], [1, 1, 1], [1, 0, -1], [1, -1, 1], [1, 0, -1], [1, -1, 1], [1, 0, -1], [1, 0, -1], [1, -1, 1], [1, 0, -1], [1, -1], [1, -1, 1], [1, -2, 1], [1, 0, -1], [1, 2, 1], [1, 0, -1], [1, -1, 1], [1, 0, -1], [1, 1, 1], [1, 1, 1], [1, 1, 1], [1, 2, 1], [1, 2, 1], [1, 1, 1], [1, 1, 1]]",0
2.1696.6t3.c,1696,"[2, 53]","[2, 3, 53]",False,1,"[[[1], [-2], [1]], [[1], [2], [1]], [[1], [0], [-1]], [[1], [0], [-1]], [[1], [1], [1]], [[1], [-1], [1]], [[1]], [[1], [1]]]",null,0
2.1696.6t3.d,1696,"[2, 53]","[2, 3, 53]",False,1,"[[[1], [-2], [1]], [[1], [2], [1]], [[1], [0], [-1]], [[1], [0], [-1]], [[1], [1], [1]], [[1], [-1], [1]], [[1]], [[1], [1]]]","[[1], [1, 0, -1], [1, -1, 1], [1, 0, -1], [1, -1, 1], [1, 0, -1], [1, 1, 1], [1, 0, -1], [1, 1, 1], [1, 0, -1], [1, 1, 1], [1, 0, -1], [1, 0, -1], [1, -1, 1], [1, 0, -1], [1, 1], [1, -1, 1], [1, 2, 1], [1, 0, -1], [1, -2, 1], [1, 0, -1], [1, 1, 1], [1, 0, -1], [1, 1, 1], [1, 1, 1], [1, -1, 1], [1, -2, 1], [1, 2, 1], [1, -1, 1], [1, 1, 1]]",0
2.1700.3t2.a,1700,"[2, 5, 17]","[2, 5, 17]",False,1,"[[[1], [-2], [1]], [[1], [0], [-1]], [[1], [1], [1]], [[1], [-1]], [[1]]]","[[1, -1], [1, 1, 1], [1], [1, 1, 1], [1, -2, 1], [1, 1, 1], [1, -1], [1, 0, -1], [1, -2, 1], [1, 0, -1], [1, 1, 1], [1, 0, -1], [1, 0, -1], [1, 0, -1], [1, 0, -1], [1, 1, 1], [1, 0, -1], [1, 0, -1], [1, 0, -1], [1, 1, 1], [1, 0, -1], [1, 1, 1], [1, 0, -1], [1, -2, 1], [1, 0, -1], [1, 1, 1], [1, 0, -1], [1, 1, 1], [1, 0, -1], [1, 0, -1]]",0
2.1700.4t3.a,1700,"[2, 5, 17]","[2, 5, 17]",False,1,"[[[1], [-2], [1]], [[1], [2], [1]], [[1], [0], [-1]], [[1], [0], [-1]], [[1], [0], [1]], [[1], [-1]], [[1]], [[1], [1]]]",null,0
2.1700.4t3.b,1700,"[2, 5, 17]","[2, 5, 17]",False,1,"[[[1], [-2], [1]], [[1], [2], [1]], [[1], [0], [-1]], [[1], [0], [-1]], [[1], [0], [1]], [[1], [-1]], [[1]], [[1], [1]]]","[[1, -1], [1, 0, 1], [1], [1, 0, 1], [1, 0, 1], [1, -2, 1], [1, 1], [1, 0, -1], [1, 0, 1], [1, 0, -1], [1, 0, 1], [1, 0, -1], [1, 0, -1], [1, 0, -1], [1, 0, -1], [1, 2, 1], [1, 0, -1], [1, 0, -1], [1, 0, -1], [1, 0, 1], [1, 0, -1], [1, 0, 1], [1, 0, -1], [1, 2, 1], [1, 0, -1], [1, 2, 1], [1, 0, -1], [1, 0, 1], [1, 0, -1], [1, 0, -1]]",0
2.1700.4t3.c,1700,"[2, 5, 17]","[2, 5, 13, 17]",False,1,"[[[1], [-2], [1]], [[1], [2], [1]], [[1], [0], [-1]], [[1], [0], [-1]], [[1], [0], [1]], [[1], [-1]], [[1]], [[1], [1]]]",null,0
2.1700.6t3.a,1700,"[2, 5, 17]","[2, 5, 17]",False,1,"[[[1], [-2], [1]], [[1], [2], [1]], [[1], [0], [-1]], [[1], [0], [-1]], [[1], [1], [1]], [[1], [-1], [1]], [[1], [-1]], [[1]]]",null,0
2.1700.6t3.b,1700,"[2, 5, 17]","[2, 5, 17]",False,1,"[[[1], [-2], [1]], [[1], [2], [1]], [[1], [0], [-1]], [[1], [0], [-1]], [[1], [1], [1]], [[1], [-1], [1]], [[1], [1]], [[1]]]","[[1, 1], [1, 1, 1], [1], [1, 1, 1], [1, 2, 1], [1, -1, 1], [1, 1], [1, 0, -1], [1, -2, 1], [1, 0, -1], [1, -1, 1], [1, 0, -1], [1, 0, -1], [1, 0, -1], [1, 0, -1], [1, -1, 1], [1, 0, -1], [1, 0, -1], [1, 0, -1], [1, -1, 1], [1, 0, -1], [1, -1, 1], [1, 0, -1], [1, -2, 1], [1, 0, -1], [1, 1, 1], [1, 0, -1], [1, 1, 1], [1, 0, -1], [1, 0, -1]]",0
2.1700.6t3.c,1700,"[2, 5, 17]","[2, 5, 11, 17]",False,1,"[[[1], [-2], [1]], [[1], [2], [1]], [[1], [0], [-1]], [[1], [0], [-1]], [[1], [1], [1]], [[1], [-1], [1]], [[1], [1]], [[1]]]",null,0
2.1700.6t3.d,1700,"[2, 5, 17]","[2, 5, 17]",False,1,"[[[1], [-2], [1]], [[1], [2], [1]], [[1], [0], [-1]], [[1], [0], [-1]], [[1], [1], [1]], [[1], [-1], [1]], [[1], [-1]], [[1]]]","[[1, -1], [1, -1, 1], [1], [1, -1, 1], [1, 2, 1], [1, 1, 1], [1, -1], [1, 0, -1], [1, 2, 1], [1, 0, -1], [1, -1, 1], [1, 0, -1], [1, 0, -1], [1, 0, -1], [1, 0, -1], [1, 1, 1], [1, 0, -1], [1, 0, -1], [1, 0, -1], [1, -1, 1], [1, 0, -1], [1, -1, 1], [1, 0, -1], [1, -2, 1], [1, 0, -1], [1, 1, 1], [1, 0, -1], [1, -1, 1], [1, 0, -1], [1, 0, -1]]",0
2.1700.6t3.e,1700,"[2, 5, 17]","[2, 5, 11, 17]",False,1,"[[[1], [-2], [1]], [[1], [2], [1]], [[1], [0], [-1]], [[1], [0], [-1]], [[1], [1], [1]], [[1], [-1], [1]], [[1], [1]], [[1]]]","[[1, 1], [1, -1, 1], [1], [1, -1, 1], [1, -2, 1], [1, -1, 1], [1, 1], [1, 0, -1], [1, 2, 1], [1, 0, -1], [1, 1, 1], [1, 0, -1], [1, 0, -1], [1, 0, -1], [1, 0, -1], [1, -1, 1], [1, 0, -1], [1, 0, -1], [1, 0, -1], [1, 1, 1], [1, 0, -1], [1, 1, 1], [1, 0, -1], [1, -2, 1], [1, 0, -1], [1, 1, 1], [1, 0, -1], [1, -1, 1], [1, 0, -1], [1, 0, -1]]",0
2.1700.6t3.f,1700,"[2, 5, 17]","[2, 5, 17, 569]",False,1,"[[[1], [-2], [1]], [[1], [2], [1]], [[1], [0], [-1]], [[1], [0], [-1]], [[1], [1], [1]], [[1], [-1], [1]], [[1], [1]], [[1]]]",null,0
2.1703.4t3.a,1703,"[13, 131]","[3, 13, 131]",False,1,"[[[1], [-2], [1]], [[1], [2], [1]], [[1], [0], [-1]], [[1], [0], [-1]], [[1], [0], [1]], [[1], [1]]]",null,0
2.1703.4t3.b,1703,"[13, 131]","[2, 3, 5, 7, 13, 131]",False,1,"[[[1], [-2], [1]], [[1], [2], [1]], [[1], [0], [-1]], [[1], [0], [-1]], [[1], [0], [1]], [[1], [1]]]",null,0
2.1703.4t3.c,1703,"[13, 131]","[3, 13, 131]",False,1,"[[[1], [-2], [1]], [[1], [2], [1]], [[1], [0], [-1]], [[1], [0], [-1]], [[1], [0], [1]], [[1], [1]]]","[[1, 0, 1], [1, -2, 1], [1, 0, -1], [1, 0, -1], [1, 0, -1], [1, 1], [1, 0, -1], [1, 0, 1], [1, 0, -1], [1, 0, -1], [1, 0, 1], [1, 0, 1], [1, 0, -1], [1, 2, 1], [1, 0, 1], [1, 2, 1], [1, 0, -1], [1, 2, 1], [1, 0, 1], [1, 0, 1], [1, 0, 1], [1, 0, -1], [1, 0, 1], [1, 0, -1], [1, 0, 1], [1, -2, 1], [1, 0, -1], [1, 2, 1], [1, 0, -1], [1, 2, 1]]",0
2.1704.3t2.a,1704,"[2, 3, 71]","[2, 3, 71]",False,1,"[[[1], [-2], [1]], [[1], [0], [-1]], [[1], [1], [1]], [[1], [-1]]]","[[1, -1], [1, -1], [1, 1, 1], [1, 1, 1], [1, 1, 1], [1, -2, 1], [1, -2, 1], [1, 1, 1], [1, 0, -1], [1, 1, 1], [1, 1, 1], [1, 0, -1], [1, 1, 1], [1, 1, 1], [1, 0, -1], [1, 0, -1], [1, 1, 1], [1, 1, 1], [1, 0, -1], [1, -1], [1, 1, 1], [1, 0, -1], [1, 0, -1], [1, 0, -1], [1, 0, -1], [1, 1, 1], [1, 0, -1], [1, 0, -1], [1, 0, -1], [1, 1, 1]]",0
2.1704.4t3.a,1704,"[2, 3, 71]","[2, 3, 71]",False,1,"[[[1], [-2], [1]], [[1], [2], [1]], [[1], [0], [-1]], [[1], [0], [-1]], [[1], [0], [1]], [[1], [-1]], [[1], [1]]]",null,0
2.1704.4t3.b,1704,"[2, 3, 71]","[2, 3, 71]",False,1,"[[[1], [-2], [1]], [[1], [2], [1]], [[1], [0], [-1]], [[1], [0], [-1]], [[1], [0], [1]], [[1], [1]], [[1], [-1]]]",null,0
2.1704.4t3.c,1704,"[2, 3, 71]","[2, 3, 5, 19, 29, 71]",False,1,"[[[1], [-2], [1]], [[1], [2], [1]], [[1], [0], [-1]], [[1], [0], [-1]], [[1], [0], [1]], [[1], [-1]], [[1], [1]]]",null,0
2.1704.4t3.d,1704,"[2, 3, 71]","[2, 3, 5, 19, 71, 83, 3863]",False,1,"[[[1], [-2], [1]], [[1], [2], [1]], [[1], [0], [-1]], [[1], [0], [-1]], [[1], [0], [1]], [[1], [1]], [[1], [-1]]]",null,0
2.1704.4t3.e,1704,"[2, 3, 71]","[2, 3, 71]",False,1,"[[[1], [-2], [1]], [[1], [2], [1]], [[1], [0], [-1]], [[1], [0], [-1]], [[1], [0], [1]], [[1], [-1]], [[1], [1]]]","[[1, -1], [1, 1], [1, 2, 1], [1, 0, 1], [1, 0, 1], [1, 0, 1], [1, 0, 1], [1, -2, 1], [1, 0, -1], [1, -2, 1], [1, 0, 1], [1, 0, -1], [1, 0, 1], [1, 2, 1], [1, 0, -1], [1, 0, -1], [1, 0, 1], [1, 0, 1], [1, 0, -1], [1, 1], [1, -2, 1], [1, 0, -1], [1, 0, -1], [1, 0, -1], [1, 0, -1], [1, -2, 1], [1, 0, -1], [1, 0, -1], [1, 0, -1], [1, 0, 1]]",0
2.1704.4t3.f,1704,"[2, 3, 71]","[2, 3, 71]",False,1,"[[[1], [-2], [1]], [[1], [2], [1]], [[1], [0], [-1]], [[1], [0], [-1]], [[1], [0], [1]], [[1], [1]], [[1], [-1]]]","[[1, 1], [1, 1], [1, -2, 1], [1, 0, 1], [1, 0, 1], [1, 0, 1], [1, 0, 1], [1, -2, 1], [1, 0, -1], [1, 2, 1], [1, 0, 1], [1, 0, -1], [1, 0, 1], [1, 2, 1], [1, 0, -1], [1, 0, -1], [1, 0, 1], [1, 0, 1], [1, 0, -1], [1, -1], [1, -2, 1], [1, 0, -1], [1, 0, -1], [1, 0, -1], [1, 0, -1], [1, 2, 1], [1, 0, -1], [1, 0, -1], [1, 0, -1], [1, 0, 1]]",0
2.1704.6t3.a,1704,"[2, 3, 71]","[2, 3, 17, 71]",False,1,"[[[1], [-2], [1]], [[1], [2], [1]], [[1], [0], [-1]], [[1], [0], [-1]], [[1], [1], [1]], [[1], [-1], [1]], [[1], [1]], [[1], [-1]]]",null,0
2.1704.6t3.b,1704,"[2, 3, 71]","[2, 3, 71]",False,1,"[[[1], [-2], [1]], [[1], [2], [1]], [[1], [0], [-1]], [[1], [0], [-1]], [[1], [1], [1]], [[1], [-1], [1]], [[1], [-1]]]",null,0
2.1704.6t3.c,1704,"[2, 3, 71]","[2, 3, 71]",False,1,"[[[1], [-2], [1]], [[1], [2], [1]], [[1], [0], [-1]], [[1], [0], [-1]], [[1], [1], [1]], [[1], [-1], [1]], [[1], [-1]]]","[[1, -1], [1, -1], [1, 1, 1], [1, -1, 1], [1, -1, 1], [1, 2, 1], [1, 2, 1], [1, 1, 1], [1, 0, -1], [1, 1, 1], [1, -1, 1], [1, 0, -1], [1, -1, 1], [1, 1, 1], [1, 0, -1], [1, 0, -1], [1, -1, 1], [1, -1, 1], [1, 0, -1], [1, -1], [1, 1, 1], [1, 0, -1], [1, 0, -1], [1, 0, -1], [1, 0, -1], [1, 1, 1], [1, 0, -1], [1, 0, -1], [1, 0, -1], [1, -1, 1]]",0
2.1704.6t3.d,1704,"[2, 3, 71]","[2, 3, 71]",False,1,"[[[1], [-2], [1]], [[1], [2], [1]], [[1], [0], [-1]], [[1], [0], [-1]], [[1], [1], [1]], [[1], [-1], [1]], [[1], [1]], [[1], [-1]]]","[[1, 1], [1, -1], [1, -1, 1], [1, 1, 1], [1, -1, 1], [1, -2, 1], [1, 2, 1], [1, 1, 1], [1, 0, -1], [1, -1, 1], [1, 1, 1], [1, 0, -1], [1, -1, 1], [1, 1, 1], [1, 0, -1], [1, 0, -1], [1, -1, 1], [1, 1, 1], [1, 0, -1], [1, 1], [1, 1, 1], [1, 0, -1], [1, 0, -1], [1, 0, -1], [1, 0, -1], [1, -1, 1], [1, 0, -1], [1, 0, -1], [1, 0, -1], [1, -1, 1]]",0
2.1704.6t3.e,1704,"[2, 3, 71]","[2, 3, 71]",False,1,"[[[1], [-2], [1]], [[1], [2], [1]], [[1], [0], [-1]], [[1], [0], [-1]], [[1], [1], [1]], [[1], [-1], [1]], [[1], [1]], [[1], [-1]]]","[[1, 1], [1, -1], [1, -1, 1], [1, -1, 1], [1, 1, 1], [1, 2, 1], [1, -2, 1], [1, 1, 1], [1, 0, -1], [1, -1, 1], [1, -1, 1], [1, 0, -1], [1, 1, 1], [1, 1, 1], [1, 0, -1], [1, 0, -1], [1, 1, 1], [1, -1, 1], [1, 0, -1], [1, 1], [1, 1, 1], [1, 0, -1], [1, 0, -1], [1, 0, -1], [1, 0, -1], [1, -1, 1], [1, 0, -1], [1, 0, -1], [1, 0, -1], [1, 1, 1]]",0
2.1704.6t3.f,1704,"[2, 3, 71]","[2, 3, 71]",False,1,"[[[1], [-2], [1]], [[1], [2], [1]], [[1], [0], [-1]], [[1], [0], [-1]], [[1], [1], [1]], [[1], [-1], [1]], [[1], [1]], [[1], [-1]]]",null,0
2.1705.4t3.a,1705,"[5, 11, 31]","[5, 11, 31]",True,1,"[[[1], [-2], [1]], [[1], [2], [1]], [[1], [0], [-1]], [[1], [0], [-1]], [[1], [0], [1]], [[1], [-1]], [[1], [1]]]",null,0
2.1705.4t3.b,1705,"[5, 11, 31]","[2, 5, 11, 31]",True,1,"[[[1], [-2], [1]], [[1], [2], [1]], [[1], [0], [-1]], [[1], [0], [-1]], [[1], [0], [1]], [[1], [-1]]]",null,0
2.1705.4t3.c,1705,"[5, 11, 31]","[3, 5, 11, 31, 103]",True,1,"[[[1], [-2], [1]], [[1], [2], [1]], [[1], [0], [-1]], [[1], [0], [-1]], [[1], [0], [1]], [[1], [-1]]]",null,0
2.1705.4t3.d,1705,"[5, 11, 31]","[2, 5, 11, 13, 19, 29, 31]",True,1,"[[[1], [-2], [1]], [[1], [2], [1]], [[1], [0], [-1]], [[1], [0], [-1]], [[1], [0], [1]], [[1], [-1]], [[1], [1]]]",null,0
2.1705.4t3.e,1705,"[5, 11, 31]","[5, 11, 31]",True,1,"[[[1], [-2], [1]], [[1], [2], [1]], [[1], [0], [-1]], [[1], [0], [-1]], [[1], [0], [1]], [[1], [-1]]]",null,0
2.1705.4t3.f,1705,"[5, 11, 31]","[5, 11, 31]",True,1,"[[[1], [-2], [1]], [[1], [2], [1]], [[1], [0], [-1]], [[1], [0], [-1]], [[1], [0], [1]], [[1], [-1]], [[1], [1]]]",null,0
2.1708.3t2.a,1708,"[2, 7, 61]","[2, 7, 61]",True,1,"[[[1], [-2], [1]], [[1], [0], [-1]], [[1], [1], [1]], [[1], [-1]]]",null,0
2.1708.3t2.b,1708,"[2, 7, 61]","[2, 7, 61]",False,1,"[[[1], [-2], [1]], [[1], [0], [-1]], [[1], [1], [1]], [[1]], [[1], [-1]]]","[[1], [1, 0, -1], [1, 0, -1], [1, -1], [1, 0, -1], [1, 0, -1], [1, 1, 1], [1, 0, -1], [1, 0, -1], [1, 0, -1], [1, 1, 1], [1, 0, -1], [1, 0, -1], [1, 0, -1], [1, 0, -1], [1, 0, -1], [1, 1, 1], [1, -1], [1, 0, -1], [1, 0, -1], [1, 0, -1], [1, 0, -1], [1, 0, -1], [1, -2, 1], [1, 0, -1], [1, 1, 1], [1, 0, -1], [1, 1, 1], [1, 1, 1], [1, 1, 1]]",0
2.1708.6t3.a,1708,"[2, 7, 61]","[2, 3, 7, 61]",False,1,"[[[1], [-2], [1]], [[1], [2], [1]], [[1], [0], [-1]], [[1], [0], [-1]], [[1], [1], [1]], [[1], [-1], [1]], [[1]], [[1], [1]]]","[[1], [1, 0, -1], [1, 0, -1], [1, 1], [1, 0, -1], [1, 0, -1], [1, -1, 1], [1, 0, -1], [1, 0, -1], [1, 0, -1], [1, -1, 1], [1, 0, -1], [1, 0, -1], [1, 0, -1], [1, 0, -1], [1, 0, -1], [1, -1, 1], [1, 1], [1, 0, -1], [1, 0, -1], [1, 0, -1], [1, 0, -1], [1, 0, -1], [1, 2, 1], [1, 0, -1], [1, -1, 1], [1, 0, -1], [1, 1, 1], [1, 1, 1], [1, 1, 1]]",0
2.1708.6t3.b,1708,"[2, 7, 61]","[2, 5, 7, 61]",True,1,"[[[1], [-2], [1]], [[1], [2], [1]], [[1], [0], [-1]], [[1], [0], [-1]], [[1], [1], [1]], [[1], [-1], [1]], [[1], [-1]], [[1], [1]]]",null,0
2.1708.6t3.c,1708,"[2, 7, 61]","[2, 7, 13, 61]",True,1,"[[[1], [-2], [1]], [[1], [2], [1]], [[1], [0], [-1]], [[1], [0], [-1]], [[1], [1], [1]], [[1], [-1], [1]], [[1], [1]]]",null,0
2.1708.6t3.d,1708,"[2, 7, 61]","[2, 7, 13, 59, 61]",True,1,"[[[1], [-2], [1]], [[1], [2], [1]], [[1], [0], [-1]], [[1], [0], [-1]], [[1], [1], [1]], [[1], [-1], [1]], [[1], [-1]], [[1], [1]]]",null,0
2.1708.6t3.e,1708,"[2, 7, 61]","[2, 3, 7, 61]",False,1,"[[[1], [-2], [1]], [[1], [2], [1]], [[1], [0], [-1]], [[1], [0], [-1]], [[1], [1], [1]], [[1], [-1], [1]], [[1]], [[1], [1]]]",null,0
2.1708.6t3.f,1708,"[2, 7, 61]","[2, 7, 61]",True,1,"[[[1], [-2], [1]], [[1], [2], [1]], [[1], [0], [-1]], [[1], [0], [-1]], [[1], [1], [1]], [[1], [-1], [1]], [[1], [1]]]",null,0
2.1708.6t3.g,1708,"[2, 7, 61]","[2, 5, 7, 61, 263]",True,1,"[[[1], [-2], [1]], [[1], [2], [1]], [[1], [0], [-1]], [[1], [0], [-1]], [[1], [1], [1]], [[1], [-1], [1]], [[1], [1]], [[1], [-1]]]",null,0
2.1708.6t3.h,1708,"[2, 7, 61]","[2, 5, 7, 61]",True,1,"[[[1], [-2], [1]], [[1], [2], [1]], [[1], [0], [-1]], [[1], [0], [-1]], [[1], [1], [1]], [[1], [-1], [1]], [[1], [1]], [[1], [-1]]]",null,0
2.1711.4t3.a,1711,"[29, 59]","[3, 29, 59]",False,1,"[[[1], [-2], [1]], [[1], [2], [1]], [[1], [0], [-1]], [[1], [0], [-1]], [[1], [0], [1]], [[1], [1]]]",null,0
2.1711.4t3.b,1711,"[29, 59]","[3, 29, 59]",False,1,"[[[1], [-2], [1]], [[1], [2], [1]], [[1], [0], [-1]], [[1], [0], [-1]], [[1], [0], [1]], [[1], [1]]]","[[1, 0, 1], [1, 0, -1], [1, 2, 1], [1, 2, 1], [1, 0, 1], [1, 0, -1], [1, 0, -1], [1, 0, -1], [1, 0, -1], [1, 1], [1, 0, 1], [1, 0, 1], [1, 0, -1], [1, 0, 1], [1, 0, 1], [1, -2, 1], [1, 1], [1, 0, 1], [1, 0, -1], [1, -2, 1], [1, 0, 1], [1, 0, -1], [1, 0, -1], [1, 0, 1], [1, 0, 1], [1, 0, 1], [1, 0, -1], [1, 2, 1], [1, 0, -1], [1, 0, 1]]",0
2.1711.4t3.c,1711,"[29, 59]","[2, 3, 5, 29, 59, 103]",False,1,"[[[1], [-2], [1]], [[1], [2], [1]], [[1], [0], [-1]], [[1], [0], [-1]], [[1], [0], [1]], [[1], [1]]]",null,0
2.1712.6t3.a,1712,"[2, 107]","[2, 29, 107]",False,1,"[[[1], [-2], [1]], [[1], [2], [1]], [[1], [0], [-1]], [[1], [0], [-1]], [[1], [1], [1]], [[1], [-1], [1]], [[1]], [[1], [1]]]",null,0
2.1712.6t3.b,1712,"[2, 107]","[2, 107]",False,1,"[[[1], [-2], [1]], [[1], [2], [1]], [[1], [0], [-1]], [[1], [0], [-1]], [[1], [1], [1]], [[1], [-1], [1]], [[1]], [[1], [1]]]","[[1], [1, -1, 1], [1, 0, -1], [1, 0, -1], [1, -1, 1], [1, 1, 1], [1, 0, -1], [1, -1, 1], [1, -1, 1], [1, -2, 1], [1, 0, -1], [1, 1, 1], [1, 1, 1], [1, 0, -1], [1, 2, 1], [1, 1, 1], [1, 0, -1], [1, 1, 1], [1, 0, -1], [1, 0, -1], [1, 0, -1], [1, -1, 1], [1, 2, 1], [1, 1, 1], [1, 0, -1], [1, 1, 1], [1, 0, -1], [1, 1], [1, 0, -1], [1, 0, -1]]",0
2.1716.4t3.a,1716,"[2, 3, 11, 13]","[2, 3, 11, 13]",False,1,"[[[1], [-2], [1]], [[1], [2], [1]], [[1], [0], [-1]], [[1], [0], [-1]], [[1], [0], [1]], [[1], [1]], [[1], [-1]]]",null,0
2.1716.4t3.b,1716,"[2, 3, 11, 13]","[2, 3, 11, 13]",False,1,"[[[1], [-2], [1]], [[1], [2], [1]], [[1], [0], [-1]], [[1], [0], [-1]], [[1], [0], [1]], [[1], [-1]], [[1], [1]]]",null,0
2.1716.4t3.c,1716,"[2, 3, 11, 13]","[2, 3, 11, 13]",False,1,"[[[1], [-2], [1]], [[1], [2], [1]], [[1], [0], [-1]], [[1], [0], [-1]], [[1], [0], [1]], [[1], [1]], [[1], [-1]]]",null,0
2.1716.4t3.d,1716,"[2, 3, 11, 13]","[2, 3, 11, 13]",False,1,"[[[1], [-2], [1]], [[1], [2], [1]], [[1], [0], [-1]], [[1], [0], [-1]], [[1], [0], [1]], [[1], [-1]], [[1], [1]]]",null,0
2.1716.4t3.e,1716,"[2, 3, 11, 13]","[2, 3, 11, 13, 167]",False,1,"[[[1], [-2], [1]], [[1], [2], [1]], [[1], [0], [-1]], [[1], [0], [-1]], [[1], [0], [1]], [[1], [1]], [[1], [-1]]]",null,0
2.1716.4t3.f,1716,"[2, 3, 11, 13]","[2, 3, 11, 13]",False,1,"[[[1], [-2], [1]], [[1], [2], [1]], [[1], [0], [-1]], [[1], [0], [-1]], [[1], [0], [1]], [[1], [-1]], [[1], [1]]]",null,0
2.1716.4t3.g,1716,"[2, 3, 11, 13]","[2, 3, 11, 13, 23, 73, 193]",False,1,"[[[1], [-2], [1]], [[1], [2], [1]], [[1], [0], [-1]], [[1], [0], [-1]], [[1], [0], [1]], [[1], [1]], [[1], [-1]]]",null,0
2.1716.4t3.h,1716,"[2, 3, 11, 13]","[2, 3, 11, 13, 23, 73]",False,1,"[[[1], [-2], [1]], [[1], [2], [1]], [[1], [0], [-1]], [[1], [0], [-1]], [[1], [0], [1]], [[1], [-1]], [[1], [1]]]",null,0
2.1716.4t3.i,1716,"[2, 3, 11, 13]","[2, 3, 11, 13]",False,1,"[[[1], [-2], [1]], [[1], [2], [1]], [[1], [0], [-1]], [[1], [0], [-1]], [[1], [0], [1]], [[1], [1]], [[1], [-1]]]","[[1, 1], [1, -1], [1, 0, 1], [1, 0, -1], [1, -1], [1, -1], [1, 0, 1], [1, 0, -1], [1, 2, 1], [1, 0, 1], [1, 0, 1], [1, 0, -1], [1, 0, -1], [1, 0, 1], [1, 0, -1], [1, 0, -1], [1, 0, -1], [1, 0, -1], [1, 0, 1], [1, 0, -1], [1, 2, 1], [1, 0, 1], [1, -2, 1], [1, 0, 1], [1, 0, -1], [1, 0, 1], [1, 0, -1], [1, 0, -1], [1, 2, 1], [1, 0, -1]]",0
2.1716.4t3.j,1716,"[2, 3, 11, 13]","[2, 3, 11, 13]",False,1,"[[[1], [-2], [1]], [[1], [2], [1]], [[1], [0], [-1]], [[1], [0], [-1]], [[1], [0], [1]], [[1], [1]], [[1], [-1]]]","[[1, 1], [1, 1], [1, 0, 1], [1, 0, -1], [1, -1], [1, 1], [1, 0, 1], [1, 0, -1], [1, -2, 1], [1, 0, 1], [1, 0, 1], [1, 0, -1], [1, 0, -1], [1, 0, 1], [1, 0, -1], [1, 0, -1], [1, 0, -1], [1, 0, -1], [1, 0, 1], [1, 0, -1], [1, -2, 1], [1, 0, 1], [1, -2, 1], [1, 0, 1], [1, 0, -1], [1, 0, 1], [1, 0, -1], [1, 0, -1], [1, -2, 1], [1, 0, -1]]",0
2.1716.4t3.k,1716,"[2, 3, 11, 13]","[2, 3, 11, 13]",False,1,"[[[1], [-2], [1]], [[1], [2], [1]], [[1], [0], [-1]], [[1], [0], [-1]], [[1], [0], [1]], [[1], [-1]], [[1], [1]]]","[[1, -1], [1, 1], [1, 0, 1], [1, 0, -1], [1, 1], [1, -1], [1, 0, 1], [1, 0, -1], [1, -2, 1], [1, 0, 1], [1, 0, 1], [1, 0, -1], [1, 0, -1], [1, 0, 1], [1, 0, -1], [1, 0, -1], [1, 0, -1], [1, 0, -1], [1, 0, 1], [1, 0, -1], [1, 2, 1], [1, 0, 1], [1, 2, 1], [1, 0, 1], [1, 0, -1], [1, 0, 1], [1, 0, -1], [1, 0, -1], [1, 2, 1], [1, 0, -1]]",0
2.1716.4t3.l,1716,"[2, 3, 11, 13]","[2, 3, 7, 11, 13]",False,1,"[[[1], [-2], [1]], [[1], [2], [1]], [[1], [0], [-1]], [[1], [0], [-1]], [[1], [0], [1]], [[1], [-1]], [[1], [1]]]","[[1, -1], [1, -1], [1, 0, 1], [1, 0, -1], [1, 1], [1, 1], [1, 0, 1], [1, 0, -1], [1, 2, 1], [1, 0, 1], [1, 0, 1], [1, 0, -1], [1, 0, -1], [1, 0, 1], [1, 0, -1], [1, 0, -1], [1, 0, -1], [1, 0, -1], [1, 0, 1], [1, 0, -1], [1, -2, 1], [1, 0, 1], [1, 2, 1], [1, 0, 1], [1, 0, -1], [1, 0, 1], [1, 0, -1], [1, 0, -1], [1, -2, 1], [1, 0, -1]]",0
2.1717.4t3.a,1717,"[17, 101]","[2, 5, 13, 17, 101]",True,1,"[[[1], [-2], [1]], [[1], [2], [1]], [[1], [0], [-1]], [[1], [0], [-1]], [[1], [0], [1]], [[1], [-1]], [[1], [1]]]",null,0
2.1717.4t3.b,1717,"[17, 101]","[2, 17, 101]",True,1,"[[[1], [-2], [1]], [[1], [2], [1]], [[1], [0], [-1]], [[1], [0], [-1]], [[1], [0], [1]], [[1], [-1]], [[1], [1]]]",null,0
2.1717.4t3.c,1717,"[17, 101]","[17, 101]",True,1,"[[[1], [-2], [1]], [[1], [2], [1]], [[1], [0], [-1]], [[1], [0], [-1]], [[1], [0], [1]], [[1], [-1]], [[1], [1]]]",null,0
2.1720.3t2.a,1720,"[2, 5, 43]","[2, 5, 43]",False,1,"[[[1], [-2], [1]], [[1], [0], [-1]], [[1], [1], [1]], [[1], [-1]]]","[[1, -1], [1, 0, -1], [1, -1], [1, 1, 1], [1, 0, -1], [1, 1, 1], [1, 0, -1], [1, 1, 1], [1, 0, -1], [1, 1, 1], [1, 1, 1], [1, 0, -1], [1, 1, 1], [1, -1], [1, 0, -1], [1, -2, 1], [1, 0, -1], [1, 1, 1], [1, 1, 1], [1, 0, -1], [1, 1, 1], [1, 1, 1], [1, -2, 1], [1, 0, -1], [1, 0, -1], [1, 0, -1], [1, 0, -1], [1, 1, 1], [1, 0, -1], [1, 1, 1]]",0
2.1720.6t3.a,1720,"[2, 5, 43]","[2, 3, 5, 43]",False,1,"[[[1], [-2], [1]], [[1], [2], [1]], [[1], [0], [-1]], [[1], [0], [-1]], [[1], [1], [1]], [[1], [-1], [1]], [[1], [-1]], [[1], [1]]]","[[1, -1], [1, 0, -1], [1, 1], [1, 1, 1], [1, 0, -1], [1, -1, 1], [1, 0, -1], [1, -1, 1], [1, 0, -1], [1, -1, 1], [1, 1, 1], [1, 0, -1], [1, 1, 1], [1, 1], [1, 0, -1], [1, 2, 1], [1, 0, -1], [1, -1, 1], [1, -1, 1], [1, 0, -1], [1, 1, 1], [1, 1, 1], [1, 2, 1], [1, 0, -1], [1, 0, -1], [1, 0, -1], [1, 0, -1], [1, -1, 1], [1, 0, -1], [1, 1, 1]]",0
2.1720.6t3.b,1720,"[2, 5, 43]","[2, 5, 37, 43]",False,1,"[[[1], [-2], [1]], [[1], [2], [1]], [[1], [0], [-1]], [[1], [0], [-1]], [[1], [1], [1]], [[1], [-1], [1]], [[1], [-1]], [[1], [1]]]",null,0
2.1720.6t3.c,1720,"[2, 5, 43]","[2, 3, 5, 43]",False,1,"[[[1], [-2], [1]], [[1], [2], [1]], [[1], [0], [-1]], [[1], [0], [-1]], [[1], [1], [1]], [[1], [-1], [1]], [[1], [1]], [[1], [-1]]]","[[1, 1], [1, 0, -1], [1, -1], [1, -1, 1], [1, 0, -1], [1, -1, 1], [1, 0, -1], [1, 1, 1], [1, 0, -1], [1, 1, 1], [1, 1, 1], [1, 0, -1], [1, 1, 1], [1, 1], [1, 0, -1], [1, 2, 1], [1, 0, -1], [1, 1, 1], [1, -1, 1], [1, 0, -1], [1, -1, 1], [1, 1, 1], [1, 2, 1], [1, 0, -1], [1, 0, -1], [1, 0, -1], [1, 0, -1], [1, -1, 1], [1, 0, -1], [1, -1, 1]]",0
2.1720.6t3.d,1720,"[2, 5, 43]","[2, 3, 5, 11, 43]",False,1,"[[[1], [-2], [1]], [[1], [2], [1]], [[1], [0], [-1]], [[1], [0], [-1]], [[1], [1], [1]], [[1], [-1], [1]], [[1], [1]], [[1], [-1]]]",null,0
2.1720.6t3.e,1720,"[2, 5, 43]","[2, 3, 5, 11, 37, 43]",False,1,"[[[1], [-2], [1]], [[1], [2], [1]], [[1], [0], [-1]], [[1], [0], [-1]], [[1], [1], [1]], [[1], [-1], [1]], [[1], [1]], [[1], [-1]]]",null,0
2.1720.6t3.f,1720,"[2, 5, 43]","[2, 3, 5, 23, 43]",False,1,"[[[1], [-2], [1]], [[1], [2], [1]], [[1], [0], [-1]], [[1], [0], [-1]], [[1], [1], [1]], [[1], [-1], [1]], [[1], [1]], [[1], [-1]]]","[[1, 1], [1, 0, -1], [1, 1], [1, -1, 1], [1, 0, -1], [1, 1, 1], [1, 0, -1], [1, -1, 1], [1, 0, -1], [1, -1, 1], [1, 1, 1], [1, 0, -1], [1, 1, 1], [1, -1], [1, 0, -1], [1, -2, 1], [1, 0, -1], [1, -1, 1], [1, 1, 1], [1, 0, -1], [1, -1, 1], [1, 1, 1], [1, -2, 1], [1, 0, -1], [1, 0, -1], [1, 0, -1], [1, 0, -1], [1, 1, 1], [1, 0, -1], [1, -1, 1]]",0
2.1727.3t2.a,1727,"[11, 157]","[2, 11, 157]",False,1,"[[[1], [-2], [1]], [[1], [0], [-1]], [[1], [1], [1]], [[1], [-1]]]","[[1, -2, 1], [1, 1, 1], [1, 0, -1], [1, 1, 1], [1, -1], [1, 0, -1], [1, 0, -1], [1, 0, -1], [1, 0, -1], [1, 1, 1], [1, 1, 1], [1, 1, 1], [1, 1, 1], [1, 1, 1], [1, 1, 1], [1, 0, -1], [1, 0, -1], [1, -2, 1], [1, 1, 1], [1, 1, 1], [1, 1, 1], [1, 1, 1], [1, 1, 1], [1, -2, 1], [1, 0, -1], [1, 0, -1], [1, 0, -1], [1, 1, 1], [1, 0, -1], [1, -2, 1]]",0
2.1727.4t3.a,1727,"[11, 157]","[2, 3, 11, 59, 157]",False,1,"[[[1], [-2], [1]], [[1], [2], [1]], [[1], [0], [-1]], [[1], [0], [-1]], [[1], [0], [1]], [[1], [1]]]",null,0
2.1727.4t3.b,1727,"[11, 157]","[3, 11, 157]",False,1,"[[[1], [-2], [1]], [[1], [2], [1]], [[1], [0], [-1]], [[1], [0], [-1]], [[1], [0], [1]], [[1], [1]]]",null,0
2.1727.4t3.c,1727,"[11, 157]","[3, 11, 157]",False,1,"[[[1], [-2], [1]], [[1], [2], [1]], [[1], [0], [-1]], [[1], [0], [-1]], [[1], [0], [1]], [[1], [1]]]","[[1, 0, 1], [1, -2, 1], [1, 0, -1], [1, 0, 1], [1, 1], [1, 0, -1], [1, 0, -1], [1, 0, -1], [1, 0, -1], [1, 0, 1], [1, -2, 1], [1, 2, 1], [1, 0, 1], [1, 0, 1], [1, 2, 1], [1, 0, -1], [1, 0, -1], [1, 0, 1], [1, 2, 1], [1, 2, 1], [1, 0, 1], [1, 0, 1], [1, 0, 1], [1, -2, 1], [1, 0, -1], [1, 0, -1], [1, 0, -1], [1, 0, 1], [1, 0, -1], [1, 2, 1]]",0
2.1727.6t3.a,1727,"[11, 157]","[2, 11, 19, 157]",False,1,"[[[1], [-2], [1]], [[1], [2], [1]], [[1], [0], [-1]], [[1], [0], [-1]], [[1], [1], [1]], [[1], [-1], [1]], [[1], [-1]]]","[[1, 2, 1], [1, 1, 1], [1, 0, -1], [1, -1, 1], [1, -1], [1, 0, -1], [1, 0, -1], [1, 0, -1], [1, 0, -1], [1, -1, 1], [1, 1, 1], [1, 1, 1], [1, -1, 1], [1, -1, 1], [1, 1, 1], [1, 0, -1], [1, 0, -1], [1, 2, 1], [1, 1, 1], [1, 1, 1], [1, -1, 1], [1, -1, 1], [1, -1, 1], [1, -2, 1], [1, 0, -1], [1, 0, -1], [1, 0, -1], [1, -1, 1], [1, 0, -1], [1, -2, 1]]",0
2.1727.6t3.b,1727,"[11, 157]","[2, 3, 11, 157]",False,1,"[[[1], [-2], [1]], [[1], [2], [1]], [[1], [0], [-1]], [[1], [0], [-1]], [[1], [1], [1]], [[1], [-1], [1]], [[1], [-1]]]",null,0
2.1728.6t3.a,1728,"[2, 3]","[2, 3]",False,1,"[[[1], [-2], [1]], [[1], [2], [1]], [[1], [0], [-1]], [[1], [0], [-1]], [[1], [1], [1]], [[1], [-1], [1]], [[1]]]",null,0
2.1728.6t3.b,1728,"[2, 3]","[2, 3]",False,1,"[[[1], [-2], [1]], [[1], [2], [1]], [[1], [0], [-1]], [[1], [0], [-1]], [[1], [1], [1]], [[1], [-1], [1]], [[1]]]","[[1], [1], [1, 0, -1], [1, -1, 1], [1, 0, -1], [1, -1, 1], [1, 0, -1], [1, 1, 1], [1, 0, -1], [1, 0, -1], [1, 2, 1], [1, -1, 1], [1, 0, -1], [1, -2, 1], [1, 0, -1], [1, 0, -1], [1, 0, -1], [1, -1, 1], [1, 1, 1], [1, 0, -1], [1, 1, 1], [1, -1, 1], [1, 0, -1], [1, 0, -1], [1, 1, 1], [1, 0, -1], [1, -1, 1], [1, 0, -1], [1, 2, 1], [1, 0, -1]]",0
2.1728.6t3.c,1728,"[2, 3]","[2, 3]",False,1,"[[[1], [-2], [1]], [[1], [2], [1]], [[1], [0], [-1]], [[1], [0], [-1]], [[1], [1], [1]], [[1], [-1], [1]], [[1]]]","[[1], [1], [1, 0, -1], [1, 1, 1], [1, 0, -1], [1, -1, 1], [1, 0, -1], [1, -1, 1], [1, 0, -1], [1, 0, -1], [1, -2, 1], [1, -1, 1], [1, 0, -1], [1, 2, 1], [1, 0, -1], [1, 0, -1], [1, 0, -1], [1, -1, 1], [1, -1, 1], [1, 0, -1], [1, 1, 1], [1, 1, 1], [1, 0, -1], [1, 0, -1], [1, 1, 1], [1, 0, -1], [1, 1, 1], [1, 0, -1], [1, 2, 1], [1, 0, -1]]",0
2.1728.6t3.d,1728,"[2, 3]","[2, 3]",False,1,"[[[1], [-2], [1]], [[1], [2], [1]], [[1], [0], [-1]], [[1], [0], [-1]], [[1], [1], [1]], [[1], [-1], [1]], [[1]]]",null,0
2.1731.4t3.a,1731,"[3, 577]","[2, 3, 541, 577]",False,1,"[[[1], [-2], [1]], [[1], [2], [1]], [[1], [0], [-1]], [[1], [0], [-1]], [[1], [0], [1]], [[1], [-1]]]",null,0
2.1731.4t3.b,1731,"[3, 577]","[2, 3, 577]",False,1,"[[[1], [-2], [1]], [[1], [2], [1]], [[1], [0], [-1]], [[1], [0], [-1]], [[1], [0], [1]], [[1], [-1]]]","[[1, 0, -1], [1, -1], [1, 0, 1], [1, 0, -1], [1, 0, -1], [1, 0, -1], [1, 0, -1], [1, 2, 1], [1, 0, -1], [1, 0, 1], [1, 2, 1], [1, 0, -1], [1, 0, 1], [1, 0, -1], [1, 0, 1], [1, 0, -1], [1, 0, -1], [1, 0, -1], [1, 0, -1], [1, 0, -1], [1, 0, -1], [1, 0, -1], [1, 0, 1], [1, 0, 1], [1, 0, -1], [1, 0, 1], [1, 0, -1], [1, 0, -1], [1, 0, -1], [1, 0, 1]]",0
2.1731.4t3.c,1731,"[3, 577]","[2, 3, 577]",False,1,"[[[1], [-2], [1]], [[1], [2], [1]], [[1], [0], [-1]], [[1], [0], [-1]], [[1], [0], [1]], [[1], [-1]]]",null,0
2.1732.3t2.a,1732,"[2, 433]","[2, 433]",False,1,"[[[1], [-2], [1]], [[1], [0], [-1]], [[1], [1], [1]], [[1], [-1]]]","[[1, -1], [1, 0, -1], [1, 0, -1], [1, 1, 1], [1, 0, -1], [1, 1, 1], [1, 1, 1], [1, -2, 1], [1, -2, 1], [1, 0, -1], [1, 1, 1], [1, 1, 1], [1, 1, 1], [1, 1, 1], [1, 1, 1], [1, 1, 1], [1, 0, -1], [1, 0, -1], [1, 1, 1], [1, 1, 1], [1, 0, -1], [1, 0, -1], [1, 1, 1], [1, 0, -1], [1, 0, -1], [1, 0, -1], [1, -2, 1], [1, -2, 1], [1, 1, 1], [1, 0, -1]]",0
2.1732.4t3.a,1732,"[2, 433]","[2, 3, 433]",False,1,"[[[1], [-2], [1]], [[1], [2], [1]], [[1], [0], [-1]], [[1], [0], [-1]], [[1], [0], [1]], [[1], [1]], [[1], [-1]]]","[[1, 1], [1, 0, -1], [1, 0, -1], [1, 0, 1], [1, 0, -1], [1, -2, 1], [1, 2, 1], [1, 0, 1], [1, 0, 1], [1, 0, -1], [1, 0, 1], [1, 2, 1], [1, -2, 1], [1, 0, 1], [1, 0, 1], [1, -2, 1], [1, 0, -1], [1, 0, -1], [1, 0, 1], [1, 0, 1], [1, 0, -1], [1, 0, -1], [1, 0, 1], [1, 0, -1], [1, 0, -1], [1, 0, -1], [1, 0, 1], [1, 0, 1], [1, 2, 1], [1, 0, -1]]",0
2.1732.4t3.b,1732,"[2, 433]","[2, 3, 433]",False,1,"[[[1], [-2], [1]], [[1], [2], [1]], [[1], [0], [-1]], [[1], [0], [-1]], [[1], [0], [1]], [[1], [1]], [[1], [-1]]]",null,0
2.1732.4t3.c,1732,"[2, 433]","[2, 3, 11, 13, 17, 41, 433, 541]",False,1,"[[[1], [-2], [1]], [[1], [2], [1]], [[1], [0], [-1]], [[1], [0], [-1]], [[1], [0], [1]], [[1], [1]], [[1], [-1]]]",null,0
2.1732.6t3.a,1732,"[2, 433]","[2, 11, 433]",False,1,"[[[1], [-2], [1]], [[1], [2], [1]], [[1], [0], [-1]], [[1], [0], [-1]], [[1], [1], [1]], [[1], [-1], [1]], [[1], [-1]]]",null,0
2.1732.6t3.b,1732,"[2, 433]","[2, 3, 433]",False,1,"[[[1], [-2], [1]], [[1], [2], [1]], [[1], [0], [-1]], [[1], [0], [-1]], [[1], [1], [1]], [[1], [-1], [1]], [[1], [-1]]]","[[1, -1], [1, 0, -1], [1, 0, -1], [1, -1, 1], [1, 0, -1], [1, 1, 1], [1, 1, 1], [1, 2, 1], [1, 2, 1], [1, 0, -1], [1, -1, 1], [1, 1, 1], [1, 1, 1], [1, -1, 1], [1, -1, 1], [1, 1, 1], [1, 0, -1], [1, 0, -1], [1, -1, 1], [1, -1, 1], [1, 0, -1], [1, 0, -1], [1, -1, 1], [1, 0, -1], [1, 0, -1], [1, 0, -1], [1, 2, 1], [1, 2, 1], [1, 1, 1], [1, 0, -1]]",0
2.1736.3t2.a,1736,"[2, 7, 31]","[2, 7, 31]",False,1,"[[[1], [-2], [1]], [[1], [0], [-1]], [[1], [1], [1]], [[1], [-1]]]","[[1, -1], [1, 1, 1], [1, 1, 1], [1, -1], [1, 0, -1], [1, 0, -1], [1, -2, 1], [1, 0, -1], [1, 1, 1], [1, 1, 1], [1, -1], [1, -2, 1], [1, 0, -1], [1, 0, -1], [1, 1, 1], [1, -2, 1], [1, 0, -1], [1, 0, -1], [1, 1, 1], [1, 0, -1], [1, 1, 1], [1, 1, 1], [1, 1, 1], [1, 1, 1], [1, 0, -1], [1, 1, 1], [1, 1, 1], [1, 1, 1], [1, 0, -1], [1, 1, 1]]",0
2.1736.4t3.a,1736,"[2, 7, 31]","[2, 7, 11, 19, 31, 101, 311, 1783]",False,1,"[[[1], [-2], [1]], [[1], [2], [1]], [[1], [0], [-1]], [[1], [0], [-1]], [[1], [0], [1]], [[1], [1]], [[1], [-1]]]",null,0
2.1736.4t3.b,1736,"[2, 7, 31]","[2, 3, 7, 31, 41]",True,1,"[[[1], [-2], [1]], [[1], [2], [1]], [[1], [0], [-1]], [[1], [0], [-1]], [[1], [0], [1]], [[1], [1]], [[1], [-1]]]",null,0
2.1736.4t3.c,1736,"[2, 7, 31]","[2, 3, 7, 31, 79]",True,1,"[[[1], [-2], [1]], [[1], [2], [1]], [[1], [0], [-1]], [[1], [0], [-1]], [[1], [0], [1]], [[1], [1]], [[1], [-1]]]",null,0
2.1736.4t3.d,1736,"[2, 7, 31]","[2, 5, 7, 31, 47, 101, 907]",False,1,"[[[1], [-2], [1]], [[1], [2], [1]], [[1], [0], [-1]], [[1], [0], [-1]], [[1], [0], [1]], [[1], [1]], [[1], [-1]]]",null,0
2.1736.4t3.e,1736,"[2, 7, 31]","[2, 7, 31]",False,1,"[[[1], [-2], [1]], [[1], [2], [1]], [[1], [0], [-1]], [[1], [0], [-1]], [[1], [0], [1]], [[1], [1]], [[1], [-1]]]",null,0
2.1736.4t3.f,1736,"[2, 7, 31]","[2, 5, 7, 31]",False,1,"[[[1], [-2], [1]], [[1], [2], [1]], [[1], [0], [-1]], [[1], [0], [-1]], [[1], [0], [1]], [[1], [1]], [[1], [-1]]]",null,0
2.1736.4t3.g,1736,"[2, 7, 31]","[2, 3, 7, 31]",True,1,"[[[1], [-2], [1]], [[1], [2], [1]], [[1], [0], [-1]], [[1], [0], [-1]], [[1], [0], [1]], [[1], [1]], [[1], [-1]]]",null,0
2.1736.4t3.h,1736,"[2, 7, 31]","[2, 7, 31]",True,1,"[[[1], [-2], [1]], [[1], [2], [1]], [[1], [0], [-1]], [[1], [0], [-1]], [[1], [0], [1]], [[1], [1]], [[1], [-1]]]",null,0
2.1736.4t3.i,1736,"[2, 7, 31]","[2, 7, 31]",False,1,"[[[1], [-2], [1]], [[1], [2], [1]], [[1], [0], [-1]], [[1], [0], [-1]], [[1], [0], [1]], [[1], [1]], [[1], [-1]]]","[[1, 1], [1, 0, 1], [1, 2, 1], [1, 1], [1, 0, -1], [1, 0, -1], [1, 0, 1], [1, 0, -1], [1, 0, 1], [1, 0, 1], [1, -1], [1, 0, 1], [1, 0, -1], [1, 0, -1], [1, -2, 1], [1, 0, 1], [1, 0, -1], [1, 0, -1], [1, 2, 1], [1, 0, -1], [1, 0, 1], [1, 0, 1], [1, 0, 1], [1, 0, 1], [1, 0, -1], [1, -2, 1], [1, 2, 1], [1, 2, 1], [1, 0, -1], [1, -2, 1]]",0
2.1736.4t3.j,1736,"[2, 7, 31]","[2, 7, 31]",False,1,"[[[1], [-2], [1]], [[1], [2], [1]], [[1], [0], [-1]], [[1], [0], [-1]], [[1], [0], [1]], [[1], [1]], [[1], [-1]]]","[[1, 1], [1, 0, 1], [1, -2, 1], [1, -1], [1, 0, -1], [1, 0, -1], [1, 0, 1], [1, 0, -1], [1, 0, 1], [1, 0, 1], [1, 1], [1, 0, 1], [1, 0, -1], [1, 0, -1], [1, 2, 1], [1, 0, 1], [1, 0, -1], [1, 0, -1], [1, 2, 1], [1, 0, -1], [1, 0, 1], [1, 0, 1], [1, 0, 1], [1, 0, 1], [1, 0, -1], [1, 2, 1], [1, -2, 1], [1, 2, 1], [1, 0, -1], [1, -2, 1]]",0
2.1736.4t3.k,1736,"[2, 7, 31]","[2, 7, 31]",True,1,"[[[1], [-2], [1]], [[1], [2], [1]], [[1], [0], [-1]], [[1], [0], [-1]], [[1], [0], [1]], [[1], [1]], [[1], [-1]]]",null,0
2.1736.4t3.l,1736,"[2, 7, 31]","[2, 3, 7, 31]",True,1,"[[[1], [-2], [1]], [[1], [2], [1]], [[1], [0], [-1]], [[1], [0], [-1]], [[1], [0], [1]], [[1], [1]], [[1], [-1]]]",null,0
2.1736.6t3.a,1736,"[2, 7, 31]","[2, 7, 31]",False,1,"[[[1], [-2], [1]], [[1], [2], [1]], [[1], [0], [-1]], [[1], [0], [-1]], [[1], [1], [1]], [[1], [-1], [1]], [[1], [-1]], [[1], [1]]]",null,0
2.1736.6t3.b,1736,"[2, 7, 31]","[2, 7, 31]",False,1,"[[[1], [-2], [1]], [[1], [2], [1]], [[1], [0], [-1]], [[1], [0], [-1]], [[1], [1], [1]], [[1], [-1], [1]], [[1], [-1]]]","[[1, -1], [1, -1, 1], [1, 1, 1], [1, -1], [1, 0, -1], [1, 0, -1], [1, 2, 1], [1, 0, -1], [1, -1, 1], [1, -1, 1], [1, -1], [1, 2, 1], [1, 0, -1], [1, 0, -1], [1, 1, 1], [1, 2, 1], [1, 0, -1], [1, 0, -1], [1, 1, 1], [1, 0, -1], [1, -1, 1], [1, -1, 1], [1, -1, 1], [1, -1, 1], [1, 0, -1], [1, 1, 1], [1, 1, 1], [1, 1, 1], [1, 0, -1], [1, 1, 1]]",0
2.1736.6t3.c,1736,"[2, 7, 31]","[2, 7, 17, 31]",False,1,"[[[1], [-2], [1]], [[1], [2], [1]], [[1], [0], [-1]], [[1], [0], [-1]], [[1], [1], [1]], [[1], [-1], [1]], [[1], [-1]], [[1], [1]]]",null,0
2.1736.6t3.d,1736,"[2, 7, 31]","[2, 7, 31]",False,1,"[[[1], [-2], [1]], [[1], [2], [1]], [[1], [0], [-1]], [[1], [0], [-1]], [[1], [1], [1]], [[1], [-1], [1]], [[1], [-1]]]",null,0
2.1736.6t3.e,1736,"[2, 7, 31]","[2, 7, 31]",False,1,"[[[1], [-2], [1]], [[1], [2], [1]], [[1], [0], [-1]], [[1], [0], [-1]], [[1], [1], [1]], [[1], [-1], [1]], [[1], [-1]], [[1], [1]]]","[[1, -1], [1, 1, 1], [1, -1, 1], [1, 1], [1, 0, -1], [1, 0, -1], [1, -2, 1], [1, 0, -1], [1, -1, 1], [1, -1, 1], [1, 1], [1, 2, 1], [1, 0, -1], [1, 0, -1], [1, -1, 1], [1, 2, 1], [1, 0, -1], [1, 0, -1], [1, 1, 1], [1, 0, -1], [1, 1, 1], [1, -1, 1], [1, 1, 1], [1, 1, 1], [1, 0, -1], [1, -1, 1], [1, -1, 1], [1, 1, 1], [1, 0, -1], [1, 1, 1]]",0
2.1736.6t3.f,1736,"[2, 7, 31]","[2, 7, 31]",False,1,"[[[1], [-2], [1]], [[1], [2], [1]], [[1], [0], [-1]], [[1], [0], [-1]], [[1], [1], [1]], [[1], [-1], [1]], [[1], [-1]], [[1], [1]]]","[[1, -1], [1, -1, 1], [1, -1, 1], [1, 1], [1, 0, -1], [1, 0, -1], [1, 2, 1], [1, 0, -1], [1, 1, 1], [1, 1, 1], [1, 1], [1, -2, 1], [1, 0, -1], [1, 0, -1], [1, -1, 1], [1, -2, 1], [1, 0, -1], [1, 0, -1], [1, 1, 1], [1, 0, -1], [1, -1, 1], [1, 1, 1], [1, -1, 1], [1, -1, 1], [1, 0, -1], [1, -1, 1], [1, -1, 1], [1, 1, 1], [1, 0, -1], [1, 1, 1]]",0
2.1739.4t3.a,1739,"[37, 47]","[2, 37, 47]",False,1,"[[[1], [-2], [1]], [[1], [2], [1]], [[1], [0], [-1]], [[1], [0], [-1]], [[1], [0], [1]], [[1], [1]]]",null,0
2.1739.4t3.b,1739,"[37, 47]","[2, 3, 7, 37, 47, 101, 491]",False,1,"[[[1], [-2], [1]], [[1], [2], [1]], [[1], [0], [-1]], [[1], [0], [-1]], [[1], [0], [1]], [[1], [1]]]",null,0
2.1739.4t3.c,1739,"[37, 47]","[2, 3, 37, 47]",False,1,"[[[1], [-2], [1]], [[1], [2], [1]], [[1], [0], [-1]], [[1], [0], [-1]], [[1], [0], [1]], [[1], [1]]]","[[1, 0, -1], [1, 2, 1], [1, 0, 1], [1, -2, 1], [1, 0, -1], [1, 0, 1], [1, 0, -1], [1, 0, 1], [1, 0, 1], [1, 0, 1], [1, 0, 1], [1, 1], [1, 0, -1], [1, 0, 1], [1, 1], [1, -2, 1], [1, 0, -1], [1, 0, -1], [1, 0, -1], [1, 2, 1], [1, 0, -1], [1, 0, -1], [1, 2, 1], [1, 0, -1], [1, 0, -1], [1, -2, 1], [1, 0, -1], [1, 0, -1], [1, 0, 1], [1, 0, 1]]",0
2.1740.3t2.a,1740,"[2, 3, 5, 29]","[2, 3, 5, 29]",False,1,"[[[1], [-2], [1]], [[1], [0], [-1]], [[1], [1], [1]], [[1]], [[1], [-1]]]","[[1], [1, -1], [1, -1], [1, 0, -1], [1, 1, 1], [1, 0, -1], [1, 0, -1], [1, 0, -1], [1, 1, 1], [1, -1], [1, 0, -1], [1, 1, 1], [1, 1, 1], [1, 1, 1], [1, 0, -1], [1, 1, 1], [1, 0, -1], [1, 0, -1], [1, 0, -1], [1, 0, -1], [1, 1, 1], [1, 0, -1], [1, 1, 1], [1, -2, 1], [1, 1, 1], [1, 1, 1], [1, 0, -1], [1, -2, 1], [1, 1, 1], [1, 0, -1]]",0
2.1740.6t3.a,1740,"[2, 3, 5, 29]","[2, 3, 5, 29]",False,1,"[[[1], [-2], [1]], [[1], [2], [1]], [[1], [0], [-1]], [[1], [0], [-1]], [[1], [1], [1]], [[1], [-1], [1]], [[1]], [[1], [-1]], [[1], [1]]]","[[1], [1, -1], [1, 1], [1, 0, -1], [1, -1, 1], [1, 0, -1], [1, 0, -1], [1, 0, -1], [1, -1, 1], [1, 1], [1, 0, -1], [1, 1, 1], [1, -1, 1], [1, 1, 1], [1, 0, -1], [1, -1, 1], [1, 0, -1], [1, 0, -1], [1, 0, -1], [1, 0, -1], [1, 1, 1], [1, 0, -1], [1, -1, 1], [1, 2, 1], [1, 1, 1], [1, -1, 1], [1, 0, -1], [1, 2, 1], [1, 1, 1], [1, 0, -1]]",0
2.1740.6t3.b,1740,"[2, 3, 5, 29]","[2, 3, 5, 7, 29]",False,1,"[[[1], [-2], [1]], [[1], [2], [1]], [[1], [0], [-1]], [[1], [0], [-1]], [[1], [1], [1]], [[1], [-1], [1]], [[1]], [[1], [1]], [[1], [-1]]]","[[1], [1, 1], [1, -1], [1, 0, -1], [1, -1, 1], [1, 0, -1], [1, 0, -1], [1, 0, -1], [1, 1, 1], [1, 1], [1, 0, -1], [1, -1, 1], [1, -1, 1], [1, -1, 1], [1, 0, -1], [1, 1, 1], [1, 0, -1], [1, 0, -1], [1, 0, -1], [1, 0, -1], [1, -1, 1], [1, 0, -1], [1, 1, 1], [1, 2, 1], [1, -1, 1], [1, -1, 1], [1, 0, -1], [1, -2, 1], [1, 1, 1], [1, 0, -1]]",0
2.1740.6t3.c,1740,"[2, 3, 5, 29]","[2, 3, 5, 29]",False,1,"[[[1], [-2], [1]], [[1], [2], [1]], [[1], [0], [-1]], [[1], [0], [-1]], [[1], [1], [1]], [[1], [-1], [1]], [[1]], [[1], [-1]], [[1], [1]]]",null,0
2.1740.6t3.d,1740,"[2, 3, 5, 29]","[2, 3, 5, 29]",False,1,"[[[1], [-2], [1]], [[1], [2], [1]], [[1], [0], [-1]], [[1], [0], [-1]], [[1], [1], [1]], [[1], [-1], [1]], [[1]], [[1], [1]], [[1], [-1]]]",null,0
2.1740.6t3.e,1740,"[2, 3, 5, 29]","[2, 3, 5, 13, 29]",False,1,"[[[1], [-2], [1]], [[1], [2], [1]], [[1], [0], [-1]], [[1], [0], [-1]], [[1], [1], [1]], [[1], [-1], [1]], [[1]], [[1], [1]], [[1], [-1]]]",null,0
2.1740.6t3.f,1740,"[2, 3, 5, 29]","[2, 3, 5, 29]",False,1,"[[[1], [-2], [1]], [[1], [2], [1]], [[1], [0], [-1]], [[1], [0], [-1]], [[1], [1], [1]], [[1], [-1], [1]], [[1]], [[1], [1]], [[1], [-1]]]","[[1], [1, 1], [1, 1], [1, 0, -1], [1, 1, 1], [1, 0, -1], [1, 0, -1], [1, 0, -1], [1, -1, 1], [1, -1], [1, 0, -1], [1, -1, 1], [1, 1, 1], [1, -1, 1], [1, 0, -1], [1, -1, 1], [1, 0, -1], [1, 0, -1], [1, 0, -1], [1, 0, -1], [1, -1, 1], [1, 0, -1], [1, -1, 1], [1, -2, 1], [1, -1, 1], [1, 1, 1], [1, 0, -1], [1, 2, 1], [1, 1, 1], [1, 0, -1]]",0
2.1743.3t2.a,1743,"[3, 7, 83]","[3, 7, 83]",False,1,"[[[1], [-2], [1]], [[1], [0], [-1]], [[1], [1], [1]], [[1], [-1]]]","[[1, 1, 1], [1, -1], [1, 0, -1], [1, -1], [1, 0, -1], [1, 1, 1], [1, 1, 1], [1, -2, 1], [1, 0, -1], [1, 0, -1], [1, 0, -1], [1, 1, 1], [1, 1, 1], [1, 0, -1], [1, 0, -1], [1, 1, 1], [1, 1, 1], [1, 0, -1], [1, 0, -1], [1, -2, 1], [1, 1, 1], [1, 0, -1], [1, -1], [1, 0, -1], [1, -2, 1], [1, 0, -1], [1, 1, 1], [1, -2, 1], [1, 1, 1], [1, 0, -1]]",0
2.1743.4t3.a,1743,"[3, 7, 83]","[3, 7, 83]",False,1,"[[[1], [-2], [1]], [[1], [2], [1]], [[1], [0], [-1]], [[1], [0], [-1]], [[1], [0], [1]], [[1], [1]], [[1], [-1]]]","[[1, 0, 1], [1, 1], [1, 0, -1], [1, 1], [1, 0, -1], [1, 0, 1], [1, 2, 1], [1, 0, 1], [1, 0, -1], [1, 0, -1], [1, 0, -1], [1, -2, 1], [1, -2, 1], [1, 0, -1], [1, 0, -1], [1, 0, 1], [1, -2, 1], [1, 0, -1], [1, 0, -1], [1, 0, 1], [1, 0, 1], [1, 0, -1], [1, -1], [1, 0, -1], [1, 0, 1], [1, 0, -1], [1, 0, 1], [1, 0, 1], [1, 2, 1], [1, 0, -1]]",0
2.1743.4t3.b,1743,"[3, 7, 83]","[3, 7, 11, 83]",False,1,"[[[1], [-2], [1]], [[1], [2], [1]], [[1], [0], [-1]], [[1], [0], [-1]], [[1], [0], [1]], [[1], [-1]], [[1], [1]]]","[[1, 0, 1], [1, -1], [1, 0, -1], [1, 1], [1, 0, -1], [1, 0, 1], [1, -2, 1], [1, 0, 1], [1, 0, -1], [1, 0, -1], [1, 0, -1], [1, -2, 1], [1, 2, 1], [1, 0, -1], [1, 0, -1], [1, 0, 1], [1, 2, 1], [1, 0, -1], [1, 0, -1], [1, 0, 1], [1, 0, 1], [1, 0, -1], [1, 1], [1, 0, -1], [1, 0, 1], [1, 0, -1], [1, 0, 1], [1, 0, 1], [1, 2, 1], [1, 0, -1]]",0
2.1743.4t3.c,1743,"[3, 7, 83]","[2, 3, 7, 83]",False,1,"[[[1], [-2], [1]], [[1], [2], [1]], [[1], [0], [-1]], [[1], [0], [-1]], [[1], [0], [1]], [[1], [1]], [[1], [-1]]]",null,0
2.1743.4t3.d,1743,"[3, 7, 83]","[3, 5, 7, 83]",False,1,"[[[1], [-2], [1]], [[1], [2], [1]], [[1], [0], [-1]], [[1], [0], [-1]], [[1], [0], [1]], [[1], [-1]], [[1], [1]]]",null,0
2.1743.4t3.e,1743,"[3, 7, 83]","[2, 3, 5, 7, 83, 131]",False,1,"[[[1], [-2], [1]], [[1], [2], [1]], [[1], [0], [-1]], [[1], [0], [-1]], [[1], [0], [1]], [[1], [-1]], [[1], [1]]]",null,0
2.1743.4t3.f,1743,"[3, 7, 83]","[2, 3, 5, 7, 41, 83]",False,1,"[[[1], [-2], [1]], [[1], [2], [1]], [[1], [0], [-1]], [[1], [0], [-1]], [[1], [0], [1]], [[1], [1]], [[1], [-1]]]",null,0
2.1743.6t3.a,1743,"[3, 7, 83]","[2, 3, 7, 83]",False,1,"[[[1], [-2], [1]], [[1], [2], [1]], [[1], [0], [-1]], [[1], [0], [-1]], [[1], [1], [1]], [[1], [-1], [1]], [[1], [1]], [[1], [-1]]]","[[1, -1, 1], [1, 1], [1, 0, -1], [1, -1], [1, 0, -1], [1, 1, 1], [1, -1, 1], [1, -2, 1], [1, 0, -1], [1, 0, -1], [1, 0, -1], [1, 1, 1], [1, -1, 1], [1, 0, -1], [1, 0, -1], [1, -1, 1], [1, -1, 1], [1, 0, -1], [1, 0, -1], [1, 2, 1], [1, 1, 1], [1, 0, -1], [1, 1], [1, 0, -1], [1, -2, 1], [1, 0, -1], [1, 1, 1], [1, 2, 1], [1, 1, 1], [1, 0, -1]]",0
2.1743.6t3.b,1743,"[3, 7, 83]","[3, 5, 7, 83]",False,1,"[[[1], [-2], [1]], [[1], [2], [1]], [[1], [0], [-1]], [[1], [0], [-1]], [[1], [1], [1]], [[1], [-1], [1]], [[1], [-1]]]","[[1, -1, 1], [1, -1], [1, 0, -1], [1, -1], [1, 0, -1], [1, -1, 1], [1, 1, 1], [1, 2, 1], [1, 0, -1], [1, 0, -1], [1, 0, -1], [1, 1, 1], [1, 1, 1], [1, 0, -1], [1, 0, -1], [1, -1, 1], [1, 1, 1], [1, 0, -1], [1, 0, -1], [1, 2, 1], [1, -1, 1], [1, 0, -1], [1, -1], [1, 0, -1], [1, 2, 1], [1, 0, -1], [1, -1, 1], [1, 2, 1], [1, 1, 1], [1, 0, -1]]",0
2.1743.6t3.c,1743,"[3, 7, 83]","[2, 3, 5, 7, 19, 83]",False,1,"[[[1], [-2], [1]], [[1], [2], [1]], [[1], [0], [-1]], [[1], [0], [-1]], [[1], [1], [1]], [[1], [-1], [1]], [[1], [1]], [[1], [-1]]]",null,0
2.1743.6t3.d,1743,"[3, 7, 83]","[3, 5, 7, 83]",False,1,"[[[1], [-2], [1]], [[1], [2], [1]], [[1], [0], [-1]], [[1], [0], [-1]], [[1], [1], [1]], [[1], [-1], [1]], [[1], [1]], [[1], [-1]]]",null,0
2.1743.6t3.e,1743,"[3, 7, 83]","[3, 7, 83]",False,1,"[[[1], [-2], [1]], [[1], [2], [1]], [[1], [0], [-1]], [[1], [0], [-1]], [[1], [1], [1]], [[1], [-1], [1]], [[1], [1]], [[1], [-1]]]","[[1, 1, 1], [1, 1], [1, 0, -1], [1, -1], [1, 0, -1], [1, -1, 1], [1, -1, 1], [1, 2, 1], [1, 0, -1], [1, 0, -1], [1, 0, -1], [1, 1, 1], [1, -1, 1], [1, 0, -1], [1, 0, -1], [1, 1, 1], [1, -1, 1], [1, 0, -1], [1, 0, -1], [1, -2, 1], [1, -1, 1], [1, 0, -1], [1, 1], [1, 0, -1], [1, 2, 1], [1, 0, -1], [1, -1, 1], [1, -2, 1], [1, 1, 1], [1, 0, -1]]",0
2.1743.6t3.f,1743,"[3, 7, 83]","[3, 5, 7, 83]",False,1,"[[[1], [-2], [1]], [[1], [2], [1]], [[1], [0], [-1]], [[1], [0], [-1]], [[1], [1], [1]], [[1], [-1], [1]], [[1], [-1]]]",null,0
2.1744.4t3.a,1744,"[2, 109]","[2, 3, 7, 29, 109, 353]",False,1,"[[[1], [-2], [1]], [[1], [2], [1]], [[1], [0], [-1]], [[1], [0], [-1]], [[1], [0], [1]], [[1]], [[1], [1]]]",null,0
2.1744.4t3.b,1744,"[2, 109]","[2, 3, 109]",False,1,"[[[1], [-2], [1]], [[1], [2], [1]], [[1], [0], [-1]], [[1], [0], [-1]], [[1], [0], [1]], [[1]], [[1], [1]]]","[[1], [1, 0, -1], [1, 2, 1], [1, 0, -1], [1, 0, 1], [1, 0, -1], [1, 0, -1], [1, 0, 1], [1, 0, 1], [1, -2, 1], [1, 0, -1], [1, 0, -1], [1, 0, -1], [1, 0, -1], [1, 0, 1], [1, 0, -1], [1, 0, 1], [1, -2, 1], [1, 0, 1], [1, 0, -1], [1, -2, 1], [1, 0, 1], [1, 0, -1], [1, 2, 1], [1, 2, 1], [1, 0, -1], [1, 0, 1], [1, 0, 1], [1, 1], [1, 2, 1]]",0
2.1744.4t3.c,1744,"[2, 109]","[2, 5, 109]",False,1,"[[[1], [-2], [1]], [[1], [2], [1]], [[1], [0], [-1]], [[1], [0], [-1]], [[1], [0], [1]], [[1]], [[1], [1]]]",null,0
2.1745.4t3.a,1745,"[5, 349]","[3, 5, 7, 19, 31, 37, 349]",True,1,"[[[1], [-2], [1]], [[1], [2], [1]], [[1], [0], [-1]], [[1], [0], [-1]], [[1], [0], [1]], [[1], [1]]]",null,0
2.1745.4t3.b,1745,"[5, 349]","[5, 349]",True,1,"[[[1], [-2], [1]], [[1], [2], [1]], [[1], [0], [-1]], [[1], [0], [-1]], [[1], [0], [1]], [[1], [1]]]",null,0
2.1745.4t3.c,1745,"[5, 349]","[3, 5, 349]",True,1,"[[[1], [-2], [1]], [[1], [2], [1]], [[1], [0], [-1]], [[1], [0], [-1]], [[1], [0], [1]], [[1], [1]]]",null,0
2.1751.3t2.a,1751,"[17, 103]","[3, 17, 103]",False,1,"[[[1], [-2], [1]], [[1], [0], [-1]], [[1], [1], [1]], [[1], [-1]]]","[[1, 1, 1], [1, -2, 1], [1, 1, 1], [1, 0, -1], [1, 1, 1], [1, 1, 1], [1, -1], [1, -2, 1], [1, 0, -1], [1, 0, -1], [1, -2, 1], [1, 1, 1], [1, 0, -1], [1, 0, -1], [1, 0, -1], [1, 0, -1], [1, 1, 1], [1, 0, -1], [1, 0, -1], [1, 1, 1], [1, 1, 1], [1, 0, -1], [1, 1, 1], [1, 0, -1], [1, 0, -1], [1, 0, -1], [1, -1], [1, 0, -1], [1, 1, 1], [1, 1, 1]]",0
2.1751.4t3.a,1751,"[17, 103]","[2, 17, 103]",False,1,"[[[1], [-2], [1]], [[1], [2], [1]], [[1], [0], [-1]], [[1], [0], [-1]], [[1], [0], [1]], [[1], [-1]]]","[[1, -2, 1], [1, 0, 1], [1, 0, 1], [1, 0, -1], [1, 0, 1], [1, 2, 1], [1, -1], [1, 2, 1], [1, 0, -1], [1, 0, -1], [1, 0, 1], [1, 0, 1], [1, 0, -1], [1, 0, -1], [1, 0, -1], [1, 0, -1], [1, -2, 1], [1, 0, -1], [1, 0, -1], [1, 0, 1], [1, 0, 1], [1, 0, -1], [1, 2, 1], [1, 0, -1], [1, 0, -1], [1, 0, -1], [1, -1], [1, 0, -1], [1, 0, 1], [1, 0, 1]]",0
2.1751.4t3.b,1751,"[17, 103]","[2, 7, 17, 59, 103, 137]",False,1,"[[[1], [-2], [1]], [[1], [2], [1]], [[1], [0], [-1]], [[1], [0], [-1]], [[1], [0], [1]], [[1], [-1]]]",null,0
2.1751.4t3.c,1751,"[17, 103]","[2, 17, 103]",False,1,"[[[1], [-2], [1]], [[1], [2], [1]], [[1], [0], [-1]], [[1], [0], [-1]], [[1], [0], [1]], [[1], [-1]]]",null,0
2.1751.6t3.a,1751,"[17, 103]","[2, 3, 7, 17, 103]",False,1,"[[[1], [-2], [1]], [[1], [2], [1]], [[1], [0], [-1]], [[1], [0], [-1]], [[1], [1], [1]], [[1], [-1], [1]], [[1], [-1]]]","[[1, 1, 1], [1, 2, 1], [1, -1, 1], [1, 0, -1], [1, -1, 1], [1, 1, 1], [1, -1], [1, -2, 1], [1, 0, -1], [1, 0, -1], [1, 2, 1], [1, -1, 1], [1, 0, -1], [1, 0, -1], [1, 0, -1], [1, 0, -1], [1, 1, 1], [1, 0, -1], [1, 0, -1], [1, -1, 1], [1, -1, 1], [1, 0, -1], [1, 1, 1], [1, 0, -1], [1, 0, -1], [1, 0, -1], [1, -1], [1, 0, -1], [1, -1, 1], [1, -1, 1]]",0
2.1751.6t3.b,1751,"[17, 103]","[3, 17, 103]",False,1,"[[[1], [-2], [1]], [[1], [2], [1]], [[1], [0], [-1]], [[1], [0], [-1]], [[1], [1], [1]], [[1], [-1], [1]], [[1], [-1]]]",null,0
2.1752.4t3.a,1752,"[2, 3, 73]","[2, 3, 73]",False,1,"[[[1], [-2], [1]], [[1], [2], [1]], [[1], [0], [-1]], [[1], [0], [-1]], [[1], [0], [1]], [[1], [-1]], [[1], [1]]]",null,0
2.1752.4t3.b,1752,"[2, 3, 73]","[2, 3, 73]",False,1,"[[[1], [-2], [1]], [[1], [2], [1]], [[1], [0], [-1]], [[1], [0], [-1]], [[1], [0], [1]], [[1], [1]], [[1], [-1]]]",null,0
2.1752.4t3.c,1752,"[2, 3, 73]","[2, 3, 73]",True,1,"[[[1], [-2], [1]], [[1], [2], [1]], [[1], [0], [-1]], [[1], [0], [-1]], [[1], [0], [1]], [[1], [1]], [[1], [-1]]]",null,0
2.1752.4t3.d,1752,"[2, 3, 73]","[2, 3, 73]",True,1,"[[[1], [-2], [1]], [[1], [2], [1]], [[1], [0], [-1]], [[1], [0], [-1]], [[1], [0], [1]], [[1], [-1]], [[1], [1]]]",null,0
2.1752.4t3.e,1752,"[2, 3, 73]","[2, 3, 73]",False,1,"[[[1], [-2], [1]], [[1], [2], [1]], [[1], [0], [-1]], [[1], [0], [-1]], [[1], [0], [1]], [[1], [1]], [[1], [-1]]]","[[1, 1], [1, -1], [1, 0, -1], [1, 0, -1], [1, 0, -1], [1, 0, 1], [1, 0, 1], [1, 0, -1], [1, 0, -1], [1, 0, -1], [1, 0, -1], [1, 0, -1], [1, 0, -1], [1, 0, 1], [1, 0, 1], [1, 0, -1], [1, 0, -1], [1, 0, -1], [1, 0, -1], [1, 0, -1], [1, 1], [1, 2, 1], [1, 0, -1], [1, 0, -1], [1, 2, 1], [1, 0, -1], [1, 0, -1], [1, 0, -1], [1, 0, -1], [1, 0, 1]]",0
2.1752.4t3.f,1752,"[2, 3, 73]","[2, 3, 73]",False,1,"[[[1], [-2], [1]], [[1], [2], [1]], [[1], [0], [-1]], [[1], [0], [-1]], [[1], [0], [1]], [[1], [-1]], [[1], [1]]]","[[1, -1], [1, 1], [1, 0, -1], [1, 0, -1], [1, 0, -1], [1, 0, 1], [1, 0, 1], [1, 0, -1], [1, 0, -1], [1, 0, -1], [1, 0, -1], [1, 0, -1], [1, 0, -1], [1, 0, 1], [1, 0, 1], [1, 0, -1], [1, 0, -1], [1, 0, -1], [1, 0, -1], [1, 0, -1], [1, 1], [1, 2, 1], [1, 0, -1], [1, 0, -1], [1, 2, 1], [1, 0, -1], [1, 0, -1], [1, 0, -1], [1, 0, -1], [1, 0, 1]]",0
2.1752.4t3.g,1752,"[2, 3, 73]","[2, 3, 5, 19, 37, 73]",True,1,"[[[1], [-2], [1]], [[1], [2], [1]], [[1], [0], [-1]], [[1], [0], [-1]], [[1], [0], [1]], [[1], [-1]], [[1], [1]]]",null,0
2.1752.4t3.h,1752,"[2, 3, 73]","[2, 3, 37, 73, 523]",True,1,"[[[1], [-2], [1]], [[1], [2], [1]], [[1], [0], [-1]], [[1], [0], [-1]], [[1], [0], [1]], [[1], [1]], [[1], [-1]]]",null,0
2.1752.4t3.i,1752,"[2, 3, 73]","[2, 3, 5, 37, 73, 197]",False,1,"[[[1], [-2], [1]], [[1], [2], [1]], [[1], [0], [-1]], [[1], [0], [-1]], [[1], [0], [1]], [[1], [1]], [[1], [-1]]]",null,0
2.1752.4t3.j,1752,"[2, 3, 73]","[2, 3, 5, 37, 73, 1249]",False,1,"[[[1], [-2], [1]], [[1], [2], [1]], [[1], [0], [-1]], [[1], [0], [-1]], [[1], [0], [1]], [[1], [-1]], [[1], [1]]]",null,0
2.1752.4t3.k,1752,"[2, 3, 73]","[2, 3, 73]",True,1,"[[[1], [-2], [1]], [[1], [2], [1]], [[1], [0], [-1]], [[1], [0], [-1]], [[1], [0], [1]], [[1], [1]], [[1], [-1]]]",null,0
2.1752.4t3.l,1752,"[2, 3, 73]","[2, 3, 73]",True,1,"[[[1], [-2], [1]], [[1], [2], [1]], [[1], [0], [-1]], [[1], [0], [-1]], [[1], [0], [1]], [[1], [-1]], [[1], [1]]]",null,0
2.1755.3t2.a,1755,"[3, 5, 13]","[2, 3, 5, 13]",False,1,"[[[1], [-2], [1]], [[1], [0], [-1]], [[1], [1], [1]], [[1]], [[1], [-1]]]","[[1, 0, -1], [1], [1, -1], [1, 1, 1], [1, 1, 1], [1, -1], [1, 1, 1], [1, 0, -1], [1, -2, 1], [1, 0, -1], [1, 0, -1], [1, -2, 1], [1, 1, 1], [1, 0, -1], [1, 0, -1], [1, 1, 1], [1, 1, 1], [1, 1, 1], [1, 1, 1], [1, 1, 1], [1, 1, 1], [1, 1, 1], [1, 0, -1], [1, -2, 1], [1, 1, 1], [1, 0, -1], [1, 0, -1], [1, 1, 1], [1, 0, -1], [1, 1, 1]]",0
2.1755.6t3.a,1755,"[3, 5, 13]","[2, 3, 5, 13, 37]",False,1,"[[[1], [-2], [1]], [[1], [2], [1]], [[1], [0], [-1]], [[1], [0], [-1]], [[1], [1], [1]], [[1], [-1], [1]], [[1]], [[1], [-1]], [[1], [1]]]","[[1, 0, -1], [1], [1, -1], [1, -1, 1], [1, 1, 1], [1, 1], [1, -1, 1], [1, 0, -1], [1, 2, 1], [1, 0, -1], [1, 0, -1], [1, 2, 1], [1, 1, 1], [1, 0, -1], [1, 0, -1], [1, -1, 1], [1, 1, 1], [1, 1, 1], [1, -1, 1], [1, 1, 1], [1, -1, 1], [1, 1, 1], [1, 0, -1], [1, -2, 1], [1, -1, 1], [1, 0, -1], [1, 0, -1], [1, -1, 1], [1, 0, -1], [1, -1, 1]]",0
2.1755.6t3.b,1755,"[3, 5, 13]","[2, 3, 5, 13]",False,1,"[[[1], [-2], [1]], [[1], [2], [1]], [[1], [0], [-1]], [[1], [0], [-1]], [[1], [1], [1]], [[1], [-1], [1]], [[1]], [[1], [1]], [[1], [-1]]]",null,0
2.1755.6t3.c,1755,"[3, 5, 13]","[2, 3, 5, 13]",False,1,"[[[1], [-2], [1]], [[1], [2], [1]], [[1], [0], [-1]], [[1], [0], [-1]], [[1], [1], [1]], [[1], [-1], [1]], [[1]], [[1], [-1]], [[1], [1]]]",null,0
2.1755.6t3.d,1755,"[3, 5, 13]","[2, 3, 5, 13, 23]",False,1,"[[[1], [-2], [1]], [[1], [2], [1]], [[1], [0], [-1]], [[1], [0], [-1]], [[1], [1], [1]], [[1], [-1], [1]], [[1]], [[1], [1]]]",null,0
2.1755.6t3.e,1755,"[3, 5, 13]","[2, 3, 5, 13, 31]",False,1,"[[[1], [-2], [1]], [[1], [2], [1]], [[1], [0], [-1]], [[1], [0], [-1]], [[1], [1], [1]], [[1], [-1], [1]], [[1]], [[1], [1]], [[1], [-1]]]","[[1, 0, -1], [1], [1, 1], [1, 1, 1], [1, -1, 1], [1, -1], [1, -1, 1], [1, 0, -1], [1, 2, 1], [1, 0, -1], [1, 0, -1], [1, -2, 1], [1, -1, 1], [1, 0, -1], [1, 0, -1], [1, -1, 1], [1, -1, 1], [1, 1, 1], [1, 1, 1], [1, -1, 1], [1, 1, 1], [1, 1, 1], [1, 0, -1], [1, 2, 1], [1, 1, 1], [1, 0, -1], [1, 0, -1], [1, -1, 1], [1, 0, -1], [1, -1, 1]]",0
2.1755.6t3.f,1755,"[3, 5, 13]","[2, 3, 5, 13, 23, 37]",False,1,"[[[1], [-2], [1]], [[1], [2], [1]], [[1], [0], [-1]], [[1], [0], [-1]], [[1], [1], [1]], [[1], [-1], [1]], [[1]], [[1], [1]]]","[[1, 0, -1], [1], [1, 1], [1, -1, 1], [1, -1, 1], [1, 1], [1, 1, 1], [1, 0, -1], [1, -2, 1], [1, 0, -1], [1, 0, -1], [1, 2, 1], [1, -1, 1], [1, 0, -1], [1, 0, -1], [1, 1, 1], [1, -1, 1], [1, 1, 1], [1, -1, 1], [1, -1, 1], [1, -1, 1], [1, 1, 1], [1, 0, -1], [1, 2, 1], [1, -1, 1], [1, 0, -1], [1, 0, -1], [1, 1, 1], [1, 0, -1], [1, 1, 1]]",0
2.1759.3t2.a,1759,[1759],"[2, 1759]",False,1,"[[[1], [-2], [1]], [[1], [0], [-1]], [[1], [1], [1]], [[1], [-1]]]","[[1, -2, 1], [1, 0, -1], [1, 1, 1], [1, 0, -1], [1, 1, 1], [1, 1, 1], [1, 1, 1], [1, 0, -1], [1, 1, 1], [1, 0, -1], [1, -2, 1], [1, 0, -1], [1, 1, 1], [1, 1, 1], [1, 1, 1], [1, 1, 1], [1, 0, -1], [1, 0, -1], [1, 0, -1], [1, 1, 1], [1, 0, -1], [1, 0, -1], [1, 0, -1], [1, -2, 1], [1, 0, -1], [1, 0, -1], [1, 0, -1], [1, 0, -1], [1, 1, 1], [1, -2, 1]]",0
2.1760.6t3.a,1760,"[2, 5, 11]","[2, 5, 11]",False,1,"[[[1], [-2], [1]], [[1], [2], [1]], [[1], [0], [-1]], [[1], [0], [-1]], [[1], [1], [1]], [[1], [-1], [1]], [[1]], [[1], [1]]]","[[1], [1, 1, 1], [1, 1], [1, 1, 1], [1, 1], [1, 0, -1], [1, -1, 1], [1, -1, 1], [1, 0, -1], [1, 1, 1], [1, -1, 1], [1, -1, 1], [1, 0, -1], [1, 0, -1], [1, 0, -1], [1, -1, 1], [1, 0, -1], [1, 1, 1], [1, -2, 1], [1, -1, 1], [1, 2, 1], [1, 0, -1], [1, 0, -1], [1, 1, 1], [1, 0, -1], [1, -2, 1], [1, 0, -1], [1, 0, -1], [1, -2, 1], [1, 0, -1]]",0
2.1760.6t3.b,1760,"[2, 5, 11]","[2, 5, 11]",False,1,"[[[1], [-2], [1]], [[1], [2], [1]], [[1], [0], [-1]], [[1], [0], [-1]], [[1], [1], [1]], [[1], [-1], [1]], [[1]], [[1], [-1]]]","[[1], [1, -1, 1], [1, -1], [1, 1, 1], [1, -1], [1, 0, -1], [1, -1, 1], [1, 1, 1], [1, 0, -1], [1, -1, 1], [1, -1, 1], [1, 1, 1], [1, 0, -1], [1, 0, -1], [1, 0, -1], [1, 1, 1], [1, 0, -1], [1, -1, 1], [1, 2, 1], [1, -1, 1], [1, 2, 1], [1, 0, -1], [1, 0, -1], [1, 1, 1], [1, 0, -1], [1, 2, 1], [1, 0, -1], [1, 0, -1], [1, 2, 1], [1, 0, -1]]",0
2.1760.6t3.c,1760,"[2, 5, 11]","[2, 3, 5, 11]",False,1,"[[[1], [-2], [1]], [[1], [2], [1]], [[1], [0], [-1]], [[1], [0], [-1]], [[1], [1], [1]], [[1], [-1], [1]], [[1]], [[1], [1]]]",null,0
2.1760.6t3.d,1760,"[2, 5, 11]","[2, 5, 11]",False,1,"[[[1], [-2], [1]], [[1], [2], [1]], [[1], [0], [-1]], [[1], [0], [-1]], [[1], [1], [1]], [[1], [-1], [1]], [[1]], [[1], [-1]], [[1], [1]]]","[[1], [1, -1, 1], [1, -1], [1, -1, 1], [1, 1], [1, 0, -1], [1, 1, 1], [1, -1, 1], [1, 0, -1], [1, 1, 1], [1, -1, 1], [1, 1, 1], [1, 0, -1], [1, 0, -1], [1, 0, -1], [1, 1, 1], [1, 0, -1], [1, 1, 1], [1, 2, 1], [1, -1, 1], [1, -2, 1], [1, 0, -1], [1, 0, -1], [1, 1, 1], [1, 0, -1], [1, -2, 1], [1, 0, -1], [1, 0, -1], [1, -2, 1], [1, 0, -1]]",0
2.1760.6t3.e,1760,"[2, 5, 11]","[2, 5, 11, 13]",False,1,"[[[1], [-2], [1]], [[1], [2], [1]], [[1], [0], [-1]], [[1], [0], [-1]], [[1], [1], [1]], [[1], [-1], [1]], [[1]], [[1], [-1]]]",null,0
2.1760.6t3.f,1760,"[2, 5, 11]","[2, 5, 11]",False,1,"[[[1], [-2], [1]], [[1], [2], [1]], [[1], [0], [-1]], [[1], [0], [-1]], [[1], [1], [1]], [[1], [-1], [1]], [[1]], [[1], [1]], [[1], [-1]]]","[[1], [1, 1, 1], [1, 1], [1, -1, 1], [1, -1], [1, 0, -1], [1, 1, 1], [1, 1, 1], [1, 0, -1], [1, -1, 1], [1, -1, 1], [1, -1, 1], [1, 0, -1], [1, 0, -1], [1, 0, -1], [1, -1, 1], [1, 0, -1], [1, -1, 1], [1, -2, 1], [1, -1, 1], [1, -2, 1], [1, 0, -1], [1, 0, -1], [1, 1, 1], [1, 0, -1], [1, 2, 1], [1, 0, -1], [1, 0, -1], [1, 2, 1], [1, 0, -1]]",0
2.1760.6t3.g,1760,"[2, 5, 11]","[2, 5, 11, 83]",False,1,"[[[1], [-2], [1]], [[1], [2], [1]], [[1], [0], [-1]], [[1], [0], [-1]], [[1], [1], [1]], [[1], [-1], [1]], [[1]], [[1], [-1]], [[1], [1]]]",null,0
2.1760.6t3.h,1760,"[2, 5, 11]","[2, 3, 5, 11]",False,1,"[[[1], [-2], [1]], [[1], [2], [1]], [[1], [0], [-1]], [[1], [0], [-1]], [[1], [1], [1]], [[1], [-1], [1]], [[1]], [[1], [1]], [[1], [-1]]]",null,0
2.1763.3t2.a,1763,"[41, 43]","[2, 41, 43]",False,1,"[[[1], [-2], [1]], [[1], [0], [-1]], [[1], [1], [1]], [[1], [-1]]]","[[1, 0, -1], [1, 1, 1], [1, 0, -1], [1, 1, 1], [1, 0, -1], [1, 0, -1], [1, 0, -1], [1, -2, 1], [1, 1, 1], [1, -2, 1], [1, 1, 1], [1, 0, -1], [1, -1], [1, -1], [1, 0, -1], [1, 0, -1], [1, 1, 1], [1, 0, -1], [1, 0, -1], [1, 1, 1], [1, 0, -1], [1, 0, -1], [1, 1, 1], [1, 1, 1], [1, 0, -1], [1, 0, -1], [1, -2, 1], [1, -2, 1], [1, 0, -1], [1, 0, -1]]",0
2.1763.4t3.a,1763,"[41, 43]","[2, 41, 43]",False,1,"[[[1], [-2], [1]], [[1], [2], [1]], [[1], [0], [-1]], [[1], [0], [-1]], [[1], [0], [1]], [[1], [1]]]",null,0
2.1763.4t3.b,1763,"[41, 43]","[41, 43]",False,1,"[[[1], [-2], [1]], [[1], [2], [1]], [[1], [0], [-1]], [[1], [0], [-1]], [[1], [0], [1]], [[1], [1]]]","[[1, 0, -1], [1, 0, 1], [1, 0, -1], [1, 0, 1], [1, 0, -1], [1, 0, -1], [1, 0, -1], [1, 0, 1], [1, -2, 1], [1, 0, 1], [1, -2, 1], [1, 0, -1], [1, 1], [1, 1], [1, 0, -1], [1, 0, -1], [1, 2, 1], [1, 0, -1], [1, 0, -1], [1, 0, 1], [1, 0, -1], [1, 0, -1], [1, 2, 1], [1, 0, 1], [1, 0, -1], [1, 0, -1], [1, 2, 1], [1, 2, 1], [1, 0, -1], [1, 0, -1]]",0
2.1763.4t3.c,1763,"[41, 43]","[2, 5, 41, 43, 103, 541, 79867]",False,1,"[[[1], [-2], [1]], [[1], [2], [1]], [[1], [0], [-1]], [[1], [0], [-1]], [[1], [0], [1]], [[1], [1]]]",null,0
2.1763.6t3.a,1763,"[41, 43]","[2, 41, 43]",False,1,"[[[1], [-2], [1]], [[1], [2], [1]], [[1], [0], [-1]], [[1], [0], [-1]], [[1], [1], [1]], [[1], [-1], [1]], [[1], [-1]]]",null,0
2.1763.6t3.b,1763,"[41, 43]","[2, 41, 43]",False,1,"[[[1], [-2], [1]], [[1], [2], [1]], [[1], [0], [-1]], [[1], [0], [-1]], [[1], [1], [1]], [[1], [-1], [1]], [[1], [-1]]]","[[1, 0, -1], [1, -1, 1], [1, 0, -1], [1, -1, 1], [1, 0, -1], [1, 0, -1], [1, 0, -1], [1, 2, 1], [1, 1, 1], [1, 2, 1], [1, 1, 1], [1, 0, -1], [1, -1], [1, -1], [1, 0, -1], [1, 0, -1], [1, 1, 1], [1, 0, -1], [1, 0, -1], [1, -1, 1], [1, 0, -1], [1, 0, -1], [1, 1, 1], [1, -1, 1], [1, 0, -1], [1, 0, -1], [1, -2, 1], [1, -2, 1], [1, 0, -1], [1, 0, -1]]",0
2.1764.4t3.a,1764,"[2, 3, 7]","[2, 3, 7]",False,1,"[[[1], [-2], [1]], [[1], [2], [1]], [[1], [0], [-1]], [[1], [0], [-1]], [[1], [0], [1]], [[1], [-1]], [[1]]]","[[1, -1], [1], [1, 0, 1], [1], [1, 0, -1], [1, 0, 1], [1, 0, 1], [1, 0, -1], [1, 0, -1], [1, -2, 1], [1, 0, -1], [1, 2, 1], [1, 0, 1], [1, 0, -1], [1, 0, -1], [1, 2, 1], [1, 0, -1], [1, 0, 1], [1, 0, -1], [1, 0, -1], [1, 0, 1], [1, 0, -1], [1, 0, -1], [1, 0, 1], [1, 0, 1], [1, 0, 1], [1, 0, -1], [1, 0, -1], [1, 2, 1], [1, 2, 1]]",0
2.1764.4t3.b,1764,"[2, 3, 7]","[2, 3, 7, 11]",False,1,"[[[1], [-2], [1]], [[1], [2], [1]], [[1], [0], [-1]], [[1], [0], [-1]], [[1], [0], [1]], [[1], [-1]], [[1]]]",null,0
2.1764.4t3.c,1764,"[2, 3, 7]","[2, 3, 7]",False,1,"[[[1], [-2], [1]], [[1], [2], [1]], [[1], [0], [-1]], [[1], [0], [-1]], [[1], [0], [1]], [[1], [-1]], [[1]]]",null,0
2.1765.3t2.a,1765,"[5, 353]","[5, 353]",True,1,"[[[1], [-2], [1]], [[1], [0], [-1]], [[1], [1], [1]], [[1], [-1]]]",null,0
2.1765.6t3.a,1765,"[5, 353]","[2, 5, 13, 353]",True,1,"[[[1], [-2], [1]], [[1], [2], [1]], [[1], [0], [-1]], [[1], [0], [-1]], [[1], [1], [1]], [[1], [-1], [1]], [[1], [1]]]",null,0
2.1765.6t3.b,1765,"[5, 353]","[2, 5, 353]",True,1,"[[[1], [-2], [1]], [[1], [2], [1]], [[1], [0], [-1]], [[1], [0], [-1]], [[1], [1], [1]], [[1], [-1], [1]], [[1], [1]]]",null,0
2.1767.4t3.a,1767,"[3, 19, 31]","[3, 5, 19, 31]",False,1,"[[[1], [-2], [1]], [[1], [2], [1]], [[1], [0], [-1]], [[1], [0], [-1]], [[1], [0], [1]], [[1], [1]], [[1], [-1]]]","[[1, 0, 1], [1, 1], [1, 0, -1], [1, 2, 1], [1, 0, 1], [1, 2, 1], [1, 0, 1], [1, -1], [1, 0, 1], [1, 0, -1], [1, 1], [1, -2, 1], [1, 0, 1], [1, 0, -1], [1, 0, -1], [1, 0, -1], [1, 0, 1], [1, 0, -1], [1, 0, -1], [1, 0, 1], [1, 0, -1], [1, -2, 1], [1, 0, 1], [1, 0, -1], [1, 0, -1], [1, 0, -1], [1, 0, -1], [1, 0, 1], [1, 0, -1], [1, 0, 1]]",0
2.1767.4t3.b,1767,"[3, 19, 31]","[3, 19, 31]",False,1,"[[[1], [-2], [1]], [[1], [2], [1]], [[1], [0], [-1]], [[1], [0], [-1]], [[1], [0], [1]], [[1], [-1]]]","[[1, 0, 1], [1, -1], [1, 0, -1], [1, 2, 1], [1, 0, 1], [1, -2, 1], [1, 0, 1], [1, -1], [1, 0, 1], [1, 0, -1], [1, -1], [1, 2, 1], [1, 0, 1], [1, 0, -1], [1, 0, -1], [1, 0, -1], [1, 0, 1], [1, 0, -1], [1, 0, -1], [1, 0, 1], [1, 0, -1], [1, 2, 1], [1, 0, 1], [1, 0, -1], [1, 0, -1], [1, 0, -1], [1, 0, -1], [1, 0, 1], [1, 0, -1], [1, 0, 1]]",0
2.1767.4t3.c,1767,"[3, 19, 31]","[2, 3, 7, 19, 31]",False,1,"[[[1], [-2], [1]], [[1], [2], [1]], [[1], [0], [-1]], [[1], [0], [-1]], [[1], [0], [1]], [[1], [1]], [[1], [-1]]]",null,0
2.1767.4t3.d,1767,"[3, 19, 31]","[2, 3, 5, 19, 31]",False,1,"[[[1], [-2], [1]], [[1], [2], [1]], [[1], [0], [-1]], [[1], [0], [-1]], [[1], [0], [1]], [[1], [-1]]]",null,0
2.1767.4t3.e,1767,"[3, 19, 31]","[2, 3, 5, 7, 13, 19, 31]",False,1,"[[[1], [-2], [1]], [[1], [2], [1]], [[1], [0], [-1]], [[1], [0], [-1]], [[1], [0], [1]], [[1], [-1]]]",null,0
2.1767.4t3.f,1767,"[3, 19, 31]","[2, 3, 7, 19, 31, 37]",False,1,"[[[1], [-2], [1]], [[1], [2], [1]], [[1], [0], [-1]], [[1], [0], [-1]], [[1], [0], [1]], [[1], [1]], [[1], [-1]]]",null,0
2.1768.4t3.a,1768,"[2, 13, 17]","[2, 13, 17]",True,1,"[[[1], [-2], [1]], [[1], [2], [1]], [[1], [0], [-1]], [[1], [0], [-1]], [[1], [0], [1]], [[1], [1]], [[1], [-1]]]",null,0
2.1768.4t3.b,1768,"[2, 13, 17]","[2, 13, 17]",True,1,"[[[1], [-2], [1]], [[1], [2], [1]], [[1], [0], [-1]], [[1], [0], [-1]], [[1], [0], [1]], [[1], [-1]], [[1], [1]]]",null,0
2.1768.4t3.c,1768,"[2, 13, 17]","[2, 13, 17]",True,1,"[[[1], [-2], [1]], [[1], [2], [1]], [[1], [0], [-1]], [[1], [0], [-1]], [[1], [0], [1]], [[1], [-1]], [[1], [1]]]",null,0
2.1768.4t3.d,1768,"[2, 13, 17]","[2, 5, 13, 17]",True,1,"[[[1], [-2], [1]], [[1], [2], [1]], [[1], [0], [-1]], [[1], [0], [-1]], [[1], [0], [1]], [[1], [1]], [[1], [-1]]]",null,0
2.1768.4t3.e,1768,"[2, 13, 17]","[2, 5, 13, 17]",False,1,"[[[1], [-2], [1]], [[1], [2], [1]], [[1], [0], [-1]], [[1], [0], [-1]], [[1], [0], [1]], [[1], [1]], [[1], [-1]]]",null,0
2.1768.4t3.f,1768,"[2, 13, 17]","[2, 3, 13, 17]",False,1,"[[[1], [-2], [1]], [[1], [2], [1]], [[1], [0], [-1]], [[1], [0], [-1]], [[1], [0], [1]], [[1], [-1]], [[1], [1]]]",null,0
2.1768.4t3.g,1768,"[2, 13, 17]","[2, 5, 13, 17, 19, 103]",True,1,"[[[1], [-2], [1]], [[1], [2], [1]], [[1], [0], [-1]], [[1], [0], [-1]], [[1], [0], [1]], [[1], [1]], [[1], [-1]]]",null,0
2.1768.4t3.h,1768,"[2, 13, 17]","[2, 3, 5, 11, 13, 17, 953]",True,1,"[[[1], [-2], [1]], [[1], [2], [1]], [[1], [0], [-1]], [[1], [0], [-1]], [[1], [0], [1]], [[1], [-1]], [[1], [1]]]",null,0
2.1768.4t3.i,1768,"[2, 13, 17]","[2, 3, 5, 13, 17, 59]",False,1,"[[[1], [-2], [1]], [[1], [2], [1]], [[1], [0], [-1]], [[1], [0], [-1]], [[1], [0], [1]], [[1], [1]], [[1], [-1]]]",null,0
2.1768.4t3.j,1768,"[2, 13, 17]","[2, 3, 13, 17, 251, 1471]",False,1,"[[[1], [-2], [1]], [[1], [2], [1]], [[1], [0], [-1]], [[1], [0], [-1]], [[1], [0], [1]], [[1], [-1]], [[1], [1]]]",null,0
2.1768.4t3.k,1768,"[2, 13, 17]","[2, 3, 13, 17]",False,1,"[[[1], [-2], [1]], [[1], [2], [1]], [[1], [0], [-1]], [[1], [0], [-1]], [[1], [0], [1]], [[1], [1]], [[1], [-1]]]","[[1, 1], [1, 0, -1], [1, 0, -1], [1, 0, -1], [1, 0, 1], [1, -1], [1, 1], [1, 0, -1], [1, 0, 1], [1, 0, 1], [1, 0, -1], [1, 0, -1], [1, 0, 1], [1, 2, 1], [1, -2, 1], [1, 0, -1], [1, 0, -1], [1, 0, 1], [1, 0, -1], [1, 0, -1], [1, 0, 1], [1, 0, 1], [1, 0, -1], [1, 0, -1], [1, 0, 1], [1, 0, -1], [1, 0, -1], [1, 0, -1], [1, 0, -1], [1, 0, -1]]",0
2.1768.4t3.l,1768,"[2, 13, 17]","[2, 5, 13, 17]",False,1,"[[[1], [-2], [1]], [[1], [2], [1]], [[1], [0], [-1]], [[1], [0], [-1]], [[1], [0], [1]], [[1], [-1]], [[1], [1]]]","[[1, -1], [1, 0, -1], [1, 0, -1], [1, 0, -1], [1, 0, 1], [1, 1], [1, 1], [1, 0, -1], [1, 0, 1], [1, 0, 1], [1, 0, -1], [1, 0, -1], [1, 0, 1], [1, 2, 1], [1, 2, 1], [1, 0, -1], [1, 0, -1], [1, 0, 1], [1, 0, -1], [1, 0, -1], [1, 0, 1], [1, 0, 1], [1, 0, -1], [1, 0, -1], [1, 0, 1], [1, 0, -1], [1, 0, -1], [1, 0, -1], [1, 0, -1], [1, 0, -1]]",0
2.1771.4t3.a,1771,"[7, 11, 23]","[2, 3, 7, 11, 17, 23]",False,1,"[[[1], [-2], [1]], [[1], [2], [1]], [[1], [0], [-1]], [[1], [0], [-1]], [[1], [0], [1]], [[1], [-1]], [[1], [1]]]",null,0
2.1771.4t3.b,1771,"[7, 11, 23]","[2, 3, 7, 11, 23, 47]",False,1,"[[[1], [-2], [1]], [[1], [2], [1]], [[1], [0], [-1]], [[1], [0], [-1]], [[1], [0], [1]], [[1], [1]], [[1], [-1]]]",null,0
2.1771.4t3.c,1771,"[7, 11, 23]","[7, 11, 23]",False,1,"[[[1], [-2], [1]], [[1], [2], [1]], [[1], [0], [-1]], [[1], [0], [-1]], [[1], [0], [1]], [[1], [-1]], [[1], [1]]]","[[1, 0, -1], [1, 0, -1], [1, 0, 1], [1, -1], [1, 1], [1, 0, 1], [1, 0, -1], [1, 0, -1], [1, 1], [1, 0, -1], [1, 0, -1], [1, 0, -1], [1, 0, 1], [1, 2, 1], [1, 0, -1], [1, 0, -1], [1, 0, -1], [1, 0, -1], [1, 0, -1], [1, 2, 1], [1, 0, 1], [1, -2, 1], [1, 0, -1], [1, 0, 1], [1, 0, 1], [1, 0, 1], [1, 0, 1], [1, -2, 1], [1, 2, 1], [1, 0, -1]]",0
2.1771.4t3.d,1771,"[7, 11, 23]","[3, 7, 11, 23]",False,1,"[[[1], [-2], [1]], [[1], [2], [1]], [[1], [0], [-1]], [[1], [0], [-1]], [[1], [0], [1]], [[1], [1]], [[1], [-1]]]","[[1, 0, -1], [1, 0, -1], [1, 0, 1], [1, 1], [1, -1], [1, 0, 1], [1, 0, -1], [1, 0, -1], [1, 1], [1, 0, -1], [1, 0, -1], [1, 0, -1], [1, 0, 1], [1, -2, 1], [1, 0, -1], [1, 0, -1], [1, 0, -1], [1, 0, -1], [1, 0, -1], [1, 2, 1], [1, 0, 1], [1, 2, 1], [1, 0, -1], [1, 0, 1], [1, 0, 1], [1, 0, 1], [1, 0, 1], [1, 2, 1], [1, -2, 1], [1, 0, -1]]",0
2.1771.4t3.e,1771,"[7, 11, 23]","[2, 3, 7, 11, 23]",False,1,"[[[1], [-2], [1]], [[1], [2], [1]], [[1], [0], [-1]], [[1], [0], [-1]], [[1], [0], [1]], [[1], [1]], [[1], [-1]]]",null,0
2.1771.4t3.f,1771,"[7, 11, 23]","[2, 7, 11, 23]",False,1,"[[[1], [-2], [1]], [[1], [2], [1]], [[1], [0], [-1]], [[1], [0], [-1]], [[1], [0], [1]], [[1], [-1]], [[1], [1]]]",null,0
2.1772.3t2.a,1772,"[2, 443]","[2, 443]",True,1,"[[[1], [-2], [1]], [[1], [0], [-1]], [[1], [1], [1]], [[1], [-1]]]",null,0
2.1772.3t2.b,1772,"[2, 443]","[2, 443]",False,1,"[[[1], [-2], [1]], [[1], [0], [-1]], [[1], [1], [1]], [[1]], [[1], [-1]]]","[[1], [1, 1, 1], [1, 0, -1], [1, 0, -1], [1, 0, -1], [1, 1, 1], [1, -2, 1], [1, 0, -1], [1, 0, -1], [1, 0, -1], [1, 0, -1], [1, 1, 1], [1, -2, 1], [1, 0, -1], [1, 1, 1], [1, 0, -1], [1, 1, 1], [1, -2, 1], [1, -2, 1], [1, 1, 1], [1, 0, -1], [1, -2, 1], [1, 0, -1], [1, 1, 1], [1, 0, -1], [1, 0, -1], [1, 1, 1], [1, -2, 1], [1, -2, 1], [1, 1, 1]]",0
2.1772.6t3.a,1772,"[2, 443]","[2, 5, 443, 1867]",True,1,"[[[1], [-2], [1]], [[1], [2], [1]], [[1], [0], [-1]], [[1], [0], [-1]], [[1], [1], [1]], [[1], [-1], [1]], [[1], [1]]]",null,0
2.1772.6t3.b,1772,"[2, 443]","[2, 3, 167, 443]",True,1,"[[[1], [-2], [1]], [[1], [2], [1]], [[1], [0], [-1]], [[1], [0], [-1]], [[1], [1], [1]], [[1], [-1], [1]], [[1], [1]]]",null,0
2.1775.4t3.a,1775,"[5, 71]","[5, 19, 71]",False,1,"[[[1], [-2], [1]], [[1], [2], [1]], [[1], [0], [-1]], [[1], [0], [-1]], [[1], [0], [1]], [[1]], [[1], [1]]]","[[1, 0, 1], [1, 0, 1], [1], [1, 0, -1], [1, 0, -1], [1, 0, -1], [1, 0, -1], [1, -2, 1], [1, 0, -1], [1, -2, 1], [1, 0, -1], [1, 0, 1], [1, 0, -1], [1, 0, 1], [1, 0, -1], [1, 0, -1], [1, 0, -1], [1, 0, -1], [1, 0, -1], [1, 1], [1, 0, 1], [1, -2, 1], [1, 0, 1], [1, 2, 1], [1, 0, -1], [1, -2, 1], [1, 0, 1], [1, 0, 1], [1, 2, 1], [1, 0, -1]]",0
2.1775.4t3.b,1775,"[5, 71]","[5, 17, 71]",False,1,"[[[1], [-2], [1]], [[1], [2], [1]], [[1], [0], [-1]], [[1], [0], [-1]], [[1], [0], [1]], [[1]], [[1], [1]]]",null,0
2.1775.4t3.c,1775,"[5, 71]","[2, 5, 7, 19, 71, 509]",False,1,"[[[1], [-2], [1]], [[1], [2], [1]], [[1], [0], [-1]], [[1], [0], [-1]], [[1], [0], [1]], [[1]], [[1], [1]]]",null,0
2.1776.4t3.a,1776,"[2, 3, 37]","[2, 3, 37]",True,1,"[[[1], [-2], [1]], [[1], [2], [1]], [[1], [0], [-1]], [[1], [0], [-1]], [[1], [0], [1]], [[1]], [[1], [-1]], [[1], [1]]]",null,0
2.1776.4t3.b,1776,"[2, 3, 37]","[2, 3, 7, 37]",True,1,"[[[1], [-2], [1]], [[1], [2], [1]], [[1], [0], [-1]], [[1], [0], [-1]], [[1], [0], [1]], [[1]], [[1], [1]]]",null,0
2.1776.4t3.c,1776,"[2, 3, 37]","[2, 3, 37]",False,1,"[[[1], [-2], [1]], [[1], [2], [1]], [[1], [0], [-1]], [[1], [0], [-1]], [[1], [0], [1]], [[1]], [[1], [1]], [[1], [-1]]]",null,0
2.1776.4t3.d,1776,"[2, 3, 37]","[2, 3, 37]",False,1,"[[[1], [-2], [1]], [[1], [2], [1]], [[1], [0], [-1]], [[1], [0], [-1]], [[1], [0], [1]], [[1]], [[1], [1]], [[1], [-1]]]","[[1], [1, 1], [1, 0, 1], [1, -2, 1], [1, 0, -1], [1, 0, -1], [1, 0, 1], [1, 0, -1], [1, 0, 1], [1, 0, 1], [1, 0, -1], [1, -1], [1, 0, -1], [1, 0, -1], [1, 0, -1], [1, 0, -1], [1, 0, 1], [1, 0, -1], [1, -2, 1], [1, 0, -1], [1, 2, 1], [1, 0, -1], [1, 0, -1], [1, 0, 1], [1, 0, -1], [1, 0, -1], [1, 0, -1], [1, 0, -1], [1, 0, -1], [1, 0, 1]]",0
2.1776.4t3.e,1776,"[2, 3, 37]","[2, 3, 7, 37]",False,1,"[[[1], [-2], [1]], [[1], [2], [1]], [[1], [0], [-1]], [[1], [0], [-1]], [[1], [0], [1]], [[1]], [[1], [1]], [[1], [-1]]]",null,0
2.1776.4t3.f,1776,"[2, 3, 37]","[2, 3, 37]",True,1,"[[[1], [-2], [1]], [[1], [2], [1]], [[1], [0], [-1]], [[1], [0], [-1]], [[1], [0], [1]], [[1]], [[1], [-1]], [[1], [1]]]",null,0
2.1776.4t3.g,1776,"[2, 3, 37]","[2, 3, 37]",True,1,"[[[1], [-2], [1]], [[1], [2], [1]], [[1], [0], [-1]], [[1], [0], [-1]], [[1], [0], [1]], [[1]], [[1], [1]]]",null,0
2.1776.4t3.h,1776,"[2, 3, 37]","[2, 3, 13, 37]",True,1,"[[[1], [-2], [1]], [[1], [2], [1]], [[1], [0], [-1]], [[1], [0], [-1]], [[1], [0], [1]], [[1]], [[1], [-1]], [[1], [1]]]",null,0
2.1776.4t3.i,1776,"[2, 3, 37]","[2, 3, 11, 37, 349]",True,1,"[[[1], [-2], [1]], [[1], [2], [1]], [[1], [0], [-1]], [[1], [0], [-1]], [[1], [0], [1]], [[1]], [[1], [1]]]",null,0
2.1780.4t3.a,1780,"[2, 5, 89]","[2, 3, 5, 89]",False,1,"[[[1], [-2], [1]], [[1], [2], [1]], [[1], [0], [-1]], [[1], [0], [-1]], [[1], [0], [1]], [[1], [1]]]",null,0
2.1780.4t3.b,1780,"[2, 5, 89]","[2, 3, 5, 89]",False,1,"[[[1], [-2], [1]], [[1], [2], [1]], [[1], [0], [-1]], [[1], [0], [-1]], [[1], [0], [1]], [[1], [-1]], [[1], [1]]]",null,0
2.1780.4t3.c,1780,"[2, 5, 89]","[2, 5, 89]",False,1,"[[[1], [-2], [1]], [[1], [2], [1]], [[1], [0], [-1]], [[1], [0], [-1]], [[1], [0], [1]], [[1], [-1]], [[1], [1]]]","[[1, -1], [1, 0, -1], [1, 1], [1, 0, -1], [1, 0, -1], [1, 0, 1], [1, 0, -1], [1, 0, 1], [1, 0, -1], [1, 0, -1], [1, 0, 1], [1, 0, 1], [1, 0, -1], [1, 0, -1], [1, 2, 1], [1, 0, -1], [1, 0, 1], [1, 0, -1], [1, 2, 1], [1, 0, -1], [1, 0, -1], [1, 0, -1], [1, 0, -1], [1, 1], [1, 0, -1], [1, 0, -1], [1, 0, -1], [1, 2, 1], [1, 2, 1], [1, 0, 1]]",0
2.1780.4t3.d,1780,"[2, 5, 89]","[2, 5, 89]",False,1,"[[[1], [-2], [1]], [[1], [2], [1]], [[1], [0], [-1]], [[1], [0], [-1]], [[1], [0], [1]], [[1], [1]]]","[[1, 1], [1, 0, -1], [1, 1], [1, 0, -1], [1, 0, -1], [1, 0, 1], [1, 0, -1], [1, 0, 1], [1, 0, -1], [1, 0, -1], [1, 0, 1], [1, 0, 1], [1, 0, -1], [1, 0, -1], [1, -2, 1], [1, 0, -1], [1, 0, 1], [1, 0, -1], [1, -2, 1], [1, 0, -1], [1, 0, -1], [1, 0, -1], [1, 0, -1], [1, 1], [1, 0, -1], [1, 0, -1], [1, 0, -1], [1, -2, 1], [1, 2, 1], [1, 0, 1]]",0
2.1780.4t3.e,1780,"[2, 5, 89]","[2, 3, 5, 41, 89]",False,1,"[[[1], [-2], [1]], [[1], [2], [1]], [[1], [0], [-1]], [[1], [0], [-1]], [[1], [0], [1]], [[1], [-1]], [[1], [1]]]",null,0
2.1780.4t3.f,1780,"[2, 5, 89]","[2, 3, 5, 7, 11, 29, 89]",False,1,"[[[1], [-2], [1]], [[1], [2], [1]], [[1], [0], [-1]], [[1], [0], [-1]], [[1], [0], [1]], [[1], [1]]]",null,0
2.1784.4t3.a,1784,"[2, 223]","[2, 3, 5, 7, 223, 1447, 7487]",False,1,"[[[1], [-2], [1]], [[1], [2], [1]], [[1], [0], [-1]], [[1], [0], [-1]], [[1], [0], [1]], [[1], [-1]]]",null,0
2.1784.4t3.b,1784,"[2, 223]","[2, 223]",False,1,"[[[1], [-2], [1]], [[1], [2], [1]], [[1], [0], [-1]], [[1], [0], [-1]], [[1], [0], [1]], [[1], [-1]]]","[[1, -1], [1, 0, 1], [1, 0, 1], [1, -2, 1], [1, 0, 1], [1, 0, 1], [1, 2, 1], [1, 0, -1], [1, 0, -1], [1, 0, -1], [1, 2, 1], [1, 0, -1], [1, -2, 1], [1, 0, -1], [1, 2, 1], [1, 0, -1], [1, 0, 1], [1, 0, 1], [1, 0, 1], [1, 0, -1], [1, -2, 1], [1, 0, -1], [1, 0, -1], [1, 2, 1], [1, 0, -1], [1, 0, -1], [1, 0, -1], [1, 0, 1], [1, 0, -1], [1, 0, -1]]",0
2.1784.4t3.c,1784,"[2, 223]","[2, 7, 223]",False,1,"[[[1], [-2], [1]], [[1], [2], [1]], [[1], [0], [-1]], [[1], [0], [-1]], [[1], [0], [1]], [[1], [-1]]]",null,0
2.1785.4t3.a,1785,"[3, 5, 7, 17]","[3, 5, 7, 17]",True,1,"[[[1], [-2], [1]], [[1], [2], [1]], [[1], [0], [-1]], [[1], [0], [-1]], [[1], [0], [1]], [[1], [1]], [[1], [-1]]]",null,0
2.1785.4t3.b,1785,"[3, 5, 7, 17]","[3, 5, 7, 17]",True,1,"[[[1], [-2], [1]], [[1], [2], [1]], [[1], [0], [-1]], [[1], [0], [-1]], [[1], [0], [1]], [[1], [-1]], [[1], [1]]]",null,0
2.1785.4t3.c,1785,"[3, 5, 7, 17]","[2, 3, 5, 7, 17]",True,1,"[[[1], [-2], [1]], [[1], [2], [1]], [[1], [0], [-1]], [[1], [0], [-1]], [[1], [0], [1]], [[1], [1]], [[1], [-1]]]",null,0
2.1785.4t3.d,1785,"[3, 5, 7, 17]","[3, 5, 7, 17]",True,1,"[[[1], [-2], [1]], [[1], [2], [1]], [[1], [0], [-1]], [[1], [0], [-1]], [[1], [0], [1]], [[1], [-1]], [[1], [1]]]",null,0
2.1785.4t3.e,1785,"[3, 5, 7, 17]","[3, 5, 7, 17]",True,1,"[[[1], [-2], [1]], [[1], [2], [1]], [[1], [0], [-1]], [[1], [0], [-1]], [[1], [0], [1]], [[1], [-1]], [[1], [1]]]",null,0
2.1785.4t3.f,1785,"[3, 5, 7, 17]","[3, 5, 7, 17]",True,1,"[[[1], [-2], [1]], [[1], [2], [1]], [[1], [0], [-1]], [[1], [0], [-1]], [[1], [0], [1]], [[1], [1]], [[1], [-1]]]",null,0
2.1785.4t3.g,1785,"[3, 5, 7, 17]","[3, 5, 7, 17]",True,1,"[[[1], [-2], [1]], [[1], [2], [1]], [[1], [0], [-1]], [[1], [0], [-1]], [[1], [0], [1]], [[1], [1]], [[1], [-1]]]",null,0
2.1785.4t3.h,1785,"[3, 5, 7, 17]","[3, 5, 7, 17]",True,1,"[[[1], [-2], [1]], [[1], [2], [1]], [[1], [0], [-1]], [[1], [0], [-1]], [[1], [0], [1]], [[1], [-1]], [[1], [1]]]",null,0
2.1785.4t3.i,1785,"[3, 5, 7, 17]","[2, 3, 5, 7, 17]",True,1,"[[[1], [-2], [1]], [[1], [2], [1]], [[1], [0], [-1]], [[1], [0], [-1]], [[1], [0], [1]], [[1], [-1]], [[1], [1]]]",null,0
2.1785.4t3.j,1785,"[3, 5, 7, 17]","[2, 3, 5, 7, 17, 127]",True,1,"[[[1], [-2], [1]], [[1], [2], [1]], [[1], [0], [-1]], [[1], [0], [-1]], [[1], [0], [1]], [[1], [1]], [[1], [-1]]]",null,0
2.1785.4t3.k,1785,"[3, 5, 7, 17]","[2, 3, 5, 7, 17, 43]",True,1,"[[[1], [-2], [1]], [[1], [2], [1]], [[1], [0], [-1]], [[1], [0], [-1]], [[1], [0], [1]], [[1], [-1]], [[1], [1]]]",null,0
2.1785.4t3.l,1785,"[3, 5, 7, 17]","[2, 3, 5, 7, 17, 67, 89]",True,1,"[[[1], [-2], [1]], [[1], [2], [1]], [[1], [0], [-1]], [[1], [0], [-1]], [[1], [0], [1]], [[1], [1]], [[1], [-1]]]",null,0
2.1791.4t3.a,1791,"[3, 199]","[3, 13, 199]",False,1,"[[[1], [-2], [1]], [[1], [2], [1]], [[1], [0], [-1]], [[1], [0], [-1]], [[1], [0], [1]], [[1]], [[1], [1]]]","[[1, 0, 1], [1], [1, 0, 1], [1, 2, 1], [1, 0, -1], [1, -2, 1], [1, 0, -1], [1, 0, -1], [1, 0, 1], [1, 0, 1], [1, -2, 1], [1, 0, -1], [1, 0, -1], [1, -2, 1], [1, 0, 1], [1, 0, 1], [1, 0, -1], [1, -2, 1], [1, 0, -1], [1, 0, -1], [1, 0, -1], [1, 2, 1], [1, 0, -1], [1, 0, 1], [1, 0, -1], [1, 0, -1], [1, 2, 1], [1, 0, -1], [1, 0, -1], [1, 0, -1]]",0
2.1791.4t3.b,1791,"[3, 199]","[2, 3, 7, 199]",False,1,"[[[1], [-2], [1]], [[1], [2], [1]], [[1], [0], [-1]], [[1], [0], [-1]], [[1], [0], [1]], [[1]], [[1], [1]]]",null,0
2.1791.4t3.c,1791,"[3, 199]","[2, 3, 7, 13, 199]",False,1,"[[[1], [-2], [1]], [[1], [2], [1]], [[1], [0], [-1]], [[1], [0], [-1]], [[1], [0], [1]], [[1]], [[1], [1]]]",null,0
2.1791.6t3.a,1791,"[3, 199]","[3, 7, 199]",False,1,"[[[1], [-2], [1]], [[1], [2], [1]], [[1], [0], [-1]], [[1], [0], [-1]], [[1], [1], [1]], [[1], [-1], [1]], [[1]], [[1], [-1]]]",null,0
2.1791.6t3.b,1791,"[3, 199]","[3, 7, 199]",False,1,"[[[1], [-2], [1]], [[1], [2], [1]], [[1], [0], [-1]], [[1], [0], [-1]], [[1], [1], [1]], [[1], [-1], [1]], [[1]], [[1], [-1]]]","[[1, -1, 1], [1], [1, -1, 1], [1, -2, 1], [1, 0, -1], [1, 1, 1], [1, 0, -1], [1, 0, -1], [1, -1, 1], [1, 2, 1], [1, 1, 1], [1, 0, -1], [1, 0, -1], [1, 1, 1], [1, -1, 1], [1, -1, 1], [1, 0, -1], [1, 1, 1], [1, 0, -1], [1, 0, -1], [1, 0, -1], [1, 1, 1], [1, 0, -1], [1, -1, 1], [1, 0, -1], [1, 0, -1], [1, 1, 1], [1, 0, -1], [1, 0, -1], [1, 0, -1]]",0
2.1792.4t3.a,1792,"[2, 7]","[2, 5, 7]",True,1,"[[[1], [-2], [1]], [[1], [2], [1]], [[1], [0], [-1]], [[1], [0], [-1]], [[1], [0], [1]], [[1]], [[1], [-1]]]",null,0
2.1792.4t3.b,1792,"[2, 7]","[2, 5, 7]",True,1,"[[[1], [-2], [1]], [[1], [2], [1]], [[1], [0], [-1]], [[1], [0], [-1]], [[1], [0], [1]], [[1]], [[1], [1]]]",null,0
2.1792.4t3.c,1792,"[2, 7]","[2, 7]",True,1,"[[[1], [-2], [1]], [[1], [2], [1]], [[1], [0], [-1]], [[1], [0], [-1]], [[1], [0], [1]], [[1]], [[1], [-1]]]",null,0
2.1792.4t3.d,1792,"[2, 7]","[2, 7]",True,1,"[[[1], [-2], [1]], [[1], [2], [1]], [[1], [0], [-1]], [[1], [0], [-1]], [[1], [0], [1]], [[1]], [[1], [1]]]",null,0
2.1792.4t3.e,1792,"[2, 7]","[2, 3, 7]",False,1,"[[[1], [-2], [1]], [[1], [2], [1]], [[1], [0], [-1]], [[1], [0], [-1]], [[1], [0], [1]], [[1]], [[1], [-1]]]","[[1], [1, 0, -1], [1, 0, -1], [1, -1], [1, 0, 1], [1, 0, -1], [1, 0, -1], [1, 0, -1], [1, 2, 1], [1, 0, 1], [1, 0, -1], [1, 0, 1], [1, 0, -1], [1, 0, 1], [1, 0, -1], [1, 0, 1], [1, 0, -1], [1, 0, -1], [1, 0, 1], [1, -2, 1], [1, 0, -1], [1, 2, 1], [1, 0, -1], [1, 0, -1], [1, 0, -1], [1, 0, -1], [1, 0, -1], [1, 0, 1], [1, 0, 1], [1, 2, 1]]",0
2.1792.4t3.f,1792,"[2, 7]","[2, 3, 7]",False,1,"[[[1], [-2], [1]], [[1], [2], [1]], [[1], [0], [-1]], [[1], [0], [-1]], [[1], [0], [1]], [[1]], [[1], [1]]]","[[1], [1, 0, -1], [1, 0, -1], [1, 1], [1, 0, 1], [1, 0, -1], [1, 0, -1], [1, 0, -1], [1, -2, 1], [1, 0, 1], [1, 0, -1], [1, 0, 1], [1, 0, -1], [1, 0, 1], [1, 0, -1], [1, 0, 1], [1, 0, -1], [1, 0, -1], [1, 0, 1], [1, 2, 1], [1, 0, -1], [1, -2, 1], [1, 0, -1], [1, 0, -1], [1, 0, -1], [1, 0, -1], [1, 0, -1], [1, 0, 1], [1, 0, 1], [1, 2, 1]]",0
2.1792.4t3.g,1792,"[2, 7]","[2, 7]",True,1,"[[[1], [-2], [1]], [[1], [2], [1]], [[1], [0], [-1]], [[1], [0], [-1]], [[1], [0], [1]], [[1]], [[1], [-1]]]",null,0
2.1792.4t3.h,1792,"[2, 7]","[2, 7]",True,1,"[[[1], [-2], [1]], [[1], [2], [1]], [[1], [0], [-1]], [[1], [0], [-1]], [[1], [0], [1]], [[1]], [[1], [1]]]",null,0
2.1792.4t3.i,1792,"[2, 7]","[2, 3, 7]",False,1,"[[[1], [-2], [1]], [[1], [2], [1]], [[1], [0], [-1]], [[1], [0], [-1]], [[1], [0], [1]], [[1]], [[1], [-1]]]",null,0
2.1792.4t3.j,1792,"[2, 7]","[2, 3, 7]",False,1,"[[[1], [-2], [1]], [[1], [2], [1]], [[1], [0], [-1]], [[1], [0], [-1]], [[1], [0], [1]], [[1]], [[1], [1]]]",null,0
2.1792.4t3.k,1792,"[2, 7]","[2, 3, 5, 7]",False,1,"[[[1], [-2], [1]], [[1], [2], [1]], [[1], [0], [-1]], [[1], [0], [-1]], [[1], [0], [1]], [[1]], [[1], [1]]]",null,0
2.1792.4t3.l,1792,"[2, 7]","[2, 3, 5, 7]",False,1,"[[[1], [-2], [1]], [[1], [2], [1]], [[1], [0], [-1]], [[1], [0], [-1]], [[1], [0], [1]], [[1]], [[1], [-1]]]",null,0
2.1795.4t3.a,1795,"[5, 359]","[5, 17, 359]",False,1,"[[[1], [-2], [1]], [[1], [2], [1]], [[1], [0], [-1]], [[1], [0], [-1]], [[1], [0], [1]], [[1], [-1]]]",null,0
2.1795.4t3.b,1795,"[5, 359]","[2, 3, 5, 11, 17, 349, 359]",False,1,"[[[1], [-2], [1]], [[1], [2], [1]], [[1], [0], [-1]], [[1], [0], [-1]], [[1], [0], [1]], [[1], [-1]]]",null,0
2.1795.4t3.c,1795,"[5, 359]","[2, 3, 5, 359]",False,1,"[[[1], [-2], [1]], [[1], [2], [1]], [[1], [0], [-1]], [[1], [0], [-1]], [[1], [0], [1]], [[1], [-1]]]","[[1, 0, -1], [1, 0, -1], [1, -1], [1, 0, 1], [1, 2, 1], [1, 0, 1], [1, 0, -1], [1, 0, -1], [1, 0, -1], [1, 0, -1], [1, 0, -1], [1, 0, -1], [1, 2, 1], [1, 0, 1], [1, 0, -1], [1, 0, 1], [1, 0, -1], [1, 0, -1], [1, 0, 1], [1, 0, -1], [1, 0, -1], [1, 2, 1], [1, 0, 1], [1, 0, -1], [1, 0, 1], [1, -2, 1], [1, 0, 1], [1, 0, -1], [1, 0, -1], [1, 0, 1]]",0
2.1796.4t3.a,1796,"[2, 449]","[2, 5, 449]",False,1,"[[[1], [-2], [1]], [[1], [2], [1]], [[1], [0], [-1]], [[1], [0], [-1]], [[1], [0], [1]], [[1], [1]], [[1], [-1]]]",null,0
2.1796.4t3.b,1796,"[2, 449]","[2, 7, 11, 449, 160997]",False,1,"[[[1], [-2], [1]], [[1], [2], [1]], [[1], [0], [-1]], [[1], [0], [-1]], [[1], [0], [1]], [[1], [1]], [[1], [-1]]]",null,0
2.1796.4t3.c,1796,"[2, 449]","[2, 23, 449]",False,1,"[[[1], [-2], [1]], [[1], [2], [1]], [[1], [0], [-1]], [[1], [0], [-1]], [[1], [0], [1]], [[1], [1]], [[1], [-1]]]","[[1, 1], [1, 0, 1], [1, 2, 1], [1, 0, -1], [1, 0, -1], [1, 0, -1], [1, 0, -1], [1, 0, 1], [1, 0, -1], [1, 0, -1], [1, 0, 1], [1, 0, -1], [1, -2, 1], [1, 0, 1], [1, 0, 1], [1, -2, 1], [1, 0, -1], [1, 2, 1], [1, 0, -1], [1, 0, 1], [1, 0, -1], [1, 0, 1], [1, 0, 1], [1, -2, 1], [1, 2, 1], [1, -2, 1], [1, 0, 1], [1, 0, 1], [1, 0, -1], [1, 0, -1]]",0
2.1800.6t3.a,1800,"[2, 3, 5]","[2, 3, 5, 7]",False,1,"[[[1], [-2], [1]], [[1], [2], [1]], [[1], [0], [-1]], [[1], [0], [-1]], [[1], [1], [1]], [[1], [-1], [1]], [[1], [1]], [[1]]]",null,0
2.1800.6t3.b,1800,"[2, 3, 5]","[2, 3, 5]",False,1,"[[[1], [-2], [1]], [[1], [2], [1]], [[1], [0], [-1]], [[1], [0], [-1]], [[1], [1], [1]], [[1], [-1], [1]], [[1], [-1]], [[1]]]","[[1, -1], [1], [1], [1, 0, -1], [1, -1, 1], [1, 0, -1], [1, 1, 1], [1, 1, 1], [1, 0, -1], [1, 0, -1], [1, 0, -1], [1, 0, -1], [1, -1, 1], [1, 2, 1], [1, 0, -1], [1, 0, -1], [1, 2, 1], [1, 0, -1], [1, -1, 1], [1, 0, -1], [1, -1, 1], [1, 0, -1], [1, 1, 1], [1, -1, 1], [1, 2, 1], [1, 0, -1], [1, 0, -1], [1, 1, 1], [1, 0, -1], [1, 1, 1]]",0
2.1800.6t3.c,1800,"[2, 3, 5]","[2, 3, 5, 23]",False,1,"[[[1], [-2], [1]], [[1], [2], [1]], [[1], [0], [-1]], [[1], [0], [-1]], [[1], [1], [1]], [[1], [-1], [1]], [[1], [-1]], [[1]]]",null,0
2.1800.6t3.d,1800,"[2, 3, 5]","[2, 3, 5]",False,1,"[[[1], [-2], [1]], [[1], [2], [1]], [[1], [0], [-1]], [[1], [0], [-1]], [[1], [1], [1]], [[1], [-1], [1]], [[1], [1]], [[1]]]","[[1, 1], [1], [1], [1, 0, -1], [1, -1, 1], [1, 0, -1], [1, -1, 1], [1, 1, 1], [1, 0, -1], [1, 0, -1], [1, 0, -1], [1, 0, -1], [1, -1, 1], [1, -2, 1], [1, 0, -1], [1, 0, -1], [1, 2, 1], [1, 0, -1], [1, 1, 1], [1, 0, -1], [1, 1, 1], [1, 0, -1], [1, -1, 1], [1, -1, 1], [1, -2, 1], [1, 0, -1], [1, 0, -1], [1, -1, 1], [1, 0, -1], [1, -1, 1]]",0
2.1803.4t3.a,1803,"[3, 601]","[2, 3, 5, 149, 277, 601]",False,1,"[[[1], [-2], [1]], [[1], [2], [1]], [[1], [0], [-1]], [[1], [0], [-1]], [[1], [0], [1]], [[1], [-1]]]",null,1
2.1803.4t3.b,1803,"[3, 601]","[2, 3, 601]",False,1,"[[[1], [-2], [1]], [[1], [2], [1]], [[1], [0], [-1]], [[1], [0], [-1]], [[1], [0], [1]], [[1], [-1]]]",null,1
2.1803.4t3.c,1803,"[3, 601]","[2, 3, 601]",False,1,"[[[1], [-2], [1]], [[1], [2], [1]], [[1], [0], [-1]], [[1], [0], [-1]], [[1], [0], [1]], [[1], [-1]]]","[[1, 0, -1], [1, -1], [1, 0, -1], [1, 0, -1], [1, 0, 1], [1, 2, 1], [1, 0, 1], [1, 0, -1], [1, 0, -1], [1, 0, 1], [1, 0, -1], [1, 2, 1], [1, 0, 1], [1, 0, -1], [1, 0, -1], [1, 0, 1], [1, 0, 1], [1, 2, 1], [1, 2, 1], [1, 0, 1], [1, 0, -1], [1, 0, -1], [1, 0, 1], [1, 0, -1], [1, 0, -1], [1, 0, -1], [1, 0, -1], [1, 0, 1], [1, 0, -1], [1, 0, -1]]",1
2.1807.3t2.a,1807,"[13, 139]","[13, 139]",False,1,"[[[1], [-2], [1]], [[1], [0], [-1]], [[1], [1], [1]], [[1], [-1]]]","[[1, 1, 1], [1, 0, -1], [1, 0, -1], [1, 0, -1], [1, 0, -1], [1, -1], [1, 0, -1], [1, 1, 1], [1, 0, -1], [1, 1, 1], [1, 0, -1], [1, 0, -1], [1, 0, -1], [1, 0, -1], [1, 0, -1], [1, 0, -1], [1, -2, 1], [1, 0, -1], [1, 0, -1], [1, 0, -1], [1, -2, 1], [1, 1, 1], [1, 0, -1], [1, 0, -1], [1, 1, 1], [1, 0, -1], [1, 0, -1], [1, 1, 1], [1, -2, 1], [1, 1, 1]]",1
2.1807.4t3.a,1807,"[13, 139]","[7, 13, 139]",False,1,"[[[1], [-2], [1]], [[1], [2], [1]], [[1], [0], [-1]], [[1], [0], [-1]], [[1], [0], [1]], [[1], [1]]]",null,1
2.1807.4t3.b,1807,"[13, 139]","[2, 3, 5, 7, 13, 139]",False,1,"[[[1], [-2], [1]], [[1], [2], [1]], [[1], [0], [-1]], [[1], [0], [-1]], [[1], [0], [1]], [[1], [1]]]",null,1
2.1807.4t3.c,1807,"[13, 139]","[5, 13, 139]",False,1,"[[[1], [-2], [1]], [[1], [2], [1]], [[1], [0], [-1]], [[1], [0], [-1]], [[1], [0], [1]], [[1], [1]]]","[[1, 0, 1], [1, 0, -1], [1, 0, -1], [1, 0, -1], [1, 0, -1], [1, 1], [1, 0, -1], [1, 0, 1], [1, 0, -1], [1, -2, 1], [1, 0, -1], [1, 0, -1], [1, 0, -1], [1, 0, -1], [1, 0, -1], [1, 0, -1], [1, 0, 1], [1, 0, -1], [1, 0, -1], [1, 0, -1], [1, 0, 1], [1, -2, 1], [1, 0, -1], [1, 0, -1], [1, 0, 1], [1, 0, -1], [1, 0, -1], [1, -2, 1], [1, 0, 1], [1, 2, 1]]",1
2.1807.6t3.a,1807,"[13, 139]","[3, 11, 13, 139]",False,1,"[[[1], [-2], [1]], [[1], [2], [1]], [[1], [0], [-1]], [[1], [0], [-1]], [[1], [1], [1]], [[1], [-1], [1]], [[1], [-1]]]",null,1
2.1807.6t3.b,1807,"[13, 139]","[5, 13, 139]",False,1,"[[[1], [-2], [1]], [[1], [2], [1]], [[1], [0], [-1]], [[1], [0], [-1]], [[1], [1], [1]], [[1], [-1], [1]], [[1], [-1]]]","[[1, -1, 1], [1, 0, -1], [1, 0, -1], [1, 0, -1], [1, 0, -1], [1, -1], [1, 0, -1], [1, -1, 1], [1, 0, -1], [1, 1, 1], [1, 0, -1], [1, 0, -1], [1, 0, -1], [1, 0, -1], [1, 0, -1], [1, 0, -1], [1, 2, 1], [1, 0, -1], [1, 0, -1], [1, 0, -1], [1, 2, 1], [1, 1, 1], [1, 0, -1], [1, 0, -1], [1, -1, 1], [1, 0, -1], [1, 0, -1], [1, 1, 1], [1, 2, 1], [1, 1, 1]]",1
2.1812.3t2.a,1812,"[2, 3, 151]","[2, 3, 151]",False,1,"[[[1], [-2], [1]], [[1], [0], [-1]], [[1], [1], [1]], [[1], [-1]]]","[[1, -1], [1, -1], [1, 0, -1], [1, 1, 1], [1, 1, 1], [1, 0, -1], [1, 0, -1], [1, 0, -1], [1, 0, -1], [1, 0, -1], [1, 0, -1], [1, 1, 1], [1, 1, 1], [1, 0, -1], [1, 1, 1], [1, 1, 1], [1, 1, 1], [1, 0, -1], [1, 1, 1], [1, 0, -1], [1, 0, -1], [1, 1, 1], [1, 0, -1], [1, -2, 1], [1, 1, 1], [1, 1, 1], [1, 0, -1], [1, 0, -1], [1, 0, -1], [1, -2, 1]]",1
2.1812.6t3.a,1812,"[2, 3, 151]","[2, 3, 151]",False,1,"[[[1], [-2], [1]], [[1], [2], [1]], [[1], [0], [-1]], [[1], [0], [-1]], [[1], [1], [1]], [[1], [-1], [1]], [[1], [1]]]","[[1, 1], [1, 1], [1, 0, -1], [1, -1, 1], [1, -1, 1], [1, 0, -1], [1, 0, -1], [1, 0, -1], [1, 0, -1], [1, 0, -1], [1, 0, -1], [1, 1, 1], [1, 1, 1], [1, 0, -1], [1, -1, 1], [1, 1, 1], [1, -1, 1], [1, 0, -1], [1, -1, 1], [1, 0, -1], [1, 0, -1], [1, -1, 1], [1, 0, -1], [1, -2, 1], [1, 1, 1], [1, 1, 1], [1, 0, -1], [1, 0, -1], [1, 0, -1], [1, -2, 1]]",1
2.1812.6t3.b,1812,"[2, 3, 151]","[2, 3, 5, 89, 151]",False,1,"[[[1], [-2], [1]], [[1], [2], [1]], [[1], [0], [-1]], [[1], [0], [-1]], [[1], [1], [1]], [[1], [-1], [1]], [[1], [1]]]",null,1
2.1812.6t3.c,1812,"[2, 3, 151]","[2, 3, 5, 151]",False,1,"[[[1], [-2], [1]], [[1], [2], [1]], [[1], [0], [-1]], [[1], [0], [-1]], [[1], [1], [1]], [[1], [-1], [1]], [[1], [-1]], [[1], [1]]]",null,1
2.1812.6t3.d,1812,"[2, 3, 151]","[2, 3, 151, 163]",False,1,"[[[1], [-2], [1]], [[1], [2], [1]], [[1], [0], [-1]], [[1], [0], [-1]], [[1], [1], [1]], [[1], [-1], [1]], [[1], [1]], [[1], [-1]]]","[[1, 1], [1, -1], [1, 0, -1], [1, 1, 1], [1, -1, 1], [1, 0, -1], [1, 0, -1], [1, 0, -1], [1, 0, -1], [1, 0, -1], [1, 0, -1], [1, 1, 1], [1, -1, 1], [1, 0, -1], [1, -1, 1], [1, -1, 1], [1, -1, 1], [1, 0, -1], [1, 1, 1], [1, 0, -1], [1, 0, -1], [1, 1, 1], [1, 0, -1], [1, 2, 1], [1, 1, 1], [1, -1, 1], [1, 0, -1], [1, 0, -1], [1, 0, -1], [1, 2, 1]]",1
2.1812.6t3.e,1812,"[2, 3, 151]","[2, 3, 151]",False,1,"[[[1], [-2], [1]], [[1], [2], [1]], [[1], [0], [-1]], [[1], [0], [-1]], [[1], [1], [1]], [[1], [-1], [1]], [[1], [-1]], [[1], [1]]]","[[1, -1], [1, 1], [1, 0, -1], [1, -1, 1], [1, 1, 1], [1, 0, -1], [1, 0, -1], [1, 0, -1], [1, 0, -1], [1, 0, -1], [1, 0, -1], [1, 1, 1], [1, -1, 1], [1, 0, -1], [1, 1, 1], [1, -1, 1], [1, 1, 1], [1, 0, -1], [1, -1, 1], [1, 0, -1], [1, 0, -1], [1, -1, 1], [1, 0, -1], [1, 2, 1], [1, 1, 1], [1, -1, 1], [1, 0, -1], [1, 0, -1], [1, 0, -1], [1, 2, 1]]",1
2.1812.6t3.f,1812,"[2, 3, 151]","[2, 3, 5, 151]",False,1,"[[[1], [-2], [1]], [[1], [2], [1]], [[1], [0], [-1]], [[1], [0], [-1]], [[1], [1], [1]], [[1], [-1], [1]], [[1], [1]], [[1], [-1]]]",null,1
2.1815.3t2.a,1815,"[3, 5, 11]","[3, 5, 11]",False,1,"[[[1], [-2], [1]], [[1], [0], [-1]], [[1], [1], [1]], [[1], [-1]], [[1]]]","[[1, 1, 1], [1, -1], [1, -1], [1, 0, -1], [1], [1, 0, -1], [1, 1, 1], [1, -2, 1], [1, 1, 1], [1, 0, -1], [1, 1, 1], [1, 0, -1], [1, 0, -1], [1, 0, -1], [1, 1, 1], [1, 1, 1], [1, 0, -1], [1, 1, 1], [1, 0, -1], [1, 0, -1], [1, 0, -1], [1, 1, 1], [1, -2, 1], [1, 0, -1], [1, 0, -1], [1, 0, -1], [1, 0, -1], [1, 1, 1], [1, -2, 1], [1, 1, 1]]",1
2.1815.4t3.a,1815,"[3, 5, 11]","[3, 5, 11]",False,1,"[[[1], [-2], [1]], [[1], [2], [1]], [[1], [0], [-1]], [[1], [0], [-1]], [[1], [0], [1]], [[1], [-1]], [[1], [1]], [[1]]]","[[1, 0, 1], [1, -1], [1, 1], [1, 0, -1], [1], [1, 0, -1], [1, 0, 1], [1, 0, 1], [1, -2, 1], [1, 0, -1], [1, -2, 1], [1, 0, -1], [1, 0, -1], [1, 0, -1], [1, 2, 1], [1, 2, 1], [1, 0, -1], [1, 0, 1], [1, 0, -1], [1, 0, -1], [1, 0, -1], [1, 0, 1], [1, 0, 1], [1, 0, -1], [1, 0, -1], [1, 0, -1], [1, 0, -1], [1, 0, 1], [1, 0, 1], [1, -2, 1]]",1
2.1815.4t3.b,1815,"[3, 5, 11]","[3, 5, 11]",False,1,"[[[1], [-2], [1]], [[1], [2], [1]], [[1], [0], [-1]], [[1], [0], [-1]], [[1], [0], [1]], [[1], [1]], [[1], [-1]], [[1]]]","[[1, 0, 1], [1, 1], [1, -1], [1, 0, -1], [1], [1, 0, -1], [1, 0, 1], [1, 0, 1], [1, 2, 1], [1, 0, -1], [1, -2, 1], [1, 0, -1], [1, 0, -1], [1, 0, -1], [1, -2, 1], [1, -2, 1], [1, 0, -1], [1, 0, 1], [1, 0, -1], [1, 0, -1], [1, 0, -1], [1, 0, 1], [1, 0, 1], [1, 0, -1], [1, 0, -1], [1, 0, -1], [1, 0, -1], [1, 0, 1], [1, 0, 1], [1, 2, 1]]",1
2.1815.4t3.c,1815,"[3, 5, 11]","[2, 3, 5, 7, 11]",False,1,"[[[1], [-2], [1]], [[1], [2], [1]], [[1], [0], [-1]], [[1], [0], [-1]], [[1], [0], [1]], [[1], [-1]], [[1], [1]], [[1]]]",null,1
2.1815.4t3.d,1815,"[3, 5, 11]","[2, 3, 5, 7, 11, 31, 53]",False,1,"[[[1], [-2], [1]], [[1], [2], [1]], [[1], [0], [-1]], [[1], [0], [-1]], [[1], [0], [1]], [[1], [1]], [[1], [-1]], [[1]]]",null,1
2.1815.4t3.e,1815,"[3, 5, 11]","[3, 5, 7, 11]",False,1,"[[[1], [-2], [1]], [[1], [2], [1]], [[1], [0], [-1]], [[1], [0], [-1]], [[1], [0], [1]], [[1], [1]], [[1], [-1]], [[1]]]",null,1
2.1815.4t3.f,1815,"[3, 5, 11]","[2, 3, 5, 11]",False,1,"[[[1], [-2], [1]], [[1], [2], [1]], [[1], [0], [-1]], [[1], [0], [-1]], [[1], [0], [1]], [[1], [-1]], [[1], [1]], [[1]]]",null,1
2.1815.6t3.a,1815,"[3, 5, 11]","[2, 3, 5, 11]",False,1,"[[[1], [-2], [1]], [[1], [2], [1]], [[1], [0], [-1]], [[1], [0], [-1]], [[1], [1], [1]], [[1], [-1], [1]], [[1], [1]], [[1]]]","[[1, 1, 1], [1, 1], [1, 1], [1, 0, -1], [1], [1, 0, -1], [1, 1, 1], [1, 2, 1], [1, -1, 1], [1, 0, -1], [1, 1, 1], [1, 0, -1], [1, 0, -1], [1, 0, -1], [1, -1, 1], [1, -1, 1], [1, 0, -1], [1, -1, 1], [1, 0, -1], [1, 0, -1], [1, 0, -1], [1, -1, 1], [1, -2, 1], [1, 0, -1], [1, 0, -1], [1, 0, -1], [1, 0, -1], [1, 1, 1], [1, 2, 1], [1, -1, 1]]",1
2.1815.6t3.b,1815,"[3, 5, 11]","[3, 5, 7, 11, 13]",False,1,"[[[1], [-2], [1]], [[1], [2], [1]], [[1], [0], [-1]], [[1], [0], [-1]], [[1], [1], [1]], [[1], [-1], [1]], [[1], [-1]], [[1]]]","[[1, -1, 1], [1, -1], [1, -1], [1, 0, -1], [1], [1, 0, -1], [1, -1, 1], [1, 2, 1], [1, 1, 1], [1, 0, -1], [1, 1, 1], [1, 0, -1], [1, 0, -1], [1, 0, -1], [1, 1, 1], [1, 1, 1], [1, 0, -1], [1, -1, 1], [1, 0, -1], [1, 0, -1], [1, 0, -1], [1, -1, 1], [1, 2, 1], [1, 0, -1], [1, 0, -1], [1, 0, -1], [1, 0, -1], [1, -1, 1], [1, 2, 1], [1, 1, 1]]",1
2.1815.6t3.c,1815,"[3, 5, 11]","[3, 5, 11, 19]",False,1,"[[[1], [-2], [1]], [[1], [2], [1]], [[1], [0], [-1]], [[1], [0], [-1]], [[1], [1], [1]], [[1], [-1], [1]], [[1], [1]], [[1]]]","[[1, -1, 1], [1, 1], [1, 1], [1, 0, -1], [1], [1, 0, -1], [1, -1, 1], [1, -2, 1], [1, -1, 1], [1, 0, -1], [1, 1, 1], [1, 0, -1], [1, 0, -1], [1, 0, -1], [1, -1, 1], [1, -1, 1], [1, 0, -1], [1, 1, 1], [1, 0, -1], [1, 0, -1], [1, 0, -1], [1, 1, 1], [1, 2, 1], [1, 0, -1], [1, 0, -1], [1, 0, -1], [1, 0, -1], [1, -1, 1], [1, -2, 1], [1, -1, 1]]",1
2.1815.6t3.d,1815,"[3, 5, 11]","[3, 5, 7, 11]",False,1,"[[[1], [-2], [1]], [[1], [2], [1]], [[1], [0], [-1]], [[1], [0], [-1]], [[1], [1], [1]], [[1], [-1], [1]], [[1], [1]], [[1]]]",null,1
2.1815.6t3.e,1815,"[3, 5, 11]","[3, 5, 11]",False,1,"[[[1], [-2], [1]], [[1], [2], [1]], [[1], [0], [-1]], [[1], [0], [-1]], [[1], [1], [1]], [[1], [-1], [1]], [[1], [1]], [[1]]]",null,1
2.1815.6t3.f,1815,"[3, 5, 11]","[3, 5, 11]",False,1,"[[[1], [-2], [1]], [[1], [2], [1]], [[1], [0], [-1]], [[1], [0], [-1]], [[1], [1], [1]], [[1], [-1], [1]], [[1], [-1]], [[1]]]",null,1
2.1823.3t2.a,1823,[1823],[1823],False,1,"[[[1], [-2], [1]], [[1], [0], [-1]], [[1], [1], [1]], [[1], [-1]]]","[[1, 1, 1], [1, 1, 1], [1, 0, -1], [1, -2, 1], [1, -2, 1], [1, -2, 1], [1, 1, 1], [1, 1, 1], [1, 0, -1], [1, 1, 1], [1, 0, -1], [1, 1, 1], [1, 0, -1], [1, 0, -1], [1, 0, -1], [1, 0, -1], [1, 0, -1], [1, 0, -1], [1, 0, -1], [1, 0, -1], [1, 1, 1], [1, 1, 1], [1, 1, 1], [1, 0, -1], [1, 0, -1], [1, 1, 1], [1, 0, -1], [1, 0, -1], [1, 0, -1], [1, 1, 1]]",1
2.1824.4t3.a,1824,"[2, 3, 19]","[2, 3, 19]",False,1,"[[[1], [-2], [1]], [[1], [2], [1]], [[1], [0], [-1]], [[1], [0], [-1]], [[1], [0], [1]], [[1]], [[1], [-1]]]",null,1
2.1824.4t3.b,1824,"[2, 3, 19]","[2, 3, 7, 19, 41]",False,1,"[[[1], [-2], [1]], [[1], [2], [1]], [[1], [0], [-1]], [[1], [0], [-1]], [[1], [0], [1]], [[1]], [[1], [1]], [[1], [-1]]]",null,1
2.1824.4t3.c,1824,"[2, 3, 19]","[2, 3, 19]",False,1,"[[[1], [-2], [1]], [[1], [2], [1]], [[1], [0], [-1]], [[1], [0], [-1]], [[1], [0], [1]], [[1]], [[1], [1]], [[1], [-1]]]","[[1], [1, 1], [1, 0, 1], [1, 0, -1], [1, 0, -1], [1, 0, 1], [1, 0, -1], [1, -1], [1, 0, 1], [1, 0, -1], [1, 0, 1], [1, 0, 1], [1, -2, 1], [1, -2, 1], [1, 0, 1], [1, 0, -1], [1, -2, 1], [1, 0, -1], [1, 0, -1], [1, 0, -1], [1, 2, 1], [1, 0, 1], [1, 0, -1], [1, 2, 1], [1, 0, -1], [1, 0, 1], [1, 0, 1], [1, -2, 1], [1, 0, 1], [1, -2, 1]]",1
2.1824.4t3.d,1824,"[2, 3, 19]","[2, 3, 19]",False,1,"[[[1], [-2], [1]], [[1], [2], [1]], [[1], [0], [-1]], [[1], [0], [-1]], [[1], [0], [1]], [[1]], [[1], [-1]]]","[[1], [1, -1], [1, 0, 1], [1, 0, -1], [1, 0, -1], [1, 0, 1], [1, 0, -1], [1, -1], [1, 0, 1], [1, 0, -1], [1, 0, 1], [1, 0, 1], [1, 2, 1], [1, -2, 1], [1, 0, 1], [1, 0, -1], [1, 2, 1], [1, 0, -1], [1, 0, -1], [1, 0, -1], [1, 2, 1], [1, 0, 1], [1, 0, -1], [1, -2, 1], [1, 0, -1], [1, 0, 1], [1, 0, 1], [1, 2, 1], [1, 0, 1], [1, 2, 1]]",1
2.1824.4t3.e,1824,"[2, 3, 19]","[2, 3, 19]",False,1,"[[[1], [-2], [1]], [[1], [2], [1]], [[1], [0], [-1]], [[1], [0], [-1]], [[1], [0], [1]], [[1]], [[1], [1]], [[1], [-1]]]",null,1
2.1824.4t3.f,1824,"[2, 3, 19]","[2, 3, 19]",False,1,"[[[1], [-2], [1]], [[1], [2], [1]], [[1], [0], [-1]], [[1], [0], [-1]], [[1], [0], [1]], [[1]], [[1], [-1]]]",null,1
2.1825.3t2.a,1825,"[5, 73]","[5, 73]",True,1,"[[[1], [-2], [1]], [[1], [0], [-1]], [[1], [1], [1]], [[1]], [[1], [-1]]]",null,1
2.1825.6t3.a,1825,"[5, 73]","[2, 5, 73]",True,1,"[[[1], [-2], [1]], [[1], [2], [1]], [[1], [0], [-1]], [[1], [0], [-1]], [[1], [1], [1]], [[1], [-1], [1]], [[1]], [[1], [1]]]",null,1
2.1825.6t3.b,1825,"[5, 73]","[5, 7, 13, 73]",True,1,"[[[1], [-2], [1]], [[1], [2], [1]], [[1], [0], [-1]], [[1], [0], [-1]], [[1], [1], [1]], [[1], [-1], [1]], [[1]], [[1], [1]]]",null,1
2.1827.4t3.a,1827,"[3, 7, 29]","[3, 7, 29]",False,1,"[[[1], [-2], [1]], [[1], [2], [1]], [[1], [0], [-1]], [[1], [0], [-1]], [[1], [0], [1]], [[1]], [[1], [1]], [[1], [-1]]]","[[1, 0, -1], [1], [1, 0, -1], [1, 1], [1, 0, -1], [1, 0, -1], [1, 0, 1], [1, 0, 1], [1, -2, 1], [1, -1], [1, 0, 1], [1, 0, -1], [1, 0, 1], [1, 0, -1], [1, 0, 1], [1, 2, 1], [1, 0, -1], [1, 0, 1], [1, 2, 1], [1, 2, 1], [1, 0, 1], [1, 0, -1], [1, 0, -1], [1, 0, 1], [1, 0, 1], [1, 0, 1], [1, 0, -1], [1, 2, 1], [1, 2, 1], [1, 0, -1]]",1
2.1827.4t3.b,1827,"[3, 7, 29]","[2, 3, 7, 29, 977]",False,1,"[[[1], [-2], [1]], [[1], [2], [1]], [[1], [0], [-1]], [[1], [0], [-1]], [[1], [0], [1]], [[1]], [[1], [1]], [[1], [-1]]]",null,1
2.1827.4t3.c,1827,"[3, 7, 29]","[2, 3, 7, 29]",False,1,"[[[1], [-2], [1]], [[1], [2], [1]], [[1], [0], [-1]], [[1], [0], [-1]], [[1], [0], [1]], [[1]], [[1], [1]], [[1], [-1]]]",null,1
2.1828.4t3.a,1828,"[2, 457]","[2, 457]",False,1,"[[[1], [-2], [1]], [[1], [2], [1]], [[1], [0], [-1]], [[1], [0], [-1]], [[1], [0], [1]], [[1], [-1]]]",null,1
2.1828.4t3.b,1828,"[2, 457]","[2, 3, 7, 457, 2053]",False,1,"[[[1], [-2], [1]], [[1], [2], [1]], [[1], [0], [-1]], [[1], [0], [-1]], [[1], [0], [1]], [[1], [-1]]]",null,1
2.1828.4t3.c,1828,"[2, 457]","[2, 457]",False,1,"[[[1], [-2], [1]], [[1], [2], [1]], [[1], [0], [-1]], [[1], [0], [-1]], [[1], [0], [1]], [[1], [-1]]]","[[1, -1], [1, 0, -1], [1, 0, -1], [1, 0, -1], [1, 0, 1], [1, 0, -1], [1, 2, 1], [1, 0, -1], [1, 0, 1], [1, 2, 1], [1, 0, 1], [1, 0, -1], [1, 0, -1], [1, 0, 1], [1, 0, -1], [1, 0, -1], [1, 0, 1], [1, 0, -1], [1, 0, -1], [1, 0, 1], [1, 2, 1], [1, 0, -1], [1, 0, 1], [1, 0, -1], [1, 0, -1], [1, 0, -1], [1, 0, 1], [1, 0, -1], [1, 2, 1], [1, 0, -1]]",1
2.1836.3t2.a,1836,"[2, 3, 17]","[2, 3, 17]",False,1,"[[[1], [-2], [1]], [[1], [0], [-1]], [[1], [1], [1]], [[1]], [[1], [-1]]]","[[1], [1], [1, -2, 1], [1, 0, -1], [1, 1, 1], [1, 1, 1], [1, -1], [1, -2, 1], [1, 1, 1], [1, 1, 1], [1, 0, -1], [1, 0, -1], [1, 1, 1], [1, 1, 1], [1, 0, -1], [1, 0, -1], [1, 0, -1], [1, 0, -1], [1, 1, 1], [1, 1, 1], [1, 0, -1], [1, 0, -1], [1, 0, -1], [1, 0, -1], [1, 0, -1], [1, 0, -1], [1, -2, 1], [1, 1, 1], [1, 0, -1], [1, 1, 1]]",1
2.1836.3t2.b,1836,"[2, 3, 17]","[2, 3, 17]",False,1,"[[[1], [-2], [1]], [[1], [0], [-1]], [[1], [1], [1]], [[1]], [[1], [-1]]]","[[1], [1], [1, 1, 1], [1, 0, -1], [1, 1, 1], [1, -2, 1], [1, -1], [1, 1, 1], [1, -2, 1], [1, 1, 1], [1, 0, -1], [1, 0, -1], [1, -2, 1], [1, -2, 1], [1, 0, -1], [1, 0, -1], [1, 0, -1], [1, 0, -1], [1, 1, 1], [1, 1, 1], [1, 0, -1], [1, 0, -1], [1, 0, -1], [1, 0, -1], [1, 0, -1], [1, 0, -1], [1, 1, 1], [1, -2, 1], [1, 0, -1], [1, 1, 1]]",1
2.1836.6t3.a,1836,"[2, 3, 17]","[2, 3, 17]",False,1,"[[[1], [-2], [1]], [[1], [2], [1]], [[1], [0], [-1]], [[1], [0], [-1]], [[1], [1], [1]], [[1], [-1], [1]], [[1]], [[1], [1]]]",null,1
2.1836.6t3.b,1836,"[2, 3, 17]","[2, 3, 5, 17]",False,1,"[[[1], [-2], [1]], [[1], [2], [1]], [[1], [0], [-1]], [[1], [0], [-1]], [[1], [1], [1]], [[1], [-1], [1]], [[1]], [[1], [1]]]",null,1
2.1836.6t3.c,1836,"[2, 3, 17]","[2, 3, 17]",False,1,"[[[1], [-2], [1]], [[1], [2], [1]], [[1], [0], [-1]], [[1], [0], [-1]], [[1], [1], [1]], [[1], [-1], [1]], [[1]], [[1], [1]]]","[[1], [1], [1, -1, 1], [1, 0, -1], [1, -1, 1], [1, -2, 1], [1, 1], [1, 1, 1], [1, 2, 1], [1, -1, 1], [1, 0, -1], [1, 0, -1], [1, 2, 1], [1, -2, 1], [1, 0, -1], [1, 0, -1], [1, 0, -1], [1, 0, -1], [1, 1, 1], [1, -1, 1], [1, 0, -1], [1, 0, -1], [1, 0, -1], [1, 0, -1], [1, 0, -1], [1, 0, -1], [1, 1, 1], [1, 2, 1], [1, 0, -1], [1, -1, 1]]",1
2.1836.6t3.d,1836,"[2, 3, 17]","[2, 3, 5, 17]",False,1,"[[[1], [-2], [1]], [[1], [2], [1]], [[1], [0], [-1]], [[1], [0], [-1]], [[1], [1], [1]], [[1], [-1], [1]], [[1]], [[1], [1]]]","[[1], [1], [1, 2, 1], [1, 0, -1], [1, -1, 1], [1, 1, 1], [1, 1], [1, -2, 1], [1, -1, 1], [1, -1, 1], [1, 0, -1], [1, 0, -1], [1, -1, 1], [1, 1, 1], [1, 0, -1], [1, 0, -1], [1, 0, -1], [1, 0, -1], [1, 1, 1], [1, -1, 1], [1, 0, -1], [1, 0, -1], [1, 0, -1], [1, 0, -1], [1, 0, -1], [1, 0, -1], [1, -2, 1], [1, -1, 1], [1, 0, -1], [1, -1, 1]]",1
2.1839.4t3.a,1839,"[3, 613]","[3, 613]",False,1,"[[[1], [-2], [1]], [[1], [2], [1]], [[1], [0], [-1]], [[1], [0], [-1]], [[1], [0], [1]], [[1], [-1]]]","[[1, 0, 1], [1, -1], [1, 0, 1], [1, -2, 1], [1, 0, 1], [1, 0, -1], [1, 0, -1], [1, 2, 1], [1, 0, 1], [1, 0, -1], [1, 0, -1], [1, -2, 1], [1, 0, -1], [1, 2, 1], [1, 0, -1], [1, 0, 1], [1, 0, 1], [1, 2, 1], [1, -2, 1], [1, 0, -1], [1, 0, -1], [1, 0, -1], [1, 0, 1], [1, 0, -1], [1, 2, 1], [1, 0, 1], [1, -2, 1], [1, 0, 1], [1, 0, -1], [1, 0, 1]]",1
2.1839.4t3.b,1839,"[3, 613]","[2, 3, 7, 43, 613]",False,1,"[[[1], [-2], [1]], [[1], [2], [1]], [[1], [0], [-1]], [[1], [0], [-1]], [[1], [0], [1]], [[1], [-1]]]",null,1
2.1839.4t3.c,1839,"[3, 613]","[2, 3, 7, 613]",False,1,"[[[1], [-2], [1]], [[1], [2], [1]], [[1], [0], [-1]], [[1], [0], [-1]], [[1], [0], [1]], [[1], [-1]]]",null,1
2.1840.6t3.a,1840,"[2, 5, 23]","[2, 3, 5, 11, 23]",False,1,"[[[1], [-2], [1]], [[1], [2], [1]], [[1], [0], [-1]], [[1], [0], [-1]], [[1], [1], [1]], [[1], [-1], [1]], [[1]], [[1], [-1]], [[1], [1]]]","[[1], [1, 0, -1], [1, -1], [1, -1, 1], [1, 0, -1], [1, 0, -1], [1, 1, 1], [1, 0, -1], [1, 1], [1, 1, 1], [1, -1, 1], [1, 1, 1], [1, 1, 1], [1, 2, 1], [1, 0, -1], [1, 1, 1], [1, -1, 1], [1, 0, -1], [1, -1, 1], [1, -1, 1], [1, 0, -1], [1, 0, -1], [1, -1, 1], [1, 0, -1], [1, -2, 1], [1, 1, 1], [1, 2, 1], [1, -1, 1], [1, 0, -1], [1, 1, 1]]",1
2.1840.6t3.b,1840,"[2, 5, 23]","[2, 3, 5, 23]",False,1,"[[[1], [-2], [1]], [[1], [2], [1]], [[1], [0], [-1]], [[1], [0], [-1]], [[1], [1], [1]], [[1], [-1], [1]], [[1]], [[1], [1]], [[1], [-1]]]","[[1], [1, 0, -1], [1, 1], [1, 1, 1], [1, 0, -1], [1, 0, -1], [1, -1, 1], [1, 0, -1], [1, -1], [1, 1, 1], [1, -1, 1], [1, -1, 1], [1, 1, 1], [1, -2, 1], [1, 0, -1], [1, -1, 1], [1, -1, 1], [1, 0, -1], [1, 1, 1], [1, -1, 1], [1, 0, -1], [1, 0, -1], [1, 1, 1], [1, 0, -1], [1, 2, 1], [1, 1, 1], [1, -2, 1], [1, 1, 1], [1, 0, -1], [1, -1, 1]]",1
2.1840.6t3.c,1840,"[2, 5, 23]","[2, 5, 19, 23, 97]",False,1,"[[[1], [-2], [1]], [[1], [2], [1]], [[1], [0], [-1]], [[1], [0], [-1]], [[1], [1], [1]], [[1], [-1], [1]], [[1]], [[1], [-1]], [[1], [1]]]",null,1
2.1840.6t3.d,1840,"[2, 5, 23]","[2, 3, 5, 13, 23]",False,1,"[[[1], [-2], [1]], [[1], [2], [1]], [[1], [0], [-1]], [[1], [0], [-1]], [[1], [1], [1]], [[1], [-1], [1]], [[1]], [[1], [1]], [[1], [-1]]]",null,1
2.1843.3t2.a,1843,"[19, 97]","[19, 97]",False,1,"[[[1], [-2], [1]], [[1], [0], [-1]], [[1], [1], [1]], [[1], [-1]]]","[[1, 0, -1], [1, 0, -1], [1, 0, -1], [1, 0, -1], [1, 1, 1], [1, 1, 1], [1, 0, -1], [1, -1], [1, 0, -1], [1, -2, 1], [1, 0, -1], [1, 1, 1], [1, 1, 1], [1, 1, 1], [1, 1, 1], [1, 0, -1], [1, 1, 1], [1, 1, 1], [1, -2, 1], [1, 1, 1], [1, 1, 1], [1, 0, -1], [1, 0, -1], [1, 0, -1], [1, -1], [1, 1, 1], [1, 0, -1], [1, 1, 1], [1, 0, -1], [1, 0, -1]]",1
2.1843.6t3.a,1843,"[19, 97]","[2, 7, 19, 97]",False,1,"[[[1], [-2], [1]], [[1], [2], [1]], [[1], [0], [-1]], [[1], [0], [-1]], [[1], [1], [1]], [[1], [-1], [1]], [[1], [1]]]",null,1
2.1843.6t3.b,1843,"[19, 97]","[2, 3, 19, 97]",False,1,"[[[1], [-2], [1]], [[1], [2], [1]], [[1], [0], [-1]], [[1], [0], [-1]], [[1], [1], [1]], [[1], [-1], [1]], [[1], [1]]]","[[1, 0, -1], [1, 0, -1], [1, 0, -1], [1, 0, -1], [1, 1, 1], [1, -1, 1], [1, 0, -1], [1, 1], [1, 0, -1], [1, 2, 1], [1, 0, -1], [1, -1, 1], [1, -1, 1], [1, 1, 1], [1, 1, 1], [1, 0, -1], [1, -1, 1], [1, 1, 1], [1, 2, 1], [1, -1, 1], [1, 1, 1], [1, 0, -1], [1, 0, -1], [1, 0, -1], [1, 1], [1, 1, 1], [1, 0, -1], [1, -1, 1], [1, 0, -1], [1, 0, -1]]",1
2.1844.3t2.a,1844,"[2, 461]","[2, 461]",False,1,"[[[1], [-2], [1]], [[1], [0], [-1]], [[1], [1], [1]], [[1], [-1]]]","[[1, -1], [1, -2, 1], [1, 1, 1], [1, 1, 1], [1, 1, 1], [1, 0, -1], [1, 1, 1], [1, 0, -1], [1, 0, -1], [1, 0, -1], [1, 1, 1], [1, 0, -1], [1, 1, 1], [1, 0, -1], [1, 1, 1], [1, -2, 1], [1, 0, -1], [1, 1, 1], [1, 0, -1], [1, 1, 1], [1, -2, 1], [1, -2, 1], [1, 1, 1], [1, 1, 1], [1, -2, 1], [1, 0, -1], [1, 0, -1], [1, 0, -1], [1, 1, 1], [1, 1, 1]]",1
2.1844.6t3.a,1844,"[2, 461]","[2, 3, 461]",False,1,"[[[1], [-2], [1]], [[1], [2], [1]], [[1], [0], [-1]], [[1], [0], [-1]], [[1], [1], [1]], [[1], [-1], [1]], [[1], [1]], [[1], [-1]]]","[[1, 1], [1, 2, 1], [1, 1, 1], [1, -1, 1], [1, -1, 1], [1, 0, -1], [1, 1, 1], [1, 0, -1], [1, 0, -1], [1, 0, -1], [1, -1, 1], [1, 0, -1], [1, 1, 1], [1, 0, -1], [1, -1, 1], [1, -2, 1], [1, 0, -1], [1, 1, 1], [1, 0, -1], [1, -1, 1], [1, -2, 1], [1, 2, 1], [1, -1, 1], [1, 1, 1], [1, -2, 1], [1, 0, -1], [1, 0, -1], [1, 0, -1], [1, 1, 1], [1, 1, 1]]",1
2.1844.6t3.b,1844,"[2, 461]","[2, 3, 5, 461]",False,1,"[[[1], [-2], [1]], [[1], [2], [1]], [[1], [0], [-1]], [[1], [0], [-1]], [[1], [1], [1]], [[1], [-1], [1]], [[1], [1]], [[1], [-1]]]",null,1
2.1845.4t3.a,1845,"[3, 5, 41]","[2, 3, 5, 41]",True,1,"[[[1], [-2], [1]], [[1], [2], [1]], [[1], [0], [-1]], [[1], [0], [-1]], [[1], [0], [1]], [[1]], [[1], [1]], [[1], [-1]]]",null,1
2.1845.4t3.b,1845,"[3, 5, 41]","[2, 3, 5, 41]",True,1,"[[[1], [-2], [1]], [[1], [2], [1]], [[1], [0], [-1]], [[1], [0], [-1]], [[1], [0], [1]], [[1]], [[1], [1]], [[1], [-1]]]",null,1
2.1845.4t3.c,1845,"[3, 5, 41]","[2, 3, 5, 41]",True,1,"[[[1], [-2], [1]], [[1], [2], [1]], [[1], [0], [-1]], [[1], [0], [-1]], [[1], [0], [1]], [[1]], [[1], [1]], [[1], [-1]]]",null,1
2.1856.4t3.a,1856,"[2, 29]","[2, 29]",False,1,"[[[1], [-2], [1]], [[1], [2], [1]], [[1], [0], [-1]], [[1], [0], [-1]], [[1], [0], [1]], [[1]], [[1], [-1]]]",null,1
2.1856.4t3.b,1856,"[2, 29]","[2, 5, 29]",False,1,"[[[1], [-2], [1]], [[1], [2], [1]], [[1], [0], [-1]], [[1], [0], [-1]], [[1], [0], [1]], [[1]], [[1], [-1]]]","[[1], [1, 0, 1], [1, 2, 1], [1, 0, -1], [1, 0, 1], [1, -2, 1], [1, 0, -1], [1, 0, 1], [1, 0, -1], [1, -1], [1, 0, 1], [1, 0, -1], [1, 0, -1], [1, 0, 1], [1, 0, 1], [1, -2, 1], [1, 0, -1], [1, 0, -1], [1, 0, -1], [1, 0, -1], [1, 0, -1], [1, 0, 1], [1, 0, -1], [1, 0, -1], [1, 0, -1], [1, 0, -1], [1, 0, -1], [1, 0, -1], [1, 2, 1], [1, 0, -1]]",1
2.1856.4t3.c,1856,"[2, 29]","[2, 5, 29]",False,1,"[[[1], [-2], [1]], [[1], [2], [1]], [[1], [0], [-1]], [[1], [0], [-1]], [[1], [0], [1]], [[1]], [[1], [-1]]]",null,1
2.1856.6t3.a,1856,"[2, 29]","[2, 29]",False,1,"[[[1], [-2], [1]], [[1], [2], [1]], [[1], [0], [-1]], [[1], [0], [-1]], [[1], [1], [1]], [[1], [-1], [1]], [[1]], [[1], [1]]]","[[1], [1, 1, 1], [1, -1, 1], [1, 0, -1], [1, 1, 1], [1, -1, 1], [1, 0, -1], [1, -2, 1], [1, 0, -1], [1, 1], [1, -1, 1], [1, 0, -1], [1, 0, -1], [1, 1, 1], [1, -1, 1], [1, -1, 1], [1, 0, -1], [1, 0, -1], [1, 0, -1], [1, 0, -1], [1, 0, -1], [1, -1, 1], [1, 0, -1], [1, 0, -1], [1, 0, -1], [1, 0, -1], [1, 0, -1], [1, 0, -1], [1, -1, 1], [1, 0, -1]]",1
2.1856.6t3.b,1856,"[2, 29]","[2, 3, 29]",False,1,"[[[1], [-2], [1]], [[1], [2], [1]], [[1], [0], [-1]], [[1], [0], [-1]], [[1], [1], [1]], [[1], [-1], [1]], [[1]], [[1], [1]]]",null,1
2.1856.6t3.c,1856,"[2, 29]","[2, 3, 29]",False,1,"[[[1], [-2], [1]], [[1], [2], [1]], [[1], [0], [-1]], [[1], [0], [-1]], [[1], [1], [1]], [[1], [-1], [1]], [[1]], [[1], [1]]]",null,1
2.1856.6t3.d,1856,"[2, 29]","[2, 29]",False,1,"[[[1], [-2], [1]], [[1], [2], [1]], [[1], [0], [-1]], [[1], [0], [-1]], [[1], [1], [1]], [[1], [-1], [1]], [[1]], [[1], [1]]]","[[1], [1, -1, 1], [1, -1, 1], [1, 0, -1], [1, -1, 1], [1, -1, 1], [1, 0, -1], [1, 2, 1], [1, 0, -1], [1, 1], [1, 1, 1], [1, 0, -1], [1, 0, -1], [1, -1, 1], [1, 1, 1], [1, -1, 1], [1, 0, -1], [1, 0, -1], [1, 0, -1], [1, 0, -1], [1, 0, -1], [1, 1, 1], [1, 0, -1], [1, 0, -1], [1, 0, -1], [1, 0, -1], [1, 0, -1], [1, 0, -1], [1, -1, 1], [1, 0, -1]]",1
2.1860.4t3.a,1860,"[2, 3, 5, 31]","[2, 3, 5, 31]",False,1,"[[[1], [-2], [1]], [[1], [2], [1]], [[1], [0], [-1]], [[1], [0], [-1]], [[1], [0], [1]], [[1], [-1]], [[1], [1]]]",null,1
2.1860.4t3.b,1860,"[2, 3, 5, 31]","[2, 3, 5, 23, 31]",False,1,"[[[1], [-2], [1]], [[1], [2], [1]], [[1], [0], [-1]], [[1], [0], [-1]], [[1], [0], [1]], [[1], [-1]], [[1], [1]]]",null,1
2.1860.4t3.c,1860,"[2, 3, 5, 31]","[2, 3, 5, 11, 23, 31, 4787]",False,1,"[[[1], [-2], [1]], [[1], [2], [1]], [[1], [0], [-1]], [[1], [0], [-1]], [[1], [0], [1]], [[1], [1]], [[1], [-1]]]",null,1
2.1860.4t3.d,1860,"[2, 3, 5, 31]","[2, 3, 5, 31, 9781]",False,1,"[[[1], [-2], [1]], [[1], [2], [1]], [[1], [0], [-1]], [[1], [0], [-1]], [[1], [0], [1]], [[1], [1]], [[1], [-1]]]",null,1
2.1860.4t3.e,1860,"[2, 3, 5, 31]","[2, 3, 5, 31]",False,1,"[[[1], [-2], [1]], [[1], [2], [1]], [[1], [0], [-1]], [[1], [0], [-1]], [[1], [0], [1]], [[1], [-1]], [[1], [1]]]","[[1, -1], [1, 1], [1, 1], [1, 0, 1], [1, 0, -1], [1, 0, 1], [1, 0, -1], [1, 0, -1], [1, -2, 1], [1, 0, 1], [1, -1], [1, 0, 1], [1, 0, -1], [1, 0, -1], [1, 0, -1], [1, 0, -1], [1, 0, 1], [1, 0, -1], [1, 0, 1], [1, 0, 1], [1, 0, 1], [1, 2, 1], [1, -2, 1], [1, 0, 1], [1, 0, -1], [1, 0, -1], [1, 0, 1], [1, 0, -1], [1, 2, 1], [1, 2, 1]]",1
2.1860.4t3.f,1860,"[2, 3, 5, 31]","[2, 3, 5, 31]",False,1,"[[[1], [-2], [1]], [[1], [2], [1]], [[1], [0], [-1]], [[1], [0], [-1]], [[1], [0], [1]], [[1], [-1]], [[1], [1]]]","[[1, -1], [1, -1], [1, 1], [1, 0, 1], [1, 0, -1], [1, 0, 1], [1, 0, -1], [1, 0, -1], [1, 2, 1], [1, 0, 1], [1, 1], [1, 0, 1], [1, 0, -1], [1, 0, -1], [1, 0, -1], [1, 0, -1], [1, 0, 1], [1, 0, -1], [1, 0, 1], [1, 0, 1], [1, 0, 1], [1, -2, 1], [1, 2, 1], [1, 0, 1], [1, 0, -1], [1, 0, -1], [1, 0, 1], [1, 0, -1], [1, 2, 1], [1, 2, 1]]",1
2.1860.4t3.g,1860,"[2, 3, 5, 31]","[2, 3, 5, 31]",False,1,"[[[1], [-2], [1]], [[1], [2], [1]], [[1], [0], [-1]], [[1], [0], [-1]], [[1], [0], [1]], [[1], [1]], [[1], [-1]]]","[[1, 1], [1, -1], [1, -1], [1, 0, 1], [1, 0, -1], [1, 0, 1], [1, 0, -1], [1, 0, -1], [1, 2, 1], [1, 0, 1], [1, -1], [1, 0, 1], [1, 0, -1], [1, 0, -1], [1, 0, -1], [1, 0, -1], [1, 0, 1], [1, 0, -1], [1, 0, 1], [1, 0, 1], [1, 0, 1], [1, 2, 1], [1, 2, 1], [1, 0, 1], [1, 0, -1], [1, 0, -1], [1, 0, 1], [1, 0, -1], [1, 2, 1], [1, -2, 1]]",1
2.1860.4t3.h,1860,"[2, 3, 5, 31]","[2, 3, 5, 31]",False,1,"[[[1], [-2], [1]], [[1], [2], [1]], [[1], [0], [-1]], [[1], [0], [-1]], [[1], [0], [1]], [[1], [1]], [[1], [-1]]]","[[1, 1], [1, 1], [1, -1], [1, 0, 1], [1, 0, -1], [1, 0, 1], [1, 0, -1], [1, 0, -1], [1, -2, 1], [1, 0, 1], [1, 1], [1, 0, 1], [1, 0, -1], [1, 0, -1], [1, 0, -1], [1, 0, -1], [1, 0, 1], [1, 0, -1], [1, 0, 1], [1, 0, 1], [1, 0, 1], [1, -2, 1], [1, -2, 1], [1, 0, 1], [1, 0, -1], [1, 0, -1], [1, 0, 1], [1, 0, -1], [1, 2, 1], [1, -2, 1]]",1
2.1860.4t3.i,1860,"[2, 3, 5, 31]","[2, 3, 5, 31]",False,1,"[[[1], [-2], [1]], [[1], [2], [1]], [[1], [0], [-1]], [[1], [0], [-1]], [[1], [0], [1]], [[1], [-1]], [[1], [1]]]",null,1
2.1860.4t3.j,1860,"[2, 3, 5, 31]","[2, 3, 5, 31]",False,1,"[[[1], [-2], [1]], [[1], [2], [1]], [[1], [0], [-1]], [[1], [0], [-1]], [[1], [0], [1]], [[1], [-1]], [[1], [1]]]",null,1
2.1860.4t3.k,1860,"[2, 3, 5, 31]","[2, 3, 5, 31]",False,1,"[[[1], [-2], [1]], [[1], [2], [1]], [[1], [0], [-1]], [[1], [0], [-1]], [[1], [0], [1]], [[1], [1]], [[1], [-1]]]",null,1
2.1860.4t3.l,1860,"[2, 3, 5, 31]","[2, 3, 5, 31]",False,1,"[[[1], [-2], [1]], [[1], [2], [1]], [[1], [0], [-1]], [[1], [0], [-1]], [[1], [0], [1]], [[1], [1]], [[1], [-1]]]",null,1
2.1864.4t3.a,1864,"[2, 233]","[2, 3, 233]",False,1,"[[[1], [-2], [1]], [[1], [2], [1]], [[1], [0], [-1]], [[1], [0], [-1]], [[1], [0], [1]], [[1], [-1]]]",null,1
2.1864.4t3.b,1864,"[2, 233]","[2, 233]",True,1,"[[[1], [-2], [1]], [[1], [2], [1]], [[1], [0], [-1]], [[1], [0], [-1]], [[1], [0], [1]], [[1], [1]], [[1], [-1]]]",null,1
2.1864.4t3.c,1864,"[2, 233]","[2, 233]",False,1,"[[[1], [-2], [1]], [[1], [2], [1]], [[1], [0], [-1]], [[1], [0], [-1]], [[1], [0], [1]], [[1], [-1]]]","[[1, -1], [1, 0, -1], [1, 0, 1], [1, 0, -1], [1, 0, -1], [1, 0, -1], [1, 0, -1], [1, 2, 1], [1, 0, -1], [1, 0, -1], [1, 0, -1], [1, 0, -1], [1, 0, -1], [1, 0, -1], [1, 0, 1], [1, 0, 1], [1, 0, -1], [1, 0, 1], [1, 0, -1], [1, 0, -1], [1, 0, -1], [1, 0, 1], [1, 0, -1], [1, 2, 1], [1, 0, -1], [1, 0, -1], [1, 0, 1], [1, 2, 1], [1, 0, -1], [1, 2, 1]]",1
2.1864.4t3.d,1864,"[2, 233]","[2, 233]",True,1,"[[[1], [-2], [1]], [[1], [2], [1]], [[1], [0], [-1]], [[1], [0], [-1]], [[1], [0], [1]], [[1], [1]], [[1], [-1]]]",null,1
2.1864.4t3.e,1864,"[2, 233]","[2, 3, 13, 31, 233, 6473]",True,1,"[[[1], [-2], [1]], [[1], [2], [1]], [[1], [0], [-1]], [[1], [0], [-1]], [[1], [0], [1]], [[1], [1]], [[1], [-1]]]",null,1
2.1864.4t3.f,1864,"[2, 233]","[2, 3, 37, 179, 233]",False,1,"[[[1], [-2], [1]], [[1], [2], [1]], [[1], [0], [-1]], [[1], [0], [-1]], [[1], [0], [1]], [[1], [-1]]]",null,1
2.1868.3t2.a,1868,"[2, 467]","[2, 467]",False,1,"[[[1], [-2], [1]], [[1], [0], [-1]], [[1], [1], [1]], [[1]], [[1], [-1]]]","[[1], [1, 1, 1], [1, 0, -1], [1, 1, 1], [1, 0, -1], [1, -2, 1], [1, 1, 1], [1, 0, -1], [1, 1, 1], [1, 0, -1], [1, 0, -1], [1, 0, -1], [1, -2, 1], [1, -2, 1], [1, -2, 1], [1, 1, 1], [1, 1, 1], [1, 0, -1], [1, 0, -1], [1, -2, 1], [1, 0, -1], [1, 0, -1], [1, 1, 1], [1, -2, 1], [1, 1, 1], [1, 0, -1], [1, 0, -1], [1, 0, -1], [1, -2, 1], [1, 1, 1]]",1
2.1871.3t2.a,1871,[1871],[1871],False,1,"[[[1], [-2], [1]], [[1], [0], [-1]], [[1], [1], [1]], [[1], [-1]]]","[[1, 1, 1], [1, 1, 1], [1, 1, 1], [1, 0, -1], [1, 0, -1], [1, 1, 1], [1, 1, 1], [1, 0, -1], [1, 0, -1], [1, 0, -1], [1, 1, 1], [1, 1, 1], [1, 0, -1], [1, -2, 1], [1, 1, 1], [1, 1, 1], [1, 1, 1], [1, -2, 1], [1, 0, -1], [1, 0, -1], [1, -2, 1], [1, -2, 1], [1, 1, 1], [1, -2, 1], [1, 0, -1], [1, 0, -1], [1, 0, -1], [1, 0, -1], [1, 0, -1], [1, -2, 1]]",1
2.1872.4t3.a,1872,"[2, 3, 13]","[2, 3, 13]",False,1,"[[[1], [-2], [1]], [[1], [2], [1]], [[1], [0], [-1]], [[1], [0], [-1]], [[1], [0], [1]], [[1]], [[1], [1]]]",null,1
2.1872.4t3.b,1872,"[2, 3, 13]","[2, 3, 13]",False,1,"[[[1], [-2], [1]], [[1], [2], [1]], [[1], [0], [-1]], [[1], [0], [-1]], [[1], [0], [1]], [[1]], [[1], [-1]]]","[[1], [1], [1, 0, -1], [1, -2, 1], [1, 0, 1], [1, -1], [1, 0, 1], [1, 2, 1], [1, 0, -1], [1, 0, 1], [1, 2, 1], [1, 0, -1], [1, 0, -1], [1, 0, -1], [1, 0, 1], [1, 0, 1], [1, 0, 1], [1, 2, 1], [1, -2, 1], [1, 0, 1], [1, 0, -1], [1, 0, -1], [1, 0, 1], [1, 0, -1], [1, 0, -1], [1, 0, 1], [1, 0, -1], [1, 0, -1], [1, 0, -1], [1, 0, 1]]",1
2.1872.4t3.c,1872,"[2, 3, 13]","[2, 3, 13]",False,1,"[[[1], [-2], [1]], [[1], [2], [1]], [[1], [0], [-1]], [[1], [0], [-1]], [[1], [0], [1]], [[1]], [[1], [-1]]]","[[1], [1], [1, 0, -1], [1, 2, 1], [1, 0, 1], [1, -1], [1, 0, 1], [1, -2, 1], [1, 0, -1], [1, 0, 1], [1, -2, 1], [1, 0, -1], [1, 0, -1], [1, 0, -1], [1, 0, 1], [1, 0, 1], [1, 0, 1], [1, 2, 1], [1, 2, 1], [1, 0, 1], [1, 0, -1], [1, 0, -1], [1, 0, 1], [1, 0, -1], [1, 0, -1], [1, 0, 1], [1, 0, -1], [1, 0, -1], [1, 0, -1], [1, 0, 1]]",1
2.1872.4t3.d,1872,"[2, 3, 13]","[2, 3, 7, 13]",False,1,"[[[1], [-2], [1]], [[1], [2], [1]], [[1], [0], [-1]], [[1], [0], [-1]], [[1], [0], [1]], [[1]], [[1], [-1]]]",null,1
2.1872.4t3.e,1872,"[2, 3, 13]","[2, 3, 5, 7, 13, 271, 487]",False,1,"[[[1], [-2], [1]], [[1], [2], [1]], [[1], [0], [-1]], [[1], [0], [-1]], [[1], [0], [1]], [[1]], [[1], [-1]]]",null,1
2.1872.4t3.f,1872,"[2, 3, 13]","[2, 3, 13]",False,1,"[[[1], [-2], [1]], [[1], [2], [1]], [[1], [0], [-1]], [[1], [0], [-1]], [[1], [0], [1]], [[1]], [[1], [-1]]]",null,1
2.1872.4t3.g,1872,"[2, 3, 13]","[2, 3, 13]",False,1,"[[[1], [-2], [1]], [[1], [2], [1]], [[1], [0], [-1]], [[1], [0], [-1]], [[1], [0], [1]], [[1]], [[1], [-1]]]",null,1
2.1872.4t3.h,1872,"[2, 3, 13]","[2, 3, 13, 17]",False,1,"[[[1], [-2], [1]], [[1], [2], [1]], [[1], [0], [-1]], [[1], [0], [-1]], [[1], [0], [1]], [[1]], [[1], [1]]]","[[1], [1], [1, 0, -1], [1, 0, 1], [1, 0, 1], [1, 1], [1, -2, 1], [1, 0, 1], [1, 0, -1], [1, -2, 1], [1, 0, 1], [1, 0, -1], [1, 0, -1], [1, 0, -1], [1, 0, 1], [1, 2, 1], [1, 0, 1], [1, -2, 1], [1, 0, 1], [1, 0, 1], [1, 0, -1], [1, 0, -1], [1, 0, 1], [1, 0, -1], [1, 0, -1], [1, 2, 1], [1, 0, -1], [1, 0, -1], [1, 0, -1], [1, -2, 1]]",1
2.1872.4t3.i,1872,"[2, 3, 13]","[2, 3, 13, 17, 23, 29]",False,1,"[[[1], [-2], [1]], [[1], [2], [1]], [[1], [0], [-1]], [[1], [0], [-1]], [[1], [0], [1]], [[1]], [[1], [1]]]",null,1
2.1876.4t3.a,1876,"[2, 7, 67]","[2, 3, 7, 67]",False,1,"[[[1], [-2], [1]], [[1], [2], [1]], [[1], [0], [-1]], [[1], [0], [-1]], [[1], [0], [1]], [[1], [-1]]]","[[1, -1], [1, 0, -1], [1, 0, 1], [1, -1], [1, 2, 1], [1, 0, 1], [1, 0, -1], [1, 0, 1], [1, 0, -1], [1, 2, 1], [1, 0, -1], [1, -2, 1], [1, 0, 1], [1, 2, 1], [1, 0, 1], [1, 0, -1], [1, 0, 1], [1, 0, 1], [1, -1], [1, 0, -1], [1, 0, -1], [1, 2, 1], [1, 0, 1], [1, 0, -1], [1, 0, 1], [1, 0, 1], [1, 0, 1], [1, 0, -1], [1, 0, -1], [1, 0, -1]]",1
2.1876.4t3.b,1876,"[2, 7, 67]","[2, 3, 7, 67]",False,1,"[[[1], [-2], [1]], [[1], [2], [1]], [[1], [0], [-1]], [[1], [0], [-1]], [[1], [0], [1]], [[1], [1]]]","[[1, 1], [1, 0, -1], [1, 0, 1], [1, 1], [1, -2, 1], [1, 0, 1], [1, 0, -1], [1, 0, 1], [1, 0, -1], [1, 2, 1], [1, 0, -1], [1, -2, 1], [1, 0, 1], [1, -2, 1], [1, 0, 1], [1, 0, -1], [1, 0, 1], [1, 0, 1], [1, 1], [1, 0, -1], [1, 0, -1], [1, -2, 1], [1, 0, 1], [1, 0, -1], [1, 0, 1], [1, 0, 1], [1, 0, 1], [1, 0, -1], [1, 0, -1], [1, 0, -1]]",1
2.1876.4t3.c,1876,"[2, 7, 67]","[2, 7, 11, 67]",False,1,"[[[1], [-2], [1]], [[1], [2], [1]], [[1], [0], [-1]], [[1], [0], [-1]], [[1], [0], [1]], [[1], [1]]]",null,1
2.1876.4t3.d,1876,"[2, 7, 67]","[2, 7, 67]",False,1,"[[[1], [-2], [1]], [[1], [2], [1]], [[1], [0], [-1]], [[1], [0], [-1]], [[1], [0], [1]], [[1], [-1]]]",null,1
2.1876.4t3.e,1876,"[2, 7, 67]","[2, 3, 7, 43, 67]",False,1,"[[[1], [-2], [1]], [[1], [2], [1]], [[1], [0], [-1]], [[1], [0], [-1]], [[1], [0], [1]], [[1], [-1]]]",null,1
2.1876.4t3.f,1876,"[2, 7, 67]","[2, 3, 7, 11, 53, 67]",False,1,"[[[1], [-2], [1]], [[1], [2], [1]], [[1], [0], [-1]], [[1], [0], [-1]], [[1], [0], [1]], [[1], [1]]]",null,1
2.1879.3t2.a,1879,[1879],"[2, 1879]",False,1,"[[[1], [-2], [1]], [[1], [0], [-1]], [[1], [1], [1]], [[1], [-1]]]","[[1, -2, 1], [1, 0, -1], [1, 1, 1], [1, 1, 1], [1, 0, -1], [1, 0, -1], [1, 1, 1], [1, 0, -1], [1, 0, -1], [1, 1, 1], [1, 0, -1], [1, 0, -1], [1, 0, -1], [1, 1, 1], [1, 1, 1], [1, 1, 1], [1, -2, 1], [1, -2, 1], [1, 1, 1], [1, 1, 1], [1, 1, 1], [1, 0, -1], [1, 1, 1], [1, 1, 1], [1, -2, 1], [1, 0, -1], [1, 0, -1], [1, 1, 1], [1, 1, 1], [1, 0, -1]]",1
2.1885.4t3.a,1885,"[5, 13, 29]","[5, 13, 29]",True,1,"[[[1], [-2], [1]], [[1], [2], [1]], [[1], [0], [-1]], [[1], [0], [-1]], [[1], [0], [1]], [[1], [1]], [[1], [-1]]]",null,1
2.1885.4t3.b,1885,"[5, 13, 29]","[2, 5, 7, 13, 29]",True,1,"[[[1], [-2], [1]], [[1], [2], [1]], [[1], [0], [-1]], [[1], [0], [-1]], [[1], [0], [1]], [[1], [-1]], [[1], [1]]]",null,1
2.1885.4t3.c,1885,"[5, 13, 29]","[2, 5, 7, 13, 29, 1097]",True,1,"[[[1], [-2], [1]], [[1], [2], [1]], [[1], [0], [-1]], [[1], [0], [-1]], [[1], [0], [1]], [[1], [-1]], [[1], [1]]]",null,1
2.1885.4t3.d,1885,"[5, 13, 29]","[2, 5, 13, 29, 37, 1399]",True,1,"[[[1], [-2], [1]], [[1], [2], [1]], [[1], [0], [-1]], [[1], [0], [-1]], [[1], [0], [1]], [[1], [1]], [[1], [-1]]]",null,1
2.1885.4t3.e,1885,"[5, 13, 29]","[2, 5, 13, 29]",True,1,"[[[1], [-2], [1]], [[1], [2], [1]], [[1], [0], [-1]], [[1], [0], [-1]], [[1], [0], [1]], [[1], [-1]], [[1], [1]]]",null,1
2.1885.4t3.f,1885,"[5, 13, 29]","[2, 5, 13, 29]",True,1,"[[[1], [-2], [1]], [[1], [2], [1]], [[1], [0], [-1]], [[1], [0], [-1]], [[1], [0], [1]], [[1], [1]], [[1], [-1]]]",null,1
2.1888.6t3.a,1888,"[2, 59]","[2, 59]",False,1,"[[[1], [-2], [1]], [[1], [2], [1]], [[1], [0], [-1]], [[1], [0], [-1]], [[1], [1], [1]], [[1], [-1], [1]], [[1]], [[1], [-1]]]","[[1], [1, 0, -1], [1, 0, -1], [1, -1, 1], [1, 1, 1], [1, -1, 1], [1, 1, 1], [1, 0, -1], [1, 0, -1], [1, 0, -1], [1, 0, -1], [1, -1, 1], [1, 1, 1], [1, 1, 1], [1, 0, -1], [1, 0, -1], [1, -1], [1, 2, 1], [1, -2, 1], [1, -1, 1], [1, 0, -1], [1, -1, 1], [1, 1, 1], [1, 0, -1], [1, 0, -1], [1, -1, 1], [1, 0, -1], [1, 0, -1], [1, 2, 1], [1, 0, -1]]",1
2.1888.6t3.b,1888,"[2, 59]","[2, 3, 5, 59]",False,1,"[[[1], [-2], [1]], [[1], [2], [1]], [[1], [0], [-1]], [[1], [0], [-1]], [[1], [1], [1]], [[1], [-1], [1]], [[1]], [[1], [1]]]",null,1
2.1888.6t3.c,1888,"[2, 59]","[2, 3, 59]",False,1,"[[[1], [-2], [1]], [[1], [2], [1]], [[1], [0], [-1]], [[1], [0], [-1]], [[1], [1], [1]], [[1], [-1], [1]], [[1]], [[1], [1]]]","[[1], [1, 0, -1], [1, 0, -1], [1, -1, 1], [1, -1, 1], [1, 1, 1], [1, 1, 1], [1, 0, -1], [1, 0, -1], [1, 0, -1], [1, 0, -1], [1, 1, 1], [1, 1, 1], [1, -1, 1], [1, 0, -1], [1, 0, -1], [1, 1], [1, -2, 1], [1, 2, 1], [1, -1, 1], [1, 0, -1], [1, -1, 1], [1, -1, 1], [1, 0, -1], [1, 0, -1], [1, 1, 1], [1, 0, -1], [1, 0, -1], [1, -2, 1], [1, 0, -1]]",1
2.1888.6t3.d,1888,"[2, 59]","[2, 3, 5, 59]",False,1,"[[[1], [-2], [1]], [[1], [2], [1]], [[1], [0], [-1]], [[1], [0], [-1]], [[1], [1], [1]], [[1], [-1], [1]], [[1]], [[1], [-1]]]",null,1
2.1892.3t2.a,1892,"[2, 11, 43]","[2, 11, 43]",False,1,"[[[1], [-2], [1]], [[1], [0], [-1]], [[1], [1], [1]], [[1], [-1]]]","[[1, -1], [1, 1, 1], [1, 0, -1], [1, 0, -1], [1, -1], [1, 0, -1], [1, 0, -1], [1, 0, -1], [1, 0, -1], [1, 1, 1], [1, 0, -1], [1, 0, -1], [1, 0, -1], [1, -1], [1, 0, -1], [1, 1, 1], [1, 0, -1], [1, 1, 1], [1, 0, -1], [1, -2, 1], [1, 1, 1], [1, 1, 1], [1, 1, 1], [1, 0, -1], [1, 1, 1], [1, 0, -1], [1, 0, -1], [1, 1, 1], [1, 0, -1], [1, 0, -1]]",1
2.1892.6t3.a,1892,"[2, 11, 43]","[2, 11, 43]",False,1,"[[[1], [-2], [1]], [[1], [2], [1]], [[1], [0], [-1]], [[1], [0], [-1]], [[1], [1], [1]], [[1], [-1], [1]], [[1], [1]], [[1], [-1]]]",null,1
2.1892.6t3.b,1892,"[2, 11, 43]","[2, 11, 43]",False,1,"[[[1], [-2], [1]], [[1], [2], [1]], [[1], [0], [-1]], [[1], [0], [-1]], [[1], [1], [1]], [[1], [-1], [1]], [[1], [-1]], [[1], [1]]]","[[1, -1], [1, -1, 1], [1, 0, -1], [1, 0, -1], [1, 1], [1, 0, -1], [1, 0, -1], [1, 0, -1], [1, 0, -1], [1, 1, 1], [1, 0, -1], [1, 0, -1], [1, 0, -1], [1, 1], [1, 0, -1], [1, 1, 1], [1, 0, -1], [1, 1, 1], [1, 0, -1], [1, 2, 1], [1, 1, 1], [1, -1, 1], [1, -1, 1], [1, 0, -1], [1, 1, 1], [1, 0, -1], [1, 0, -1], [1, -1, 1], [1, 0, -1], [1, 0, -1]]",1
2.1892.6t3.c,1892,"[2, 11, 43]","[2, 5, 11, 43, 59]",False,1,"[[[1], [-2], [1]], [[1], [2], [1]], [[1], [0], [-1]], [[1], [0], [-1]], [[1], [1], [1]], [[1], [-1], [1]], [[1], [-1]], [[1], [1]]]",null,1
2.1892.6t3.d,1892,"[2, 11, 43]","[2, 3, 5, 11, 13, 43]",False,1,"[[[1], [-2], [1]], [[1], [2], [1]], [[1], [0], [-1]], [[1], [0], [-1]], [[1], [1], [1]], [[1], [-1], [1]], [[1], [1]]]","[[1, 1], [1, 1, 1], [1, 0, -1], [1, 0, -1], [1, 1], [1, 0, -1], [1, 0, -1], [1, 0, -1], [1, 0, -1], [1, -1, 1], [1, 0, -1], [1, 0, -1], [1, 0, -1], [1, 1], [1, 0, -1], [1, 1, 1], [1, 0, -1], [1, -1, 1], [1, 0, -1], [1, -2, 1], [1, -1, 1], [1, -1, 1], [1, -1, 1], [1, 0, -1], [1, 1, 1], [1, 0, -1], [1, 0, -1], [1, -1, 1], [1, 0, -1], [1, 0, -1]]",1
2.1892.6t3.e,1892,"[2, 11, 43]","[2, 5, 11, 43]",False,1,"[[[1], [-2], [1]], [[1], [2], [1]], [[1], [0], [-1]], [[1], [0], [-1]], [[1], [1], [1]], [[1], [-1], [1]], [[1], [1]], [[1], [-1]]]","[[1, 1], [1, -1, 1], [1, 0, -1], [1, 0, -1], [1, -1], [1, 0, -1], [1, 0, -1], [1, 0, -1], [1, 0, -1], [1, -1, 1], [1, 0, -1], [1, 0, -1], [1, 0, -1], [1, -1], [1, 0, -1], [1, 1, 1], [1, 0, -1], [1, -1, 1], [1, 0, -1], [1, 2, 1], [1, -1, 1], [1, 1, 1], [1, 1, 1], [1, 0, -1], [1, 1, 1], [1, 0, -1], [1, 0, -1], [1, 1, 1], [1, 0, -1], [1, 0, -1]]",1
2.1892.6t3.f,1892,"[2, 11, 43]","[2, 5, 11, 43, 281]",False,1,"[[[1], [-2], [1]], [[1], [2], [1]], [[1], [0], [-1]], [[1], [0], [-1]], [[1], [1], [1]], [[1], [-1], [1]], [[1], [1]]]",null,1
2.1895.3t2.a,1895,"[5, 379]","[5, 379]",False,1,"[[[1], [-2], [1]], [[1], [0], [-1]], [[1], [1], [1]], [[1], [-1]]]","[[1, 1, 1], [1, 1, 1], [1, -1], [1, 1, 1], [1, 0, -1], [1, 1, 1], [1, -2, 1], [1, 1, 1], [1, 0, -1], [1, 0, -1], [1, 0, -1], [1, 0, -1], [1, 1, 1], [1, 1, 1], [1, -2, 1], [1, 1, 1], [1, 0, -1], [1, -2, 1], [1, 0, -1], [1, 0, -1], [1, -2, 1], [1, -2, 1], [1, 0, -1], [1, 0, -1], [1, 0, -1], [1, -2, 1], [1, 0, -1], [1, 0, -1], [1, 0, -1], [1, -2, 1]]",1
2.1895.4t3.a,1895,"[5, 379]","[5, 19, 379]",False,1,"[[[1], [-2], [1]], [[1], [2], [1]], [[1], [0], [-1]], [[1], [0], [-1]], [[1], [0], [1]], [[1], [-1]]]",null,1
2.1895.4t3.b,1895,"[5, 379]","[5, 379]",False,1,"[[[1], [-2], [1]], [[1], [2], [1]], [[1], [0], [-1]], [[1], [0], [-1]], [[1], [0], [1]], [[1], [-1]]]","[[1, 0, 1], [1, 0, 1], [1, -1], [1, 0, 1], [1, 0, -1], [1, 0, 1], [1, 0, 1], [1, -2, 1], [1, 0, -1], [1, 0, -1], [1, 0, -1], [1, 0, -1], [1, -2, 1], [1, 0, 1], [1, 0, 1], [1, 0, 1], [1, 0, -1], [1, -2, 1], [1, 0, -1], [1, 0, -1], [1, 0, 1], [1, 2, 1], [1, 0, -1], [1, 0, -1], [1, 0, -1], [1, 2, 1], [1, 0, -1], [1, 0, -1], [1, 0, -1], [1, 0, 1]]",1
2.1895.4t3.c,1895,"[5, 379]","[3, 5, 13, 19, 41, 271, 379]",False,1,"[[[1], [-2], [1]], [[1], [2], [1]], [[1], [0], [-1]], [[1], [0], [-1]], [[1], [0], [1]], [[1], [-1]]]",null,1
2.1895.6t3.a,1895,"[5, 379]","[5, 11, 379]",False,1,"[[[1], [-2], [1]], [[1], [2], [1]], [[1], [0], [-1]], [[1], [0], [-1]], [[1], [1], [1]], [[1], [-1], [1]], [[1], [-1]]]","[[1, -1, 1], [1, -1, 1], [1, -1], [1, -1, 1], [1, 0, -1], [1, -1, 1], [1, 2, 1], [1, 1, 1], [1, 0, -1], [1, 0, -1], [1, 0, -1], [1, 0, -1], [1, 1, 1], [1, -1, 1], [1, 2, 1], [1, -1, 1], [1, 0, -1], [1, -2, 1], [1, 0, -1], [1, 0, -1], [1, 2, 1], [1, -2, 1], [1, 0, -1], [1, 0, -1], [1, 0, -1], [1, -2, 1], [1, 0, -1], [1, 0, -1], [1, 0, -1], [1, 2, 1]]",1
2.1895.6t3.b,1895,"[5, 379]","[5, 47, 167, 379]",False,1,"[[[1], [-2], [1]], [[1], [2], [1]], [[1], [0], [-1]], [[1], [0], [-1]], [[1], [1], [1]], [[1], [-1], [1]], [[1], [-1]]]",null,1
2.1899.4t3.a,1899,"[3, 211]","[2, 3, 211]",False,1,"[[[1], [-2], [1]], [[1], [2], [1]], [[1], [0], [-1]], [[1], [0], [-1]], [[1], [0], [1]], [[1]], [[1], [1]]]",null,1
2.1899.4t3.b,1899,"[3, 211]","[2, 3, 163, 211]",False,1,"[[[1], [-2], [1]], [[1], [2], [1]], [[1], [0], [-1]], [[1], [0], [-1]], [[1], [0], [1]], [[1]], [[1], [1]]]",null,1
2.1899.4t3.c,1899,"[3, 211]","[2, 3, 211]",False,1,"[[[1], [-2], [1]], [[1], [2], [1]], [[1], [0], [-1]], [[1], [0], [-1]], [[1], [0], [1]], [[1]], [[1], [1]]]","[[1, 0, -1], [1], [1, 0, 1], [1, 0, -1], [1, 0, 1], [1, -2, 1], [1, 0, -1], [1, 2, 1], [1, 0, -1], [1, 0, -1], [1, 0, -1], [1, -2, 1], [1, 0, -1], [1, 2, 1], [1, 0, 1], [1, 0, 1], [1, 0, 1], [1, 0, -1], [1, 0, -1], [1, 0, 1], [1, 2, 1], [1, -2, 1], [1, 0, 1], [1, 0, -1], [1, 0, -1], [1, 0, 1], [1, 2, 1], [1, 0, 1], [1, 2, 1], [1, 0, 1]]",1
2.1899.6t3.a,1899,"[3, 211]","[2, 3, 73, 211]",False,1,"[[[1], [-2], [1]], [[1], [2], [1]], [[1], [0], [-1]], [[1], [0], [-1]], [[1], [1], [1]], [[1], [-1], [1]], [[1]], [[1], [-1]]]",null,1
2.1899.6t3.b,1899,"[3, 211]","[2, 3, 211]",False,1,"[[[1], [-2], [1]], [[1], [2], [1]], [[1], [0], [-1]], [[1], [0], [-1]], [[1], [1], [1]], [[1], [-1], [1]], [[1]], [[1], [-1]]]","[[1, 0, -1], [1], [1, -1, 1], [1, 0, -1], [1, -1, 1], [1, 1, 1], [1, 0, -1], [1, 1, 1], [1, 0, -1], [1, 0, -1], [1, 0, -1], [1, 1, 1], [1, 0, -1], [1, 1, 1], [1, -1, 1], [1, 2, 1], [1, 2, 1], [1, 0, -1], [1, 0, -1], [1, -1, 1], [1, -2, 1], [1, 1, 1], [1, 2, 1], [1, 0, -1], [1, 0, -1], [1, -1, 1], [1, 1, 1], [1, -1, 1], [1, -2, 1], [1, -1, 1]]",1
2.1900.6t3.a,1900,"[2, 5, 19]","[2, 3, 5, 19]",False,1,"[[[1], [-2], [1]], [[1], [2], [1]], [[1], [0], [-1]], [[1], [0], [-1]], [[1], [1], [1]], [[1], [-1], [1]], [[1]], [[1], [-1]]]","[[1], [1, 0, -1], [1], [1, -1, 1], [1, 1, 1], [1, 0, -1], [1, -1, 1], [1, -1], [1, 2, 1], [1, 0, -1], [1, 0, -1], [1, 0, -1], [1, 0, -1], [1, -1, 1], [1, -1, 1], [1, 0, -1], [1, 0, -1], [1, 1, 1], [1, 0, -1], [1, 0, -1], [1, -1, 1], [1, 0, -1], [1, 2, 1], [1, 0, -1], [1, 0, -1], [1, -2, 1], [1, 0, -1], [1, 0, -1], [1, 0, -1], [1, 0, -1]]",1
2.1900.6t3.b,1900,"[2, 5, 19]","[2, 3, 5, 19, 79]",False,1,"[[[1], [-2], [1]], [[1], [2], [1]], [[1], [0], [-1]], [[1], [0], [-1]], [[1], [1], [1]], [[1], [-1], [1]], [[1]], [[1], [-1]]]",null,1
2.1901.3t2.a,1901,[1901],[1901],True,1,"[[[1], [-2], [1]], [[1], [0], [-1]], [[1], [1], [1]], [[1], [-1]]]",null,1
2.1908.6t3.a,1908,"[2, 3, 53]","[2, 3, 7, 53]",False,1,"[[[1], [-2], [1]], [[1], [2], [1]], [[1], [0], [-1]], [[1], [0], [-1]], [[1], [1], [1]], [[1], [-1], [1]], [[1], [-1]], [[1]], [[1], [1]]]",null,1
2.1908.6t3.b,1908,"[2, 3, 53]","[2, 3, 5, 53]",False,1,"[[[1], [-2], [1]], [[1], [2], [1]], [[1], [0], [-1]], [[1], [0], [-1]], [[1], [1], [1]], [[1], [-1], [1]], [[1], [1]], [[1]]]","[[1, 1], [1], [1, 0, -1], [1, 0, -1], [1, 0, -1], [1, 1, 1], [1, -1, 1], [1, 1, 1], [1, -1, 1], [1, -1, 1], [1, -2, 1], [1, 1, 1], [1, 0, -1], [1, 0, -1], [1, 0, -1], [1, 1], [1, 0, -1], [1, 0, -1], [1, -2, 1], [1, -1, 1], [1, 0, -1], [1, 1, 1], [1, -1, 1], [1, 2, 1], [1, 1, 1], [1, 0, -1], [1, 1, 1], [1, 0, -1], [1, 0, -1], [1, -1, 1]]",1
2.1908.6t3.c,1908,"[2, 3, 53]","[2, 3, 53, 2297]",False,1,"[[[1], [-2], [1]], [[1], [2], [1]], [[1], [0], [-1]], [[1], [0], [-1]], [[1], [1], [1]], [[1], [-1], [1]], [[1], [1]], [[1]]]",null,1
2.1908.6t3.d,1908,"[2, 3, 53]","[2, 3, 5, 53]",False,1,"[[[1], [-2], [1]], [[1], [2], [1]], [[1], [0], [-1]], [[1], [0], [-1]], [[1], [1], [1]], [[1], [-1], [1]], [[1], [-1]], [[1]], [[1], [1]]]","[[1, -1], [1], [1, 0, -1], [1, 0, -1], [1, 0, -1], [1, 1, 1], [1, -1, 1], [1, -1, 1], [1, 1, 1], [1, -1, 1], [1, 2, 1], [1, 1, 1], [1, 0, -1], [1, 0, -1], [1, 0, -1], [1, 1], [1, 0, -1], [1, 0, -1], [1, 2, 1], [1, 1, 1], [1, 0, -1], [1, -1, 1], [1, 1, 1], [1, 2, 1], [1, 1, 1], [1, 0, -1], [1, -1, 1], [1, 0, -1], [1, 0, -1], [1, -1, 1]]",1
2.1911.4t3.a,1911,"[3, 7, 13]","[3, 7, 13]",False,1,"[[[1], [-2], [1]], [[1], [2], [1]], [[1], [0], [-1]], [[1], [0], [-1]], [[1], [0], [1]], [[1], [-1]], [[1]]]",null,1
2.1911.4t3.b,1911,"[3, 7, 13]","[3, 7, 13]",False,1,"[[[1], [-2], [1]], [[1], [2], [1]], [[1], [0], [-1]], [[1], [0], [-1]], [[1], [0], [1]], [[1], [-1]], [[1]]]","[[1, 0, 1], [1, -1], [1, 0, 1], [1], [1, 0, 1], [1, -1], [1, 0, -1], [1, 0, -1], [1, 0, -1], [1, 0, -1], [1, 0, -1], [1, 0, -1], [1, 0, 1], [1, -2, 1], [1, 0, 1], [1, 0, -1], [1, 0, 1], [1, -2, 1], [1, 0, -1], [1, 0, 1], [1, 0, -1], [1, 2, 1], [1, 0, 1], [1, 0, 1], [1, 0, -1], [1, 0, -1], [1, 2, 1], [1, 0, -1], [1, 0, -1], [1, 0, -1]]",1
2.1911.4t3.c,1911,"[3, 7, 13]","[3, 7, 13, 31]",False,1,"[[[1], [-2], [1]], [[1], [2], [1]], [[1], [0], [-1]], [[1], [0], [-1]], [[1], [0], [1]], [[1], [-1]], [[1]]]",null,1
2.1912.4t3.a,1912,"[2, 239]","[2, 3, 239]",False,1,"[[[1], [-2], [1]], [[1], [2], [1]], [[1], [0], [-1]], [[1], [0], [-1]], [[1], [0], [1]], [[1], [-1]]]","[[1, -1], [1, 0, -1], [1, 0, -1], [1, 0, -1], [1, 0, -1], [1, 0, 1], [1, 2, 1], [1, 0, 1], [1, 0, -1], [1, 0, -1], [1, 2, 1], [1, 0, 1], [1, 0, -1], [1, 0, 1], [1, 0, -1], [1, 0, 1], [1, 0, 1], [1, 0, -1], [1, 0, -1], [1, 2, 1], [1, 0, -1], [1, 0, -1], [1, 0, -1], [1, 0, -1], [1, 0, -1], [1, 0, -1], [1, 0, -1], [1, 0, 1], [1, 0, -1], [1, 2, 1]]",1
2.1912.4t3.b,1912,"[2, 239]","[2, 3, 5, 7, 29, 239]",False,1,"[[[1], [-2], [1]], [[1], [2], [1]], [[1], [0], [-1]], [[1], [0], [-1]], [[1], [0], [1]], [[1], [-1]]]",null,1
2.1912.4t3.c,1912,"[2, 239]","[2, 3, 239]",False,1,"[[[1], [-2], [1]], [[1], [2], [1]], [[1], [0], [-1]], [[1], [0], [-1]], [[1], [0], [1]], [[1], [-1]]]",null,1
2.1915.3t2.a,1915,"[5, 383]","[2, 5, 383]",False,1,"[[[1], [-2], [1]], [[1], [0], [-1]], [[1], [1], [1]], [[1], [-1]]]","[[1, 0, -1], [1, 0, -1], [1, -1], [1, 0, -1], [1, 0, -1], [1, 1, 1], [1, 0, -1], [1, 1, 1], [1, 0, -1], [1, 1, 1], [1, 1, 1], [1, 1, 1], [1, 0, -1], [1, 0, -1], [1, 1, 1], [1, 1, 1], [1, 0, -1], [1, 0, -1], [1, 0, -1], [1, 1, 1], [1, 0, -1], [1, 0, -1], [1, 1, 1], [1, 0, -1], [1, -2, 1], [1, 1, 1], [1, 0, -1], [1, -2, 1], [1, 0, -1], [1, 0, -1]]",1
2.1915.6t3.a,1915,"[5, 383]","[2, 5, 383, 509]",False,1,"[[[1], [-2], [1]], [[1], [2], [1]], [[1], [0], [-1]], [[1], [0], [-1]], [[1], [1], [1]], [[1], [-1], [1]], [[1], [1]]]",null,1
2.1915.6t3.b,1915,"[5, 383]","[2, 3, 5, 383]",False,1,"[[[1], [-2], [1]], [[1], [2], [1]], [[1], [0], [-1]], [[1], [0], [-1]], [[1], [1], [1]], [[1], [-1], [1]], [[1], [1]]]","[[1, 0, -1], [1, 0, -1], [1, 1], [1, 0, -1], [1, 0, -1], [1, -1, 1], [1, 0, -1], [1, 1, 1], [1, 0, -1], [1, 1, 1], [1, 1, 1], [1, -1, 1], [1, 0, -1], [1, 0, -1], [1, -1, 1], [1, -1, 1], [1, 0, -1], [1, 0, -1], [1, 0, -1], [1, 1, 1], [1, 0, -1], [1, 0, -1], [1, -1, 1], [1, 0, -1], [1, 2, 1], [1, 1, 1], [1, 0, -1], [1, 2, 1], [1, 0, -1], [1, 0, -1]]",1
2.1919.4t3.a,1919,"[19, 101]","[2, 19, 101]",False,1,"[[[1], [-2], [1]], [[1], [2], [1]], [[1], [0], [-1]], [[1], [0], [-1]], [[1], [0], [1]], [[1], [1]]]",null,1
2.1919.4t3.b,1919,"[19, 101]","[19, 101]",False,1,"[[[1], [-2], [1]], [[1], [2], [1]], [[1], [0], [-1]], [[1], [0], [-1]], [[1], [0], [1]], [[1], [1]]]","[[1, 0, 1], [1, 0, 1], [1, 2, 1], [1, 0, -1], [1, 0, -1], [1, 0, -1], [1, -2, 1], [1, 1], [1, 2, 1], [1, 0, 1], [1, 0, -1], [1, 0, -1], [1, 0, 1], [1, -2, 1], [1, -2, 1], [1, 0, 1], [1, 0, 1], [1, 0, -1], [1, 0, 1], [1, 0, -1], [1, 0, -1], [1, 0, -1], [1, 0, -1], [1, 0, 1], [1, 0, -1], [1, 1], [1, 0, 1], [1, 0, -1], [1, 0, 1], [1, 0, 1]]",1
2.1919.4t3.c,1919,"[19, 101]","[2, 5, 17, 19, 101]",False,1,"[[[1], [-2], [1]], [[1], [2], [1]], [[1], [0], [-1]], [[1], [0], [-1]], [[1], [0], [1]], [[1], [1]]]",null,1
2.1920.4t3.a,1920,"[2, 3, 5]","[2, 3, 5, 7]",False,1,"[[[1], [-2], [1]], [[1], [2], [1]], [[1], [0], [-1]], [[1], [0], [-1]], [[1], [0], [1]], [[1]], [[1], [-1]], [[1], [1]]]",null,1
2.1920.4t3.b,1920,"[2, 3, 5]","[2, 3, 5, 7, 4201]",False,1,"[[[1], [-2], [1]], [[1], [2], [1]], [[1], [0], [-1]], [[1], [0], [-1]], [[1], [0], [1]], [[1]], [[1], [1]]]",null,1
2.1920.4t3.c,1920,"[2, 3, 5]","[2, 3, 5, 19, 23, 67]",False,1,"[[[1], [-2], [1]], [[1], [2], [1]], [[1], [0], [-1]], [[1], [0], [-1]], [[1], [0], [1]], [[1]], [[1], [1]], [[1], [-1]]]",null,1
2.1920.4t3.d,1920,"[2, 3, 5]","[2, 3, 5, 7, 1009]",False,1,"[[[1], [-2], [1]], [[1], [2], [1]], [[1], [0], [-1]], [[1], [0], [-1]], [[1], [0], [1]], [[1]], [[1], [-1]]]",null,1
2.1920.4t3.e,1920,"[2, 3, 5]","[2, 3, 5]",False,1,"[[[1], [-2], [1]], [[1], [2], [1]], [[1], [0], [-1]], [[1], [0], [-1]], [[1], [0], [1]], [[1]], [[1], [1]], [[1], [-1]]]",null,1
2.1920.4t3.f,1920,"[2, 3, 5]","[2, 3, 5]",False,1,"[[[1], [-2], [1]], [[1], [2], [1]], [[1], [0], [-1]], [[1], [0], [-1]], [[1], [0], [1]], [[1]], [[1], [-1]]]",null,1
2.1920.4t3.g,1920,"[2, 3, 5]","[2, 3, 5]",False,1,"[[[1], [-2], [1]], [[1], [2], [1]], [[1], [0], [-1]], [[1], [0], [-1]], [[1], [0], [1]], [[1]], [[1], [-1]], [[1], [1]]]",null,1
2.1920.4t3.h,1920,"[2, 3, 5]","[2, 3, 5]",False,1,"[[[1], [-2], [1]], [[1], [2], [1]], [[1], [0], [-1]], [[1], [0], [-1]], [[1], [0], [1]], [[1]], [[1], [1]]]",null,1
2.1920.4t3.i,1920,"[2, 3, 5]","[2, 3, 5]",False,1,"[[[1], [-2], [1]], [[1], [2], [1]], [[1], [0], [-1]], [[1], [0], [-1]], [[1], [0], [1]], [[1]], [[1], [1]], [[1], [-1]]]","[[1], [1, 1], [1, -1], [1, 0, -1], [1, 0, 1], [1, 0, 1], [1, 0, 1], [1, 0, -1], [1, -2, 1], [1, 2, 1], [1, 0, 1], [1, 0, 1], [1, 0, -1], [1, -2, 1], [1, 2, 1], [1, 0, -1], [1, 0, 1], [1, 0, -1], [1, -2, 1], [1, 0, -1], [1, 0, -1], [1, 0, 1], [1, 0, -1], [1, 0, -1], [1, 0, -1], [1, -2, 1], [1, 0, -1], [1, 0, -1], [1, 0, -1], [1, 0, 1]]",1
2.1920.4t3.j,1920,"[2, 3, 5]","[2, 3, 5]",False,1,"[[[1], [-2], [1]], [[1], [2], [1]], [[1], [0], [-1]], [[1], [0], [-1]], [[1], [0], [1]], [[1]], [[1], [-1]]]","[[1], [1, -1], [1, -1], [1, 0, -1], [1, 0, 1], [1, 0, 1], [1, 0, 1], [1, 0, -1], [1, 2, 1], [1, 2, 1], [1, 0, 1], [1, 0, 1], [1, 0, -1], [1, 2, 1], [1, -2, 1], [1, 0, -1], [1, 0, 1], [1, 0, -1], [1, 2, 1], [1, 0, -1], [1, 0, -1], [1, 0, 1], [1, 0, -1], [1, 0, -1], [1, 0, -1], [1, -2, 1], [1, 0, -1], [1, 0, -1], [1, 0, -1], [1, 0, 1]]",1
2.1920.4t3.k,1920,"[2, 3, 5]","[2, 3, 5]",False,1,"[[[1], [-2], [1]], [[1], [2], [1]], [[1], [0], [-1]], [[1], [0], [-1]], [[1], [0], [1]], [[1]], [[1], [-1]], [[1], [1]]]","[[1], [1, -1], [1, 1], [1, 0, -1], [1, 0, 1], [1, 0, 1], [1, 0, 1], [1, 0, -1], [1, -2, 1], [1, -2, 1], [1, 0, 1], [1, 0, 1], [1, 0, -1], [1, 2, 1], [1, 2, 1], [1, 0, -1], [1, 0, 1], [1, 0, -1], [1, 2, 1], [1, 0, -1], [1, 0, -1], [1, 0, 1], [1, 0, -1], [1, 0, -1], [1, 0, -1], [1, 2, 1], [1, 0, -1], [1, 0, -1], [1, 0, -1], [1, 0, 1]]",1
2.1920.4t3.l,1920,"[2, 3, 5]","[2, 3, 5]",False,1,"[[[1], [-2], [1]], [[1], [2], [1]], [[1], [0], [-1]], [[1], [0], [-1]], [[1], [0], [1]], [[1]], [[1], [1]]]","[[1], [1, 1], [1, 1], [1, 0, -1], [1, 0, 1], [1, 0, 1], [1, 0, 1], [1, 0, -1], [1, 2, 1], [1, -2, 1], [1, 0, 1], [1, 0, 1], [1, 0, -1], [1, -2, 1], [1, -2, 1], [1, 0, -1], [1, 0, 1], [1, 0, -1], [1, -2, 1], [1, 0, -1], [1, 0, -1], [1, 0, 1], [1, 0, -1], [1, 0, -1], [1, 0, -1], [1, 2, 1], [1, 0, -1], [1, 0, -1], [1, 0, -1], [1, 0, 1]]",1
2.1924.4t3.a,1924,"[2, 13, 37]","[2, 5, 13, 37]",False,1,"[[[1], [-2], [1]], [[1], [2], [1]], [[1], [0], [-1]], [[1], [0], [-1]], [[1], [0], [1]], [[1], [1]]]",null,1
2.1924.4t3.b,1924,"[2, 13, 37]","[2, 13, 37]",False,1,"[[[1], [-2], [1]], [[1], [2], [1]], [[1], [0], [-1]], [[1], [0], [-1]], [[1], [0], [1]], [[1], [-1]]]",null,1
2.1924.4t3.c,1924,"[2, 13, 37]","[2, 3, 5, 13, 37, 1289]",False,1,"[[[1], [-2], [1]], [[1], [2], [1]], [[1], [0], [-1]], [[1], [0], [-1]], [[1], [0], [1]], [[1], [1]]]",null,1
2.1924.4t3.d,1924,"[2, 13, 37]","[2, 3, 5, 13, 37, 66949]",False,1,"[[[1], [-2], [1]], [[1], [2], [1]], [[1], [0], [-1]], [[1], [0], [-1]], [[1], [0], [1]], [[1], [-1]]]",null,1
2.1924.4t3.e,1924,"[2, 13, 37]","[2, 5, 13, 37]",False,1,"[[[1], [-2], [1]], [[1], [2], [1]], [[1], [0], [-1]], [[1], [0], [-1]], [[1], [0], [1]], [[1], [1]]]","[[1, 1], [1, 0, -1], [1, -2, 1], [1, 0, 1], [1, 0, 1], [1, 1], [1, 0, -1], [1, 0, -1], [1, 0, 1], [1, 0, -1], [1, 0, -1], [1, 1], [1, 0, -1], [1, 0, 1], [1, 0, 1], [1, 2, 1], [1, 0, -1], [1, 0, -1], [1, 0, 1], [1, 0, 1], [1, 0, -1], [1, 0, 1], [1, 0, 1], [1, 2, 1], [1, -2, 1], [1, 2, 1], [1, 0, 1], [1, 0, -1], [1, -2, 1], [1, 0, -1]]",1
2.1924.4t3.f,1924,"[2, 13, 37]","[2, 3, 13, 37]",False,1,"[[[1], [-2], [1]], [[1], [2], [1]], [[1], [0], [-1]], [[1], [0], [-1]], [[1], [0], [1]], [[1], [-1]]]","[[1, -1], [1, 0, -1], [1, 2, 1], [1, 0, 1], [1, 0, 1], [1, -1], [1, 0, -1], [1, 0, -1], [1, 0, 1], [1, 0, -1], [1, 0, -1], [1, -1], [1, 0, -1], [1, 0, 1], [1, 0, 1], [1, 2, 1], [1, 0, -1], [1, 0, -1], [1, 0, 1], [1, 0, 1], [1, 0, -1], [1, 0, 1], [1, 0, 1], [1, -2, 1], [1, 2, 1], [1, 2, 1], [1, 0, 1], [1, 0, -1], [1, 2, 1], [1, 0, -1]]",1
2.1927.3t2.a,1927,"[41, 47]","[41, 47]",False,1,"[[[1], [-2], [1]], [[1], [0], [-1]], [[1], [1], [1]], [[1], [-1]]]","[[1, 1, 1], [1, 0, -1], [1, 0, -1], [1, 0, -1], [1, 1, 1], [1, -2, 1], [1, 0, -1], [1, 1, 1], [1, 0, -1], [1, 1, 1], [1, 0, -1], [1, 1, 1], [1, -1], [1, 0, -1], [1, -1], [1, 0, -1], [1, 1, 1], [1, -2, 1], [1, 1, 1], [1, 0, -1], [1, 0, -1], [1, 0, -1], [1, -2, 1], [1, 0, -1], [1, 0, -1], [1, 0, -1], [1, -2, 1], [1, 0, -1], [1, 1, 1], [1, 0, -1]]",1
2.1927.6t3.a,1927,"[41, 47]","[3, 41, 47]",False,1,"[[[1], [-2], [1]], [[1], [2], [1]], [[1], [0], [-1]], [[1], [0], [-1]], [[1], [1], [1]], [[1], [-1], [1]], [[1], [1]]]",null,1
2.1927.6t3.b,1927,"[41, 47]","[2, 3, 13, 41, 47]",False,1,"[[[1], [-2], [1]], [[1], [2], [1]], [[1], [0], [-1]], [[1], [0], [-1]], [[1], [1], [1]], [[1], [-1], [1]], [[1], [1]]]","[[1, 1, 1], [1, 0, -1], [1, 0, -1], [1, 0, -1], [1, -1, 1], [1, 2, 1], [1, 0, -1], [1, -1, 1], [1, 0, -1], [1, -1, 1], [1, 0, -1], [1, 1, 1], [1, 1], [1, 0, -1], [1, 1], [1, 0, -1], [1, 1, 1], [1, -2, 1], [1, -1, 1], [1, 0, -1], [1, 0, -1], [1, 0, -1], [1, -2, 1], [1, 0, -1], [1, 0, -1], [1, 0, -1], [1, -2, 1], [1, 0, -1], [1, -1, 1], [1, 0, -1]]",1
2.1928.4t3.a,1928,"[2, 241]","[2, 3, 241]",False,1,"[[[1], [-2], [1]], [[1], [2], [1]], [[1], [0], [-1]], [[1], [0], [-1]], [[1], [0], [1]], [[1], [1]]]",null,1
2.1928.4t3.b,1928,"[2, 241]","[2, 3, 7, 241, 4793]",True,1,"[[[1], [-2], [1]], [[1], [2], [1]], [[1], [0], [-1]], [[1], [0], [-1]], [[1], [0], [1]], [[1], [-1]], [[1], [1]]]",null,1
2.1928.4t3.c,1928,"[2, 241]","[2, 3, 5, 97, 241]",False,1,"[[[1], [-2], [1]], [[1], [2], [1]], [[1], [0], [-1]], [[1], [0], [-1]], [[1], [0], [1]], [[1], [1]]]",null,1
2.1928.4t3.d,1928,"[2, 241]","[2, 5, 241]",False,1,"[[[1], [-2], [1]], [[1], [2], [1]], [[1], [0], [-1]], [[1], [0], [-1]], [[1], [0], [1]], [[1], [1]]]","[[1, 1], [1, 2, 1], [1, 0, -1], [1, 0, 1], [1, 0, -1], [1, 0, 1], [1, 0, -1], [1, 0, -1], [1, 0, 1], [1, 0, -1], [1, 0, 1], [1, 0, 1], [1, 2, 1], [1, 0, -1], [1, 0, -1], [1, 0, -1], [1, -2, 1], [1, 0, -1], [1, -2, 1], [1, 0, 1], [1, 0, -1], [1, 0, -1], [1, -2, 1], [1, 0, -1], [1, -2, 1], [1, 0, 1], [1, 0, 1], [1, 2, 1], [1, 0, 1], [1, -2, 1]]",1
2.1928.4t3.e,1928,"[2, 241]","[2, 3, 241]",True,1,"[[[1], [-2], [1]], [[1], [2], [1]], [[1], [0], [-1]], [[1], [0], [-1]], [[1], [0], [1]], [[1], [-1]], [[1], [1]]]",null,1
2.1928.4t3.f,1928,"[2, 241]","[2, 5, 241]",True,1,"[[[1], [-2], [1]], [[1], [2], [1]], [[1], [0], [-1]], [[1], [0], [-1]], [[1], [0], [1]], [[1], [-1]], [[1], [1]]]",null,1
2.1929.3t2.a,1929,"[3, 643]","[3, 643]",True,1,"[[[1], [-2], [1]], [[1], [0], [-1]], [[1], [1], [1]], [[1], [-1]]]",null,1
2.1929.6t3.a,1929,"[3, 643]","[3, 7, 643]",True,1,"[[[1], [-2], [1]], [[1], [2], [1]], [[1], [0], [-1]], [[1], [0], [-1]], [[1], [1], [1]], [[1], [-1], [1]], [[1], [1]], [[1], [-1]]]",null,1
2.1929.6t3.b,1929,"[3, 643]","[2, 3, 643]",True,1,"[[[1], [-2], [1]], [[1], [2], [1]], [[1], [0], [-1]], [[1], [0], [-1]], [[1], [1], [1]], [[1], [-1], [1]], [[1], [1]], [[1], [-1]]]",null,1
2.1931.3t2.a,1931,[1931],[1931],False,1,"[[[1], [-2], [1]], [[1], [0], [-1]], [[1], [1], [1]], [[1], [-1]]]","[[1, 0, -1], [1, -2, 1], [1, 1, 1], [1, 1, 1], [1, 1, 1], [1, 0, -1], [1, 0, -1], [1, -2, 1], [1, 1, 1], [1, 0, -1], [1, 0, -1], [1, 1, 1], [1, 1, 1], [1, 1, 1], [1, 0, -1], [1, 0, -1], [1, 1, 1], [1, 0, -1], [1, 0, -1], [1, -2, 1], [1, 0, -1], [1, 1, 1], [1, 1, 1], [1, 0, -1], [1, 1, 1], [1, 0, -1], [1, 1, 1], [1, 1, 1], [1, 1, 1], [1, 0, -1]]",1
2.1932.3t2.a,1932,"[2, 3, 7, 23]","[2, 3, 7, 23]",False,1,"[[[1], [-2], [1]], [[1], [0], [-1]], [[1], [1], [1]], [[1]], [[1], [-1]]]","[[1], [1, -1], [1, 0, -1], [1, -1], [1, 1, 1], [1, 0, -1], [1, 0, -1], [1, 1, 1], [1, -1], [1, 0, -1], [1, 0, -1], [1, 0, -1], [1, 1, 1], [1, 0, -1], [1, 1, 1], [1, 1, 1], [1, 1, 1], [1, 1, 1], [1, 0, -1], [1, 0, -1], [1, 0, -1], [1, 0, -1], [1, 0, -1], [1, 0, -1], [1, -2, 1], [1, 1, 1], [1, 1, 1], [1, -2, 1], [1, 0, -1], [1, -2, 1]]",1
2.1932.6t3.a,1932,"[2, 3, 7, 23]","[2, 3, 5, 7, 23, 97]",False,1,"[[[1], [-2], [1]], [[1], [2], [1]], [[1], [0], [-1]], [[1], [0], [-1]], [[1], [1], [1]], [[1], [-1], [1]], [[1]], [[1], [1]], [[1], [-1]]]","[[1], [1, 1], [1, 0, -1], [1, -1], [1, -1, 1], [1, 0, -1], [1, 0, -1], [1, 1, 1], [1, 1], [1, 0, -1], [1, 0, -1], [1, 0, -1], [1, -1, 1], [1, 0, -1], [1, -1, 1], [1, -1, 1], [1, -1, 1], [1, 1, 1], [1, 0, -1], [1, 0, -1], [1, 0, -1], [1, 0, -1], [1, 0, -1], [1, 0, -1], [1, -2, 1], [1, -1, 1], [1, 1, 1], [1, 2, 1], [1, 0, -1], [1, 2, 1]]",1
2.1932.6t3.b,1932,"[2, 3, 7, 23]","[2, 3, 7, 23]",False,1,"[[[1], [-2], [1]], [[1], [2], [1]], [[1], [0], [-1]], [[1], [0], [-1]], [[1], [1], [1]], [[1], [-1], [1]], [[1]], [[1], [-1]], [[1], [1]]]",null,1
2.1932.6t3.c,1932,"[2, 3, 7, 23]","[2, 3, 5, 7, 23]",False,1,"[[[1], [-2], [1]], [[1], [2], [1]], [[1], [0], [-1]], [[1], [0], [-1]], [[1], [1], [1]], [[1], [-1], [1]], [[1]], [[1], [-1]], [[1], [1]]]","[[1], [1, -1], [1, 0, -1], [1, 1], [1, -1, 1], [1, 0, -1], [1, 0, -1], [1, -1, 1], [1, 1], [1, 0, -1], [1, 0, -1], [1, 0, -1], [1, 1, 1], [1, 0, -1], [1, 1, 1], [1, -1, 1], [1, 1, 1], [1, -1, 1], [1, 0, -1], [1, 0, -1], [1, 0, -1], [1, 0, -1], [1, 0, -1], [1, 0, -1], [1, 2, 1], [1, 1, 1], [1, -1, 1], [1, 2, 1], [1, 0, -1], [1, 2, 1]]",1
2.1932.6t3.d,1932,"[2, 3, 7, 23]","[2, 3, 7, 23]",False,1,"[[[1], [-2], [1]], [[1], [2], [1]], [[1], [0], [-1]], [[1], [0], [-1]], [[1], [1], [1]], [[1], [-1], [1]], [[1]], [[1], [1]], [[1], [-1]]]",null,1
2.1932.6t3.e,1932,"[2, 3, 7, 23]","[2, 3, 5, 7, 23]",False,1,"[[[1], [-2], [1]], [[1], [2], [1]], [[1], [0], [-1]], [[1], [0], [-1]], [[1], [1], [1]], [[1], [-1], [1]], [[1]], [[1], [1]], [[1], [-1]]]","[[1], [1, 1], [1, 0, -1], [1, 1], [1, 1, 1], [1, 0, -1], [1, 0, -1], [1, -1, 1], [1, -1], [1, 0, -1], [1, 0, -1], [1, 0, -1], [1, -1, 1], [1, 0, -1], [1, -1, 1], [1, 1, 1], [1, -1, 1], [1, -1, 1], [1, 0, -1], [1, 0, -1], [1, 0, -1], [1, 0, -1], [1, 0, -1], [1, 0, -1], [1, 2, 1], [1, -1, 1], [1, -1, 1], [1, -2, 1], [1, 0, -1], [1, -2, 1]]",1
2.1932.6t3.f,1932,"[2, 3, 7, 23]","[2, 3, 7, 23, 67]",False,1,"[[[1], [-2], [1]], [[1], [2], [1]], [[1], [0], [-1]], [[1], [0], [-1]], [[1], [1], [1]], [[1], [-1], [1]], [[1]], [[1], [1]], [[1], [-1]]]",null,1
2.1936.4t3.a,1936,"[2, 11]","[2, 11]",False,1,"[[[1], [-2], [1]], [[1], [2], [1]], [[1], [0], [-1]], [[1], [0], [-1]], [[1], [0], [1]], [[1]]]","[[1], [1, 0, -1], [1, 2, 1], [1, 0, -1], [1], [1, 0, 1], [1, 0, 1], [1, 0, -1], [1, 0, -1], [1, 0, 1], [1, 0, -1], [1, -2, 1], [1, 0, 1], [1, 0, -1], [1, 0, -1], [1, -2, 1], [1, 0, -1], [1, 0, 1], [1, 0, -1], [1, 0, -1], [1, 0, 1], [1, 0, -1], [1, 0, -1], [1, -2, 1], [1, 2, 1], [1, 0, 1], [1, 0, -1], [1, 0, -1], [1, 0, 1], [1, 2, 1]]",1
2.1936.4t3.b,1936,"[2, 11]","[2, 3, 11]",False,1,"[[[1], [-2], [1]], [[1], [2], [1]], [[1], [0], [-1]], [[1], [0], [-1]], [[1], [0], [1]], [[1]]]",null,1
2.1936.4t3.c,1936,"[2, 11]","[2, 3, 5, 11, 43]",False,1,"[[[1], [-2], [1]], [[1], [2], [1]], [[1], [0], [-1]], [[1], [0], [-1]], [[1], [0], [1]], [[1]]]",null,1
2.1937.3t2.a,1937,"[13, 149]","[13, 149]",True,1,"[[[1], [-2], [1]], [[1], [0], [-1]], [[1], [1], [1]], [[1], [-1]]]",null,1
2.1937.6t3.a,1937,"[13, 149]","[3, 5, 13, 149]",True,1,"[[[1], [-2], [1]], [[1], [2], [1]], [[1], [0], [-1]], [[1], [0], [-1]], [[1], [1], [1]], [[1], [-1], [1]], [[1], [1]]]",null,1
2.1937.6t3.b,1937,"[13, 149]","[2, 13, 149]",True,1,"[[[1], [-2], [1]], [[1], [2], [1]], [[1], [0], [-1]], [[1], [0], [-1]], [[1], [1], [1]], [[1], [-1], [1]], [[1], [1]]]",null,1
2.1939.4t3.a,1939,"[7, 277]","[2, 3, 7, 13, 157, 277]",False,1,"[[[1], [-2], [1]], [[1], [2], [1]], [[1], [0], [-1]], [[1], [0], [-1]], [[1], [0], [1]], [[1], [-1]]]",null,1
2.1939.4t3.b,1939,"[7, 277]","[2, 3, 7, 277]",False,1,"[[[1], [-2], [1]], [[1], [2], [1]], [[1], [0], [-1]], [[1], [0], [-1]], [[1], [0], [1]], [[1], [-1]]]",null,1
2.1939.4t3.c,1939,"[7, 277]","[3, 7, 277]",False,1,"[[[1], [-2], [1]], [[1], [2], [1]], [[1], [0], [-1]], [[1], [0], [-1]], [[1], [0], [1]], [[1], [-1]]]","[[1, 0, -1], [1, 0, -1], [1, 0, 1], [1, -1], [1, 0, -1], [1, 0, -1], [1, 0, 1], [1, 0, -1], [1, 2, 1], [1, 2, 1], [1, 0, 1], [1, 0, -1], [1, 0, -1], [1, 0, -1], [1, 0, -1], [1, 0, -1], [1, 0, -1], [1, 0, 1], [1, 2, 1], [1, -2, 1], [1, 0, 1], [1, 2, 1], [1, 0, -1], [1, 0, -1], [1, 0, 1], [1, 0, 1], [1, 0, 1], [1, 0, -1], [1, 0, -1], [1, -2, 1]]",1
2.1940.3t2.a,1940,"[2, 5, 97]","[2, 5, 97]",True,1,"[[[1], [-2], [1]], [[1], [0], [-1]], [[1], [1], [1]], [[1]], [[1], [-1]]]",null,1
2.1940.6t3.a,1940,"[2, 5, 97]","[2, 3, 5, 19, 97]",True,1,"[[[1], [-2], [1]], [[1], [2], [1]], [[1], [0], [-1]], [[1], [0], [-1]], [[1], [1], [1]], [[1], [-1], [1]], [[1]], [[1], [1]]]",null,1
2.1940.6t3.b,1940,"[2, 5, 97]","[2, 3, 5, 97]",True,1,"[[[1], [-2], [1]], [[1], [2], [1]], [[1], [0], [-1]], [[1], [0], [-1]], [[1], [1], [1]], [[1], [-1], [1]], [[1]], [[1], [1]]]",null,1
2.1943.4t3.a,1943,"[29, 67]","[29, 67]",False,1,"[[[1], [-2], [1]], [[1], [2], [1]], [[1], [0], [-1]], [[1], [0], [-1]], [[1], [0], [1]], [[1], [-1]]]","[[1, 0, 1], [1, 0, 1], [1, 0, -1], [1, 0, -1], [1, 0, 1], [1, 0, -1], [1, 0, -1], [1, 0, -1], [1, -2, 1], [1, -1], [1, 0, 1], [1, 0, -1], [1, 0, 1], [1, 0, 1], [1, 0, -1], [1, 0, -1], [1, 2, 1], [1, 0, 1], [1, -1], [1, -2, 1], [1, 0, -1], [1, 0, 1], [1, 2, 1], [1, 0, -1], [1, 0, 1], [1, 0, 1], [1, -2, 1], [1, -2, 1], [1, 0, -1], [1, 0, 1]]",1
2.1943.4t3.b,1943,"[29, 67]","[2, 29, 67]",False,1,"[[[1], [-2], [1]], [[1], [2], [1]], [[1], [0], [-1]], [[1], [0], [-1]], [[1], [0], [1]], [[1], [-1]]]",null,1
2.1943.4t3.c,1943,"[29, 67]","[2, 5, 7, 23, 29, 67, 103, 157, 4297]",False,1,"[[[1], [-2], [1]], [[1], [2], [1]], [[1], [0], [-1]], [[1], [0], [-1]], [[1], [0], [1]], [[1], [-1]]]",null,1
2.1944.3t2.a,1944,"[2, 3]","[2, 3]",True,1,"[[[1], [-2], [1]], [[1], [0], [-1]], [[1], [1], [1]], [[1], [-1]], [[1]]]",null,1
2.1944.3t2.b,1944,"[2, 3]","[2, 3, 11]",True,1,"[[[1], [-2], [1]], [[1], [0], [-1]], [[1], [1], [1]], [[1], [-1]], [[1]]]",null,1
2.1944.6t3.a,1944,"[2, 3]","[2, 3]",True,1,"[[[1], [-2], [1]], [[1], [2], [1]], [[1], [0], [-1]], [[1], [0], [-1]], [[1], [1], [1]], [[1], [-1], [1]], [[1], [1]], [[1]]]",null,1
2.1944.6t3.b,1944,"[2, 3]","[2, 3]",True,1,"[[[1], [-2], [1]], [[1], [2], [1]], [[1], [0], [-1]], [[1], [0], [-1]], [[1], [1], [1]], [[1], [-1], [1]], [[1], [1]], [[1]]]",null,1
2.1945.4t3.a,1945,"[5, 389]","[2, 5, 7, 11, 389]",True,1,"[[[1], [-2], [1]], [[1], [2], [1]], [[1], [0], [-1]], [[1], [0], [-1]], [[1], [0], [1]], [[1], [1]], [[1], [-1]]]",null,1
2.1945.4t3.b,1945,"[5, 389]","[5, 389]",True,1,"[[[1], [-2], [1]], [[1], [2], [1]], [[1], [0], [-1]], [[1], [0], [-1]], [[1], [0], [1]], [[1], [1]], [[1], [-1]]]",null,1
2.1945.4t3.c,1945,"[5, 389]","[5, 7, 389]",True,1,"[[[1], [-2], [1]], [[1], [2], [1]], [[1], [0], [-1]], [[1], [0], [-1]], [[1], [0], [1]], [[1], [1]], [[1], [-1]]]",null,1
2.1947.4t3.a,1947,"[3, 11, 59]","[2, 3, 11, 59]",False,1,"[[[1], [-2], [1]], [[1], [2], [1]], [[1], [0], [-1]], [[1], [0], [-1]], [[1], [0], [1]], [[1], [1]], [[1], [-1]]]","[[1, 0, -1], [1, 1], [1, 0, -1], [1, 0, -1], [1, -1], [1, 0, 1], [1, 0, 1], [1, 0, -1], [1, 2, 1], [1, 0, 1], [1, 0, -1], [1, 0, -1], [1, 0, 1], [1, 0, 1], [1, -2, 1], [1, 0, -1], [1, 1], [1, 0, 1], [1, 0, -1], [1, 0, -1], [1, 0, 1], [1, 0, -1], [1, 0, -1], [1, 2, 1], [1, 0, -1], [1, 0, -1], [1, 0, -1], [1, 0, 1], [1, 0, 1], [1, -2, 1]]",1
2.1947.4t3.b,1947,"[3, 11, 59]","[2, 3, 11, 59]",False,1,"[[[1], [-2], [1]], [[1], [2], [1]], [[1], [0], [-1]], [[1], [0], [-1]], [[1], [0], [1]], [[1], [1]], [[1], [-1]]]","[[1, 0, -1], [1, 1], [1, 0, -1], [1, 0, -1], [1, 1], [1, 0, 1], [1, 0, 1], [1, 0, -1], [1, -2, 1], [1, 0, 1], [1, 0, -1], [1, 0, -1], [1, 0, 1], [1, 0, 1], [1, 2, 1], [1, 0, -1], [1, -1], [1, 0, 1], [1, 0, -1], [1, 0, -1], [1, 0, 1], [1, 0, -1], [1, 0, -1], [1, -2, 1], [1, 0, -1], [1, 0, -1], [1, 0, -1], [1, 0, 1], [1, 0, 1], [1, 2, 1]]",1
2.1947.4t3.c,1947,"[3, 11, 59]","[2, 3, 11, 59]",False,1,"[[[1], [-2], [1]], [[1], [2], [1]], [[1], [0], [-1]], [[1], [0], [-1]], [[1], [0], [1]], [[1], [1]], [[1], [-1]]]",null,1
2.1947.4t3.d,1947,"[3, 11, 59]","[3, 7, 11, 59]",False,1,"[[[1], [-2], [1]], [[1], [2], [1]], [[1], [0], [-1]], [[1], [0], [-1]], [[1], [0], [1]], [[1], [1]], [[1], [-1]]]",null,1
2.1947.4t3.e,1947,"[3, 11, 59]","[2, 3, 5, 7, 11, 59]",False,1,"[[[1], [-2], [1]], [[1], [2], [1]], [[1], [0], [-1]], [[1], [0], [-1]], [[1], [0], [1]], [[1], [1]], [[1], [-1]]]",null,1
2.1947.4t3.f,1947,"[3, 11, 59]","[2, 3, 5, 7, 11, 19, 31, 59]",False,1,"[[[1], [-2], [1]], [[1], [2], [1]], [[1], [0], [-1]], [[1], [0], [-1]], [[1], [0], [1]], [[1], [1]], [[1], [-1]]]",null,1
2.1951.3t2.a,1951,[1951],"[2, 1951]",False,1,"[[[1], [-2], [1]], [[1], [0], [-1]], [[1], [1], [1]], [[1], [-1]]]","[[1, -2, 1], [1, 0, -1], [1, 1, 1], [1, 1, 1], [1, 0, -1], [1, 1, 1], [1, -2, 1], [1, 1, 1], [1, 1, 1], [1, 0, -1], [1, 1, 1], [1, 1, 1], [1, 0, -1], [1, 0, -1], [1, 0, -1], [1, 1, 1], [1, 0, -1], [1, -2, 1], [1, 1, 1], [1, 1, 1], [1, 0, -1], [1, 0, -1], [1, 1, 1], [1, 0, -1], [1, 1, 1], [1, 0, -1], [1, 0, -1], [1, 0, -1], [1, 0, -1], [1, 1, 1]]",1
2.1955.3t2.a,1955,"[5, 17, 23]","[5, 17, 23]",False,1,"[[[1], [-2], [1]], [[1], [0], [-1]], [[1], [1], [1]], [[1], [-1]]]","[[1, 0, -1], [1, 1, 1], [1, -1], [1, 0, -1], [1, 1, 1], [1, 0, -1], [1, -1], [1, 0, -1], [1, -1], [1, 0, -1], [1, 0, -1], [1, 0, -1], [1, 0, -1], [1, 1, 1], [1, 0, -1], [1, 1, 1], [1, 1, 1], [1, 1, 1], [1, -2, 1], [1, 0, -1], [1, -2, 1], [1, 1, 1], [1, 1, 1], [1, 0, -1], [1, 0, -1], [1, 1, 1], [1, 1, 1], [1, 0, -1], [1, -2, 1], [1, 0, -1]]",1
2.1955.6t3.a,1955,"[5, 17, 23]","[2, 5, 13, 17, 23]",False,1,"[[[1], [-2], [1]], [[1], [2], [1]], [[1], [0], [-1]], [[1], [0], [-1]], [[1], [1], [1]], [[1], [-1], [1]], [[1], [1]], [[1], [-1]]]",null,1
2.1955.6t3.b,1955,"[5, 17, 23]","[2, 5, 17, 23]",False,1,"[[[1], [-2], [1]], [[1], [2], [1]], [[1], [0], [-1]], [[1], [0], [-1]], [[1], [1], [1]], [[1], [-1], [1]], [[1], [-1]], [[1], [1]]]","[[1, 0, -1], [1, -1, 1], [1, -1], [1, 0, -1], [1, 1, 1], [1, 0, -1], [1, 1], [1, 0, -1], [1, 1], [1, 0, -1], [1, 0, -1], [1, 0, -1], [1, 0, -1], [1, -1, 1], [1, 0, -1], [1, -1, 1], [1, 1, 1], [1, 1, 1], [1, 2, 1], [1, 0, -1], [1, 2, 1], [1, 1, 1], [1, -1, 1], [1, 0, -1], [1, 0, -1], [1, 1, 1], [1, -1, 1], [1, 0, -1], [1, -2, 1], [1, 0, -1]]",1
2.1955.6t3.c,1955,"[5, 17, 23]","[2, 5, 7, 17, 23]",False,1,"[[[1], [-2], [1]], [[1], [2], [1]], [[1], [0], [-1]], [[1], [0], [-1]], [[1], [1], [1]], [[1], [-1], [1]], [[1], [-1]], [[1], [1]]]",null,1
2.1955.6t3.d,1955,"[5, 17, 23]","[2, 5, 17, 23]",False,1,"[[[1], [-2], [1]], [[1], [2], [1]], [[1], [0], [-1]], [[1], [0], [-1]], [[1], [1], [1]], [[1], [-1], [1]], [[1], [1]], [[1], [-1]]]","[[1, 0, -1], [1, -1, 1], [1, 1], [1, 0, -1], [1, -1, 1], [1, 0, -1], [1, -1], [1, 0, -1], [1, 1], [1, 0, -1], [1, 0, -1], [1, 0, -1], [1, 0, -1], [1, 1, 1], [1, 0, -1], [1, 1, 1], [1, 1, 1], [1, -1, 1], [1, -2, 1], [1, 0, -1], [1, 2, 1], [1, -1, 1], [1, 1, 1], [1, 0, -1], [1, 0, -1], [1, 1, 1], [1, 1, 1], [1, 0, -1], [1, 2, 1], [1, 0, -1]]",1
2.1955.6t3.e,1955,"[5, 17, 23]","[2, 5, 7, 17, 23]",False,1,"[[[1], [-2], [1]], [[1], [2], [1]], [[1], [0], [-1]], [[1], [0], [-1]], [[1], [1], [1]], [[1], [-1], [1]], [[1], [1]], [[1], [-1]]]","[[1, 0, -1], [1, 1, 1], [1, 1], [1, 0, -1], [1, -1, 1], [1, 0, -1], [1, 1], [1, 0, -1], [1, -1], [1, 0, -1], [1, 0, -1], [1, 0, -1], [1, 0, -1], [1, -1, 1], [1, 0, -1], [1, -1, 1], [1, 1, 1], [1, -1, 1], [1, 2, 1], [1, 0, -1], [1, -2, 1], [1, -1, 1], [1, -1, 1], [1, 0, -1], [1, 0, -1], [1, 1, 1], [1, -1, 1], [1, 0, -1], [1, 2, 1], [1, 0, -1]]",1
2.1955.6t3.f,1955,"[5, 17, 23]","[2, 5, 17, 23]",False,1,"[[[1], [-2], [1]], [[1], [2], [1]], [[1], [0], [-1]], [[1], [0], [-1]], [[1], [1], [1]], [[1], [-1], [1]], [[1], [1]], [[1], [-1]]]",null,1
2.1957.3t2.a,1957,"[19, 103]","[19, 103]",True,1,"[[[1], [-2], [1]], [[1], [0], [-1]], [[1], [1], [1]], [[1], [-1]]]",null,1
2.1957.6t3.a,1957,"[19, 103]","[2, 5, 13, 19, 103]",True,1,"[[[1], [-2], [1]], [[1], [2], [1]], [[1], [0], [-1]], [[1], [0], [-1]], [[1], [1], [1]], [[1], [-1], [1]], [[1], [-1]], [[1], [1]]]",null,1
2.1957.6t3.b,1957,"[19, 103]","[2, 13, 19, 47, 103]",True,1,"[[[1], [-2], [1]], [[1], [2], [1]], [[1], [0], [-1]], [[1], [0], [-1]], [[1], [1], [1]], [[1], [-1], [1]], [[1], [-1]], [[1], [1]]]",null,1
2.1959.3t2.a,1959,"[3, 653]","[3, 653]",False,1,"[[[1], [-2], [1]], [[1], [0], [-1]], [[1], [1], [1]], [[1], [-1]]]","[[1, 1, 1], [1, -1], [1, -2, 1], [1, 1, 1], [1, 0, -1], [1, -2, 1], [1, 1, 1], [1, 1, 1], [1, 0, -1], [1, 1, 1], [1, 1, 1], [1, 0, -1], [1, 1, 1], [1, 0, -1], [1, 0, -1], [1, 0, -1], [1, 0, -1], [1, 0, -1], [1, 0, -1], [1, 1, 1], [1, 1, 1], [1, -2, 1], [1, 1, 1], [1, 1, 1], [1, 0, -1], [1, 0, -1], [1, 0, -1], [1, 0, -1], [1, 1, 1], [1, 0, -1]]",1
2.1959.6t3.a,1959,"[3, 653]","[3, 5, 7, 653]",False,1,"[[[1], [-2], [1]], [[1], [2], [1]], [[1], [0], [-1]], [[1], [0], [-1]], [[1], [1], [1]], [[1], [-1], [1]], [[1], [1]]]",null,1
2.1959.6t3.b,1959,"[3, 653]","[3, 5, 11, 13, 653]",False,1,"[[[1], [-2], [1]], [[1], [2], [1]], [[1], [0], [-1]], [[1], [0], [-1]], [[1], [1], [1]], [[1], [-1], [1]], [[1], [1]]]","[[1, -1, 1], [1, 1], [1, 2, 1], [1, 1, 1], [1, 0, -1], [1, -2, 1], [1, -1, 1], [1, 1, 1], [1, 0, -1], [1, -1, 1], [1, 1, 1], [1, 0, -1], [1, -1, 1], [1, 0, -1], [1, 0, -1], [1, 0, -1], [1, 0, -1], [1, 0, -1], [1, 0, -1], [1, -1, 1], [1, 1, 1], [1, -2, 1], [1, -1, 1], [1, -1, 1], [1, 0, -1], [1, 0, -1], [1, 0, -1], [1, 0, -1], [1, 1, 1], [1, 0, -1]]",1
2.1960.3t2.a,1960,"[2, 5, 7]","[2, 5, 7]",False,1,"[[[1], [-2], [1]], [[1], [0], [-1]], [[1], [1], [1]], [[1], [-1]], [[1]]]","[[1, -1], [1, 0, -1], [1, -1], [1], [1, 1, 1], [1, 1, 1], [1, 0, -1], [1, 1, 1], [1, 1, 1], [1, 0, -1], [1, 0, -1], [1, 1, 1], [1, 1, 1], [1, 0, -1], [1, 1, 1], [1, 1, 1], [1, -2, 1], [1, 0, -1], [1, 0, -1], [1, 0, -1], [1, 0, -1], [1, 0, -1], [1, 0, -1], [1, -2, 1], [1, 0, -1], [1, 0, -1], [1, -2, 1], [1, 0, -1], [1, 0, -1], [1, 0, -1]]",1
2.1960.6t3.a,1960,"[2, 5, 7]","[2, 3, 5, 7]",False,1,"[[[1], [-2], [1]], [[1], [2], [1]], [[1], [0], [-1]], [[1], [0], [-1]], [[1], [1], [1]], [[1], [-1], [1]], [[1], [1]], [[1]]]","[[1, 1], [1, 0, -1], [1, 1], [1], [1, 1, 1], [1, -1, 1], [1, 0, -1], [1, 1, 1], [1, -1, 1], [1, 0, -1], [1, 0, -1], [1, -1, 1], [1, 1, 1], [1, 0, -1], [1, -1, 1], [1, -1, 1], [1, -2, 1], [1, 0, -1], [1, 0, -1], [1, 0, -1], [1, 0, -1], [1, 0, -1], [1, 0, -1], [1, -2, 1], [1, 0, -1], [1, 0, -1], [1, 2, 1], [1, 0, -1], [1, 0, -1], [1, 0, -1]]",1
2.1960.6t3.b,1960,"[2, 5, 7]","[2, 5, 7, 277]",False,1,"[[[1], [-2], [1]], [[1], [2], [1]], [[1], [0], [-1]], [[1], [0], [-1]], [[1], [1], [1]], [[1], [-1], [1]], [[1], [-1]], [[1], [1]], [[1]]]",null,1
2.1960.6t3.c,1960,"[2, 5, 7]","[2, 3, 5, 7, 31]",False,1,"[[[1], [-2], [1]], [[1], [2], [1]], [[1], [0], [-1]], [[1], [0], [-1]], [[1], [1], [1]], [[1], [-1], [1]], [[1], [1]], [[1], [-1]], [[1]]]",null,1
2.1960.6t3.d,1960,"[2, 5, 7]","[2, 5, 7]",False,1,"[[[1], [-2], [1]], [[1], [2], [1]], [[1], [0], [-1]], [[1], [0], [-1]], [[1], [1], [1]], [[1], [-1], [1]], [[1], [1]], [[1]]]",null,1
2.1960.6t3.e,1960,"[2, 5, 7]","[2, 3, 5, 7]",False,1,"[[[1], [-2], [1]], [[1], [2], [1]], [[1], [0], [-1]], [[1], [0], [-1]], [[1], [1], [1]], [[1], [-1], [1]], [[1], [-1]], [[1], [1]], [[1]]]","[[1, -1], [1, 0, -1], [1, 1], [1], [1, 1, 1], [1, -1, 1], [1, 0, -1], [1, -1, 1], [1, 1, 1], [1, 0, -1], [1, 0, -1], [1, 1, 1], [1, -1, 1], [1, 0, -1], [1, -1, 1], [1, 1, 1], [1, 2, 1], [1, 0, -1], [1, 0, -1], [1, 0, -1], [1, 0, -1], [1, 0, -1], [1, 0, -1], [1, 2, 1], [1, 0, -1], [1, 0, -1], [1, 2, 1], [1, 0, -1], [1, 0, -1], [1, 0, -1]]",1
2.1960.6t3.f,1960,"[2, 5, 7]","[2, 5, 7]",False,1,"[[[1], [-2], [1]], [[1], [2], [1]], [[1], [0], [-1]], [[1], [0], [-1]], [[1], [1], [1]], [[1], [-1], [1]], [[1], [1]], [[1], [-1]], [[1]]]","[[1, 1], [1, 0, -1], [1, -1], [1], [1, 1, 1], [1, 1, 1], [1, 0, -1], [1, -1, 1], [1, -1, 1], [1, 0, -1], [1, 0, -1], [1, -1, 1], [1, -1, 1], [1, 0, -1], [1, 1, 1], [1, -1, 1], [1, 2, 1], [1, 0, -1], [1, 0, -1], [1, 0, -1], [1, 0, -1], [1, 0, -1], [1, 0, -1], [1, 2, 1], [1, 0, -1], [1, 0, -1], [1, -2, 1], [1, 0, -1], [1, 0, -1], [1, 0, -1]]",1
2.1961.4t3.a,1961,"[37, 53]","[3, 37, 53]",True,1,"[[[1], [-2], [1]], [[1], [2], [1]], [[1], [0], [-1]], [[1], [0], [-1]], [[1], [0], [1]], [[1], [-1]], [[1], [1]]]",null,1
2.1961.4t3.b,1961,"[37, 53]","[2, 3, 7, 11, 13, 37, 53]",True,1,"[[[1], [-2], [1]], [[1], [2], [1]], [[1], [0], [-1]], [[1], [0], [-1]], [[1], [0], [1]], [[1], [-1]], [[1], [1]]]",null,1
2.1961.4t3.c,1961,"[37, 53]","[7, 37, 53]",True,1,"[[[1], [-2], [1]], [[1], [2], [1]], [[1], [0], [-1]], [[1], [0], [-1]], [[1], [0], [1]], [[1], [-1]], [[1], [1]]]",null,1
2.1963.3t2.a,1963,"[13, 151]","[13, 151]",False,1,"[[[1], [-2], [1]], [[1], [0], [-1]], [[1], [1], [1]], [[1], [-1]]]","[[1, 0, -1], [1, 0, -1], [1, 0, -1], [1, 1, 1], [1, 0, -1], [1, -1], [1, 1, 1], [1, 0, -1], [1, 0, -1], [1, 1, 1], [1, 0, -1], [1, 0, -1], [1, -2, 1], [1, 1, 1], [1, 0, -1], [1, 0, -1], [1, 0, -1], [1, 0, -1], [1, -2, 1], [1, 1, 1], [1, 1, 1], [1, 0, -1], [1, 1, 1], [1, 1, 1], [1, 0, -1], [1, 0, -1], [1, 1, 1], [1, 0, -1], [1, 1, 1], [1, 0, -1]]",1
2.1963.6t3.a,1963,"[13, 151]","[2, 3, 11, 13, 151]",False,1,"[[[1], [-2], [1]], [[1], [2], [1]], [[1], [0], [-1]], [[1], [0], [-1]], [[1], [1], [1]], [[1], [-1], [1]], [[1], [1]]]",null,1
2.1963.6t3.b,1963,"[13, 151]","[2, 3, 5, 13, 151]",False,1,"[[[1], [-2], [1]], [[1], [2], [1]], [[1], [0], [-1]], [[1], [0], [-1]], [[1], [1], [1]], [[1], [-1], [1]], [[1], [1]]]","[[1, 0, -1], [1, 0, -1], [1, 0, -1], [1, -1, 1], [1, 0, -1], [1, 1], [1, 1, 1], [1, 0, -1], [1, 0, -1], [1, 1, 1], [1, 0, -1], [1, 0, -1], [1, 2, 1], [1, 1, 1], [1, 0, -1], [1, 0, -1], [1, 0, -1], [1, 0, -1], [1, 2, 1], [1, -1, 1], [1, -1, 1], [1, 0, -1], [1, -1, 1], [1, -1, 1], [1, 0, -1], [1, 0, -1], [1, 1, 1], [1, 0, -1], [1, -1, 1], [1, 0, -1]]",1
2.1967.3t2.a,1967,"[7, 281]","[3, 7, 281]",False,1,"[[[1], [-2], [1]], [[1], [0], [-1]], [[1], [1], [1]], [[1], [-1]]]","[[1, 1, 1], [1, -2, 1], [1, 0, -1], [1, -1], [1, 0, -1], [1, 1, 1], [1, 0, -1], [1, 1, 1], [1, 0, -1], [1, 1, 1], [1, 0, -1], [1, 0, -1], [1, 1, 1], [1, 1, 1], [1, 1, 1], [1, 1, 1], [1, 0, -1], [1, 1, 1], [1, 0, -1], [1, 0, -1], [1, -2, 1], [1, 1, 1], [1, 1, 1], [1, 1, 1], [1, 1, 1], [1, 0, -1], [1, -2, 1], [1, 0, -1], [1, -2, 1], [1, 0, -1]]",1
2.1967.4t3.a,1967,"[7, 281]","[2, 7, 281]",False,1,"[[[1], [-2], [1]], [[1], [2], [1]], [[1], [0], [-1]], [[1], [0], [-1]], [[1], [0], [1]], [[1], [1]]]","[[1, -2, 1], [1, 0, 1], [1, 0, -1], [1, 1], [1, 0, -1], [1, 0, 1], [1, 0, -1], [1, 0, 1], [1, 0, -1], [1, 2, 1], [1, 0, -1], [1, 0, -1], [1, 0, 1], [1, 2, 1], [1, 0, 1], [1, 2, 1], [1, 0, -1], [1, 0, 1], [1, 0, -1], [1, 0, -1], [1, 0, 1], [1, 2, 1], [1, 0, 1], [1, 0, 1], [1, 0, 1], [1, 0, -1], [1, 0, 1], [1, 0, -1], [1, -2, 1], [1, 0, -1]]",1
2.1967.4t3.b,1967,"[7, 281]","[2, 7, 281]",False,1,"[[[1], [-2], [1]], [[1], [2], [1]], [[1], [0], [-1]], [[1], [0], [-1]], [[1], [0], [1]], [[1], [1]]]",null,1
2.1967.4t3.c,1967,"[7, 281]","[2, 5, 7, 281]",False,1,"[[[1], [-2], [1]], [[1], [2], [1]], [[1], [0], [-1]], [[1], [0], [-1]], [[1], [0], [1]], [[1], [1]]]",null,1
2.1967.6t3.a,1967,"[7, 281]","[2, 3, 5, 7, 281]",False,1,"[[[1], [-2], [1]], [[1], [2], [1]], [[1], [0], [-1]], [[1], [0], [-1]], [[1], [1], [1]], [[1], [-1], [1]], [[1], [-1]]]","[[1, 1, 1], [1, 2, 1], [1, 0, -1], [1, -1], [1, 0, -1], [1, -1, 1], [1, 0, -1], [1, -1, 1], [1, 0, -1], [1, 1, 1], [1, 0, -1], [1, 0, -1], [1, -1, 1], [1, 1, 1], [1, -1, 1], [1, 1, 1], [1, 0, -1], [1, -1, 1], [1, 0, -1], [1, 0, -1], [1, 2, 1], [1, 1, 1], [1, -1, 1], [1, -1, 1], [1, -1, 1], [1, 0, -1], [1, 2, 1], [1, 0, -1], [1, -2, 1], [1, 0, -1]]",1
2.1967.6t3.b,1967,"[7, 281]","[2, 3, 5, 7, 281]",False,1,"[[[1], [-2], [1]], [[1], [2], [1]], [[1], [0], [-1]], [[1], [0], [-1]], [[1], [1], [1]], [[1], [-1], [1]], [[1], [-1]]]",null,1
2.1968.6t3.a,1968,"[2, 3, 41]","[2, 3, 41, 53]",False,1,"[[[1], [-2], [1]], [[1], [2], [1]], [[1], [0], [-1]], [[1], [0], [-1]], [[1], [1], [1]], [[1], [-1], [1]], [[1]], [[1], [1]], [[1], [-1]]]",null,1
2.1968.6t3.b,1968,"[2, 3, 41]","[2, 3, 41]",False,1,"[[[1], [-2], [1]], [[1], [2], [1]], [[1], [0], [-1]], [[1], [0], [-1]], [[1], [1], [1]], [[1], [-1], [1]], [[1]], [[1], [-1]], [[1], [1]]]","[[1], [1, -1], [1, 0, -1], [1, 0, -1], [1, 1, 1], [1, 0, -1], [1, -1, 1], [1, 0, -1], [1, 0, -1], [1, -1, 1], [1, -1, 1], [1, 1, 1], [1, 1], [1, -1, 1], [1, 1, 1], [1, 2, 1], [1, 0, -1], [1, 1, 1], [1, 0, -1], [1, 1, 1], [1, 1, 1], [1, 0, -1], [1, 0, -1], [1, 2, 1], [1, 0, -1], [1, -1, 1], [1, -1, 1], [1, 0, -1], [1, 0, -1], [1, 0, -1]]",1
2.1968.6t3.c,1968,"[2, 3, 41]","[2, 3, 7, 41]",False,1,"[[[1], [-2], [1]], [[1], [2], [1]], [[1], [0], [-1]], [[1], [0], [-1]], [[1], [1], [1]], [[1], [-1], [1]], [[1]], [[1], [-1]], [[1], [1]]]",null,1
2.1968.6t3.d,1968,"[2, 3, 41]","[2, 3, 41]",False,1,"[[[1], [-2], [1]], [[1], [2], [1]], [[1], [0], [-1]], [[1], [0], [-1]], [[1], [1], [1]], [[1], [-1], [1]], [[1]], [[1], [1]], [[1], [-1]]]","[[1], [1, 1], [1, 0, -1], [1, 0, -1], [1, -1, 1], [1, 0, -1], [1, 1, 1], [1, 0, -1], [1, 0, -1], [1, 1, 1], [1, -1, 1], [1, 1, 1], [1, -1], [1, -1, 1], [1, -1, 1], [1, -2, 1], [1, 0, -1], [1, 1, 1], [1, 0, -1], [1, -1, 1], [1, 1, 1], [1, 0, -1], [1, 0, -1], [1, -2, 1], [1, 0, -1], [1, 1, 1], [1, -1, 1], [1, 0, -1], [1, 0, -1], [1, 0, -1]]",1
2.1971.3t2.a,1971,"[3, 73]","[2, 3, 73]",False,1,"[[[1], [-2], [1]], [[1], [0], [-1]], [[1], [1], [1]], [[1]], [[1], [-1]]]","[[1, 0, -1], [1], [1, -2, 1], [1, 0, -1], [1, 1, 1], [1, 0, -1], [1, 1, 1], [1, 1, 1], [1, 0, -1], [1, 1, 1], [1, 0, -1], [1, 1, 1], [1, 0, -1], [1, 0, -1], [1, 1, 1], [1, 1, 1], [1, 1, 1], [1, 1, 1], [1, 1, 1], [1, 0, -1], [1, -1], [1, -2, 1], [1, 1, 1], [1, 0, -1], [1, 1, 1], [1, -2, 1], [1, 0, -1], [1, -2, 1], [1, 1, 1], [1, -2, 1]]",1
2.1971.6t3.a,1971,"[3, 73]","[2, 3, 5, 73]",False,1,"[[[1], [-2], [1]], [[1], [2], [1]], [[1], [0], [-1]], [[1], [0], [-1]], [[1], [1], [1]], [[1], [-1], [1]], [[1]], [[1], [-1]]]",null,1
2.1971.6t3.b,1971,"[3, 73]","[2, 3, 5, 73]",False,1,"[[[1], [-2], [1]], [[1], [2], [1]], [[1], [0], [-1]], [[1], [0], [-1]], [[1], [1], [1]], [[1], [-1], [1]], [[1]], [[1], [-1]]]","[[1, 0, -1], [1], [1, 2, 1], [1, 0, -1], [1, -1, 1], [1, 0, -1], [1, -1, 1], [1, 1, 1], [1, 0, -1], [1, -1, 1], [1, 0, -1], [1, 1, 1], [1, 0, -1], [1, 0, -1], [1, -1, 1], [1, -1, 1], [1, -1, 1], [1, 1, 1], [1, 1, 1], [1, 0, -1], [1, -1], [1, -2, 1], [1, -1, 1], [1, 0, -1], [1, 1, 1], [1, 2, 1], [1, 0, -1], [1, 2, 1], [1, 1, 1], [1, 2, 1]]",1
2.1972.3t2.a,1972,"[2, 17, 29]","[2, 17, 29]",False,1,"[[[1], [-2], [1]], [[1], [0], [-1]], [[1], [1], [1]], [[1], [-1]]]","[[1, -1], [1, 0, -1], [1, 0, -1], [1, 1, 1], [1, 0, -1], [1, 1, 1], [1, -1], [1, 1, 1], [1, -2, 1], [1, -1], [1, 0, -1], [1, 1, 1], [1, 1, 1], [1, 1, 1], [1, 1, 1], [1, 1, 1], [1, 0, -1], [1, 1, 1], [1, 0, -1], [1, 1, 1], [1, 1, 1], [1, 0, -1], [1, 0, -1], [1, 0, -1], [1, -2, 1], [1, 0, -1], [1, 0, -1], [1, 1, 1], [1, 0, -1], [1, 1, 1]]",1
2.1972.6t3.a,1972,"[2, 17, 29]","[2, 3, 17, 29]",False,1,"[[[1], [-2], [1]], [[1], [2], [1]], [[1], [0], [-1]], [[1], [0], [-1]], [[1], [1], [1]], [[1], [-1], [1]], [[1], [1]]]","[[1, 1], [1, 0, -1], [1, 0, -1], [1, 1, 1], [1, 0, -1], [1, 1, 1], [1, 1], [1, -1, 1], [1, -2, 1], [1, 1], [1, 0, -1], [1, -1, 1], [1, -1, 1], [1, -1, 1], [1, -1, 1], [1, 1, 1], [1, 0, -1], [1, -1, 1], [1, 0, -1], [1, 1, 1], [1, -1, 1], [1, 0, -1], [1, 0, -1], [1, 0, -1], [1, 2, 1], [1, 0, -1], [1, 0, -1], [1, 1, 1], [1, 0, -1], [1, -1, 1]]",1
2.1972.6t3.b,1972,"[2, 17, 29]","[2, 3, 17, 29, 67]",False,1,"[[[1], [-2], [1]], [[1], [2], [1]], [[1], [0], [-1]], [[1], [0], [-1]], [[1], [1], [1]], [[1], [-1], [1]], [[1], [1]], [[1], [-1]]]","[[1, 1], [1, 0, -1], [1, 0, -1], [1, -1, 1], [1, 0, -1], [1, 1, 1], [1, -1], [1, -1, 1], [1, 2, 1], [1, -1], [1, 0, -1], [1, 1, 1], [1, 1, 1], [1, -1, 1], [1, -1, 1], [1, 1, 1], [1, 0, -1], [1, 1, 1], [1, 0, -1], [1, -1, 1], [1, 1, 1], [1, 0, -1], [1, 0, -1], [1, 0, -1], [1, -2, 1], [1, 0, -1], [1, 0, -1], [1, -1, 1], [1, 0, -1], [1, 1, 1]]",1
2.1972.6t3.c,1972,"[2, 17, 29]","[2, 5, 17, 29]",False,1,"[[[1], [-2], [1]], [[1], [2], [1]], [[1], [0], [-1]], [[1], [0], [-1]], [[1], [1], [1]], [[1], [-1], [1]], [[1], [1]]]",null,1
2.1972.6t3.d,1972,"[2, 17, 29]","[2, 3, 17, 29, 31]",False,1,"[[[1], [-2], [1]], [[1], [2], [1]], [[1], [0], [-1]], [[1], [0], [-1]], [[1], [1], [1]], [[1], [-1], [1]], [[1], [-1]], [[1], [1]]]","[[1, -1], [1, 0, -1], [1, 0, -1], [1, -1, 1], [1, 0, -1], [1, 1, 1], [1, 1], [1, 1, 1], [1, 2, 1], [1, 1], [1, 0, -1], [1, -1, 1], [1, -1, 1], [1, 1, 1], [1, 1, 1], [1, 1, 1], [1, 0, -1], [1, -1, 1], [1, 0, -1], [1, -1, 1], [1, -1, 1], [1, 0, -1], [1, 0, -1], [1, 0, -1], [1, 2, 1], [1, 0, -1], [1, 0, -1], [1, -1, 1], [1, 0, -1], [1, -1, 1]]",1
2.1972.6t3.e,1972,"[2, 17, 29]","[2, 11, 17, 29, 131]",False,1,"[[[1], [-2], [1]], [[1], [2], [1]], [[1], [0], [-1]], [[1], [0], [-1]], [[1], [1], [1]], [[1], [-1], [1]], [[1], [1]], [[1], [-1]]]",null,1
2.1972.6t3.f,1972,"[2, 17, 29]","[2, 5, 17, 29]",False,1,"[[[1], [-2], [1]], [[1], [2], [1]], [[1], [0], [-1]], [[1], [0], [-1]], [[1], [1], [1]], [[1], [-1], [1]], [[1], [-1]], [[1], [1]]]",null,1
2.1975.4t3.a,1975,"[5, 79]","[3, 5, 7, 79]",False,1,"[[[1], [-2], [1]], [[1], [2], [1]], [[1], [0], [-1]], [[1], [0], [-1]], [[1], [0], [1]], [[1]], [[1], [1]]]","[[1, 0, 1], [1, 0, -1], [1], [1, 0, -1], [1, 2, 1], [1, 0, 1], [1, 0, -1], [1, -2, 1], [1, 0, 1], [1, 0, -1], [1, -2, 1], [1, 0, -1], [1, 0, -1], [1, 0, -1], [1, 0, -1], [1, 0, -1], [1, 0, -1], [1, 0, -1], [1, 0, 1], [1, 0, -1], [1, 0, 1], [1, 1], [1, 0, 1], [1, -2, 1], [1, 0, 1], [1, -2, 1], [1, 0, -1], [1, 0, -1], [1, 0, -1], [1, 0, -1]]",1
2.1975.4t3.b,1975,"[5, 79]","[5, 19, 79]",False,1,"[[[1], [-2], [1]], [[1], [2], [1]], [[1], [0], [-1]], [[1], [0], [-1]], [[1], [0], [1]], [[1]], [[1], [1]]]",null,1
2.1975.4t3.c,1975,"[5, 79]","[2, 3, 5, 7, 11, 79]",False,1,"[[[1], [-2], [1]], [[1], [2], [1]], [[1], [0], [-1]], [[1], [0], [-1]], [[1], [0], [1]], [[1]], [[1], [1]]]",null,1
2.1983.4t3.a,1983,"[3, 661]","[2, 3, 5, 109, 661]",False,1,"[[[1], [-2], [1]], [[1], [2], [1]], [[1], [0], [-1]], [[1], [0], [-1]], [[1], [0], [1]], [[1], [-1]]]",null,1
2.1983.4t3.b,1983,"[3, 661]","[2, 3, 5, 661]",False,1,"[[[1], [-2], [1]], [[1], [2], [1]], [[1], [0], [-1]], [[1], [0], [-1]], [[1], [0], [1]], [[1], [-1]]]",null,1
2.1983.4t3.c,1983,"[3, 661]","[3, 11, 661]",False,1,"[[[1], [-2], [1]], [[1], [2], [1]], [[1], [0], [-1]], [[1], [0], [-1]], [[1], [0], [1]], [[1], [-1]]]","[[1, 0, 1], [1, -1], [1, 0, -1], [1, 0, -1], [1, 0, -1], [1, 0, -1], [1, 0, -1], [1, 0, -1], [1, 0, 1], [1, 0, -1], [1, -2, 1], [1, 0, -1], [1, 0, -1], [1, 2, 1], [1, 0, -1], [1, 0, -1], [1, 0, -1], [1, 0, -1], [1, 0, -1], [1, 0, 1], [1, 2, 1], [1, 0, -1], [1, 0, 1], [1, 0, 1], [1, -2, 1], [1, 0, 1], [1, 0, -1], [1, 0, -1], [1, 2, 1], [1, 0, 1]]",1
2.1984.6t3.a,1984,"[2, 31]","[2, 3, 31]",False,1,"[[[1], [-2], [1]], [[1], [2], [1]], [[1], [0], [-1]], [[1], [0], [-1]], [[1], [1], [1]], [[1], [-1], [1]], [[1]], [[1], [-1]]]","[[1], [1, 0, -1], [1, -1, 1], [1, 1, 1], [1, 0, -1], [1, 0, -1], [1, 0, -1], [1, -1, 1], [1, 0, -1], [1, 0, -1], [1, -1], [1, 0, -1], [1, 1, 1], [1, 0, -1], [1, -2, 1], [1, 0, -1], [1, -1, 1], [1, 0, -1], [1, 2, 1], [1, 1, 1], [1, 0, -1], [1, 0, -1], [1, 0, -1], [1, 0, -1], [1, 1, 1], [1, -1, 1], [1, 1, 1], [1, -1, 1], [1, -1, 1], [1, 1, 1]]",1
2.1984.6t3.b,1984,"[2, 31]","[2, 3, 29, 31]",False,1,"[[[1], [-2], [1]], [[1], [2], [1]], [[1], [0], [-1]], [[1], [0], [-1]], [[1], [1], [1]], [[1], [-1], [1]], [[1]], [[1], [1]]]",null,1
2.1984.6t3.c,1984,"[2, 31]","[2, 29, 31]",False,1,"[[[1], [-2], [1]], [[1], [2], [1]], [[1], [0], [-1]], [[1], [0], [-1]], [[1], [1], [1]], [[1], [-1], [1]], [[1]], [[1], [-1]]]",null,1
2.1984.6t3.d,1984,"[2, 31]","[2, 31]",False,1,"[[[1], [-2], [1]], [[1], [2], [1]], [[1], [0], [-1]], [[1], [0], [-1]], [[1], [1], [1]], [[1], [-1], [1]], [[1]], [[1], [1]]]","[[1], [1, 0, -1], [1, -1, 1], [1, -1, 1], [1, 0, -1], [1, 0, -1], [1, 0, -1], [1, 1, 1], [1, 0, -1], [1, 0, -1], [1, 1], [1, 0, -1], [1, 1, 1], [1, 0, -1], [1, 2, 1], [1, 0, -1], [1, 1, 1], [1, 0, -1], [1, -2, 1], [1, -1, 1], [1, 0, -1], [1, 0, -1], [1, 0, -1], [1, 0, -1], [1, 1, 1], [1, -1, 1], [1, -1, 1], [1, 1, 1], [1, -1, 1], [1, 1, 1]]",1
2.1988.3t2.a,1988,"[2, 7, 71]","[2, 7, 71]",False,1,"[[[1], [-2], [1]], [[1], [0], [-1]], [[1], [1], [1]], [[1], [-1]]]","[[1, -1], [1, 1, 1], [1, 0, -1], [1, -1], [1, 1, 1], [1, 1, 1], [1, -2, 1], [1, -2, 1], [1, 1, 1], [1, 1, 1], [1, 0, -1], [1, 1, 1], [1, 1, 1], [1, 0, -1], [1, 0, -1], [1, 0, -1], [1, 0, -1], [1, 1, 1], [1, -2, 1], [1, -1], [1, 0, -1], [1, 0, -1], [1, 1, 1], [1, 0, -1], [1, 1, 1], [1, 0, -1], [1, 1, 1], [1, 0, -1], [1, 1, 1], [1, 0, -1]]",1
2.1988.4t3.a,1988,"[2, 7, 71]","[2, 7, 11, 71]",False,1,"[[[1], [-2], [1]], [[1], [2], [1]], [[1], [0], [-1]], [[1], [0], [-1]], [[1], [0], [1]], [[1], [1]]]",null,1
2.1988.4t3.b,1988,"[2, 7, 71]","[2, 5, 7, 71]",False,1,"[[[1], [-2], [1]], [[1], [2], [1]], [[1], [0], [-1]], [[1], [0], [-1]], [[1], [0], [1]], [[1], [1]], [[1], [-1]]]",null,1
2.1988.4t3.c,1988,"[2, 7, 71]","[2, 5, 7, 71]",False,1,"[[[1], [-2], [1]], [[1], [2], [1]], [[1], [0], [-1]], [[1], [0], [-1]], [[1], [0], [1]], [[1], [1]], [[1], [-1]]]","[[1, 1], [1, 0, 1], [1, 0, -1], [1, -1], [1, 2, 1], [1, 0, 1], [1, 0, 1], [1, 0, 1], [1, -2, 1], [1, -2, 1], [1, 0, -1], [1, -2, 1], [1, 0, 1], [1, 0, -1], [1, 0, -1], [1, 0, -1], [1, 0, -1], [1, 0, 1], [1, 2, 1], [1, -1], [1, 0, -1], [1, 0, -1], [1, 0, 1], [1, 0, -1], [1, 0, 1], [1, 0, -1], [1, 0, 1], [1, 0, -1], [1, 2, 1], [1, 0, -1]]",1
2.1988.4t3.d,1988,"[2, 7, 71]","[2, 5, 7, 71]",False,1,"[[[1], [-2], [1]], [[1], [2], [1]], [[1], [0], [-1]], [[1], [0], [-1]], [[1], [0], [1]], [[1], [1]]]","[[1, 1], [1, 0, 1], [1, 0, -1], [1, 1], [1, -2, 1], [1, 0, 1], [1, 0, 1], [1, 0, 1], [1, 2, 1], [1, -2, 1], [1, 0, -1], [1, -2, 1], [1, 0, 1], [1, 0, -1], [1, 0, -1], [1, 0, -1], [1, 0, -1], [1, 0, 1], [1, -2, 1], [1, 1], [1, 0, -1], [1, 0, -1], [1, 0, 1], [1, 0, -1], [1, 0, 1], [1, 0, -1], [1, 0, 1], [1, 0, -1], [1, 2, 1], [1, 0, -1]]",1
2.1988.4t3.e,1988,"[2, 7, 71]","[2, 5, 7, 11, 29, 71]",False,1,"[[[1], [-2], [1]], [[1], [2], [1]], [[1], [0], [-1]], [[1], [0], [-1]], [[1], [0], [1]], [[1], [1]], [[1], [-1]]]",null,1
2.1988.4t3.f,1988,"[2, 7, 71]","[2, 5, 7, 11, 71, 113]",False,1,"[[[1], [-2], [1]], [[1], [2], [1]], [[1], [0], [-1]], [[1], [0], [-1]], [[1], [0], [1]], [[1], [1]]]",null,1
2.1988.6t3.a,1988,"[2, 7, 71]","[2, 7, 71]",False,1,"[[[1], [-2], [1]], [[1], [2], [1]], [[1], [0], [-1]], [[1], [0], [-1]], [[1], [1], [1]], [[1], [-1], [1]], [[1], [-1]]]","[[1, -1], [1, -1, 1], [1, 0, -1], [1, -1], [1, 1, 1], [1, -1, 1], [1, 2, 1], [1, 2, 1], [1, 1, 1], [1, 1, 1], [1, 0, -1], [1, 1, 1], [1, -1, 1], [1, 0, -1], [1, 0, -1], [1, 0, -1], [1, 0, -1], [1, -1, 1], [1, -2, 1], [1, -1], [1, 0, -1], [1, 0, -1], [1, -1, 1], [1, 0, -1], [1, -1, 1], [1, 0, -1], [1, -1, 1], [1, 0, -1], [1, 1, 1], [1, 0, -1]]",1
2.1988.6t3.b,1988,"[2, 7, 71]","[2, 5, 7, 17, 71]",False,1,"[[[1], [-2], [1]], [[1], [2], [1]], [[1], [0], [-1]], [[1], [0], [-1]], [[1], [1], [1]], [[1], [-1], [1]], [[1], [-1]], [[1], [1]]]",null,1
2.1988.6t3.c,1988,"[2, 7, 71]","[2, 7, 19, 71]",False,1,"[[[1], [-2], [1]], [[1], [2], [1]], [[1], [0], [-1]], [[1], [0], [-1]], [[1], [1], [1]], [[1], [-1], [1]], [[1], [-1]]]",null,1
2.1988.6t3.d,1988,"[2, 7, 71]","[2, 7, 19, 71]",False,1,"[[[1], [-2], [1]], [[1], [2], [1]], [[1], [0], [-1]], [[1], [0], [-1]], [[1], [1], [1]], [[1], [-1], [1]], [[1], [-1]], [[1], [1]]]",null,1
2.1988.6t3.e,1988,"[2, 7, 71]","[2, 7, 17, 71]",False,1,"[[[1], [-2], [1]], [[1], [2], [1]], [[1], [0], [-1]], [[1], [0], [-1]], [[1], [1], [1]], [[1], [-1], [1]], [[1], [-1]], [[1], [1]]]","[[1, -1], [1, -1, 1], [1, 0, -1], [1, 1], [1, -1, 1], [1, 1, 1], [1, -2, 1], [1, 2, 1], [1, -1, 1], [1, 1, 1], [1, 0, -1], [1, 1, 1], [1, 1, 1], [1, 0, -1], [1, 0, -1], [1, 0, -1], [1, 0, -1], [1, 1, 1], [1, 2, 1], [1, 1], [1, 0, -1], [1, 0, -1], [1, -1, 1], [1, 0, -1], [1, 1, 1], [1, 0, -1], [1, -1, 1], [1, 0, -1], [1, 1, 1], [1, 0, -1]]",1
2.1988.6t3.f,1988,"[2, 7, 71]","[2, 7, 71]",False,1,"[[[1], [-2], [1]], [[1], [2], [1]], [[1], [0], [-1]], [[1], [0], [-1]], [[1], [1], [1]], [[1], [-1], [1]], [[1], [-1]], [[1], [1]]]","[[1, -1], [1, 1, 1], [1, 0, -1], [1, 1], [1, -1, 1], [1, -1, 1], [1, 2, 1], [1, -2, 1], [1, -1, 1], [1, 1, 1], [1, 0, -1], [1, 1, 1], [1, -1, 1], [1, 0, -1], [1, 0, -1], [1, 0, -1], [1, 0, -1], [1, -1, 1], [1, 2, 1], [1, 1], [1, 0, -1], [1, 0, -1], [1, 1, 1], [1, 0, -1], [1, -1, 1], [1, 0, -1], [1, 1, 1], [1, 0, -1], [1, 1, 1], [1, 0, -1]]",1
2.1989.4t3.a,1989,"[3, 13, 17]","[2, 3, 13, 17]",True,1,"[[[1], [-2], [1]], [[1], [2], [1]], [[1], [0], [-1]], [[1], [0], [-1]], [[1], [0], [1]], [[1]], [[1], [1]]]",null,1
2.1989.4t3.b,1989,"[3, 13, 17]","[2, 3, 13, 17]",True,1,"[[[1], [-2], [1]], [[1], [2], [1]], [[1], [0], [-1]], [[1], [0], [-1]], [[1], [0], [1]], [[1]], [[1], [1]]]",null,1
2.1989.4t3.c,1989,"[3, 13, 17]","[2, 3, 13, 17]",True,1,"[[[1], [-2], [1]], [[1], [2], [1]], [[1], [0], [-1]], [[1], [0], [-1]], [[1], [0], [1]], [[1]], [[1], [1]]]",null,1
2.1991.4t3.a,1991,"[11, 181]","[3, 11, 181]",False,1,"[[[1], [-2], [1]], [[1], [2], [1]], [[1], [0], [-1]], [[1], [0], [-1]], [[1], [0], [1]], [[1], [-1]]]","[[1, 0, 1], [1, -2, 1], [1, 2, 1], [1, 0, 1], [1, -1], [1, 0, -1], [1, 0, 1], [1, 0, 1], [1, 0, -1], [1, 0, -1], [1, 0, -1], [1, -2, 1], [1, 0, 1], [1, 0, -1], [1, 0, -1], [1, 0, -1], [1, 2, 1], [1, 0, 1], [1, 2, 1], [1, 0, -1], [1, 0, -1], [1, 0, -1], [1, 0, 1], [1, 0, -1], [1, 0, -1], [1, 0, -1], [1, 0, -1], [1, 0, 1], [1, 0, 1], [1, 0, -1]]",1
2.1991.4t3.b,1991,"[11, 181]","[2, 3, 5, 11, 13, 181]",False,1,"[[[1], [-2], [1]], [[1], [2], [1]], [[1], [0], [-1]], [[1], [0], [-1]], [[1], [0], [1]], [[1], [-1]]]",null,1
2.1991.4t3.c,1991,"[11, 181]","[3, 11, 181]",False,1,"[[[1], [-2], [1]], [[1], [2], [1]], [[1], [0], [-1]], [[1], [0], [-1]], [[1], [0], [1]], [[1], [-1]]]",null,1
2.1992.4t3.a,1992,"[2, 3, 83]","[2, 3, 5, 83]",False,1,"[[[1], [-2], [1]], [[1], [2], [1]], [[1], [0], [-1]], [[1], [0], [-1]], [[1], [0], [1]], [[1], [-1]], [[1], [1]]]",null,1
2.1992.4t3.b,1992,"[2, 3, 83]","[2, 3, 83]",False,1,"[[[1], [-2], [1]], [[1], [2], [1]], [[1], [0], [-1]], [[1], [0], [-1]], [[1], [0], [1]], [[1], [1]], [[1], [-1]]]",null,1
2.1992.4t3.c,1992,"[2, 3, 83]","[2, 3, 83]",False,1,"[[[1], [-2], [1]], [[1], [2], [1]], [[1], [0], [-1]], [[1], [0], [-1]], [[1], [0], [1]], [[1], [1]], [[1], [-1]]]","[[1, 1], [1, 1], [1, 0, -1], [1, 0, -1], [1, 0, -1], [1, 0, 1], [1, 0, -1], [1, 0, -1], [1, 0, 1], [1, 0, 1], [1, 0, -1], [1, 0, -1], [1, 0, -1], [1, 0, -1], [1, 0, -1], [1, 0, -1], [1, 0, -1], [1, 0, -1], [1, 0, -1], [1, 0, -1], [1, 0, -1], [1, 0, 1], [1, -1], [1, -2, 1], [1, 0, -1], [1, 0, -1], [1, 0, 1], [1, -2, 1], [1, 0, -1], [1, 0, -1]]",1
2.1992.4t3.d,1992,"[2, 3, 83]","[2, 3, 83]",False,1,"[[[1], [-2], [1]], [[1], [2], [1]], [[1], [0], [-1]], [[1], [0], [-1]], [[1], [0], [1]], [[1], [-1]], [[1], [1]]]","[[1, -1], [1, 1], [1, 0, -1], [1, 0, -1], [1, 0, -1], [1, 0, 1], [1, 0, -1], [1, 0, -1], [1, 0, 1], [1, 0, 1], [1, 0, -1], [1, 0, -1], [1, 0, -1], [1, 0, -1], [1, 0, -1], [1, 0, -1], [1, 0, -1], [1, 0, -1], [1, 0, -1], [1, 0, -1], [1, 0, -1], [1, 0, 1], [1, 1], [1, 2, 1], [1, 0, -1], [1, 0, -1], [1, 0, 1], [1, 2, 1], [1, 0, -1], [1, 0, -1]]",1
2.1992.4t3.e,1992,"[2, 3, 83]","[2, 3, 5, 17, 83]",False,1,"[[[1], [-2], [1]], [[1], [2], [1]], [[1], [0], [-1]], [[1], [0], [-1]], [[1], [0], [1]], [[1], [-1]], [[1], [1]]]",null,1
2.1992.4t3.f,1992,"[2, 3, 83]","[2, 3, 5, 83, 137]",False,1,"[[[1], [-2], [1]], [[1], [2], [1]], [[1], [0], [-1]], [[1], [0], [-1]], [[1], [0], [1]], [[1], [1]], [[1], [-1]]]",null,1
2.1999.3t2.a,1999,[1999],"[2, 1999]",False,1,"[[[1], [-2], [1]], [[1], [0], [-1]], [[1], [1], [1]], [[1], [-1]]]","[[1, -2, 1], [1, 0, -1], [1, 1, 1], [1, 0, -1], [1, 1, 1], [1, 1, 1], [1, 0, -1], [1, 0, -1], [1, 1, 1], [1, 0, -1], [1, 1, 1], [1, 1, 1], [1, -2, 1], [1, 0, -1], [1, 0, -1], [1, 1, 1], [1, 1, 1], [1, 1, 1], [1, 0, -1], [1, 1, 1], [1, 0, -1], [1, -2, 1], [1, 0, -1], [1, 0, -1], [1, 0, -1], [1, 1, 1], [1, 1, 1], [1, 1, 1], [1, 0, -1], [1, 0, -1]]",1
