lmfdb_label,Clabel,conductor,ainvs
11.a1,11a2,11,"[0, -1, 1, -7820, -263580]"
11.a2,11a1,11,"[0, -1, 1, -10, -20]"
11.a3,11a3,11,"[0, -1, 1, 0, 0]"
14.a1,14a5,14,"[1, 0, 1, -2731, -55146]"
14.a2,14a3,14,"[1, 0, 1, -171, -874]"
14.a3,14a2,14,"[1, 0, 1, -36, -70]"
14.a4,14a6,14,"[1, 0, 1, -11, 12]"
14.a5,14a4,14,"[1, 0, 1, -1, 0]"
14.a6,14a1,14,"[1, 0, 1, 4, -6]"
15.a1,15a5,15,"[1, 1, 1, -2160, -39540]"
15.a2,15a2,15,"[1, 1, 1, -135, -660]"
15.a3,15a6,15,"[1, 1, 1, -110, -880]"
15.a4,15a7,15,"[1, 1, 1, -80, 242]"
15.a5,15a1,15,"[1, 1, 1, -10, -10]"
15.a6,15a3,15,"[1, 1, 1, -5, 2]"
15.a7,15a8,15,"[1, 1, 1, 0, 0]"
15.a8,15a4,15,"[1, 1, 1, 35, -28]"
17.a1,17a3,17,"[1, -1, 1, -91, -310]"
17.a2,17a2,17,"[1, -1, 1, -6, -4]"
17.a3,17a1,17,"[1, -1, 1, -1, -14]"
17.a4,17a4,17,"[1, -1, 1, -1, 0]"
19.a1,19a2,19,"[0, 1, 1, -769, -8470]"
19.a2,19a1,19,"[0, 1, 1, -9, -15]"
19.a3,19a3,19,"[0, 1, 1, 1, 0]"
20.a1,20a4,20,"[0, 1, 0, -41, -116]"
20.a2,20a3,20,"[0, 1, 0, -36, -140]"
20.a3,20a2,20,"[0, 1, 0, -1, 0]"
20.a4,20a1,20,"[0, 1, 0, 4, 4]"
21.a1,21a5,21,"[1, 0, 0, -784, -8515]"
21.a2,21a2,21,"[1, 0, 0, -49, -136]"
21.a3,21a3,21,"[1, 0, 0, -39, 90]"
21.a4,21a6,21,"[1, 0, 0, -34, -217]"
21.a5,21a1,21,"[1, 0, 0, -4, -1]"
21.a6,21a4,21,"[1, 0, 0, 1, 0]"
24.a1,24a5,24,"[0, -1, 0, -384, -2772]"
24.a2,24a3,24,"[0, -1, 0, -64, 220]"
24.a3,24a2,24,"[0, -1, 0, -24, -36]"
24.a4,24a1,24,"[0, -1, 0, -4, 4]"
24.a5,24a4,24,"[0, -1, 0, 1, 0]"
24.a6,24a6,24,"[0, -1, 0, 16, -180]"
26.a1,26a2,26,"[1, 0, 1, -460, -3830]"
26.a2,26a1,26,"[1, 0, 1, -5, -8]"
26.a3,26a3,26,"[1, 0, 1, 0, 0]"
26.b1,26b2,26,"[1, -1, 1, -213, -1257]"
26.b2,26b1,26,"[1, -1, 1, -3, 3]"
27.a1,27a2,27,"[0, 0, 1, -270, -1708]"
27.a2,27a4,27,"[0, 0, 1, -30, 63]"
27.a3,27a1,27,"[0, 0, 1, 0, -7]"
27.a4,27a3,27,"[0, 0, 1, 0, 0]"
30.a1,30a7,30,"[1, 0, 1, -5334, -150368]"
30.a2,30a8,30,"[1, 0, 1, -454, -544]"
30.a3,30a6,30,"[1, 0, 1, -334, -2368]"
30.a4,30a5,30,"[1, 0, 1, -289, 1862]"
30.a5,30a4,30,"[1, 0, 1, -69, -194]"
30.a6,30a2,30,"[1, 0, 1, -19, 26]"
30.a7,30a3,30,"[1, 0, 1, -14, -64]"
30.a8,30a1,30,"[1, 0, 1, 1, 2]"
32.a1,32a3,32,"[0, 0, 0, -11, -14]"
32.a2,32a4,32,"[0, 0, 0, -11, 14]"
32.a3,32a2,32,"[0, 0, 0, -1, 0]"
32.a4,32a1,32,"[0, 0, 0, 4, 0]"
33.a1,33a3,33,"[1, 1, 0, -146, 621]"
33.a2,33a1,33,"[1, 1, 0, -11, 0]"
33.a3,33a2,33,"[1, 1, 0, -6, -9]"
33.a4,33a4,33,"[1, 1, 0, 44, 55]"
34.a1,34a4,34,"[1, 0, 0, -113, -329]"
34.a2,34a3,34,"[1, 0, 0, -103, -411]"
34.a3,34a2,34,"[1, 0, 0, -43, 105]"
34.a4,34a1,34,"[1, 0, 0, -3, 1]"
35.a1,35a2,35,"[0, 1, 1, -131, -650]"
35.a2,35a3,35,"[0, 1, 1, -1, 0]"
35.a3,35a1,35,"[0, 1, 1, 9, 1]"
36.a1,36a4,36,"[0, 0, 0, -135, -594]"
36.a2,36a2,36,"[0, 0, 0, -15, 22]"
36.a3,36a3,36,"[0, 0, 0, 0, -27]"
36.a4,36a1,36,"[0, 0, 0, 0, 1]"
37.a1,37a1,37,"[0, 0, 1, -1, 0]"
37.b1,37b2,37,"[0, 1, 1, -1873, -31833]"
37.b2,37b1,37,"[0, 1, 1, -23, -50]"
37.b3,37b3,37,"[0, 1, 1, -3, 1]"
38.a1,38a2,38,"[1, 0, 1, -86, -2456]"
38.a2,38a3,38,"[1, 0, 1, -16, 22]"
38.a3,38a1,38,"[1, 0, 1, 9, 90]"
38.b1,38b2,38,"[1, 1, 1, -70, -279]"
38.b2,38b1,38,"[1, 1, 1, 0, 1]"
39.a1,39a2,39,"[1, 1, 0, -69, -252]"
39.a2,39a3,39,"[1, 1, 0, -19, 22]"
39.a3,39a1,39,"[1, 1, 0, -4, -5]"
39.a4,39a4,39,"[1, 1, 0, 1, 0]"
40.a1,40a2,40,"[0, 0, 0, -107, -426]"
40.a2,40a1,40,"[0, 0, 0, -7, -6]"
40.a3,40a3,40,"[0, 0, 0, -2, 1]"
40.a4,40a4,40,"[0, 0, 0, 13, -34]"
42.a1,42a4,42,"[1, 1, 1, -1344, 18405]"
42.a2,42a5,42,"[1, 1, 1, -914, -10915]"
42.a3,42a3,42,"[1, 1, 1, -104, 101]"
42.a4,42a2,42,"[1, 1, 1, -84, 261]"
42.a5,42a1,42,"[1, 1, 1, -4, 5]"
42.a6,42a6,42,"[1, 1, 1, 386, 1277]"
43.a1,43a1,43,"[0, 1, 1, 0, 0]"
44.a1,44a2,44,"[0, 1, 0, -77, -289]"
44.a2,44a1,44,"[0, 1, 0, 3, -1]"
45.a1,45a7,45,"[1, -1, 0, -19440, 1048135]"
45.a2,45a5,45,"[1, -1, 0, -1215, 16600]"
45.a3,45a8,45,"[1, -1, 0, -990, 22765]"
45.a4,45a3,45,"[1, -1, 0, -720, -7259]"
45.a5,45a4,45,"[1, -1, 0, -90, 175]"
45.a6,45a2,45,"[1, -1, 0, -45, -104]"
45.a7,45a1,45,"[1, -1, 0, 0, -5]"
45.a8,45a6,45,"[1, -1, 0, 315, 1066]"
46.a1,46a2,46,"[1, -1, 0, -170, -812]"
46.a2,46a1,46,"[1, -1, 0, -10, -12]"
48.a1,48a5,48,"[0, 1, 0, -384, 2772]"
48.a2,48a2,48,"[0, 1, 0, -64, -220]"
48.a3,48a3,48,"[0, 1, 0, -24, 36]"
48.a4,48a1,48,"[0, 1, 0, -4, -4]"
48.a5,48a4,48,"[0, 1, 0, 1, 0]"
48.a6,48a6,48,"[0, 1, 0, 16, 180]"
49.a1,49a4,49,"[1, -1, 0, -1822, 30393]"
49.a2,49a3,49,"[1, -1, 0, -107, 552]"
49.a3,49a2,49,"[1, -1, 0, -37, -78]"
49.a4,49a1,49,"[1, -1, 0, -2, -1]"
50.a1,50a2,50,"[1, 0, 1, -126, -552]"
50.a2,50a3,50,"[1, 0, 1, -76, 298]"
50.a3,50a1,50,"[1, 0, 1, -1, -2]"
50.a4,50a4,50,"[1, 0, 1, 549, -2202]"
50.b1,50b4,50,"[1, 1, 1, -3138, -68969]"
50.b2,50b3,50,"[1, 1, 1, -13, -219]"
50.b3,50b1,50,"[1, 1, 1, -3, 1]"
50.b4,50b2,50,"[1, 1, 1, 22, -9]"
51.a1,51a2,51,"[0, 1, 1, -59, -196]"
51.a2,51a1,51,"[0, 1, 1, 1, -1]"
52.a1,52a2,52,"[0, 0, 0, -4, -3]"
52.a2,52a1,52,"[0, 0, 0, 1, -10]"
53.a1,53a1,53,"[1, -1, 1, 0, 0]"
54.a1,54a2,54,"[1, -1, 0, -123, -667]"
54.a2,54a3,54,"[1, -1, 0, -3, 3]"
54.a3,54a1,54,"[1, -1, 0, 12, 8]"
54.b1,54b2,54,"[1, -1, 1, -29, -53]"
54.b2,54b3,54,"[1, -1, 1, -14, 29]"
54.b3,54b1,54,"[1, -1, 1, 1, -1]"
55.a1,55a3,55,"[1, -1, 0, -59, 190]"
55.a2,55a2,55,"[1, -1, 0, -29, -52]"
55.a3,55a1,55,"[1, -1, 0, -4, 3]"
55.a4,55a4,55,"[1, -1, 0, 1, 0]"
56.a1,56a4,56,"[0, 0, 0, -299, 1990]"
56.a2,56a3,56,"[0, 0, 0, -59, -138]"
56.a3,56a2,56,"[0, 0, 0, -19, 30]"
56.a4,56a1,56,"[0, 0, 0, 1, 2]"
56.b1,56b2,56,"[0, -1, 0, -40, -84]"
56.b2,56b1,56,"[0, -1, 0, 0, -4]"
57.a1,57a1,57,"[0, -1, 1, -2, 2]"
57.b1,57c2,57,"[0, 1, 1, -4390, -113432]"
57.b2,57c1,57,"[0, 1, 1, 20, -32]"
57.c1,57b3,57,"[1, 0, 1, -102, 385]"
57.c2,57b1,57,"[1, 0, 1, -7, 5]"
57.c3,57b2,57,"[1, 0, 1, -2, -1]"
57.c4,57b4,57,"[1, 0, 1, 8, 29]"
58.a1,58a1,58,"[1, -1, 0, -1, 1]"
58.b1,58b2,58,"[1, 1, 1, -455, -3951]"
58.b2,58b1,58,"[1, 1, 1, 5, 9]"
61.a1,61a1,61,"[1, 0, 0, -2, 1]"
62.a1,62a4,62,"[1, -1, 1, -331, 2397]"
62.a2,62a3,62,"[1, -1, 1, -31, 5]"
62.a3,62a2,62,"[1, -1, 1, -21, 41]"
62.a4,62a1,62,"[1, -1, 1, -1, 1]"
63.a1,63a5,63,"[1, -1, 0, -7056, 229905]"
63.a2,63a4,63,"[1, -1, 0, -441, 3672]"
63.a3,63a3,63,"[1, -1, 0, -351, -2430]"
63.a4,63a6,63,"[1, -1, 0, -306, 5859]"
63.a5,63a2,63,"[1, -1, 0, -36, 27]"
63.a6,63a1,63,"[1, -1, 0, 9, 0]"
64.a1,64a2,64,"[0, 0, 0, -44, -112]"
64.a2,64a3,64,"[0, 0, 0, -44, 112]"
64.a3,64a1,64,"[0, 0, 0, -4, 0]"
64.a4,64a4,64,"[0, 0, 0, 1, 0]"
65.a1,65a1,65,"[1, 0, 0, -1, 0]"
65.a2,65a2,65,"[1, 0, 0, 4, 1]"
66.a1,66a3,66,"[1, 0, 1, -81, -284]"
66.a2,66a4,66,"[1, 0, 1, -41, -556]"
66.a3,66a1,66,"[1, 0, 1, -6, 4]"
66.a4,66a2,66,"[1, 0, 1, 4, 20]"
66.b1,66b3,66,"[1, 1, 1, -352, -2689]"
66.b2,66b2,66,"[1, 1, 1, -22, -49]"
66.b3,66b4,66,"[1, 1, 1, -12, -81]"
66.b4,66b1,66,"[1, 1, 1, -2, -1]"
66.c1,66c3,66,"[1, 0, 0, -10065, -389499]"
66.c2,66c4,66,"[1, 0, 0, -10055, -390309]"
66.c3,66c1,66,"[1, 0, 0, -45, 81]"
66.c4,66c2,66,"[1, 0, 0, 115, 561]"
67.a1,67a1,67,"[0, 1, 1, -12, -21]"
69.a1,69a2,69,"[1, 0, 1, -16, -25]"
69.a2,69a1,69,"[1, 0, 1, -1, -1]"
70.a1,70a3,70,"[1, -1, 1, -268, -1619]"
70.a2,70a4,70,"[1, -1, 1, -88, 317]"
70.a3,70a2,70,"[1, -1, 1, -18, -19]"
70.a4,70a1,70,"[1, -1, 1, 2, -3]"
72.a1,72a5,72,"[0, 0, 0, -3459, 78302]"
72.a2,72a3,72,"[0, 0, 0, -579, -5362]"
72.a3,72a4,72,"[0, 0, 0, -219, 1190]"
72.a4,72a2,72,"[0, 0, 0, -39, -70]"
72.a5,72a1,72,"[0, 0, 0, 6, -7]"
72.a6,72a6,72,"[0, 0, 0, 141, 4718]"
73.a1,73a2,73,"[1, -1, 0, -1, 0]"
73.a2,73a1,73,"[1, -1, 0, 4, -3]"
75.a1,75c2,75,"[0, 1, 1, -208, -1256]"
75.a2,75c1,75,"[0, 1, 1, 2, 4]"
75.b1,75b7,75,"[1, 0, 1, -54001, -4834477]"
75.b2,75b5,75,"[1, 0, 1, -3376, -75727]"
75.b3,75b8,75,"[1, 0, 1, -2751, -104477]"
75.b4,75b4,75,"[1, 0, 1, -2001, 34273]"
75.b5,75b3,75,"[1, 0, 1, -251, -727]"
75.b6,75b2,75,"[1, 0, 1, -126, 523]"
75.b7,75b1,75,"[1, 0, 1, -1, 23]"
75.b8,75b6,75,"[1, 0, 1, 874, -5227]"
75.c1,75a1,75,"[0, -1, 1, -8, -7]"
75.c2,75a2,75,"[0, -1, 1, 42, 443]"
76.a1,76a1,76,"[0, -1, 0, -21, -31]"
77.a1,77a1,77,"[0, 0, 1, 2, 0]"
77.b1,77b3,77,"[0, 1, 1, -89, 295]"
77.b2,77b1,77,"[0, 1, 1, -49, 600]"
77.b3,77b2,77,"[0, 1, 1, 441, -15815]"
77.c1,77c2,77,"[1, 1, 0, -51, 110]"
77.c2,77c1,77,"[1, 1, 0, 4, 11]"
78.a1,78a4,78,"[1, 1, 0, -20739, 1140957]"
78.a2,78a3,78,"[1, 1, 0, -2339, -15747]"
78.a3,78a2,78,"[1, 1, 0, -1299, 17325]"
78.a4,78a1,78,"[1, 1, 0, -19, 685]"
79.a1,79a1,79,"[1, 1, 1, -2, 0]"
80.a1,80a3,80,"[0, 0, 0, -107, 426]"
80.a2,80a1,80,"[0, 0, 0, -7, 6]"
80.a3,80a2,80,"[0, 0, 0, -2, -1]"
80.a4,80a4,80,"[0, 0, 0, 13, 34]"
80.b1,80b4,80,"[0, -1, 0, -41, 116]"
80.b2,80b3,80,"[0, -1, 0, -36, 140]"
80.b3,80b2,80,"[0, -1, 0, -1, 0]"
80.b4,80b1,80,"[0, -1, 0, 4, -4]"
82.a1,82a2,82,"[1, 0, 1, -12, -16]"
82.a2,82a1,82,"[1, 0, 1, -2, 0]"
83.a1,83a1,83,"[1, 1, 1, 1, 0]"
84.a1,84b2,84,"[0, -1, 0, -36, -72]"
84.a2,84b1,84,"[0, -1, 0, -1, -2]"
84.b1,84a4,84,"[0, 1, 0, -1828, -30700]"
84.b2,84a3,84,"[0, 1, 0, -113, -516]"
84.b3,84a2,84,"[0, 1, 0, -28, -28]"
84.b4,84a1,84,"[0, 1, 0, 7, 0]"
85.a1,85a1,85,"[1, 1, 0, -8, -13]"
85.a2,85a2,85,"[1, 1, 0, -3, -22]"
88.a1,88a1,88,"[0, 0, 0, -4, 4]"
89.a1,89a1,89,"[1, 1, 1, -1, 0]"
89.b1,89b2,89,"[1, 1, 0, -1, 0]"
89.b2,89b1,89,"[1, 1, 0, 4, 5]"
90.a1,90a4,90,"[1, -1, 0, -1149, -14707]"
90.a2,90a3,90,"[1, -1, 0, -69, -235]"
90.a3,90a2,90,"[1, -1, 0, -24, 18]"
90.a4,90a1,90,"[1, -1, 0, 6, 0]"
90.b1,90b4,90,"[1, -1, 1, -218, -269]"
90.b2,90b2,90,"[1, -1, 1, -128, 587]"
90.b3,90b1,90,"[1, -1, 1, -8, 11]"
90.b4,90b3,90,"[1, -1, 1, 52, -53]"
90.c1,90c8,90,"[1, -1, 1, -48002, 4059929]"
90.c2,90c7,90,"[1, -1, 1, -4082, 14681]"
90.c3,90c6,90,"[1, -1, 1, -3002, 63929]"
90.c4,90c4,90,"[1, -1, 1, -2597, -50281]"
90.c5,90c5,90,"[1, -1, 1, -617, 5231]"
90.c6,90c2,90,"[1, -1, 1, -167, -709]"
90.c7,90c3,90,"[1, -1, 1, -122, 1721]"
90.c8,90c1,90,"[1, -1, 1, 13, -61]"
91.a1,91a1,91,"[0, 0, 1, 1, 0]"
91.b1,91b3,91,"[0, 1, 1, -117, -1245]"
91.b2,91b1,91,"[0, 1, 1, -7, 5]"
91.b3,91b2,91,"[0, 1, 1, 13, 42]"
92.a1,92b1,92,"[0, 0, 0, -1, 1]"
92.b1,92a2,92,"[0, 1, 0, -18, -43]"
92.b2,92a1,92,"[0, 1, 0, 2, 1]"
94.a1,94a2,94,"[1, -1, 1, -10, -9]"
94.a2,94a1,94,"[1, -1, 1, 0, -1]"
96.a1,96b2,96,"[0, -1, 0, -32, -60]"
96.a2,96b3,96,"[0, -1, 0, -17, 33]"
96.a3,96b1,96,"[0, -1, 0, -2, 0]"
96.a4,96b4,96,"[0, -1, 0, 8, -8]"
96.b1,96a3,96,"[0, 1, 0, -32, 60]"
96.b2,96a2,96,"[0, 1, 0, -17, -33]"
96.b3,96a1,96,"[0, 1, 0, -2, 0]"
96.b4,96a4,96,"[0, 1, 0, 8, 8]"
98.a1,98a6,98,"[1, 1, 0, -133795, 18781197]"
98.a2,98a5,98,"[1, 1, 0, -8355, 291341]"
98.a3,98a4,98,"[1, 1, 0, -1740, 22184]"
98.a4,98a2,98,"[1, 1, 0, -515, -4717]"
98.a5,98a1,98,"[1, 1, 0, -25, -111]"
98.a6,98a3,98,"[1, 1, 0, 220, 2192]"
99.a1,99a2,99,"[1, -1, 1, -17, 30]"
99.a2,99a1,99,"[1, -1, 1, -2, 0]"
99.b1,99b3,99,"[1, -1, 1, -1319, -18084]"
99.b2,99b2,99,"[1, -1, 1, -104, -102]"
99.b3,99b1,99,"[1, -1, 1, -59, 186]"
99.b4,99b4,99,"[1, -1, 1, 391, -1092]"
99.c1,99c2,99,"[1, -1, 0, -150, -667]"
99.c2,99c1,99,"[1, -1, 0, -15, 8]"
99.d1,99d3,99,"[0, 0, 1, -70383, 7187035]"
99.d2,99d2,99,"[0, 0, 1, -93, 625]"
99.d3,99d1,99,"[0, 0, 1, -3, -5]"
100.a1,100a3,100,"[0, -1, 0, -1033, -12438]"
100.a2,100a4,100,"[0, -1, 0, -908, -15688]"
100.a3,100a1,100,"[0, -1, 0, -33, 62]"
100.a4,100a2,100,"[0, -1, 0, 92, 312]"
101.a1,101a1,101,"[0, 1, 1, -1, -1]"
102.a1,102a1,102,"[1, 1, 0, -2, 0]"
102.a2,102a2,102,"[1, 1, 0, 8, 10]"
102.b1,102c3,102,"[1, 0, 1, -751, -6046]"
102.b2,102c1,102,"[1, 0, 1, -256, 1550]"
102.b3,102c2,102,"[1, 0, 1, -216, 2062]"
102.b4,102c4,102,"[1, 0, 1, 1809, -37790]"
102.c1,102b5,102,"[1, 0, 0, -27744, -1781010]"
102.c2,102b3,102,"[1, 0, 0, -1734, -27936]"
102.c3,102b6,102,"[1, 0, 0, -1644, -30942]"
102.c4,102b2,102,"[1, 0, 0, -114, -396]"
102.c5,102b1,102,"[1, 0, 0, -34, 68]"
102.c6,102b4,102,"[1, 0, 0, 226, -2232]"
104.a1,104a1,104,"[0, 1, 0, -16, -32]"
105.a1,105a3,105,"[1, 0, 1, -113, -469]"
105.a2,105a2,105,"[1, 0, 1, -8, -7]"
105.a3,105a1,105,"[1, 0, 1, -3, 1]"
105.a4,105a4,105,"[1, 0, 1, 17, -37]"
106.a1,106b1,106,"[1, 1, 0, -7, 5]"
106.b1,106d1,106,"[1, 1, 0, -27, -67]"
106.c1,106a2,106,"[1, 0, 0, -9, -29]"
106.c2,106a1,106,"[1, 0, 0, 1, 1]"
106.d1,106c2,106,"[1, 0, 0, -24603, -1487407]"
106.d2,106c1,106,"[1, 0, 0, -283, -2351]"
108.a1,108a2,108,"[0, 0, 0, 0, -108]"
108.a2,108a1,108,"[0, 0, 0, 0, 4]"
109.a1,109a1,109,"[1, -1, 0, -8, -7]"
110.a1,110c1,110,"[1, 0, 1, -89, 316]"
110.a2,110c2,110,"[1, 0, 1, 296, 1702]"
110.b1,110a2,110,"[1, 1, 1, -5940, -178685]"
110.b2,110a1,110,"[1, 1, 1, 10, -45]"
110.c1,110b1,110,"[1, 0, 0, -1, 1]"
110.c2,110b2,110,"[1, 0, 0, 9, -25]"
112.a1,112a2,112,"[0, 1, 0, -40, 84]"
112.a2,112a1,112,"[0, 1, 0, 0, 4]"
112.b1,112b3,112,"[0, 0, 0, -299, -1990]"
112.b2,112b4,112,"[0, 0, 0, -59, 138]"
112.b3,112b2,112,"[0, 0, 0, -19, -30]"
112.b4,112b1,112,"[0, 0, 0, 1, -2]"
112.c1,112c6,112,"[0, -1, 0, -43688, 3529328]"
112.c2,112c5,112,"[0, -1, 0, -2728, 55920]"
112.c3,112c4,112,"[0, -1, 0, -568, 4464]"
112.c4,112c2,112,"[0, -1, 0, -168, -784]"
112.c5,112c1,112,"[0, -1, 0, -8, -16]"
112.c6,112c3,112,"[0, -1, 0, 72, 368]"
113.a1,113a2,113,"[1, 1, 1, -2, -2]"
113.a2,113a1,113,"[1, 1, 1, 3, -4]"
114.a1,114b1,114,"[1, 1, 0, -95, -399]"
114.a2,114b2,114,"[1, 1, 0, -85, -473]"
114.b1,114c3,114,"[1, 1, 1, -87552, -10007679]"
114.b2,114c2,114,"[1, 1, 1, -5472, -158079]"
114.b3,114c4,114,"[1, 1, 1, -5312, -167551]"
114.b4,114c1,114,"[1, 1, 1, -352, -2431]"
114.c1,114a3,114,"[1, 0, 0, -428, -3444]"
114.c2,114a4,114,"[1, 0, 0, -418, -3610]"
114.c3,114a1,114,"[1, 0, 0, -8, 0]"
114.c4,114a2,114,"[1, 0, 0, 32, 8]"
115.a1,115a1,115,"[0, 0, 1, 7, -11]"
116.a1,116a1,116,"[0, 0, 0, -4831, -129242]"
116.b1,116b1,116,"[0, 1, 0, -4, 4]"
116.b2,116b2,116,"[0, 1, 0, 36, -76]"
116.c1,116c2,116,"[0, -1, 0, -9, 14]"
116.c2,116c1,116,"[0, -1, 0, -4, 24]"
117.a1,117a4,117,"[1, -1, 1, -626, 6180]"
117.a2,117a3,117,"[1, -1, 1, -176, -768]"
117.a3,117a2,117,"[1, -1, 1, -41, 96]"
117.a4,117a1,117,"[1, -1, 1, 4, 6]"
118.a1,118a1,118,"[1, 1, 0, 1, 1]"
118.b1,118d1,118,"[1, 1, 0, 56, -192]"
118.c1,118b1,118,"[1, 1, 1, -25, 39]"
118.c2,118b2,118,"[1, 1, 1, 115, -2481]"
118.d1,118c1,118,"[1, 1, 1, -4, -5]"
120.a1,120b3,120,"[0, 1, 0, -216, -1296]"
120.a2,120b4,120,"[0, 1, 0, -136, 560]"
120.a3,120b2,120,"[0, 1, 0, -16, -16]"
120.a4,120b1,120,"[0, 1, 0, 4, 0]"
120.b1,120a5,120,"[0, 1, 0, -3200, -70752]"
120.b2,120a3,120,"[0, 1, 0, -200, -1152]"
120.b3,120a6,120,"[0, 1, 0, -80, -2400]"
120.b4,120a2,120,"[0, 1, 0, -20, 0]"
120.b5,120a1,120,"[0, 1, 0, -15, 18]"
120.b6,120a4,120,"[0, 1, 0, 80, 80]"
121.a1,121a2,121,"[1, 1, 1, -305, 7888]"
121.a2,121a1,121,"[1, 1, 1, -30, -76]"
121.b1,121b2,121,"[0, -1, 1, -887, -10143]"
121.b2,121b1,121,"[0, -1, 1, -7, 10]"
121.c1,121c2,121,"[1, 1, 0, -3632, 82757]"
121.c2,121c1,121,"[1, 1, 0, -2, -7]"
121.d1,121d3,121,"[0, -1, 1, -946260, 354609639]"
121.d2,121d2,121,"[0, -1, 1, -1250, 31239]"
121.d3,121d1,121,"[0, -1, 1, -40, -221]"
122.a1,122a1,122,"[1, 0, 1, 2, 0]"
123.a1,123a1,123,"[0, 1, 1, -10, 10]"
123.a2,123a2,123,"[0, 1, 1, 20, -890]"
123.b1,123b1,123,"[0, -1, 1, 1, -1]"
124.a1,124a1,124,"[0, 1, 0, -2, 1]"
124.a2,124a2,124,"[0, 1, 0, 18, -11]"
124.b1,124b1,124,"[0, 0, 0, -17, -27]"
126.a1,126b3,126,"[1, -1, 0, -12096, -509036]"
126.a2,126b5,126,"[1, -1, 0, -8226, 286474]"
126.a3,126b4,126,"[1, -1, 0, -936, -3668]"
126.a4,126b2,126,"[1, -1, 0, -756, -7808]"
126.a5,126b1,126,"[1, -1, 0, -36, -176]"
126.a6,126b6,126,"[1, -1, 0, 3474, -31010]"
126.b1,126a6,126,"[1, -1, 1, -24575, 1488935]"
126.b2,126a5,126,"[1, -1, 1, -1535, 23591]"
126.b3,126a4,126,"[1, -1, 1, -320, 1883]"
126.b4,126a2,126,"[1, -1, 1, -95, -331]"
126.b5,126a1,126,"[1, -1, 1, -5, -7]"
126.b6,126a3,126,"[1, -1, 1, 40, 155]"
128.a1,128a2,128,"[0, 1, 0, -9, 7]"
128.a2,128a1,128,"[0, 1, 0, 1, 1]"
128.b1,128b2,128,"[0, 1, 0, -2, -2]"
128.b2,128b1,128,"[0, 1, 0, 3, -5]"
128.c1,128c2,128,"[0, -1, 0, -9, -7]"
128.c2,128c1,128,"[0, -1, 0, 1, -1]"
128.d1,128d2,128,"[0, -1, 0, -2, 2]"
128.d2,128d1,128,"[0, -1, 0, 3, 5]"
129.a1,129a1,129,"[0, -1, 1, -19, 39]"
129.b1,129b3,129,"[1, 0, 1, -245, 1433]"
129.b2,129b1,129,"[1, 0, 1, -30, -29]"
129.b3,129b2,129,"[1, 0, 1, -25, -49]"
129.b4,129b4,129,"[1, 0, 1, 105, -191]"
130.a1,130a3,130,"[1, 0, 1, -208, -1122]"
130.a2,130a1,130,"[1, 0, 1, -33, 68]"
130.a3,130a2,130,"[1, 0, 1, -13, 156]"
130.a4,130a4,130,"[1, 0, 1, 112, -4194]"
130.b1,130b3,130,"[1, -1, 1, -1387, -19529]"
130.b2,130b2,130,"[1, -1, 1, -87, -289]"
130.b3,130b4,130,"[1, -1, 1, -67, -441]"
130.b4,130b1,130,"[1, -1, 1, -7, -1]"
130.c1,130c1,130,"[1, 1, 1, -841, -9737]"
130.c2,130c2,130,"[1, 1, 1, -761, -11561]"
131.a1,131a1,131,"[0, -1, 1, 1, 0]"
132.a1,132b2,132,"[0, -1, 0, -1292, 18312]"
132.a2,132b1,132,"[0, -1, 0, -77, 330]"
132.b1,132a2,132,"[0, 1, 0, -12, -12]"
132.b2,132a1,132,"[0, 1, 0, 3, 0]"
135.a1,135a1,135,"[0, 0, 1, -3, 4]"
135.b1,135b1,135,"[0, 0, 1, -27, -115]"
136.a1,136a1,136,"[0, 1, 0, -4, 0]"
136.a2,136a2,136,"[0, 1, 0, 16, 16]"
136.b1,136b2,136,"[0, -1, 0, -48, 140]"
136.b2,136b1,136,"[0, -1, 0, -8, -4]"
138.a1,138a2,138,"[1, 1, 0, -31, 55]"
138.a2,138a1,138,"[1, 1, 0, -1, 1]"
138.b1,138b4,138,"[1, 0, 1, -771, 1342]"
138.b2,138b2,138,"[1, 0, 1, -576, 5266]"
138.b3,138b1,138,"[1, 0, 1, -36, 82]"
138.b4,138b3,138,"[1, 0, 1, 189, 190]"
138.c1,138c4,138,"[1, 1, 1, -247, 1391]"
138.c2,138c3,138,"[1, 1, 1, -107, -457]"
138.c3,138c2,138,"[1, 1, 1, -17, 11]"
138.c4,138c1,138,"[1, 1, 1, 3, 3]"
139.a1,139a1,139,"[1, 1, 0, -3, -4]"
140.a1,140a2,140,"[0, 1, 0, -805, -9065]"
140.a2,140a1,140,"[0, 1, 0, -5, -25]"
140.b1,140b1,140,"[0, 0, 0, 32, 212]"
141.a1,141a1,141,"[0, 1, 1, -12, 2]"
141.b1,141b2,141,"[1, 1, 1, -143, -718]"
141.b2,141b1,141,"[1, 1, 1, -8, -16]"
141.c1,141c4,141,"[1, 0, 0, -752, 7875]"
141.c2,141c3,141,"[1, 0, 0, -62, 33]"
141.c3,141c2,141,"[1, 0, 0, -47, 120]"
141.c4,141c1,141,"[1, 0, 0, -2, 3]"
141.d1,141d1,141,"[0, -1, 1, -1, 0]"
141.e1,141e1,141,"[0, 1, 1, -26, -61]"
142.a1,142b1,142,"[1, 1, 0, -1, -1]"
142.b1,142c2,142,"[1, -1, 0, -41, -91]"
142.b2,142c1,142,"[1, -1, 0, -1, -3]"
142.c1,142e1,142,"[1, -1, 0, -2626, 52244]"
142.d1,142a1,142,"[1, -1, 1, -12, 15]"
142.e1,142d2,142,"[1, 0, 0, -58, -170]"
142.e2,142d1,142,"[1, 0, 0, -8, 8]"
143.a1,143a1,143,"[0, -1, 1, -1, -2]"
144.a1,144a4,144,"[0, 0, 0, -135, 594]"
144.a2,144a2,144,"[0, 0, 0, -15, -22]"
144.a3,144a1,144,"[0, 0, 0, 0, -1]"
144.a4,144a3,144,"[0, 0, 0, 0, 27]"
144.b1,144b5,144,"[0, 0, 0, -3459, -78302]"
144.b2,144b4,144,"[0, 0, 0, -579, 5362]"
144.b3,144b3,144,"[0, 0, 0, -219, -1190]"
144.b4,144b2,144,"[0, 0, 0, -39, 70]"
144.b5,144b1,144,"[0, 0, 0, 6, 7]"
144.b6,144b6,144,"[0, 0, 0, 141, -4718]"
145.a1,145a1,145,"[1, -1, 1, -3, 2]"
145.a2,145a2,145,"[1, -1, 1, 2, 6]"
147.a1,147a5,147,"[1, 1, 1, -38417, 2882228]"
147.a2,147a4,147,"[1, 1, 1, -2402, 44246]"
147.a3,147a3,147,"[1, 1, 1, -1912, -32782]"
147.a4,147a6,147,"[1, 1, 1, -1667, 72764]"
147.a5,147a2,147,"[1, 1, 1, -197, 146]"
147.a6,147a1,147,"[1, 1, 1, 48, 48]"
147.b1,147c2,147,"[0, -1, 1, -912, 10919]"
147.b2,147c1,147,"[0, -1, 1, -2, -1]"
147.c1,147b2,147,"[0, 1, 1, -44704, -3655907]"
147.c2,147b1,147,"[0, 1, 1, -114, 473]"
148.a1,148a1,148,"[0, -1, 0, -5, 1]"
150.a1,150b4,150,"[1, 1, 0, -20700, 1134000]"
150.a2,150b2,150,"[1, 1, 0, -1325, -19125]"
150.a3,150b3,150,"[1, 1, 0, -700, 34000]"
150.a4,150b1,150,"[1, 1, 0, -75, -375]"
150.b1,150c7,150,"[1, 1, 1, -133338, -18795969]"
150.b2,150c8,150,"[1, 1, 1, -11338, -67969]"
150.b3,150c6,150,"[1, 1, 1, -8338, -295969]"
150.b4,150c5,150,"[1, 1, 1, -7213, 232781]"
150.b5,150c4,150,"[1, 1, 1, -1713, -24219]"
150.b6,150c2,150,"[1, 1, 1, -463, 3281]"
150.b7,150c3,150,"[1, 1, 1, -338, -7969]"
150.b8,150c1,150,"[1, 1, 1, 37, 281]"
150.c1,150a4,150,"[1, 0, 0, -828, 9072]"
150.c2,150a2,150,"[1, 0, 0, -53, -153]"
150.c3,150a3,150,"[1, 0, 0, -28, 272]"
150.c4,150a1,150,"[1, 0, 0, -3, -3]"
152.a1,152a1,152,"[0, 1, 0, -1, 3]"
152.b1,152b1,152,"[0, 1, 0, -8, -16]"
153.a1,153a1,153,"[0, 0, 1, -3, 2]"
153.b1,153b2,153,"[0, 0, 1, -534, 4752]"
153.b2,153b1,153,"[0, 0, 1, 6, 27]"
153.c1,153c3,153,"[1, -1, 0, -816, 9179]"
153.c2,153c2,153,"[1, -1, 0, -51, 152]"
153.c3,153c1,153,"[1, -1, 0, -6, -1]"
153.c4,153c4,153,"[1, -1, 0, -6, 377]"
153.d1,153d1,153,"[0, 0, 1, -27, -61]"
154.a1,154a2,154,"[1, -1, 0, -469, 4029]"
154.a2,154a1,154,"[1, -1, 0, -29, 69]"
154.b1,154c2,154,"[1, 1, 0, -234, -1480]"
154.b2,154c1,154,"[1, 1, 0, -14, -28]"
154.c1,154b3,154,"[1, -1, 1, -5164, -141529]"
154.c2,154b4,154,"[1, -1, 1, -604, 2343]"
154.c3,154b2,154,"[1, -1, 1, -324, -2137]"
154.c4,154b1,154,"[1, -1, 1, -4, -89]"
155.a1,155a2,155,"[0, -1, 1, -840, -9114]"
155.a2,155a1,155,"[0, -1, 1, 10, 6]"
155.b1,155b2,155,"[1, 1, 1, -26, -62]"
155.b2,155b1,155,"[1, 1, 1, -1, -2]"
155.c1,155c1,155,"[0, -1, 1, -1, 1]"
156.a1,156a2,156,"[0, -1, 0, -20, -24]"
156.a2,156a1,156,"[0, -1, 0, -5, 6]"
156.b1,156b4,156,"[0, 1, 0, -748, -7564]"
156.b2,156b3,156,"[0, 1, 0, -733, -7888]"
156.b3,156b2,156,"[0, 1, 0, -148, 644]"
156.b4,156b1,156,"[0, 1, 0, -13, -4]"
158.a1,158b1,158,"[1, 1, 0, -3, 1]"
158.b1,158d2,158,"[1, 0, 1, -5217, -145452]"
158.b2,158d1,158,"[1, 0, 1, -82, -92]"
158.b3,158d3,158,"[1, 0, 1, -47, 118]"
158.c1,158a1,158,"[1, -1, 1, -9, 9]"
158.d1,158c2,158,"[1, 1, 1, -23380, -1385691]"
158.d2,158c1,158,"[1, 1, 1, -420, 3109]"
158.e1,158e2,158,"[1, 1, 1, -9, 5]"
158.e2,158e1,158,"[1, 1, 1, 1, 1]"
160.a1,160a1,160,"[0, 1, 0, -6, 4]"
160.a2,160a2,160,"[0, 1, 0, -1, 15]"
160.b1,160b1,160,"[0, -1, 0, -6, -4]"
160.b2,160b2,160,"[0, -1, 0, -1, -15]"
161.a1,161a3,161,"[1, -1, 1, -124, 560]"
161.a2,161a1,161,"[1, -1, 1, -9, 8]"
161.a3,161a2,161,"[1, -1, 1, -4, -2]"
161.a4,161a4,161,"[1, -1, 1, 26, 36]"
162.a1,162a1,162,"[1, -1, 0, -6, 8]"
162.a2,162a2,162,"[1, -1, 0, 39, -19]"
162.b1,162c3,162,"[1, -1, 0, -1077, 13877]"
162.b2,162c4,162,"[1, -1, 0, -852, 19664]"
162.b3,162c2,162,"[1, -1, 0, -42, -100]"
162.b4,162c1,162,"[1, -1, 0, 3, -1]"
162.c1,162b4,162,"[1, -1, 1, -9695, -364985]"
162.c2,162b3,162,"[1, -1, 1, -95, -697]"
162.c3,162b1,162,"[1, -1, 1, -5, 5]"
162.c4,162b2,162,"[1, -1, 1, 25, 1]"
162.d1,162d2,162,"[1, -1, 1, -56, -161]"
162.d2,162d1,162,"[1, -1, 1, 4, -1]"
163.a1,163a1,163,"[0, 0, 1, -2, 1]"
166.a1,166a1,166,"[1, 1, 0, -6, 4]"
168.a1,168b4,168,"[0, -1, 0, -4032, 99900]"
168.a2,168b3,168,"[0, -1, 0, -392, -228]"
168.a3,168b2,168,"[0, -1, 0, -252, 1620]"
168.a4,168b1,168,"[0, -1, 0, -7, 52]"
168.b1,168a3,168,"[0, 1, 0, -152, 672]"
168.b2,168a2,168,"[0, 1, 0, -12, 0]"
168.b3,168a1,168,"[0, 1, 0, -7, -10]"
168.b4,168a4,168,"[0, 1, 0, 48, 48]"
170.a1,170b3,170,"[1, 0, 1, -4169, -20724]"
170.a2,170b1,170,"[1, 0, 1, -2554, 49452]"
170.a3,170b2,170,"[1, 0, 1, -2474, 52716]"
170.a4,170b4,170,"[1, 0, 1, 16311, -159988]"
170.b1,170a1,170,"[1, 0, 1, -8, 6]"
170.b2,170a2,170,"[1, 0, 1, 12, 38]"
170.c1,170d1,170,"[1, 0, 1, -3, 6]"
170.c2,170d2,170,"[1, 0, 1, 22, -164]"
170.d1,170e1,170,"[1, -1, 0, -10, -10]"
170.e1,170c2,170,"[1, 0, 0, -6641, -215575]"
170.e2,170c1,170,"[1, 0, 0, 399, -919]"
171.a1,171a3,171,"[1, -1, 1, -914, -10402]"
171.a2,171a2,171,"[1, -1, 1, -59, -142]"
171.a3,171a1,171,"[1, -1, 1, -14, 20]"
171.a4,171a4,171,"[1, -1, 1, 76, -790]"
171.b1,171b3,171,"[0, 0, 1, -6924, 221760]"
171.b2,171b2,171,"[0, 0, 1, -84, 315]"
171.b3,171b1,171,"[0, 0, 1, 6, 0]"
171.c1,171c2,171,"[0, 0, 1, -39513, 3023145]"
171.c2,171c1,171,"[0, 0, 1, 177, 1035]"
171.d1,171d1,171,"[0, 0, 1, -21, -41]"
172.a1,172a1,172,"[0, 1, 0, -13, 15]"
172.a2,172a2,172,"[0, 1, 0, 67, 79]"
174.a1,174e1,174,"[1, 1, 0, -56, -192]"
174.b1,174a1,174,"[1, 0, 1, -7705, 1226492]"
174.b2,174a2,174,"[1, 0, 1, 68840, -31810330]"
174.c1,174d3,174,"[1, 0, 1, -310, -2122]"
174.c2,174d4,174,"[1, 0, 1, -50, 86]"
174.c3,174d2,174,"[1, 0, 1, -20, -34]"
174.c4,174d1,174,"[1, 0, 1, 0, -2]"
174.d1,174c1,174,"[1, 1, 1, -5, -7]"
174.e1,174b2,174,"[1, 0, 0, -6511, -203353]"
174.e2,174b1,174,"[1, 0, 0, -1, 137]"
175.a1,175a2,175,"[0, -1, 1, -148, 748]"
175.a2,175a1,175,"[0, -1, 1, 2, -2]"
175.b1,175b3,175,"[0, -1, 1, -3283, -74657]"
175.b2,175b1,175,"[0, -1, 1, -33, 93]"
175.b3,175b2,175,"[0, -1, 1, 217, -282]"
175.c1,175c2,175,"[0, 1, 1, -3708, 86119]"
175.c2,175c1,175,"[0, 1, 1, 42, -131]"
176.a1,176c2,176,"[0, -1, 0, -77, 289]"
176.a2,176c1,176,"[0, -1, 0, 3, 1]"
176.b1,176b3,176,"[0, 1, 0, -125125, 16994227]"
176.b2,176b2,176,"[0, 1, 0, -165, 1427]"
176.b3,176b1,176,"[0, 1, 0, -5, -13]"
176.c1,176a1,176,"[0, 0, 0, -4, -4]"
178.a1,178b2,178,"[1, 1, 0, -684, 6608]"
178.a2,178b1,178,"[1, 1, 0, -44, 80]"
178.b1,178a2,178,"[1, 0, 0, -554, -5068]"
178.b2,178a1,178,"[1, 0, 0, 6, -28]"
179.a1,179a1,179,"[0, 0, 1, -1, -1]"
180.a1,180a3,180,"[0, 0, 0, -372, 2761]"
180.a2,180a4,180,"[0, 0, 0, -327, 3454]"
180.a3,180a1,180,"[0, 0, 0, -12, -11]"
180.a4,180a2,180,"[0, 0, 0, 33, -74]"
182.a1,182c1,182,"[1, 0, 1, -4609, 120244]"
182.b1,182e1,182,"[1, -1, 0, -22, 884]"
182.c1,182a4,182,"[1, -1, 1, -59134, 5547693]"
182.c2,182a3,182,"[1, -1, 1, -31294, -2081875]"
182.c3,182a2,182,"[1, -1, 1, -4254, 59693]"
182.c4,182a1,182,"[1, -1, 1, 866, 6445]"
182.d1,182b3,182,"[1, 0, 0, -15663, -755809]"
182.d2,182b2,182,"[1, 0, 0, -193, -1055]"
182.d3,182b1,182,"[1, 0, 0, 7, -7]"
182.e1,182d1,182,"[1, -1, 1, 3, -5]"
184.a1,184a1,184,"[0, -1, 0, 0, 1]"
184.b1,184b1,184,"[0, -1, 0, -4, 5]"
184.c1,184c2,184,"[0, 0, 0, -35, 62]"
184.c2,184c1,184,"[0, 0, 0, 5, 6]"
184.d1,184d1,184,"[0, 0, 0, -55, -157]"
185.a1,185a1,185,"[0, 1, 1, -156, 700]"
185.b1,185b1,185,"[0, -1, 1, -5, 6]"
185.c1,185c1,185,"[1, 0, 1, -4, -3]"
185.c2,185c2,185,"[1, 0, 1, 1, -9]"
186.a1,186a1,186,"[1, 1, 0, -83, -369]"
186.b1,186c1,186,"[1, 0, 1, -17, -28]"
186.c1,186b2,186,"[1, 0, 0, -1395, -20181]"
186.c2,186b1,186,"[1, 0, 0, 15, 9]"
187.a1,187a2,187,"[0, 1, 1, -99, -905]"
187.a2,187a1,187,"[0, 1, 1, 11, 30]"
187.b1,187b1,187,"[0, 0, 1, 7, 1]"
189.a1,189a1,189,"[0, 0, 1, -3, 0]"
189.b1,189b3,189,"[0, 0, 1, -3834, -91375]"
189.b2,189b2,189,"[0, 0, 1, -54, -88]"
189.b3,189b1,189,"[0, 0, 1, -24, 45]"
189.c1,189c3,189,"[0, 0, 1, -426, 3384]"
189.c2,189c2,189,"[0, 0, 1, -216, -1222]"
189.c3,189c1,189,"[0, 0, 1, -6, 3]"
189.d1,189d1,189,"[0, 0, 1, -27, -7]"
190.a1,190b1,190,"[1, 1, 0, 2, 2]"
190.b1,190a1,190,"[1, -1, 1, -48, 147]"
190.c1,190c2,190,"[1, 0, 0, -2780, -56650]"
190.c2,190c1,190,"[1, 0, 0, -30, -100]"
192.a1,192a3,192,"[0, -1, 0, -129, 609]"
192.a2,192a2,192,"[0, -1, 0, -9, 9]"
192.a3,192a1,192,"[0, -1, 0, -4, -2]"
192.a4,192a4,192,"[0, -1, 0, 31, 33]"
192.b1,192d5,192,"[0, -1, 0, -1537, 23713]"
192.b2,192d3,192,"[0, -1, 0, -257, -1503]"
192.b3,192d4,192,"[0, -1, 0, -97, 385]"
192.b4,192d2,192,"[0, -1, 0, -17, -15]"
192.b5,192d1,192,"[0, -1, 0, 3, -3]"
192.b6,192d6,192,"[0, -1, 0, 63, 1377]"
192.c1,192b3,192,"[0, 1, 0, -129, -609]"
192.c2,192b2,192,"[0, 1, 0, -9, -9]"
192.c3,192b1,192,"[0, 1, 0, -4, 2]"
192.c4,192b4,192,"[0, 1, 0, 31, -33]"
192.d1,192c5,192,"[0, 1, 0, -1537, -23713]"
192.d2,192c4,192,"[0, 1, 0, -257, 1503]"
192.d3,192c3,192,"[0, 1, 0, -97, -385]"
192.d4,192c2,192,"[0, 1, 0, -17, 15]"
192.d5,192c1,192,"[0, 1, 0, 3, 3]"
192.d6,192c6,192,"[0, 1, 0, 63, -1377]"
194.a1,194a2,194,"[1, -1, 1, -13, 19]"
194.a2,194a1,194,"[1, -1, 1, -3, -1]"
195.a1,195a7,195,"[1, 0, 0, -130000, -18051943]"
195.a2,195a5,195,"[1, 0, 0, -8125, -282568]"
195.a3,195a8,195,"[1, 0, 0, -7930, -296725]"
195.a4,195a3,195,"[1, 0, 0, -520, -4225]"
195.a5,195a2,195,"[1, 0, 0, -115, 392]"
195.a6,195a1,195,"[1, 0, 0, -110, 435]"
195.a7,195a4,195,"[1, 0, 0, 210, 2277]"
195.a8,195a6,195,"[1, 0, 0, 605, -19750]"
195.b1,195d1,195,"[0, -1, 1, -190, 1101]"
195.c1,195c1,195,"[0, 1, 1, -66, -349]"
195.d1,195b1,195,"[0, 1, 1, 0, -1]"
196.a1,196a2,196,"[0, -1, 0, -142, 701]"
196.a2,196a1,196,"[0, -1, 0, -2, 1]"
196.b1,196b2,196,"[0, 1, 0, -6974, -226507]"
196.b2,196b1,196,"[0, 1, 0, -114, -127]"
197.a1,197a1,197,"[0, 0, 1, -5, 4]"
198.a1,198a3,198,"[1, -1, 0, -3168, 69430]"
198.a2,198a2,198,"[1, -1, 0, -198, 1120]"
198.a3,198a4,198,"[1, -1, 0, -108, 2074]"
198.a4,198a1,198,"[1, -1, 0, -18, 4]"
198.b1,198d4,198,"[1, -1, 0, -9222, -338572]"
198.b2,198d3,198,"[1, -1, 0, -582, -5068]"
198.b3,198d2,198,"[1, -1, 0, -147, -135]"
198.b4,198d1,198,"[1, -1, 0, -87, 333]"
198.c1,198e3,198,"[1, -1, 0, -90585, 10516473]"
198.c2,198e4,198,"[1, -1, 0, -90495, 10538343]"
198.c3,198e1,198,"[1, -1, 0, -405, -2187]"
198.c4,198e2,198,"[1, -1, 0, 1035, -15147]"
198.d1,198c4,198,"[1, -1, 1, -1325, 4969]"
198.d2,198c2,198,"[1, -1, 1, -1025, 12881]"
198.d3,198c3,198,"[1, -1, 1, -785, -8207]"
198.d4,198c1,198,"[1, -1, 1, -65, 209]"
198.e1,198b3,198,"[1, -1, 1, -725, 7661]"
198.e2,198b4,198,"[1, -1, 1, -365, 15005]"
198.e3,198b1,198,"[1, -1, 1, -50, -115]"
198.e4,198b2,198,"[1, -1, 1, 40, -547]"
200.a1,200a1,200,"[0, 0, 0, 125, -1250]"
200.b1,200b2,200,"[0, 1, 0, -28, 48]"
200.b2,200b1,200,"[0, 1, 0, -3, -2]"
200.c1,200c3,200,"[0, 0, 0, -2675, -53250]"
200.c2,200c2,200,"[0, 0, 0, -175, -750]"
200.c3,200c1,200,"[0, 0, 0, -50, 125]"
200.c4,200c4,200,"[0, 0, 0, 325, -4250]"
200.d1,200d2,200,"[0, -1, 0, -708, 7412]"
200.d2,200d1,200,"[0, -1, 0, -83, -88]"
200.e1,200e1,200,"[0, 0, 0, 5, -10]"
201.a1,201a1,201,"[0, -1, 1, 2, 0]"
201.b1,201b1,201,"[1, 0, 0, -1, 2]"
201.c1,201c1,201,"[1, 1, 0, -794, 8289]"
202.a1,202a1,202,"[1, -1, 0, 4, -176]"
203.a1,203a2,203,"[0, -1, 1, -2150, -37668]"
203.a2,203a1,203,"[0, -1, 1, 20, -8]"
203.b1,203b1,203,"[1, 1, 1, 0, -2]"
203.c1,203c2,203,"[1, 1, 0, -154, 675]"
203.c2,203c1,203,"[1, 1, 0, -9, 8]"
204.a1,204a1,204,"[0, -1, 0, -1621, -24623]"
204.b1,204b1,204,"[0, 1, 0, -5, -9]"
205.a1,205a3,205,"[1, -1, 1, -232, -1286]"
205.a2,205a2,205,"[1, -1, 1, -27, 26]"
205.a3,205a1,205,"[1, -1, 1, -22, 44]"
205.a4,205a4,205,"[1, -1, 1, 98, 126]"
205.b1,205b1,205,"[1, 1, 1, -21, -46]"
205.b2,205b2,205,"[1, 1, 1, -16, -62]"
205.c1,205c2,205,"[1, 1, 0, -27, 44]"
205.c2,205c1,205,"[1, 1, 0, -2, -1]"
206.a1,206a2,206,"[1, 1, 0, -8, -10]"
206.a2,206a1,206,"[1, 1, 0, 2, 0]"
207.a1,207a2,207,"[1, -1, 1, -140, 668]"
207.a2,207a1,207,"[1, -1, 1, -5, 20]"
208.a1,208a3,208,"[0, -1, 0, -7352, 245104]"
208.a2,208a2,208,"[0, -1, 0, -72, 496]"
208.a3,208a1,208,"[0, -1, 0, 8, -16]"
208.b1,208b1,208,"[0, -1, 0, -16, 32]"
208.c1,208c2,208,"[0, 0, 0, -4, 3]"
208.c2,208c1,208,"[0, 0, 0, 1, 10]"
208.d1,208d2,208,"[0, 0, 0, -3403, 83834]"
208.d2,208d1,208,"[0, 0, 0, -43, -166]"
209.a1,209a1,209,"[0, 1, 1, -27, 55]"
209.a2,209a2,209,"[0, 1, 1, 193, -308]"
210.a1,210d3,210,"[1, 1, 0, -373, 2623]"
210.a2,210d2,210,"[1, 1, 0, -23, 33]"
210.a3,210d1,210,"[1, 1, 0, -3, -3]"
210.a4,210d4,210,"[1, 1, 0, 7, 147]"
210.b1,210b7,210,"[1, 0, 1, -351233, -80149132]"
210.b2,210b6,210,"[1, 0, 1, -21953, -1253644]"
210.b3,210b8,210,"[1, 0, 1, -20353, -1443724]"
210.b4,210b4,210,"[1, 0, 1, -4358, -109132]"
210.b5,210b3,210,"[1, 0, 1, -1473, -16652]"
210.b6,210b2,210,"[1, 0, 1, -578, 2756]"
210.b7,210b1,210,"[1, 0, 1, -498, 4228]"
210.b8,210b5,210,"[1, 0, 1, 1922, 20756]"
210.c1,210c5,210,"[1, 1, 1, -16800, -845133]"
210.c2,210c3,210,"[1, 1, 1, -1050, -13533]"
210.c3,210c6,210,"[1, 1, 1, -980, -15325]"
210.c4,210c4,210,"[1, 1, 1, -370, 2435]"
210.c5,210c2,210,"[1, 1, 1, -70, -205]"
210.c6,210c1,210,"[1, 1, 1, 10, -13]"
210.d1,210a7,210,"[1, 0, 0, -6451, 124931]"
210.d2,210a4,210,"[1, 0, 0, -5761, 167825]"
210.d3,210a6,210,"[1, 0, 0, -2701, -52819]"
210.d4,210a3,210,"[1, 0, 0, -2681, -53655]"
210.d5,210a2,210,"[1, 0, 0, -361, 2585]"
210.d6,210a5,210,"[1, 0, 0, -81, 6561]"
210.d7,210a1,210,"[1, 0, 0, -41, -39]"
210.d8,210a8,210,"[1, 0, 0, 729, -176985]"
210.e1,210e7,210,"[1, 0, 0, -1920800, -1024800150]"
210.e2,210e5,210,"[1, 0, 0, -120050, -16020000]"
210.e3,210e8,210,"[1, 0, 0, -119300, -16229850]"
210.e4,210e4,210,"[1, 0, 0, -15070, 710612]"
210.e5,210e3,210,"[1, 0, 0, -7550, -247500]"
210.e6,210e2,210,"[1, 0, 0, -1070, 7812]"
210.e7,210e1,210,"[1, 0, 0, 210, 900]"
210.e8,210e6,210,"[1, 0, 0, 1270, -789048]"
212.a1,212a1,212,"[0, -1, 0, -4, 8]"
212.b1,212b2,212,"[0, -1, 0, -17, -22]"
212.b2,212b1,212,"[0, -1, 0, -12, -40]"
213.a1,213a2,213,"[1, 0, 1, -15, 19]"
213.a2,213a1,213,"[1, 0, 1, 0, 1]"
214.a1,214b1,214,"[1, 0, 1, 1, 0]"
214.b1,214c1,214,"[1, 0, 1, -193, 1012]"
214.c1,214a1,214,"[1, 0, 0, -12, 16]"
214.d1,214d2,214,"[1, 0, 0, -18, -112]"
214.d2,214d1,214,"[1, 0, 0, 2, 4]"
215.a1,215a1,215,"[0, 0, 1, -8, -12]"
216.a1,216a1,216,"[0, 0, 0, -12, 20]"
216.b1,216b1,216,"[0, 0, 0, -3, -34]"
216.c1,216c1,216,"[0, 0, 0, -27, 918]"
216.d1,216d1,216,"[0, 0, 0, -108, -540]"
218.a1,218a1,218,"[1, 0, 0, -2, 4]"
218.a2,218a2,218,"[1, 0, 0, 18, -104]"
219.a1,219a1,219,"[0, -1, 1, -6, 8]"
219.b1,219b2,219,"[0, 1, 1, -27, -85]"
219.b2,219b1,219,"[0, 1, 1, 3, 2]"
219.c1,219c2,219,"[1, 1, 0, -1297, -18530]"
219.c2,219c1,219,"[1, 1, 0, -82, -305]"
220.a1,220a4,220,"[0, 1, 0, -7100, -232652]"
220.a2,220a3,220,"[0, 1, 0, -445, -3720]"
220.a3,220a2,220,"[0, 1, 0, -100, -252]"
220.a4,220a1,220,"[0, 1, 0, -45, 100]"
220.b1,220b2,220,"[0, -1, 0, -60, 200]"
220.b2,220b1,220,"[0, -1, 0, -5, 2]"
221.a1,221a2,221,"[1, -1, 1, -11718, 491144]"
221.a2,221a1,221,"[1, -1, 1, -733, 7804]"
221.b1,221b1,221,"[1, 1, 0, -59, 152]"
221.b2,221b2,221,"[1, 1, 0, -54, 185]"
222.a1,222e1,222,"[1, 1, 0, -182317, 29887645]"
222.b1,222c3,222,"[1, 1, 0, -804, -9108]"
222.b2,222c4,222,"[1, 1, 0, -604, 5428]"
222.b3,222c2,222,"[1, 1, 0, -64, -80]"
222.b4,222c1,222,"[1, 1, 0, 16, 0]"
222.c1,222d1,222,"[1, 0, 1, 1, -46]"
222.d1,222b1,222,"[1, 1, 1, 17, 179]"
222.e1,222a2,222,"[1, 0, 0, -148, -706]"
222.e2,222a1,222,"[1, 0, 0, 2, -4]"
224.a1,224a2,224,"[0, 1, 0, -8, -8]"
224.a2,224a1,224,"[0, 1, 0, 2, 0]"
224.b1,224b2,224,"[0, -1, 0, -8, 8]"
224.b2,224b1,224,"[0, -1, 0, 2, 0]"
225.a1,225e1,225,"[0, 0, 1, -75, 256]"
225.a2,225e2,225,"[0, 0, 1, 375, -12344]"
225.b1,225c7,225,"[1, -1, 1, -486005, 130530872]"
225.b2,225c5,225,"[1, -1, 1, -30380, 2044622]"
225.b3,225c8,225,"[1, -1, 1, -24755, 2820872]"
225.b4,225c3,225,"[1, -1, 1, -18005, -925378]"
225.b5,225c4,225,"[1, -1, 1, -2255, 19622]"
225.b6,225c2,225,"[1, -1, 1, -1130, -14128]"
225.b7,225c1,225,"[1, -1, 1, -5, -628]"
225.b8,225c6,225,"[1, -1, 1, 7870, 141122]"
225.c1,225a2,225,"[0, 0, 1, 0, -34]"
225.c2,225a1,225,"[0, 0, 1, 0, 1]"
225.d1,225b2,225,"[0, 0, 1, 0, -4219]"
225.d2,225b1,225,"[0, 0, 1, 0, 156]"
225.e1,225d2,225,"[0, 0, 1, -1875, 32031]"
225.e2,225d1,225,"[0, 0, 1, 15, -99]"
226.a1,226a2,226,"[1, 0, 0, -45, -119]"
226.a2,226a1,226,"[1, 0, 0, -5, 1]"
228.a1,228b1,228,"[0, -1, 0, 3, 9]"
228.b1,228a2,228,"[0, -1, 0, -92, 360]"
228.b2,228a1,228,"[0, -1, 0, 3, 18]"
229.a1,229a1,229,"[1, 0, 0, -2, -1]"
231.a1,231a5,231,"[1, 1, 1, -4519, -118810]"
231.a2,231a3,231,"[1, 1, 1, -284, -1924]"
231.a3,231a2,231,"[1, 1, 1, -39, 36]"
231.a4,231a1,231,"[1, 1, 1, -34, 62]"
231.a5,231a6,231,"[1, 1, 1, 31, -5578]"
231.a6,231a4,231,"[1, 1, 1, 126, 432]"
232.a1,232a1,232,"[0, -1, 0, 8, -4]"
232.b1,232b1,232,"[0, 1, 0, -80, -304]"
233.a1,233a2,233,"[1, 0, 1, -5, 3]"
233.a2,233a1,233,"[1, 0, 1, 0, 11]"
234.a1,234c2,234,"[1, -1, 0, -63, 209]"
234.a2,234c1,234,"[1, -1, 0, -3, 5]"
234.b1,234a2,234,"[1, -1, 0, -1914, 35846]"
234.b2,234a1,234,"[1, -1, 0, -24, -64]"
234.c1,234d3,234,"[1, -1, 1, -186656, -30992493]"
234.c2,234d4,234,"[1, -1, 1, -21056, 404115]"
234.c3,234d2,234,"[1, -1, 1, -11696, -479469]"
234.c4,234d1,234,"[1, -1, 1, -176, -18669]"
234.d1,234b2,234,"[1, -1, 1, -569, -5075]"
234.d2,234b1,234,"[1, -1, 1, -29, -107]"
234.e1,234e3,234,"[1, -1, 1, -4136, 103403]"
234.e2,234e2,234,"[1, -1, 1, -41, 209]"
234.e3,234e1,234,"[1, -1, 1, 4, -7]"
235.a1,235b1,235,"[1, 1, 1, -3551, -82926]"
235.b1,235a1,235,"[1, 1, 1, -5, 0]"
235.c1,235c1,235,"[0, -1, 1, 4, 1]"
236.a1,236a1,236,"[0, -1, 0, -1, 2]"
236.b1,236b1,236,"[0, 1, 0, -9, 8]"
236.b2,236b2,236,"[0, 1, 0, 31, 68]"
238.a1,238b2,238,"[1, -1, 0, -8, 6]"
238.a2,238b1,238,"[1, -1, 0, 2, 0]"
238.b1,238e2,238,"[1, 1, 0, -128, -160]"
238.b2,238e1,238,"[1, 1, 0, 32, 0]"
238.c1,238a2,238,"[1, 0, 0, -700, 7056]"
238.c2,238a1,238,"[1, 0, 0, -60, 16]"
238.d1,238c3,238,"[1, -1, 1, -529, -4545]"
238.d2,238c2,238,"[1, -1, 1, -39, -37]"
238.d3,238c1,238,"[1, -1, 1, -19, 35]"
238.d4,238c4,238,"[1, -1, 1, 131, -377]"
238.e1,238d2,238,"[1, 1, 1, -28, -5]"
238.e2,238d1,238,"[1, 1, 1, -18, -37]"
240.a1,240c4,240,"[0, -1, 0, -216, 1296]"
240.a2,240c3,240,"[0, -1, 0, -136, -560]"
240.a3,240c2,240,"[0, -1, 0, -16, 16]"
240.a4,240c1,240,"[0, -1, 0, 4, 0]"
240.b1,240b8,240,"[0, -1, 0, -85336, 9623536]"
240.b2,240b7,240,"[0, -1, 0, -7256, 34800]"
240.b3,240b6,240,"[0, -1, 0, -5336, 151536]"
240.b4,240b4,240,"[0, -1, 0, -4616, -119184]"
240.b5,240b5,240,"[0, -1, 0, -1096, 12400]"
240.b6,240b2,240,"[0, -1, 0, -296, -1680]"
240.b7,240b3,240,"[0, -1, 0, -216, 4080]"
240.b8,240b1,240,"[0, -1, 0, 24, -144]"
240.c1,240a5,240,"[0, -1, 0, -3200, 70752]"
240.c2,240a3,240,"[0, -1, 0, -200, 1152]"
240.c3,240a6,240,"[0, -1, 0, -80, 2400]"
240.c4,240a2,240,"[0, -1, 0, -20, 0]"
240.c5,240a1,240,"[0, -1, 0, -15, -18]"
240.c6,240a4,240,"[0, -1, 0, 80, -80]"
240.d1,240d7,240,"[0, 1, 0, -34560, 2461428]"
240.d2,240d5,240,"[0, 1, 0, -2160, 37908]"
240.d3,240d8,240,"[0, 1, 0, -1760, 52788]"
240.d4,240d3,240,"[0, 1, 0, -1280, -18060]"
240.d5,240d4,240,"[0, 1, 0, -160, 308]"
240.d6,240d2,240,"[0, 1, 0, -80, -300]"
240.d7,240d1,240,"[0, 1, 0, 0, -12]"
240.d8,240d6,240,"[0, 1, 0, 560, 2900]"
242.a1,242b2,242,"[1, 0, 1, -6295, -197958]"
242.a2,242b1,242,"[1, 0, 1, 360, -970]"
242.b1,242a2,242,"[1, 0, 0, -52, 144]"
242.b2,242a1,242,"[1, 0, 0, 3, 1]"
243.a1,243a1,243,"[0, 0, 1, 0, -1]"
243.a2,243a2,243,"[0, 0, 1, 0, 20]"
243.b1,243b2,243,"[0, 0, 1, 0, -61]"
243.b2,243b1,243,"[0, 0, 1, 0, 2]"
244.a1,244a1,244,"[0, 0, 0, 1, 6]"
245.a1,245a1,245,"[0, 0, 1, -7, 12]"
245.b1,245b1,245,"[0, 0, 1, -343, -4202]"
245.c1,245c3,245,"[0, -1, 1, -6435, 210006]"
245.c2,245c1,245,"[0, -1, 1, -65, -204]"
245.c3,245c2,245,"[0, -1, 1, 425, 433]"
246.a1,246d1,246,"[1, 1, 0, -66, 180]"
246.a2,246d2,246,"[1, 1, 0, -26, 444]"
246.b1,246g1,246,"[1, 1, 0, -41, -123]"
246.c1,246c1,246,"[1, 0, 1, -453897, -117739700]"
246.c2,246c2,246,"[1, 0, 1, -453257, -118088116]"
246.d1,246f1,246,"[1, 0, 1, -2, 2]"
246.d2,246f2,246,"[1, 0, 1, 13, -58]"
246.e1,246a1,246,"[1, 1, 1, -270, -1821]"
246.f1,246e3,246,"[1, 0, 0, -439, -3577]"
246.f2,246e2,246,"[1, 0, 0, -29, -51]"
246.f3,246e1,246,"[1, 0, 0, -9, 9]"
246.f4,246e4,246,"[1, 0, 0, 61, -285]"
246.g1,246b2,246,"[1, 0, 0, -579535, -169860007]"
246.g2,246b1,246,"[1, 0, 0, -175, -27847]"
248.a1,248a1,248,"[0, 1, 0, 0, 1]"
248.b1,248b2,248,"[0, 1, 0, -32, -32]"
248.b2,248b1,248,"[0, 1, 0, 8, 0]"
248.c1,248c1,248,"[0, 0, 0, 1, -1]"
249.a1,249a1,249,"[1, 1, 1, -55, 134]"
249.b1,249b1,249,"[1, 1, 0, 2, 1]"
252.a1,252b2,252,"[0, 0, 0, -327, 2270]"
252.a2,252b1,252,"[0, 0, 0, -12, 65]"
252.b1,252a4,252,"[0, 0, 0, -16455, 812446]"
252.b2,252a3,252,"[0, 0, 0, -1020, 12913]"
252.b3,252a2,252,"[0, 0, 0, -255, 502]"
252.b4,252a1,252,"[0, 0, 0, 60, 61]"
254.a1,254c1,254,"[1, -1, 0, -5, -3]"
254.b1,254a3,254,"[1, 0, 0, -24432, -1471934]"
254.b2,254a2,254,"[1, 0, 0, -302, -2036]"
254.b3,254a1,254,"[1, 0, 0, -22, 36]"
254.c1,254b2,254,"[1, 0, 0, -8, -2]"
254.c2,254b1,254,"[1, 0, 0, 2, 0]"
254.d1,254d4,254,"[1, -1, 1, -5419, 154883]"
254.d2,254d3,254,"[1, -1, 1, -379, 1891]"
254.d3,254d2,254,"[1, -1, 1, -339, 2483]"
254.d4,254d1,254,"[1, -1, 1, -19, 51]"
256.a1,256a2,256,"[0, 1, 0, -13, -21]"
256.a2,256a1,256,"[0, 1, 0, -3, 1]"
256.b1,256b1,256,"[0, 0, 0, -2, 0]"
256.b2,256b2,256,"[0, 0, 0, 8, 0]"
256.c1,256c2,256,"[0, 0, 0, -8, 0]"
256.c2,256c1,256,"[0, 0, 0, 2, 0]"
256.d1,256d2,256,"[0, -1, 0, -13, 21]"
256.d2,256d1,256,"[0, -1, 0, -3, -1]"
258.a1,258b1,258,"[1, 1, 0, -1916, 31440]"
258.a2,258b2,258,"[1, 1, 0, -1276, 53584]"
258.b1,258a1,258,"[1, 1, 0, 3, -3]"
258.c1,258c1,258,"[1, 0, 1, -15, 22]"
258.d1,258d3,258,"[1, 1, 1, -5504, -159463]"
258.d2,258d2,258,"[1, 1, 1, -344, -2599]"
258.d3,258d4,258,"[1, 1, 1, -304, -3175]"
258.d4,258d1,258,"[1, 1, 1, -24, -39]"
258.e1,258e1,258,"[1, 1, 1, -44124, 3549153]"
258.f1,258f2,258,"[1, 0, 0, -59901, -5648523]"
258.f2,258f1,258,"[1, 0, 0, 159, 1737]"
258.g1,258g1,258,"[1, 0, 0, -2, 0]"
258.g2,258g2,258,"[1, 0, 0, 8, 2]"
259.a1,259a2,259,"[1, -1, 0, -190, -957]"
259.a2,259a1,259,"[1, -1, 0, -5, -32]"
260.a1,260a1,260,"[0, -1, 0, -281, 1910]"
260.a2,260a2,260,"[0, -1, 0, -276, 1976]"
262.a1,262b1,262,"[1, -1, 0, -2, 2]"
262.b1,262a1,262,"[1, 0, 0, 1, 25]"
264.a1,264b3,264,"[0, -1, 0, -472, 4108]"
264.a2,264b2,264,"[0, -1, 0, -32, 60]"
264.a3,264b1,264,"[0, -1, 0, -12, -12]"
264.a4,264b4,264,"[0, -1, 0, 88, 300]"
264.b1,264c4,264,"[0, 1, 0, -704, 6960]"
264.b2,264c3,264,"[0, 1, 0, -104, -288]"
264.b3,264c2,264,"[0, 1, 0, -44, 96]"
264.b4,264c1,264,"[0, 1, 0, 1, 6]"
264.c1,264a1,264,"[0, 1, 0, -8, 0]"
264.c2,264a2,264,"[0, 1, 0, 32, 32]"
264.d1,264d1,264,"[0, 1, 0, -8016, -278928]"
264.d2,264d2,264,"[0, 1, 0, -7976, -281808]"
265.a1,265a1,265,"[1, -1, 1, -138, 656]"
265.a2,265a2,265,"[1, -1, 1, -133, 702]"
267.a1,267b1,267,"[0, -1, 1, -441, 6419]"
267.b1,267a1,267,"[0, 1, 1, -3, 2]"
267.b2,267a2,267,"[0, 1, 1, 27, -37]"
268.a1,268a1,268,"[0, -1, 0, 3, -7]"
269.a1,269a1,269,"[0, 0, 1, -2, -1]"
270.a1,270a1,270,"[1, -1, 0, -15, 35]"
270.a2,270a2,270,"[1, -1, 0, 120, -424]"
270.b1,270d1,270,"[1, -1, 0, -159, 813]"
270.b2,270d2,270,"[1, -1, 0, 66, 2708]"
270.c1,270b2,270,"[1, -1, 1, -1433, -20519]"
270.c2,270b1,270,"[1, -1, 1, 7, -103]"
270.d1,270c1,270,"[1, -1, 1, -2, -1]"
270.d2,270c2,270,"[1, -1, 1, 13, 11]"
272.a1,272a2,272,"[0, 1, 0, -48, -140]"
272.a2,272a1,272,"[0, 1, 0, -8, 4]"
272.b1,272b3,272,"[0, 0, 0, -1451, 21274]"
272.b2,272b2,272,"[0, 0, 0, -91, 330]"
272.b3,272b1,272,"[0, 0, 0, -11, -6]"
272.b4,272b4,272,"[0, 0, 0, -11, 890]"
272.c1,272c1,272,"[0, -1, 0, -4, 0]"
272.c2,272c2,272,"[0, -1, 0, 16, -16]"
272.d1,272d4,272,"[0, -1, 0, -1808, 21056]"
272.d2,272d3,272,"[0, -1, 0, -1648, 26304]"
272.d3,272d2,272,"[0, -1, 0, -688, -6720]"
272.d4,272d1,272,"[0, -1, 0, -48, -64]"
273.a1,273a1,273,"[0, -1, 1, -26, 68]"
273.b1,273b1,273,"[0, 1, 1, 2540, -157433]"
274.a1,274b1,274,"[1, -1, 0, -2846, 59156]"
274.b1,274c1,274,"[1, -1, 0, -2, 0]"
274.b2,274c2,274,"[1, -1, 0, 8, -6]"
274.c1,274a1,274,"[1, 0, 0, -7, 9]"
275.a1,275a4,275,"[1, -1, 1, -1480, 22272]"
275.a2,275a3,275,"[1, -1, 1, -730, -7228]"
275.a3,275a2,275,"[1, -1, 1, -105, 272]"
275.a4,275a1,275,"[1, -1, 1, 20, 22]"
275.b1,275b3,275,"[0, 1, 1, -195508, -33338481]"
275.b2,275b2,275,"[0, 1, 1, -258, -2981]"
275.b3,275b1,275,"[0, 1, 1, -8, 19]"
277.a1,277a1,277,"[1, 0, 1, 0, -1]"
278.a1,278b3,278,"[1, 0, 1, -602, 5628]"
278.a2,278b1,278,"[1, 0, 1, -537, 6908]"
278.a3,278b2,278,"[1, 0, 1, 4328, -100122]"
278.b1,278a1,278,"[1, 0, 0, -1, 9]"
280.a1,280b1,280,"[0, 0, 0, -412, 3316]"
280.b1,280a1,280,"[0, -1, 0, -1, 5]"
282.a1,282b2,282,"[1, 1, 1, -255, 1461]"
282.a2,282b1,282,"[1, 1, 1, -15, 21]"
282.b1,282a3,282,"[1, 1, 1, -3502, -81181]"
282.b2,282a4,282,"[1, 1, 1, -2142, 36771]"
282.b3,282a2,282,"[1, 1, 1, -262, -829]"
282.b4,282a1,282,"[1, 1, 1, 58, -61]"
285.a1,285a2,285,"[1, 0, 0, -76, -19]"
285.a2,285a1,285,"[1, 0, 0, 19, 0]"
285.b1,285b2,285,"[1, 1, 0, -93, -378]"
285.b2,285b1,285,"[1, 1, 0, 2, -17]"
285.c1,285c3,285,"[1, 1, 0, -6007, -181724]"
285.c2,285c4,285,"[1, 1, 0, -1237, 13054]"
285.c3,285c2,285,"[1, 1, 0, -382, -2849]"
285.c4,285c1,285,"[1, 1, 0, 23, -176]"
286.a1,286a1,286,"[1, 0, 1, -7, 42]"
286.a2,286a2,286,"[1, 0, 1, 58, -1128]"
286.b1,286c1,286,"[1, 1, 0, -33, 61]"
286.c1,286b1,286,"[1, 1, 1, 13, 177]"
286.d1,286d2,286,"[1, 1, 1, -27930, -1808687]"
286.d2,286d1,286,"[1, 1, 1, 280, 393]"
286.e1,286e1,286,"[1, 1, 1, -66, -313]"
286.f1,286f1,286,"[1, 1, 1, 0, -1]"
288.a1,288a2,288,"[0, 0, 0, -12, 0]"
288.a2,288a1,288,"[0, 0, 0, 3, 0]"
288.b1,288b2,288,"[0, 0, 0, -291, -1910]"
288.b2,288b3,288,"[0, 0, 0, -156, 736]"
288.b3,288b1,288,"[0, 0, 0, -21, -20]"
288.b4,288b4,288,"[0, 0, 0, 69, -146]"
288.c1,288c3,288,"[0, 0, 0, -291, 1910]"
288.c2,288c2,288,"[0, 0, 0, -156, -736]"
288.c3,288c1,288,"[0, 0, 0, -21, 20]"
288.c4,288c4,288,"[0, 0, 0, 69, 146]"
288.d1,288d2,288,"[0, 0, 0, -99, -378]"
288.d2,288d3,288,"[0, 0, 0, -99, 378]"
288.d3,288d1,288,"[0, 0, 0, -9, 0]"
288.d4,288d4,288,"[0, 0, 0, 36, 0]"
288.e1,288e2,288,"[0, 0, 0, -108, 0]"
288.e2,288e1,288,"[0, 0, 0, 27, 0]"
289.a1,289a3,289,"[1, -1, 1, -26209, -1626560]"
289.a2,289a2,289,"[1, -1, 1, -1644, -24922]"
289.a3,289a4,289,"[1, -1, 1, -199, -68272]"
289.a4,289a1,289,"[1, -1, 1, -199, 510]"
290.a1,290a1,290,"[1, -1, 0, -70, -204]"
290.a2,290a2,290,"[1, -1, 0, 10, -700]"
291.a1,291a1,291,"[0, -1, 1, -2174, 151262]"
291.b1,291b2,291,"[1, 1, 1, -654, -5910]"
291.b2,291b1,291,"[1, 1, 1, -169, 686]"
291.b3,291b3,291,"[1, 1, 1, -164, 740]"
291.b4,291b4,291,"[1, 1, 1, 236, 3926]"
291.c1,291c2,291,"[1, 1, 1, -18, -36]"
291.c2,291c1,291,"[1, 1, 1, -3, 0]"
291.d1,291d1,291,"[0, -1, 1, 0, -1]"
294.a1,294e2,294,"[1, 1, 0, -34864, 2503936]"
294.a2,294e1,294,"[1, 1, 0, 1151, 18901]"
294.b1,294f2,294,"[1, 1, 0, -6738, -209880]"
294.b2,294f1,294,"[1, 1, 0, 122, -10940]"
294.c1,294g2,294,"[1, 0, 1, -138, 592]"
294.c2,294g1,294,"[1, 0, 1, 2, 32]"
294.d1,294d2,294,"[1, 0, 1, -712, -7402]"
294.d2,294d1,294,"[1, 0, 1, 23, -52]"
294.e1,294a2,294,"[1, 1, 1, -6910, -232261]"
294.e2,294a1,294,"[1, 1, 1, -50, 293]"
294.f1,294b2,294,"[1, 0, 0, -141, 657]"
294.f2,294b1,294,"[1, 0, 0, -1, -1]"
294.g1,294c3,294,"[1, 0, 0, -65857, -6510547]"
294.g2,294c5,294,"[1, 0, 0, -44787, 3609423]"
294.g3,294c4,294,"[1, 0, 0, -5097, -49995]"
294.g4,294c2,294,"[1, 0, 0, -4117, -101935]"
294.g5,294c1,294,"[1, 0, 0, -197, -2367]"
294.g6,294c6,294,"[1, 0, 0, 18913, -381333]"
296.a1,296a1,296,"[0, -1, 0, -9, 13]"
296.b1,296b1,296,"[0, -1, 0, -33, 85]"
297.a1,297a1,297,"[0, 0, 1, -81, 290]"
297.b1,297b1,297,"[1, -1, 1, 1, 0]"
297.c1,297c1,297,"[1, -1, 0, 12, -19]"
297.d1,297d1,297,"[0, 0, 1, -9, -11]"
298.a1,298b1,298,"[1, -1, 0, 1, -1]"
298.b1,298a1,298,"[1, 0, 0, -19, 33]"
300.a1,300d1,300,"[0, -1, 0, -13, 22]"
300.a2,300d2,300,"[0, -1, 0, 12, 72]"
300.b1,300a2,300,"[0, -1, 0, -1213, -15863]"
300.b2,300a1,300,"[0, -1, 0, -13, -23]"
300.c1,300b2,300,"[0, 1, 0, -30333, -2043537]"
300.c2,300b1,300,"[0, 1, 0, -333, -3537]"
300.d1,300c1,300,"[0, 1, 0, -333, 2088]"
300.d2,300c2,300,"[0, 1, 0, 292, 9588]"
302.a1,302b2,302,"[1, 1, 0, -39, 77]"
302.a2,302b1,302,"[1, 1, 0, 1, 5]"
302.b1,302c1,302,"[1, -1, 1, 0, 3]"
302.c1,302a1,302,"[1, 1, 1, -230, 1251]"
302.c2,302a2,302,"[1, 1, 1, 1650, -27389]"
303.a1,303b1,303,"[0, 1, 1, -6, 2]"
303.b1,303a1,303,"[0, 1, 1, -197, -208]"
304.a1,304f1,304,"[0, 1, 0, -21, 31]"
304.b1,304c1,304,"[0, -1, 0, -8, 16]"
304.c1,304b3,304,"[0, -1, 0, -1368, 157168]"
304.c2,304b1,304,"[0, -1, 0, -248, -1424]"
304.c3,304b2,304,"[0, -1, 0, 152, -5776]"
304.d1,304a2,304,"[0, 1, 0, -1120, 15604]"
304.d2,304a1,304,"[0, 1, 0, 0, -76]"
304.e1,304d1,304,"[0, -1, 0, -1, -3]"
304.f1,304e3,304,"[0, -1, 0, -12309, 529757]"
304.f2,304e2,304,"[0, -1, 0, -149, 797]"
304.f3,304e1,304,"[0, -1, 0, 11, -3]"
306.a1,306b4,306,"[1, -1, 0, -1017, 8883]"
306.a2,306b3,306,"[1, -1, 0, -927, 11097]"
306.a3,306b2,306,"[1, -1, 0, -387, -2835]"
306.a4,306b1,306,"[1, -1, 0, -27, -27]"
306.b1,306c5,306,"[1, -1, 0, -249696, 48087270]"
306.b2,306c3,306,"[1, -1, 0, -15606, 754272]"
306.b3,306c6,306,"[1, -1, 0, -14796, 835434]"
306.b4,306c2,306,"[1, -1, 0, -1026, 10692]"
306.b5,306c1,306,"[1, -1, 0, -306, -1836]"
306.b6,306c4,306,"[1, -1, 0, 2034, 60264]"
306.c1,306a3,306,"[1, -1, 1, -6755, 163235]"
306.c2,306a1,306,"[1, -1, 1, -2300, -41857]"
306.c3,306a2,306,"[1, -1, 1, -1940, -55681]"
306.c4,306a4,306,"[1, -1, 1, 16285, 1020323]"
306.d1,306d1,306,"[1, -1, 1, -23, -21]"
306.d2,306d2,306,"[1, -1, 1, 67, -201]"
307.a1,307a1,307,"[0, 0, 1, -8, -9]"
307.b1,307b1,307,"[1, 1, 0, 0, -1]"
307.c1,307c1,307,"[0, 0, 1, 1, -1]"
307.d1,307d1,307,"[0, -1, 1, 2, -1]"
308.a1,308a1,308,"[0, -1, 0, -21, 49]"
309.a1,309a1,309,"[1, 0, 0, -6, 9]"
310.a1,310b4,310,"[1, 0, 0, -2046, 15376]"
310.a2,310b2,310,"[1, 0, 0, -1706, 26980]"
310.a3,310b1,310,"[1, 0, 0, -106, 420]"
310.a4,310b3,310,"[1, 0, 0, 454, 1876]"
310.b1,310a2,310,"[1, 1, 1, -1066, -13841]"
310.b2,310a1,310,"[1, 1, 1, -66, -241]"
312.a1,312d3,312,"[0, -1, 0, -304, -1892]"
312.a2,312d2,312,"[0, -1, 0, -44, 84]"
312.a3,312d1,312,"[0, -1, 0, -39, 108]"
312.a4,312d4,312,"[0, -1, 0, 136, 444]"
312.b1,312b1,312,"[0, -1, 0, -3, 0]"
312.b2,312b2,312,"[0, -1, 0, 12, -12]"
312.c1,312e1,312,"[0, -1, 0, -651, 6228]"
312.c2,312e2,312,"[0, -1, 0, 564, 25668]"
312.d1,312f2,312,"[0, 1, 0, -60, 144]"
312.d2,312f1,312,"[0, 1, 0, 5, 14]"
312.e1,312a2,312,"[0, 1, 0, -68, -240]"
312.e2,312a1,312,"[0, 1, 0, -3, -6]"
312.f1,312c3,312,"[0, 1, 0, -832, -9520]"
312.f2,312c2,312,"[0, 1, 0, -52, -160]"
312.f3,312c1,312,"[0, 1, 0, -7, 2]"
312.f4,312c4,312,"[0, 1, 0, 8, -448]"
314.a1,314a1,314,"[1, -1, 0, 13, -11]"
315.a1,315b3,315,"[1, -1, 1, -1013, 12656]"
315.a2,315b2,315,"[1, -1, 1, -68, 182]"
315.a3,315b1,315,"[1, -1, 1, -23, -34]"
315.a4,315b4,315,"[1, -1, 1, 157, 992]"
315.b1,315a3,315,"[0, 0, 1, -1182, 16362]"
315.b2,315a1,315,"[0, 0, 1, -12, -18]"
315.b3,315a2,315,"[0, 0, 1, 78, 45]"
316.a1,316b1,316,"[0, 0, 0, -7, -2]"
316.b1,316a1,316,"[0, -1, 0, -180, -872]"
318.a1,318c1,318,"[1, 1, 0, 7, -9]"
318.b1,318e1,318,"[1, 1, 0, 142, 180]"
318.c1,318b1,318,"[1, 0, 1, -61, 176]"
318.c2,318b2,318,"[1, 0, 1, 44, 722]"
318.d1,318d1,318,"[1, 1, 1, -12, 45]"
318.e1,318a1,318,"[1, 1, 1, 2, -7]"
319.a1,319a1,319,"[0, 0, 1, -37, -87]"
320.a1,320f3,320,"[0, 1, 0, -165, 763]"
320.a2,320f4,320,"[0, 1, 0, -145, 975]"
320.a3,320f1,320,"[0, 1, 0, -5, -5]"
320.a4,320f2,320,"[0, 1, 0, 15, -17]"
320.b1,320e2,320,"[0, 1, 0, -25, -57]"
320.b2,320e1,320,"[0, 1, 0, 0, -2]"
320.c1,320b3,320,"[0, 0, 0, -428, -3408]"
320.c2,320b2,320,"[0, 0, 0, -28, -48]"
320.c3,320b1,320,"[0, 0, 0, -8, 8]"
320.c4,320b4,320,"[0, 0, 0, 52, -272]"
320.d1,320a3,320,"[0, 0, 0, -428, 3408]"
320.d2,320a2,320,"[0, 0, 0, -28, 48]"
320.d3,320a1,320,"[0, 0, 0, -8, -8]"
320.d4,320a4,320,"[0, 0, 0, 52, 272]"
320.e1,320d2,320,"[0, -1, 0, -25, 57]"
320.e2,320d1,320,"[0, -1, 0, 0, 2]"
320.f1,320c3,320,"[0, -1, 0, -165, -763]"
320.f2,320c4,320,"[0, -1, 0, -145, -975]"
320.f3,320c1,320,"[0, -1, 0, -5, 5]"
320.f4,320c2,320,"[0, -1, 0, 15, 17]"
322.a1,322a2,322,"[1, -1, 0, -238, 1470]"
322.a2,322a1,322,"[1, -1, 0, -8, 44]"
322.b1,322b2,322,"[1, 1, 0, -605, 5117]"
322.b2,322b1,322,"[1, 1, 0, 35, 381]"
322.c1,322d2,322,"[1, 0, 0, -174, 868]"
322.c2,322d1,322,"[1, 0, 0, -14, 4]"
322.d1,322c2,322,"[1, 1, 1, -14, -23]"
322.d2,322c1,322,"[1, 1, 1, -4, 1]"
323.a1,323a1,323,"[0, 0, 1, -46, 277]"
324.a1,324c2,324,"[0, 0, 0, -189, -999]"
324.a2,324c1,324,"[0, 0, 0, -9, 9]"
324.b1,324d1,324,"[0, 0, 0, -39, 94]"
324.b2,324d2,324,"[0, 0, 0, 81, 486]"
324.c1,324a2,324,"[0, 0, 0, -81, -243]"
324.c2,324a1,324,"[0, 0, 0, -21, 37]"
324.d1,324b2,324,"[0, 0, 0, -351, -2538]"
324.d2,324b1,324,"[0, 0, 0, 9, -18]"
325.a1,325e2,325,"[0, -1, 1, -12708, -547182]"
325.a2,325e1,325,"[0, -1, 1, -98, 378]"
325.b1,325b2,325,"[0, -1, 1, -53, -132]"
325.b2,325b1,325,"[0, -1, 1, -3, 3]"
325.c1,325a2,325,"[0, 1, 1, -1333, -19131]"
325.c2,325a1,325,"[0, 1, 1, -83, 244]"
325.d1,325c1,325,"[1, 1, 0, -25, 0]"
325.d2,325c2,325,"[1, 1, 0, 100, 125]"
325.e1,325d2,325,"[0, 1, 1, -2458, 42369]"
325.e2,325d1,325,"[0, 1, 1, -508, -4581]"
326.a1,326c2,326,"[1, 0, 1, -14210, -653100]"
326.a2,326c1,326,"[1, 0, 1, -355, 1182]"
326.a3,326c3,326,"[1, 0, 1, -300, 1970]"
326.b1,326a1,326,"[1, -1, 0, -80, -256]"
326.c1,326b1,326,"[1, 0, 0, -6, 4]"
327.a1,327a1,327,"[1, 0, 0, 4, -3]"
328.a1,328a1,328,"[0, 0, 0, -11, -10]"
328.a2,328a2,328,"[0, 0, 0, 29, -66]"
328.b1,328b1,328,"[0, -1, 0, -12, 20]"
328.b2,328b2,328,"[0, -1, 0, 8, 60]"
329.a1,329a1,329,"[1, 1, 1, 246, -1376]"
330.a1,330a3,330,"[1, 1, 0, -4163, 77343]"
330.a2,330a2,330,"[1, 1, 0, -1413, -20007]"
330.a3,330a1,330,"[1, 1, 0, -1393, -20603]"
330.a4,330a4,330,"[1, 1, 0, 1017, -78813]"
330.b1,330e3,330,"[1, 1, 0, -1602, 24024]"
330.b2,330e2,330,"[1, 1, 0, -102, 324]"
330.b3,330e1,330,"[1, 1, 0, -22, -44]"
330.b4,330e4,330,"[1, 1, 0, 118, 1776]"
330.c1,330d3,330,"[1, 1, 1, -1832906, -955821481]"
330.c2,330d2,330,"[1, 1, 1, -122186, -12872617]"
330.c3,330d1,330,"[1, 1, 1, -40266, 2921559]"
330.c4,330d4,330,"[1, 1, 1, 277814, -79112617]"
330.d1,330c5,330,"[1, 1, 1, -171085, -27308713]"
330.d2,330c4,330,"[1, 1, 1, -11825, 488927]"
330.d3,330c3,330,"[1, 1, 1, -10705, -429025]"
330.d4,330c6,330,"[1, 1, 1, -5205, -862425]"
330.d5,330c2,330,"[1, 1, 1, -1025, 767]"
330.d6,330c1,330,"[1, 1, 1, 255, 255]"
330.e1,330b5,330,"[1, 0, 0, -3885, -93525]"
330.e2,330b4,330,"[1, 0, 0, -1175, 15405]"
330.e3,330b3,330,"[1, 0, 0, -255, -1323]"
330.e4,330b2,330,"[1, 0, 0, -75, 225]"
330.e5,330b1,330,"[1, 0, 0, 5, 17]"
330.e6,330b6,330,"[1, 0, 0, 495, -7473]"
331.a1,331a1,331,"[1, 0, 0, -5, 4]"
333.a1,333c2,333,"[1, -1, 1, -14, -14]"
333.a2,333c1,333,"[1, -1, 1, 1, -2]"
333.b1,333a3,333,"[0, 0, 1, -16860, 842625]"
333.b2,333a2,333,"[0, 0, 1, -210, 1134]"
333.b3,333a1,333,"[0, 0, 1, -30, -63]"
333.c1,333b2,333,"[1, -1, 0, -123, 494]"
333.c2,333b1,333,"[1, -1, 0, 12, 35]"
333.d1,333d1,333,"[0, 0, 1, -9, -7]"
334.a1,334a1,334,"[1, -1, 1, -1, -1]"
335.a1,335a1,335,"[0, 0, 1, -2, 2]"
336.a1,336e5,336,"[0, -1, 0, -12544, 544960]"
336.a2,336e4,336,"[0, -1, 0, -784, 8704]"
336.a3,336e3,336,"[0, -1, 0, -624, -5760]"
336.a4,336e6,336,"[0, -1, 0, -544, 13888]"
336.a5,336e2,336,"[0, -1, 0, -64, 64]"
336.a6,336e1,336,"[0, -1, 0, 16, 0]"
336.b1,336a4,336,"[0, -1, 0, -1828, 30700]"
336.b2,336a3,336,"[0, -1, 0, -113, 516]"
336.b3,336a2,336,"[0, -1, 0, -28, 28]"
336.b4,336a1,336,"[0, -1, 0, 7, 0]"
336.c1,336b3,336,"[0, -1, 0, -152, -672]"
336.c2,336b2,336,"[0, -1, 0, -12, 0]"
336.c3,336b1,336,"[0, -1, 0, -7, 10]"
336.c4,336b4,336,"[0, -1, 0, 48, -48]"
336.d1,336d3,336,"[0, 1, 0, -21504, -1220940]"
336.d2,336d5,336,"[0, 1, 0, -14624, 669300]"
336.d3,336d4,336,"[0, 1, 0, -1664, -9804]"
336.d4,336d2,336,"[0, 1, 0, -1344, -19404]"
336.d5,336d1,336,"[0, 1, 0, -64, -460]"
336.d6,336d6,336,"[0, 1, 0, 6176, -69388]"
336.e1,336c3,336,"[0, 1, 0, -4032, -99900]"
336.e2,336c4,336,"[0, 1, 0, -392, 228]"
336.e3,336c2,336,"[0, 1, 0, -252, -1620]"
336.e4,336c1,336,"[0, 1, 0, -7, -52]"
336.f1,336f2,336,"[0, 1, 0, -36, 72]"
336.f2,336f1,336,"[0, 1, 0, -1, 2]"
338.a1,338f2,338,"[1, -1, 0, -35944, -2868878]"
338.a2,338f1,338,"[1, -1, 0, -454, 5812]"
338.b1,338d2,338,"[1, 1, 0, -54421, 4945517]"
338.b2,338d1,338,"[1, 1, 0, 504, -13112]"
338.c1,338a2,338,"[1, -1, 0, -389, -2859]"
338.c2,338a1,338,"[1, -1, 0, 1, 1]"
338.d1,338e2,338,"[1, 1, 1, -322, 2127]"
338.d2,338e1,338,"[1, 1, 1, 3, -5]"
338.e1,338b2,338,"[1, -1, 1, -65773, -6478507]"
338.e2,338b1,338,"[1, -1, 1, 137, 2643]"
338.f1,338c3,338,"[1, 0, 0, -77659, -8336303]"
338.f2,338c2,338,"[1, 0, 0, -764, -16264]"
338.f3,338c1,338,"[1, 0, 0, 81, 467]"
339.a1,339c1,339,"[0, 1, 1, -2, 2]"
339.b1,339a1,339,"[0, 1, 1, -441, 3422]"
339.c1,339b1,339,"[0, -1, 1, -112, 501]"
340.a1,340a1,340,"[0, 0, 0, -28, 57]"
340.a2,340a2,340,"[0, 0, 0, -23, 78]"
342.a1,342e2,342,"[1, -1, 0, -33, -65]"
342.a2,342e1,342,"[1, -1, 0, -3, 1]"
342.b1,342f3,342,"[1, -1, 0, -787968, 269419360]"
342.b2,342f2,342,"[1, -1, 0, -49248, 4218880]"
342.b3,342f4,342,"[1, -1, 0, -47808, 4476064]"
342.b4,342f1,342,"[1, -1, 0, -3168, 62464]"
342.c1,342c3,342,"[1, -1, 0, -3852, 92988]"
342.c2,342c4,342,"[1, -1, 0, -3762, 97470]"
342.c3,342c1,342,"[1, -1, 0, -72, 0]"
342.c4,342c2,342,"[1, -1, 0, 288, -216]"
342.d1,342g2,342,"[1, -1, 0, -630, 6898]"
342.d2,342g1,342,"[1, -1, 0, 0, -32]"
342.e1,342a3,342,"[1, -1, 1, -770, 66305]"
342.e2,342a1,342,"[1, -1, 1, -140, -601]"
342.e3,342a2,342,"[1, -1, 1, 85, -2437]"
342.f1,342b1,342,"[1, -1, 1, -860, 9915]"
342.f2,342b2,342,"[1, -1, 1, -770, 12003]"
342.g1,342d2,342,"[1, -1, 1, -299, 2053]"
342.g2,342d1,342,"[1, -1, 1, -29, 1]"
344.a1,344a1,344,"[0, 0, 0, 4, 4]"
345.a1,345f1,345,"[0, 1, 1, -100, 406]"
345.b1,345d3,345,"[1, 0, 0, -411, -3234]"
345.b2,345d4,345,"[1, 0, 0, -381, 2820]"
345.b3,345d2,345,"[1, 0, 0, -36, -9]"
345.b4,345d1,345,"[1, 0, 0, 9, 0]"
345.c1,345a1,345,"[0, -1, 1, -731, -7369]"
345.d1,345b1,345,"[0, 1, 1, -1, 1]"
345.e1,345c4,345,"[1, 0, 1, -30134, 2010071]"
345.e2,345c3,345,"[1, 0, 1, -16564, -807613]"
345.e3,345c2,345,"[1, 0, 1, -2189, 20387]"
345.e4,345c1,345,"[1, 0, 1, 456, 2401]"
345.f1,345e1,345,"[0, -1, 1, 30, -97]"
346.a1,346b1,346,"[1, 1, 1, -7, -3]"
346.b1,346a1,346,"[1, 0, 0, -16, -26]"
347.a1,347a1,347,"[0, 1, 1, 2, 0]"
348.a1,348c1,348,"[0, -1, 0, -94, 3973]"
348.b1,348a1,348,"[0, -1, 0, 2, 1]"
348.c1,348d1,348,"[0, 1, 0, -50, 129]"
348.d1,348b1,348,"[0, 1, 0, -2, -3]"
350.a1,350c2,350,"[1, 1, 0, -45, -185]"
350.a2,350c1,350,"[1, 1, 0, 5, 5]"
350.b1,350a3,350,"[1, -1, 0, -6692, -209034]"
350.b2,350a4,350,"[1, -1, 0, -2192, 37466]"
350.b3,350a2,350,"[1, -1, 0, -442, -2784]"
350.b4,350a1,350,"[1, -1, 0, 58, -284]"
350.c1,350e1,350,"[1, -1, 0, -4492, 126416]"
350.d1,350f1,350,"[1, -1, 1, -180, 1047]"
350.e1,350b2,350,"[1, 0, 0, -1138, -20858]"
350.e2,350b1,350,"[1, 0, 0, 112, 392]"
350.f1,350d6,350,"[1, 1, 1, -68263, -6893219]"
350.f2,350d5,350,"[1, 1, 1, -4263, -109219]"
350.f3,350d4,350,"[1, 1, 1, -888, -8719]"
350.f4,350d2,350,"[1, 1, 1, -263, 1531]"
350.f5,350d1,350,"[1, 1, 1, -13, 31]"
350.f6,350d3,350,"[1, 1, 1, 112, -719]"
352.a1,352f1,352,"[0, 0, 0, 8, 112]"
352.b1,352d1,352,"[0, -1, 0, 3, -11]"
352.c1,352c1,352,"[0, -1, 0, -45, 133]"
352.d1,352b1,352,"[0, 1, 0, 3, 11]"
352.e1,352a1,352,"[0, 1, 0, -45, -133]"
352.f1,352e1,352,"[0, 0, 0, 8, -112]"
353.a1,353a2,353,"[1, 1, 1, -7, 4]"
353.a2,353a1,353,"[1, 1, 1, -2, 16]"
354.a1,354c1,354,"[1, 1, 0, -715, 7069]"
354.b1,354d3,354,"[1, 1, 0, -644, 6018]"
354.b2,354d2,354,"[1, 1, 0, -54, 0]"
354.b3,354d1,354,"[1, 1, 0, -34, -92]"
354.b4,354d4,354,"[1, 1, 0, 216, 270]"
354.c1,354b2,354,"[1, 0, 1, -216, -1250]"
354.c2,354b1,354,"[1, 0, 1, 9, -8]"
354.d1,354f1,354,"[1, 1, 1, -5, 11]"
354.e1,354a1,354,"[1, 1, 1, -3, -3]"
354.e2,354a2,354,"[1, 1, 1, 7, -7]"
354.f1,354e1,354,"[1, 1, 1, -23511, -1393299]"
354.f2,354e2,354,"[1, 1, 1, -13271, -2601619]"
355.a1,355a2,355,"[0, 1, 1, -95, -396]"
355.a2,355a1,355,"[0, 1, 1, 5, -1]"
356.a1,356a1,356,"[0, -1, 0, 4, -8]"
357.a1,357d1,357,"[0, 1, 1, -42, 110]"
357.b1,357a1,357,"[0, -1, 1, 3565, 72914]"
357.c1,357b1,357,"[0, -1, 1, -5, -16]"
357.d1,357c1,357,"[0, 1, 1, 20, -17]"
358.a1,358a1,358,"[1, 1, 0, 55, 197]"
358.b1,358b1,358,"[1, 0, 0, -18, 28]"
358.b2,358b2,358,"[1, 0, 0, 32, 150]"
359.a1,359b1,359,"[1, -1, 1, -7, 8]"
359.b1,359a1,359,"[1, 0, 1, -23, 39]"
360.a1,360e3,360,"[0, 0, 0, -963, 11502]"
360.a2,360e2,360,"[0, 0, 0, -63, 162]"
360.a3,360e1,360,"[0, 0, 0, -18, -27]"
360.a4,360e4,360,"[0, 0, 0, 117, 918]"
360.b1,360a5,360,"[0, 0, 0, -28803, 1881502]"
360.b2,360a3,360,"[0, 0, 0, -1803, 29302]"
360.b3,360a6,360,"[0, 0, 0, -723, 64078]"
360.b4,360a2,360,"[0, 0, 0, -183, -182]"
360.b5,360a1,360,"[0, 0, 0, -138, -623]"
360.b6,360a4,360,"[0, 0, 0, 717, -1442]"
360.c1,360b2,360,"[0, 0, 0, -123, -522]"
360.c2,360b1,360,"[0, 0, 0, -3, -18]"
360.d1,360c2,360,"[0, 0, 0, -1107, 14094]"
360.d2,360c1,360,"[0, 0, 0, -27, 486]"
360.e1,360d4,360,"[0, 0, 0, -1947, 33046]"
360.e2,360d3,360,"[0, 0, 0, -1227, -16346]"
360.e3,360d2,360,"[0, 0, 0, -147, 286]"
360.e4,360d1,360,"[0, 0, 0, 33, 34]"
361.a1,361a2,361,"[0, 0, 1, -13718, -619025]"
361.a2,361a1,361,"[0, 0, 1, -38, 90]"
361.b1,361b3,361,"[0, -1, 1, -277729, 56427893]"
361.b2,361b2,361,"[0, -1, 1, -3369, 81208]"
361.b3,361b1,361,"[0, -1, 1, 241, -17]"
362.a1,362a1,362,"[1, 1, 0, -4, 2]"
362.b1,362b1,362,"[1, 1, 1, 6, 7]"
363.a1,363c1,363,"[0, -1, 1, 444, -826]"
363.b1,363a3,363,"[1, 1, 1, -17729, -915100]"
363.b2,363a2,363,"[1, 1, 1, -1394, -6874]"
363.b3,363a1,363,"[1, 1, 1, -789, 8130]"
363.b4,363a4,363,"[1, 1, 1, 5261, -46804]"
363.c1,363b1,363,"[0, -1, 1, 4, -1]"
364.a1,364b1,364,"[0, 1, 0, -5, 7]"
364.b1,364a1,364,"[0, 0, 0, -584, 5444]"
366.a1,366e3,366,"[1, 1, 0, -1301, -18615]"
366.a2,366e4,366,"[1, 1, 0, -141, 129]"
366.a3,366e2,366,"[1, 1, 0, -81, -315]"
366.a4,366e1,366,"[1, 1, 0, -1, -11]"
366.b1,366f1,366,"[1, 0, 1, -5, 20]"
366.b2,366f2,366,"[1, 0, 1, 40, -538]"
366.c1,366c1,366,"[1, 0, 1, -913, -10780]"
366.d1,366g1,366,"[1, 1, 1, -32, 65]"
366.e1,366d1,366,"[1, 1, 1, -7096, -233095]"
366.f1,366b2,366,"[1, 0, 0, -515, -5697]"
366.f2,366b1,366,"[1, 0, 0, -5, 33]"
366.g1,366a1,366,"[1, 0, 0, -205, -1147]"
368.a1,368g1,368,"[0, 0, 0, -55, 157]"
368.b1,368e2,368,"[0, -1, 0, -18, 43]"
368.b2,368e1,368,"[0, -1, 0, 2, -1]"
368.c1,368a2,368,"[0, 0, 0, -35, -62]"
368.c2,368a1,368,"[0, 0, 0, 5, -6]"
368.d1,368b2,368,"[0, 0, 0, -2723, 54690]"
368.d2,368b1,368,"[0, 0, 0, -163, 930]"
368.e1,368d1,368,"[0, 1, 0, 0, -1]"
368.f1,368c1,368,"[0, 1, 0, -4, -5]"
368.g1,368f1,368,"[0, 0, 0, -1, -1]"
369.a1,369a1,369,"[0, 0, 1, 6, 13]"
369.b1,369b1,369,"[0, 0, 1, -93, -369]"
369.b2,369b2,369,"[0, 0, 1, 177, 24201]"
370.a1,370c3,370,"[1, 0, 1, -54, 146]"
370.a2,370c1,370,"[1, 0, 1, -19, 342]"
370.a3,370c2,370,"[1, 0, 1, 166, -9204]"
370.b1,370a3,370,"[1, -1, 0, -395, -2925]"
370.b2,370a2,370,"[1, -1, 0, -25, -39]"
370.b3,370a1,370,"[1, -1, 0, -5, 5]"
370.b4,370a4,370,"[1, -1, 0, 25, -209]"
370.c1,370b1,370,"[1, 1, 0, 13, -19]"
370.d1,370d3,370,"[1, 0, 0, -5275, -147903]"
370.d2,370d4,370,"[1, 0, 0, -5255, -149075]"
370.d3,370d1,370,"[1, 0, 0, -75, -143]"
370.d4,370d2,370,"[1, 0, 0, 245, -975]"
371.a1,371a1,371,"[1, 1, 0, -35, -98]"
371.b1,371b1,371,"[0, 0, 1, -31, -67]"
372.a1,372a1,372,"[0, -1, 0, -6, 9]"
372.b1,372d1,372,"[0, 1, 0, -2, 9]"
372.c1,372b2,372,"[0, 1, 0, -164, 756]"
372.c2,372b1,372,"[0, 1, 0, -9, 12]"
372.d1,372c2,372,"[0, 1, 0, -250914, -48460347]"
372.d2,372c1,372,"[0, 1, 0, -3054, -69327]"
373.a1,373a1,373,"[0, 1, 1, -2, -2]"
374.a1,374a1,374,"[1, -1, 0, -32, 0]"
374.a2,374a2,374,"[1, -1, 0, 128, -96]"
377.a1,377a3,377,"[1, -1, 0, -158, -725]"
377.a2,377a2,377,"[1, -1, 0, -13, 0]"
377.a3,377a1,377,"[1, -1, 0, -8, 11]"
377.a4,377a4,377,"[1, -1, 0, 52, -39]"
378.a1,378h1,378,"[1, -1, 0, 441, -1571]"
378.b1,378f1,378,"[1, -1, 0, -141, 681]"
378.b2,378f2,378,"[1, -1, 0, -96, 1088]"
378.b3,378f3,378,"[1, -1, 0, 849, -25939]"
378.c1,378d1,378,"[1, -1, 0, 0, 4]"
378.d1,378b3,378,"[1, -1, 0, -1062, 13590]"
378.d2,378b1,378,"[1, -1, 0, -12, 24]"
378.d3,378b2,378,"[1, -1, 0, 93, -235]"
378.e1,378a3,378,"[1, -1, 1, -9560, -357371]"
378.e2,378a2,378,"[1, -1, 1, -110, -539]"
378.e3,378a1,378,"[1, -1, 1, 10, 5]"
378.f1,378c1,378,"[1, -1, 1, -2, -107]"
378.g1,378e2,378,"[1, -1, 1, -1271, -17117]"
378.g2,378e1,378,"[1, -1, 1, -11, -37]"
378.g3,378e3,378,"[1, -1, 1, 94, 929]"
378.h1,378g1,378,"[1, -1, 1, 3967, 38449]"
380.a1,380a2,380,"[0, 0, 0, -103, -402]"
380.a2,380a1,380,"[0, 0, 0, -8, -3]"
380.b1,380b1,380,"[0, -1, 0, -921, 10346]"
380.b2,380b2,380,"[0, -1, 0, 884, 44280]"
381.a1,381a1,381,"[0, 1, 1, -11, -16]"
381.b1,381b1,381,"[0, 1, 1, -4, -5]"
384.a1,384g1,384,"[0, -1, 0, -35, -69]"
384.a2,384g2,384,"[0, -1, 0, -25, -119]"
384.b1,384d1,384,"[0, -1, 0, -3, 3]"
384.b2,384d2,384,"[0, -1, 0, 7, 9]"
384.c1,384b2,384,"[0, -1, 0, -13, -11]"
384.c2,384b1,384,"[0, -1, 0, 2, -2]"
384.d1,384f2,384,"[0, -1, 0, -141, 693]"
384.d2,384f1,384,"[0, -1, 0, -6, 18]"
384.e1,384h1,384,"[0, 1, 0, -35, 69]"
384.e2,384h2,384,"[0, 1, 0, -25, 119]"
384.f1,384c2,384,"[0, 1, 0, -13, 11]"
384.f2,384c1,384,"[0, 1, 0, 2, 2]"
384.g1,384a1,384,"[0, 1, 0, -3, -3]"
384.g2,384a2,384,"[0, 1, 0, 7, -9]"
384.h1,384e2,384,"[0, 1, 0, -141, -693]"
384.h2,384e1,384,"[0, 1, 0, -6, -18]"
385.a1,385b2,385,"[1, 0, 0, -55, 150]"
385.a2,385b1,385,"[1, 0, 0, 0, 7]"
385.b1,385a4,385,"[1, -1, 1, -10267, 402966]"
385.b2,385a3,385,"[1, -1, 1, -697, 5294]"
385.b3,385a2,385,"[1, -1, 1, -642, 6416]"
385.b4,385a1,385,"[1, -1, 1, -37, 124]"
387.a1,387d3,387,"[1, -1, 1, -2201, -38698]"
387.a2,387d2,387,"[1, -1, 1, -266, 776]"
387.a3,387d1,387,"[1, -1, 1, -221, 1316]"
387.a4,387d4,387,"[1, -1, 1, 949, 5150]"
387.b1,387c1,387,"[1, -1, 1, -2, 2]"
387.c1,387a1,387,"[0, 0, 1, -174, -887]"
387.d1,387b1,387,"[1, -1, 0, -15, -46]"
387.e1,387e1,387,"[0, 0, 1, -3, -9]"
389.a1,389a1,389,"[0, 1, 1, -2, 0]"
390.a1,390a3,390,"[1, 1, 0, -483, -4293]"
390.a2,390a2,390,"[1, 1, 0, -33, -63]"
390.a3,390a1,390,"[1, 1, 0, -13, 13]"
390.a4,390a4,390,"[1, 1, 0, 97, -297]"
390.b1,390f2,390,"[1, 1, 0, -852, -9936]"
390.b2,390f1,390,"[1, 1, 0, -52, -176]"
390.c1,390g4,390,"[1, 0, 1, -86529, 9789652]"
390.c2,390g3,390,"[1, 0, 1, -6209, 104276]"
390.c3,390g2,390,"[1, 0, 1, -5409, 152596]"
390.c4,390g1,390,"[1, 0, 1, -289, 3092]"
390.d1,390d4,390,"[1, 0, 1, -872578, -313799212]"
390.d2,390d3,390,"[1, 0, 1, -53378, -5124652]"
390.d3,390d2,390,"[1, 0, 1, -16003, 27998]"
390.d4,390d1,390,"[1, 0, 1, 3997, 3998]"
390.e1,390e2,390,"[1, 1, 1, -46, -127]"
390.e2,390e1,390,"[1, 1, 1, 4, -7]"
390.f1,390b5,390,"[1, 1, 1, -9015, -333213]"
390.f2,390b4,390,"[1, 1, 1, -845, 9095]"
390.f3,390b3,390,"[1, 1, 1, -565, -5353]"
390.f4,390b6,390,"[1, 1, 1, -115, -13093]"
390.f5,390b2,390,"[1, 1, 1, -65, 47]"
390.f6,390b1,390,"[1, 1, 1, 15, 15]"
390.g1,390c4,390,"[1, 0, 0, -1196, -15210]"
390.g2,390c2,390,"[1, 0, 0, -206, 1116]"
390.g3,390c1,390,"[1, 0, 0, -6, 36]"
390.g4,390c3,390,"[1, 0, 0, 54, -960]"
392.a1,392f1,392,"[0, 0, 0, -7, 7]"
392.b1,392d2,392,"[0, 1, 0, -1976, 32752]"
392.b2,392d1,392,"[0, 1, 0, -16, 1392]"
392.c1,392c1,392,"[0, -1, 0, -16, 29]"
392.d1,392a3,392,"[0, 0, 0, -14651, -682570]"
392.d2,392a4,392,"[0, 0, 0, -2891, 47334]"
392.d3,392a2,392,"[0, 0, 0, -931, -10290]"
392.d4,392a1,392,"[0, 0, 0, 49, -686]"
392.e1,392b1,392,"[0, 1, 0, -800, -8359]"
392.f1,392e1,392,"[0, 0, 0, -343, -2401]"
395.a1,395c1,395,"[0, -1, 1, -50, 156]"
395.a2,395c2,395,"[0, -1, 1, 300, -5724]"
395.b1,395a4,395,"[1, -1, 1, -2107, 37744]"
395.b2,395a3,395,"[1, -1, 1, -157, 384]"
395.b3,395a2,395,"[1, -1, 1, -132, 614]"
395.b4,395a1,395,"[1, -1, 1, -7, 14]"
395.c1,395b2,395,"[1, 1, 1, -665, -6878]"
395.c2,395b1,395,"[1, 1, 1, -40, -128]"
396.a1,396b2,396,"[0, 0, 0, -111, 214]"
396.a2,396b1,396,"[0, 0, 0, 24, 25]"
396.b1,396a2,396,"[0, 0, 0, -11631, -482794]"
396.b2,396a1,396,"[0, 0, 0, -696, -8215]"
396.c1,396c2,396,"[0, 0, 0, -696, 7108]"
396.c2,396c1,396,"[0, 0, 0, 24, 52]"
398.a1,398a2,398,"[1, 1, 0, -166, 756]"
398.a2,398a1,398,"[1, 1, 0, -6, 20]"
399.a1,399b2,399,"[1, 1, 1, -48, 90]"
399.a2,399b1,399,"[1, 1, 1, -13, -22]"
399.b1,399c2,399,"[1, 0, 0, -466, 2813]"
399.b2,399c1,399,"[1, 0, 0, -431, 3408]"
399.c1,399a2,399,"[1, 1, 0, -1925, 31458]"
399.c2,399a1,399,"[1, 1, 0, -210, -441]"
400.a1,400h1,400,"[0, 0, 0, 5, 10]"
400.b1,400f2,400,"[0, 1, 0, -708, -7412]"
400.b2,400f1,400,"[0, 1, 0, -83, 88]"
400.c1,400e3,400,"[0, 1, 0, -1033, 12438]"
400.c2,400e4,400,"[0, 1, 0, -908, 15688]"
400.c3,400e1,400,"[0, 1, 0, -33, -62]"
400.c4,400e2,400,"[0, 1, 0, 92, -312]"
400.d1,400c2,400,"[0, -1, 0, -2008, 35312]"
400.d2,400c3,400,"[0, -1, 0, -1208, -19088]"
400.d3,400c1,400,"[0, -1, 0, -8, 112]"
400.d4,400c4,400,"[0, -1, 0, 8792, 140912]"
400.e1,400a3,400,"[0, 0, 0, -2675, 53250]"
400.e2,400a2,400,"[0, 0, 0, -175, 750]"
400.e3,400a1,400,"[0, 0, 0, -50, -125]"
400.e4,400a4,400,"[0, 0, 0, 325, 4250]"
400.f1,400b4,400,"[0, 1, 0, -50208, 4313588]"
400.f2,400b3,400,"[0, 1, 0, -208, 13588]"
400.f3,400b1,400,"[0, 1, 0, -48, -172]"
400.f4,400b2,400,"[0, 1, 0, 352, 1268]"
400.g1,400d2,400,"[0, -1, 0, -28, -48]"
400.g2,400d1,400,"[0, -1, 0, -3, 2]"
400.h1,400g1,400,"[0, 0, 0, 125, 1250]"
402.a1,402a1,402,"[1, 1, 0, -2, -12]"
402.b1,402d3,402,"[1, 0, 1, -10255, -438718]"
402.b2,402d1,402,"[1, 0, 1, -145, 692]"
402.b3,402d2,402,"[1, 0, 1, 800, 1070]"
402.c1,402b3,402,"[1, 0, 1, -1430, 20684]"
402.c2,402b2,402,"[1, 0, 1, -90, 316]"
402.c3,402b4,402,"[1, 0, 1, -30, 748]"
402.c4,402b1,402,"[1, 0, 1, -10, -4]"
402.d1,402c1,402,"[1, 1, 1, -37, 71]"
402.d2,402c2,402,"[1, 1, 1, -27, 123]"
404.a1,404b2,404,"[0, 1, 0, -229, -1161]"
404.a2,404b1,404,"[0, 1, 0, -69, 199]"
404.b1,404a1,404,"[0, 0, 0, -8, 4]"
405.a1,405f1,405,"[0, 0, 1, -3, -2]"
405.b1,405d2,405,"[1, -1, 1, -2027, 35776]"
405.b2,405d1,405,"[1, -1, 1, -2, -26]"
405.c1,405b2,405,"[0, 0, 1, -108, -412]"
405.c2,405b1,405,"[0, 0, 1, -18, 29]"
405.d1,405a2,405,"[0, 0, 1, -162, -790]"
405.d2,405a1,405,"[0, 0, 1, -12, 15]"
405.e1,405c2,405,"[1, -1, 0, -225, -1250]"
405.e2,405c1,405,"[1, -1, 0, 0, 1]"
405.f1,405e1,405,"[0, 0, 1, -27, 47]"
406.a1,406a2,406,"[1, -1, 0, -4942, 134964]"
406.a2,406a1,406,"[1, -1, 0, -302, 2260]"
406.b1,406b1,406,"[1, 0, 1, -15, 210]"
406.b2,406b2,406,"[1, 0, 1, 130, -5648]"
406.c1,406d2,406,"[1, 1, 0, -39244, -3007920]"
406.c2,406d1,406,"[1, 1, 0, -2124, -60592]"
406.d1,406c1,406,"[1, 1, 1, -102, 355]"
408.a1,408c1,408,"[0, -1, 0, 511, -1899]"
408.b1,408d1,408,"[0, 1, 0, -17, 51]"
408.c1,408a1,408,"[0, 1, 0, -48, -144]"
408.c2,408a2,408,"[0, 1, 0, -8, -336]"
408.d1,408b3,408,"[0, 1, 0, -752, -8160]"
408.d2,408b2,408,"[0, 1, 0, -72, 0]"
408.d3,408b1,408,"[0, 1, 0, -52, 128]"
408.d4,408b4,408,"[0, 1, 0, 288, 288]"
410.a1,410c4,410,"[1, 0, 1, -3143, 32586]"
410.a2,410c2,410,"[1, 0, 1, -2668, 52806]"
410.a3,410c3,410,"[1, 0, 1, -1543, -23094]"
410.a4,410c1,410,"[1, 0, 1, -168, 806]"
410.b1,410a2,410,"[1, -1, 0, -214, 1260]"
410.b2,410a1,410,"[1, -1, 0, -14, 20]"
410.c1,410d1,410,"[1, 0, 0, -16, 0]"
410.c2,410d2,410,"[1, 0, 0, 64, 16]"
410.d1,410b3,410,"[1, -1, 1, -349867, -79565509]"
410.d2,410b2,410,"[1, -1, 1, -21867, -1239109]"
410.d3,410b4,410,"[1, -1, 1, -21547, -1277381]"
410.d4,410b1,410,"[1, -1, 1, -1387, -18501]"
414.a1,414c3,414,"[1, -1, 0, -2223, -39785]"
414.a2,414c4,414,"[1, -1, 0, -963, 11371]"
414.a3,414c2,414,"[1, -1, 0, -153, -455]"
414.a4,414c1,414,"[1, -1, 0, 27, -59]"
414.b1,414d2,414,"[1, -1, 1, -1532, 23455]"
414.b2,414d1,414,"[1, -1, 1, -92, 415]"
414.c1,414a4,414,"[1, -1, 1, -6935, -36241]"
414.c2,414a2,414,"[1, -1, 1, -5180, -142189]"
414.c3,414a1,414,"[1, -1, 1, -320, -2221]"
414.c4,414a3,414,"[1, -1, 1, 1705, -5137]"
414.d1,414b2,414,"[1, -1, 1, -284, -1767]"
414.d2,414b1,414,"[1, -1, 1, -14, -39]"
415.a1,415a1,415,"[1, -1, 0, -109, -412]"
416.a1,416b1,416,"[0, -1, 0, 0, 4]"
416.b1,416a1,416,"[0, 1, 0, 0, -4]"
417.a1,417a1,417,"[1, 1, 0, 26, 73]"
418.a1,418b1,418,"[1, 1, 1, 66, -5]"
418.b1,418a1,418,"[1, -1, 1, -4, 3]"
418.b2,418a2,418,"[1, -1, 1, 6, 11]"
418.c1,418c1,418,"[1, -1, 1, -6, -5]"
420.a1,420a1,420,"[0, -1, 0, -4061, 67590]"
420.a2,420a2,420,"[0, -1, 0, 11564, 448840]"
420.b1,420b1,420,"[0, -1, 0, -565, 5362]"
420.b2,420b2,420,"[0, -1, 0, -540, 5832]"
420.c1,420c3,420,"[0, 1, 0, -301, -1960]"
420.c2,420c1,420,"[0, 1, 0, -61, 164]"
420.c3,420c2,420,"[0, 1, 0, -36, 324]"
420.c4,420c4,420,"[0, 1, 0, 324, -8460]"
420.d1,420d1,420,"[0, 1, 0, -5, 0]"
420.d2,420d2,420,"[0, 1, 0, 20, 20]"
422.a1,422a1,422,"[1, -1, 0, 1, -3]"
423.a1,423g1,423,"[0, 0, 1, -9, 10]"
423.b1,423f1,423,"[0, 0, 1, -237, 1404]"
423.c1,423a1,423,"[0, 0, 1, -12, 4]"
423.d1,423c3,423,"[1, -1, 0, -6768, -212625]"
423.d2,423c4,423,"[1, -1, 0, -558, -891]"
423.d3,423c2,423,"[1, -1, 0, -423, -3240]"
423.d4,423c1,423,"[1, -1, 0, -18, -81]"
423.e1,423b2,423,"[1, -1, 0, -1287, 18094]"
423.e2,423b1,423,"[1, -1, 0, -72, 355]"
423.f1,423e1,423,"[0, 0, 1, -111, -171]"
423.g1,423d1,423,"[0, 0, 1, -81, -277]"
425.a1,425d1,425,"[1, 0, 0, -213, -1208]"
425.a2,425d2,425,"[1, 0, 0, -88, -2583]"
425.b1,425c1,425,"[1, 0, 0, -3, 2]"
425.c1,425b1,425,"[1, 1, 0, -75, 250]"
425.d1,425a3,425,"[1, -1, 0, -2267, -40984]"
425.d2,425a2,425,"[1, -1, 0, -142, -609]"
425.d3,425a4,425,"[1, -1, 0, -17, -1734]"
425.d4,425a1,425,"[1, -1, 0, -17, 16]"
426.a1,426b2,426,"[1, 1, 0, -4606, 118420]"
426.a2,426b1,426,"[1, 1, 0, -286, 1780]"
426.b1,426c1,426,"[1, 0, 1, -23007, 1341682]"
426.b2,426c2,426,"[1, 0, 1, 14658, 5154352]"
426.c1,426a2,426,"[1, 0, 0, -230, -5202]"
426.c2,426a1,426,"[1, 0, 0, -20, 48]"
427.a1,427c1,427,"[1, 0, 0, -28, -59]"
427.b1,427a1,427,"[0, -1, 1, -1, -1]"
427.c1,427b1,427,"[1, 0, 1, -8, 7]"
428.a1,428b1,428,"[0, -1, 0, 3, -2]"
428.b1,428a1,428,"[0, 1, 0, -157, -812]"
429.a1,429a2,429,"[1, 1, 1, -13, 8]"
429.a2,429a1,429,"[1, 1, 1, 2, 2]"
429.b1,429b4,429,"[1, 0, 0, -6864, 218313]"
429.b2,429b5,429,"[1, 0, 0, -3009, -61770]"
429.b3,429b3,429,"[1, 0, 0, -474, 2619]"
429.b4,429b2,429,"[1, 0, 0, -429, 3384]"
429.b5,429b1,429,"[1, 0, 0, -24, 63]"
429.b6,429b6,429,"[1, 0, 0, 1341, 18228]"
430.a1,430a1,430,"[1, -1, 0, -20, 40]"
430.b1,430b1,430,"[1, -1, 0, 16, -10]"
430.c1,430c3,430,"[1, 0, 0, -5626, -162894]"
430.c2,430c2,430,"[1, 0, 0, -36, -440]"
430.c3,430c1,430,"[1, 0, 0, 4, 16]"
430.d1,430d1,430,"[1, 0, 0, -1415, 20617]"
431.a1,431a1,431,"[1, 0, 0, 0, -1]"
431.b1,431b1,431,"[1, -1, 1, -9, -8]"
432.a1,432h1,432,"[0, 0, 0, -12, -20]"
432.b1,432f3,432,"[0, 0, 0, -459, 3834]"
432.b2,432f2,432,"[0, 0, 0, -219, -1654]"
432.b3,432f1,432,"[0, 0, 0, 21, 26]"
432.c1,432d1,432,"[0, 0, 0, -3, 34]"
432.d1,432b1,432,"[0, 0, 0, 0, -4]"
432.d2,432b2,432,"[0, 0, 0, 0, 108]"
432.e1,432a4,432,"[0, 0, 0, -4320, 109296]"
432.e2,432a2,432,"[0, 0, 0, -480, -4048]"
432.e3,432a1,432,"[0, 0, 0, 0, -16]"
432.e4,432a3,432,"[0, 0, 0, 0, 432]"
432.f1,432c1,432,"[0, 0, 0, -27, -918]"
432.g1,432e3,432,"[0, 0, 0, -1971, 44658]"
432.g2,432e1,432,"[0, 0, 0, -51, -142]"
432.g3,432e2,432,"[0, 0, 0, 189, -702]"
432.h1,432g1,432,"[0, 0, 0, -108, 540]"
433.a1,433a1,433,"[1, 0, 0, 0, 1]"
434.a1,434a2,434,"[1, -1, 0, -47, 133]"
434.a2,434a1,434,"[1, -1, 0, -7, -3]"
434.b1,434e1,434,"[1, -1, 1, -2364, -43641]"
434.c1,434d2,434,"[1, 0, 0, -139, 465]"
434.c2,434d1,434,"[1, 0, 0, 21, 49]"
434.d1,434b3,434,"[1, 0, 0, -3374, -75754]"
434.d2,434b1,434,"[1, 0, 0, -4, 16]"
434.d3,434b2,434,"[1, 0, 0, 36, -424]"
434.e1,434c2,434,"[1, 1, 1, -522, 4373]"
434.e2,434c1,434,"[1, 1, 1, -32, 61]"
435.a1,435d3,435,"[1, 0, 0, -6960, -224073]"
435.a2,435d2,435,"[1, 0, 0, -435, -3528]"
435.a3,435d4,435,"[1, 0, 0, -390, -4275]"
435.a4,435d1,435,"[1, 0, 0, -30, -45]"
435.b1,435b1,435,"[0, -1, 1, 79, -1123]"
435.c1,435a1,435,"[0, 1, 1, -11, 11]"
435.c2,435a2,435,"[0, 1, 1, 49, 80]"
435.d1,435c3,435,"[1, 0, 1, -258, -1589]"
435.d2,435c2,435,"[1, 0, 1, -33, 31]"
435.d3,435c1,435,"[1, 0, 1, -28, 53]"
435.d4,435c4,435,"[1, 0, 1, 112, 263]"
437.a1,437a1,437,"[0, -1, 1, 19, 100]"
437.b1,437b1,437,"[0, -1, 1, 0, -5]"
438.a1,438c2,438,"[1, 1, 0, -65, -231]"
438.a2,438c1,438,"[1, 1, 0, -5, -3]"
438.b1,438g2,438,"[1, 0, 1, -98, 362]"
438.b2,438g1,438,"[1, 0, 1, -8, 2]"
438.c1,438d4,438,"[1, 0, 1, -32681, 1883180]"
438.c2,438d2,438,"[1, 0, 1, -31106, 2108972]"
438.c3,438d3,438,"[1, 0, 1, -9641, -337876]"
438.c4,438d1,438,"[1, 0, 1, -1946, 32780]"
438.d1,438e2,438,"[1, 0, 1, -2050, -35884]"
438.d2,438e1,438,"[1, 0, 1, -130, -556]"
438.e1,438f3,438,"[1, 1, 1, -1559, -24343]"
438.e2,438f2,438,"[1, 1, 1, -99, -399]"
438.e3,438f1,438,"[1, 1, 1, -19, 17]"
438.e4,438f4,438,"[1, 1, 1, 81, -1479]"
438.f1,438b1,438,"[1, 0, 0, -13, -19]"
438.f2,438b2,438,"[1, 0, 0, -3, -45]"
438.g1,438a3,438,"[1, 0, 0, -72938, -7587996]"
438.g2,438a4,438,"[1, 0, 0, -72898, -7596724]"
438.g3,438a1,438,"[1, 0, 0, -938, -9564]"
438.g4,438a2,438,"[1, 0, 0, 1622, -52060]"
440.a1,440a1,440,"[0, 0, 0, -38, -87]"
440.a2,440a2,440,"[0, 0, 0, 17, -318]"
440.b1,440b2,440,"[0, 0, 0, -23, -38]"
440.b2,440b1,440,"[0, 0, 0, 2, -3]"
440.c1,440c3,440,"[0, 0, 0, -7547, -12986]"
440.c2,440c2,440,"[0, 0, 0, -5047, 137514]"
440.c3,440c1,440,"[0, 0, 0, -5042, 137801]"
440.c4,440c4,440,"[0, 0, 0, -2627, 269646]"
440.d1,440d1,440,"[0, 0, 0, -67, -226]"
441.a1,441f2,441,"[0, 0, 1, -8211, -286610]"
441.a2,441f1,441,"[0, 0, 1, -21, 40]"
441.b1,441e2,441,"[0, 0, 1, -402339, 98307144]"
441.b2,441e1,441,"[0, 0, 1, -1029, -13806]"
441.c1,441d4,441,"[1, -1, 1, -16400, -804212]"
441.c2,441d3,441,"[1, -1, 1, -965, -13940]"
441.c3,441d2,441,"[1, -1, 1, -335, 2440]"
441.c4,441d1,441,"[1, -1, 1, -20, 46]"
441.d1,441b2,441,"[0, 0, 1, 0, -331]"
441.d2,441b1,441,"[0, 0, 1, 0, 12]"
441.e1,441a1,441,"[0, 0, 1, 0, -4202]"
441.e2,441a2,441,"[0, 0, 1, 0, 113447]"
441.f1,441c5,441,"[1, -1, 0, -345753, -78165914]"
441.f2,441c3,441,"[1, -1, 0, -21618, -1216265]"
441.f3,441c4,441,"[1, -1, 0, -17208, 867901]"
441.f4,441c6,441,"[1, -1, 0, -15003, -1979636]"
441.f5,441c2,441,"[1, -1, 0, -1773, -5720]"
441.f6,441c1,441,"[1, -1, 0, 432, -869]"
442.a1,442c1,442,"[1, 1, 0, -54, -172]"
442.a2,442c2,442,"[1, 1, 0, 26, -540]"
442.b1,442b2,442,"[1, -1, 1, -1212, 16175]"
442.b2,442b1,442,"[1, -1, 1, -172, -465]"
442.c1,442a1,442,"[1, -1, 1, -94, 361]"
442.c2,442a2,442,"[1, -1, 1, 36, 1193]"
442.d1,442d2,442,"[1, 1, 1, -139, -689]"
442.d2,442d1,442,"[1, 1, 1, -9, -13]"
442.e1,442e2,442,"[1, 1, 1, -1875511, 987017101]"
442.e2,442e1,442,"[1, 1, 1, -144951, 7520141]"
443.a1,443b1,443,"[1, 0, 0, -3, -2]"
443.b1,443a1,443,"[0, 1, 1, 1, 1]"
443.c1,443c1,443,"[1, 0, 1, -84, -301]"
444.a1,444a2,444,"[0, -1, 0, -28, 40]"
444.a2,444a1,444,"[0, -1, 0, -13, -14]"
444.b1,444b1,444,"[0, 1, 0, -9, 0]"
444.b2,444b2,444,"[0, 1, 0, 36, 36]"
446.a1,446d1,446,"[1, -1, 0, -4, 4]"
446.b1,446a1,446,"[1, 1, 0, -30, 52]"
446.c1,446b1,446,"[1, 1, 1, -39, -35]"
446.d1,446c2,446,"[1, 1, 1, -38, -101]"
446.d2,446c1,446,"[1, 1, 1, 2, -5]"
448.a1,448f6,448,"[0, 1, 0, -174753, 28059871]"
448.a2,448f5,448,"[0, 1, 0, -10913, 436447]"
448.a3,448f4,448,"[0, 1, 0, -2273, 33439]"
448.a4,448f2,448,"[0, 1, 0, -673, -6945]"
448.a5,448f1,448,"[0, 1, 0, -33, -161]"
448.a6,448f3,448,"[0, 1, 0, 287, 3231]"
448.b1,448g2,448,"[0, 1, 0, -33, 31]"
448.b2,448g1,448,"[0, 1, 0, 7, 7]"
448.c1,448h2,448,"[0, 1, 0, -161, -833]"
448.c2,448h1,448,"[0, 1, 0, -1, -33]"
448.d1,448a4,448,"[0, 0, 0, -1196, 15920]"
448.d2,448a3,448,"[0, 0, 0, -236, -1104]"
448.d3,448a2,448,"[0, 0, 0, -76, 240]"
448.d4,448a1,448,"[0, 0, 0, 4, 16]"
448.e1,448b3,448,"[0, 0, 0, -1196, -15920]"
448.e2,448b4,448,"[0, 0, 0, -236, 1104]"
448.e3,448b2,448,"[0, 0, 0, -76, -240]"
448.e4,448b1,448,"[0, 0, 0, 4, -16]"
448.f1,448d2,448,"[0, -1, 0, -33, -31]"
448.f2,448d1,448,"[0, -1, 0, 7, -7]"
448.g1,448c6,448,"[0, -1, 0, -174753, -28059871]"
448.g2,448c5,448,"[0, -1, 0, -10913, -436447]"
448.g3,448c4,448,"[0, -1, 0, -2273, -33439]"
448.g4,448c2,448,"[0, -1, 0, -673, 6945]"
448.g5,448c1,448,"[0, -1, 0, -33, 161]"
448.g6,448c3,448,"[0, -1, 0, 287, -3231]"
448.h1,448e2,448,"[0, -1, 0, -161, 833]"
448.h2,448e1,448,"[0, -1, 0, -1, 33]"
450.a1,450f4,450,"[1, -1, 0, -5442, -39034]"
450.a2,450f2,450,"[1, -1, 0, -3192, 70216]"
450.a3,450f1,450,"[1, -1, 0, -192, 1216]"
450.a4,450f3,450,"[1, -1, 0, 1308, -5284]"
450.b1,450c4,450,"[1, -1, 0, -7452, -244944]"
450.b2,450c2,450,"[1, -1, 0, -477, 4131]"
450.b3,450c3,450,"[1, -1, 0, -252, -7344]"
450.b4,450c1,450,"[1, -1, 0, -27, 81]"
450.c1,450d4,450,"[1, -1, 0, -28242, 1833916]"
450.c2,450d3,450,"[1, -1, 0, -117, 5791]"
450.c3,450d1,450,"[1, -1, 0, -27, -59]"
450.c4,450d2,450,"[1, -1, 0, 198, 436]"
450.d1,450g8,450,"[1, -1, 0, -1200042, 506291116]"
450.d2,450g7,450,"[1, -1, 0, -102042, 1733116]"
450.d3,450g6,450,"[1, -1, 0, -75042, 7916116]"
450.d4,450g4,450,"[1, -1, 0, -64917, -6350009]"
450.d5,450g5,450,"[1, -1, 0, -15417, 638491]"
450.d6,450g2,450,"[1, -1, 0, -4167, -92759]"
450.d7,450g3,450,"[1, -1, 0, -3042, 212116]"
450.d8,450g1,450,"[1, -1, 0, 333, -7259]"
450.e1,450e4,450,"[1, -1, 1, -28730, -1867103]"
450.e2,450e3,450,"[1, -1, 1, -1730, -31103]"
450.e3,450e2,450,"[1, -1, 1, -605, 1647]"
450.e4,450e1,450,"[1, -1, 1, 145, 147]"
450.f1,450a4,450,"[1, -1, 1, -186305, -30804303]"
450.f2,450a2,450,"[1, -1, 1, -11930, 504447]"
450.f3,450a3,450,"[1, -1, 1, -6305, -924303]"
450.f4,450a1,450,"[1, -1, 1, -680, 9447]"
450.g1,450b2,450,"[1, -1, 1, -1130, 14897]"
450.g2,450b3,450,"[1, -1, 1, -680, -8053]"
450.g3,450b1,450,"[1, -1, 1, -5, 47]"
450.g4,450b4,450,"[1, -1, 1, 4945, 59447]"
451.a1,451a1,451,"[0, 1, 1, 3, 7]"
455.a1,455b3,455,"[1, -1, 1, -397, -2796]"
455.a2,455b2,455,"[1, -1, 1, -72, 194]"
455.a3,455b1,455,"[1, -1, 1, -67, 226]"
455.a4,455b4,455,"[1, -1, 1, 173, 1076]"
455.b1,455a3,455,"[1, -1, 0, -4670, -121675]"
455.b2,455a2,455,"[1, -1, 0, -295, -1800]"
455.b3,455a1,455,"[1, -1, 0, -50, 111]"
455.b4,455a4,455,"[1, -1, 0, 160, -7169]"
456.a1,456d1,456,"[0, -1, 0, 55, 93]"
456.b1,456a1,456,"[0, -1, 0, -16, 28]"
456.b2,456a2,456,"[0, -1, 0, 24, 108]"
456.c1,456c1,456,"[0, 1, 0, -57, 171]"
456.d1,456b3,456,"[0, 1, 0, -1272, 16560]"
456.d2,456b2,456,"[0, 1, 0, -192, -720]"
456.d3,456b1,456,"[0, 1, 0, -172, -928]"
456.d4,456b4,456,"[0, 1, 0, 568, -4368]"
458.a1,458a1,458,"[1, -1, 0, -19, 37]"
458.b1,458b1,458,"[1, 1, 1, -16, -15]"
459.a1,459b1,459,"[0, 0, 1, 3, -4]"
459.b1,459g1,459,"[0, 0, 1, -39, -94]"
459.c1,459h1,459,"[1, -1, 1, -2, 28]"
459.d1,459f1,459,"[0, 0, 1, -54, 155]"
459.d2,459f2,459,"[0, 0, 1, 216, 722]"
459.e1,459c1,459,"[0, 0, 1, -6, -6]"
459.e2,459c2,459,"[0, 0, 1, 24, -27]"
459.f1,459a1,459,"[1, -1, 0, 0, -1]"
459.g1,459d1,459,"[0, 0, 1, -351, 2531]"
459.h1,459e1,459,"[0, 0, 1, 27, 101]"
460.a1,460d1,460,"[0, -1, 0, -10, 17]"
460.b1,460a1,460,"[0, 0, 0, -8, -12]"
460.c1,460c1,460,"[0, 1, 0, -46, 529]"
460.c2,460c2,460,"[0, 1, 0, 414, -13915]"
460.d1,460b1,460,"[0, 0, 0, -73, 2453]"
462.a1,462c3,462,"[1, 1, 0, -226, -1406]"
462.a2,462c4,462,"[1, 1, 0, -126, 486]"
462.a3,462c2,462,"[1, 1, 0, -16, -20]"
462.a4,462c1,462,"[1, 1, 0, 4, 0]"
462.b1,462a2,462,"[1, 1, 0, -105, -441]"
462.b2,462a1,462,"[1, 1, 0, 5, -23]"
462.c1,462b3,462,"[1, 1, 0, -92004, 10703088]"
462.c2,462b2,462,"[1, 1, 0, -5764, 164560]"
462.c3,462b4,462,"[1, 1, 0, -1444, 410800]"
462.c4,462b1,462,"[1, 1, 0, -644, -2352]"
462.d1,462d2,462,"[1, 0, 1, -452236, 115355594]"
462.d2,462d1,462,"[1, 0, 1, -1676, 5058506]"
462.e1,462e2,462,"[1, 1, 1, -7445, 244091]"
462.e2,462e1,462,"[1, 1, 1, -405, 4731]"
462.f1,462g4,462,"[1, 0, 0, -14133, -647829]"
462.f2,462g3,462,"[1, 0, 0, -823, -11611]"
462.f3,462g2,462,"[1, 0, 0, -363, 1305]"
462.f4,462g1,462,"[1, 0, 0, 77, 161]"
462.g1,462f4,462,"[1, 0, 0, -40247, 3104415]"
462.g2,462f3,462,"[1, 0, 0, -3507, 6507]"
462.g3,462f2,462,"[1, 0, 0, -2517, 48285]"
462.g4,462f1,462,"[1, 0, 0, -97, 1337]"
464.a1,464e2,464,"[0, 1, 0, -9, -14]"
464.a2,464e1,464,"[0, 1, 0, -4, -24]"
464.b1,464b1,464,"[0, -1, 0, -80, 304]"
464.c1,464d1,464,"[0, -1, 0, -4, -4]"
464.c2,464d2,464,"[0, -1, 0, 36, 76]"
464.d1,464a1,464,"[0, 1, 0, 8, 4]"
464.e1,464c2,464,"[0, 1, 0, -7280, 238292]"
464.e2,464c1,464,"[0, 1, 0, 80, -428]"
464.f1,464g1,464,"[0, 0, 0, -19, -46]"
464.g1,464f1,464,"[0, 0, 0, -4831, 129242]"
465.a1,465b3,465,"[1, 0, 0, -170, 837]"
465.a2,465b2,465,"[1, 0, 0, -15, 0]"
465.a3,465b1,465,"[1, 0, 0, -10, -13]"
465.a4,465b4,465,"[1, 0, 0, 60, 15]"
465.b1,465a2,465,"[1, 1, 0, -162, 729]"
465.b2,465a1,465,"[1, 1, 0, -7, 16]"
466.a1,466a2,466,"[1, 1, 0, -15, 11]"
466.a2,466a1,466,"[1, 1, 0, -5, -7]"
466.b1,466b1,466,"[1, 0, 0, -23, 41]"
466.b2,466b2,466,"[1, 0, 0, 77, 229]"
467.a1,467a1,467,"[0, 0, 1, -4, 3]"
468.a1,468b2,468,"[0, 0, 0, -24327, 1460430]"
468.a2,468b1,468,"[0, 0, 0, -1512, 23085]"
468.b1,468c1,468,"[0, 0, 0, -36, 81]"
468.b2,468c2,468,"[0, 0, 0, 9, 270]"
468.c1,468d4,468,"[0, 0, 0, -6735, 197494]"
468.c2,468d3,468,"[0, 0, 0, -6600, 206377]"
468.c3,468d2,468,"[0, 0, 0, -1335, -18722]"
468.c4,468d1,468,"[0, 0, 0, -120, -11]"
468.d1,468e2,468,"[0, 0, 0, -183, 830]"
468.d2,468e1,468,"[0, 0, 0, -48, -115]"
468.e1,468a2,468,"[0, 0, 0, -2703, -54090]"
468.e2,468a1,468,"[0, 0, 0, -168, -855]"
469.a1,469b1,469,"[1, -1, 1, -12, 18]"
469.b1,469a1,469,"[1, 0, 1, -80, -275]"
470.a1,470c1,470,"[1, 1, 0, -97, 281]"
470.b1,470a1,470,"[1, 0, 1, -44, 106]"
470.c1,470b2,470,"[1, 0, 1, -6348, 132618]"
470.c2,470b1,470,"[1, 0, 1, -5773, 168328]"
470.d1,470f1,470,"[1, -1, 1, -117, 141]"
470.e1,470e1,470,"[1, 1, 1, -11, 9]"
470.f1,470d2,470,"[1, 0, 0, -176, -844]"
470.f2,470d1,470,"[1, 0, 0, -36, 80]"
471.a1,471a1,471,"[1, 1, 1, 1, 2]"
472.a1,472a1,472,"[0, 0, 0, 2, 1]"
472.b1,472e1,472,"[0, -1, 0, 4, 4]"
472.c1,472b1,472,"[0, -1, 0, -276, -1676]"
472.d1,472c1,472,"[0, -1, 0, 8, 12]"
472.e1,472d1,472,"[0, 0, 0, -19, -34]"
473.a1,473a1,473,"[0, 1, 1, -1006, 11952]"
474.a1,474a1,474,"[1, 1, 0, 81, -27]"
474.b1,474b1,474,"[1, 0, 1, -7, 14]"
475.a1,475c2,475,"[1, -1, 1, -25, 52]"
475.a2,475c1,475,"[1, -1, 1, 0, 2]"
475.b1,475a3,475,"[0, -1, 1, -19233, -1020257]"
475.b2,475a2,475,"[0, -1, 1, -233, -1382]"
475.b3,475a1,475,"[0, -1, 1, 17, -7]"
475.c1,475b2,475,"[1, -1, 0, -617, 5916]"
475.c2,475b1,475,"[1, -1, 0, 8, 291]"
477.a1,477a1,477,"[1, -1, 0, 3, -10]"
480.a1,480e3,480,"[0, -1, 0, -3601, 84385]"
480.a2,480e2,480,"[0, -1, 0, -496, -2204]"
480.a3,480e1,480,"[0, -1, 0, -226, 1360]"
480.a4,480e4,480,"[0, -1, 0, 24, 3960]"
480.b1,480a2,480,"[0, -1, 0, -81, -255]"
480.b2,480a3,480,"[0, -1, 0, -56, 180]"
480.b3,480a1,480,"[0, -1, 0, -6, 0]"
480.b4,480a4,480,"[0, -1, 0, 24, -24]"
480.c1,480f3,480,"[0, -1, 0, -480, 4212]"
480.c2,480f2,480,"[0, -1, 0, -80, -168]"
480.c3,480f1,480,"[0, -1, 0, -30, 72]"
480.c4,480f4,480,"[0, -1, 0, 15, 225]"
480.d1,480b2,480,"[0, -1, 0, -160, -728]"
480.d2,480b3,480,"[0, -1, 0, -40, 100]"
480.d3,480b1,480,"[0, -1, 0, -10, -8]"
480.d4,480b4,480,"[0, -1, 0, 15, -63]"
480.e1,480c3,480,"[0, 1, 0, -81, 255]"
480.e2,480c2,480,"[0, 1, 0, -56, -180]"
480.e3,480c1,480,"[0, 1, 0, -6, 0]"
480.e4,480c4,480,"[0, 1, 0, 24, 24]"
480.f1,480d2,480,"[0, 1, 0, -3601, -84385]"
480.f2,480d3,480,"[0, 1, 0, -496, 2204]"
480.f3,480d1,480,"[0, 1, 0, -226, -1360]"
480.f4,480d4,480,"[0, 1, 0, 24, -3960]"
480.g1,480g3,480,"[0, 1, 0, -160, 728]"
480.g2,480g2,480,"[0, 1, 0, -40, -100]"
480.g3,480g1,480,"[0, 1, 0, -10, 8]"
480.g4,480g4,480,"[0, 1, 0, 15, 63]"
480.h1,480h2,480,"[0, 1, 0, -480, -4212]"
480.h2,480h3,480,"[0, 1, 0, -80, 168]"
480.h3,480h1,480,"[0, 1, 0, -30, -72]"
480.h4,480h4,480,"[0, 1, 0, 15, -225]"
481.a1,481a1,481,"[1, -1, 0, -1693, 27240]"
481.a2,481a2,481,"[1, -1, 0, -1688, 27405]"
482.a1,482a1,482,"[1, 0, 1, -44, -150]"
483.a1,483b1,483,"[0, 1, 1, 2, 1]"
483.b1,483a1,483,"[0, 1, 1, -96, -457]"
484.a1,484a2,484,"[0, 1, 0, -9357, 347279]"
484.a2,484a1,484,"[0, 1, 0, 323, 2671]"
485.a1,485a2,485,"[0, 1, 1, -6911, -223455]"
485.a2,485a1,485,"[0, 1, 1, -121, -64]"
485.a3,485a3,485,"[0, 1, 1, -81, 255]"
485.b1,485b1,485,"[0, 0, 1, -2, 0]"
486.a1,486b2,486,"[1, -1, 0, -96, 386]"
486.a2,486b1,486,"[1, -1, 0, -6, -4]"
486.b1,486a2,486,"[1, -1, 0, -177, 953]"
486.b2,486a1,486,"[1, -1, 0, 3, 5]"
486.c1,486c2,486,"[1, -1, 0, -258, -748]"
486.c2,486c1,486,"[1, -1, 0, -123, 557]"
486.d1,486f2,486,"[1, -1, 1, -1109, -13931]"
486.d2,486f1,486,"[1, -1, 1, -29, 37]"
486.e1,486d1,486,"[1, -1, 1, -20, -29]"
486.e2,486d2,486,"[1, -1, 1, 25, -161]"
486.f1,486e2,486,"[1, -1, 1, -56, 163]"
486.f2,486e1,486,"[1, -1, 1, -11, -11]"
490.a1,490c2,490,"[1, 0, 1, -7768, -458202]"
490.a2,490c1,490,"[1, 0, 1, 807, 11708]"
490.b1,490d2,490,"[1, 1, 0, -32, 64]"
490.b2,490d1,490,"[1, 1, 0, 3, 1]"
490.c1,490a2,490,"[1, 0, 1, -1594, -26708]"
490.c2,490a1,490,"[1, 0, 1, 121, 46]"
490.d1,490b2,490,"[1, 1, 0, -158, 1268]"
490.d2,490b1,490,"[1, 1, 0, 17, -27]"
490.e1,490k1,490,"[1, -1, 1, -132, -549]"
490.e2,490k2,490,"[1, -1, 1, 918, 5289]"
490.f1,490g2,490,"[1, 0, 0, -1191, 15721]"
490.f2,490g1,490,"[1, 0, 0, -71, 265]"
490.g1,490e2,490,"[1, 0, 0, -491, -4229]"
490.g2,490e1,490,"[1, 0, 0, -1, -15]"
490.h1,490h4,490,"[1, -1, 1, -13117, 581459]"
490.h2,490h3,490,"[1, -1, 1, -4297, -100229]"
490.h3,490h2,490,"[1, -1, 1, -867, 8159]"
490.h4,490h1,490,"[1, -1, 1, 113, 711]"
490.i1,490j2,490,"[1, 1, 1, -58360, -5450663]"
490.i2,490j1,490,"[1, 1, 1, -3480, -94375]"
490.j1,490i2,490,"[1, 1, 1, -24060, 1426487]"
490.j2,490i1,490,"[1, 1, 1, -50, 5095]"
490.k1,490f1,490,"[1, -1, 1, -6453, 201121]"
490.k2,490f2,490,"[1, -1, 1, 44997, -1904213]"
492.a1,492a1,492,"[0, -1, 0, -13, 25]"
492.b1,492b1,492,"[0, 1, 0, 11, 695]"
493.a1,493b1,493,"[1, -1, 1, -57, 222]"
493.b1,493a1,493,"[1, -1, 1, -7741, 801682]"
494.a1,494a1,494,"[1, 1, 0, 13, 13]"
494.b1,494b4,494,"[1, -1, 0, -206, 1190]"
494.b2,494b3,494,"[1, -1, 0, -146, -638]"
494.b3,494b2,494,"[1, -1, 0, -16, 12]"
494.b4,494b1,494,"[1, -1, 0, 4, 0]"
494.c1,494c1,494,"[1, -1, 0, -61, -169]"
494.d1,494d1,494,"[1, 1, 1, -1001, 12375]"
495.a1,495a3,495,"[1, -1, 1, -533, -4598]"
495.a2,495a4,495,"[1, -1, 1, -263, 1666]"
495.a3,495a2,495,"[1, -1, 1, -38, -44]"
495.a4,495a1,495,"[1, -1, 1, 7, -8]"
496.a1,496a1,496,"[0, 0, 0, 1, 1]"
496.b1,496f3,496,"[0, 0, 0, -5291, -148134]"
496.b2,496f4,496,"[0, 0, 0, -491, 154]"
496.b3,496f2,496,"[0, 0, 0, -331, -2310]"
496.b4,496f1,496,"[0, 0, 0, -11, -70]"
496.c1,496e1,496,"[0, 0, 0, -17, 27]"
496.d1,496d1,496,"[0, -1, 0, -2, -1]"
496.d2,496d2,496,"[0, -1, 0, 18, 11]"
496.e1,496b1,496,"[0, -1, 0, 0, -1]"
496.f1,496c2,496,"[0, -1, 0, -32, 32]"
496.f2,496c1,496,"[0, -1, 0, 8, 0]"
497.a1,497a1,497,"[1, 1, 0, 25, -14]"
498.a1,498b1,498,"[1, 0, 1, -9, 28]"
498.b1,498a1,498,"[1, 0, 1, -5, -4]"
498.b2,498a2,498,"[1, 0, 1, 5, -16]"
501.a1,501a2,501,"[1, 1, 0, -12, -15]"
501.a2,501a1,501,"[1, 1, 0, 3, 0]"
503.a1,503c1,503,"[1, 0, 0, -210, -1189]"
503.b1,503a1,503,"[1, 0, 1, -32, -71]"
503.c1,503b1,503,"[1, -1, 0, 2, -1]"
504.a1,504a2,504,"[0, 0, 0, -111, 450]"
504.a2,504a1,504,"[0, 0, 0, -6, 9]"
504.b1,504f3,504,"[0, 0, 0, -1371, -19514]"
504.b2,504f2,504,"[0, 0, 0, -111, -110]"
504.b3,504f1,504,"[0, 0, 0, -66, 205]"
504.b4,504f4,504,"[0, 0, 0, 429, -866]"
504.c1,504c3,504,"[0, 0, 0, -2691, -53730]"
504.c2,504c4,504,"[0, 0, 0, -531, 3726]"
504.c3,504c2,504,"[0, 0, 0, -171, -810]"
504.c4,504c1,504,"[0, 0, 0, 9, -54]"
504.d1,504e1,504,"[0, 0, 0, -6, 5]"
504.d2,504e2,504,"[0, 0, 0, 9, 26]"
504.e1,504g3,504,"[0, 0, 0, -36291, -2661010]"
504.e2,504g4,504,"[0, 0, 0, -3531, 9686]"
504.e3,504g2,504,"[0, 0, 0, -2271, -41470]"
504.e4,504g1,504,"[0, 0, 0, -66, -1339]"
504.f1,504d2,504,"[0, 0, 0, -999, -12150]"
504.f2,504d1,504,"[0, 0, 0, -54, -243]"
504.g1,504b1,504,"[0, 0, 0, -54, -135]"
504.g2,504b2,504,"[0, 0, 0, 81, -702]"
504.h1,504h2,504,"[0, 0, 0, -363, 2630]"
504.h2,504h1,504,"[0, 0, 0, -3, 110]"
505.a1,505a1,505,"[1, -1, 0, -10, 15]"
505.a2,505a2,505,"[1, -1, 0, -5, 26]"
506.a1,506a1,506,"[1, 0, 1, -48, -130]"
506.b1,506c2,506,"[1, 0, 1, -397, -3072]"
506.b2,506c1,506,"[1, 0, 1, -12, 8]"
506.c1,506b1,506,"[1, -1, 0, -290561, 60356981]"
506.d1,506d1,506,"[1, -1, 0, -935, 11229]"
506.e1,506f1,506,"[1, 0, 0, -86, 292]"
506.f1,506e1,506,"[1, -1, 1, -4, -1]"
507.a1,507c3,507,"[1, 1, 1, -11749, -495058]"
507.a2,507c4,507,"[1, 1, 1, -3299, 64670]"
507.a3,507c2,507,"[1, 1, 1, -764, -7324]"
507.a4,507c1,507,"[1, 1, 1, 81, -564]"
507.b1,507b2,507,"[1, 1, 1, -75, -1422]"
507.b2,507b1,507,"[1, 1, 1, -10, 8]"
507.c1,507a2,507,"[1, 1, 0, -12678, -3060351]"
507.c2,507a1,507,"[1, 1, 0, -1693, 26434]"
510.a1,510a2,510,"[1, 1, 0, -46193, 3801813]"
510.a2,510a1,510,"[1, 1, 0, -2673, 67797]"
510.b1,510b2,510,"[1, 0, 1, -11603, -482002]"
510.b2,510b1,510,"[1, 0, 1, -723, -7634]"
510.c1,510d3,510,"[1, 1, 1, -6541, -206341]"
510.c2,510d2,510,"[1, 1, 1, -421, -3157]"
510.c3,510d1,510,"[1, 1, 1, -101, 299]"
510.c4,510d4,510,"[1, 1, 1, 579, -14757]"
510.d1,510c2,510,"[1, 1, 1, -156, 603]"
510.d2,510c1,510,"[1, 1, 1, 14, 59]"
510.e1,510e7,510,"[1, 1, 1, -113470, -14759143]"
510.e2,510e4,510,"[1, 1, 1, -21760, 1226417]"
510.e3,510e5,510,"[1, 1, 1, -7220, -224143]"
510.e4,510e3,510,"[1, 1, 1, -1440, 16305]"
510.e5,510e2,510,"[1, 1, 1, -1360, 18737]"
510.e6,510e1,510,"[1, 1, 1, -80, 305]"
510.e7,510e6,510,"[1, 1, 1, 3060, 102705]"
510.e8,510e8,510,"[1, 1, 1, 6550, -962215]"
510.f1,510f3,510,"[1, 0, 0, -186, -990]"
510.f2,510f4,510,"[1, 0, 0, -166, 806]"
510.f3,510f2,510,"[1, 0, 0, -16, -4]"
510.f4,510f1,510,"[1, 0, 0, 4, 0]"
510.g1,510g4,510,"[1, 0, 0, -52405, -4621873]"
510.g2,510g3,510,"[1, 0, 0, -3275, -72435]"
510.g3,510g2,510,"[1, 0, 0, -655, -6223]"
510.g4,510g1,510,"[1, 0, 0, 25, -375]"
513.a1,513b1,513,"[1, -1, 1, -5, 6]"
513.b1,513a1,513,"[1, -1, 0, -42, -127]"
514.a1,514b1,514,"[1, 0, 0, -4, 0]"
514.a2,514b2,514,"[1, 0, 0, 16, 4]"
514.b1,514a3,514,"[1, -1, 1, -21931, -1244565]"
514.b2,514a2,514,"[1, -1, 1, -1371, -19189]"
514.b3,514a4,514,"[1, -1, 1, -1291, -21589]"
514.b4,514a1,514,"[1, -1, 1, -91, -245]"
516.a1,516b1,516,"[0, -1, 0, 11, -47]"
516.b1,516a1,516,"[0, -1, 0, -4, -8]"
516.c1,516c2,516,"[0, 1, 0, -228, -1404]"
516.c2,516c1,516,"[0, 1, 0, -13, -28]"
516.d1,516d2,516,"[0, 1, 0, -7604, -257772]"
516.d2,516d1,516,"[0, 1, 0, -44, -732]"
517.a1,517b1,517,"[0, 0, 1, -16, -26]"
517.b1,517c1,517,"[0, -1, 1, -52, -3863]"
517.c1,517a1,517,"[0, -1, 1, 36, -3]"
520.a1,520a3,520,"[0, 0, 0, -563, -5138]"
520.a2,520a2,520,"[0, 0, 0, -43, -42]"
520.a3,520a1,520,"[0, 0, 0, -23, 42]"
520.a4,520a4,520,"[0, 0, 0, 157, -322]"
520.b1,520b1,520,"[0, -1, 0, -20, -28]"
520.b2,520b2,520,"[0, -1, 0, 0, -100]"
522.a1,522c2,522,"[1, -1, 0, -1311, -17947]"
522.a2,522c1,522,"[1, -1, 0, -6, -54]"
522.b1,522f2,522,"[1, -1, 0, -4095, 102577]"
522.b2,522f1,522,"[1, -1, 0, 45, -203]"
522.c1,522e1,522,"[1, -1, 0, -45, 139]"
522.d1,522d2,522,"[1, -1, 0, -58599, 5490531]"
522.d2,522d1,522,"[1, -1, 0, -9, -3699]"
522.e1,522b2,522,"[1, -1, 0, -32766, 2291092]"
522.e2,522b1,522,"[1, -1, 0, -2046, 36244]"
522.f1,522a1,522,"[1, -1, 0, 12, -208]"
522.g1,522i1,522,"[1, -1, 1, 1, 7]"
522.h1,522j1,522,"[1, -1, 1, -509, 4677]"
522.i1,522k4,522,"[1, -1, 1, -2786, 57287]"
522.i2,522k3,522,"[1, -1, 1, -446, -2329]"
522.i3,522k2,522,"[1, -1, 1, -176, 911]"
522.i4,522k1,522,"[1, -1, 1, 4, 47]"
522.j1,522g2,522,"[1, -1, 1, -294896, -61564589]"
522.j2,522g1,522,"[1, -1, 1, -18416, -960173]"
522.k1,522l1,522,"[1, -1, 1, -11, -17]"
522.l1,522h1,522,"[1, -1, 1, -146, 713]"
522.l2,522h2,522,"[1, -1, 1, -56, 1513]"
522.m1,522m1,522,"[1, -1, 1, -69341, -33115291]"
522.m2,522m2,522,"[1, -1, 1, 619564, 858878903]"
524.a1,524a1,524,"[0, 1, 0, -309, 1991]"
525.a1,525a3,525,"[1, 1, 1, -2813, -58594]"
525.a2,525a2,525,"[1, 1, 1, -188, -844]"
525.a3,525a1,525,"[1, 1, 1, -63, 156]"
525.a4,525a4,525,"[1, 1, 1, 437, -4594]"
525.b1,525d1,525,"[1, 0, 0, -18, 27]"
525.b2,525d2,525,"[1, 0, 0, 7, 102]"
525.c1,525c1,525,"[1, 1, 0, -450, 3375]"
525.c2,525c2,525,"[1, 1, 0, 175, 12750]"
525.d1,525b5,525,"[1, 1, 0, -19600, -1064375]"
525.d2,525b3,525,"[1, 1, 0, -1225, -17000]"
525.d3,525b4,525,"[1, 1, 0, -975, 11250]"
525.d4,525b6,525,"[1, 1, 0, -850, -27125]"
525.d5,525b2,525,"[1, 1, 0, -100, -125]"
525.d6,525b1,525,"[1, 1, 0, 25, 0]"
528.a1,528f3,528,"[0, -1, 0, -161040, 24927936]"
528.a2,528f4,528,"[0, -1, 0, -160880, 24979776]"
528.a3,528f1,528,"[0, -1, 0, -720, -5184]"
528.a4,528f2,528,"[0, -1, 0, 1840, -35904]"
528.b1,528b3,528,"[0, -1, 0, -704, -6960]"
528.b2,528b4,528,"[0, -1, 0, -104, 288]"
528.b3,528b2,528,"[0, -1, 0, -44, -96]"
528.b4,528b1,528,"[0, -1, 0, 1, -6]"
528.c1,528a1,528,"[0, -1, 0, -8, 0]"
528.c2,528a2,528,"[0, -1, 0, 32, -32]"
528.d1,528g3,528,"[0, -1, 0, -1288, 18160]"
528.d2,528g4,528,"[0, -1, 0, -648, 35568]"
528.d3,528g1,528,"[0, -1, 0, -88, -272]"
528.d4,528g2,528,"[0, -1, 0, 72, -1296]"
528.e1,528e2,528,"[0, -1, 0, -12, 12]"
528.e2,528e1,528,"[0, -1, 0, 3, 0]"
528.f1,528c1,528,"[0, -1, 0, -8016, 278928]"
528.f2,528c2,528,"[0, -1, 0, -7976, 281808]"
528.g1,528h3,528,"[0, 1, 0, -2344, -44428]"
528.g2,528h2,528,"[0, 1, 0, -184, -364]"
528.g3,528h1,528,"[0, 1, 0, -104, 372]"
528.g4,528h4,528,"[0, 1, 0, 696, -2124]"
528.h1,528i2,528,"[0, 1, 0, -1292, -18312]"
528.h2,528i1,528,"[0, 1, 0, -77, -330]"
528.i1,528d3,528,"[0, 1, 0, -472, -4108]"
528.i2,528d2,528,"[0, 1, 0, -32, -60]"
528.i3,528d1,528,"[0, 1, 0, -12, 12]"
528.i4,528d4,528,"[0, 1, 0, 88, -300]"
528.j1,528j3,528,"[0, 1, 0, -5632, 160820]"
528.j2,528j2,528,"[0, 1, 0, -352, 2420]"
528.j3,528j4,528,"[0, 1, 0, -192, 4788]"
528.j4,528j1,528,"[0, 1, 0, -32, -12]"
530.a1,530c1,530,"[1, -1, 0, 1226, 30580]"
530.b1,530b1,530,"[1, -1, 0, -4, 0]"
530.b2,530b2,530,"[1, -1, 0, 16, -12]"
530.c1,530a2,530,"[1, 0, 1, -2929, -61244]"
530.c2,530a1,530,"[1, 0, 1, -14, -188]"
530.d1,530d1,530,"[1, 1, 1, 9, 13]"
532.a1,532a2,532,"[0, 0, 0, -31, 54]"
532.a2,532a1,532,"[0, 0, 0, 4, 5]"
534.a1,534a1,534,"[1, 1, 1, -14, 11]"
534.a2,534a2,534,"[1, 1, 1, 26, 107]"
537.a1,537e1,537,"[0, 1, 1, -340, 2308]"
537.a2,537e2,537,"[0, 1, 1, 2450, -39812]"
537.b1,537c2,537,"[0, 1, 1, -167, -958]"
537.b2,537c1,537,"[0, 1, 1, 13, 5]"
537.c1,537b1,537,"[0, 1, 1, -75, -277]"
537.d1,537a1,537,"[1, 1, 0, -120, 909]"
537.e1,537d1,537,"[1, 0, 1, 1, -1]"
539.a1,539d3,539,"[0, 1, 1, -383196, 91174234]"
539.a2,539d2,539,"[0, 1, 1, -506, 7774]"
539.a3,539d1,539,"[0, 1, 1, -16, -66]"
539.b1,539a1,539,"[0, -1, 1, -4377, -110013]"
539.b2,539a2,539,"[0, -1, 1, -2417, -210708]"
539.b3,539a3,539,"[0, -1, 1, 21593, 5467657]"
539.c1,539b1,539,"[0, 0, 1, 98, -86]"
539.d1,539c2,539,"[1, 0, 1, -2525, -45279]"
539.d2,539c1,539,"[1, 0, 1, 170, -3237]"
540.a1,540d2,540,"[0, 0, 0, -513, -4563]"
540.a2,540d1,540,"[0, 0, 0, 27, -27]"
540.b1,540c1,540,"[0, 0, 0, -648, 6372]"
540.b2,540c2,540,"[0, 0, 0, 1512, 33588]"
540.c1,540a1,540,"[0, 0, 0, -33, 73]"
540.c2,540a2,540,"[0, 0, 0, 27, 297]"
540.d1,540b2,540,"[0, 0, 0, -57, 169]"
540.d2,540b1,540,"[0, 0, 0, 3, 1]"
540.e1,540e1,540,"[0, 0, 0, -72, -236]"
540.e2,540e2,540,"[0, 0, 0, 168, -1244]"
540.f1,540f2,540,"[0, 0, 0, -297, -1971]"
540.f2,540f1,540,"[0, 0, 0, 3, -11]"
542.a1,542b1,542,"[1, 1, 1, -8, 9]"
542.b1,542a2,542,"[1, 1, 1, -677, -7061]"
542.b2,542a1,542,"[1, 1, 1, -37, -149]"
544.a1,544c1,544,"[0, 1, 0, -22, -48]"
544.a2,544c2,544,"[0, 1, 0, -17, -65]"
544.b1,544f2,544,"[0, 1, 0, -16, 12]"
544.b2,544f1,544,"[0, 1, 0, -6, -8]"
544.c1,544a1,544,"[0, 0, 0, -5, 4]"
544.c2,544a2,544,"[0, 0, 0, 5, 18]"
544.d1,544d1,544,"[0, 0, 0, -5, -4]"
544.d2,544d2,544,"[0, 0, 0, 5, -18]"
544.e1,544b1,544,"[0, -1, 0, -22, 48]"
544.e2,544b2,544,"[0, -1, 0, -17, 65]"
544.f1,544e2,544,"[0, -1, 0, -16, -12]"
544.f2,544e1,544,"[0, -1, 0, -6, 8]"
545.a1,545a3,545,"[1, -1, 0, -914, -8277]"
545.a2,545a2,545,"[1, -1, 0, -289, 1848]"
545.a3,545a1,545,"[1, -1, 0, -284, 1915]"
545.a4,545a4,545,"[1, -1, 0, 256, 7625]"
546.a1,546a1,546,"[1, 1, 0, -108, -486]"
546.b1,546c3,546,"[1, 0, 1, -1957, 33140]"
546.b2,546c2,546,"[1, 0, 1, -137, 380]"
546.b3,546c1,546,"[1, 0, 1, -57, -164]"
546.b4,546c4,546,"[1, 0, 1, 403, 2756]"
546.c1,546b1,546,"[1, 0, 1, -8, -10]"
546.d1,546d3,546,"[1, 0, 1, -26057, -1621108]"
546.d2,546d2,546,"[1, 0, 1, -122, -4948]"
546.d3,546d1,546,"[1, 0, 1, 13, 182]"
546.e1,546e1,546,"[1, 1, 1, -100484, -12372091]"
546.f1,546f2,546,"[1, 0, 0, -3674496, -2711401518]"
546.f2,546f1,546,"[1, 0, 0, 714, -82908]"
546.g1,546g3,546,"[1, 0, 0, -417, 3243]"
546.g2,546g2,546,"[1, 0, 0, -27, 45]"
546.g3,546g1,546,"[1, 0, 0, -7, -7]"
546.g4,546g4,546,"[1, 0, 0, 43, 255]"
549.a1,549b2,549,"[1, -1, 1, -110, -134]"
549.a2,549b1,549,"[1, -1, 1, 25, -26]"
549.b1,549a2,549,"[1, -1, 0, -12, 9]"
549.b2,549a1,549,"[1, -1, 0, 3, 0]"
549.c1,549c1,549,"[1, -1, 0, -18, -27]"
550.a1,550d2,550,"[1, 0, 1, -576, -6202]"
550.a2,550d1,550,"[1, 0, 1, 49, 48]"
550.b1,550c1,550,"[1, 0, 1, -206, -1152]"
550.c1,550g2,550,"[1, 0, 1, -106, 408]"
550.c2,550g1,550,"[1, 0, 1, -6, 8]"
550.d1,550a1,550,"[1, 1, 0, -25, 125]"
550.d2,550a2,550,"[1, 1, 0, 225, -3125]"
550.e1,550f3,550,"[1, 0, 1, -758201, 254051548]"
550.e2,550f1,550,"[1, 0, 1, -701, -7202]"
550.e3,550f2,550,"[1, 0, 1, 4924, 75298]"
550.f1,550b2,550,"[1, 0, 1, -148501, -22038602]"
550.f2,550b1,550,"[1, 0, 1, 249, -6102]"
550.g1,550e1,550,"[1, -1, 0, -367, 10541]"
550.h1,550j1,550,"[1, -1, 1, -15, 87]"
550.i1,550i1,550,"[1, 1, 1, -2213, 39531]"
550.i2,550i2,550,"[1, 1, 1, 7412, 212781]"
550.j1,550k3,550,"[1, 1, 1, -30328, 2020281]"
550.j2,550k1,550,"[1, 1, 1, -28, -69]"
550.j3,550k2,550,"[1, 1, 1, 197, 681]"
550.k1,550l2,550,"[1, 1, 1, -2638, 51031]"
550.k2,550l1,550,"[1, 1, 1, -138, 1031]"
550.l1,550m1,550,"[1, 1, 1, -5138, -143969]"
550.m1,550h2,550,"[1, 1, 1, -23, -59]"
550.m2,550h1,550,"[1, 1, 1, 2, 1]"
551.a1,551d1,551,"[0, 1, 1, -116, 444]"
551.b1,551b1,551,"[1, 0, 0, -11, 14]"
551.c1,551a1,551,"[1, 0, 1, 1, -5]"
551.d1,551c1,551,"[0, 1, 1, -2376, -61851]"
552.a1,552a2,552,"[0, -1, 0, -1144, -14516]"
552.a2,552a1,552,"[0, -1, 0, -64, -260]"
552.b1,552b2,552,"[0, -1, 0, -46648, 3893500]"
552.b2,552b1,552,"[0, -1, 0, -2908, 61876]"
552.c1,552d3,552,"[0, -1, 0, -752, 6972]"
552.c2,552d2,552,"[0, -1, 0, -212, -1020]"
552.c3,552d1,552,"[0, -1, 0, -207, -1080]"
552.c4,552d4,552,"[0, -1, 0, 248, -5252]"
552.d1,552c2,552,"[0, -1, 0, -56, -132]"
552.d2,552c1,552,"[0, -1, 0, 4, -12]"
552.e1,552e4,552,"[0, 1, 0, -2944, 60512]"
552.e2,552e3,552,"[0, 1, 0, -304, -544]"
552.e3,552e2,552,"[0, 1, 0, -184, 896]"
552.e4,552e1,552,"[0, 1, 0, -4, 32]"
555.a1,555a1,555,"[0, 1, 1, -1, -29]"
555.b1,555b2,555,"[0, 1, 1, -196805, -33670564]"
555.b2,555b1,555,"[0, 1, 1, -2405, -47869]"
556.a1,556a1,556,"[0, 0, 0, -8, 9]"
557.a1,557a1,557,"[1, 1, 0, 0, 1]"
557.b1,557b1,557,"[0, -1, 1, -268, 1781]"
558.a1,558d2,558,"[1, -1, 0, -12555, 544887]"
558.a2,558d1,558,"[1, -1, 0, 135, -243]"
558.b1,558a1,558,"[1, -1, 0, 0, 2]"
558.c1,558c3,558,"[1, -1, 0, -2976, -61750]"
558.c2,558c4,558,"[1, -1, 0, -276, 134]"
558.c3,558c2,558,"[1, -1, 0, -186, -928]"
558.c4,558c1,558,"[1, -1, 0, -6, -28]"
558.d1,558b1,558,"[1, -1, 0, -48, 288]"
558.d2,558b2,558,"[1, -1, 0, 417, -6067]"
558.e1,558f2,558,"[1, -1, 1, -434, -7343]"
558.e2,558f1,558,"[1, -1, 1, 46, 209]"
558.f1,558g1,558,"[1, -1, 1, -149, 749]"
558.g1,558e1,558,"[1, -1, 1, -2, -53]"
558.h1,558h1,558,"[1, -1, 1, -752, 9213]"
560.a1,560e1,560,"[0, 0, 0, 32, -212]"
560.b1,560c3,560,"[0, -1, 0, -2101, 39485]"
560.b2,560c1,560,"[0, -1, 0, -21, -35]"
560.b3,560c2,560,"[0, -1, 0, 139, 61]"
560.c1,560f2,560,"[0, -1, 0, -805, 9065]"
560.c2,560f1,560,"[0, -1, 0, -5, 25]"
560.d1,560d4,560,"[0, 0, 0, -4283, 107882]"
560.d2,560d3,560,"[0, 0, 0, -1403, -18902]"
560.d3,560d2,560,"[0, 0, 0, -283, 1482]"
560.d4,560d1,560,"[0, 0, 0, 37, 138]"
560.e1,560a1,560,"[0, 1, 0, -1, -5]"
560.f1,560b1,560,"[0, 0, 0, -412, -3316]"
561.a1,561c1,561,"[0, 1, 1, -8, 8]"
561.b1,561d3,561,"[1, 0, 0, -182, -957]"
561.b2,561d2,561,"[1, 0, 0, -17, 0]"
561.b3,561d1,561,"[1, 0, 0, -12, 15]"
561.b4,561d4,561,"[1, 0, 0, 68, 17]"
561.c1,561a1,561,"[0, -1, 1, -3729, -86416]"
561.d1,561b1,561,"[0, 1, 1, -269, 1628]"
562.a1,562a1,562,"[1, 1, 0, -4, 0]"
562.a2,562a2,562,"[1, 1, 0, 16, 20]"
563.a1,563a1,563,"[1, 1, 1, -15, 16]"
564.a1,564a1,564,"[0, -1, 0, -221, -1191]"
564.b1,564b2,564,"[0, 1, 0, -517, -4681]"
564.b2,564b1,564,"[0, 1, 0, -37, 71]"
565.a1,565a1,565,"[1, 0, 1, -19, -33]"
566.a1,566a1,566,"[1, -1, 0, -2, 4]"
566.b1,566b1,566,"[1, 0, 0, 1, -1]"
567.a1,567b1,567,"[1, -1, 1, -2, 82]"
567.b1,567a1,567,"[1, -1, 0, 0, -3]"
568.a1,568a1,568,"[0, -1, 0, -72, -212]"
570.a1,570b2,570,"[1, 1, 0, -1998, -35148]"
570.a2,570b1,570,"[1, 1, 0, -78, -972]"
570.b1,570a2,570,"[1, 1, 0, -1618, 24388]"
570.b2,570a1,570,"[1, 1, 0, -98, 372]"
570.c1,570c2,570,"[1, 1, 0, -397, 2881]"
570.c2,570c1,570,"[1, 1, 0, -17, 69]"
570.d1,570d3,570,"[1, 0, 1, -1233444, -527363678]"
570.d2,570d4,570,"[1, 0, 1, -233764, 33569186]"
570.d3,570d2,570,"[1, 0, 1, -78244, -7985758]"
570.d4,570d1,570,"[1, 0, 1, 3676, -514654]"
570.e1,570e3,570,"[1, 0, 1, -968, -11662]"
570.e2,570e4,570,"[1, 0, 1, -448, 3506]"
570.e3,570e2,570,"[1, 0, 1, -68, -142]"
570.e4,570e1,570,"[1, 0, 1, 12, -14]"
570.f1,570f4,570,"[1, 0, 1, -7478, -240952]"
570.f2,570f2,570,"[1, 0, 1, -1103, 13898]"
570.f3,570f1,570,"[1, 0, 1, -23, 506]"
570.f4,570f3,570,"[1, 0, 1, 202, -13624]"
570.g1,570g3,570,"[1, 1, 1, -621, -6207]"
570.g2,570g2,570,"[1, 1, 1, -51, -51]"
570.g3,570g1,570,"[1, 1, 1, -31, 53]"
570.g4,570g4,570,"[1, 1, 1, 199, -151]"
570.h1,570h2,570,"[1, 1, 1, -30, -75]"
570.h2,570h1,570,"[1, 1, 1, 0, -3]"
570.i1,570i4,570,"[1, 1, 1, -492480, 132819117]"
570.i2,570i3,570,"[1, 1, 1, -31160, 2011565]"
570.i3,570i2,570,"[1, 1, 1, -30780, 2065677]"
570.i4,570i1,570,"[1, 1, 1, -1900, 32525]"
570.j1,570j2,570,"[1, 0, 0, -23326, -1373170]"
570.j2,570j1,570,"[1, 0, 0, -1456, -21604]"
570.k1,570k4,570,"[1, 0, 0, -463231, 77449961]"
570.k2,570k2,570,"[1, 0, 0, -414991, 102863225]"
570.k3,570k1,570,"[1, 0, 0, -25871, 1614201]"
570.k4,570k3,570,"[1, 0, 0, 85489, 8420985]"
570.l1,570l4,570,"[1, 0, 0, -52823445, -147775056075]"
570.l2,570l3,570,"[1, 0, 0, -3301465, -2309192023]"
570.l3,570l2,570,"[1, 0, 0, -87945, -8655975]"
570.l4,570l1,570,"[1, 0, 0, 9335, -737383]"
570.m1,570m4,570,"[1, 0, 0, -3040, 64262]"
570.m2,570m3,570,"[1, 0, 0, -220, 650]"
570.m3,570m2,570,"[1, 0, 0, -190, 992]"
570.m4,570m1,570,"[1, 0, 0, -10, 20]"
571.a1,571b1,571,"[0, 1, 1, -4, 2]"
571.b1,571a1,571,"[0, -1, 1, -929, -10595]"
572.a1,572a2,572,"[0, 1, 0, -1669, -27401]"
572.a2,572a1,572,"[0, 1, 0, 91, -121]"
573.a1,573c1,573,"[0, 1, 1, -4, -2]"
573.b1,573a2,573,"[1, 0, 0, -12, -3]"
573.b2,573a1,573,"[1, 0, 0, 3, 0]"
573.c1,573b1,573,"[0, 1, 1, -1422, -21121]"
574.a1,574d2,574,"[1, 0, 1, -687039, 218902034]"
574.a2,574d1,574,"[1, 0, 1, -31679, 5254674]"
574.b1,574a1,574,"[1, 1, 0, -2, -2]"
574.c1,574f2,574,"[1, 0, 1, -2335, -43598]"
574.c2,574f1,574,"[1, 0, 1, -80, 190]"
574.d1,574b2,574,"[1, 1, 0, -2221, 29181]"
574.d2,574b1,574,"[1, 1, 0, -2061, 35165]"
574.e1,574c2,574,"[1, 1, 0, -724, -7728]"
574.e2,574c1,574,"[1, 1, 0, -84, 80]"
574.f1,574e1,574,"[1, -1, 0, -40, -88]"
574.g1,574i2,574,"[1, -1, 1, -9611313, -11466507927]"
574.g2,574i1,574,"[1, -1, 1, -19353, 958713]"
574.h1,574g1,574,"[1, 1, 1, -21, -5]"
574.i1,574j2,574,"[1, 1, 1, -15785, -769911]"
574.i2,574j1,574,"[1, 1, 1, -175, 789]"
574.j1,574h2,574,"[1, -1, 1, -37, 85]"
574.j2,574h1,574,"[1, -1, 1, 3, 5]"
575.a1,575e1,575,"[0, 1, 1, -18, 24]"
575.b1,575b1,575,"[0, 0, 1, 175, -1344]"
575.c1,575d1,575,"[1, -1, 1, -55, 72]"
575.d1,575a1,575,"[1, -1, 0, -2, 1]"
575.e1,575c1,575,"[0, -1, 1, -458, 3943]"
576.a1,576g1,576,"[0, 0, 0, -27, 0]"
576.a2,576g2,576,"[0, 0, 0, 108, 0]"
576.b1,576i5,576,"[0, 0, 0, -13836, -626416]"
576.b2,576i4,576,"[0, 0, 0, -2316, 42896]"
576.b3,576i3,576,"[0, 0, 0, -876, -9520]"
576.b4,576i2,576,"[0, 0, 0, -156, 560]"
576.b5,576i1,576,"[0, 0, 0, 24, 56]"
576.b6,576i6,576,"[0, 0, 0, 564, -37744]"
576.c1,576h3,576,"[0, 0, 0, -396, -3024]"
576.c2,576h4,576,"[0, 0, 0, -396, 3024]"
576.c3,576h2,576,"[0, 0, 0, -36, 0]"
576.c4,576h1,576,"[0, 0, 0, 9, 0]"
576.d1,576d5,576,"[0, 0, 0, -13836, 626416]"
576.d2,576d3,576,"[0, 0, 0, -2316, -42896]"
576.d3,576d4,576,"[0, 0, 0, -876, 9520]"
576.d4,576d2,576,"[0, 0, 0, -156, -560]"
576.d5,576d1,576,"[0, 0, 0, 24, -56]"
576.d6,576d6,576,"[0, 0, 0, 564, 37744]"
576.e1,576a4,576,"[0, 0, 0, -540, -4752]"
576.e2,576a2,576,"[0, 0, 0, -60, 176]"
576.e3,576a3,576,"[0, 0, 0, 0, -216]"
576.e4,576a1,576,"[0, 0, 0, 0, 8]"
576.f1,576e4,576,"[0, 0, 0, -540, 4752]"
576.f2,576e2,576,"[0, 0, 0, -60, -176]"
576.f3,576e1,576,"[0, 0, 0, 0, -8]"
576.f4,576e3,576,"[0, 0, 0, 0, 216]"
576.g1,576c3,576,"[0, 0, 0, -1164, -15280]"
576.g2,576c2,576,"[0, 0, 0, -84, -160]"
576.g3,576c1,576,"[0, 0, 0, -39, 92]"
576.g4,576c4,576,"[0, 0, 0, 276, -1168]"
576.h1,576b3,576,"[0, 0, 0, -1164, 15280]"
576.h2,576b2,576,"[0, 0, 0, -84, 160]"
576.h3,576b1,576,"[0, 0, 0, -39, -92]"
576.h4,576b4,576,"[0, 0, 0, 276, 1168]"
576.i1,576f1,576,"[0, 0, 0, -3, 0]"
576.i2,576f2,576,"[0, 0, 0, 12, 0]"
578.a1,578a4,578,"[1, 1, 1, -32663, -1583717]"
578.a2,578a3,578,"[1, 1, 1, -29773, -1989473]"
578.a3,578a2,578,"[1, 1, 1, -12433, 528295]"
578.a4,578a1,578,"[1, 1, 1, -873, 5783]"
579.a1,579b1,579,"[1, 0, 0, -3, 0]"
579.a2,579b2,579,"[1, 0, 0, 12, 3]"
579.b1,579a1,579,"[0, -1, 1, -2, 11]"
580.a1,580a1,580,"[0, 0, 0, -8, -7]"
580.a2,580a2,580,"[0, 0, 0, 17, -42]"
580.b1,580b1,580,"[0, 0, 0, -32, -31]"
580.b2,580b2,580,"[0, 0, 0, 113, -234]"
582.a1,582a1,582,"[1, 1, 0, -15, -27]"
582.a2,582a2,582,"[1, 1, 0, 25, -99]"
582.b1,582c2,582,"[1, 1, 1, -514, 4271]"
582.b2,582c1,582,"[1, 1, 1, -34, 47]"
582.c1,582b2,582,"[1, 1, 1, -746498, -248562097]"
582.c2,582b1,582,"[1, 1, 1, -46658, -3898033]"
582.d1,582d3,582,"[1, 0, 0, -3104, -66822]"
582.d2,582d2,582,"[1, 0, 0, -194, -1056]"
582.d3,582d4,582,"[1, 0, 0, -164, -1386]"
582.d4,582d1,582,"[1, 0, 0, -14, -12]"
583.a1,583b1,583,"[1, 1, 0, -358, -3595]"
583.b1,583a1,583,"[0, 1, 1, 6, -5]"
583.c1,583c1,583,"[0, 0, 1, 491, -2603]"
585.a1,585g1,585,"[0, 0, 1, -3, 18]"
585.b1,585e1,585,"[0, 0, 1, -1713, -28022]"
585.c1,585i1,585,"[0, 0, 1, -597, 8820]"
585.d1,585a2,585,"[1, -1, 1, -3593, 83782]"
585.d2,585a1,585,"[1, -1, 1, -218, 1432]"
585.e1,585b2,585,"[0, 0, 1, -378, -2842]"
585.e2,585b1,585,"[0, 0, 1, 12, -21]"
585.f1,585d1,585,"[0, 0, 1, -42, 105]"
585.f2,585d2,585,"[0, 0, 1, 108, 560]"
585.g1,585f7,585,"[1, -1, 0, -1170000, 487402461]"
585.g2,585f5,585,"[1, -1, 0, -73125, 7629336]"
585.g3,585f8,585,"[1, -1, 0, -71370, 8011575]"
585.g4,585f3,585,"[1, -1, 0, -4680, 114075]"
585.g5,585f2,585,"[1, -1, 0, -1035, -10584]"
585.g6,585f1,585,"[1, -1, 0, -990, -11745]"
585.g7,585f4,585,"[1, -1, 0, 1890, -61479]"
585.g8,585f6,585,"[1, -1, 0, 5445, 533250]"
585.h1,585h1,585,"[1, -1, 0, -9, 0]"
585.h2,585h2,585,"[1, -1, 0, 36, -27]"
585.i1,585c2,585,"[1, -1, 0, -399, -2970]"
585.i2,585c1,585,"[1, -1, 0, -24, -45]"
586.a1,586a1,586,"[1, 1, 0, -1, -3]"
586.b1,586c1,586,"[1, 1, 1, -9, 7]"
586.c1,586b1,586,"[1, 1, 1, -18, 415]"
588.a1,588a1,588,"[0, -1, 0, 131, -167]"
588.b1,588c2,588,"[0, -1, 0, -44, 120]"
588.b2,588c1,588,"[0, -1, 0, -9, -6]"
588.c1,588b4,588,"[0, -1, 0, -89588, 10350936]"
588.c2,588b3,588,"[0, -1, 0, -5553, 165894]"
588.c3,588b2,588,"[0, -1, 0, -1388, 6840]"
588.c4,588b1,588,"[0, -1, 0, 327, 666]"
588.d1,588f2,588,"[0, 1, 0, -1780, 28244]"
588.d2,588f1,588,"[0, 1, 0, -65, 804]"
588.e1,588e2,588,"[0, 1, 0, -2172, -36828]"
588.e2,588e1,588,"[0, 1, 0, -457, 2960]"
588.f1,588d1,588,"[0, 1, 0, 6403, 44463]"
590.a1,590a2,590,"[1, 0, 1, -1909, -36168]"
590.a2,590a1,590,"[1, 0, 1, 156, 176]"
590.b1,590c1,590,"[1, -1, 0, 1, 5]"
590.c1,590b4,590,"[1, -1, 0, -1259, 17513]"
590.c2,590b3,590,"[1, -1, 0, -179, -495]"
590.c3,590b2,590,"[1, -1, 0, -79, 285]"
590.c4,590b1,590,"[1, -1, 0, 1, 13]"
590.d1,590d1,590,"[1, 0, 0, -350, 2500]"
591.a1,591a1,591,"[0, -1, 1, -3, 2]"
592.a1,592e3,592,"[0, -1, 0, -29973, 2007325]"
592.a2,592e2,592,"[0, -1, 0, -373, 2813]"
592.a3,592e1,592,"[0, -1, 0, -53, -131]"
592.b1,592d1,592,"[0, 1, 0, -5, -1]"
592.c1,592a1,592,"[0, 1, 0, -9, -13]"
592.d1,592b1,592,"[0, 1, 0, -33, -85]"
592.e1,592c1,592,"[0, 0, 0, -16, -16]"
593.a1,593b2,593,"[1, 0, 0, -12, -17]"
593.a2,593b1,593,"[1, 0, 0, -7, -30]"
593.b1,593a1,593,"[1, 0, 1, -2, 1]"
594.a1,594c1,594,"[1, -1, 0, -4146, 103796]"
594.a2,594c2,594,"[1, -1, 0, -3201, 151613]"
594.b1,594d1,594,"[1, -1, 0, -153, 4909]"
594.c1,594a1,594,"[1, -1, 0, -18, 36]"
594.d1,594b1,594,"[1, -1, 0, -9, -9]"
594.e1,594f1,594,"[1, -1, 1, -83, 325]"
594.f1,594e1,594,"[1, -1, 1, -1379, -131165]"
594.g1,594g1,594,"[1, -1, 1, -164, -809]"
594.h1,594h1,594,"[1, -1, 1, -461, -3691]"
594.h2,594h2,594,"[1, -1, 1, -356, -5497]"
595.a1,595a1,595,"[0, -1, 1, -9996, 388876]"
595.b1,595b1,595,"[0, -1, 1, 434, -9589]"
595.c1,595c1,595,"[0, -1, 1, 0, 1]"
598.a1,598b1,598,"[1, -1, 0, 44, 496]"
598.b1,598a2,598,"[1, -1, 0, -1802, 29898]"
598.b2,598a1,598,"[1, -1, 0, -112, 492]"
598.c1,598d1,598,"[1, 1, 1, 4, -1443]"
598.d1,598c1,598,"[1, 1, 1, -14, -27]"
600.a1,600f3,600,"[0, -1, 0, -5408, -151188]"
600.a2,600f4,600,"[0, -1, 0, -3408, 76812]"
600.a3,600f2,600,"[0, -1, 0, -408, -1188]"
600.a4,600f1,600,"[0, -1, 0, 92, -188]"
600.b1,600b1,600,"[0, -1, 0, 7, -3]"
600.c1,600a5,600,"[0, -1, 0, -80008, -8683988]"
600.c2,600a3,600,"[0, -1, 0, -5008, -133988]"
600.c3,600a6,600,"[0, -1, 0, -2008, -295988]"
600.c4,600a2,600,"[0, -1, 0, -508, 1012]"
600.c5,600a1,600,"[0, -1, 0, -383, 3012]"
600.c6,600a4,600,"[0, -1, 0, 1992, 6012]"
600.d1,600c2,600,"[0, -1, 0, -168, -468]"
600.d2,600c1,600,"[0, -1, 0, 32, -68]"
600.e1,600g1,600,"[0, -1, 0, -5833, 207037]"
600.f1,600e1,600,"[0, 1, 0, -233, 1563]"
600.g1,600h2,600,"[0, 1, 0, -4208, -66912]"
600.g2,600h1,600,"[0, 1, 0, 792, -6912]"
600.h1,600d5,600,"[0, 1, 0, -9608, -365712]"
600.h2,600d4,600,"[0, 1, 0, -1608, 24288]"
600.h3,600d3,600,"[0, 1, 0, -608, -5712]"
600.h4,600d2,600,"[0, 1, 0, -108, 288]"
600.h5,600d1,600,"[0, 1, 0, 17, 38]"
600.h6,600d6,600,"[0, 1, 0, 392, -21712]"
600.i1,600i1,600,"[0, 1, 0, 167, -37]"
602.a1,602b1,602,"[1, 1, 0, -22564, 1295312]"
602.b1,602a2,602,"[1, -1, 0, -3319, -69651]"
602.b2,602a1,602,"[1, -1, 0, 121, -4291]"
602.c1,602c1,602,"[1, -1, 0, -1, -1]"
603.a1,603f1,603,"[0, 0, 1, -111, 450]"
603.b1,603b1,603,"[1, -1, 1, -29, 28]"
603.b2,603b2,603,"[1, -1, 1, 106, 136]"
603.c1,603c1,603,"[1, -1, 1, -7151, -230952]"
603.d1,603a1,603,"[1, -1, 0, -3, 0]"
603.d2,603a2,603,"[1, -1, 0, 12, -9]"
603.e1,603e1,603,"[1, -1, 0, -9, -54]"
603.f1,603d1,603,"[0, 0, 1, 15, -23]"
605.a1,605c1,605,"[1, -1, 1, -12, 36]"
605.b1,605b3,605,"[1, -1, 1, -7162, -231426]"
605.b2,605b4,605,"[1, -1, 1, -3532, 79786]"
605.b3,605b2,605,"[1, -1, 1, -507, -2494]"
605.b4,605b1,605,"[1, -1, 1, 98, -316]"
605.c1,605a1,605,"[1, -1, 0, -1414, -44027]"
606.a1,606b1,606,"[1, 0, 1, 4, 2]"
606.b1,606a3,606,"[1, 0, 1, -4325, -109816]"
606.b2,606a4,606,"[1, 0, 1, -1365, 17896]"
606.b3,606a2,606,"[1, 0, 1, -285, -1544]"
606.b4,606a1,606,"[1, 0, 1, 35, -136]"
606.c1,606c1,606,"[1, 1, 1, -33, -87]"
606.d1,606d1,606,"[1, 1, 1, -1314, -65361]"
606.e1,606e1,606,"[1, 0, 0, -120, 576]"
606.f1,606f1,606,"[1, 0, 0, -90, 324]"
606.f2,606f2,606,"[1, 0, 0, 600, -10626]"
608.a1,608f1,608,"[0, 0, 0, 5, -2]"
608.b1,608d1,608,"[0, 0, 0, -8, 16]"
608.c1,608a1,608,"[0, 0, 0, -8, -16]"
608.d1,608e1,608,"[0, 0, 0, -56, -4848]"
608.e1,608b1,608,"[0, 0, 0, -56, 4848]"
608.f1,608c1,608,"[0, 0, 0, 5, 2]"
609.a1,609b4,609,"[1, 1, 1, -204624, 35542050]"
609.a2,609b5,609,"[1, 1, 1, -42469, -2756140]"
609.a3,609b3,609,"[1, 1, 1, -13034, 528806]"
609.a4,609b2,609,"[1, 1, 1, -12789, 551346]"
609.a5,609b1,609,"[1, 1, 1, -784, 8720]"
609.a6,609b6,609,"[1, 1, 1, 12481, 2376092]"
609.b1,609a2,609,"[1, 1, 0, -35, 66]"
609.b2,609a1,609,"[1, 1, 0, 0, 3]"
610.a1,610a1,610,"[1, -1, 0, -35, -75]"
610.b1,610b3,610,"[1, -1, 0, -2744, -54500]"
610.b2,610b2,610,"[1, -1, 0, -244, 0]"
610.b3,610b1,610,"[1, -1, 0, -164, 848]"
610.b4,610b4,610,"[1, -1, 0, 976, -732]"
610.c1,610c1,610,"[1, 1, 1, -5, -5]"
610.c2,610c2,610,"[1, 1, 1, 15, -13]"
611.a1,611a1,611,"[0, 0, 1, -1, 1]"
612.a1,612b2,612,"[0, 0, 0, -4104, -101196]"
612.a2,612b1,612,"[0, 0, 0, -24, -284]"
612.b1,612c1,612,"[0, 0, 0, -48, 196]"
612.c1,612d1,612,"[0, 0, 0, -14592, 679412]"
612.d1,612a1,612,"[0, 0, 0, -456, 3748]"
612.d2,612a2,612,"[0, 0, 0, -216, 7668]"
614.a1,614b2,614,"[1, 0, 0, -373, -2991]"
614.a2,614b1,614,"[1, 0, 0, 27, 1]"
614.b1,614a1,614,"[1, -1, 1, -61, 197]"
615.a1,615a1,615,"[1, 1, 1, -6, -6]"
615.a2,615a2,615,"[1, 1, 1, 19, -16]"
615.b1,615b1,615,"[0, 1, 1, 79, -214]"
616.a1,616c2,616,"[0, 1, 0, -232, -1440]"
616.a2,616c1,616,"[0, 1, 0, -12, -32]"
616.b1,616d1,616,"[0, -1, 0, -1, 197]"
616.c1,616e3,616,"[0, 0, 0, -251, 1510]"
616.c2,616e2,616,"[0, 0, 0, -31, -30]"
616.c3,616e1,616,"[0, 0, 0, -26, -51]"
616.c4,616e4,616,"[0, 0, 0, 109, -226]"
616.d1,616a2,616,"[0, 0, 0, -355, 702]"
616.d2,616a1,616,"[0, 0, 0, 85, 86]"
616.e1,616b2,616,"[0, -1, 0, -22792, 936540]"
616.e2,616b1,616,"[0, -1, 0, 3828, 95348]"
618.a1,618a1,618,"[1, 1, 0, 2, 4]"
618.b1,618b1,618,"[1, 1, 0, -2819, -58803]"
618.c1,618d2,618,"[1, 0, 1, -20330, -1118500]"
618.c2,618d1,618,"[1, 0, 1, 325, -7018]"
618.d1,618c1,618,"[1, 0, 1, -21, 34]"
618.d2,618c2,618,"[1, 0, 1, 54, 196]"
618.e1,618e1,618,"[1, 1, 1, 1, 5]"
618.f1,618f1,618,"[1, 0, 0, -185, 1401]"
618.g1,618g1,618,"[1, 0, 0, -1484, -22128]"
620.a1,620c1,620,"[0, 0, 0, 8, 4]"
620.b1,620b2,620,"[0, 0, 0, -1207, 9006]"
620.b2,620b1,620,"[0, 0, 0, -1052, 13129]"
620.c1,620a1,620,"[0, 1, 0, -101, 359]"
620.c2,620a2,620,"[0, 1, 0, 59, 1495]"
621.a1,621b1,621,"[1, -1, 1, -14, -16]"
621.b1,621a1,621,"[1, -1, 0, -123, 548]"
622.a1,622a1,622,"[1, -1, 1, 8, -5]"
623.a1,623a1,623,"[1, 1, 0, 28, 157]"
624.a1,624b2,624,"[0, -1, 0, -60, -144]"
624.a2,624b1,624,"[0, -1, 0, 5, -14]"
624.b1,624g4,624,"[0, -1, 0, -748, 7564]"
624.b2,624g3,624,"[0, -1, 0, -733, 7888]"
624.b3,624g2,624,"[0, -1, 0, -148, -644]"
624.b4,624g1,624,"[0, -1, 0, -13, 4]"
624.c1,624a2,624,"[0, -1, 0, -68, 240]"
624.c2,624a1,624,"[0, -1, 0, -3, 6]"
624.d1,624c3,624,"[0, -1, 0, -832, 9520]"
624.d2,624c2,624,"[0, -1, 0, -52, 160]"
624.d3,624c1,624,"[0, -1, 0, -7, -2]"
624.d4,624c4,624,"[0, -1, 0, 8, 448]"
624.e1,624j2,624,"[0, 1, 0, -20, 24]"
624.e2,624j1,624,"[0, 1, 0, -5, -6]"
624.f1,624f3,624,"[0, 1, 0, -304, 1892]"
624.f2,624f2,624,"[0, 1, 0, -44, -84]"
624.f3,624f1,624,"[0, 1, 0, -39, -108]"
624.f4,624f4,624,"[0, 1, 0, 136, -444]"
624.g1,624d1,624,"[0, 1, 0, -3, 0]"
624.g2,624d2,624,"[0, 1, 0, 12, 12]"
624.h1,624i3,624,"[0, 1, 0, -331832, -73684908]"
624.h2,624i4,624,"[0, 1, 0, -37432, 932948]"
624.h3,624i2,624,"[0, 1, 0, -20792, -1150380]"
624.h4,624i1,624,"[0, 1, 0, -312, -44460]"
624.i1,624h4,624,"[0, 1, 0, -1112, 13908]"
624.i2,624h3,624,"[0, 1, 0, -312, -2028]"
624.i3,624h2,624,"[0, 1, 0, -72, 180]"
624.i4,624h1,624,"[0, 1, 0, 8, 20]"
624.j1,624e1,624,"[0, 1, 0, -651, -6228]"
624.j2,624e2,624,"[0, 1, 0, 564, -25668]"
626.a1,626a2,626,"[1, -1, 0, -17, -13]"
626.a2,626a1,626,"[1, -1, 0, -7, 9]"
626.b1,626b1,626,"[1, 0, 1, -2210, 39796]"
627.a1,627b2,627,"[0, 1, 1, -30063, -2016358]"
627.a2,627b1,627,"[0, 1, 1, -363, -2995]"
627.b1,627a1,627,"[0, 1, 1, -1, -2]"
628.a1,628a1,628,"[0, -1, 0, 4, 8]"
629.a1,629d1,629,"[1, -1, 1, -171, 1904]"
629.b1,629c1,629,"[0, 0, 1, -40, 48]"
629.c1,629a1,629,"[1, -1, 0, 11, -18]"
629.d1,629b1,629,"[0, 0, 1, -211, 1165]"
630.a1,630c7,630,"[1, -1, 0, -17287200, 27669604050]"
630.a2,630c5,630,"[1, -1, 0, -1080450, 432540000]"
630.a3,630c8,630,"[1, -1, 0, -1073700, 438205950]"
630.a4,630c3,630,"[1, -1, 0, -135630, -19186524]"
630.a5,630c4,630,"[1, -1, 0, -67950, 6682500]"
630.a6,630c2,630,"[1, -1, 0, -9630, -210924]"
630.a7,630c1,630,"[1, -1, 0, 1890, -24300]"
630.a8,630c6,630,"[1, -1, 0, 11430, 21304296]"
630.b1,630d5,630,"[1, -1, 0, -151200, 22667386]"
630.b2,630d4,630,"[1, -1, 0, -9450, 355936]"
630.b3,630d6,630,"[1, -1, 0, -8820, 404950]"
630.b4,630d3,630,"[1, -1, 0, -3330, -69080]"
630.b5,630d2,630,"[1, -1, 0, -630, 4900]"
630.b6,630d1,630,"[1, -1, 0, 90, 436]"
630.c1,630a3,630,"[1, -1, 0, -420, -2800]"
630.c2,630a1,630,"[1, -1, 0, -105, 441]"
630.c3,630a2,630,"[1, -1, 0, -75, 675]"
630.c4,630a4,630,"[1, -1, 0, 660, -15544]"
630.d1,630e4,630,"[1, -1, 0, -2409, 46115]"
630.d2,630e3,630,"[1, -1, 0, -789, -7777]"
630.d3,630e2,630,"[1, -1, 0, -159, 665]"
630.d4,630e1,630,"[1, -1, 0, 21, 53]"
630.e1,630b1,630,"[1, -1, 0, -5124, 142160]"
630.e2,630b2,630,"[1, -1, 0, -3204, 248528]"
630.f1,630f7,630,"[1, -1, 0, -58059, -3373137]"
630.f2,630f4,630,"[1, -1, 0, -51849, -4531275]"
630.f3,630f6,630,"[1, -1, 0, -24309, 1426113]"
630.f4,630f3,630,"[1, -1, 0, -24129, 1448685]"
630.f5,630f2,630,"[1, -1, 0, -3249, -69795]"
630.f6,630f5,630,"[1, -1, 0, -729, -177147]"
630.f7,630f1,630,"[1, -1, 0, -369, 1053]"
630.f8,630f8,630,"[1, -1, 0, 6561, 4778595]"
630.g1,630g1,630,"[1, -1, 1, -46118, -3792203]"
630.g2,630g2,630,"[1, -1, 1, -28838, -6681419]"
630.h1,630i7,630,"[1, -1, 1, -3161093, 2164026557]"
630.h2,630i6,630,"[1, -1, 1, -197573, 33848381]"
630.h3,630i8,630,"[1, -1, 1, -183173, 38980541]"
630.h4,630i4,630,"[1, -1, 1, -39218, 2946557]"
630.h5,630i3,630,"[1, -1, 1, -13253, 449597]"
630.h6,630i2,630,"[1, -1, 1, -5198, -74419]"
630.h7,630i1,630,"[1, -1, 1, -4478, -114163]"
630.h8,630i5,630,"[1, -1, 1, 17302, -560419]"
630.i1,630j3,630,"[1, -1, 1, -3362, -74181]"
630.i2,630j2,630,"[1, -1, 1, -212, -1101]"
630.i3,630j1,630,"[1, -1, 1, -32, 51]"
630.i4,630j4,630,"[1, -1, 1, 58, -3909]"
630.j1,630h3,630,"[1, -1, 1, -947, -10961]"
630.j2,630h4,630,"[1, -1, 1, -677, -17549]"
630.j3,630h1,630,"[1, -1, 1, -47, 119]"
630.j4,630h2,630,"[1, -1, 1, 73, 551]"
632.a1,632a1,632,"[0, 1, 0, -16, 16]"
633.a1,633a1,633,"[1, 1, 1, -17, -70]"
635.a1,635b1,635,"[0, -1, 1, -10, 16]"
635.b1,635a2,635,"[0, 1, 1, -45, -209]"
635.b2,635a1,635,"[0, 1, 1, 5, 6]"
637.a1,637d1,637,"[0, 0, 1, 49, -86]"
637.b1,637b3,637,"[0, -1, 1, -5749, 415463]"
637.b2,637b1,637,"[0, -1, 1, -359, -2507]"
637.b3,637b2,637,"[0, -1, 1, 621, -13238]"
637.c1,637a1,637,"[1, -1, 0, -107, 454]"
637.c2,637a2,637,"[1, -1, 0, 628, -17823]"
637.d1,637c1,637,"[1, -1, 0, -5252, -145223]"
637.d2,637c2,637,"[1, -1, 0, 30763, 6051758]"
639.a1,639a2,639,"[1, -1, 1, -131, -520]"
639.a2,639a1,639,"[1, -1, 1, 4, -34]"
640.a1,640f1,640,"[0, 1, 0, -66, -230]"
640.a2,640f2,640,"[0, 1, 0, -61, -261]"
640.b1,640h2,640,"[0, 1, 0, -265, 1575]"
640.b2,640h1,640,"[0, 1, 0, -15, 25]"
640.c1,640b1,640,"[0, 0, 0, -13, 18]"
640.c2,640b2,640,"[0, 0, 0, -8, 32]"
640.d1,640a1,640,"[0, 0, 0, -13, -18]"
640.d2,640a2,640,"[0, 0, 0, -8, -32]"
640.e1,640g2,640,"[0, 0, 0, -52, 144]"
640.e2,640g1,640,"[0, 0, 0, -2, 4]"
640.f1,640c2,640,"[0, 0, 0, -52, -144]"
640.f2,640c1,640,"[0, 0, 0, -2, -4]"
640.g1,640e1,640,"[0, -1, 0, -66, 230]"
640.g2,640e2,640,"[0, -1, 0, -61, 261]"
640.h1,640d2,640,"[0, -1, 0, -265, -1575]"
640.h2,640d1,640,"[0, -1, 0, -15, -25]"
642.a1,642a1,642,"[1, 1, 0, -49, 85]"
642.a2,642a2,642,"[1, 1, 0, 111, 693]"
642.b1,642b2,642,"[1, 0, 1, -4315, -109978]"
642.b2,642b1,642,"[1, 0, 1, 140, -790]"
642.c1,642c1,642,"[1, 1, 1, 79, 335]"
643.a1,643a1,643,"[1, 0, 0, -4, 3]"
644.a1,644b1,644,"[0, -1, 0, 2, -7]"
644.b1,644a1,644,"[0, 1, 0, 6, -43]"
645.a1,645d1,645,"[0, -1, 1, -18000, -923542]"
645.b1,645f1,645,"[0, 1, 1, 10, 44]"
645.c1,645e1,645,"[0, 1, 1, 1815, 141239]"
645.d1,645a4,645,"[1, 1, 0, -688, 6667]"
645.d2,645a3,645,"[1, 1, 0, -118, -407]"
645.d3,645a2,645,"[1, 1, 0, -43, 88]"
645.d4,645a1,645,"[1, 1, 0, 2, 7]"
645.e1,645b1,645,"[1, 1, 0, -22, 31]"
645.e2,645b2,645,"[1, 1, 0, 3, 126]"
645.f1,645c1,645,"[0, -1, 1, -16780, 855303]"
646.a1,646a1,646,"[1, -1, 0, -125, -507]"
646.a2,646a2,646,"[1, -1, 0, -85, -867]"
646.b1,646e4,646,"[1, 0, 0, -73163, -7623125]"
646.b2,646e3,646,"[1, 0, 0, -4573, -119379]"
646.b3,646e2,646,"[1, 0, 0, -913, -10287]"
646.b4,646e1,646,"[1, 0, 0, -153, 505]"
646.c1,646c2,646,"[1, 0, 0, -3851, 91663]"
646.c2,646c1,646,"[1, 0, 0, -241, 1413]"
646.d1,646d2,646,"[1, -1, 1, -6486, 202661]"
646.d2,646d1,646,"[1, -1, 1, -406, 3237]"
646.e1,646b1,646,"[1, 1, 1, -77, -77]"
646.e2,646b2,646,"[1, 1, 1, 303, -229]"
648.a1,648b1,648,"[0, 0, 0, -3, -1]"
648.b1,648a1,648,"[0, 0, 0, -3, 14]"
648.c1,648d1,648,"[0, 0, 0, -27, 27]"
648.d1,648c1,648,"[0, 0, 0, -27, -378]"
649.a1,649a1,649,"[1, 0, 0, -1, 4]"
650.a1,650c1,650,"[1, -1, 0, -22, 46]"
650.b1,650g1,650,"[1, 0, 1, -26, 48]"
650.b2,650g2,650,"[1, 0, 1, 99, 248]"
650.c1,650e1,650,"[1, 0, 1, -21026, -1175052]"
650.c2,650e2,650,"[1, 0, 1, -19026, -1407052]"
650.d1,650a3,650,"[1, -1, 0, -34667, -2475759]"
650.d2,650a2,650,"[1, -1, 0, -2167, -38259]"
650.d3,650a4,650,"[1, -1, 0, -1667, -56759]"
650.d4,650a1,650,"[1, -1, 0, -167, -259]"
650.e1,650d1,650,"[1, 0, 1, 299, 22048]"
650.f1,650b2,650,"[1, 1, 0, -11330, -468940]"
650.f2,650b1,650,"[1, 1, 0, -130, -780]"
650.g1,650f2,650,"[1, -1, 0, -5317, -162409]"
650.g2,650f1,650,"[1, -1, 0, -67, 341]"
650.h1,650l2,650,"[1, 0, 0, -283263, -58050983]"
650.h2,650l1,650,"[1, 0, 0, -3263, -90983]"
650.i1,650k1,650,"[1, 1, 1, 12, 181]"
650.j1,650h3,650,"[1, 1, 1, -11488, -478719]"
650.j2,650h2,650,"[1, 1, 1, -113, -969]"
650.j3,650h1,650,"[1, 1, 1, 12, 31]"
650.k1,650i1,650,"[1, 1, 1, -638, 6031]"
650.k2,650i2,650,"[1, 1, 1, 2487, 31031]"
650.l1,650j3,650,"[1, 1, 1, -5188, -140219]"
650.l2,650j1,650,"[1, 1, 1, -813, 8531]"
650.l3,650j2,650,"[1, 1, 1, -313, 19531]"
650.l4,650j4,650,"[1, 1, 1, 2812, -524219]"
650.m1,650m1,650,"[1, -1, 1, -555, 5197]"
651.a1,651d3,651,"[1, 0, 0, -3044, -64887]"
651.a2,651d4,651,"[1, 0, 0, -1294, 17195]"
651.a3,651d2,651,"[1, 0, 0, -209, -816]"
651.a4,651d1,651,"[1, 0, 0, 36, -81]"
651.b1,651e3,651,"[0, 1, 1, -85687, -9682913]"
651.b2,651e2,651,"[0, 1, 1, -1057, -13610]"
651.b3,651e1,651,"[0, 1, 1, 23, -83]"
651.c1,651a2,651,"[1, 1, 0, -89631, -10365894]"
651.c2,651a1,651,"[1, 1, 0, -5596, -164045]"
651.d1,651b1,651,"[1, 1, 0, -3, 0]"
651.d2,651b2,651,"[1, 1, 0, 12, 15]"
651.e1,651c2,651,"[1, 0, 1, -32, -61]"
651.e2,651c1,651,"[1, 0, 1, 3, -5]"
654.a1,654a1,654,"[1, 0, 1, -174, 880]"
654.b1,654b1,654,"[1, 1, 1, -56, 1145]"
655.a1,655a1,655,"[0, 0, 1, -13, 18]"
656.a1,656b1,656,"[0, 1, 0, -12, -20]"
656.a2,656b2,656,"[0, 1, 0, 8, -60]"
656.b1,656a1,656,"[0, 0, 0, -11, 10]"
656.b2,656a2,656,"[0, 0, 0, 29, 66]"
656.c1,656c2,656,"[0, -1, 0, -184, 1008]"
656.c2,656c1,656,"[0, -1, 0, -24, -16]"
657.a1,657d1,657,"[1, -1, 1, -11, 10]"
657.a2,657d2,657,"[1, -1, 1, 34, 46]"
657.b1,657a2,657,"[1, -1, 1, -11678, 488634]"
657.b2,657a1,657,"[1, -1, 1, -743, 7494]"
657.c1,657c2,657,"[0, 0, 1, -246, 2043]"
657.c2,657c1,657,"[0, 0, 1, 24, -36]"
657.d1,657b1,657,"[0, 0, 1, -57, -167]"
658.a1,658a1,658,"[1, 1, 0, -117008, 18214144]"
658.b1,658c2,658,"[1, 0, 1, -32, -338]"
658.b2,658c1,658,"[1, 0, 1, 3, 12]"
658.c1,658b2,658,"[1, 1, 0, -49, -147]"
658.c2,658b1,658,"[1, 1, 0, -9, 5]"
658.d1,658f1,658,"[1, -1, 1, -18, 33]"
658.e1,658d1,658,"[1, 1, 1, 24, -23]"
658.f1,658e2,658,"[1, -1, 1, -8572, 183615]"
658.f2,658e1,658,"[1, -1, 1, 1668, 19775]"
659.a1,659a1,659,"[1, 1, 0, -79, -306]"
659.b1,659b1,659,"[0, 1, 1, -372, 2641]"
660.a1,660a2,660,"[0, -1, 0, -396, -2904]"
660.a2,660a1,660,"[0, -1, 0, -21, -54]"
660.b1,660b2,660,"[0, -1, 0, -76, 280]"
660.b2,660b1,660,"[0, -1, 0, -1, 10]"
660.c1,660c4,660,"[0, 1, 0, -1556, -13356]"
660.c2,660c2,660,"[0, 1, 0, -716, 7140]"
660.c3,660c1,660,"[0, 1, 0, -41, 120]"
660.c4,660c3,660,"[0, 1, 0, 319, -1356]"
660.d1,660d4,660,"[0, 1, 0, -249996, -48194796]"
660.d2,660d3,660,"[0, 1, 0, -15621, -757296]"
660.d3,660d2,660,"[0, 1, 0, -3156, -63900]"
660.d4,660d1,660,"[0, 1, 0, 219, -4500]"
662.a1,662a1,662,"[1, 0, 1, 32, -210]"
663.a1,663b5,663,"[1, 1, 1, -20174, -1111138]"
663.a2,663b3,663,"[1, 1, 1, -1389, -14094]"
663.a3,663b2,663,"[1, 1, 1, -544, 4496]"
663.a4,663b1,663,"[1, 1, 1, -539, 4592]"
663.a5,663b4,663,"[1, 1, 1, 221, 17042]"
663.a6,663b6,663,"[1, 1, 1, 3876, -89910]"
663.b1,663c2,663,"[1, 0, 0, -98, 279]"
663.b2,663c1,663,"[1, 0, 0, -33, -72]"
663.c1,663a2,663,"[1, 1, 0, -327, -900]"
663.c2,663a1,663,"[1, 1, 0, -262, -1745]"
664.a1,664a1,664,"[0, 0, 0, -7, 10]"
664.b1,664c1,664,"[0, -1, 0, -3, 4]"
664.c1,664b1,664,"[0, 1, 0, 1, 2]"
665.a1,665d2,665,"[0, -1, 1, -16660, -1081562]"
665.a2,665d1,665,"[0, -1, 1, -210, 6798]"
665.b1,665e1,665,"[0, 0, 1, -97, -368]"
665.c1,665a1,665,"[1, 1, 1, 64, 258]"
665.d1,665c1,665,"[1, 1, 0, -2, 1]"
665.e1,665b3,665,"[1, -1, 0, -194, 1085]"
665.e2,665b2,665,"[1, -1, 0, -19, 0]"
665.e3,665b1,665,"[1, -1, 0, -14, -17]"
665.e4,665b4,665,"[1, -1, 0, 76, -57]"
666.a1,666c2,666,"[1, -1, 0, -1332, 19062]"
666.a2,666c1,666,"[1, -1, 0, 18, 108]"
666.b1,666b1,666,"[1, -1, 0, 153, -4685]"
666.c1,666a1,666,"[1, -1, 0, -231, -1315]"
666.d1,666e1,666,"[1, -1, 1, 13, 1235]"
666.e1,666d1,666,"[1, -1, 1, -26, 57]"
666.f1,666f4,666,"[1, -1, 1, -7241, 238677]"
666.f2,666f3,666,"[1, -1, 1, -5441, -151995]"
666.f3,666f2,666,"[1, -1, 1, -581, 1581]"
666.f4,666f1,666,"[1, -1, 1, 139, 141]"
666.g1,666g1,666,"[1, -1, 1, -1640858, -808607271]"
669.a1,669a1,669,"[1, 1, 0, -1, -2]"
670.a1,670b2,670,"[1, 0, 1, -23, -174]"
670.a2,670b1,670,"[1, 0, 1, 2, 6]"
670.b1,670a1,670,"[1, -1, 0, -524, -8920]"
670.c1,670d1,670,"[1, 0, 0, 44, -624]"
670.d1,670c1,670,"[1, -1, 1, -13, 21]"
672.a1,672d2,672,"[0, -1, 0, -1505, -17199]"
672.a2,672d1,672,"[0, -1, 0, 210, -1764]"
672.b1,672e3,672,"[0, -1, 0, -224, 1368]"
672.b2,672e2,672,"[0, -1, 0, -49, -95]"
672.b3,672e1,672,"[0, -1, 0, -14, 24]"
672.b4,672e4,672,"[0, -1, 0, 16, 84]"
672.c1,672a2,672,"[0, -1, 0, -33, 81]"
672.c2,672a1,672,"[0, -1, 0, 2, 4]"
672.d1,672c3,672,"[0, -1, 0, -337, 2497]"
672.d2,672c2,672,"[0, -1, 0, -112, -392]"
672.d3,672c1,672,"[0, -1, 0, -22, 40]"
672.d4,672c4,672,"[0, -1, 0, 48, 180]"
672.e1,672b2,672,"[0, 1, 0, -1505, 17199]"
672.e2,672b1,672,"[0, 1, 0, 210, 1764]"
672.f1,672f2,672,"[0, 1, 0, -224, -1368]"
672.f2,672f3,672,"[0, 1, 0, -49, 95]"
672.f3,672f1,672,"[0, 1, 0, -14, -24]"
672.f4,672f4,672,"[0, 1, 0, 16, -84]"
672.g1,672g2,672,"[0, 1, 0, -33, -81]"
672.g2,672g1,672,"[0, 1, 0, 2, -4]"
672.h1,672h2,672,"[0, 1, 0, -337, -2497]"
672.h2,672h3,672,"[0, 1, 0, -112, 392]"
672.h3,672h1,672,"[0, 1, 0, -22, -40]"
672.h4,672h4,672,"[0, 1, 0, 48, -180]"
674.a1,674a1,674,"[1, 0, 1, 3, 0]"
674.b1,674c1,674,"[1, -1, 1, 2064, 18771]"
674.c1,674b1,674,"[1, -1, 1, -6, 5]"
674.c2,674b2,674,"[1, -1, 1, 14, 21]"
675.a1,675h1,675,"[0, 0, 1, -675, -14344]"
675.b1,675b1,675,"[1, -1, 1, -5, 2]"
675.c1,675d1,675,"[1, -1, 1, -1055, -3428]"
675.d1,675c2,675,"[0, 0, 1, 0, -169]"
675.d2,675c1,675,"[0, 0, 1, 0, 6]"
675.e1,675a4,675,"[0, 0, 1, -6750, -213469]"
675.e2,675a3,675,"[0, 0, 1, -750, 7906]"
675.e3,675a2,675,"[0, 0, 1, 0, -844]"
675.e4,675a1,675,"[0, 0, 1, 0, 31]"
675.f1,675e2,675,"[0, 0, 1, 0, -21094]"
675.f2,675e1,675,"[0, 0, 1, 0, 781]"
675.g1,675i1,675,"[1, -1, 0, -117, 166]"
675.h1,675f1,675,"[1, -1, 0, -42, -19]"
675.i1,675g1,675,"[0, 0, 1, -75, 531]"
676.a1,676c2,676,"[0, 1, 0, -88612, -10182444]"
676.a2,676c1,676,"[0, 1, 0, -732, -23516]"
676.b1,676b2,676,"[0, 1, 0, -524, -4796]"
676.b2,676b1,676,"[0, 1, 0, -4, -12]"
676.c1,676a1,676,"[0, 0, 0, -676, -6591]"
676.c2,676a2,676,"[0, 0, 0, 169, -21970]"
676.d1,676e1,676,"[0, 0, 0, -28561, 1856465]"
676.e1,676d1,676,"[0, 0, 0, -169, 845]"
677.a1,677a1,677,"[1, 1, 1, 2, 0]"
678.a1,678a1,678,"[1, 1, 0, -12, 12]"
678.b1,678b1,678,"[1, 0, 1, 6, -20]"
678.c1,678c1,678,"[1, 1, 1, -148, -427]"
678.c2,678c2,678,"[1, 1, 1, 492, -2475]"
678.d1,678f1,678,"[1, 0, 0, -190, -1024]"
678.d2,678f2,678,"[1, 0, 0, -180, -1134]"
678.e1,678d2,678,"[1, 0, 0, -7121, -2567403]"
678.e2,678d1,678,"[1, 0, 0, -1661, 26097]"
678.f1,678e3,678,"[1, 0, 0, -1342, -18430]"
678.f2,678e2,678,"[1, 0, 0, -212, 780]"
678.f3,678e1,678,"[1, 0, 0, -192, 1008]"
678.f4,678e4,678,"[1, 0, 0, 598, 5478]"
680.a1,680b1,680,"[0, -1, 0, 0, -20]"
680.b1,680a3,680,"[0, 0, 0, -1163, -14938]"
680.b2,680a2,680,"[0, 0, 0, -163, 462]"
680.b3,680a1,680,"[0, 0, 0, -143, 658]"
680.b4,680a4,680,"[0, 0, 0, 517, 3318]"
680.c1,680c1,680,"[0, -1, 0, -3540, -79900]"
680.c2,680c2,680,"[0, -1, 0, -3520, -80868]"
681.a1,681c1,681,"[0, -1, 1, 0, 2]"
681.b1,681a1,681,"[0, -1, 1, -13, 24]"
681.c1,681e1,681,"[0, 1, 1, -179, 881]"
681.d1,681d1,681,"[0, 1, 1, -431, -3592]"
681.e1,681b3,681,"[1, 1, 0, -2369, 20862]"
681.e2,681b1,681,"[1, 1, 0, -1154, -15345]"
681.e3,681b2,681,"[1, 1, 0, -1149, -15480]"
681.e4,681b4,681,"[1, 1, 0, -19, -42812]"
682.a1,682a3,682,"[1, 0, 0, -2003, -39269]"
682.a2,682a1,682,"[1, 0, 0, -33, 73]"
682.a3,682a2,682,"[1, 0, 0, 167, 225]"
682.b1,682b1,682,"[1, -1, 1, 359, -6663]"
684.a1,684b2,684,"[0, 0, 0, -831, -8890]"
684.a2,684b1,684,"[0, 0, 0, 24, -511]"
684.b1,684a1,684,"[0, 0, 0, -192, 1028]"
684.c1,684c1,684,"[0, 0, 0, 24, -268]"
685.a1,685a1,685,"[1, -1, 0, -5, 6]"
688.a1,688a1,688,"[0, 0, 0, 4, -4]"
688.b1,688c1,688,"[0, -1, 0, -5, -19]"
688.c1,688b1,688,"[0, -1, 0, -13, -15]"
688.c2,688b2,688,"[0, -1, 0, 67, -79]"
689.a1,689a1,689,"[1, 0, 0, -14, 19]"
689.a2,689a2,689,"[1, 0, 0, -9, 34]"
690.a1,690a2,690,"[1, 1, 0, -1748, -25392]"
690.a2,690a1,690,"[1, 1, 0, 172, -1968]"
690.b1,690b2,690,"[1, 1, 0, -753, -3843]"
690.b2,690b1,690,"[1, 1, 0, 167, -347]"
690.c1,690c2,690,"[1, 1, 0, -3172057, -2148591611]"
690.c2,690c1,690,"[1, 1, 0, -22777, -90852059]"
690.d1,690d2,690,"[1, 1, 0, -242, -1554]"
690.d2,690d1,690,"[1, 1, 0, -12, -36]"
690.e1,690e3,690,"[1, 0, 1, -10644, 420826]"
690.e2,690e2,690,"[1, 0, 1, -924, 922]"
690.e3,690e1,690,"[1, 0, 1, -604, -5734]"
690.e4,690e4,690,"[1, 0, 1, 3676, 8282]"
690.f1,690f3,690,"[1, 0, 1, -1473, -21872]"
690.f2,690f2,690,"[1, 0, 1, -93, -344]"
690.f3,690f1,690,"[1, 0, 1, -13, 8]"
690.f4,690f4,690,"[1, 0, 1, 7, -1024]"
690.g1,690h2,690,"[1, 1, 1, -116, 413]"
690.g2,690h1,690,"[1, 1, 1, 4, 29]"
690.h1,690g3,690,"[1, 1, 1, -1382411, -626186311]"
690.h2,690g4,690,"[1, 1, 1, -101131, -6258247]"
690.h3,690g2,690,"[1, 1, 1, -86411, -9808711]"
690.h4,690g1,690,"[1, 1, 1, -4491, -207687]"
690.i1,690i2,690,"[1, 0, 0, -786, -5940]"
690.i2,690i1,690,"[1, 0, 0, 134, -604]"
690.j1,690j2,690,"[1, 0, 0, -3925, -94975]"
690.j2,690j1,690,"[1, 0, 0, -245, -1503]"
690.k1,690k4,690,"[1, 0, 0, -110400, 14109732]"
690.k2,690k5,690,"[1, 0, 0, -25830, -1370850]"
690.k3,690k3,690,"[1, 0, 0, -7080, 207900]"
690.k4,690k2,690,"[1, 0, 0, -6900, 220032]"
690.k5,690k1,690,"[1, 0, 0, -420, 3600]"
690.k6,690k6,690,"[1, 0, 0, 8790, 1010922]"
692.a1,692a2,692,"[0, 1, 0, -57, 148]"
692.a2,692a1,692,"[0, 1, 0, -52, 180]"
693.a1,693a2,693,"[1, -1, 1, -464, -3432]"
693.a2,693a1,693,"[1, -1, 1, 31, -264]"
693.b1,693c1,693,"[0, 0, 1, -804, -8775]"
693.b2,693c2,693,"[0, 0, 1, -444, -16650]"
693.b3,693c3,693,"[0, 0, 1, 3966, 430965]"
693.c1,693b1,693,"[0, 0, 1, 18, -7]"
693.d1,693d5,693,"[1, -1, 0, -40671, 3167194]"
693.d2,693d3,693,"[1, -1, 0, -2556, 49387]"
693.d3,693d2,693,"[1, -1, 0, -351, -1328]"
693.d4,693d1,693,"[1, -1, 0, -306, -1985]"
693.d5,693d6,693,"[1, -1, 0, 279, 150880]"
693.d6,693d4,693,"[1, -1, 0, 1134, -10535]"
696.a1,696f1,696,"[0, -1, 0, 56, -1415]"
696.b1,696a1,696,"[0, -1, 0, -88, 349]"
696.c1,696d1,696,"[0, -1, 0, -5920, 177388]"
696.d1,696e1,696,"[0, -1, 0, -36, -87]"
696.e1,696b1,696,"[0, 1, 0, 8, -16]"
696.f1,696g1,696,"[0, 1, 0, -4, 5]"
696.g1,696c1,696,"[0, 1, 0, 12, 9]"
699.a1,699a1,699,"[0, 1, 1, -10, -17]"
700.a1,700g1,700,"[0, 0, 0, -40, 100]"
700.b1,700d1,700,"[0, 0, 0, 800, 26500]"
700.c1,700i2,700,"[0, 1, 0, -2458, -47787]"
700.c2,700i1,700,"[0, 1, 0, 42, -287]"
700.d1,700a2,700,"[0, -1, 0, -20133, -1092863]"
700.d2,700a1,700,"[0, -1, 0, -133, -2863]"
700.e1,700f1,700,"[0, 0, 0, -125, 625]"
700.f1,700e1,700,"[0, 0, 0, -2000, -34375]"
700.f2,700e2,700,"[0, 0, 0, -1375, -56250]"
700.g1,700c1,700,"[0, 0, 0, -5, 5]"
700.h1,700h1,700,"[0, 0, 0, -80, -275]"
700.h2,700h2,700,"[0, 0, 0, -55, -450]"
700.i1,700b2,700,"[0, -1, 0, -98, -343]"
700.i2,700b1,700,"[0, -1, 0, 2, -3]"
700.j1,700j1,700,"[0, 0, 0, -1000, 12500]"
701.a1,701a1,701,"[0, -1, 1, -2, 1]"
702.a1,702e3,702,"[1, -1, 0, -472266, 125037036]"
702.a2,702e1,702,"[1, -1, 0, -5826, 173076]"
702.a3,702e2,702,"[1, -1, 0, 11919, 881693]"
702.b1,702b1,702,"[1, -1, 0, -3, -1]"
702.c1,702f1,702,"[1, -1, 0, -648, 9536]"
702.d1,702h3,702,"[1, -1, 0, -8952, -323776]"
702.d2,702h2,702,"[1, -1, 0, -177, 197]"
702.d3,702h1,702,"[1, -1, 0, -132, 618]"
702.e1,702a1,702,"[1, -1, 0, -9, -19]"
702.f1,702d1,702,"[1, -1, 0, -366, -2476]"
702.g1,702c1,702,"[1, -1, 0, 39, 35]"
702.h1,702g1,702,"[1, -1, 0, -165, 533]"
702.i1,702m1,702,"[1, -1, 1, -1487, -12905]"
702.j1,702k1,702,"[1, -1, 1, -41, 105]"
702.k1,702o1,702,"[1, -1, 1, 4, -3]"
702.l1,702l1,702,"[1, -1, 1, -83, 595]"
702.m1,702n2,702,"[1, -1, 1, -1190, -15497]"
702.m2,702n3,702,"[1, -1, 1, -995, 12323]"
702.m3,702n1,702,"[1, -1, 1, -20, -1]"
702.n1,702i1,702,"[1, -1, 1, -29, 55]"
702.o1,702j1,702,"[1, -1, 1, -5834, -251639]"
702.p1,702p3,702,"[1, -1, 1, -4250396, -3371749577]"
702.p2,702p2,702,"[1, -1, 1, -52436, -4620617]"
702.p3,702p1,702,"[1, -1, 1, 1324, -33097]"
703.a1,703b1,703,"[0, 0, 1, 1, -8]"
703.b1,703a1,703,"[0, 0, 1, -736, 1057]"
704.a1,704l1,704,"[0, 0, 0, 2, -14]"
704.b1,704i1,704,"[0, 0, 0, -16, -32]"
704.c1,704k3,704,"[0, -1, 0, -31281, 2139919]"
704.c2,704k2,704,"[0, -1, 0, -41, 199]"
704.c3,704k1,704,"[0, -1, 0, -1, -1]"
704.d1,704g1,704,"[0, -1, 0, -11, -11]"
704.e1,704b1,704,"[0, -1, 0, 1, 1]"
704.f1,704d2,704,"[0, -1, 0, -309, -2003]"
704.f2,704d1,704,"[0, -1, 0, 11, -19]"
704.g1,704j1,704,"[0, 1, 0, -11, 11]"
704.h1,704a3,704,"[0, 1, 0, -31281, -2139919]"
704.h2,704a2,704,"[0, 1, 0, -41, -199]"
704.h3,704a1,704,"[0, 1, 0, -1, 1]"
704.i1,704f2,704,"[0, 1, 0, -309, 2003]"
704.i2,704f1,704,"[0, 1, 0, 11, 19]"
704.j1,704c1,704,"[0, 1, 0, 1, -1]"
704.k1,704h1,704,"[0, 0, 0, 2, 14]"
704.l1,704e1,704,"[0, 0, 0, -16, 32]"
705.a1,705b1,705,"[1, 1, 1, -120, 42282]"
705.b1,705e1,705,"[1, 0, 0, -36, 81]"
705.c1,705a1,705,"[0, -1, 1, -5781, 175862]"
705.d1,705c2,705,"[0, 1, 1, -81, -619]"
705.d2,705c1,705,"[0, 1, 1, 9, 20]"
705.e1,705d1,705,"[1, 0, 1, 6, 1]"
705.f1,705f3,705,"[1, 0, 1, -1078, -10369]"
705.f2,705f2,705,"[1, 0, 1, -373, 2603]"
705.f3,705f1,705,"[1, 0, 1, -368, 2681]"
705.f4,705f4,705,"[1, 0, 1, 252, 10603]"
706.a1,706a1,706,"[1, 1, 0, 1, -1]"
706.b1,706d2,706,"[1, 0, 0, -178, -924]"
706.b2,706d1,706,"[1, 0, 0, -18, 4]"
706.c1,706c1,706,"[1, -1, 1, -7, -5]"
706.c2,706c2,706,"[1, -1, 1, 3, -25]"
706.d1,706b1,706,"[1, -1, 1, -118, 2693]"
707.a1,707a1,707,"[0, 1, 1, -12, 12]"
708.a1,708a2,708,"[0, -1, 0, -124, 520]"
708.a2,708a1,708,"[0, -1, 0, 11, 34]"
709.a1,709a1,709,"[0, -1, 1, -2, 0]"
710.a1,710a1,710,"[1, 1, 0, -27, -59]"
710.b1,710b1,710,"[1, 1, 1, -416, 3009]"
710.c1,710c1,710,"[1, 1, 1, -70, 195]"
710.d1,710d2,710,"[1, 1, 1, -181355, -29801973]"
710.d2,710d1,710,"[1, 1, 1, -1105, 11727]"
711.a1,711b1,711,"[1, -1, 1, 25, 28]"
711.b1,711a1,711,"[1, -1, 0, 3, -2]"
711.c1,711c1,711,"[1, -1, 0, -18, -23]"
712.a1,712a2,712,"[0, 1, 0, -72, 112]"
712.a2,712a1,712,"[0, 1, 0, -32, -80]"
713.a1,713a1,713,"[1, 0, 1, -1, 1]"
714.a1,714d2,714,"[1, 1, 0, -381, 2709]"
714.a2,714d1,714,"[1, 1, 0, -21, 45]"
714.b1,714b1,714,"[1, 1, 0, -37, -107]"
714.c1,714c1,714,"[1, 1, 0, -14597, -686643]"
714.d1,714a2,714,"[1, 1, 0, -55174, 4965268]"
714.d2,714a1,714,"[1, 1, 0, -3334, 81940]"
714.e1,714f4,714,"[1, 1, 1, -5079, 137205]"
714.e2,714f3,714,"[1, 1, 1, -679, -3883]"
714.e3,714f2,714,"[1, 1, 1, -319, 2021]"
714.e4,714f1,714,"[1, 1, 1, 1, 101]"
714.f1,714g5,714,"[1, 1, 1, -13718604, -19563199515]"
714.f2,714g3,714,"[1, 1, 1, -859044, -304722459]"
714.f3,714g6,714,"[1, 1, 1, -292604, -699871003]"
714.f4,714g2,714,"[1, 1, 1, -90724, 2605541]"
714.f5,714g1,714,"[1, 1, 1, -70244, 7127525]"
714.f6,714g4,714,"[1, 1, 1, 349916, 20936165]"
714.g1,714e1,714,"[1, 1, 1, -2204, -41731]"
714.h1,714h1,714,"[1, 1, 1, 1, -1]"
714.i1,714i3,714,"[1, 0, 0, -381702, -90803346]"
714.i2,714i2,714,"[1, 0, 0, -972, -315144]"
714.i3,714i1,714,"[1, 0, 0, 108, 11664]"
715.a1,715b1,715,"[0, 0, 1, 43, -2088]"
715.b1,715a1,715,"[0, 1, 1, -5, 6]"
715.b2,715a2,715,"[0, 1, 1, 45, -129]"
718.a1,718b1,718,"[1, 0, 1, -5, 0]"
718.b1,718a1,718,"[1, -1, 0, -17, -163]"
718.c1,718c1,718,"[1, -1, 1, -514, 4609]"
720.a1,720a2,720,"[0, 0, 0, -123, 522]"
720.a2,720a1,720,"[0, 0, 0, -3, 18]"
720.b1,720f4,720,"[0, 0, 0, -3483, 20682]"
720.b2,720f2,720,"[0, 0, 0, -2043, -35542]"
720.b3,720f1,720,"[0, 0, 0, -123, -598]"
720.b4,720f3,720,"[0, 0, 0, 837, 2538]"
720.c1,720h7,720,"[0, 0, 0, -311043, -66769598]"
720.c2,720h5,720,"[0, 0, 0, -19443, -1042958]"
720.c3,720h8,720,"[0, 0, 0, -15843, -1441118]"
720.c4,720h4,720,"[0, 0, 0, -11523, 476098]"
720.c5,720h3,720,"[0, 0, 0, -1443, -9758]"
720.c6,720h2,720,"[0, 0, 0, -723, 7378]"
720.c7,720h1,720,"[0, 0, 0, -3, 322]"
720.c8,720h6,720,"[0, 0, 0, 5037, -73262]"
720.d1,720c5,720,"[0, 0, 0, -28803, -1881502]"
720.d2,720c3,720,"[0, 0, 0, -1803, -29302]"
720.d3,720c6,720,"[0, 0, 0, -723, -64078]"
720.d4,720c2,720,"[0, 0, 0, -183, 182]"
720.d5,720c1,720,"[0, 0, 0, -138, 623]"
720.d6,720c4,720,"[0, 0, 0, 717, 1442]"
720.e1,720d3,720,"[0, 0, 0, -963, -11502]"
720.e2,720d2,720,"[0, 0, 0, -63, -162]"
720.e3,720d1,720,"[0, 0, 0, -18, 27]"
720.e4,720d4,720,"[0, 0, 0, 117, -918]"
720.f1,720e3,720,"[0, 0, 0, -1947, -33046]"
720.f2,720e4,720,"[0, 0, 0, -1227, 16346]"
720.f3,720e2,720,"[0, 0, 0, -147, -286]"
720.f4,720e1,720,"[0, 0, 0, 33, -34]"
720.g1,720g4,720,"[0, 0, 0, -18387, 959634]"
720.g2,720g3,720,"[0, 0, 0, -1107, 16146]"
720.g3,720g2,720,"[0, 0, 0, -387, -766]"
720.g4,720g1,720,"[0, 0, 0, 93, -94]"
720.h1,720i3,720,"[0, 0, 0, -372, -2761]"
720.h2,720i4,720,"[0, 0, 0, -327, -3454]"
720.h3,720i1,720,"[0, 0, 0, -12, 11]"
720.h4,720i2,720,"[0, 0, 0, 33, 74]"
720.i1,720b2,720,"[0, 0, 0, -1107, -14094]"
720.i2,720b1,720,"[0, 0, 0, -27, -486]"
720.j1,720j7,720,"[0, 0, 0, -768027, -259067446]"
720.j2,720j8,720,"[0, 0, 0, -65307, -874294]"
720.j3,720j6,720,"[0, 0, 0, -48027, -4043446]"
720.j4,720j5,720,"[0, 0, 0, -41547, 3259514]"
720.j5,720j4,720,"[0, 0, 0, -9867, -324934]"
720.j6,720j2,720,"[0, 0, 0, -2667, 48026]"
720.j7,720j3,720,"[0, 0, 0, -1947, -108214]"
720.j8,720j1,720,"[0, 0, 0, 213, 3674]"
722.a1,722b1,722,"[1, -1, 0, -1, -11]"
722.b1,722c2,722,"[1, 0, 1, -25278, 1710222]"
722.b2,722c1,722,"[1, 0, 1, -8, -8138]"
722.c1,722a2,722,"[1, 0, 1, -33581, -2375576]"
722.c2,722a1,722,"[1, 0, 1, 714, -16080]"
722.d1,722f2,722,"[1, 1, 1, -93, 307]"
722.d2,722f1,722,"[1, 1, 1, 2, 3]"
722.e1,722e3,722,"[1, 1, 1, -30873, 16782247]"
722.e2,722e1,722,"[1, 1, 1, -5603, -163815]"
722.e3,722e2,722,"[1, 1, 1, 3422, -612177]"
722.f1,722d1,722,"[1, -1, 1, -429, 77485]"
723.a1,723a1,723,"[1, 1, 1, -4, -4]"
723.a2,723a2,723,"[1, 1, 1, 11, -10]"
723.b1,723b1,723,"[0, 1, 1, -3, -4]"
725.a1,725a1,725,"[1, -1, 0, -67, 216]"
725.a2,725a2,725,"[1, -1, 0, 58, 841]"
726.a1,726b1,726,"[1, 1, 0, 21657, -1855179]"
726.b1,726a2,726,"[1, 1, 0, -475, -4187]"
726.b2,726a1,726,"[1, 1, 0, -35, -51]"
726.c1,726c3,726,"[1, 1, 0, -42594, 3365850]"
726.c2,726c2,726,"[1, 1, 0, -2664, 51660]"
726.c3,726c4,726,"[1, 1, 0, -1454, 100302]"
726.c4,726c1,726,"[1, 1, 0, -244, -128]"
726.d1,726e3,726,"[1, 0, 1, -1217868, 517205302]"
726.d2,726e4,726,"[1, 0, 1, -1216658, 518284622]"
726.d3,726e1,726,"[1, 0, 1, -5448, -113258]"
726.d4,726e2,726,"[1, 0, 1, 13912, -732778]"
726.e1,726d1,726,"[1, 0, 1, -14, 20]"
726.f1,726g1,726,"[1, 1, 1, 179, 1475]"
726.g1,726f2,726,"[1, 1, 1, -57538, 5285303]"
726.g2,726f1,726,"[1, 1, 1, -4298, 46487]"
726.h1,726i1,726,"[1, 0, 0, -1636, -28588]"
726.i1,726h3,726,"[1, 0, 0, -9743, 367929]"
726.i2,726h4,726,"[1, 0, 0, -4903, 734801]"
726.i3,726h1,726,"[1, 0, 0, -668, -6324]"
726.i4,726h2,726,"[1, 0, 0, 542, -26410]"
728.a1,728d1,728,"[0, 1, 0, -1, 51]"
728.b1,728a1,728,"[0, -1, 0, -8, -20]"
728.c1,728c1,728,"[0, 0, 0, -68, -236]"
728.d1,728b1,728,"[0, -1, 0, 1071, 8501]"
730.a1,730g1,730,"[1, -1, 0, -4, -2]"
730.b1,730b2,730,"[1, 0, 1, -3919, -94974]"
730.b2,730b1,730,"[1, 0, 1, 96, -658]"
730.c1,730d1,730,"[1, 1, 0, -1897, 29189]"
730.d1,730a1,730,"[1, -1, 0, -865, -9219]"
730.d2,730a2,730,"[1, -1, 0, 415, -35075]"
730.e1,730f1,730,"[1, -1, 0, -949, 11493]"
730.e2,730f2,730,"[1, -1, 0, -929, 11985]"
730.f1,730e1,730,"[1, 1, 0, -2, -4]"
730.g1,730c1,730,"[1, -1, 0, -2440, 47006]"
730.h1,730h1,730,"[1, 0, 0, 19, -5]"
730.i1,730i1,730,"[1, 1, 1, -26, 39]"
730.j1,730j1,730,"[1, 1, 1, -405, -1925]"
730.k1,730k2,730,"[1, 0, 0, -365, -2713]"
730.k2,730k1,730,"[1, 0, 0, -15, 17]"
731.a1,731a1,731,"[1, 0, 1, -539, 4765]"
732.a1,732b1,732,"[0, -1, 0, -100, 424]"
732.b1,732a1,732,"[0, -1, 0, -17, 30]"
732.b2,732a2,732,"[0, -1, 0, 28, 120]"
732.c1,732c2,732,"[0, 1, 0, -164, -828]"
732.c2,732c1,732,"[0, 1, 0, -29, 36]"
733.a1,733a1,733,"[1, 1, 0, -75, -284]"
734.a1,734a2,734,"[1, 1, 1, -163, -863]"
734.a2,734a1,734,"[1, 1, 1, -3, -31]"
735.a1,735b1,735,"[0, -1, 1, -15206, -1184338]"
735.b1,735f1,735,"[0, 1, 1, -310, 3364]"
735.c1,735e7,735,"[1, 0, 0, -105841, 13244636]"
735.c2,735e5,735,"[1, 0, 0, -6616, 206471]"
735.c3,735e8,735,"[1, 0, 0, -5391, 285606]"
735.c4,735e3,735,"[1, 0, 0, -3921, -94830]"
735.c5,735e4,735,"[1, 0, 0, -491, 1896]"
735.c6,735e2,735,"[1, 0, 0, -246, -1485]"
735.c7,735e1,735,"[1, 0, 0, -1, -64]"
735.c8,735e6,735,"[1, 0, 0, 1714, 14685]"
735.d1,735c2,735,"[0, -1, 1, -205, 1203]"
735.d2,735c1,735,"[0, -1, 1, 5, 6]"
735.e1,735d2,735,"[0, 1, 1, -10061, -392605]"
735.e2,735d1,735,"[0, 1, 1, 229, -2614]"
735.f1,735a3,735,"[1, 1, 0, -5513, 155268]"
735.f2,735a2,735,"[1, 1, 0, -368, 1947]"
735.f3,735a1,735,"[1, 1, 0, -123, -552]"
735.f4,735a4,735,"[1, 1, 0, 857, 13462]"
737.a1,737a1,737,"[0, -1, 1, 406, -686]"
738.a1,738b2,738,"[1, -1, 0, -5215815, 4586220189]"
738.a2,738b1,738,"[1, -1, 0, -1575, 751869]"
738.b1,738d1,738,"[1, -1, 0, -2430, 46732]"
738.c1,738a1,738,"[1, -1, 0, 66, 116]"
738.d1,738c3,738,"[1, -1, 0, -3951, 96579]"
738.d2,738c2,738,"[1, -1, 0, -261, 1377]"
738.d3,738c1,738,"[1, -1, 0, -81, -243]"
738.d4,738c4,738,"[1, -1, 0, 549, 7695]"
738.e1,738f1,738,"[1, -1, 1, -374, 2949]"
738.f1,738j1,738,"[1, -1, 1, -14, -61]"
738.f2,738j2,738,"[1, -1, 1, 121, 1559]"
738.g1,738e1,738,"[1, -1, 1, 7, -7]"
738.h1,738i2,738,"[1, -1, 1, -104, 425]"
738.h2,738i1,738,"[1, -1, 1, -14, -7]"
738.i1,738h1,738,"[1, -1, 1, -4085069, 3178971893]"
738.i2,738h2,738,"[1, -1, 1, -4079309, 3188379125]"
738.j1,738g1,738,"[1, -1, 1, -599, -5457]"
738.j2,738g2,738,"[1, -1, 1, -239, -12225]"
739.a1,739a1,739,"[0, 0, 1, 1, 1]"
740.a1,740c1,740,"[0, -1, 0, -45, 25]"
740.b1,740b2,740,"[0, 1, 0, -12021, -511321]"
740.b2,740b1,740,"[0, 1, 0, -181, -425]"
740.c1,740a1,740,"[0, 0, 0, -219448, 39364772]"
741.a1,741e1,741,"[0, 1, 1, -5, 23]"
741.b1,741b1,741,"[1, 1, 0, 5571, -41634]"
741.c1,741a1,741,"[1, 1, 0, -2, -3]"
741.d1,741c1,741,"[1, 0, 1, -5227, -155497]"
741.e1,741d1,741,"[0, 1, 1, 101470, 57781877]"
742.a1,742a1,742,"[1, -1, 0, -5, 7]"
742.b1,742c1,742,"[1, -1, 0, 727, 11853]"
742.c1,742e2,742,"[1, 1, 0, -479052, 127421360]"
742.c2,742e1,742,"[1, 1, 0, -29612, 2027600]"
742.d1,742b2,742,"[1, 1, 0, -1123, 14025]"
742.d2,742b1,742,"[1, 1, 0, -63, 245]"
742.e1,742d1,742,"[1, -1, 0, 3668, -767536]"
742.f1,742g1,742,"[1, 1, 1, -14, 75]"
742.g1,742f1,742,"[1, -1, 1, -81, 11797]"
744.a1,744e1,744,"[0, -1, 0, -32, -84]"
744.b1,744a1,744,"[0, -1, 0, 4, -3]"
744.c1,744f1,744,"[0, -1, 0, -140, 753]"
744.d1,744d1,744,"[0, -1, 0, 936, -25839]"
744.e1,744c1,744,"[0, 1, 0, 8, 89]"
744.f1,744b3,744,"[0, 1, 0, -904, 8096]"
744.f2,744b2,744,"[0, 1, 0, -284, -1824]"
744.f3,744b1,744,"[0, 1, 0, -279, -1890]"
744.f4,744b4,744,"[0, 1, 0, 256, -7440]"
744.g1,744g1,744,"[0, 1, 0, -96, 333]"
747.a1,747a2,747,"[1, -1, 1, -191, 892]"
747.a2,747a1,747,"[1, -1, 1, -56, -134]"
747.b1,747e1,747,"[1, -1, 1, 13, -12]"
747.c1,747c1,747,"[1, -1, 0, -495, -4118]"
747.d1,747d1,747,"[1, -1, 0, 9, 4]"
747.e1,747b2,747,"[1, -1, 0, -21, -26]"
747.e2,747b1,747,"[1, -1, 0, -6, 7]"
748.a1,748a1,748,"[0, 0, 0, -496, -4252]"
749.a1,749a1,749,"[1, 0, 0, -4, -5]"
752.a1,752a2,752,"[0, 0, 0, -155, 714]"
752.a2,752a1,752,"[0, 0, 0, 5, 42]"
753.a1,753c1,753,"[0, 1, 1, 5, 7]"
753.b1,753b1,753,"[0, 1, 1, -9, 20]"
753.b2,753b2,753,"[0, 1, 1, 81, -475]"
753.c1,753a1,753,"[0, -1, 1, -4, -3]"
754.a1,754c1,754,"[1, 0, 1, -7, -6]"
754.a2,754c2,754,"[1, 0, 1, 13, -30]"
754.b1,754b1,754,"[1, 0, 1, -10758, 428760]"
754.c1,754a1,754,"[1, 0, 1, -377, 2782]"
754.c2,754a2,754,"[1, 0, 1, 338, 11752]"
754.d1,754d1,754,"[1, 0, 0, 43, -31]"
755.a1,755a1,755,"[0, 0, 1, 2, -1]"
755.b1,755c2,755,"[1, 0, 1, -24, -43]"
755.b2,755c1,755,"[1, 0, 1, 1, -3]"
755.c1,755b1,755,"[1, 0, 1, 1, 1]"
755.d1,755f1,755,"[0, 0, 1, -56917, -5226543]"
755.e1,755d1,755,"[0, 1, 1, 0, 1]"
755.f1,755e1,755,"[0, 0, 1, -7, 7]"
756.a1,756f2,756,"[0, 0, 0, -999, -13554]"
756.a2,756f1,756,"[0, 0, 0, 81, 54]"
756.b1,756b2,756,"[0, 0, 0, -264, 1636]"
756.b2,756b1,756,"[0, 0, 0, -24, -44]"
756.c1,756c1,756,"[0, 0, 0, -48, -124]"
756.d1,756a1,756,"[0, 0, 0, -432, 3348]"
756.e1,756d2,756,"[0, 0, 0, -2376, -44172]"
756.e2,756d1,756,"[0, 0, 0, -216, 1188]"
756.f1,756e2,756,"[0, 0, 0, -111, 502]"
756.f2,756e1,756,"[0, 0, 0, 9, -2]"
758.a1,758a1,758,"[1, 0, 1, 11, 0]"
758.b1,758b1,758,"[1, 1, 1, -44, -131]"
759.a1,759a2,759,"[1, 1, 1, -1238, -17152]"
759.a2,759a1,759,"[1, 1, 1, -23, -628]"
759.b1,759b5,759,"[1, 0, 0, -93104, -10942305]"
759.b2,759b3,759,"[1, 0, 0, -5819, -171336]"
759.b3,759b6,759,"[1, 0, 0, -5654, -181467]"
759.b4,759b4,759,"[1, 0, 0, -1409, 17538]"
759.b5,759b2,759,"[1, 0, 0, -374, -2541]"
759.b6,759b1,759,"[1, 0, 0, 31, -192]"
760.a1,760d1,760,"[0, 1, 0, -35, 58]"
760.a2,760d2,760,"[0, 1, 0, 60, 400]"
760.b1,760b2,760,"[0, 1, 0, -416660, -103658192]"
760.b2,760b1,760,"[0, 1, 0, -26035, -1626942]"
760.c1,760e4,760,"[0, 0, 0, -2027, 35126]"
760.c2,760e3,760,"[0, 0, 0, -227, -434]"
760.c3,760e2,760,"[0, 0, 0, -127, 546]"
760.c4,760e1,760,"[0, 0, 0, -2, 21]"
760.d1,760a2,760,"[0, -1, 0, -20, 20]"
760.d2,760a1,760,"[0, -1, 0, 5, 0]"
760.e1,760c1,760,"[0, 0, 0, -67, 926]"
762.a1,762c1,762,"[1, 0, 1, -10, -10]"
762.b1,762a1,762,"[1, 0, 1, -6, -8]"
762.c1,762b1,762,"[1, 0, 1, -17677, -9208]"
762.d1,762d1,762,"[1, 1, 1, -21, 27]"
762.e1,762e1,762,"[1, 0, 0, -267, 1521]"
762.f1,762g2,762,"[1, 0, 0, -22361106, -40701264948]"
762.f2,762g1,762,"[1, 0, 0, -101946, 12401892]"
762.g1,762f2,762,"[1, 0, 0, -2978, -62802]"
762.g2,762f1,762,"[1, 0, 0, -8, -216]"
763.a1,763a1,763,"[0, 0, 1, -5, 10]"
765.a1,765c1,765,"[1, -1, 1, -77, 276]"
765.a2,765c2,765,"[1, -1, 1, -32, 564]"
765.b1,765b2,765,"[1, -1, 1, -272, -1656]"
765.b2,765b1,765,"[1, -1, 1, -17, -24]"
765.c1,765a2,765,"[1, -1, 0, -2445, 47150]"
765.c2,765a1,765,"[1, -1, 0, -150, 791]"
766.a1,766a1,766,"[1, 1, 0, 11, 45]"
768.a1,768b4,768,"[0, -1, 0, -2589, -49851]"
768.a2,768b3,768,"[0, -1, 0, -159, -765]"
768.a3,768b2,768,"[0, -1, 0, -29, 69]"
768.a4,768b1,768,"[0, -1, 0, 1, 3]"
768.b1,768a1,768,"[0, -1, 0, -23, 51]"
768.b2,768a2,768,"[0, -1, 0, -13, 85]"
768.c1,768e2,768,"[0, -1, 0, -93, -315]"
768.c2,768e1,768,"[0, -1, 0, -3, -9]"
768.d1,768f3,768,"[0, -1, 0, -647, 6555]"
768.d2,768f4,768,"[0, -1, 0, -637, 6757]"
768.d3,768f1,768,"[0, -1, 0, -7, -5]"
768.d4,768f2,768,"[0, -1, 0, 3, -27]"
768.e1,768h4,768,"[0, 1, 0, -2589, 49851]"
768.e2,768h3,768,"[0, 1, 0, -159, 765]"
768.e3,768h2,768,"[0, 1, 0, -29, -69]"
768.e4,768h1,768,"[0, 1, 0, 1, -3]"
768.f1,768g2,768,"[0, 1, 0, -93, 315]"
768.f2,768g1,768,"[0, 1, 0, -3, 9]"
768.g1,768c1,768,"[0, 1, 0, -23, -51]"
768.g2,768c2,768,"[0, 1, 0, -13, -85]"
768.h1,768d3,768,"[0, 1, 0, -647, -6555]"
768.h2,768d4,768,"[0, 1, 0, -637, -6757]"
768.h3,768d1,768,"[0, 1, 0, -7, 5]"
768.h4,768d2,768,"[0, 1, 0, 3, 27]"
770.a1,770b4,770,"[1, 0, 1, -15649, 580116]"
770.a2,770b2,770,"[1, 0, 1, -14634, 680132]"
770.a3,770b1,770,"[1, 0, 1, -914, 10596]"
770.a4,770b3,770,"[1, 0, 1, 2271, 56852]"
770.b1,770d2,770,"[1, 0, 1, -848, 9006]"
770.b2,770d1,770,"[1, 0, 1, 32, 558]"
770.c1,770c3,770,"[1, -1, 0, -3266669, -2271693567]"
770.c2,770c4,770,"[1, -1, 0, -214949, -31495495]"
770.c3,770c2,770,"[1, -1, 0, -204169, -35456067]"
770.c4,770c1,770,"[1, -1, 0, -12089, -612755]"
770.d1,770e3,770,"[1, -1, 0, -20909, -1158507]"
770.d2,770e4,770,"[1, -1, 0, -2189, 9845]"
770.d3,770e2,770,"[1, -1, 0, -1309, -17787]"
770.d4,770e1,770,"[1, -1, 0, -29, -635]"
770.e1,770a2,770,"[1, 1, 0, -73, -273]"
770.e2,770a1,770,"[1, 1, 0, -3, -7]"
770.f1,770f4,770,"[1, 0, 0, -26116, -1580604]"
770.f2,770f2,770,"[1, 0, 0, -3576, 81280]"
770.f3,770f1,770,"[1, 0, 0, -56, 3136]"
770.f4,770f3,770,"[1, 0, 0, 504, -84560]"
770.g1,770g4,770,"[1, 0, 0, -3520, -80238]"
770.g2,770g2,770,"[1, 0, 0, -270, 1612]"
770.g3,770g3,770,"[1, 0, 0, -90, -2720]"
770.g4,770g1,770,"[1, 0, 0, 10, 100]"
774.a1,774c1,774,"[1, -1, 0, -397116, -96224252]"
774.b1,774e1,774,"[1, -1, 0, -18, 0]"
774.b2,774e2,774,"[1, -1, 0, 72, -54]"
774.c1,774d2,774,"[1, -1, 0, -539109, 152510121]"
774.c2,774d1,774,"[1, -1, 0, 1431, -46899]"
774.d1,774b3,774,"[1, -1, 0, -49536, 4255960]"
774.d2,774b2,774,"[1, -1, 0, -3096, 67072]"
774.d3,774b4,774,"[1, -1, 0, -2736, 82984]"
774.d4,774b1,774,"[1, -1, 0, -216, 832]"
774.e1,774a2,774,"[1, -1, 0, -1878, -30988]"
774.e2,774a1,774,"[1, -1, 0, 57, -243]"
774.f1,774f1,774,"[1, -1, 1, -209, 1217]"
774.f2,774f2,774,"[1, -1, 1, 511, 6049]"
774.g1,774g1,774,"[1, -1, 1, 22, 105]"
774.h1,774h1,774,"[1, -1, 1, -17249, -866127]"
774.h2,774h2,774,"[1, -1, 1, -11489, -1458255]"
774.i1,774i1,774,"[1, -1, 1, -131, -601]"
775.a1,775a1,775,"[0, 1, 1, -33, 94]"
775.b1,775b2,775,"[1, 0, 1, -651, -6427]"
775.b2,775b1,775,"[1, 0, 1, -26, -177]"
775.c1,775c2,775,"[0, 1, 1, -21008, -1181231]"
775.c2,775c1,775,"[0, 1, 1, 242, 1269]"
776.a1,776a1,776,"[0, 0, 0, -31, 66]"
776.a2,776a2,776,"[0, 0, 0, -11, 150]"
777.a1,777b1,777,"[0, -1, 1, -2531950, 1551713040]"
777.b1,777f1,777,"[0, 1, 1, 0, 2]"
777.c1,777d4,777,"[1, 1, 1, -4144, 100952]"
777.c2,777d3,777,"[1, 1, 1, -294, 1020]"
777.c3,777d2,777,"[1, 1, 1, -259, 1496]"
777.c4,777d1,777,"[1, 1, 1, -14, 26]"
777.d1,777c1,777,"[0, -1, 1, -169, -792]"
777.e1,777g1,777,"[0, 1, 1, 9, 344]"
777.f1,777a3,777,"[1, 1, 0, -206, -1221]"
777.f2,777a2,777,"[1, 1, 0, -21, 0]"
777.f3,777a1,777,"[1, 1, 0, -16, 19]"
777.f4,777a4,777,"[1, 1, 0, 84, 105]"
777.g1,777e3,777,"[1, 0, 1, -2612, 23195]"
777.g2,777e2,777,"[1, 0, 1, -1317, -18245]"
777.g3,777e1,777,"[1, 0, 1, -1312, -18391]"
777.g4,777e4,777,"[1, 0, 1, -102, -50321]"
780.a1,780a1,780,"[0, -1, 0, -105, 450]"
780.a2,780a2,780,"[0, -1, 0, -60, 792]"
780.b1,780b1,780,"[0, -1, 0, 195, -195975]"
780.c1,780c1,780,"[0, 1, 0, -81, 0]"
780.c2,780c2,780,"[0, 1, 0, 324, 324]"
780.d1,780d2,780,"[0, 1, 0, -221, -1521]"
780.d2,780d1,780,"[0, 1, 0, 19, 15]"
781.a1,781a1,781,"[0, 0, 1, -1378, 347]"
781.b1,781b1,781,"[0, 0, 1, -808, 8840]"
782.a1,782a2,782,"[1, 0, 1, -35, 54]"
782.a2,782a1,782,"[1, 0, 1, 5, 6]"
782.b1,782c2,782,"[1, 0, 0, -99793, -11862615]"
782.b2,782c1,782,"[1, 0, 0, -99153, -12025559]"
782.c1,782e3,782,"[1, -1, 1, -90289, -10419775]"
782.c2,782e2,782,"[1, -1, 1, -5649, -161407]"
782.c3,782e4,782,"[1, -1, 1, -2929, -319167]"
782.c4,782e1,782,"[1, -1, 1, -529, 385]"
782.d1,782b1,782,"[1, 0, 0, -60, -184]"
782.e1,782d1,782,"[1, -1, 1, 0, 1]"
784.a1,784b1,784,"[0, 0, 0, -343, 2401]"
784.b1,784j6,784,"[0, 1, 0, -2140728, -1206278060]"
784.b2,784j5,784,"[0, 1, 0, -133688, -18913196]"
784.b3,784j4,784,"[0, 1, 0, -27848, -1475468]"
784.b4,784j2,784,"[0, 1, 0, -8248, 285396]"
784.b5,784j1,784,"[0, 1, 0, -408, 6292]"
784.b6,784j3,784,"[0, 1, 0, 3512, -133260]"
784.c1,784d1,784,"[0, -1, 0, -800, 8359]"
784.d1,784g2,784,"[0, -1, 0, -6974, 226507]"
784.d2,784g1,784,"[0, -1, 0, -114, 127]"
784.e1,784c4,784,"[0, 0, 0, -14651, 682570]"
784.e2,784c3,784,"[0, 0, 0, -2891, -47334]"
784.e3,784c2,784,"[0, 0, 0, -931, 10290]"
784.e4,784c1,784,"[0, 0, 0, 49, 686]"
784.f1,784h4,784,"[0, 0, 0, -29155, -1915998]"
784.f2,784h3,784,"[0, 0, 0, -1715, -33614]"
784.f3,784h2,784,"[0, 0, 0, -595, 5586]"
784.f4,784h1,784,"[0, 0, 0, -35, 98]"
784.g1,784i2,784,"[0, 1, 0, -142, -701]"
784.g2,784i1,784,"[0, 1, 0, -2, -1]"
784.h1,784a1,784,"[0, 1, 0, -16, -29]"
784.i1,784e2,784,"[0, -1, 0, -1976, -32752]"
784.i2,784e1,784,"[0, -1, 0, -16, -1392]"
784.j1,784f1,784,"[0, 0, 0, -7, -7]"
786.a1,786b1,786,"[1, 1, 0, -281, 1701]"
786.b1,786d1,786,"[1, 1, 0, -3418, -78356]"
786.c1,786a1,786,"[1, 1, 0, -8, 6]"
786.d1,786e3,786,"[1, 1, 0, -5589, 158517]"
786.d2,786e2,786,"[1, 1, 0, -349, 2365]"
786.d3,786e4,786,"[1, 1, 0, -229, 4165]"
786.d4,786e1,786,"[1, 1, 0, -29, -3]"
786.e1,786c1,786,"[1, 1, 0, 1217, 6622405]"
786.f1,786f2,786,"[1, 0, 1, -145, -580]"
786.f2,786f1,786,"[1, 0, 1, -40, 92]"
786.g1,786h1,786,"[1, 0, 1, -17, 56]"
786.h1,786g1,786,"[1, 0, 1, -103, -406]"
786.i1,786k1,786,"[1, 1, 1, 10, 11]"
786.j1,786j1,786,"[1, 1, 1, -861, 9267]"
786.k1,786i1,786,"[1, 1, 1, -71, -259]"
786.k2,786i2,786,"[1, 1, 1, -31, -499]"
786.l1,786l1,786,"[1, 0, 0, -42, 36]"
786.m1,786m2,786,"[1, 0, 0, -227045, -41659377]"
786.m2,786m1,786,"[1, 0, 0, -2135, 35913]"
790.a1,790a2,790,"[1, 0, 0, -425, 3337]"
790.a2,790a1,790,"[1, 0, 0, -25, 57]"
791.a1,791c3,791,"[1, -1, 1, -4219, -104412]"
791.a2,791c2,791,"[1, -1, 1, -264, -1582]"
791.a3,791c4,791,"[1, -1, 1, -229, -2044]"
791.a4,791c1,791,"[1, -1, 1, -19, -14]"
791.b1,791b2,791,"[1, 0, 1, -603, -5743]"
791.b2,791b1,791,"[1, 0, 1, -38, -93]"
791.c1,791a2,791,"[1, 0, 1, -596, 5541]"
791.c2,791a1,791,"[1, 0, 1, -31, 117]"
792.a1,792g1,792,"[0, 0, 0, -72147, 7458910]"
792.a2,792g2,792,"[0, 0, 0, -71787, 7537030]"
792.b1,792d3,792,"[0, 0, 0, -4251, -106666]"
792.b2,792d2,792,"[0, 0, 0, -291, -1330]"
792.b3,792d1,792,"[0, 0, 0, -111, 434]"
792.b4,792d4,792,"[0, 0, 0, 789, -8890]"
792.c1,792a2,792,"[0, 0, 0, -675, 6318]"
792.c2,792a1,792,"[0, 0, 0, -135, -486]"
792.d1,792c2,792,"[0, 0, 0, -75, -234]"
792.d2,792c1,792,"[0, 0, 0, -15, 18]"
792.e1,792b1,792,"[0, 0, 0, -75, -74]"
792.e2,792b2,792,"[0, 0, 0, 285, -578]"
792.f1,792e3,792,"[0, 0, 0, -6339, -194258]"
792.f2,792e4,792,"[0, 0, 0, -939, 6838]"
792.f3,792e2,792,"[0, 0, 0, -399, -2990]"
792.f4,792e1,792,"[0, 0, 0, 6, -155]"
792.g1,792f1,792,"[0, 0, 0, -36, -108]"
793.a1,793a1,793,"[1, -1, 0, -16, -21]"
793.a2,793a2,793,"[1, -1, 0, -11, -38]"
794.a1,794a1,794,"[1, 0, 1, -3, 2]"
794.b1,794d3,794,"[1, 0, 0, -281373, -57471035]"
794.b2,794d2,794,"[1, 0, 0, -3473, -79127]"
794.b3,794d1,794,"[1, 0, 0, 47, -471]"
794.c1,794c1,794,"[1, 1, 1, 4, -3]"
794.d1,794b1,794,"[1, 0, 0, -57, 161]"
794.d2,794b2,794,"[1, 0, 0, 13, 539]"
795.a1,795b1,795,"[0, -1, 1, -221, -1198]"
795.b1,795c1,795,"[0, 1, 1, -491, 15251]"
795.b2,795c2,795,"[0, 1, 1, 4369, -387400]"
795.c1,795a3,795,"[1, 1, 0, -848, -9867]"
795.c2,795a2,795,"[1, 1, 0, -53, -168]"
795.c3,795a1,795,"[1, 1, 0, -8, 3]"
795.c4,795a4,795,"[1, 1, 0, 22, -513]"
795.d1,795d3,795,"[1, 0, 1, -1429, -20893]"
795.d2,795d4,795,"[1, 0, 1, -779, 8147]"
795.d3,795d2,795,"[1, 0, 1, -104, -223]"
795.d4,795d1,795,"[1, 0, 1, 21, -23]"
797.a1,797a1,797,"[1, 0, 0, 2, 1]"
798.a1,798a2,798,"[1, 1, 0, -150, 648]"
798.a2,798a1,798,"[1, 1, 0, -10, 4]"
798.b1,798c1,798,"[1, 0, 1, -92, 326]"
798.b2,798c2,798,"[1, 0, 1, -22, 830]"
798.c1,798d3,798,"[1, 0, 1, -18152, 939764]"
798.c2,798d2,798,"[1, 0, 1, -1142, 14420]"
798.c3,798d1,798,"[1, 0, 1, -162, -476]"
798.c4,798d4,798,"[1, 0, 1, 188, 46340]"
798.d1,798e6,798,"[1, 0, 1, -9786711, -11785100294]"
798.d2,798e5,798,"[1, 0, 1, -611671, -184179718]"
798.d3,798e4,798,"[1, 0, 1, -120936, -16143626]"
798.d4,798e3,798,"[1, 0, 1, -11176, 13046]"
798.d5,798e2,798,"[1, 0, 1, -7941, 254500]"
798.d6,798e1,798,"[1, 0, 1, -7801, 264524]"
798.e1,798b3,798,"[1, 0, 1, -6280, 191006]"
798.e2,798b2,798,"[1, 0, 1, -400, 2846]"
798.e3,798b1,798,"[1, 0, 1, -80, -226]"
798.e4,798b4,798,"[1, 0, 1, 360, 12574]"
798.f1,798f2,798,"[1, 0, 1, -599, -5686]"
798.f2,798f1,798,"[1, 0, 1, -39, -86]"
798.g1,798g1,798,"[1, 1, 1, -354, -2193]"
798.g2,798g2,798,"[1, 1, 1, 766, -12049]"
798.h1,798h2,798,"[1, 0, 0, -3255, -57879]"
798.h2,798h1,798,"[1, 0, 0, -1015, 11561]"
798.i1,798i3,798,"[1, 0, 0, -1217, -16443]"
798.i2,798i4,798,"[1, 0, 0, -217, 893]"
798.i3,798i2,798,"[1, 0, 0, -77, -255]"
798.i4,798i1,798,"[1, 0, 0, 3, -15]"
799.a1,799b2,799,"[1, 1, 1, -353, -2120]"
799.a2,799b1,799,"[1, 1, 1, -118, 418]"
799.b1,799a2,799,"[1, 1, 1, -251, 1426]"
799.b2,799a1,799,"[1, 1, 1, -16, 16]"
800.a1,800c1,800,"[0, 1, 0, -158, -812]"
800.a2,800c2,800,"[0, 1, 0, -33, -1937]"
800.b1,800i1,800,"[0, -1, 0, -208, 1412]"
800.c1,800f1,800,"[0, -1, 0, -8, -8]"
800.d1,800a2,800,"[0, 0, 0, -275, -1750]"
800.d2,800a3,800,"[0, 0, 0, -275, 1750]"
800.d3,800a1,800,"[0, 0, 0, -25, 0]"
800.d4,800a4,800,"[0, 0, 0, 100, 0]"
800.e1,800h1,800,"[0, 0, 0, -5, 0]"
800.e2,800h2,800,"[0, 0, 0, 20, 0]"
800.f1,800d1,800,"[0, 0, 0, -125, 0]"
800.f2,800d2,800,"[0, 0, 0, 500, 0]"
800.g1,800b1,800,"[0, 1, 0, -8, 8]"
800.h1,800e1,800,"[0, 1, 0, -208, -1412]"
800.i1,800g1,800,"[0, -1, 0, -158, 812]"
800.i2,800g2,800,"[0, -1, 0, -33, 1937]"
801.a1,801b1,801,"[1, -1, 1, -14, -12]"
801.a2,801b2,801,"[1, -1, 1, 31, -102]"
801.b1,801a1,801,"[0, 0, 1, -3972, -169349]"
801.c1,801c1,801,"[0, 0, 1, -30, -90]"
801.c2,801c2,801,"[0, 0, 1, 240, 1233]"
801.d1,801d1,801,"[1, -1, 0, -9, -14]"
802.a1,802b2,802,"[1, 0, 0, -19, 15]"
802.a2,802b1,802,"[1, 0, 0, -9, -11]"
802.b1,802a1,802,"[1, -1, 1, 2, -1]"
804.a1,804c1,804,"[0, -1, 0, -12, 24]"
804.b1,804b1,804,"[0, -1, 0, -1373, -19191]"
804.c1,804a2,804,"[0, -1, 0, -276, -792]"
804.c2,804a1,804,"[0, -1, 0, 59, -122]"
804.d1,804d1,804,"[0, 1, 0, 84, 36]"
805.a1,805c4,805,"[1, -1, 1, -42088, 3333906]"
805.a2,805c3,805,"[1, -1, 1, -5518, -79018]"
805.a3,805c2,805,"[1, -1, 1, -2643, 52082]"
805.a4,805c1,805,"[1, -1, 1, 2, 2356]"
805.b1,805b1,805,"[1, -1, 1, -163, -758]"
805.b2,805b2,805,"[1, -1, 1, -138, -1018]"
805.c1,805a1,805,"[0, -1, 1, 23004, 2393001]"
805.d1,805d1,805,"[0, 0, 1, -13, 49]"
806.a1,806b1,806,"[1, 1, 0, 52, -176]"
806.b1,806a1,806,"[1, 0, 1, -3, 30]"
806.c1,806d1,806,"[1, -1, 1, 318, -2367]"
806.d1,806f1,806,"[1, 1, 1, -14105, 638919]"
806.d2,806f2,806,"[1, 1, 1, 66885, 2264179]"
806.e1,806c1,806,"[1, 0, 0, -97, 361]"
806.f1,806e3,806,"[1, 0, 0, -2293609, -1337178239]"
806.f2,806e2,806,"[1, 0, 0, -25649, -2195479]"
806.f3,806e1,806,"[1, 0, 0, 2511, 39401]"
807.a1,807a2,807,"[0, 1, 1, -409, -3260]"
807.a2,807a1,807,"[0, 1, 1, -49, 115]"
808.a1,808a1,808,"[0, 0, 0, -11, -26]"
808.b1,808b1,808,"[0, -1, 0, -129, -523]"
810.a1,810b2,810,"[1, -1, 0, -339, -4555]"
810.a2,810b1,810,"[1, -1, 0, 36, 120]"
810.b1,810d1,810,"[1, -1, 0, -24, 80]"
810.b2,810d2,810,"[1, -1, 0, 201, -1315]"
810.c1,810a1,810,"[1, -1, 0, -9, 15]"
810.c2,810a2,810,"[1, -1, 0, 66, -100]"
810.d1,810c2,810,"[1, -1, 0, -39489, -3010627]"
810.d2,810c1,810,"[1, -1, 0, -114, -10252]"
810.e1,810h1,810,"[1, -1, 1, -38, 181]"
810.e2,810h2,810,"[1, -1, 1, 322, -3563]"
810.f1,810e2,810,"[1, -1, 1, -83, -323]"
810.f2,810e1,810,"[1, -1, 1, 7, 1]"
810.g1,810f2,810,"[1, -1, 1, -218, -1943]"
810.g2,810f1,810,"[1, -1, 1, 22, 41]"
810.h1,810g1,810,"[1, -1, 1, -4388, 112967]"
810.h2,810g2,810,"[1, -1, 1, -1028, 277831]"
811.a1,811a1,811,"[0, 0, 1, -2, -2]"
812.a1,812b1,812,"[0, -1, 0, -36, 232]"
812.b1,812a1,812,"[0, 0, 0, -40, -124]"
813.a1,813b3,813,"[0, 1, 1, -115243, -15096572]"
813.a2,813b2,813,"[0, 1, 1, -1423, -21113]"
813.a3,813b1,813,"[0, 1, 1, -73, 190]"
813.b1,813a1,813,"[0, 1, 1, -2, -1]"
814.a1,814a2,814,"[1, 0, 1, -50, -828]"
814.a2,814a1,814,"[1, 0, 1, 5, 30]"
814.b1,814b1,814,"[1, -1, 1, -28, 63]"
815.a1,815a2,815,"[0, 1, 1, -985, -12244]"
815.a2,815a1,815,"[0, 1, 1, 15, -69]"
816.a1,816c1,816,"[0, -1, 0, -17, -51]"
816.b1,816h5,816,"[0, -1, 0, -443904, 113984640]"
816.b2,816h3,816,"[0, -1, 0, -27744, 1787904]"
816.b3,816h6,816,"[0, -1, 0, -26304, 1980288]"
816.b4,816h2,816,"[0, -1, 0, -1824, 25344]"
816.b5,816h1,816,"[0, -1, 0, -544, -4352]"
816.b6,816h4,816,"[0, -1, 0, 3616, 142848]"
816.c1,816a1,816,"[0, -1, 0, -48, 144]"
816.c2,816a2,816,"[0, -1, 0, -8, 336]"
816.d1,816e3,816,"[0, -1, 0, -12008, 386928]"
816.d2,816e1,816,"[0, -1, 0, -4088, -99216]"
816.d3,816e2,816,"[0, -1, 0, -3448, -131984]"
816.d4,816e4,816,"[0, -1, 0, 28952, 2418544]"
816.e1,816g1,816,"[0, -1, 0, -5, 9]"
816.f1,816b3,816,"[0, -1, 0, -752, 8160]"
816.f2,816b2,816,"[0, -1, 0, -72, 0]"
816.f3,816b1,816,"[0, -1, 0, -52, -128]"
816.f4,816b4,816,"[0, -1, 0, 288, -288]"
816.g1,816f2,816,"[0, -1, 0, -949, 11581]"
816.g2,816f1,816,"[0, -1, 0, 11, 61]"
816.h1,816j1,816,"[0, 1, 0, -40, -76]"
816.h2,816j2,816,"[0, 1, 0, 120, -396]"
816.i1,816i1,816,"[0, 1, 0, -1621, 24623]"
816.j1,816d1,816,"[0, 1, 0, 511, 1899]"
817.a1,817a1,817,"[0, 1, 1, 1, 6]"
817.b1,817b1,817,"[0, 1, 1, -16649, 821406]"
819.a1,819d1,819,"[0, 0, 1, 22857, 4273542]"
819.b1,819b1,819,"[1, -1, 1, -5, 4]"
819.b2,819b2,819,"[1, -1, 1, 10, 16]"
819.c1,819e3,819,"[0, 0, 1, -1056, 32553]"
819.c2,819e1,819,"[0, 0, 1, -66, -207]"
819.c3,819e2,819,"[0, 0, 1, 114, -1026]"
819.d1,819a1,819,"[1, -1, 0, -42, -73]"
819.d2,819a2,819,"[1, -1, 0, 93, -532]"
819.e1,819f1,819,"[0, 0, 1, -237, -1607]"
819.f1,819c1,819,"[0, 0, 1, 9, -7]"
822.a1,822a1,822,"[1, 1, 0, -3, -9]"
822.b1,822d1,822,"[1, 0, 1, 31, 20]"
822.c1,822b1,822,"[1, 0, 1, -18716, -987046]"
822.c2,822b2,822,"[1, 0, 1, -18556, -1004710]"
822.d1,822c1,822,"[1, 0, 1, -1122, 14548]"
822.d2,822c2,822,"[1, 0, 1, 4143, 72868]"
822.e1,822e3,822,"[1, 0, 0, -5847, -172575]"
822.e2,822e2,822,"[1, 0, 0, -367, -2695]"
822.e3,822e1,822,"[1, 0, 0, -47, 57]"
822.e4,822e4,822,"[1, 0, 0, -7, -7663]"
822.f1,822f1,822,"[1, 0, 0, -4, -4]"
825.a1,825b3,825,"[1, 0, 0, -3663, 84942]"
825.a2,825b2,825,"[1, 0, 0, -288, 567]"
825.a3,825b1,825,"[1, 0, 0, -163, -808]"
825.a4,825b4,825,"[1, 0, 0, 1087, 4692]"
825.b1,825a1,825,"[0, -1, 1, -23, 53]"
825.b2,825a2,825,"[0, -1, 1, 127, 38]"
825.c1,825c1,825,"[0, 1, 1, -583, 5494]"
825.c2,825c2,825,"[0, 1, 1, 3167, 11119]"
826.a1,826a1,826,"[1, 1, 0, 21, -49]"
826.b1,826b1,826,"[1, 1, 0, -136, -672]"
827.a1,827a1,827,"[0, 0, 1, -10, 12]"
828.a1,828b2,828,"[0, 0, 0, -351, 486]"
828.a2,828b1,828,"[0, 0, 0, -216, -1215]"
828.b1,828d2,828,"[0, 0, 0, -165, 997]"
828.b2,828d1,828,"[0, 0, 0, 15, -11]"
828.c1,828c1,828,"[0, 0, 0, -9, -27]"
828.d1,828a2,828,"[0, 0, 0, -39, -18]"
828.d2,828a1,828,"[0, 0, 0, -24, 45]"
829.a1,829a1,829,"[0, 0, 1, -4, -3]"
830.a1,830a2,830,"[1, 0, 1, -838, -9512]"
830.a2,830a1,830,"[1, 0, 1, 37, -62]"
830.b1,830c1,830,"[1, -1, 1, 3, 69]"
830.c1,830b1,830,"[1, 1, 1, -11185, 456015]"
831.a1,831a1,831,"[1, 0, 0, -68, 285]"
832.a1,832j2,832,"[0, 0, 0, -13612, 670672]"
832.a2,832j1,832,"[0, 0, 0, -172, -1328]"
832.b1,832b1,832,"[0, -1, 0, -1, -31]"
832.c1,832e1,832,"[0, -1, 0, -65, -191]"
832.d1,832c3,832,"[0, -1, 0, -29409, -1931423]"
832.d2,832c2,832,"[0, -1, 0, -289, -3679]"
832.d3,832c1,832,"[0, -1, 0, 31, 97]"
832.e1,832d1,832,"[0, 0, 0, -16, -24]"
832.e2,832d2,832,"[0, 0, 0, 4, -80]"
832.f1,832h1,832,"[0, 0, 0, -16, 24]"
832.f2,832h2,832,"[0, 0, 0, 4, 80]"
832.g1,832a1,832,"[0, 1, 0, -1, 31]"
832.h1,832i1,832,"[0, 1, 0, -65, 191]"
832.i1,832g3,832,"[0, 1, 0, -29409, 1931423]"
832.i2,832g2,832,"[0, 1, 0, -289, 3679]"
832.i3,832g1,832,"[0, 1, 0, 31, -97]"
832.j1,832f2,832,"[0, 0, 0, -13612, -670672]"
832.j2,832f1,832,"[0, 0, 0, -172, 1328]"
833.a1,833a3,833,"[1, -1, 1, -4444, 115126]"
833.a2,833a2,833,"[1, -1, 1, -279, 1838]"
833.a3,833a1,833,"[1, -1, 1, -34, -24]"
833.a4,833a4,833,"[1, -1, 1, -34, 4778]"
834.a1,834c1,834,"[1, 0, 1, 0, 10]"
834.b1,834a3,834,"[1, 0, 1, -1493395, 702316526]"
834.b2,834a2,834,"[1, 0, 1, -93715, 10874606]"
834.b3,834a1,834,"[1, 0, 1, -11795, -233746]"
834.b4,834a4,834,"[1, 0, 1, -4755, 30694894]"
834.c1,834b1,834,"[1, 0, 1, -60, -182]"
834.d1,834f1,834,"[1, 1, 1, -1027, 12257]"
834.e1,834e1,834,"[1, 1, 1, 2, -1]"
834.f1,834d1,834,"[1, 1, 1, -8, 5]"
834.f2,834d2,834,"[1, 1, 1, 2, 29]"
834.g1,834g2,834,"[1, 0, 0, -1090, -40504]"
834.g2,834g1,834,"[1, 0, 0, -70, 356]"
836.a1,836a1,836,"[0, -1, 0, -5, -47]"
836.b1,836b2,836,"[0, -1, 0, -52, -120]"
836.b2,836b1,836,"[0, -1, 0, 3, -10]"
840.a1,840a3,840,"[0, -1, 0, -1736, 26796]"
840.a2,840a2,840,"[0, -1, 0, -336, -1764]"
840.a3,840a1,840,"[0, -1, 0, -316, -2060]"
840.a4,840a4,840,"[0, -1, 0, 744, -11700]"
840.b1,840e4,840,"[0, -1, 0, -456, 3900]"
840.b2,840e3,840,"[0, -1, 0, -336, -2244]"
840.b3,840e2,840,"[0, -1, 0, -36, 36]"
840.b4,840e1,840,"[0, -1, 0, 9, 0]"
840.c1,840b3,840,"[0, -1, 0, -3736, -86660]"
840.c2,840b4,840,"[0, -1, 0, -656, 4956]"
840.c3,840b2,840,"[0, -1, 0, -236, -1260]"
840.c4,840b1,840,"[0, -1, 0, 9, -84]"
840.d1,840f5,840,"[0, -1, 0, -10480, -409460]"
840.d2,840f3,840,"[0, -1, 0, -680, -5700]"
840.d3,840f2,840,"[0, -1, 0, -180, 900]"
840.d4,840f1,840,"[0, -1, 0, -175, 952]"
840.d5,840f4,840,"[0, -1, 0, 240, 4092]"
840.d6,840f6,840,"[0, -1, 0, 1120, -32340]"
840.e1,840c3,840,"[0, -1, 0, -2240, -40068]"
840.e2,840c2,840,"[0, -1, 0, -140, -588]"
840.e3,840c4,840,"[0, -1, 0, -40, -1508]"
840.e4,840c1,840,"[0, -1, 0, -15, 12]"
840.f1,840g5,840,"[0, -1, 0, -24400, -1458548]"
840.f2,840g3,840,"[0, -1, 0, -1720, -16100]"
840.f3,840g2,840,"[0, -1, 0, -740, 7812]"
840.f4,840g1,840,"[0, -1, 0, -735, 7920]"
840.f5,840g4,840,"[0, -1, 0, 160, 24732]"
840.f6,840g6,840,"[0, -1, 0, 5280, -119700]"
840.g1,840h3,840,"[0, 1, 0, -2896, 59024]"
840.g2,840h2,840,"[0, 1, 0, -196, 704]"
840.g3,840h1,840,"[0, 1, 0, -71, -246]"
840.g4,840h4,840,"[0, 1, 0, 504, 5184]"
840.h1,840d3,840,"[0, 1, 0, -202616, 34012320]"
840.h2,840d2,840,"[0, 1, 0, -31116, -1385280]"
840.h3,840d1,840,"[0, 1, 0, -27991, -1811530]"
840.h4,840d4,840,"[0, 1, 0, 90384, -9452880]"
840.i1,840i3,840,"[0, 1, 0, -656, 6240]"
840.i2,840i2,840,"[0, 1, 0, -56, 0]"
840.i3,840i1,840,"[0, 1, 0, -36, -96]"
840.i4,840i4,840,"[0, 1, 0, 224, 224]"
840.j1,840j4,840,"[0, 1, 0, -6720, 209808]"
840.j2,840j5,840,"[0, 1, 0, -6480, -202272]"
840.j3,840j3,840,"[0, 1, 0, -600, 0]"
840.j4,840j2,840,"[0, 1, 0, -420, 3168]"
840.j5,840j1,840,"[0, 1, 0, -15, 90]"
840.j6,840j6,840,"[0, 1, 0, 2400, 2400]"
842.a1,842a1,842,"[1, 0, 1, -10, -12]"
842.b1,842b1,842,"[1, 0, 0, -59, 145]"
843.a1,843a1,843,"[1, 1, 0, 5, 4]"
845.a1,845a1,845,"[1, 0, 1, -173, 171]"
845.a2,845a2,845,"[1, 0, 1, 672, 1523]"
846.a1,846c4,846,"[1, -1, 0, -31518, 2160364]"
846.a2,846c3,846,"[1, -1, 0, -19278, -1012100]"
846.a3,846c2,846,"[1, -1, 0, -2358, 20020]"
846.a4,846c1,846,"[1, -1, 0, 522, 2164]"
846.b1,846b2,846,"[1, -1, 0, -87, 323]"
846.b2,846b1,846,"[1, -1, 0, 3, 17]"
846.c1,846a2,846,"[1, -1, 0, -2295, -41747]"
846.c2,846a1,846,"[1, -1, 0, -135, -707]"
847.a1,847c2,847,"[1, 1, 1, -6234, -177484]"
847.a2,847c1,847,"[1, 1, 1, 421, -12440]"
847.b1,847b1,847,"[0, 0, 1, 242, -333]"
847.c1,847a1,847,"[0, 1, 1, -10809, -436166]"
847.c2,847a2,847,"[0, 1, 1, -5969, -822761]"
847.c3,847a3,847,"[0, 1, 1, 53321, 21262764]"
848.a1,848g1,848,"[0, 1, 0, -440, 3412]"
848.b1,848d2,848,"[0, 1, 0, -17, 22]"
848.b2,848d1,848,"[0, 1, 0, -12, 40]"
848.c1,848b2,848,"[0, -1, 0, -393648, 95194048]"
848.c2,848b1,848,"[0, -1, 0, -4528, 150464]"
848.d1,848a1,848,"[0, 1, 0, -120, -556]"
848.e1,848f1,848,"[0, 1, 0, -4, -8]"
848.f1,848c2,848,"[0, -1, 0, -144, 1856]"
848.f2,848c1,848,"[0, -1, 0, 16, -64]"
848.g1,848e1,848,"[0, 0, 0, 5, -22]"
849.a1,849a1,849,"[1, 1, 1, 5, -4]"
850.a1,850e1,850,"[1, -1, 0, 8, 16]"
850.b1,850a2,850,"[1, 1, 0, -166025, -26946875]"
850.b2,850a1,850,"[1, 1, 0, 9975, -114875]"
850.c1,850d1,850,"[1, 0, 1, 33924, -387702]"
850.d1,850c1,850,"[1, 0, 1, -451, 4798]"
850.e1,850b4,850,"[1, 1, 0, -2825, -41125]"
850.e2,850b3,850,"[1, 1, 0, -2575, -51375]"
850.e3,850b2,850,"[1, 1, 0, -1075, 13125]"
850.e4,850b1,850,"[1, 1, 0, -75, 125]"
850.f1,850j1,850,"[1, -1, 1, -255, -1503]"
850.g1,850k1,850,"[1, 1, 1, -63, 781]"
850.g2,850k2,850,"[1, 1, 1, 562, -20469]"
850.h1,850l1,850,"[1, 1, 1, -18, 31]"
850.i1,850f1,850,"[1, 1, 1, 1357, -2559]"
850.j1,850h3,850,"[1, 1, 1, -104213, -2590469]"
850.j2,850h1,850,"[1, 1, 1, -63838, 6181531]"
850.j3,850h2,850,"[1, 1, 1, -61838, 6589531]"
850.j4,850h4,850,"[1, 1, 1, 407787, -19998469]"
850.k1,850g1,850,"[1, 1, 1, -188, 781]"
850.k2,850g2,850,"[1, 1, 1, 312, 4781]"
850.l1,850i1,850,"[1, -1, 1, 195, 2197]"
851.a1,851a1,851,"[0, 1, 1, -28, 48]"
854.a1,854a1,854,"[1, 0, 1, -722, 7396]"
854.b1,854b3,854,"[1, 0, 1, -56176, -5122754]"
854.b2,854b2,854,"[1, 0, 1, -2801, 49924]"
854.b3,854b1,854,"[1, 0, 1, -2706, 53940]"
854.c1,854d1,854,"[1, 1, 1, -399, 1237]"
854.d1,854c1,854,"[1, 1, 1, -13, 3]"
855.a1,855a4,855,"[1, -1, 1, -54068, 4852482]"
855.a2,855a3,855,"[1, -1, 1, -11138, -363594]"
855.a3,855a2,855,"[1, -1, 1, -3443, 73482]"
855.a4,855a1,855,"[1, -1, 1, 202, 4956]"
855.b1,855b2,855,"[1, -1, 1, -842, 9366]"
855.b2,855b1,855,"[1, -1, 1, 13, 474]"
855.c1,855c2,855,"[1, -1, 0, -684, 513]"
855.c2,855c1,855,"[1, -1, 0, 171, 0]"
856.a1,856c1,856,"[0, -1, 0, -28, 68]"
856.b1,856b1,856,"[0, 1, 0, 0, -16]"
856.c1,856a1,856,"[0, 1, 0, -3, 2]"
856.d1,856d1,856,"[0, -1, 0, -432, -3316]"
858.a1,858a3,858,"[1, 1, 0, -4994, -137940]"
858.a2,858a4,858,"[1, 1, 0, -754, 4732]"
858.a3,858a2,858,"[1, 1, 0, -314, -2220]"
858.a4,858a1,858,"[1, 1, 0, 6, -108]"
858.b1,858c2,858,"[1, 0, 1, -117, -494]"
858.b2,858c1,858,"[1, 0, 1, -7, -10]"
858.c1,858b4,858,"[1, 0, 1, -65176, -6409114]"
858.c2,858b3,858,"[1, 0, 1, -3736, -117658]"
858.c3,858b2,858,"[1, 0, 1, -1801, 16604]"
858.c4,858b1,858,"[1, 0, 1, 359, 1916]"
858.d1,858d1,858,"[1, 0, 1, -103987, 12897998]"
858.d2,858d2,858,"[1, 0, 1, -80722, 18827108]"
858.e1,858f1,858,"[1, 1, 1, -572, 118685]"
858.f1,858h4,858,"[1, 1, 1, -41184, 3199767]"
858.f2,858h3,858,"[1, 1, 1, -2684, 44615]"
858.f3,858h2,858,"[1, 1, 1, -2574, 49191]"
858.f4,858h1,858,"[1, 1, 1, -154, 791]"
858.g1,858g1,858,"[1, 1, 1, -46, 107]"
858.h1,858e3,858,"[1, 1, 1, -13267, -589879]"
858.h2,858e2,858,"[1, 1, 1, -1387, 4121]"
858.h3,858e1,858,"[1, 1, 1, -1067, 12953]"
858.h4,858e4,858,"[1, 1, 1, 5373, 39273]"
858.i1,858i2,858,"[1, 1, 1, -36861, -2739309]"
858.i2,858i1,858,"[1, 1, 1, -2301, -43629]"
858.j1,858j2,858,"[1, 0, 0, -617, -5961]"
858.j2,858j1,858,"[1, 0, 0, 13, -39]"
858.k1,858k1,858,"[1, 0, 0, -5774401, 5346023177]"
858.k2,858k2,858,"[1, 0, 0, 16353089, -335543012233]"
858.l1,858l2,858,"[1, 0, 0, -7372, -243952]"
858.l2,858l1,858,"[1, 0, 0, -332, -6000]"
858.m1,858m2,858,"[1, 0, 0, -61, -187]"
858.m2,858m1,858,"[1, 0, 0, -1, -7]"
861.a1,861a3,861,"[1, 1, 1, -657, -6756]"
861.a2,861a4,861,"[1, 1, 1, -147, 516]"
861.a3,861a2,861,"[1, 1, 1, -42, -114]"
861.a4,861a1,861,"[1, 1, 1, 3, -6]"
861.b1,861d1,861,"[1, 0, 0, -7, 14]"
861.c1,861c1,861,"[1, 0, 0, 2941, 18606]"
861.d1,861b1,861,"[1, 0, 1, 706, -64375]"
862.a1,862b1,862,"[1, -1, 0, -70, 244]"
862.b1,862a1,862,"[1, 0, 1, 1, -2]"
862.c1,862f1,862,"[1, 1, 1, -2, 15]"
862.d1,862e1,862,"[1, 1, 1, -2460, 45949]"
862.d2,862e2,862,"[1, 1, 1, 15380, -102531]"
862.e1,862c2,862,"[1, -1, 1, -34, -39]"
862.e2,862c1,862,"[1, -1, 1, 6, -7]"
862.f1,862d2,862,"[1, 0, 0, -72, -1744]"
862.f2,862d1,862,"[1, 0, 0, 8, 64]"
864.a1,864i1,864,"[0, 0, 0, -216, -1296]"
864.b1,864k1,864,"[0, 0, 0, 24, 16]"
864.c1,864c1,864,"[0, 0, 0, 24, -16]"
864.d1,864l1,864,"[0, 0, 0, -216, 1296]"
864.e1,864a1,864,"[0, 0, 0, -3, 6]"
864.f1,864d1,864,"[0, 0, 0, -3, -6]"
864.g1,864j1,864,"[0, 0, 0, -27, -162]"
864.h1,864g1,864,"[0, 0, 0, -27, 162]"
864.i1,864b1,864,"[0, 0, 0, -24, 48]"
864.j1,864e1,864,"[0, 0, 0, 216, -432]"
864.k1,864h1,864,"[0, 0, 0, 216, 432]"
864.l1,864f1,864,"[0, 0, 0, -24, -48]"
866.a1,866a1,866,"[1, 0, 0, -8, 64]"
866.a2,866a2,866,"[1, 0, 0, 72, -1712]"
867.a1,867b1,867,"[1, 1, 1, -23, 20]"
867.a2,867b2,867,"[1, 1, 1, 62, 224]"
867.b1,867d1,867,"[1, 0, 0, -6653, 145704]"
867.b2,867d2,867,"[1, 0, 0, 17912, 976001]"
867.c1,867a2,867,"[0, -1, 1, -17147, -859018]"
867.c2,867a1,867,"[0, -1, 1, 193, -5023]"
867.d1,867c2,867,"[0, -1, 1, -244012, -46313805]"
867.d2,867c1,867,"[0, -1, 1, 1638, -13693]"
867.e1,867e2,867,"[0, 1, 1, -844, -9725]"
867.e2,867e1,867,"[0, 1, 1, 6, -1]"
869.a1,869b1,869,"[0, 1, 1, 10, -2]"
869.b1,869c2,869,"[1, 0, 0, -57, -170]"
869.b2,869c1,869,"[1, 0, 0, -2, -5]"
869.c1,869d1,869,"[1, 1, 0, -512, 4237]"
869.d1,869a1,869,"[1, 0, 1, -138, 609]"
870.a1,870a3,870,"[1, 1, 0, -4017, -99681]"
870.a2,870a2,870,"[1, 1, 0, -267, -1431]"
870.a3,870a1,870,"[1, 1, 0, -87, 261]"
870.a4,870a4,870,"[1, 1, 0, 603, -7869]"
870.b1,870b4,870,"[1, 0, 1, -524364, -146193014]"
870.b2,870b3,870,"[1, 0, 1, -32844, -2275958]"
870.b3,870b2,870,"[1, 0, 1, -7149, -156728]"
870.b4,870b1,870,"[1, 0, 1, -2829, 55816]"
870.c1,870c3,870,"[1, 0, 1, -2533, -49264]"
870.c2,870c4,870,"[1, 0, 1, -2413, -54112]"
870.c3,870c1,870,"[1, 0, 1, -58, 56]"
870.c4,870c2,870,"[1, 0, 1, 212, 488]"
870.d1,870d3,870,"[1, 0, 1, -22273, -1281244]"
870.d2,870d2,870,"[1, 0, 1, -1393, -20092]"
870.d3,870d4,870,"[1, 0, 1, -993, -31772]"
870.d4,870d1,870,"[1, 0, 1, -113, -124]"
870.e1,870e2,870,"[1, 1, 1, -131, -631]"
870.e2,870e1,870,"[1, 1, 1, -11, -7]"
870.f1,870f1,870,"[1, 1, 1, -1760, 27137]"
870.f2,870f2,870,"[1, 1, 1, 160, 85505]"
870.g1,870g3,870,"[1, 1, 1, -3230, -71593]"
870.g2,870g2,870,"[1, 1, 1, -330, 327]"
870.g3,870g1,870,"[1, 1, 1, -250, 1415]"
870.g4,870g4,870,"[1, 1, 1, 1290, 4215]"
870.h1,870i4,870,"[1, 0, 0, -2136610, -1202204578]"
870.h2,870i3,870,"[1, 0, 0, -2136580, -1202240020]"
870.h3,870i2,870,"[1, 0, 0, -43360, 3450272]"
870.h4,870i1,870,"[1, 0, 0, -4480, -25600]"
870.i1,870h2,870,"[1, 0, 0, -35, 75]"
870.i2,870h1,870,"[1, 0, 0, -5, -3]"
871.a1,871a1,871,"[0, -1, 1, -42, 139]"
872.a1,872a1,872,"[0, 1, 0, 0, 16]"
873.a1,873d1,873,"[0, 0, 1, -3, 22]"
873.b1,873a2,873,"[1, -1, 0, -162, 805]"
873.b2,873a1,873,"[1, -1, 0, -27, -32]"
873.c1,873b3,873,"[1, -1, 0, -5886, 153679]"
873.c2,873b2,873,"[1, -1, 0, -1521, -20048]"
873.c3,873b1,873,"[1, -1, 0, -1476, -21461]"
873.c4,873b4,873,"[1, -1, 0, 2124, -103883]"
873.d1,873c1,873,"[0, 0, 1, -19569, -4064513]"
874.a1,874b1,874,"[1, -1, 0, -13189, 575701]"
874.b1,874c1,874,"[1, 1, 0, -38, 76]"
874.c1,874a1,874,"[1, -1, 0, -19, -13]"
874.d1,874e2,874,"[1, 1, 1, -142320, -20724857]"
874.d2,874e1,874,"[1, 1, 1, -410, 903]"
874.e1,874d1,874,"[1, 0, 0, -12, -16]"
874.f1,874f2,874,"[1, 0, 0, -640889, -197533063]"
874.f2,874f1,874,"[1, 0, 0, -7929, -270343]"
876.a1,876a1,876,"[0, -1, 0, -48885, 4176513]"
876.b1,876b1,876,"[0, 1, 0, -61, 191]"
880.a1,880d1,880,"[0, 0, 0, -67, 226]"
880.b1,880h2,880,"[0, 1, 0, -60, -200]"
880.b2,880h1,880,"[0, 1, 0, -5, -2]"
880.c1,880e1,880,"[0, -1, 0, -1416, -20240]"
880.c2,880e2,880,"[0, -1, 0, 4744, -108944]"
880.d1,880f1,880,"[0, -1, 0, -16, -64]"
880.d2,880f2,880,"[0, -1, 0, 144, 1600]"
880.e1,880a2,880,"[0, 0, 0, -23, 38]"
880.e2,880a1,880,"[0, 0, 0, 2, 3]"
880.f1,880b1,880,"[0, 0, 0, -38, 87]"
880.f2,880b2,880,"[0, 0, 0, 17, 318]"
880.g1,880c3,880,"[0, 0, 0, -7547, 12986]"
880.g2,880c2,880,"[0, 0, 0, -5047, -137514]"
880.g3,880c1,880,"[0, 0, 0, -5042, -137801]"
880.g4,880c4,880,"[0, 0, 0, -2627, -269646]"
880.h1,880i3,880,"[0, 0, 0, -947, -11214]"
880.h2,880i4,880,"[0, 0, 0, -467, 3794]"
880.h3,880i2,880,"[0, 0, 0, -67, -126]"
880.h4,880i1,880,"[0, 0, 0, 13, -14]"
880.i1,880g2,880,"[0, 1, 0, -95040, 11245748]"
880.i2,880g1,880,"[0, 1, 0, 160, 3188]"
880.j1,880j4,880,"[0, -1, 0, -7100, 232652]"
880.j2,880j3,880,"[0, -1, 0, -445, 3720]"
880.j3,880j2,880,"[0, -1, 0, -100, 252]"
880.j4,880j1,880,"[0, -1, 0, -45, -100]"
882.a1,882a1,882,"[1, -1, 0, -4566, 119916]"
882.a2,882a2,882,"[1, -1, 0, 579, 366533]"
882.b1,882e4,882,"[1, -1, 0, -592713, 175784769]"
882.b2,882e5,882,"[1, -1, 0, -403083, -97454421]"
882.b3,882e3,882,"[1, -1, 0, -45873, 1349865]"
882.b4,882e2,882,"[1, -1, 0, -37053, 2752245]"
882.b5,882e1,882,"[1, -1, 0, -1773, 63909]"
882.b6,882e6,882,"[1, -1, 0, 170217, 10295991]"
882.c1,882c2,882,"[1, -1, 0, -62190, 6208852]"
882.c2,882c1,882,"[1, -1, 0, -450, -8366]"
882.d1,882d2,882,"[1, -1, 0, -1269, -17739]"
882.d2,882d1,882,"[1, -1, 0, -9, 27]"
882.e1,882b1,882,"[1, -1, 0, -93, -323]"
882.e2,882b2,882,"[1, -1, 0, 12, -1072]"
882.f1,882l2,882,"[1, -1, 1, -60647, 5606115]"
882.f2,882l1,882,"[1, -1, 1, 1093, 296475]"
882.g1,882h2,882,"[1, -1, 1, -6404, 199847]"
882.g2,882h1,882,"[1, -1, 1, 211, 1397]"
882.h1,882g2,882,"[1, -1, 1, -839, 9559]"
882.h2,882g1,882,"[1, -1, 1, 1, 39]"
882.i1,882i6,882,"[1, -1, 1, -1204160, -508296477]"
882.i2,882i5,882,"[1, -1, 1, -75200, -7941405]"
882.i3,882i4,882,"[1, -1, 1, -15665, -614631]"
882.i4,882i2,882,"[1, -1, 1, -4640, 122721]"
882.i5,882i1,882,"[1, -1, 1, -230, 2769]"
882.i6,882i3,882,"[1, -1, 1, 1975, -57207]"
882.j1,882f2,882,"[1, -1, 1, -41096, -3196637]"
882.j2,882f1,882,"[1, -1, 1, 64, -13597]"
882.k1,882j2,882,"[1, -1, 1, -313781, -67920051]"
882.k2,882j1,882,"[1, -1, 1, 10354, -499971]"
882.l1,882k2,882,"[1, -1, 1, -1238, -15991]"
882.l2,882k1,882,"[1, -1, 1, 22, -871]"
885.a1,885d2,885,"[0, 1, 1, -19330, -1040876]"
885.a2,885d1,885,"[0, 1, 1, -280, 1684]"
885.b1,885c1,885,"[0, 1, 1, -5, -4]"
885.c1,885b3,885,"[1, 1, 0, -472, 3481]"
885.c2,885b2,885,"[1, 1, 0, -97, -344]"
885.c3,885b1,885,"[1, 1, 0, -92, -381]"
885.c4,885b4,885,"[1, 1, 0, 198, -1701]"
885.d1,885a1,885,"[0, -1, 1, -126, 587]"
886.a1,886b1,886,"[1, 0, 1, -1203, 15950]"
886.b1,886a1,886,"[1, -1, 0, -14, 24]"
886.c1,886c1,886,"[1, 1, 0, -283, -1635]"
886.d1,886e1,886,"[1, -1, 1, -4, 7]"
886.e1,886d1,886,"[1, -1, 1, -241390, 45705725]"
888.a1,888a1,888,"[0, -1, 0, -200, -1044]"
888.b1,888c2,888,"[0, -1, 0, -188, -924]"
888.b2,888c1,888,"[0, -1, 0, -3, -36]"
888.c1,888b3,888,"[0, 1, 0, -7104, -232848]"
888.c2,888b2,888,"[0, 1, 0, -444, -3744]"
888.c3,888b4,888,"[0, 1, 0, -264, -6624]"
888.c4,888b1,888,"[0, 1, 0, -39, -18]"
888.d1,888d1,888,"[0, 1, 0, -11, -18]"
888.d2,888d2,888,"[0, 1, 0, 4, -48]"
890.a1,890b2,890,"[1, 0, 1, -109, -444]"
890.a2,890b1,890,"[1, 0, 1, -9, -4]"
890.b1,890e1,890,"[1, 0, 1, -1138, -14844]"
890.b2,890e2,890,"[1, 0, 1, -818, -23292]"
890.c1,890a2,890,"[1, -1, 0, -55, 171]"
890.c2,890a1,890,"[1, -1, 0, -5, 1]"
890.d1,890d1,890,"[1, 0, 1, -13, 16]"
890.e1,890c2,890,"[1, 1, 0, -6668, 206822]"
890.e2,890c1,890,"[1, 1, 0, -418, 3072]"
890.f1,890f1,890,"[1, -1, 1, 12, 87]"
890.g1,890g2,890,"[1, 1, 1, -2040, -38093]"
890.g2,890g1,890,"[1, 1, 1, 10, 147]"
890.h1,890h3,890,"[1, -1, 1, -1912, -31689]"
890.h2,890h2,890,"[1, -1, 1, -132, -361]"
890.h3,890h1,890,"[1, -1, 1, -52, 151]"
890.h4,890h4,890,"[1, -1, 1, 368, -2761]"
891.a1,891e1,891,"[0, 0, 1, -81, -304]"
891.b1,891a1,891,"[1, -1, 1, 7, 10]"
891.c1,891g1,891,"[1, -1, 1, -38, -80]"
891.c2,891g2,891,"[1, -1, 1, 97, 5698]"
891.d1,891b2,891,"[0, 0, 1, -324, -2248]"
891.d2,891b1,891,"[0, 0, 1, 6, -15]"
891.e1,891f1,891,"[0, 0, 1, -36, 83]"
891.e2,891f2,891,"[0, 0, 1, 54, 398]"
891.f1,891c1,891,"[1, -1, 0, 66, -343]"
891.g1,891d1,891,"[1, -1, 0, -339, 2492]"
891.g2,891d2,891,"[1, -1, 0, 876, -154729]"
891.h1,891h1,891,"[0, 0, 1, -9, 11]"
892.a1,892c1,892,"[0, -1, 0, -12, -8]"
892.b1,892b2,892,"[0, 1, 0, -388, -1580]"
892.b2,892b1,892,"[0, 1, 0, -188, 932]"
892.c1,892a1,892,"[0, 0, 0, -415, 3254]"
894.a1,894b1,894,"[1, 1, 0, -59, -201]"
894.b1,894a1,894,"[1, 1, 0, -18630, 971028]"
894.c1,894d1,894,"[1, 0, 1, -13, -16]"
894.d1,894c2,894,"[1, 0, 1, -23492, -1387798]"
894.d2,894c1,894,"[1, 0, 1, -407, -268]"
894.e1,894f1,894,"[1, 1, 1, -42, 87]"
894.f1,894e1,894,"[1, 1, 1, -38, -15325]"
894.g1,894g1,894,"[1, 0, 0, -247, 809]"
895.a1,895a1,895,"[1, 0, 0, -6, 5]"
895.b1,895b1,895,"[1, -1, 1, -183, 352]"
896.a1,896b2,896,"[0, 0, 0, -40, -96]"
896.a2,896b1,896,"[0, 0, 0, -5, 2]"
896.b1,896a2,896,"[0, 0, 0, -20, 16]"
896.b2,896a1,896,"[0, 0, 0, -10, -12]"
896.c1,896d2,896,"[0, 0, 0, -20, -16]"
896.c2,896d1,896,"[0, 0, 0, -10, 12]"
896.d1,896c2,896,"[0, 0, 0, -40, 96]"
896.d2,896c1,896,"[0, 0, 0, -5, -2]"
897.a1,897c3,897,"[1, 1, 1, -219, 1146]"
897.a2,897c2,897,"[1, 1, 1, -24, -24]"
897.a3,897c1,897,"[1, 1, 1, -19, -40]"
897.a4,897c4,897,"[1, 1, 1, 91, -70]"
897.b1,897b4,897,"[1, 1, 1, -14352, 655806]"
897.b2,897b3,897,"[1, 1, 1, -962, 8354]"
897.b3,897b2,897,"[1, 1, 1, -897, 9966]"
897.b4,897b1,897,"[1, 1, 1, -52, 164]"
897.c1,897f2,897,"[1, 0, 0, -65, -204]"
897.c2,897f1,897,"[1, 0, 0, 0, -9]"
897.d1,897e4,897,"[1, 0, 0, -5037552, 4351465395]"
897.d2,897e3,897,"[1, 0, 0, -316062, 67420593]"
897.d3,897e2,897,"[1, 0, 0, -314847, 67971960]"
897.d4,897e1,897,"[1, 0, 0, -19602, 1069443]"
897.e1,897a2,897,"[1, 1, 0, -5362, 147715]"
897.e2,897a1,897,"[1, 1, 0, -97, 5560]"
897.f1,897d2,897,"[1, 0, 1, -1725581, -795628249]"
897.f2,897d1,897,"[1, 0, 1, 130884, -59725523]"
898.a1,898a1,898,"[1, 0, 1, -202, 1084]"
898.b1,898b1,898,"[1, 1, 0, -451, 3789]"
898.c1,898d1,898,"[1, 1, 1, -4, -3]"
898.d1,898c2,898,"[1, 1, 1, -52, 109]"
898.d2,898c1,898,"[1, 1, 1, -12, -19]"
899.a1,899a1,899,"[1, 0, 1, -3, -1]"
899.b1,899b1,899,"[0, 1, 1, -2, 1]"
900.a1,900h1,900,"[0, 0, 0, -120, -475]"
900.a2,900h2,900,"[0, 0, 0, 105, -2050]"
900.b1,900e3,900,"[0, 0, 0, -9300, 345125]"
900.b2,900e4,900,"[0, 0, 0, -8175, 431750]"
900.b3,900e1,900,"[0, 0, 0, -300, -1375]"
900.b4,900e2,900,"[0, 0, 0, 825, -9250]"
900.c1,900f2,900,"[0, 0, 0, -273000, 54902500]"
900.c2,900f1,900,"[0, 0, 0, -3000, 92500]"
900.d1,900c2,900,"[0, 0, 0, 0, -2700]"
900.d2,900c1,900,"[0, 0, 0, 0, 100]"
900.e1,900d2,900,"[0, 0, 0, -10920, 439220]"
900.e2,900d1,900,"[0, 0, 0, -120, 740]"
900.f1,900a2,900,"[0, 0, 0, 0, -337500]"
900.f2,900a1,900,"[0, 0, 0, 0, 12500]"
900.g1,900b4,900,"[0, 0, 0, -3375, -74250]"
900.g2,900b2,900,"[0, 0, 0, -375, 2750]"
900.g3,900b3,900,"[0, 0, 0, 0, -3375]"
900.g4,900b1,900,"[0, 0, 0, 0, 125]"
900.h1,900g1,900,"[0, 0, 0, -3000, -59375]"
900.h2,900g2,900,"[0, 0, 0, 2625, -256250]"
901.a1,901f1,901,"[0, -1, 1, -4, -2]"
901.b1,901a1,901,"[1, -1, 1, -85, -220]"
901.b2,901a2,901,"[1, -1, 1, 180, -1492]"
901.c1,901d1,901,"[1, -1, 1, -346, -68922]"
901.d1,901b2,901,"[1, 1, 1, -29863, 1910608]"
901.d2,901b1,901,"[1, 1, 1, -29598, 1947602]"
901.e1,901c2,901,"[0, 1, 1, -697, -7320]"
901.e2,901c1,901,"[0, 1, 1, -17, 7]"
901.f1,901e1,901,"[0, 0, 1, -1507, 4209]"
902.a1,902a1,902,"[1, 0, 1, -2382, 77312]"
902.b1,902b1,902,"[1, 0, 0, -64, 192]"
902.b2,902b2,902,"[1, 0, 0, 76, 892]"
903.a1,903a1,903,"[0, 1, 1, 7, 2]"
903.b1,903b3,903,"[0, 1, 1, -7680013, -8194581338]"
903.b2,903b2,903,"[0, 1, 1, -94813, -11269355]"
903.b3,903b1,903,"[0, 1, 1, -43, -43484]"
904.a1,904a1,904,"[0, 0, 0, -35, 78]"
904.a2,904a2,904,"[0, 0, 0, 5, 246]"
905.a1,905b1,905,"[1, 0, 1, -388, -2969]"
905.b1,905a1,905,"[1, 1, 0, -18, 23]"
905.b2,905a2,905,"[1, 1, 0, -13, 42]"
906.a1,906a1,906,"[1, 1, 0, 3395, -211907]"
906.b1,906b1,906,"[1, 1, 0, -16, -32]"
906.c1,906d2,906,"[1, 0, 1, -1970, 18500]"
906.c2,906d1,906,"[1, 0, 1, -1715, 27182]"
906.d1,906c3,906,"[1, 0, 1, -52716, -4662998]"
906.d2,906c2,906,"[1, 0, 1, -621, -7064]"
906.d3,906c1,906,"[1, 0, 1, 54, 64]"
906.e1,906g1,906,"[1, 1, 1, -21, -45]"
906.f1,906e1,906,"[1, 1, 1, -40466325, 99063769563]"
906.g1,906f1,906,"[1, 1, 1, -11, -19]"
906.h1,906h1,906,"[1, 0, 0, -152, 576]"
906.i1,906i1,906,"[1, 0, 0, -6, -6]"
909.a1,909c1,909,"[0, 0, 1, -12, 9]"
909.b1,909a1,909,"[0, 0, 1, -1776, 3834]"
909.c1,909b1,909,"[0, 0, 1, -57, -117]"
910.a1,910c4,910,"[1, 0, 1, -14669, -685008]"
910.a2,910c3,910,"[1, 0, 1, -949, -9984]"
910.a3,910c2,910,"[1, 0, 1, -304, 456]"
910.a4,910c1,910,"[1, 0, 1, -234, 1352]"
910.b1,910a3,910,"[1, -1, 0, -109040, -13831200]"
910.b2,910a2,910,"[1, -1, 0, -7120, -194304]"
910.b3,910a1,910,"[1, -1, 0, -2000, 32000]"
910.b4,910a4,910,"[1, -1, 0, 12880, -1102304]"
910.c1,910d1,910,"[1, -1, 0, -29, -47]"
910.c2,910d2,910,"[1, -1, 0, 41, -285]"
910.d1,910b2,910,"[1, 0, 1, -59, -1154]"
910.d2,910b1,910,"[1, 0, 1, 6, 42]"
910.e1,910e3,910,"[1, 0, 1, -50503198, -146507820272]"
910.e2,910e1,910,"[1, 0, 1, -578448, 183565278]"
910.e3,910e2,910,"[1, 0, 1, 3562177, -168122222]"
910.f1,910g1,910,"[1, -1, 1, -33, 81]"
910.g1,910j6,910,"[1, 0, 0, -529046, -148084874]"
910.g2,910j5,910,"[1, 0, 0, -528976, -148126020]"
910.g3,910j4,910,"[1, 0, 0, -20356, 876120]"
910.g4,910j2,910,"[1, 0, 0, -19116, 1015696]"
910.g5,910j3,910,"[1, 0, 0, -6636, -196784]"
910.g6,910j1,910,"[1, 0, 0, -1196, 15760]"
910.h1,910k2,910,"[1, 0, 0, -5625, -151943]"
910.h2,910k1,910,"[1, 0, 0, -1145, 12025]"
910.i1,910h1,910,"[1, 1, 1, -196, 5829]"
910.j1,910f1,910,"[1, -1, 1, -33898, 2219177]"
910.j2,910f2,910,"[1, -1, 1, 37782, 10304681]"
910.k1,910i2,910,"[1, 1, 1, -76, 223]"
910.k2,910i1,910,"[1, 1, 1, -6, -1]"
912.a1,912a1,912,"[0, -1, 0, -57, -171]"
912.b1,912g3,912,"[0, -1, 0, -1624, -24656]"
912.b2,912g2,912,"[0, -1, 0, -104, -336]"
912.b3,912g1,912,"[0, -1, 0, -24, 48]"
912.b4,912g4,912,"[0, -1, 0, 136, -1872]"
912.c1,912e3,912,"[0, -1, 0, -6848, 220416]"
912.c2,912e4,912,"[0, -1, 0, -6688, 231040]"
912.c3,912e1,912,"[0, -1, 0, -128, 0]"
912.c4,912e2,912,"[0, -1, 0, 512, -512]"
912.d1,912f2,912,"[0, -1, 0, -70245, 7189389]"
912.d2,912f1,912,"[0, -1, 0, 315, 2349]"
912.e1,912b3,912,"[0, -1, 0, -1272, -16560]"
912.e2,912b2,912,"[0, -1, 0, -192, 720]"
912.e3,912b1,912,"[0, -1, 0, -172, 928]"
912.e4,912b4,912,"[0, -1, 0, 568, 4368]"
912.f1,912i1,912,"[0, 1, 0, 3, -9]"
912.g1,912l1,912,"[0, 1, 0, -37, -109]"
912.h1,912h1,912,"[0, 1, 0, -1528, 22484]"
912.h2,912h2,912,"[0, 1, 0, -1368, 27540]"
912.i1,912c1,912,"[0, 1, 0, 55, -93]"
912.j1,912j2,912,"[0, 1, 0, -92, -360]"
912.j2,912j1,912,"[0, 1, 0, 3, -18]"
912.k1,912k3,912,"[0, 1, 0, -1400832, 637689780]"
912.k2,912k2,912,"[0, 1, 0, -87552, 9941940]"
912.k3,912k4,912,"[0, 1, 0, -84992, 10553268]"
912.k4,912k1,912,"[0, 1, 0, -5632, 144308]"
912.l1,912d1,912,"[0, 1, 0, -16, -28]"
912.l2,912d2,912,"[0, 1, 0, 24, -108]"
913.a1,913a1,913,"[1, -1, 1, -115, -476]"
913.b1,913b1,913,"[0, 0, 1, -1, 13]"
914.a1,914a2,914,"[1, -1, 0, -692, -6832]"
914.a2,914a1,914,"[1, -1, 0, -52, -48]"
914.b1,914b1,914,"[1, 0, 1, -2, -2]"
915.a1,915d2,915,"[1, 0, 0, -255, 900]"
915.a2,915d1,915,"[1, 0, 0, 50, 107]"
915.b1,915b3,915,"[1, 1, 0, -367, -2756]"
915.b2,915b2,915,"[1, 1, 0, -62, 111]"
915.b3,915b1,915,"[1, 1, 0, -57, 144]"
915.b4,915b4,915,"[1, 1, 0, 163, 966]"
915.c1,915a1,915,"[0, -1, 1, -460, -11577]"
915.d1,915c1,915,"[0, 1, 1, -6, -25]"
916.a1,916c1,916,"[0, 0, 0, -4, 1]"
916.b1,916e1,916,"[0, -1, 0, -5, -2]"
916.c1,916a2,916,"[0, 0, 0, -76, -255]"
916.c2,916a1,916,"[0, 0, 0, -71, -290]"
916.d1,916d2,916,"[0, 1, 0, -157, -416]"
916.d2,916d1,916,"[0, 1, 0, -77, 236]"
916.e1,916b1,916,"[0, 0, 0, -1013692, 392832257]"
918.a1,918f2,918,"[1, -1, 0, -231, -2179]"
918.a2,918f1,918,"[1, -1, 0, 24, 48]"
918.b1,918a1,918,"[1, -1, 0, -24990, 1526804]"
918.c1,918b1,918,"[1, -1, 0, 0, -18]"
918.d1,918e2,918,"[1, -1, 0, -27, 99]"
918.d2,918e1,918,"[1, -1, 0, 3, -3]"
918.e1,918c1,918,"[1, -1, 0, -771, -8875]"
918.f1,918d1,918,"[1, -1, 0, -48, -768]"
918.f2,918d2,918,"[1, -1, 0, 432, 20448]"
918.g1,918j1,918,"[1, -1, 1, -434, 21169]"
918.g2,918j2,918,"[1, -1, 1, 3886, -555983]"
918.h1,918h1,918,"[1, -1, 1, -86, 357]"
918.i1,918i2,918,"[1, -1, 1, -245, -2429]"
918.i2,918i1,918,"[1, -1, 1, 25, 55]"
918.j1,918k1,918,"[1, -1, 1, -2777, -55623]"
918.k1,918l1,918,"[1, -1, 1, -2, 487]"
918.l1,918g1,918,"[1, -1, 1, -26, 89]"
918.l2,918g2,918,"[1, -1, 1, 214, -1511]"
920.a1,920b1,920,"[0, 0, 0, -187, 991]"
920.b1,920d1,920,"[0, -1, 0, 0, -23]"
920.c1,920a1,920,"[0, 0, 0, 1468, -2844]"
920.d1,920c1,920,"[0, 1, 0, 4, 5]"
921.a1,921a1,921,"[0, -1, 1, -3058, -64080]"
921.b1,921b1,921,"[0, 1, 1, -23, 41]"
921.b2,921b2,921,"[0, 1, 1, 157, -130]"
922.a1,922a1,922,"[1, 0, 0, -2, -2]"
923.a1,923a1,923,"[0, 0, 1, -4, 19]"
924.a1,924a1,924,"[0, -1, 0, 25158, -775719]"
924.b1,924b1,924,"[0, -1, 0, 14, 1057]"
924.c1,924c1,924,"[0, -1, 0, 14, -11]"
924.d1,924d1,924,"[0, -1, 0, -470, -4311]"
924.e1,924e1,924,"[0, 1, 0, -22, 41]"
924.f1,924h1,924,"[0, 1, 0, -17242, 875009]"
924.f2,924h2,924,"[0, 1, 0, 59978, 4520981]"
924.g1,924f1,924,"[0, 1, 0, -1706, -27699]"
924.h1,924g2,924,"[0, 1, 0, -54, -291]"
924.h2,924g1,924,"[0, 1, 0, 6, 9]"
925.a1,925c1,925,"[1, 1, 1, -88, -344]"
925.a2,925c2,925,"[1, 1, 1, 37, -1094]"
925.b1,925b3,925,"[0, -1, 1, -46833, -3885432]"
925.b2,925b2,925,"[0, -1, 1, -583, -5057]"
925.b3,925b1,925,"[0, -1, 1, -83, 318]"
925.c1,925a1,925,"[0, 1, 1, -133, 519]"
925.d1,925d1,925,"[0, -1, 1, -3908, 95343]"
925.e1,925e1,925,"[0, 0, 1, -25, 31]"
926.a1,926a2,926,"[1, 1, 1, -33, 23]"
926.a2,926a1,926,"[1, 1, 1, 7, 7]"
927.a1,927a1,927,"[1, -1, 0, -54, -243]"
928.a1,928b1,928,"[0, -1, 0, -1, 17]"
928.b1,928a1,928,"[0, 1, 0, -1, -17]"
930.a1,930b1,930,"[1, 1, 0, -203, -1347]"
930.b1,930a3,930,"[1, 1, 0, -6628, 204952]"
930.b2,930a2,930,"[1, 1, 0, -428, 2832]"
930.b3,930a1,930,"[1, 1, 0, -108, -432]"
930.b4,930a4,930,"[1, 1, 0, 652, 16008]"
930.c1,930e2,930,"[1, 1, 0, -47, 99]"
930.c2,930e1,930,"[1, 1, 0, 3, 9]"
930.d1,930d2,930,"[1, 1, 0, -37442, 2585844]"
930.d2,930d1,930,"[1, 1, 0, 2238, 181236]"
930.e1,930c1,930,"[1, 1, 0, 98, 244]"
930.f1,930f1,930,"[1, 0, 1, -10400749, 13377941672]"
930.g1,930g3,930,"[1, 0, 1, -1514, -21814]"
930.g2,930g2,930,"[1, 0, 1, -264, 1186]"
930.g3,930g1,930,"[1, 0, 1, -244, 1442]"
930.g4,930g4,930,"[1, 0, 1, 666, 7882]"
930.h1,930h2,930,"[1, 0, 1, -2013, -12344]"
930.h2,930h1,930,"[1, 0, 1, 467, -1432]"
930.i1,930i2,930,"[1, 0, 1, -523, -4642]"
930.i2,930i1,930,"[1, 0, 1, 2, -22]"
930.j1,930j2,930,"[1, 0, 1, -218448, 39279646]"
930.j2,930j1,930,"[1, 0, 1, -13648, 613406]"
930.k1,930k2,930,"[1, 1, 1, -661, -6817]"
930.k2,930k1,930,"[1, 1, 1, -41, -121]"
930.l1,930m2,930,"[1, 1, 1, -161, 119]"
930.l2,930m1,930,"[1, 1, 1, 39, 39]"
930.m1,930l1,930,"[1, 1, 1, -23051, 1344449]"
930.n1,930n4,930,"[1, 0, 0, -635471, -195033699]"
930.n2,930n3,930,"[1, 0, 0, -39651, -3060495]"
930.n3,930n2,930,"[1, 0, 0, -8531, -218655]"
930.n4,930n1,930,"[1, 0, 0, 1389, -22239]"
930.o1,930o5,930,"[1, 0, 0, -307520, -65664060]"
930.o2,930o3,930,"[1, 0, 0, -19220, -1027200]"
930.o3,930o6,930,"[1, 0, 0, -18920, -1060740]"
930.o4,930o4,930,"[1, 0, 0, -3700, 67232]"
930.o5,930o2,930,"[1, 0, 0, -1220, -15600]"
930.o6,930o1,930,"[1, 0, 0, 60, -1008]"
931.a1,931b3,931,"[0, -1, 1, -37697, 2829742]"
931.a2,931b2,931,"[0, -1, 1, -457, 4157]"
931.a3,931b1,931,"[0, -1, 1, 33, -8]"
931.b1,931c1,931,"[0, 1, 1, -2, -3]"
931.c1,931a1,931,"[0, -1, 1, -114, 727]"
933.a1,933a1,933,"[0, -1, 1, -3, -1]"
933.b1,933b1,933,"[0, 1, 1, -399, -3184]"
934.a1,934a1,934,"[1, 0, 1, -3, 0]"
934.b1,934b2,934,"[1, 0, 0, -1889, -31639]"
934.b2,934b1,934,"[1, 0, 0, -129, 521]"
934.c1,934c1,934,"[1, -1, 1, -183, -905]"
935.a1,935a1,935,"[0, 1, 1, -1, -4]"
935.b1,935b1,935,"[0, 1, 1, -13155, 576381]"
935.b2,935b2,935,"[0, 1, 1, -9655, 893306]"
936.a1,936d1,936,"[0, 0, 0, -5862, -162295]"
936.a2,936d2,936,"[0, 0, 0, 5073, -698110]"
936.b1,936e3,936,"[0, 0, 0, -7491, 249550]"
936.b2,936e2,936,"[0, 0, 0, -471, 3850]"
936.b3,936e1,936,"[0, 0, 0, -66, -119]"
936.b4,936e4,936,"[0, 0, 0, 69, 12166]"
936.c1,936a2,936,"[0, 0, 0, -51, 94]"
936.c2,936a1,936,"[0, 0, 0, 9, 10]"
936.d1,936h1,936,"[0, 0, 0, -30, 29]"
936.d2,936h2,936,"[0, 0, 0, 105, 218]"
936.e1,936g2,936,"[0, 0, 0, -615, 5866]"
936.e2,936g1,936,"[0, 0, 0, -30, 133]"
936.f1,936b1,936,"[0, 0, 0, -147, 718]"
936.g1,936f2,936,"[0, 0, 0, -459, -2538]"
936.g2,936f1,936,"[0, 0, 0, 81, -270]"
936.h1,936i3,936,"[0, 0, 0, -2739, 53822]"
936.h2,936i2,936,"[0, 0, 0, -399, -1870]"
936.h3,936i1,936,"[0, 0, 0, -354, -2563]"
936.h4,936i4,936,"[0, 0, 0, 1221, -13210]"
936.i1,936c2,936,"[0, 0, 0, -543, -4430]"
936.i2,936c1,936,"[0, 0, 0, 42, -335]"
938.a1,938b2,938,"[1, 0, 1, -11085, 446696]"
938.a2,938b1,938,"[1, 0, 1, -365, 13608]"
938.b1,938a1,938,"[1, 0, 1, -4, -2]"
938.c1,938c1,938,"[1, 1, 1, -56, -135]"
938.d1,938d3,938,"[1, 0, 0, -351399, -80206123]"
938.d2,938d2,938,"[1, 0, 0, -4339, -110303]"
938.d3,938d1,938,"[1, 0, 0, -179, 737]"
939.a1,939c1,939,"[0, 1, 1, 4, 14]"
939.b1,939a1,939,"[0, -1, 1, -321, -9817]"
939.c1,939b1,939,"[1, 0, 1, -6, -5]"
939.c2,939b2,939,"[1, 0, 1, 9, -23]"
940.a1,940a1,940,"[0, 1, 0, 21619, -57905]"
940.b1,940d1,940,"[0, -1, 0, -20, 40]"
940.c1,940c2,940,"[0, 1, 0, -31516, -1956716]"
940.c2,940c1,940,"[0, 1, 0, -7076, 226340]"
940.d1,940e1,940,"[0, -1, 0, -45, -103]"
940.e1,940b1,940,"[0, 0, 0, -103, 398]"
942.a1,942a1,942,"[1, 0, 1, 15, 4]"
942.b1,942b1,942,"[1, 1, 1, -215539, -38605903]"
942.c1,942d1,942,"[1, 0, 0, -65, 201]"
942.d1,942c1,942,"[1, 0, 0, 146, 37508]"
943.a1,943a2,943,"[1, -1, 0, -218, 1295]"
943.a2,943a1,943,"[1, -1, 0, -13, 24]"
944.a1,944e1,944,"[0, 0, 0, -19, 34]"
944.b1,944k1,944,"[0, 1, 0, -64, 180]"
944.c1,944c1,944,"[0, 1, 0, 8, -12]"
944.d1,944g1,944,"[0, 1, 0, 888, 14068]"
944.e1,944j1,944,"[0, -1, 0, -9, -8]"
944.e2,944j2,944,"[0, -1, 0, 31, -68]"
944.f1,944i1,944,"[0, 1, 0, 8, -44]"
944.g1,944b1,944,"[0, 1, 0, -276, 1676]"
944.h1,944a1,944,"[0, 1, 0, 4, -4]"
944.i1,944f1,944,"[0, 1, 0, -1, -2]"
944.j1,944h1,944,"[0, 1, 0, -400, -3308]"
944.j2,944h2,944,"[0, 1, 0, 1840, 162452]"
944.k1,944d1,944,"[0, 0, 0, 2, -1]"
946.a1,946a3,946,"[1, -1, 0, -461, 3927]"
946.a2,946a2,946,"[1, -1, 0, -31, 57]"
946.a3,946a1,946,"[1, -1, 0, -11, -11]"
946.a4,946a4,946,"[1, -1, 0, 79, 299]"
946.b1,946b2,946,"[1, 0, 1, -261, -1680]"
946.b2,946b1,946,"[1, 0, 1, 14, -8]"
946.c1,946c1,946,"[1, 0, 0, -1806, -29692]"
948.a1,948a2,948,"[0, -1, 0, -412, -3080]"
948.a2,948a1,948,"[0, -1, 0, -17, -78]"
948.b1,948b1,948,"[0, -1, 0, -796, 8968]"
948.c1,948c2,948,"[0, 1, 0, -108, -1068]"
948.c2,948c1,948,"[0, 1, 0, 12, 36]"
950.a1,950b2,950,"[1, 1, 0, -69500, -7081250]"
950.a2,950b1,950,"[1, 1, 0, -750, -12500]"
950.b1,950a2,950,"[1, 0, 1, -1751, -31352]"
950.b2,950a1,950,"[1, 0, 1, -1, 148]"
950.c1,950c1,950,"[1, -1, 0, -1192, 17216]"
950.d1,950e3,950,"[1, 1, 1, -2138, -306969]"
950.d2,950e1,950,"[1, 1, 1, -388, 2781]"
950.d3,950e2,950,"[1, 1, 1, 237, 11281]"
950.e1,950d1,950,"[1, 0, 0, 37, 167]"
954.a1,954f2,954,"[1, -1, 0, -81, 783]"
954.a2,954f1,954,"[1, -1, 0, 9, -27]"
954.b1,954b2,954,"[1, -1, 0, -258, -1450]"
954.b2,954b1,954,"[1, -1, 0, 12, -100]"
954.c1,954e2,954,"[1, -1, 0, -221427, 40159989]"
954.c2,954e1,954,"[1, -1, 0, -2547, 63477]"
954.d1,954d1,954,"[1, -1, 0, 18, 202]"
954.e1,954a1,954,"[1, -1, 0, -96, -640]"
954.f1,954c1,954,"[1, -1, 0, -108, -1328]"
954.g1,954j1,954,"[1, -1, 1, 1273, -3585]"
954.h1,954h1,954,"[1, -1, 1, -11, 27]"
954.i1,954i1,954,"[1, -1, 1, -248, 1563]"
954.j1,954k1,954,"[1, -1, 1, -545, -4759]"
954.j2,954k2,954,"[1, -1, 1, 400, -19501]"
954.k1,954l1,954,"[1, -1, 1, 58, 303]"
954.l1,954g2,954,"[1, -1, 1, -29, 63]"
954.l2,954g1,954,"[1, -1, 1, 1, 3]"
954.m1,954m1,954,"[1, -1, 1, -68, -201]"
955.a1,955a2,955,"[1, -1, 1, -16663, 832042]"
955.a2,955a1,955,"[1, -1, 1, -1038, 13292]"
956.a1,956a1,956,"[0, 0, 0, -1, -3]"
957.a1,957a1,957,"[1, 1, 0, -491, 3984]"
957.a2,957a2,957,"[1, 1, 0, -346, 6565]"
960.a1,960i7,960,"[0, -1, 0, -138241, 19829665]"
960.a2,960i5,960,"[0, -1, 0, -8641, 311905]"
960.a3,960i8,960,"[0, -1, 0, -7041, 429345]"
960.a4,960i3,960,"[0, -1, 0, -5121, -139359]"
960.a5,960i4,960,"[0, -1, 0, -641, 3105]"
960.a6,960i2,960,"[0, -1, 0, -321, -2079]"
960.a7,960i1,960,"[0, -1, 0, -1, -95]"
960.a8,960i6,960,"[0, -1, 0, 2239, 20961]"
960.b1,960a4,960,"[0, -1, 0, -641, 6465]"
960.b2,960a3,960,"[0, -1, 0, -161, -639]"
960.b3,960a2,960,"[0, -1, 0, -41, 105]"
960.b4,960a1,960,"[0, -1, 0, 4, 6]"
960.c1,960b5,960,"[0, -1, 0, -12801, -553215]"
960.c2,960b3,960,"[0, -1, 0, -801, -8415]"
960.c3,960b6,960,"[0, -1, 0, -321, -18879]"
960.c4,960b2,960,"[0, -1, 0, -81, 81]"
960.c5,960b1,960,"[0, -1, 0, -61, 205]"
960.c6,960b4,960,"[0, -1, 0, 319, 321]"
960.d1,960j3,960,"[0, -1, 0, -1921, -31775]"
960.d2,960j4,960,"[0, -1, 0, -321, 1665]"
960.d3,960j2,960,"[0, -1, 0, -121, -455]"
960.d4,960j1,960,"[0, -1, 0, 4, -30]"
960.e1,960e7,960,"[0, -1, 0, -341345, -76646943]"
960.e2,960e8,960,"[0, -1, 0, -29025, -249375]"
960.e3,960e6,960,"[0, -1, 0, -21345, -1190943]"
960.e4,960e5,960,"[0, -1, 0, -18465, 971937]"
960.e5,960e4,960,"[0, -1, 0, -4385, -94815]"
960.e6,960e2,960,"[0, -1, 0, -1185, 14625]"
960.e7,960e3,960,"[0, -1, 0, -865, -31775]"
960.e8,960e1,960,"[0, -1, 0, 95, 1057]"
960.f1,960k3,960,"[0, -1, 0, -225, -1215]"
960.f2,960k2,960,"[0, -1, 0, -25, 25]"
960.f3,960k1,960,"[0, -1, 0, -20, 42]"
960.f4,960k4,960,"[0, -1, 0, 95, 97]"
960.g1,960c3,960,"[0, -1, 0, -865, -9503]"
960.g2,960c4,960,"[0, -1, 0, -545, 5025]"
960.g3,960c2,960,"[0, -1, 0, -65, -63]"
960.g4,960c1,960,"[0, -1, 0, 15, -15]"
960.h1,960d3,960,"[0, -1, 0, -1985, 19617]"
960.h2,960d2,960,"[0, -1, 0, -905, -9975]"
960.h3,960d1,960,"[0, -1, 0, -900, -10098]"
960.h4,960d4,960,"[0, -1, 0, 95, -31775]"
960.i1,960m4,960,"[0, 1, 0, -1921, 31775]"
960.i2,960m3,960,"[0, 1, 0, -321, -1665]"
960.i3,960m2,960,"[0, 1, 0, -121, 455]"
960.i4,960m1,960,"[0, 1, 0, 4, 30]"
960.j1,960l5,960,"[0, 1, 0, -12801, 553215]"
960.j2,960l3,960,"[0, 1, 0, -801, 8415]"
960.j3,960l6,960,"[0, 1, 0, -321, 18879]"
960.j4,960l2,960,"[0, 1, 0, -81, -81]"
960.j5,960l1,960,"[0, 1, 0, -61, -205]"
960.j6,960l4,960,"[0, 1, 0, 319, -321]"
960.k1,960f3,960,"[0, 1, 0, -641, -6465]"
960.k2,960f4,960,"[0, 1, 0, -161, 639]"
960.k3,960f2,960,"[0, 1, 0, -41, -105]"
960.k4,960f1,960,"[0, 1, 0, 4, -6]"
960.l1,960g7,960,"[0, 1, 0, -138241, -19829665]"
960.l2,960g5,960,"[0, 1, 0, -8641, -311905]"
960.l3,960g8,960,"[0, 1, 0, -7041, -429345]"
960.l4,960g4,960,"[0, 1, 0, -5121, 139359]"
960.l5,960g3,960,"[0, 1, 0, -641, -3105]"
960.l6,960g2,960,"[0, 1, 0, -321, 2079]"
960.l7,960g1,960,"[0, 1, 0, -1, 95]"
960.l8,960g6,960,"[0, 1, 0, 2239, -20961]"
960.m1,960h3,960,"[0, 1, 0, -1985, -19617]"
960.m2,960h2,960,"[0, 1, 0, -905, 9975]"
960.m3,960h1,960,"[0, 1, 0, -900, 10098]"
960.m4,960h4,960,"[0, 1, 0, 95, 31775]"
960.n1,960p4,960,"[0, 1, 0, -865, 9503]"
960.n2,960p3,960,"[0, 1, 0, -545, -5025]"
960.n3,960p2,960,"[0, 1, 0, -65, 63]"
960.n4,960p1,960,"[0, 1, 0, 15, 15]"
960.o1,960n3,960,"[0, 1, 0, -225, 1215]"
960.o2,960n2,960,"[0, 1, 0, -25, -25]"
960.o3,960n1,960,"[0, 1, 0, -20, -42]"
960.o4,960n4,960,"[0, 1, 0, 95, -97]"
960.p1,960o8,960,"[0, 1, 0, -341345, 76646943]"
960.p2,960o7,960,"[0, 1, 0, -29025, 249375]"
960.p3,960o6,960,"[0, 1, 0, -21345, 1190943]"
960.p4,960o4,960,"[0, 1, 0, -18465, -971937]"
960.p5,960o5,960,"[0, 1, 0, -4385, 94815]"
960.p6,960o2,960,"[0, 1, 0, -1185, -14625]"
960.p7,960o3,960,"[0, 1, 0, -865, 31775]"
960.p8,960o1,960,"[0, 1, 0, 95, -1057]"
962.a1,962a1,962,"[1, -1, 1, -9, -7]"
962.a2,962a2,962,"[1, -1, 1, 11, -47]"
964.a1,964a1,964,"[0, 1, 0, -20, -44]"
965.a1,965a1,965,"[1, -1, 0, -100, 411]"
965.a2,965a2,965,"[1, -1, 0, -95, 450]"
966.a1,966d2,966,"[1, 1, 0, -72, -90]"
966.a2,966d1,966,"[1, 1, 0, 18, 0]"
966.b1,966a2,966,"[1, 1, 0, -3346, 63700]"
966.b2,966a1,966,"[1, 1, 0, 334, 5556]"
966.c1,966c2,966,"[1, 1, 0, -250264, 48082240]"
966.c2,966c1,966,"[1, 1, 0, -14744, 836928]"
966.d1,966b1,966,"[1, 1, 0, -5131, -144323]"
966.e1,966e2,966,"[1, 0, 1, -361, 2564]"
966.e2,966e1,966,"[1, 0, 1, -1, 116]"
966.f1,966f4,966,"[1, 0, 1, -1516491, -715440266]"
966.f2,966f2,966,"[1, 0, 1, -111996, 13735450]"
966.f3,966f3,966,"[1, 0, 1, -41931, -23576714]"
966.f4,966f1,966,"[1, 0, 1, 4644, 858394]"
966.g1,966g5,966,"[1, 1, 1, -79134, -8601153]"
966.g2,966g4,966,"[1, 1, 1, -17714, 900047]"
966.g3,966g3,966,"[1, 1, 1, -5074, -128689]"
966.g4,966g2,966,"[1, 1, 1, -1154, 12431]"
966.g5,966g1,966,"[1, 1, 1, 126, 1167]"
966.g6,966g6,966,"[1, 1, 1, 6266, -609505]"
966.h1,966h1,966,"[1, 1, 1, -615, -6147]"
966.i1,966k2,966,"[1, 0, 0, -27, -249]"
966.i2,966k1,966,"[1, 0, 0, 3, 9]"
966.j1,966i3,966,"[1, 0, 0, -178849, -29127301]"
966.j2,966i4,966,"[1, 0, 0, -12789, -316305]"
966.j3,966i2,966,"[1, 0, 0, -11179, -455731]"
966.j4,966i1,966,"[1, 0, 0, -599, -9255]"
966.k1,966j1,966,"[1, 0, 0, 9096, 224832]"
968.a1,968e1,968,"[0, 0, 0, -484, -5324]"
968.b1,968d1,968,"[0, 0, 0, -11, 22]"
968.c1,968b1,968,"[0, 0, 0, -1331, -29282]"
968.d1,968a1,968,"[0, 1, 0, 15, -13]"
968.e1,968c1,968,"[0, 1, 0, 1775, 24451]"
969.a1,969a2,969,"[1, 0, 1, -105, -419]"
969.a2,969a1,969,"[1, 0, 1, -10, -1]"
970.a1,970a1,970,"[1, 0, 1, -21444, 1420226]"
970.b1,970b1,970,"[1, 0, 0, -5, -5]"
972.a1,972d2,972,"[0, 0, 0, 0, -972]"
972.a2,972d1,972,"[0, 0, 0, 0, 36]"
972.b1,972c2,972,"[0, 0, 0, 0, -243]"
972.b2,972c1,972,"[0, 0, 0, 0, 9]"
972.c1,972a1,972,"[0, 0, 0, 0, -12]"
972.c2,972a2,972,"[0, 0, 0, 0, 324]"
972.d1,972b1,972,"[0, 0, 0, 0, -3]"
972.d2,972b2,972,"[0, 0, 0, 0, 81]"
973.a1,973b3,973,"[0, 1, 1, -11373, -470630]"
973.a2,973b2,973,"[0, 1, 1, -253, 441]"
973.a3,973b1,973,"[0, 1, 1, -203, 1048]"
973.b1,973a1,973,"[0, 1, 1, -26, 43]"
974.a1,974b1,974,"[1, 1, 0, -9421, -355915]"
974.b1,974a1,974,"[1, -1, 0, -13, -27]"
974.c1,974c2,974,"[1, 1, 0, -32, -40]"
974.c2,974c1,974,"[1, 1, 0, 8, 0]"
974.d1,974d1,974,"[1, -1, 0, -178, 980]"
974.e1,974h1,974,"[1, -1, 1, 51, 117]"
974.f1,974g1,974,"[1, -1, 1, 3, -3]"
974.g1,974f1,974,"[1, 1, 1, -91, 297]"
974.h1,974e1,974,"[1, 1, 1, -5, 3]"
975.a1,975d1,975,"[0, -1, 1, -1658, -40282]"
975.b1,975b1,975,"[0, -1, 1, -8, -82]"
975.c1,975i1,975,"[0, 1, 1, -4758, 128144]"
975.d1,975e1,975,"[1, 1, 1, -1138, -15844]"
975.e1,975k1,975,"[1, 0, 0, 12, 117]"
975.f1,975g3,975,"[1, 0, 0, -1738, -28033]"
975.f2,975g4,975,"[1, 0, 0, -488, 3717]"
975.f3,975g2,975,"[1, 0, 0, -113, -408]"
975.f4,975g1,975,"[1, 0, 0, 12, -33]"
975.g1,975f1,975,"[0, -1, 1, -83, 3818]"
975.h1,975j1,975,"[0, 1, 1, -3, 29]"
975.i1,975a7,975,"[1, 1, 0, -3250000, -2256492875]"
975.i2,975a5,975,"[1, 1, 0, -203125, -35321000]"
975.i3,975a8,975,"[1, 1, 0, -198250, -37090625]"
975.i4,975a3,975,"[1, 1, 0, -13000, -528125]"
975.i5,975a2,975,"[1, 1, 0, -2875, 49000]"
975.i6,975a1,975,"[1, 1, 0, -2750, 54375]"
975.i7,975a4,975,"[1, 1, 0, 5250, 284625]"
975.i8,975a6,975,"[1, 1, 0, 15125, -2468750]"
975.j1,975c1,975,"[1, 1, 0, 300, 14625]"
975.k1,975h1,975,"[1, 0, 1, -46, -127]"
976.a1,976c1,976,"[0, 0, 0, 1, -6]"
976.b1,976b1,976,"[0, -1, 0, -32, -64]"
976.c1,976a1,976,"[0, -1, 0, 40, -16]"
978.a1,978d1,978,"[1, 1, 0, 458, -2060]"
978.b1,978c1,978,"[1, 1, 0, -2188119, -1243572651]"
978.c1,978a1,978,"[1, 1, 0, -37670, 2798484]"
978.d1,978b1,978,"[1, 1, 0, -9, -15]"
978.d2,978b2,978,"[1, 1, 0, 1, -33]"
978.e1,978e1,978,"[1, 0, 1, -5, 2]"
978.f1,978f1,978,"[1, 1, 1, -121, 455]"
978.g1,978g1,978,"[1, 0, 0, -132, 144]"
978.h1,978h1,978,"[1, 0, 0, -3, 9]"
978.h2,978h2,978,"[1, 0, 0, 27, -237]"
979.a1,979a1,979,"[0, -1, 1, 1, -2]"
979.b1,979b1,979,"[1, 1, 0, -14646, -688345]"
979.b2,979b2,979,"[1, 1, 0, -14041, -747030]"
980.a1,980b1,980,"[0, 0, 0, -343, -4802]"
980.b1,980i1,980,"[0, 0, 0, 1568, -72716]"
980.c1,980d2,980,"[0, -1, 0, -39461, 3030385]"
980.c2,980d1,980,"[0, -1, 0, -261, 8065]"
980.d1,980e1,980,"[0, -1, 0, 915, 2185]"
980.e1,980f1,980,"[0, -1, 0, -48820, -4138168]"
980.e2,980f2,980,"[0, -1, 0, 47220, -17660600]"
980.f1,980c1,980,"[0, 1, 0, 19, -1]"
980.g1,980a1,980,"[0, 1, 0, -996, 11780]"
980.g2,980a2,980,"[0, 1, 0, 964, 51764]"
980.h1,980g3,980,"[0, -1, 0, -2025, 35750]"
980.h2,980g4,980,"[0, -1, 0, -1780, 44472]"
980.h3,980g1,980,"[0, -1, 0, -65, -118]"
980.h4,980g2,980,"[0, -1, 0, 180, -1000]"
980.i1,980h1,980,"[0, 0, 0, -7, 14]"
981.a1,981b1,981,"[1, -1, 1, -74, 262]"
981.b1,981a1,981,"[1, -1, 0, 36, 81]"
982.a1,982a1,982,"[1, 0, 1, -22, 40]"
984.a1,984c1,984,"[0, -1, 0, -369, 4293]"
984.b1,984a1,984,"[0, -1, 0, 184, 1644]"
984.c1,984b1,984,"[0, -1, 0, -577, -5147]"
984.d1,984d1,984,"[0, 1, 0, 7, 27]"
985.a1,985b1,985,"[0, 1, 1, -20, 24]"
985.b1,985a1,985,"[1, -1, 0, -89, -302]"
986.a1,986a2,986,"[1, 0, 1, -586, -5508]"
986.a2,986a1,986,"[1, 0, 1, 9, -34]"
986.b1,986b1,986,"[1, 1, 0, -10407, -413003]"
986.c1,986c1,986,"[1, 1, 0, -276, 1616]"
986.c2,986c2,986,"[1, 1, 0, 44, 5520]"
986.d1,986e1,986,"[1, 0, 0, 3467, -83679]"
986.e1,986f1,986,"[1, -1, 1, -1, 17]"
986.f1,986d1,986,"[1, 0, 0, 8, 16]"
987.a1,987b3,987,"[1, 1, 1, -382, 2588]"
987.a2,987b2,987,"[1, 1, 1, -67, -184]"
987.a3,987b1,987,"[1, 1, 1, -62, -214]"
987.a4,987b4,987,"[1, 1, 1, 168, -936]"
987.b1,987e2,987,"[1, 0, 0, -6909, 79524]"
987.b2,987e1,987,"[1, 0, 0, 1596, 9783]"
987.c1,987a2,987,"[1, 1, 0, -28, -35]"
987.c2,987a1,987,"[1, 1, 0, 7, 0]"
987.d1,987c1,987,"[0, -1, 1, -208, 1227]"
987.e1,987d1,987,"[0, 1, 1, -2066, 100013]"
988.a1,988d2,988,"[0, 1, 0, -1918, -32979]"
988.a2,988d1,988,"[0, 1, 0, -18, -71]"
988.b1,988c1,988,"[0, 0, 0, 16, 36]"
988.c1,988b1,988,"[0, 0, 0, -362249, 165197113]"
988.d1,988a1,988,"[0, -1, 0, 114, -247]"
989.a1,989a1,989,"[1, -1, 0, -241, 1502]"
990.a1,990a1,990,"[1, -1, 0, -15, 25]"
990.a2,990a2,990,"[1, -1, 0, 15, 91]"
990.b1,990c5,990,"[1, -1, 0, -1539765, 735795481]"
990.b2,990c3,990,"[1, -1, 0, -106425, -13307459]"
990.b3,990c4,990,"[1, -1, 0, -96345, 11487325]"
990.b4,990c6,990,"[1, -1, 0, -46845, 23238625]"
990.b5,990c2,990,"[1, -1, 0, -9225, -29939]"
990.b6,990c1,990,"[1, -1, 0, 2295, -4595]"
990.c1,990e5,990,"[1, -1, 0, -34965, 2525175]"
990.c2,990e3,990,"[1, -1, 0, -10575, -415935]"
990.c3,990e4,990,"[1, -1, 0, -2295, 35721]"
990.c4,990e2,990,"[1, -1, 0, -675, -6075]"
990.c5,990e1,990,"[1, -1, 0, 45, -459]"
990.c6,990e6,990,"[1, -1, 0, 4455, 201771]"
990.d1,990d2,990,"[1, -1, 0, -53460, 4771030]"
990.d2,990d1,990,"[1, -1, 0, 90, 1300]"
990.e1,990b3,990,"[1, -1, 0, -14109, 140165]"
990.e2,990b1,990,"[1, -1, 0, -10734, 430740]"
990.e3,990b2,990,"[1, -1, 0, -10614, 440748]"
990.e4,990b4,990,"[1, -1, 0, 55011, 1066373]"
990.f1,990f1,990,"[1, -1, 0, -9, -27]"
990.f2,990f2,990,"[1, -1, 0, 81, 675]"
990.g1,990g3,990,"[1, -1, 0, -16496154, 25790683828]"
990.g2,990g2,990,"[1, -1, 0, -1099674, 346460980]"
990.g3,990g1,990,"[1, -1, 0, -362394, -79244492]"
990.g4,990g4,990,"[1, -1, 0, 2500326, 2138540980]"
990.h1,990j3,990,"[1, -1, 1, -14423, -663069]"
990.h2,990j2,990,"[1, -1, 1, -923, -9669]"
990.h3,990j1,990,"[1, -1, 1, -203, 987]"
990.h4,990j4,990,"[1, -1, 1, 1057, -46893]"
990.i1,990h1,990,"[1, -1, 1, -96608, -11533373]"
990.i2,990h2,990,"[1, -1, 1, -95528, -11804669]"
990.i3,990h3,990,"[1, -1, 1, -1568, -4669]"
990.i4,990h4,990,"[1, -1, 1, 6112, -41533]"
990.j1,990k3,990,"[1, -1, 1, -37472, -2125731]"
990.j2,990k2,990,"[1, -1, 1, -12722, 527469]"
990.j3,990k1,990,"[1, -1, 1, -12542, 543741]"
990.j4,990k4,990,"[1, -1, 1, 9148, 2137101]"
990.k1,990i1,990,"[1, -1, 1, -137, -539]"
990.k2,990i2,990,"[1, -1, 1, 133, -2591]"
990.l1,990l1,990,"[1, -1, 1, -797, -8539]"
990.l2,990l2,990,"[1, -1, 1, 2668, -45961]"
994.a1,994b2,994,"[1, 0, 1, -1165, -7044]"
994.a2,994b1,994,"[1, 0, 1, 255, -796]"
994.b1,994a1,994,"[1, 0, 1, -1, 4]"
994.c1,994d2,994,"[1, 0, 1, -1611, -39690]"
994.c2,994d1,994,"[1, 0, 1, 164, 922]"
994.d1,994c2,994,"[1, 1, 0, -6051, -183715]"
994.d2,994c1,994,"[1, 1, 0, -371, -3091]"
994.e1,994g4,994,"[1, 0, 0, -52238, -4587140]"
994.e2,994g3,994,"[1, 0, 0, -52198, -4594524]"
994.e3,994g2,994,"[1, 0, 0, -3238, 65508]"
994.e4,994g1,994,"[1, 0, 0, -678, -5660]"
994.f1,994e2,994,"[1, 0, 0, -21, -17]"
994.f2,994e1,994,"[1, 0, 0, -11, 13]"
994.g1,994f3,994,"[1, -1, 1, -1516, 23091]"
994.g2,994f2,994,"[1, -1, 1, -96, 371]"
994.g3,994f1,994,"[1, -1, 1, -16, -13]"
994.g4,994f4,994,"[1, -1, 1, 44, 1267]"
995.a1,995b1,995,"[0, 1, 1, -15, 19]"
995.a2,995b2,995,"[0, 1, 1, 85, 64]"
995.b1,995a2,995,"[1, 0, 1, -23, 33]"
995.b2,995a1,995,"[1, 0, 1, 2, 3]"
996.a1,996a2,996,"[0, -1, 0, -116, -312]"
996.a2,996a1,996,"[0, -1, 0, 19, -42]"
996.b1,996c1,996,"[0, 1, 0, -12, 36]"
996.b2,996c2,996,"[0, 1, 0, 108, -876]"
996.c1,996b1,996,"[0, 1, 0, 164, -8764]"
997.a1,997c1,997,"[0, -1, 1, -24, 54]"
997.b1,997a1,997,"[0, -1, 1, -18, 36]"
997.c1,997b1,997,"[0, -1, 1, -5, -3]"
999.a1,999b1,999,"[1, -1, 1, -8, 10]"
999.b1,999a1,999,"[1, -1, 0, -69, -208]"
