label,level,dim,sealed,a2,a3,a5,a7,a11,a13,a17,a19,a23,a29,a31,a37,a41,a43,a47,a53,a59,a61,a67,a71,a73,a79,a83,a89,a97
11.2.a.a,11,1,0,-2,-1,1,-2,1,4,-2,0,-1,0,7,3,-8,-6,8,-6,5,12,-7,-3,4,-10,-6,15,-7
14.2.a.a,14,1,0,-1,-2,0,1,0,-4,6,2,0,-6,-4,2,6,8,-12,6,-6,8,-4,0,2,8,-6,-6,-10
15.2.a.a,15,1,0,-1,-1,1,0,-4,-2,2,4,0,-2,0,-10,10,4,8,-10,-4,-2,12,-8,10,0,12,-6,2
17.2.a.a,17,1,0,-1,0,-2,4,0,-2,1,-4,4,6,4,-2,-6,4,0,6,-12,-10,4,-4,-6,12,-4,10,2
19.2.a.a,19,1,0,0,-2,3,-1,3,-4,-3,1,0,6,-4,2,-6,-1,-3,12,-6,-1,-4,6,-7,8,12,12,8
20.2.a.a,20,1,0,0,-2,-1,2,0,2,-6,-4,6,6,-4,2,6,-10,-6,-6,12,2,2,-12,2,8,6,-6,2
21.2.a.a,21,1,0,-1,1,-2,-1,4,-2,-6,4,0,-2,0,6,2,-4,0,6,12,-2,4,0,-6,-16,-12,-14,18
23.2.a.a,23,2,0,-1,0,-2,2,-6,6,6,-4,2,-6,0,2,2,0,0,-8,4,4,-10,20,22,-4,-22,-12,22
24.2.a.a,24,1,0,0,-1,-2,0,4,-2,2,-4,-8,6,8,6,-6,4,0,-2,4,-2,-4,8,10,-8,-4,-6,2
26.2.a.a,26,1,0,-1,1,-3,-1,6,1,-3,2,0,6,-4,-7,0,-1,3,0,-6,8,14,-3,2,8,12,-6,-10
26.2.a.b,26,1,0,1,-3,-1,1,-2,-1,-3,6,-4,2,4,3,0,-5,13,12,-10,-8,-2,-5,-10,-4,0,6,14
27.2.a.a,27,1,0,0,0,0,-1,0,5,0,-7,0,0,-4,11,0,8,0,0,0,-1,5,0,-7,17,0,0,-19
29.2.a.a,29,2,0,-2,2,-2,0,2,-2,-4,12,-4,2,6,-8,8,10,2,2,4,-4,0,-12,8,-2,4,-8,-8
30.2.a.a,30,1,0,-1,1,-1,-4,0,2,6,-4,0,-6,8,2,-6,-4,0,-6,0,-10,-4,0,2,8,12,18,2
31.2.a.a,31,2,0,1,-2,2,-4,4,-2,6,0,-2,10,2,-4,14,-2,-4,-12,0,-6,16,4,8,-10,-12,10,-14
32.2.a.a,32,1,0,0,0,-2,0,0,6,2,0,0,-10,0,-2,10,0,0,14,0,-10,0,0,-6,0,0,10,18
33.2.a.a,33,1,0,1,-1,-2,4,1,-2,-2,0,8,-6,-8,6,-2,0,8,6,-4,6,-4,0,-14,-4,12,-6,2
34.2.a.a,34,1,0,1,-2,0,-4,6,2,-1,-4,0,0,-4,-4,6,8,0,-6,0,-4,8,0,2,8,0,-6,14
35.2.a.a,35,1,0,0,1,-1,1,-3,5,3,2,-6,3,-4,2,-12,-10,9,12,0,8,-4,0,2,-1,12,-12,-1
35.2.a.b,35,2,0,-1,-1,2,-2,1,5,-5,-6,-2,1,0,12,2,10,-5,-2,-8,6,4,16,-8,-9,8,6,-9
36.2.a.a,36,1,0,0,0,0,-4,0,2,0,8,0,0,-4,-10,0,8,0,0,0,14,-16,0,-10,-4,0,0,14
37.2.a.a,37,1,0,-2,-3,-2,-1,-5,-2,0,0,2,6,-4,-1,-9,2,-9,1,8,-8,8,9,-1,4,-15,4,4
37.2.a.b,37,1,0,0,1,0,-1,3,-4,6,2,6,-6,-4,1,-9,8,3,-3,12,8,-4,-15,11,-10,9,6,8
38.2.a.a,38,1,0,-1,1,0,-1,-6,5,3,1,3,9,-4,2,0,8,0,-3,9,-10,5,-6,-7,-10,-6,-12,-10
38.2.a.b,38,1,0,1,-1,-4,3,2,-1,3,-1,-1,-5,-8,-2,-8,4,8,-1,15,2,3,2,9,-10,-6,0,-2
39.2.a.a,39,1,0,1,-1,2,-4,4,1,2,0,0,-10,4,-2,6,-12,0,6,12,-2,-8,0,2,8,4,-2,10
39.2.a.b,39,2,0,-2,2,0,0,-4,-2,4,0,-8,4,-8,-4,16,8,-12,-4,4,4,8,4,12,0,-4,24,-4
40.2.a.a,40,1,0,0,0,1,-4,4,-2,2,4,4,-2,-8,6,-6,-8,4,6,-4,-2,8,0,-6,0,-16,-6,-14
41.2.a.a,41,3,0,-1,0,-2,6,2,-2,-6,4,4,-6,16,-6,3,-4,0,6,-8,2,-2,20,-2,32,0,-6,6
42.2.a.a,42,1,0,1,-1,-2,-1,-4,6,2,-4,8,-2,0,-10,-6,-4,0,6,4,6,4,8,10,0,-4,-6,-14
43.2.a.a,43,1,0,-2,-2,-4,0,3,-5,-3,-2,-1,-6,-1,0,5,-1,4,-5,-12,2,-3,2,2,-8,15,-4,7
43.2.a.b,43,2,0,0,0,4,-4,-2,2,10,-4,2,0,-6,0,-2,2,12,22,-4,8,2,-12,-24,4,18,-12,-2
44.2.a.a,44,1,0,0,1,-3,2,-1,-4,6,8,-3,0,5,-1,0,-10,0,-6,3,-4,-1,15,-4,2,6,-9,-7
45.2.a.a,45,1,0,1,0,-1,0,4,-2,-2,4,0,2,0,-10,-10,4,-8,10,4,-2,12,8,10,0,-12,6,2
46.2.a.a,46,1,0,-1,0,4,-4,2,-2,-2,-2,1,2,0,-4,6,10,0,-4,12,-8,-10,0,6,-12,14,-6,6
47.2.a.a,47,4,0,1,0,-2,4,-6,8,6,0,-6,-10,-8,10,6,2,4,-6,4,-6,10,-12,22,20,20,-6,30
48.2.a.a,48,1,0,0,1,-2,0,-4,-2,2,4,8,6,-8,6,-6,-4,0,-2,-4,-2,4,-8,10,8,4,-6,2
49.2.a.a,49,1,0,1,0,0,0,4,0,0,0,8,2,0,-6,0,-12,0,-10,0,0,4,16,0,8,0,0,0
50.2.a.a,50,1,0,-1,1,0,2,-3,-4,-3,5,6,0,2,2,-3,-4,12,6,0,2,-13,12,11,-10,-9,15,2
50.2.a.b,50,1,0,1,-1,0,-2,-3,4,3,5,-6,0,2,-2,-3,4,-12,-6,0,2,13,12,-11,-10,9,15,-2
51.2.a.a,51,1,0,0,1,3,-4,-3,-1,-1,-1,9,6,2,-4,-3,-7,-6,-6,6,8,-4,12,2,-10,-6,0,-16
51.2.a.b,51,2,0,-1,-2,3,0,-1,5,2,3,-9,0,-2,-2,-3,-3,-14,8,6,10,8,4,-8,6,-10,6,-14
52.2.a.a,52,1,0,0,0,2,-2,-2,-1,6,-6,8,2,10,-6,-6,4,-2,6,-10,-2,10,10,2,-4,-6,-6,2
53.2.a.a,53,1,0,-1,-3,0,-4,0,-3,-3,-5,7,-7,4,5,6,-2,-2,-1,-2,-8,-12,1,-4,-1,-1,-14,1
53.2.a.b,53,3,0,-1,3,-2,4,-4,3,-5,11,3,-5,-2,-5,-10,18,-10,3,2,-10,6,-5,6,-7,27,-2,-1
54.2.a.a,54,1,0,-1,0,3,-1,-3,-4,0,2,-6,6,5,2,-6,-10,6,9,12,8,14,0,-7,8,-3,-18,-1
54.2.a.b,54,1,0,1,0,-3,-1,3,-4,0,2,6,-6,5,2,6,-10,-6,-9,-12,8,14,0,-7,8,3,18,-1
55.2.a.a,55,1,0,1,0,1,0,-1,2,6,-4,4,6,-8,-2,2,4,-12,-2,4,-10,-16,8,14,8,-4,10,10
55.2.a.b,55,2,0,2,0,-2,-4,2,-8,8,0,0,4,0,-4,12,-12,0,12,-8,4,8,0,-8,8,-12,-4,-4
56.2.a.a,56,1,0,0,0,2,-1,-4,2,-6,8,0,6,8,-2,2,-4,-8,6,0,-6,-4,-8,10,16,8,-6,-6
56.2.a.b,56,1,0,0,2,-4,1,0,0,-2,-2,8,2,4,-6,-2,8,-4,-10,6,4,-12,0,-14,-8,6,10,-2
57.2.a.a,57,1,0,-2,-1,-3,-5,1,2,-1,-1,-4,-2,-6,0,0,-1,-9,10,-8,-1,8,-12,-11,16,12,-6,-10
57.2.a.b,57,1,0,-2,1,1,3,-3,-6,3,-1,4,-10,2,8,-8,-1,3,-6,0,7,8,12,-11,0,4,10,-2
57.2.a.c,57,1,0,1,1,-2,0,0,6,-6,-1,4,2,8,-10,-2,-4,12,-6,-12,-2,-4,0,10,0,16,-2,10
58.2.a.a,58,1,0,-1,-3,-3,-2,-1,3,-4,-8,0,-1,3,-8,-2,7,11,1,-4,4,-4,-2,-12,-7,0,-6,-6
58.2.a.b,58,1,0,1,-1,1,-2,-3,-1,8,0,4,-1,-3,8,2,-11,13,-11,0,-8,-12,2,4,15,4,-10,-2
59.2.a.a,59,5,0,0,-2,2,2,-2,8,-1,6,-8,14,0,18,-10,-4,-20,-10,5,22,0,3,-8,10,6,10,-22
61.2.a.a,61,1,0,-1,-2,-3,1,-5,1,4,-4,-9,-6,0,8,5,-8,4,6,9,-1,-7,-8,-11,3,4,-4,-14
61.2.a.b,61,3,0,1,2,-1,-3,13,-9,-2,0,5,4,-2,-6,3,-14,-4,-2,29,3,9,14,-1,13,-8,-4,10
62.2.a.a,62,1,0,1,0,-2,0,0,2,-6,4,8,2,-1,10,-6,8,-8,-6,-12,-6,-12,8,10,-8,8,-6,2
62.2.a.b,62,2,0,-2,2,0,4,-6,-2,0,-8,0,-6,2,10,12,-2,12,6,-12,-2,16,0,-20,4,6,12,4
63.2.a.a,63,1,0,1,0,2,-1,-4,-2,6,4,0,2,0,6,-2,-4,0,-6,-12,-2,4,0,-6,-16,12,14,18
63.2.a.b,63,2,0,0,0,0,2,0,4,0,-8,0,0,-8,4,0,-8,0,0,0,-20,-8,0,28,16,0,0,28
64.2.a.a,64,1,0,0,0,2,0,0,-6,2,0,0,10,0,2,10,0,0,-14,0,10,0,0,-6,0,0,10,18
65.2.a.a,65,1,0,-1,-2,-1,-4,2,-1,2,-6,-6,2,-10,-2,-6,10,4,2,6,2,-4,6,-6,-12,-16,2,-2
65.2.a.b,65,2,0,-2,0,2,4,4,-2,-4,4,0,0,12,0,-12,-8,-4,-12,12,-16,-4,4,0,0,-12,12,-4
65.2.a.c,65,2,0,0,2,-2,4,-6,2,0,-2,6,-12,10,-8,0,10,12,0,-6,4,-8,6,-8,4,-12,-12,4
66.2.a.a,66,1,0,-1,1,0,2,-1,-4,-6,-4,6,6,8,-10,6,8,-6,0,0,8,-4,6,2,14,-12,-6,14
66.2.a.b,66,1,0,1,-1,2,-4,-1,-6,2,4,4,6,0,6,-6,4,-12,2,12,-14,4,-12,-6,-4,4,10,-14
66.2.a.c,66,1,0,1,1,-4,-2,1,4,-2,0,-6,10,-8,-2,2,4,-2,4,0,-8,-12,2,-6,10,4,10,-2
67.2.a.a,67,1,0,2,-2,2,-2,-4,2,3,7,9,-5,-10,-1,0,-2,-1,10,9,-2,1,0,-7,-8,4,7,0
67.2.a.b,67,2,0,-3,-3,-6,-1,0,-7,-6,1,6,-6,-2,-1,-3,3,-15,-18,12,-7,-2,12,-8,-7,-15,0,2
67.2.a.c,67,2,0,-1,1,4,1,2,-1,6,-11,-2,10,0,3,5,-9,-7,0,-12,-9,2,0,16,-11,13,-16,0
68.2.a.a,68,2,0,0,2,0,-2,-6,4,-2,4,-6,0,-2,16,-12,4,0,12,12,-8,16,-6,4,-14,-12,12,4
69.2.a.a,69,1,0,1,1,0,-2,4,-6,4,2,-1,2,4,2,2,10,0,-12,-12,-6,-10,8,-14,10,12,-16,-10
69.2.a.b,69,2,0,0,-2,-2,2,8,0,-10,10,2,0,-4,0,-4,2,-8,-6,8,0,6,-16,-4,6,8,2,8
70.2.a.a,70,1,0,1,0,-1,-1,4,-6,2,0,0,6,8,-10,2,4,8,-2,-8,-14,-12,-16,2,-8,8,10,2
71.2.a.a,71,3,0,-1,1,5,2,0,-6,-2,1,-12,11,12,-15,-2,13,4,-18,-4,16,-12,3,27,-3,-19,1,22
71.2.a.b,71,3,0,0,-1,-3,2,-2,12,2,11,8,-5,-6,9,14,-17,-10,0,-22,8,-12,3,3,7,23,13,4
72.2.a.a,72,1,0,0,0,2,0,-4,-2,-2,-4,8,-6,8,6,6,4,0,2,-4,-2,-4,-8,10,-8,4,6,2
73.2.a.a,73,1,0,1,0,2,2,-2,-6,2,8,4,2,-2,-6,6,-2,6,10,-6,-14,8,0,1,-4,-14,-6,-10
73.2.a.b,73,2,0,-3,-3,-3,-6,-3,1,0,2,-15,6,2,-4,0,-2,-6,6,-12,7,16,-21,-2,-19,-3,12,-9
73.2.a.c,73,2,0,1,1,-1,-2,7,-1,-4,-14,13,2,6,8,-12,6,18,-2,0,-9,4,3,2,1,7,12,-5
74.2.a.a,74,2,0,-2,3,-1,2,-1,-1,-12,4,-3,3,3,2,9,-6,2,-12,14,-3,11,12,-21,-7,20,-4,-4
74.2.a.b,74,2,0,2,-1,1,-2,-5,1,0,0,-1,-3,17,-2,17,-6,2,-8,-14,19,-9,-12,3,3,-20,-12,8
75.2.a.a,75,1,0,-2,1,0,3,2,-1,-2,-5,-6,10,-3,-2,-8,-1,-2,4,-10,7,3,-8,14,0,-6,0,-17
75.2.a.b,75,1,0,1,1,0,0,-4,2,-2,4,0,-2,0,10,10,-4,-8,10,-4,-2,-12,-8,-10,0,-12,-6,-2
75.2.a.c,75,1,0,2,-1,0,-3,2,1,2,-5,6,10,-3,2,-8,1,2,-4,-10,7,-3,-8,-14,0,6,0,17
76.2.a.a,76,1,0,0,2,-1,-3,5,-4,-3,-1,8,-2,4,10,10,1,-1,-4,6,-13,-12,2,9,8,-12,12,-8
77.2.a.a,77,1,0,0,-3,-1,-1,-1,-4,2,-6,-5,10,1,-5,-2,-8,8,-6,3,-2,-3,1,10,6,12,-15,-5
77.2.a.b,77,1,0,0,1,3,1,-1,-4,-6,2,3,-6,5,11,6,8,0,-6,-9,-10,5,9,2,-10,12,-3,-1
77.2.a.c,77,1,0,1,2,-2,-1,1,4,4,0,-4,-6,10,-6,4,12,-10,-6,2,0,8,-12,-8,8,0,-6,-10
77.2.a.d,77,2,0,0,2,-4,2,-2,2,-2,4,-4,8,-10,-8,-18,16,10,8,2,-10,20,-12,-6,0,4,4,8
78.2.a.a,78,1,0,-1,-1,2,4,-4,1,2,-8,0,6,-4,-2,-10,4,8,-10,4,-2,-16,-8,2,8,12,14,10
79.2.a.a,79,1,0,-1,-1,-3,-1,-2,3,-6,4,2,-6,-10,-2,-10,4,7,8,-3,-4,8,15,2,-1,-6,-7,-19
79.2.a.b,79,5,0,0,1,7,-5,2,-3,10,-4,2,6,2,0,30,-14,5,2,5,-6,-16,3,-12,5,-30,47,-1
80.2.a.a,80,1,0,0,0,1,4,-4,-2,2,-4,-4,-2,8,6,-6,8,-4,6,4,-2,-8,0,-6,0,16,-6,-14
80.2.a.b,80,1,0,0,2,-1,-2,0,2,-6,4,-6,6,4,2,6,10,6,-6,-12,2,-2,12,2,-8,-6,-6,2
81.2.a.a,81,2,0,0,0,0,4,0,-2,0,4,0,0,16,-14,0,4,0,0,0,-14,-20,0,-14,4,0,0,4
82.2.a.a,82,1,0,-1,-2,-2,-4,-2,4,-2,6,-8,0,-8,2,-1,-12,4,-4,8,-14,-2,8,10,4,12,-14,6
82.2.a.b,82,2,0,2,0,0,-4,0,0,4,-8,8,8,-8,0,-2,8,-4,24,-8,12,-8,-4,-16,-12,24,-12,-4
83.2.a.a,83,1,0,-1,-1,-2,-3,3,-6,5,2,-4,-7,5,-11,-2,-8,0,6,5,5,-2,2,0,14,-1,0,-8
83.2.a.b,83,6,0,1,1,2,3,-3,14,-5,-4,-5,-1,3,39,-1,-8,-12,14,-17,-5,16,-26,-6,-12,6,-22,6
84.2.a.a,84,1,0,0,-1,4,-1,2,-6,-4,-4,2,-2,0,2,0,-4,12,-6,-8,6,-8,14,-2,12,-4,0,-2
84.2.a.b,84,1,0,0,1,0,1,-6,2,0,-4,-6,6,8,2,12,-4,12,-6,0,-10,8,6,-10,-4,-12,12,-10
85.2.a.a,85,1,0,1,2,-1,-2,2,2,1,0,6,-6,-10,2,10,4,12,-10,8,-14,8,-2,-14,-14,4,6,2
85.2.a.b,85,2,0,-2,-4,-2,-4,-8,0,-2,0,-4,-4,0,-4,4,4,-4,12,-24,4,-12,0,-4,8,-4,-16,-4
85.2.a.c,85,2,0,0,2,2,-2,6,-8,-2,4,-6,0,10,-8,0,-8,12,12,12,4,-20,6,-8,-2,24,-12,4
86.2.a.a,86,2,0,-2,-1,3,4,0,4,-9,1,-9,3,1,1,3,2,-9,6,12,4,-20,0,28,-5,-6,6,-11
86.2.a.b,86,2,0,2,1,-3,0,-4,0,-1,11,3,-7,13,-5,-5,-2,3,-10,16,4,4,-16,4,-1,-10,2,-11
87.2.a.a,87,2,0,1,2,2,-4,4,-2,6,-10,-2,-2,-6,6,4,8,-4,18,0,-6,-4,-6,18,-30,-12,10,6
87.2.a.b,87,3,0,2,-3,0,4,-8,4,4,-2,6,3,6,8,-2,-4,-12,8,-20,4,0,-14,-8,-2,-8,-8,4
88.2.a.a,88,1,0,0,-3,-3,-2,-1,0,-6,4,1,-8,-7,-1,4,6,-8,2,-1,4,-5,3,16,2,-2,15,-7
88.2.a.b,88,2,0,0,1,3,-2,-2,-2,4,-8,9,-2,-7,-11,6,-6,16,8,-5,-6,15,-5,2,-14,10,-7,27
89.2.a.a,89,1,0,-1,-1,-1,-4,-2,2,3,-5,7,0,-9,-2,0,-7,-12,-3,4,6,12,-10,7,-6,12,-1,9
89.2.a.b,89,1,0,1,2,-2,2,-4,2,6,-2,2,-6,6,10,-6,2,12,-6,-10,-6,12,4,10,-12,-6,1,-18
89.2.a.c,89,5,0,-1,-3,-1,8,6,0,-13,13,1,2,19,-14,-2,1,-4,-11,0,4,4,-2,-25,54,-20,5,13
90.2.a.a,90,1,0,-1,0,1,2,6,-4,-6,-4,0,-6,-4,8,0,8,0,-6,6,2,-4,-12,-10,-4,12,12,2
90.2.a.b,90,1,0,1,0,-1,2,-6,-4,6,-4,0,6,-4,8,0,8,0,6,-6,2,-4,12,-10,-4,-12,-12,2
90.2.a.c,90,1,0,1,0,1,-4,0,2,-6,-4,0,6,8,2,6,-4,0,6,0,-10,-4,0,2,8,-12,-18,2
91.2.a.a,91,1,0,-2,0,-3,-1,-6,-1,4,5,3,-5,-3,-4,-6,-1,7,-9,8,-10,-6,-8,-13,3,15,3,7
91.2.a.b,91,1,0,0,-2,-3,1,0,1,-6,-7,3,-9,5,2,-6,-1,3,-9,0,-10,14,-6,11,-1,3,15,-1
91.2.a.c,91,2,0,0,0,6,2,0,-2,0,-6,-6,6,-2,-4,12,-10,6,-6,12,12,-12,-12,-10,14,18,6,-2
91.2.a.d,91,3,0,1,-2,2,-3,2,3,4,-4,10,24,-4,0,2,10,-8,8,-4,-6,-12,-6,-10,-14,-12,2,-10
92.2.a.a,92,1,0,0,-3,-2,-4,2,-5,4,-2,1,-7,-3,2,-9,-8,9,2,0,-2,14,-3,-3,-6,8,12,0
92.2.a.b,92,1,0,0,1,0,2,0,-1,-6,2,-1,-3,5,8,3,8,9,6,-12,14,8,-15,-7,-10,6,0,-10
93.2.a.a,93,2,0,-3,-2,-4,-4,-6,-2,-4,-8,2,2,-2,2,0,-6,4,0,-6,16,-24,18,2,8,-24,-4,18
93.2.a.b,93,3,0,0,3,-2,4,-2,4,-2,4,-6,-8,-3,0,-10,14,12,-10,26,-2,12,-10,-12,8,20,-18,4
94.2.a.a,94,1,0,1,0,0,0,2,-4,-2,-2,4,4,4,2,6,6,-1,2,12,2,2,8,-14,-16,-16,-10,-14
94.2.a.b,94,2,0,-2,0,4,-4,8,-4,0,-8,0,12,0,4,-12,-8,2,4,-8,-4,-8,12,12,0,0,0,12
95.2.a.a,95,3,0,1,2,3,0,-8,8,2,-3,-4,-10,4,20,-2,-4,0,16,-20,-2,2,-4,2,0,-32,2,20
95.2.a.b,95,4,0,-2,2,-4,4,4,2,4,4,-8,4,4,-6,16,4,-12,-10,0,20,-18,-20,28,-16,0,4,30
96.2.a.a,96,1,0,0,-1,2,4,-4,-2,-6,4,0,2,-4,-2,2,-4,-8,10,4,6,-4,16,-6,-4,-12,10,-14
96.2.a.b,96,1,0,0,1,2,-4,4,-2,-6,-4,0,2,4,-2,2,4,8,10,-4,6,4,-16,-6,4,12,10,-14
97.2.a.a,97,3,0,-4,-4,-3,-7,-7,-2,-3,5,-12,1,-8,-2,3,1,-17,2,19,3,-1,-23,-1,-12,2,12,-3
97.2.a.b,97,4,0,3,0,1,3,5,-6,3,-3,22,7,-4,-6,3,9,19,-4,1,-7,-11,11,-19,-16,14,-26,4
98.2.a.a,98,1,0,-1,2,0,0,0,4,-6,-2,0,-6,4,2,-6,8,12,6,6,-8,-4,0,-2,8,6,6,10
98.2.a.b,98,2,0,2,0,0,0,-4,0,0,0,-8,4,0,20,0,4,0,-4,0,0,24,-24,0,-8,0,0,0
99.2.a.a,99,1,0,-1,0,-4,-2,-1,-2,2,-6,4,-6,4,-6,-10,6,-8,0,4,-6,8,0,-2,-10,12,0,2
99.2.a.b,99,1,0,-1,0,2,4,-1,-2,2,0,-8,6,-8,6,2,0,-8,-6,4,6,-4,0,-14,-4,-12,6,2
99.2.a.c,99,1,0,1,0,4,-2,1,-2,-2,-6,-4,6,4,-6,10,6,8,0,-4,-6,8,0,-2,-10,-12,0,2
99.2.a.d,99,1,0,2,0,-1,-2,-1,4,2,0,1,0,7,3,8,-6,-8,6,-5,12,-7,3,4,-10,6,-15,-7
100.2.a.a,100,1,0,0,2,0,-2,0,-2,6,-4,-6,6,-4,-2,6,10,6,6,12,2,-2,-12,-2,8,-6,-6,-2
101.2.a.a,101,1,0,0,-2,-1,-2,-2,1,3,-5,1,-4,-9,-2,8,-8,7,-2,-14,4,2,13,8,-9,-4,14,2
101.2.a.b,101,7,0,0,4,-3,2,8,-1,-7,19,-7,-2,7,0,-2,32,-13,-8,16,-6,34,9,-2,15,-22,-22,-28
102.2.a.a,102,1,0,-1,-1,-4,-2,0,-6,-1,4,6,-4,-6,-4,-10,-4,4,-2,12,-4,-12,-6,2,10,-12,-2,6
102.2.a.b,102,1,0,-1,1,0,2,0,2,-1,-4,-6,0,-10,8,6,-4,12,6,-12,8,-4,6,2,-10,12,-18,14
102.2.a.c,102,1,0,1,1,-2,0,-4,-2,1,4,0,-10,8,-2,10,12,0,6,12,-10,-12,0,10,-8,4,-6,-14
103.2.a.a,103,2,0,-3,-2,-3,-2,-3,-3,-9,5,0,-6,0,0,0,-4,-3,-9,15,15,2,3,-15,7,3,-18,10
103.2.a.b,103,6,0,4,0,3,-2,-1,-1,21,-7,12,12,-16,0,14,-6,1,19,3,1,-12,-27,-7,-21,-9,-14,-8
104.2.a.a,104,1,0,0,1,-1,5,-2,-1,-3,-2,4,-6,-4,11,8,-1,9,-12,6,0,6,7,-2,12,-16,-10,-10
104.2.a.b,104,2,0,0,1,3,-1,-2,2,-1,2,-16,-4,8,7,2,15,-13,-2,2,14,-2,-3,-12,16,-12,20,0
105.2.a.a,105,1,0,1,1,1,1,0,-6,2,-8,8,-2,4,-2,-6,4,8,10,4,-2,4,-12,-2,8,-4,-6,-18
105.2.a.b,105,2,0,0,-2,-2,2,4,0,-4,4,8,-4,12,4,-4,0,8,-16,0,-4,-8,20,-16,8,-16,-4,8
106.2.a.a,106,1,0,-1,-1,-4,0,-4,1,5,-7,1,5,-4,1,-10,-10,-6,-1,-6,4,4,15,-8,1,-3,2,17
106.2.a.b,106,1,0,-1,2,1,-2,5,-4,3,-4,-3,-6,7,-6,2,7,4,1,7,2,16,12,-12,-7,-14,17,3
106.2.a.c,106,1,0,1,-2,3,2,-3,-4,3,-4,-9,6,5,-10,6,-1,0,-1,15,-10,-4,12,8,11,-6,9,-13
106.2.a.d,106,1,0,1,1,0,-4,0,5,-3,-1,3,9,-4,5,6,-10,6,-1,6,8,-4,-3,-4,-13,3,18,-7
107.2.a.a,107,2,0,-1,-3,-3,-4,4,-12,-3,2,6,-2,-2,-13,10,9,-14,-6,3,-13,-10,-3,-8,1,3,20,-12
107.2.a.b,107,7,0,-1,3,5,4,-2,18,-1,-4,0,-3,4,25,0,11,-9,8,-19,25,-24,-19,30,-21,12,-22,-4
108.2.a.a,108,1,0,0,0,0,5,0,-7,0,-1,0,0,-4,-1,0,8,0,0,0,-13,11,0,17,-13,0,0,5
109.2.a.a,109,1,0,1,0,3,2,1,0,-8,-5,7,-5,6,2,2,-4,9,12,12,-5,-12,-6,-5,8,-2,1,1
109.2.a.b,109,3,0,-2,-4,-6,-1,-13,-1,3,-5,1,-6,-7,0,-6,9,-10,9,-25,-10,-11,-10,20,-6,-13,-21,-20
109.2.a.c,109,4,0,-1,4,1,-3,12,-7,11,10,-2,1,-5,-12,12,5,-1,-19,27,-7,7,32,-9,-24,21,-16,-11
110.2.a.a,110,1,0,-1,1,-1,5,1,2,3,-7,-6,-3,-7,-7,6,8,6,-3,-6,-1,8,3,2,-10,-6,9,-4
110.2.a.b,110,1,0,1,-1,1,3,1,-6,-7,5,-6,5,-3,3,2,4,-2,-1,-10,7,8,7,14,10,-6,-15,-12
110.2.a.c,110,1,0,1,1,-1,-1,-1,2,-3,-1,6,-9,5,5,-6,8,6,9,6,5,8,-9,-10,14,-6,-15,8
110.2.a.d,110,2,0,-2,-1,2,1,-2,4,-3,7,-6,-3,1,13,0,-8,-6,9,6,-5,16,3,-8,-14,6,3,-14
111.2.a.a,111,3,0,3,-3,4,-4,4,-2,4,-8,-2,16,-8,3,18,-12,-4,-6,6,-6,-16,12,-6,12,0,-4,-14
111.2.a.b,111,4,0,0,4,-2,4,0,4,-2,8,-10,-2,4,-4,12,4,-12,8,-10,-8,-4,-12,12,-8,-20,26,-4
112.2.a.a,112,1,0,0,-2,-4,-1,0,0,-2,2,-8,2,-4,-6,-2,-8,4,-10,-6,4,12,0,-14,8,-6,10,-2
112.2.a.b,112,1,0,0,0,2,1,4,2,-6,-8,0,6,-8,-2,2,4,8,6,0,-6,4,8,10,-16,-8,-6,-6
112.2.a.c,112,1,0,0,2,0,-1,0,-4,6,-2,0,-6,4,2,6,-8,12,6,6,8,4,0,2,-8,6,-6,-10
113.2.a.a,113,1,0,-1,2,2,0,0,2,-6,6,-6,-6,-4,2,-2,6,6,10,6,6,2,-6,2,10,-4,-14,-14
113.2.a.b,113,2,0,2,2,0,8,-4,-4,-4,-6,2,8,4,-8,-4,6,6,-12,6,12,-10,-10,4,10,0,12,-4
113.2.a.c,113,3,0,-2,-5,-1,-10,2,-8,-2,-4,-6,5,-15,-2,1,-2,-7,-5,15,-21,5,14,-11,-5,14,-16,0
113.2.a.d,113,3,0,-2,-1,-3,6,2,8,10,4,4,-7,9,8,-7,12,9,-21,-9,-21,-3,22,-1,1,2,-6,12
114.2.a.a,114,1,0,-1,-1,0,4,4,0,-2,1,-2,-6,6,-8,10,-12,10,2,4,-10,0,-16,-2,10,-16,-2,-10
114.2.a.b,114,1,0,1,-1,2,0,-4,2,-6,-1,-4,-2,4,10,10,4,-4,-10,12,14,-12,8,-6,-4,12,-6,10
114.2.a.c,114,1,0,1,1,0,-4,0,-4,6,1,-6,6,2,-4,6,-4,6,6,-12,14,8,0,14,-10,-12,-6,-10
115.2.a.a,115,1,0,2,0,-1,1,2,-2,3,-2,1,7,-5,11,1,0,0,11,-13,-8,5,5,6,-12,9,4,-14
115.2.a.b,115,2,0,-3,-2,-2,-2,-2,-8,-4,2,-2,-10,4,-6,-6,-6,10,-12,0,2,6,-8,0,22,-4,10,10
115.2.a.c,115,4,0,2,-2,4,-3,4,0,-1,-4,-4,19,-1,-3,13,-6,6,19,23,0,-3,-3,-32,2,-21,0,-18
116.2.a.a,116,1,0,0,-3,3,4,-1,-3,2,4,-6,-1,9,-8,-8,-5,-7,-5,-10,10,8,-2,0,-1,6,12,0
116.2.a.b,116,1,0,0,1,3,-4,3,5,-6,-4,-6,-1,5,8,0,-1,-3,3,6,2,8,6,-16,11,6,-12,8
116.2.a.c,116,1,0,0,2,-2,4,-6,2,2,-6,4,-1,-6,2,2,10,-2,10,0,10,-12,8,10,-6,16,2,10
117.2.a.a,117,1,0,-1,0,-2,-4,-4,1,-2,0,0,10,4,-2,-6,-12,0,-6,-12,-2,-8,0,2,8,-4,2,10
117.2.a.b,117,2,0,0,0,0,4,0,2,0,4,0,0,4,4,0,16,0,0,0,-20,28,0,-20,-8,0,0,-20
117.2.a.c,117,2,0,2,0,0,0,4,-2,-4,0,8,-4,-8,-4,-16,8,12,4,-4,4,8,-4,12,0,4,-24,-4
118.2.a.a,118,1,0,-1,-1,-3,-1,-2,-2,-2,3,0,-1,10,-12,7,-6,-6,-11,-1,-12,10,4,12,-15,-14,4,0
118.2.a.b,118,1,0,-1,2,2,-3,1,3,-1,-8,8,-4,-4,-1,5,-9,2,12,1,10,4,-15,10,11,-11,-6,14
118.2.a.c,118,1,0,1,-1,1,3,2,-6,-2,-5,4,-5,2,8,7,-6,-2,9,-1,-8,-2,12,4,5,14,0,8
118.2.a.d,118,1,0,1,2,-2,-3,-1,-3,7,4,4,4,-4,-7,-11,9,10,0,-1,-2,4,9,-14,11,-13,18,2
119.2.a.a,119,4,0,-1,2,2,4,2,8,-4,10,-6,2,12,6,12,-12,2,-26,-4,12,-12,-14,20,-14,-28,-10,26
119.2.a.b,119,5,0,2,-2,0,-5,-2,2,5,6,-10,-8,0,8,18,8,-10,4,8,22,16,-2,10,18,-12,20,12
120.2.a.a,120,1,0,0,1,-1,4,0,-6,-2,4,-8,-6,0,-6,10,-4,8,10,0,6,-4,0,-14,16,12,2,2
120.2.a.b,120,1,0,0,1,1,0,-4,6,-6,-4,0,-2,-8,-2,-6,12,8,6,12,14,4,8,-6,-8,-12,10,2
121.2.a.a,121,1,0,-1,2,1,2,0,-1,5,-6,2,-9,-2,-3,5,0,2,9,8,-6,2,12,2,10,-6,-9,-13
121.2.a.b,121,1,0,0,-1,-3,0,0,0,0,0,-9,0,-5,7,0,0,-12,6,-15,0,13,-3,0,0,0,-9,17
121.2.a.c,121,1,0,1,2,1,-2,0,1,-5,6,2,9,-2,-3,-5,0,2,9,8,6,2,12,-2,-10,6,-9,-13
121.2.a.d,121,1,0,2,-1,1,2,0,-4,2,0,-1,0,7,3,8,6,8,-6,5,-12,-7,-3,-4,10,6,15,-7
122.2.a.a,122,1,0,-1,-2,1,-5,-3,-3,0,0,5,6,0,-12,-3,-8,12,-2,-9,-1,7,-16,-3,1,-12,12,2
122.2.a.b,122,2,0,-2,1,0,5,2,6,-2,1,-3,-11,-1,-3,-9,16,8,-1,0,2,0,9,1,-12,9,-14,17
122.2.a.c,122,3,0,3,-1,1,4,-7,-1,-6,-3,2,1,-3,7,4,12,-8,11,-23,-3,21,27,22,3,-11,-10,-5
123.2.a.a,123,1,0,-2,1,-4,-2,-3,-6,3,0,-6,5,7,-7,1,-1,3,-6,0,-3,-2,-3,-11,10,-16,-10,-12
123.2.a.b,123,1,0,0,-1,-2,-4,5,-4,-5,-2,4,1,-5,-7,-1,7,7,-14,-12,-3,-2,-3,13,-2,-2,18,-14
123.2.a.c,123,2,0,0,2,4,-4,2,4,2,-8,0,2,-6,-2,-2,-10,18,8,0,2,4,6,2,-4,-12,-12,24
123.2.a.d,123,3,0,1,-3,4,2,-4,8,2,2,-10,-6,-2,20,3,10,4,14,-8,-8,12,-32,4,-20,-14,14,-12
124.2.a.a,124,1,0,0,-2,-3,-1,-6,2,6,-1,-6,0,1,-10,-9,8,0,0,-3,-10,-4,-15,14,8,6,12,-7
124.2.a.b,124,1,0,0,0,1,3,6,-4,0,-5,-4,2,-1,-2,-9,2,4,12,9,12,-12,5,-14,10,2,6,-7
125.2.a.a,125,2,0,-1,-3,0,-6,-6,-3,4,-5,2,0,-1,-6,-6,-18,-1,7,15,-1,-21,-6,-3,10,-8,0,9
125.2.a.b,125,2,0,1,3,0,6,-6,3,-4,-5,-2,0,-1,6,-6,18,1,-7,15,-1,21,-6,3,10,8,0,-9
125.2.a.c,125,4,0,0,0,0,0,8,0,0,20,0,-10,8,0,-2,0,0,0,0,-2,0,-12,0,20,0,-30,0
126.2.a.a,126,1,0,-1,0,2,-1,4,6,-2,-4,-8,2,0,-10,6,-4,0,-6,-4,6,4,-8,10,0,4,6,-14
126.2.a.b,126,1,0,1,0,0,1,0,-4,-6,2,0,6,-4,2,-6,8,12,-6,6,8,-4,0,2,8,6,6,-10
127.2.a.a,127,3,0,-3,-3,-6,-3,0,-3,-18,3,-9,3,12,0,-12,-9,-3,3,0,-3,-3,3,3,9,12,-33,-15
127.2.a.b,127,7,0,2,3,8,-3,0,-1,24,-5,-1,-7,-8,-6,14,-1,25,29,-12,7,-25,7,13,-23,26,13,-5
128.2.a.a,128,1,0,0,-2,-2,-4,2,-2,-2,-2,4,6,0,-10,-6,-6,-8,6,-14,-2,-10,12,14,-8,6,-2,-2
128.2.a.b,128,1,0,0,-2,2,4,2,2,-2,-2,-4,-6,0,10,-6,-6,8,-6,-14,2,-10,-12,14,8,6,-2,-2
128.2.a.c,128,1,0,0,2,-2,4,-2,-2,-2,2,-4,6,0,-10,-6,6,8,6,14,-2,10,-12,14,8,-6,-2,-2
128.2.a.d,128,1,0,0,2,2,-4,-2,2,-2,2,4,-6,0,10,-6,6,-8,-6,14,2,10,12,14,-8,-6,-2,-2
129.2.a.a,129,1,0,0,-1,-2,-2,-5,3,-3,2,-1,0,-5,8,-7,-1,-8,3,12,-8,-15,-14,12,-16,15,10,11
129.2.a.b,129,1,0,1,1,2,0,0,-2,-6,4,-4,-6,8,6,2,-1,4,-2,0,14,12,8,2,-8,0,14,-14
129.2.a.c,129,2,0,2,-2,2,2,6,-10,-4,-2,12,6,8,-8,0,2,-2,0,4,-8,-12,12,4,8,-14,0,-2
129.2.a.d,129,3,0,-2,3,-4,4,1,9,1,-4,11,2,-5,0,-15,-3,-2,-5,8,-16,-11,22,-16,24,-7,-38,1
130.2.a.a,130,1,0,-1,-2,1,-4,-6,1,-6,2,6,-6,2,2,-6,2,-12,6,6,2,-4,-6,-10,-4,0,-6,2
130.2.a.b,130,1,0,1,0,1,0,0,1,2,-8,-4,-2,-4,6,10,0,8,6,8,-2,4,-12,10,-8,12,10,-14
130.2.a.c,130,1,0,1,2,-1,-4,-2,-1,2,6,6,2,-6,-2,10,-10,-12,2,10,2,-12,10,10,-4,0,-14,14
131.2.a.a,131,1,0,0,-1,-2,-1,0,-3,4,-2,-2,0,-2,-8,-3,3,10,-9,1,-15,-6,10,4,-8,4,-11,12
131.2.a.b,131,10,0,0,1,4,1,2,11,-2,0,-10,16,6,34,-13,9,-6,30,-5,51,-10,0,-14,24,-22,14,4
132.2.a.a,132,1,0,0,-1,2,2,-1,6,-4,-2,-8,0,0,-6,0,10,0,14,-12,-14,4,0,6,2,16,-14,-2
132.2.a.b,132,1,0,0,1,2,-2,1,-2,4,-6,0,-8,-8,10,8,-2,-8,-2,12,10,12,8,6,-2,16,-14,-2
133.2.a.a,133,2,0,-3,-3,0,-2,-9,2,-3,-2,-6,-9,5,-8,3,-4,0,-9,-12,0,-7,6,15,-20,-9,18,2
133.2.a.b,133,2,0,-1,-3,-6,2,-5,-4,-7,2,-6,9,-1,0,5,-20,-2,-3,2,6,7,10,-15,8,-15,-14,12
133.2.a.c,133,2,0,1,3,2,2,-1,-2,1,-2,-2,5,-1,-14,9,8,6,3,20,-6,11,4,-7,0,13,10,6
133.2.a.d,133,3,0,2,3,-2,-3,7,-2,7,3,14,-3,-11,0,-7,-4,8,-1,-10,-6,-3,0,1,-4,31,-28,-30
134.2.a.a,134,3,0,-3,1,3,0,-1,11,-3,6,-11,0,4,4,-4,1,1,-3,0,21,3,5,-23,10,-22,19,-2
134.2.a.b,134,3,0,3,3,-3,0,-3,-3,-3,6,-3,-12,12,0,0,3,21,-9,0,15,-3,9,9,-6,18,3,18
135.2.a.a,135,1,0,-2,0,-1,-3,-2,-5,-8,1,6,2,0,5,-10,4,4,-2,-8,7,-9,2,-5,-3,6,-12,-13
135.2.a.b,135,1,0,2,0,1,-3,2,-5,8,1,-6,-2,0,5,10,4,-4,2,8,7,-9,-2,-5,-3,-6,12,-13
135.2.a.c,135,2,0,-1,0,2,2,2,6,-4,0,-6,10,-4,4,-2,-6,-4,-4,-10,6,-16,22,18,-16,6,-6,16
135.2.a.d,135,2,0,1,0,-2,2,-2,6,4,0,6,-10,-4,4,2,-6,4,4,10,6,-16,-22,18,-16,-6,6,16
136.2.a.a,136,1,0,0,-2,-2,-2,-6,2,1,0,6,-10,2,6,-6,-8,0,-10,-8,14,4,2,-14,-10,8,-10,2
136.2.a.b,136,1,0,0,2,0,0,2,-6,-1,4,4,0,-8,-4,6,8,-8,10,0,12,8,12,2,-4,16,10,-18
136.2.a.c,136,2,0,0,-2,4,2,2,0,2,-4,2,4,-2,-4,4,-12,8,-4,20,-4,-24,14,12,10,12,-24,4
137.2.a.a,137,4,0,-3,-5,-2,-13,1,-8,-4,-10,-1,11,-17,-4,-7,-13,-11,-2,2,7,-6,8,-27,3,-3,14,-7
137.2.a.b,137,7,0,0,3,-2,15,-3,12,-6,10,-3,-9,13,-2,-1,7,15,-8,-6,1,24,16,-1,15,21,-8,1
138.2.a.a,138,1,0,-1,-1,-2,-2,-6,-2,0,0,-1,6,8,0,10,-12,-8,2,-12,4,-12,0,-10,-6,14,0,-6
138.2.a.b,138,1,0,-1,1,0,2,0,2,0,2,-1,-6,-4,-10,-6,2,0,12,12,-10,14,0,2,-10,0,12,-10
138.2.a.c,138,1,0,1,-1,2,0,0,-2,2,-8,-1,-2,-8,2,10,8,8,2,-4,2,8,0,-6,8,-16,18,10
138.2.a.d,138,2,0,2,2,-2,0,-6,0,-8,-2,2,0,4,18,-4,-14,8,6,0,6,6,0,0,0,22,-12,-8
139.2.a.a,139,1,0,1,2,-1,3,5,-7,-6,-2,2,9,9,2,-6,-4,8,0,6,4,5,5,-6,-5,7,7,-12
139.2.a.b,139,3,0,-2,-2,-8,0,-7,1,-3,-2,-7,-15,3,-9,-8,2,10,-12,-12,-4,16,3,13,13,28,3,-7
139.2.a.c,139,7,0,1,-2,11,-5,2,6,5,-10,-1,30,-20,6,19,-12,-3,38,-14,4,9,24,-5,8,-9,10,-5
140.2.a.a,140,1,0,0,1,1,1,3,-1,-3,2,-6,-9,8,-10,0,2,-3,0,12,8,8,0,14,5,-12,12,17
140.2.a.b,140,1,0,0,3,-1,-1,-5,-3,-1,6,6,-9,-4,2,-4,10,-1,4,-8,-8,12,8,2,13,-4,4,-13
141.2.a.a,141,1,0,-2,1,-3,-3,-5,2,-6,-6,9,1,-2,1,6,2,1,0,-12,-2,2,-2,-2,-15,-4,10,1
141.2.a.b,141,1,0,-1,-1,0,4,0,6,-6,2,4,8,6,-6,-8,-6,1,2,12,2,-2,0,-10,-4,4,-10,-18
141.2.a.c,141,1,0,-1,1,2,0,4,-2,2,0,0,-6,-4,-10,-2,8,-1,-2,-4,14,-8,16,2,8,-4,18,-14
141.2.a.d,141,1,0,0,-1,-1,-3,-3,-4,8,-6,3,-1,4,1,-10,-8,-1,10,-10,2,4,-6,-8,-3,-18,-2,5
141.2.a.e,141,1,0,2,1,-1,-3,1,-2,2,6,3,3,2,-7,10,-10,-1,4,8,-10,10,-14,-10,17,8,6,1
141.2.a.f,141,2,0,-1,-2,1,1,7,-6,2,12,-3,-15,6,11,6,14,2,-8,6,4,2,-2,10,-15,6,0,-5
142.2.a.a,142,1,0,-1,-1,-2,-1,-2,-3,-6,5,-1,6,1,6,-6,5,-3,-6,2,-6,-14,-1,-17,10,4,9,-6
142.2.a.b,142,1,0,-1,0,2,0,6,4,6,-8,-4,-2,-8,10,-2,-8,-4,0,10,-8,2,1,-2,0,-4,6,14
142.2.a.c,142,1,0,-1,3,2,-3,-6,-5,6,1,5,-2,-5,-2,10,1,-1,6,-2,-2,2,1,7,-6,-4,9,2
142.2.a.d,142,1,0,1,-3,-4,-3,0,1,0,-5,-7,-8,7,4,4,-5,-13,-6,10,-2,-4,1,7,0,-4,-3,-4
142.2.a.e,142,1,0,1,1,0,-1,0,-1,0,-1,3,0,5,-4,0,-1,9,6,6,2,8,-1,-1,8,12,-3,-16
143.2.a.a,143,1,0,0,-1,-1,-2,-1,-1,-4,2,7,-2,-3,-11,10,-4,-4,2,-1,-2,-1,-9,-16,8,0,-7,-13
143.2.a.b,143,4,0,3,0,0,6,4,-4,6,8,-4,-10,2,12,8,26,-18,-6,-16,-12,2,-14,22,-10,-2,10,22
143.2.a.c,143,6,0,0,3,1,4,-6,6,0,-10,11,2,-9,15,-4,-2,6,2,11,16,9,-15,32,14,-26,-23,27
144.2.a.a,144,1,0,0,0,0,4,0,2,0,-8,0,0,4,-10,0,-8,0,0,0,14,16,0,-10,4,0,0,14
144.2.a.b,144,1,0,0,0,2,0,4,-2,-2,4,-8,-6,-8,6,6,-4,0,2,4,-2,4,8,10,8,-4,6,2
145.2.a.a,145,1,0,-1,0,-1,-2,-6,2,-2,-2,2,-1,2,10,2,8,-12,-6,-8,-6,2,-12,-6,-10,-14,18,2
145.2.a.b,145,2,0,-2,-4,2,-4,-4,-4,0,-4,-12,2,-4,0,-12,-12,-12,4,0,4,-4,-8,0,12,20,-4,-8
145.2.a.c,145,3,0,1,2,3,4,2,-2,-4,-10,16,-3,-14,-8,-2,2,14,6,8,-6,28,28,-16,-6,12,-10,8
145.2.a.d,145,3,0,3,-2,-3,-2,8,-6,0,0,14,3,12,4,-10,-10,18,10,4,6,-10,24,-4,8,-2,22,-36
146.2.a.a,146,3,0,-3,0,-2,8,2,4,-2,8,4,-6,2,-14,-6,-6,6,-4,2,22,-4,16,3,8,10,-6,-14
146.2.a.b,146,4,0,4,0,2,0,0,-4,-4,0,-12,2,-6,12,0,20,-18,8,20,12,-4,-24,-4,40,-4,-12,0
147.2.a.a,147,1,0,-1,-1,2,0,4,2,6,-4,0,-2,0,6,-2,-4,0,6,-12,2,4,0,6,-16,12,14,-18
147.2.a.b,147,1,0,2,-1,2,0,-2,-1,0,-1,0,4,-9,3,10,5,6,12,12,-10,-5,-6,3,-1,-6,-16,6
147.2.a.c,147,1,0,2,1,-2,0,-2,1,0,1,0,4,9,3,-10,5,-6,12,-12,10,-5,-6,-3,-1,6,16,-6
147.2.a.d,147,2,0,-2,-2,-4,0,-4,-8,-4,0,-4,-8,8,-8,-4,0,0,-4,8,-16,0,-4,-8,16,8,20,-8
147.2.a.e,147,2,0,-2,2,4,0,-4,8,4,0,-4,-8,-8,-8,4,0,0,-4,-8,16,0,-4,8,16,-8,-20,8
148.2.a.a,148,1,0,0,-1,-4,-3,5,0,-6,2,-6,-6,4,1,-9,4,-7,9,-4,-8,-12,3,-5,6,-1,2,0
148.2.a.b,148,2,0,0,-1,4,1,1,4,6,-6,-4,0,-10,-2,5,0,17,7,-2,-14,-12,15,-3,6,7,18,-10
149.2.a.a,149,3,0,-1,-4,-3,-5,-5,-3,5,-18,8,-2,-18,3,6,-4,-2,8,1,3,-23,-5,-1,-9,2,-9,-3
149.2.a.b,149,9,0,-1,6,-1,3,5,7,-5,30,-4,-16,22,-7,6,4,-6,-2,43,1,33,15,-11,1,-4,-19,-1
150.2.a.a,150,1,0,-1,-1,0,2,2,6,2,0,-4,0,-8,2,2,-4,-8,6,10,2,-8,12,-4,0,-4,-10,-8
150.2.a.b,150,1,0,1,-1,0,4,0,-2,-6,-4,0,-6,8,-2,-6,4,0,6,0,-10,4,0,-2,8,-12,18,-2
150.2.a.c,150,1,0,1,1,0,-2,2,-6,-2,0,4,0,-8,-2,2,4,8,-6,10,2,8,12,4,0,4,-10,8
151.2.a.a,151,3,0,-2,-1,-7,-3,-5,-1,-8,-3,0,-1,-1,13,-21,16,3,-8,-1,-1,-1,-14,-1,-3,-3,-36,0
151.2.a.b,151,3,0,0,6,5,-6,-1,-2,9,3,0,3,-1,3,0,-1,-13,-6,23,-8,2,0,10,-26,28,36,-5
151.2.a.c,151,6,0,1,-5,6,3,8,-1,9,-6,-4,-2,-8,-12,41,1,28,14,12,5,-15,-2,-7,-9,-11,36,11
152.2.a.a,152,1,0,0,-2,-1,-3,-3,-4,5,-1,0,2,8,-10,6,-7,-9,-8,14,-5,0,-6,-15,-4,4,0,16
152.2.a.b,152,1,0,0,1,0,3,2,1,-5,1,-1,-3,4,2,-8,-8,-8,9,1,14,13,10,9,-10,10,-12,14
152.2.a.c,152,3,0,0,1,1,4,-5,5,2,-3,-5,-9,0,-6,8,17,-1,1,-23,3,15,-12,4,26,-6,18,-8
153.2.a.a,153,1,0,-2,0,-1,-2,-3,-5,-1,-1,-7,6,4,10,9,1,-12,-12,6,2,4,-8,0,-6,4,2,8
153.2.a.b,153,1,0,0,0,-3,-4,3,-1,1,-1,-9,-6,2,-4,3,-7,6,6,-6,8,-4,-12,2,-10,6,0,-16
153.2.a.c,153,1,0,1,0,2,4,0,-2,-1,-4,-4,-6,4,-2,6,4,0,-6,12,-10,4,4,-6,12,4,-10,2
153.2.a.d,153,1,0,2,0,1,-2,3,-5,1,-1,7,-6,4,10,-9,1,12,12,-6,2,4,8,0,-6,-4,-2,8
153.2.a.e,153,2,0,1,0,-3,0,1,5,-2,3,9,0,-2,-2,3,-3,14,-8,-6,10,8,-4,-8,6,10,-6,-14
154.2.a.a,154,1,0,-1,0,-4,-1,-1,2,-4,-6,4,-2,-2,10,4,-8,2,6,-12,-14,-12,-8,4,0,-6,-6,-14
154.2.a.b,154,1,0,-1,2,2,-1,1,-4,0,4,4,2,-10,-6,0,-4,10,-14,10,-8,8,-4,4,16,4,10,6
154.2.a.c,154,1,0,1,0,2,-1,-1,2,2,0,-8,-2,-8,-2,10,4,8,6,0,10,-12,16,-14,0,0,-6,10
154.2.a.d,154,2,0,2,-2,2,2,2,-2,-4,-10,8,0,4,-4,4,-12,-4,8,10,-6,-4,4,8,0,-2,20,16
155.2.a.a,155,1,0,-2,-1,1,-2,2,-6,-7,-5,4,0,1,-7,-3,9,-2,9,-5,-8,8,-3,-1,0,-11,10,18
155.2.a.b,155,1,0,-1,2,-1,4,4,0,-8,4,2,-6,1,-4,-6,-6,8,-12,-4,10,8,0,-4,0,2,14,-18
155.2.a.c,155,1,0,0,-1,-1,0,-4,-6,5,-1,8,-10,-1,1,-3,-7,-6,5,11,-12,-2,9,-9,-10,9,0,-14
155.2.a.d,155,4,0,-1,-1,-4,0,-6,16,1,5,0,6,4,9,13,7,-14,11,13,22,-10,3,9,-16,-17,-12,16
155.2.a.e,155,4,0,1,1,4,2,-4,10,11,-3,-2,-8,-4,3,-11,17,-10,13,-3,22,-12,-21,19,-2,-15,-10,4
156.2.a.a,156,1,0,0,-1,-4,-2,-4,1,2,-2,0,-6,-10,10,8,4,-4,-10,-8,-14,2,16,-10,-16,0,-4,-2
156.2.a.b,156,1,0,0,1,0,2,0,1,-6,2,0,-6,2,2,-12,-4,0,6,12,2,-10,12,14,8,12,0,-10
157.2.a.a,157,5,0,-5,-7,-3,-3,-14,-7,-9,-3,-13,-2,3,3,5,-23,-8,-25,7,4,-12,-18,-3,22,-27,25,20
157.2.a.b,157,7,0,5,5,-1,1,10,-5,5,-3,15,8,-13,-15,3,11,8,9,31,-6,4,14,-3,6,41,-13,-12
158.2.a.a,158,1,0,-1,-1,-1,-3,4,-7,-4,-6,6,4,8,10,-8,-8,-3,2,1,0,-4,-11,-6,-1,6,-15,1
158.2.a.b,158,1,0,-1,1,3,-1,0,5,0,2,-6,0,-4,2,-12,8,-9,6,-9,8,-4,-9,2,1,18,9,17
158.2.a.c,158,1,0,1,-3,-3,-3,-2,-5,6,0,-2,6,-10,-10,2,4,-3,-12,-1,12,-8,-3,-6,1,14,-7,-11
158.2.a.d,158,1,0,1,-1,1,3,2,-1,-2,0,-6,-10,2,-2,2,4,3,4,5,12,8,-13,-6,-1,-6,-15,13
158.2.a.e,158,1,0,1,2,-2,0,-4,2,-2,0,0,8,8,4,-10,-2,0,-8,14,0,8,8,6,-1,12,6,10
158.2.a.f,158,2,0,-2,0,-4,8,0,4,4,0,4,-4,-4,-4,12,-16,0,4,0,-12,16,-8,24,2,8,8,-4
159.2.a.a,159,4,0,3,4,2,-4,6,-6,10,-6,2,6,-12,-10,12,-16,0,-4,10,14,-6,-8,10,10,12,-4,6
159.2.a.b,159,5,0,0,-5,0,4,2,8,0,2,-6,20,8,4,18,12,-4,5,-18,12,6,4,8,-2,-36,26,-16
160.2.a.a,160,1,0,0,-2,-1,-2,-4,-6,2,8,-6,-2,4,2,-10,-2,-2,2,0,2,-6,-12,10,-8,-10,-6,10
160.2.a.b,160,1,0,0,2,-1,2,4,-6,2,-8,6,-2,-4,2,-10,2,2,2,0,2,6,12,10,8,10,-6,10
160.2.a.c,160,2,0,0,0,2,0,0,-4,4,0,0,12,0,-20,4,0,0,12,0,-4,0,0,-12,0,0,20,4
161.2.a.a,161,1,0,-1,0,2,1,4,6,-2,4,-1,-2,-4,-2,-6,12,-12,-10,0,2,12,8,-14,8,-4,6,-10
161.2.a.b,161,2,0,-1,-2,-2,-2,0,-4,0,-10,-2,6,-18,2,0,-4,2,18,-12,0,-2,-16,0,-10,4,0,-6
161.2.a.c,161,3,0,-1,2,2,-3,4,2,4,8,3,-2,16,-6,-14,-8,16,6,-10,10,16,4,-6,16,20,4,6
161.2.a.d,161,5,0,2,0,-4,5,-4,-6,-12,6,-5,-4,30,4,6,-12,10,16,22,-18,-2,4,-2,30,8,-20,-12
162.2.a.a,162,1,0,-1,0,-3,-4,0,-1,-3,-4,0,9,-4,-1,6,8,-12,-6,0,-1,-4,-12,11,-16,-12,-3,2
162.2.a.b,162,1,0,-1,0,0,2,3,2,3,-1,6,-6,-4,-4,-9,-1,6,-12,-3,8,5,12,11,-4,-12,-6,5
162.2.a.c,162,1,0,1,0,0,2,-3,2,-3,-1,-6,6,-4,-4,9,-1,-6,12,3,8,5,-12,11,-4,12,6,5
162.2.a.d,162,1,0,1,0,3,-4,0,-1,3,-4,0,-9,-4,-1,-6,8,12,6,0,-1,-4,12,11,-16,12,3,2
163.2.a.a,163,1,0,0,0,-4,2,-6,4,0,-6,6,-4,-6,-8,3,7,1,-9,-2,3,-2,-5,-2,-8,5,-14,-11
163.2.a.b,163,5,0,-5,-5,-9,-6,2,-14,-21,7,-8,-13,7,-1,-9,-4,-3,-16,-3,-10,-2,31,-14,-14,-12,0,23
163.2.a.c,163,7,0,3,1,11,0,2,10,13,-5,2,7,-11,3,17,-10,11,18,11,4,-18,-3,2,0,18,18,21
164.2.a.a,164,4,0,0,2,4,0,4,0,-4,6,-12,-4,-8,16,-4,4,-6,-16,12,24,28,-2,8,-18,-12,4,16
165.2.a.a,165,2,0,-2,-2,-2,-4,-2,0,-8,-8,-8,-4,0,12,4,-12,-8,-4,-8,-12,0,16,0,0,-20,-4,12
165.2.a.b,165,2,0,0,2,-2,4,-2,4,0,4,0,0,-8,4,0,4,0,-12,0,4,16,0,4,-20,24,-12,-20
165.2.a.c,165,3,0,-1,3,3,0,3,-2,-2,8,0,-10,8,-6,-14,4,-8,-6,12,-6,-4,8,-14,12,0,-10,22
166.2.a.a,166,1,0,-1,-1,-2,1,-5,-2,-3,-2,4,-3,1,1,6,8,12,-14,-3,-7,2,-14,-4,-6,-1,4,12
166.2.a.b,166,2,0,-2,-2,3,-3,6,3,7,-1,3,8,-9,-4,-3,1,10,7,6,8,-21,0,18,2,2,0,-10
166.2.a.c,166,3,0,3,1,-1,2,5,-9,-4,-5,7,13,-4,-19,11,3,2,-9,7,-15,15,6,6,12,-3,4,-10
167.2.a.a,167,2,0,-1,-1,-2,-5,0,-5,-5,0,1,8,6,-12,2,-6,14,-10,-2,0,-4,-11,-19,2,-2,-2,-21
167.2.a.b,167,12,0,2,3,4,11,0,9,3,0,1,-6,2,34,-14,6,2,10,-28,2,28,-9,61,0,-16,-12,73
168.2.a.a,168,1,0,0,-1,2,1,0,6,-2,4,-4,-10,-8,6,-2,-4,8,-10,12,-2,12,-12,-14,-8,12,-2,10
168.2.a.b,168,1,0,0,1,2,-1,0,-2,6,-4,-4,6,-8,-10,-10,12,-8,6,4,-10,12,4,2,8,4,6,10
169.2.a.a,169,2,0,0,4,0,0,0,0,6,0,12,6,0,0,0,-16,0,-6,0,2,0,0,0,8,0,0,0
169.2.a.b,169,3,0,-2,-2,-4,-3,-8,0,-2,-4,-5,-1,-5,12,-7,13,-18,1,-19,4,-1,-27,9,-5,-7,-11,7
169.2.a.c,169,3,0,2,-2,4,3,8,0,-2,4,-5,-1,5,-12,7,13,18,1,19,4,1,27,-9,-5,7,11,-7
170.2.a.a,170,1,0,-1,-2,-1,2,6,2,1,8,-6,-6,2,2,-6,-4,12,6,0,2,8,-6,2,-10,12,6,2
170.2.a.b,170,1,0,-1,-2,1,-2,-2,-6,1,-8,-2,6,-2,6,2,-4,4,-10,0,-10,8,14,10,-14,-4,6,-14
170.2.a.c,170,1,0,-1,1,1,2,0,5,-1,-1,6,-9,-1,-4,-6,2,-9,-9,3,-7,14,3,11,8,0,-9,-7
170.2.a.d,170,1,0,-1,3,-1,2,-4,-3,1,3,-6,9,-3,-8,-6,6,-13,-9,15,7,-2,9,-3,0,12,-9,7
170.2.a.e,170,1,0,1,1,-1,2,0,-1,-1,-1,-6,-3,5,8,6,-10,-3,-3,3,11,2,9,11,8,-12,15,-7
170.2.a.f,170,2,0,2,-1,2,2,-8,5,2,-1,-2,1,-9,-6,-8,6,9,3,-13,19,-10,-21,7,0,4,-7,9
171.2.a.a,171,1,0,-1,0,2,0,0,6,6,-1,-4,-2,8,-10,2,-4,-12,6,12,-2,-4,0,10,0,-16,2,10
171.2.a.b,171,1,0,0,0,-3,-1,-3,-4,3,1,0,-6,-4,2,6,-1,3,-12,6,-1,-4,-6,-7,8,-12,-12,8
171.2.a.c,171,1,0,2,0,-1,3,3,-6,-3,-1,-4,10,2,8,8,-1,-3,6,0,7,8,-12,-11,0,-4,-10,-2
171.2.a.d,171,1,0,2,0,3,-5,-1,2,1,-1,4,2,-6,0,0,-1,9,-10,8,-1,8,12,-11,16,-12,6,-10
171.2.a.e,171,4,0,0,0,0,2,0,8,0,4,0,0,-4,20,0,-10,0,0,0,14,-16,0,14,-16,0,0,-16
172.2.a.a,172,1,0,0,-2,0,-4,-3,-1,-3,2,-3,6,5,8,-3,1,-12,-9,-12,-10,11,6,-10,8,-15,0,-1
172.2.a.b,172,2,0,0,4,0,0,2,-6,2,-4,6,-4,-2,-8,-2,-2,12,-10,4,4,-2,20,4,-4,14,8,22
173.2.a.a,173,4,0,-1,-6,-1,-9,-5,-5,2,-7,-11,9,3,-14,9,-24,-6,4,-10,-3,-34,18,1,-7,-8,6,7
173.2.a.b,173,10,0,1,8,1,11,5,1,-2,7,5,-5,3,8,-21,48,-18,6,-2,-3,62,6,7,17,4,-20,-1
174.2.a.a,174,1,0,-1,-1,3,-3,6,0,7,5,-8,1,-8,-3,-5,3,9,-2,-11,-6,0,0,-10,-2,0,10,0
174.2.a.b,174,1,0,-1,1,-3,5,6,-4,3,-1,0,-1,-4,-1,-9,-7,-3,-6,3,-10,-4,12,2,14,0,-6,8
174.2.a.c,174,1,0,-1,1,2,0,-4,6,-2,4,0,-1,-4,-6,6,-12,-8,-6,8,10,-4,-8,2,4,0,14,18
174.2.a.d,174,1,0,1,-1,1,1,6,-4,-7,-3,4,-1,0,-7,5,-5,-5,10,3,10,0,-4,10,-6,16,-10,-8
174.2.a.e,174,1,0,1,1,-1,1,-2,0,-3,-1,-4,1,4,3,-7,9,-1,-2,-3,6,12,16,-10,10,0,6,0
175.2.a.a,175,1,0,-2,-1,0,1,-3,-1,-7,0,-6,-5,2,-2,2,4,3,-6,10,-8,-2,-8,-6,-5,4,0,-7
175.2.a.b,175,1,0,0,-1,0,-1,-3,-5,-3,2,6,3,-4,-2,-12,10,-9,-12,0,8,4,0,-2,-1,-12,-12,1
175.2.a.c,175,1,0,2,1,0,-1,-3,1,7,0,6,-5,2,2,2,-4,-3,6,10,-8,2,-8,6,-5,-4,0,7
175.2.a.d,175,2,0,-1,2,0,-2,4,2,4,0,-8,10,-6,-6,14,-8,4,-8,10,-6,4,4,22,0,2,30,-6
175.2.a.e,175,2,0,1,-2,0,2,4,-2,-4,0,8,10,-6,6,14,8,-4,8,10,-6,-4,4,-22,0,-2,30,6
175.2.a.f,175,2,0,1,1,0,2,1,-5,5,-6,2,1,0,-12,2,-10,5,2,-8,6,-4,16,8,-9,-8,6,9
176.2.a.a,176,1,0,0,-1,-3,-2,1,-4,6,-8,3,0,-5,-1,0,10,0,-6,-3,-4,1,-15,-4,-2,-6,-9,-7
176.2.a.b,176,1,0,0,1,1,2,-1,4,-2,0,1,0,-7,3,-8,6,-8,-6,-5,12,7,3,4,10,6,15,-7
176.2.a.c,176,1,0,0,3,-3,2,1,0,-6,-4,-1,-8,7,-1,4,-6,8,2,1,4,5,-3,16,-2,2,15,-7
176.2.a.d,176,2,0,0,-1,3,2,2,-2,4,8,-9,-2,7,-11,6,6,-16,8,5,-6,-15,5,2,14,-10,-7,27
177.2.a.a,177,2,0,-3,2,-6,-7,-2,0,-3,-5,-5,-11,-7,-1,-1,12,-3,2,2,13,-4,4,5,-6,-9,1,-10
177.2.a.b,177,2,0,-1,-2,0,-7,0,-8,-3,-5,-7,15,-1,-7,5,-4,-15,8,-2,-13,8,2,-5,-6,-1,-3,6
177.2.a.c,177,2,0,1,2,2,1,4,-2,1,-5,3,5,-1,-9,-1,-2,11,-2,-2,-1,6,4,3,10,13,-5,-4
177.2.a.d,177,3,0,0,-3,-2,9,-2,4,3,7,1,-11,13,-5,-1,6,11,2,3,-1,10,26,7,2,-3,-23,14
178.2.a.a,178,1,0,-1,2,2,0,0,-4,2,-2,8,0,0,0,-10,-2,-8,6,10,-4,-8,8,-2,8,14,1,-2
178.2.a.b,178,1,0,1,1,3,-4,-6,2,3,5,-3,0,5,-10,0,-1,12,9,12,-10,-4,-6,-1,-10,-12,-1,17
178.2.a.c,178,2,0,-2,-2,-2,-4,-4,-4,-6,2,-14,0,6,12,0,6,0,-10,-4,12,-16,-4,-2,-12,4,-2,-2
178.2.a.d,178,3,0,3,1,-1,0,6,-2,-5,-11,5,4,-19,10,-4,-9,12,21,-8,2,16,10,-1,-10,0,-3,-19
179.2.a.a,179,1,0,2,0,3,-4,4,-1,1,-3,6,3,-8,2,12,-11,1,0,-5,14,-9,0,10,10,17,-1,-14
179.2.a.b,179,3,0,-1,-2,-4,-4,-3,-11,2,-9,9,-1,-1,-2,1,10,13,-10,-3,-32,12,-1,-3,-12,-1,12,-8
179.2.a.c,179,11,0,-3,0,3,8,-9,24,7,20,-9,6,13,0,-17,15,1,-10,-8,64,15,-25,-13,-12,-8,-5,20
180.2.a.a,180,1,0,0,0,1,2,0,2,6,-4,-6,-6,-4,2,-6,-10,6,6,-12,2,2,12,2,8,-6,6,2
181.2.a.a,181,5,0,-3,-5,-5,-2,-20,-2,-5,-6,-6,-17,5,2,2,-5,4,3,-24,-20,13,-29,17,-6,-21,5,11
181.2.a.b,181,9,0,3,3,1,2,24,-8,-1,4,14,13,-7,-20,10,-5,-2,-1,24,-16,9,21,-5,10,23,-1,-3
182.2.a.a,182,1,0,-1,1,4,-1,-1,1,4,2,-7,-8,3,7,-7,-8,3,0,-6,-13,7,4,9,-13,-16,-6,11
182.2.a.b,182,1,0,-1,3,0,1,-5,-1,-4,2,5,4,1,7,-9,-12,-7,-4,-6,13,11,0,7,-17,4,14,5
182.2.a.c,182,1,0,1,0,2,-1,4,-1,-6,0,8,-10,-8,6,-6,4,-8,6,8,10,4,-8,2,8,0,18,2
182.2.a.d,182,1,0,1,1,0,1,-3,1,0,2,-3,0,5,-7,3,8,-3,-12,6,-1,5,12,11,-1,12,-18,17
182.2.a.e,182,1,0,1,3,-4,-1,1,-1,0,-6,-7,-4,7,9,-3,4,7,0,-10,1,1,16,5,11,0,-6,-1
183.2.a.a,183,2,0,-2,-2,-2,-2,-2,-6,-12,4,-2,0,4,-4,-6,12,-8,-4,-10,-2,6,12,-10,-2,-8,-16,-12
183.2.a.b,183,3,0,1,-3,6,0,2,6,12,-8,2,4,-8,-6,2,0,4,12,6,3,0,14,-2,-12,-8,-4,18
183.2.a.c,183,6,0,0,6,2,2,-8,6,10,8,0,-10,0,-4,-10,4,-4,-2,-16,-6,-2,-18,30,6,-12,26,16
184.2.a.a,184,1,0,0,-1,-4,2,-4,-5,-2,6,1,1,-9,-4,3,8,-5,6,-4,-10,-4,-5,-15,-6,6,-8,10
184.2.a.b,184,1,0,0,-1,-2,-4,-2,7,-4,-6,-1,5,3,2,-9,8,-1,-6,-8,-10,2,-13,-3,6,0,-4,-8
184.2.a.c,184,1,0,0,0,0,4,6,-2,6,-6,1,-6,0,-8,6,-2,-8,-8,4,-4,2,-8,6,12,10,10,-18
184.2.a.d,184,1,0,0,3,0,-2,0,-5,-6,6,1,9,3,-8,3,-8,7,-2,4,-10,8,7,9,-6,-14,16,6
184.2.a.e,184,2,0,0,-1,4,0,2,5,2,2,-2,3,-9,0,1,-16,11,4,4,8,-2,23,-17,-2,12,-2,-2
185.2.a.a,185,1,0,-2,1,-1,-5,3,-2,-4,-4,-2,2,0,-1,7,-10,11,-3,0,-4,16,-15,11,-12,-3,-4,8
185.2.a.b,185,1,0,0,-1,1,-3,-5,4,-4,-8,4,4,2,1,-5,-6,9,3,-8,-10,-4,5,-15,-14,11,-2,10
185.2.a.c,185,1,0,1,-2,-1,-2,0,-2,2,2,-8,2,-6,-1,10,-4,-10,-6,-6,2,-14,0,2,-6,18,2,-10
185.2.a.d,185,5,0,0,-1,5,7,7,2,-8,14,2,2,8,-5,-9,14,-5,-15,12,12,-2,13,-5,36,-9,-16,0
185.2.a.e,185,5,0,2,3,-5,11,-5,4,0,-4,4,-4,8,5,-5,10,7,-1,-30,-14,24,-7,5,28,27,6,-26
186.2.a.a,186,1,0,-1,-1,-1,2,3,3,1,7,0,4,1,-10,-6,6,-5,-2,6,3,-3,7,-10,-1,17,6,5
186.2.a.b,186,1,0,-1,1,3,-2,5,-7,-1,7,4,-8,-1,-6,-2,-10,-1,6,-10,1,-3,3,14,-11,7,-6,-3
186.2.a.c,186,1,0,1,1,1,-2,-3,-1,3,-5,4,0,1,-2,2,-6,-7,14,10,7,-7,-3,-6,15,-1,10,13
186.2.a.d,186,2,0,2,-2,3,2,-1,3,-1,-1,-16,-6,-2,0,-8,-10,5,-4,6,3,13,-7,20,5,5,16,-9
187.2.a.a,187,1,0,0,1,3,2,1,2,-1,2,-3,-6,-7,-7,12,-10,0,6,-3,8,-7,-9,2,8,6,15,11
187.2.a.b,187,1,0,2,0,4,-5,-1,4,1,2,-2,-3,4,-2,-3,-2,3,9,-3,-10,7,2,-3,0,14,1,-10
187.2.a.c,187,2,0,-2,0,-4,-4,2,-10,2,-2,-4,-6,8,-4,12,-4,-12,-12,6,-8,2,4,18,-6,4,-10,28
187.2.a.d,187,2,0,4,-1,1,3,2,0,-2,-6,1,15,-1,5,-5,4,-5,11,-6,-10,0,7,11,-6,0,8,-17
187.2.a.e,187,3,0,-2,-3,-7,0,-3,0,-3,6,-15,-14,-9,-11,0,8,16,-30,-1,-6,-13,-3,-12,14,8,1,-17
187.2.a.f,187,4,0,1,1,3,0,-4,-2,4,-2,5,12,-17,19,6,-4,4,28,15,12,-1,17,-6,-22,8,-13,17
188.2.a.a,188,2,0,0,-3,-2,-7,-4,-4,3,-2,0,0,0,-11,18,-20,2,-11,1,5,-14,15,6,-9,0,-3,-21
188.2.a.b,188,2,0,0,1,0,5,2,4,-5,6,-2,-2,0,1,-12,2,-2,-7,-15,1,16,11,0,19,-4,5,3
189.2.a.a,189,1,0,-2,0,-1,-1,-4,-2,3,-8,-6,-4,6,-3,1,11,9,6,-15,4,-8,-12,6,-1,-9,2,12
189.2.a.b,189,1,0,0,0,-3,1,-6,-4,-3,2,6,6,-4,-7,3,-1,-9,6,-9,-10,-4,0,2,-1,-3,-6,-10
189.2.a.c,189,1,0,0,0,3,1,6,-4,3,2,-6,-6,-4,-7,-3,-1,9,-6,9,-10,-4,0,2,-1,3,6,-10
189.2.a.d,189,1,0,2,0,1,-1,4,-2,-3,-8,6,4,6,-3,-1,11,-9,-6,15,4,-8,12,6,-1,9,-2,12
189.2.a.e,189,2,0,0,0,0,2,0,4,0,10,0,0,10,-14,0,-8,0,0,0,16,28,0,-8,16,0,0,-8
189.2.a.f,189,2,0,0,0,0,-2,0,-4,0,14,0,0,6,-6,0,16,0,0,0,-16,-4,0,0,-8,0,0,-24
190.2.a.a,190,1,0,-1,-1,-1,-1,0,-3,-7,-1,-5,-5,10,2,2,6,0,9,-7,-4,7,0,-9,-10,-2,-10,-18
190.2.a.b,190,1,0,1,-3,-1,-5,-4,-1,-3,1,7,-3,-2,-2,-6,6,0,-13,-9,-12,-3,0,11,-2,-10,2,-2
190.2.a.c,190,1,0,1,1,1,-1,0,-1,-3,1,3,-3,2,-10,6,2,0,3,3,8,-7,12,-13,14,6,6,-10
190.2.a.d,190,2,0,-2,-1,2,-1,8,-1,11,-2,3,1,-2,-12,8,-14,-4,-5,1,14,-1,4,9,-2,14,4,12
191.2.a.a,191,2,0,-1,-2,-1,-1,-1,-7,0,-6,-1,0,-5,2,-8,8,3,1,12,-16,0,3,-20,-4,6,-18,-8
191.2.a.b,191,14,0,0,2,1,3,-3,19,14,20,-13,6,15,-8,16,4,-25,-5,8,44,-16,-25,58,24,-16,14,22
192.2.a.a,192,1,0,0,-1,-2,-4,-4,2,-6,4,0,-2,4,2,2,-4,8,-10,4,-6,-4,-16,-6,4,-12,10,-14
192.2.a.b,192,1,0,0,-1,2,0,4,2,2,-4,8,-6,-8,-6,-6,4,0,2,4,2,-4,-8,10,8,-4,-6,2
192.2.a.c,192,1,0,0,1,-2,4,4,2,-6,-4,0,-2,-4,2,2,4,-8,-10,-4,-6,4,16,-6,-4,12,10,-14
192.2.a.d,192,1,0,0,1,2,0,-4,2,2,4,-8,-6,8,-6,-6,-4,0,2,-4,2,4,8,10,-8,4,-6,2
193.2.a.a,193,2,0,-3,-2,0,-1,3,-6,-6,-14,-9,9,1,1,9,-3,-9,-6,0,13,-9,-18,-2,13,-21,-21,2
193.2.a.b,193,5,0,-2,-5,-8,-10,-10,2,-9,14,-20,-3,-6,-6,-6,11,-41,8,-20,1,0,1,-23,-16,9,17,-19
193.2.a.c,193,8,0,2,5,8,5,9,-4,7,0,23,-2,7,-13,-3,-4,40,8,0,-6,3,25,-9,-9,44,24,-11
194.2.a.a,194,1,0,1,0,4,-4,4,-4,6,-6,-4,0,0,-8,-2,-8,0,6,6,10,6,0,-10,8,-2,14,-1
194.2.a.b,194,4,0,-4,2,-2,6,2,4,-8,8,10,-6,8,-2,-16,-10,-4,-4,4,-4,16,28,-6,32,-20,14,4
194.2.a.c,194,4,0,4,2,-2,2,-2,4,-8,0,-10,6,8,14,0,10,-28,-4,-20,12,16,12,10,8,-12,-18,-4
195.2.a.a,195,1,0,-1,1,1,0,4,1,2,-4,8,-2,-8,6,-6,-4,-8,6,-12,-2,-4,0,-6,16,-4,10,18
195.2.a.b,195,1,0,2,-1,1,3,-1,-1,-1,-2,-3,-2,-6,11,-5,4,-10,11,8,13,12,-5,10,-3,-12,-15,17
195.2.a.c,195,1,0,2,1,-1,-1,5,-1,-7,-6,3,2,2,7,9,-8,10,5,0,5,-4,9,-6,-3,-4,11,-11
195.2.a.d,195,1,0,2,1,1,-3,-5,1,5,2,-1,10,-2,-3,-9,-4,10,9,0,-11,-4,15,6,-11,8,-11,-9
195.2.a.e,195,3,0,0,-3,-3,1,1,3,-1,6,-7,18,6,13,1,0,-18,11,-8,9,4,-11,-6,5,8,11,-25
196.2.a.a,196,1,0,0,-1,-3,0,-3,-2,-3,1,3,-6,7,-1,-6,-4,9,3,-9,1,-7,0,1,-13,-12,-15,10
196.2.a.b,196,1,0,0,1,3,0,-3,2,3,-1,3,-6,-7,-1,6,-4,-9,3,9,-1,-7,0,-1,-13,12,15,-10
196.2.a.c,196,2,0,0,0,0,0,8,0,0,0,-8,16,0,-16,0,-8,0,20,0,0,0,0,0,16,0,0,0
197.2.a.a,197,1,0,-2,0,0,-3,4,-2,-8,-3,-3,7,-10,7,9,1,-11,10,0,5,-10,8,6,2,-7,-8,-2
197.2.a.b,197,5,0,0,-8,-4,-10,-8,-8,9,-16,-1,2,2,-17,-5,-26,16,2,-13,-3,-40,-5,-9,13,-17,10,-42
197.2.a.c,197,10,0,0,10,2,11,2,8,-3,17,-4,-9,20,12,-18,11,5,-6,-1,4,46,-5,25,-1,28,-6,2
198.2.a.a,198,1,0,-1,0,-2,-4,1,-6,-2,4,-4,-6,0,6,6,4,12,-2,-12,-14,4,12,-6,-4,-4,-10,-14
198.2.a.b,198,1,0,-1,0,0,2,1,2,6,2,0,6,-4,2,-6,-10,-12,12,-12,-10,8,-12,14,2,12,0,2
198.2.a.c,198,1,0,-1,0,4,-2,-1,4,2,0,6,-10,-8,-2,-2,4,2,-4,0,-8,-12,-2,-6,10,-4,-10,-2
198.2.a.d,198,1,0,1,0,0,2,-1,2,-6,2,0,-6,-4,2,6,-10,12,-12,12,-10,8,12,14,2,-12,0,2
198.2.a.e,198,1,0,1,0,0,2,1,-4,6,-4,-6,-6,8,-10,-6,8,6,0,0,8,-4,-6,2,14,12,6,14
199.2.a.a,199,2,0,-1,4,6,0,-6,2,2,2,0,8,-4,-6,6,-20,4,-14,0,10,4,-6,10,-12,18,18,8
199.2.a.b,199,4,0,-3,-2,-5,-3,-7,0,-13,0,-4,-19,-2,11,-22,3,10,-3,2,5,17,-18,-2,-11,7,-9,-10
199.2.a.c,199,10,0,5,-4,-1,-3,17,0,13,-8,4,31,-10,-1,36,-1,-14,29,10,-3,-1,20,-24,17,-33,15,2
200.2.a.a,200,1,0,0,-3,0,2,1,4,5,1,-2,-8,10,-6,-3,4,4,6,8,10,-1,-12,3,6,-13,-9,-14
200.2.a.b,200,1,0,0,-2,0,-2,-4,-4,0,-4,2,2,0,-4,2,6,6,4,-12,-10,-14,8,-8,16,-2,6,-16
200.2.a.c,200,1,0,0,0,0,4,4,2,-2,4,-4,-2,-8,-6,-6,8,-4,-6,-4,-2,-8,0,6,0,16,-6,14
200.2.a.d,200,1,0,0,2,0,2,-4,4,0,-4,-2,2,0,4,2,-6,-6,-4,-12,-10,14,8,8,16,2,6,16
200.2.a.e,200,1,0,0,3,0,-2,1,-4,-5,1,2,-8,10,6,-3,-4,-4,-6,8,10,1,-12,-3,6,13,-9,14
201.2.a.a,201,1,0,-2,-1,0,0,-6,4,-7,-5,-1,1,-4,3,0,-6,9,10,3,2,-1,-16,-7,8,-4,-15,4
201.2.a.b,201,1,0,-1,1,-1,-5,-4,-4,6,-2,-3,4,-7,5,-3,7,8,-5,3,-2,1,-12,-13,-8,1,4,-12
201.2.a.c,201,1,0,1,-1,-3,-3,0,4,2,-2,-7,-8,-1,-3,-9,9,0,1,-9,14,-1,-4,11,-16,5,0,16
201.2.a.d,201,3,0,3,-3,1,1,10,-8,0,-2,3,4,11,-9,1,-3,18,7,15,-2,3,18,-19,28,-7,-6,-8
201.2.a.e,201,5,0,0,5,-3,7,0,10,-5,5,-2,3,9,8,-7,1,-5,-15,-6,6,-5,22,0,28,9,-11,-14
202.2.a.a,202,1,0,-1,0,2,1,4,0,5,1,6,-5,0,-8,-4,-5,6,3,-12,-1,2,-10,-16,-2,16,0,13
202.2.a.b,202,3,0,-3,-3,-3,-3,-9,-3,-9,-6,-12,0,12,3,6,-6,-6,0,9,0,-21,-6,0,6,-15,-6,15
202.2.a.c,202,4,0,4,-1,3,2,1,1,4,-13,2,9,-8,-1,-2,-3,-4,21,15,1,-17,0,16,-12,27,-6,4
203.2.a.a,203,1,0,-2,-1,-4,1,2,4,-2,5,9,-1,-8,8,-3,-6,-7,9,0,2,3,7,-1,0,14,15,3
203.2.a.b,203,1,0,-1,-1,1,1,-5,-5,-4,-4,6,1,7,-10,0,-9,7,3,0,14,-6,8,-16,-9,16,-6,0
203.2.a.c,203,1,0,1,2,2,1,-4,-2,4,2,0,-1,-2,2,0,0,-10,6,12,-4,12,-8,-4,12,-16,12,12
203.2.a.d,203,2,0,-2,-1,3,-2,-1,5,6,8,-2,2,-5,12,-14,3,-5,-7,-4,12,-2,-16,18,7,4,4,10
203.2.a.e,203,2,0,4,2,0,-2,-4,8,0,2,-2,2,4,0,10,-12,10,2,-16,0,10,14,-6,-8,4,10,22
203.2.a.f,203,3,0,-1,-3,-5,-3,5,-15,2,-6,2,-3,-5,-12,0,-7,-3,-15,-8,-26,14,0,-8,23,-8,12,-8
203.2.a.g,203,5,0,2,-2,5,5,3,15,-4,-15,-5,-5,9,14,-11,19,4,-16,-12,20,-3,-1,35,-13,-10,-25,-25
204.2.a.a,204,1,0,0,-1,-1,4,3,3,-1,1,3,-10,6,-4,5,-1,-2,-14,-6,8,-12,12,2,-14,6,16,0
204.2.a.b,204,1,0,0,1,1,0,5,-5,1,1,-3,2,2,-8,-5,-9,6,-6,6,-4,12,-12,-2,10,-2,12,16
205.2.a.a,205,1,0,-1,0,1,-4,0,-2,-6,0,-8,6,0,6,1,4,-4,6,-4,14,-8,-12,-6,-4,4,-6,-6
205.2.a.b,205,1,0,-1,2,-1,2,6,2,2,-6,-4,10,0,-6,1,-4,-2,-14,12,-10,-2,-2,6,-2,0,10,10
205.2.a.c,205,1,0,1,2,1,2,0,-4,4,0,-8,2,0,-6,-1,8,2,8,-12,2,10,8,-6,-8,12,14,-8
205.2.a.d,205,2,0,-1,-6,2,-3,-6,-1,-4,-3,4,-5,-3,-3,2,-3,-19,-10,-17,-12,-7,20,-3,15,-15,-2,6
205.2.a.e,205,2,0,-1,-2,-2,3,-8,-3,0,-5,-6,-3,-7,1,-2,-3,-1,-2,-17,-4,7,-6,19,-17,-21,0,14
205.2.a.f,205,3,0,0,2,3,1,4,1,-2,-5,20,-13,-11,11,-3,1,7,-10,31,-14,-15,-2,11,-13,13,-6,-10
205.2.a.g,205,3,0,2,2,-3,-9,4,-3,4,15,6,1,1,-17,3,-3,9,8,15,6,-5,-10,-3,9,19,-12,-8
206.2.a.a,206,1,0,-1,2,4,0,-6,-2,2,-4,0,-6,8,8,2,2,-8,-12,12,10,-2,0,10,0,-4,2,14
206.2.a.b,206,2,0,-2,-3,-5,5,0,6,5,4,-3,12,-8,1,11,-5,-14,-9,-6,-6,-3,12,18,5,20,14,1
206.2.a.c,206,2,0,-2,1,1,-3,8,2,-3,12,-7,-12,16,-7,-13,-3,-2,9,-10,-6,5,8,-6,9,-8,-2,-19
206.2.a.d,206,4,0,4,2,0,2,4,0,-14,0,2,0,8,10,-18,4,0,-4,8,-4,18,4,12,18,12,4,-6
207.2.a.a,207,1,0,-1,0,0,-2,-4,-6,-4,2,1,-2,4,2,-2,10,0,12,12,-6,-10,-8,-14,10,-12,16,-10
207.2.a.b,207,2,0,-2,0,-4,-4,0,0,-12,-4,-2,0,0,-4,-8,-12,12,-4,-4,4,20,16,4,-4,-8,-12,-20
207.2.a.c,207,2,0,0,0,2,2,-8,0,10,10,-2,0,-4,0,4,2,8,6,-8,0,6,16,-4,6,-8,-2,8
207.2.a.d,207,2,0,1,0,2,2,6,6,-6,-4,-2,6,0,2,-2,0,0,8,-4,4,-10,-20,22,-4,22,12,22
207.2.a.e,207,2,0,2,0,4,-4,0,0,12,-4,2,0,0,-4,8,-12,-12,4,4,4,20,-16,4,-4,8,12,-20
208.2.a.a,208,1,0,0,-1,-3,1,-6,1,-3,-2,0,6,4,-7,0,1,-3,0,6,8,-14,3,2,-8,-12,-6,-10
208.2.a.b,208,1,0,0,-1,-1,-5,2,-1,-3,2,-4,-6,4,11,8,1,-9,-12,-6,0,-6,-7,-2,-12,16,-10,-10
208.2.a.c,208,1,0,0,0,2,2,2,-1,6,6,-8,2,-10,-6,-6,-4,2,6,10,-2,-10,-10,2,4,6,-6,2
208.2.a.d,208,1,0,0,3,-1,-1,2,-1,-3,-6,4,2,-4,3,0,5,-13,12,10,-8,2,5,-10,4,0,6,14
208.2.a.e,208,2,0,0,-1,3,1,2,2,-1,-2,16,-4,-8,7,2,-15,13,-2,-2,14,2,3,-12,-16,12,20,0
209.2.a.a,209,1,0,0,1,-3,-4,1,2,0,1,3,-6,-7,-7,0,-10,0,6,3,-10,11,15,8,-16,0,9,-1
209.2.a.b,209,2,0,0,-2,-2,-4,-2,-4,4,-2,-6,-4,-10,6,8,12,12,8,-6,-8,-18,-22,8,-32,4,-10,2
209.2.a.c,209,5,0,2,1,-5,6,5,4,-4,-5,3,10,11,1,2,20,-20,-14,3,-10,9,23,0,44,-14,-27,15
209.2.a.d,209,7,0,-1,2,2,10,-7,-4,2,7,10,-18,24,0,-12,2,8,2,-10,14,8,10,-6,52,-10,0,-24
210.2.a.a,210,1,0,-1,-1,-1,-1,-4,-2,-6,0,-8,10,-8,2,-2,8,4,10,4,-6,0,-12,-6,-8,-4,14,2
210.2.a.b,210,1,0,-1,1,1,1,0,2,-6,8,0,6,-4,-10,-6,-4,0,-6,-12,-10,-4,12,-10,8,12,-6,-10
210.2.a.c,210,1,0,1,-1,1,1,4,-2,2,-4,-8,6,-8,-2,2,-12,-8,6,4,-2,12,8,-14,0,12,2,10
210.2.a.d,210,1,0,1,1,-1,1,0,2,-6,-4,0,-6,-4,2,6,8,-12,6,-12,2,8,0,14,-16,12,6,14
210.2.a.e,210,1,0,1,1,1,-1,-4,-2,2,4,-8,-2,0,6,-6,-4,0,-10,12,14,-12,-8,10,16,-12,10,2
211.2.a.a,211,2,0,1,3,2,1,-6,8,11,-5,8,0,-11,-4,-6,18,1,13,0,-6,-24,-6,-7,-10,8,15,1
211.2.a.b,211,3,0,-2,-1,-8,2,-2,-3,6,-7,-19,-6,-5,-2,-18,4,11,-10,5,-23,7,18,-2,8,-21,-31,-7
211.2.a.c,211,3,0,0,-3,-5,-3,-9,1,-17,2,16,-20,3,5,-2,3,-4,-1,-12,0,0,-11,3,-5,28,5,7
211.2.a.d,211,9,0,-1,-1,15,-2,13,-4,4,-2,-3,26,5,5,20,-37,4,13,14,23,-3,19,17,7,6,33,-11
212.2.a.a,212,1,0,0,-1,-2,-2,2,-7,-3,5,-3,9,-8,-3,2,4,10,1,-2,-10,4,-9,-6,5,-11,-10,-3
212.2.a.b,212,1,0,0,2,2,0,-4,-2,2,2,-2,2,2,10,2,-4,-12,-1,-12,10,-2,6,10,10,-6,-10,14
212.2.a.c,212,3,0,0,-3,0,6,6,15,3,-3,-3,-9,-6,-9,-6,0,18,-3,-6,0,-6,-3,24,3,-3,-6,-9
213.2.a.a,213,1,0,1,1,2,2,0,-2,0,0,0,-2,-10,-6,0,-4,12,-4,12,10,2,-1,-10,4,-4,6,-2
213.2.a.b,213,2,0,-3,2,-5,-4,-8,-1,-4,-8,-3,3,8,-1,-17,-15,15,9,4,10,-5,2,2,-5,-12,-14,5
213.2.a.c,213,2,0,-1,-2,1,-6,-4,-5,0,-8,-3,3,-4,3,15,-3,-5,-3,0,0,-17,-2,-10,-1,-6,12,-9
213.2.a.d,213,2,0,1,2,-1,-2,6,-3,6,-4,3,7,4,-1,3,13,-9,5,-6,-24,13,-2,-2,-9,20,6,9
213.2.a.e,213,4,0,3,-4,-3,6,2,5,-8,8,-1,-5,2,19,-19,25,7,-5,10,2,35,4,2,-1,18,-16,-1
214.2.a.a,214,1,0,-1,-2,-1,4,-6,-4,-6,-2,5,0,-2,0,-11,-9,11,10,-3,-8,5,0,8,11,4,-15,-12
214.2.a.b,214,1,0,-1,1,-4,-2,-3,-1,6,1,-7,-6,4,-9,-5,12,8,7,-6,1,-10,6,-4,-7,4,-15,-6
214.2.a.c,214,1,0,1,-2,-3,-4,-2,4,-2,-2,1,-4,-10,12,-11,1,-1,6,-5,4,-5,-12,-16,7,-16,9,12
214.2.a.d,214,1,0,1,1,0,2,-3,-1,6,-7,9,-6,-4,-1,3,8,0,-9,6,-7,14,6,-4,-7,12,9,14
214.2.a.e,214,2,0,-2,-2,4,-2,2,2,10,4,0,10,-4,-8,6,-18,0,8,10,2,10,6,-10,-4,-18,6,6
214.2.a.f,214,2,0,2,2,0,-2,6,-2,-6,4,-12,6,4,-8,6,-14,12,0,6,-2,-2,6,-2,16,18,6,-2
215.2.a.a,215,1,0,0,0,-1,-2,-1,-1,-3,-2,-1,4,3,-8,5,-1,0,-5,12,-4,-3,6,-8,0,-9,-6,-17
215.2.a.b,215,3,0,-2,1,3,-3,9,-2,10,6,-6,2,13,9,15,-3,-22,8,13,-10,-6,-6,3,-17,-12,8,6
215.2.a.c,215,5,0,2,-1,5,5,-6,5,-17,-6,1,6,6,5,2,-5,0,-23,-1,20,21,4,5,41,-7,20,37
215.2.a.d,215,6,0,3,4,-6,8,0,6,6,6,0,-10,0,28,-6,6,-6,-4,-20,-8,22,8,34,-16,-14,0,34
216.2.a.a,216,1,0,0,0,-4,-3,-4,1,4,-1,-4,0,-4,-9,0,-8,12,8,-4,-5,11,-8,1,-5,-8,-12,5
216.2.a.b,216,1,0,0,0,-1,3,5,4,-8,2,2,6,-7,-6,-6,-2,6,5,-4,-8,-10,-8,1,16,-11,6,-1
216.2.a.c,216,1,0,0,0,1,3,-5,4,8,2,-2,-6,-7,-6,6,-2,-6,-5,4,-8,-10,8,1,16,11,-6,-1
216.2.a.d,216,1,0,0,0,4,-3,4,1,-4,-1,4,0,-4,-9,0,-8,-12,-8,4,-5,11,8,1,-5,8,12,5
217.2.a.a,217,3,0,-3,-3,-6,3,0,-3,-12,-3,-12,9,3,6,-21,-3,-21,9,-3,-3,6,-21,-3,-12,-3,-3,-21
217.2.a.b,217,3,0,-3,-3,0,-3,-6,-3,-6,3,-18,-15,-3,0,15,-3,-9,-9,-3,3,-18,-9,-9,12,3,21,9
217.2.a.c,217,4,0,0,3,4,4,2,-1,8,5,20,-7,-4,0,5,-15,19,3,5,-5,-14,-5,-9,-4,25,21,-15
217.2.a.d,217,5,0,3,3,0,-5,4,-3,-4,-9,18,-1,5,-12,-21,5,39,19,1,-1,-2,23,-5,12,11,-13,-7
218.2.a.a,218,1,0,1,-2,-3,-4,3,-4,-6,5,3,-3,-4,-4,0,-10,-3,12,12,-7,-4,-12,-1,-16,6,-3,-19
218.2.a.b,218,2,0,-2,-4,2,-4,-2,-8,-4,-10,-2,6,-4,-4,8,-4,6,8,-4,2,4,4,-26,4,4,14,18
218.2.a.c,218,2,0,2,-2,0,6,2,4,2,-2,-8,-16,6,2,6,-10,0,-4,-12,4,-4,6,10,8,16,10,22
218.2.a.d,218,2,0,2,3,2,-4,-6,3,-4,0,3,10,-6,1,4,3,-9,3,0,14,16,-16,3,5,-27,5,31
218.2.a.e,218,3,0,-3,3,-3,6,3,9,0,3,0,-3,0,-3,-18,3,-6,-3,12,-3,0,-18,6,15,15,6,0
219.2.a.a,219,1,0,-2,-1,-1,2,-4,-2,-3,-1,0,-10,-6,1,2,6,7,3,1,-5,-13,10,-1,-1,-11,-2,-11
219.2.a.b,219,1,0,0,1,-3,-4,0,-4,3,-1,6,-6,-10,-7,0,2,-3,9,-9,-1,-13,12,1,11,15,-18,5
219.2.a.c,219,1,0,1,-1,-4,2,-4,-2,0,-4,0,8,6,-2,-10,-6,-8,-12,4,-14,8,-8,-1,8,16,-14,-2
219.2.a.d,219,4,0,1,-4,9,-4,2,6,9,1,4,10,-10,-11,4,-10,7,11,11,23,-23,22,4,-3,13,8,5
219.2.a.e,219,6,0,-1,6,5,8,-2,4,-3,5,-6,-4,4,13,-6,-12,-19,-5,-3,11,5,-8,-6,5,-5,20,13
220.2.a.a,220,1,0,0,-2,1,-4,-1,-4,0,-4,-6,-6,8,2,6,8,6,-6,-12,2,-10,-12,-16,8,0,6,14
220.2.a.b,220,1,0,0,2,1,0,1,0,-4,-4,6,2,0,-6,-10,4,10,2,-4,-14,2,4,-4,-8,12,6,6
221.2.a.a,221,1,0,-1,0,4,-2,6,-1,1,8,4,-6,-2,-8,0,4,0,-6,0,-10,-8,2,0,0,-4,-2,-4
221.2.a.b,221,1,0,1,2,2,2,-6,-1,1,4,6,-6,-2,2,-6,0,-4,14,4,2,0,-10,10,14,12,-18,2
221.2.a.c,221,2,0,-1,-3,0,-1,-3,-2,-2,-7,6,-8,-14,10,4,-22,2,-3,-8,3,-2,16,-10,-2,-8,15,7
221.2.a.d,221,2,0,-1,1,-2,-5,3,-2,2,5,6,18,8,-8,0,18,-2,-11,8,19,-18,4,8,-8,0,-9,7
221.2.a.e,221,2,0,0,2,-2,4,4,-2,2,4,-6,-12,0,10,10,-12,-4,0,-4,8,0,4,-14,14,8,-4,-18
221.2.a.f,221,3,0,0,-3,-2,-9,-7,3,3,-17,2,4,-6,-4,2,6,-2,11,6,-15,-18,-20,4,-24,22,-17,1
221.2.a.g,221,6,0,1,1,-2,7,-1,6,-6,23,-10,-4,16,4,-4,10,-6,-27,10,11,18,0,12,-6,26,21,3
222.2.a.a,222,1,0,-1,-1,-4,3,5,3,3,-7,9,0,-2,1,6,4,-10,3,-4,-2,6,-12,13,-6,5,11,6
222.2.a.b,222,1,0,-1,-1,2,0,-4,6,6,8,0,-6,4,1,-6,-8,8,6,-4,-2,-12,0,10,-12,-4,-10,-6
222.2.a.c,222,1,0,-1,1,4,-1,-1,-3,3,-5,5,4,-10,-1,-6,4,2,-11,-12,10,14,0,-11,-10,-9,11,10
222.2.a.d,222,1,0,1,-1,0,3,1,1,-3,3,-1,-4,-6,-1,-10,12,-6,-1,0,2,2,0,-3,14,9,-3,-10
222.2.a.e,222,1,0,1,1,0,-1,3,-1,-3,-7,3,0,2,1,-6,-4,6,9,0,-10,2,12,5,2,3,-3,2
223.2.a.a,223,2,0,-2,-2,-4,0,2,4,-6,-4,-6,-14,8,2,-10,-12,-16,10,22,-4,-10,-8,2,4,8,-26,12
223.2.a.b,223,4,0,-4,0,-3,-6,-10,-9,-17,7,-2,7,0,-2,2,16,16,-26,-15,1,4,4,0,-12,-13,9,-34
223.2.a.c,223,12,0,7,0,7,2,6,1,27,-5,12,3,-12,2,22,0,12,26,3,-21,6,-6,16,-12,39,13,2
224.2.a.a,224,1,0,0,-2,0,-1,-4,-4,-2,-6,8,2,-4,10,-10,4,4,-2,10,-8,-8,0,-6,-16,2,18,-2
224.2.a.b,224,1,0,0,2,0,1,4,-4,-2,6,-8,2,4,10,-10,-4,-4,-2,-10,-8,8,0,-6,16,-2,18,-2
224.2.a.c,224,2,0,0,-2,2,2,-4,6,0,2,8,0,4,0,-8,4,12,-20,-14,18,8,8,12,8,-14,-12,16
224.2.a.d,224,2,0,0,2,2,-2,4,6,0,-2,-8,0,-4,0,-8,-4,-12,-20,14,18,-8,-8,12,-8,14,-12,16
225.2.a.a,225,1,0,-2,0,0,-3,-2,1,-2,-5,-6,-10,-3,2,8,1,-2,4,10,7,-3,8,-14,0,-6,0,17
225.2.a.b,225,1,0,-1,0,0,0,4,2,2,4,0,2,0,10,-10,-4,8,-10,4,-2,-12,8,-10,0,12,6,-2
225.2.a.c,225,1,0,0,0,0,-5,0,-5,0,-1,0,0,-7,10,0,-5,0,0,0,-13,-5,0,10,-4,0,0,-5
225.2.a.d,225,1,0,0,0,0,5,0,5,0,-1,0,0,-7,-10,0,5,0,0,0,-13,5,0,-10,-4,0,0,5
225.2.a.e,225,1,0,2,0,0,3,-2,-1,2,-5,6,-10,-3,-2,8,-1,2,-4,10,7,3,8,14,0,6,0,-17
225.2.a.f,225,2,0,0,0,0,0,0,0,0,8,0,0,16,0,0,0,0,0,0,4,0,0,0,32,0,0,0
226.2.a.a,226,1,0,1,-2,-4,0,-4,-2,-2,-2,4,-4,8,-8,-6,6,-12,10,-6,-6,2,-8,-14,8,16,-14,-2
226.2.a.b,226,2,0,-2,0,-4,-4,-8,4,-4,0,0,-4,-12,12,-4,0,0,4,-16,12,0,-16,12,-24,-8,12,0
226.2.a.c,226,2,0,-2,2,4,0,4,-4,-4,2,14,4,4,-4,12,-18,-6,-4,6,-12,-2,2,-4,-2,8,-4,-4
226.2.a.d,226,4,0,4,2,4,-4,0,4,0,-6,-6,0,0,-8,8,-6,-6,4,22,16,-18,22,0,-2,12,56,16
227.2.a.a,227,2,0,0,-4,0,-2,2,-8,-8,10,-6,-6,-4,-20,12,-10,12,-6,-2,-12,-4,10,2,-4,-12,10,8
227.2.a.b,227,2,0,0,3,-4,7,1,-2,-8,13,11,-3,0,8,-16,3,1,-3,16,-14,2,9,-13,7,-8,-7,-9
227.2.a.c,227,2,0,2,-1,4,3,5,2,-8,1,7,5,-12,16,-4,-9,-3,13,-16,14,-10,5,11,-5,8,-15,-1
227.2.a.d,227,3,0,-2,1,-5,-6,-1,-9,7,-10,2,-1,2,-14,-2,2,-10,1,13,3,-18,-16,-13,17,25,12,-33
227.2.a.e,227,10,0,0,1,7,0,-3,23,17,-16,-16,-3,14,38,8,12,-14,7,-12,13,18,-14,33,13,-5,18,39
228.2.a.a,228,1,0,0,-1,-3,1,-5,-6,-5,1,4,6,6,-8,-8,9,1,2,-8,11,0,-4,-11,-8,-4,10,-10
228.2.a.b,228,1,0,0,-1,2,0,2,2,6,-1,2,4,-8,-2,-8,-8,2,-4,0,2,12,-4,6,-16,6,0,-2
228.2.a.c,228,2,0,0,2,3,1,-3,4,-3,2,-6,-6,-2,-2,0,1,-21,6,0,-11,4,-24,-5,16,6,18,28
229.2.a.a,229,1,0,-1,1,-3,2,-3,-6,-7,3,4,-6,4,2,6,7,6,-10,4,5,-10,-9,-2,6,11,-18,-5
229.2.a.b,229,6,0,-4,-6,-3,-5,-22,1,6,-19,-10,-7,-3,2,-12,-9,-4,5,-32,-6,2,-32,10,-5,-14,-4,22
229.2.a.c,229,11,0,5,3,0,1,27,-7,1,8,-2,17,-3,-14,18,-2,14,-11,52,-23,18,31,-10,1,37,4,-17
230.2.a.a,230,2,0,-2,-1,-2,1,3,7,-3,7,2,6,7,-8,-9,4,-18,12,-18,7,4,3,-2,16,-12,12,7
230.2.a.b,230,2,0,-2,3,2,3,-7,3,3,1,-2,2,-5,16,-9,-4,2,-8,-14,5,-8,-29,10,0,8,0,9
230.2.a.c,230,2,0,2,1,2,1,1,-3,1,-3,2,-14,7,4,-9,0,6,-8,-10,-3,20,3,2,12,4,-12,27
230.2.a.d,230,3,0,3,1,-3,3,3,-1,-7,3,-3,-4,-5,-2,1,24,-14,-18,14,1,8,11,-8,-4,8,18,-33
231.2.a.a,231,1,0,-1,-1,-2,1,-1,6,2,4,0,-2,8,6,10,-4,-8,6,4,-10,-12,0,2,16,4,18,2
231.2.a.b,231,2,0,-1,-2,6,2,-2,2,6,-4,-2,2,-2,2,-4,-6,12,-10,0,20,8,4,14,-4,-14,0,-14
231.2.a.c,231,2,0,1,2,2,2,2,-2,6,0,-2,10,-6,-14,4,-2,-4,-2,0,4,-24,4,18,-20,18,0,6
231.2.a.d,231,3,0,0,-3,0,-3,3,0,0,12,-6,12,-6,0,6,6,-24,0,-24,18,12,12,24,12,-18,18,24
231.2.a.e,231,3,0,2,3,4,-3,-3,-4,8,-8,10,-4,-2,0,14,-14,0,0,0,-6,-4,-12,-20,12,6,26,-4
232.2.a.a,232,1,0,0,-1,-3,2,-3,-5,-4,0,0,-1,9,8,-2,-11,-7,9,4,-12,12,2,-4,3,-16,2,-14
232.2.a.b,232,1,0,0,1,1,2,3,-1,0,0,4,-1,3,-8,-6,-5,3,5,-8,0,-12,6,-4,1,-12,6,14
232.2.a.c,232,2,0,0,-2,-2,-8,-2,-2,-4,4,-4,2,-14,8,-8,6,-10,-14,4,12,0,-4,8,-6,-12,-8,8
232.2.a.d,232,3,0,0,2,4,0,2,4,6,-4,-4,3,-14,-2,10,-6,-2,0,8,2,20,12,2,-30,32,10,-14
233.2.a.a,233,1,0,1,-2,2,4,6,6,-6,-4,0,-2,4,-6,2,-2,2,-6,-10,-6,10,-8,-14,2,2,10,10
233.2.a.b,233,7,0,-2,-8,-3,-17,1,-12,-5,-8,-16,3,-24,-10,16,-3,-8,1,9,-6,-36,-9,-7,-26,2,21,-11
233.2.a.c,233,11,0,-2,10,-1,15,-5,4,7,8,8,-9,24,14,-8,15,8,-5,5,-2,-2,3,23,36,6,-19,33
234.2.a.a,234,1,0,-1,0,-2,-2,-4,-1,0,-6,4,-8,-2,6,6,-8,8,12,4,10,-2,-16,14,-4,-12,-6,-10
234.2.a.b,234,1,0,-1,0,1,1,2,-1,3,6,4,-2,4,3,0,-5,-13,-12,10,-8,-2,5,-10,-4,0,-6,14
234.2.a.c,234,1,0,1,0,-2,4,4,1,-2,-8,0,-6,-4,-2,10,4,-8,10,-4,-2,-16,8,2,8,-12,-14,10
234.2.a.d,234,1,0,1,0,2,-2,4,-1,0,-6,-4,8,-2,6,-6,-8,-8,-12,-4,10,-2,16,14,-4,12,6,-10
234.2.a.e,234,1,0,1,0,3,-1,-6,1,3,2,0,-6,-4,-7,0,-1,-3,0,6,8,14,3,2,8,-12,6,-10
235.2.a.a,235,1,0,-1,-1,-1,1,3,3,6,-1,4,2,-3,0,4,0,1,8,-6,5,4,0,-13,-10,7,14,12
235.2.a.b,235,1,0,-1,-1,1,1,-3,-3,-6,-7,4,-10,3,12,-8,0,1,-4,6,5,-8,12,5,14,-17,-10,0
235.2.a.c,235,1,0,2,2,-1,-2,0,3,0,-4,1,8,6,-6,-2,9,1,8,3,-1,-8,3,5,-13,-14,-1,12
235.2.a.d,235,5,0,-4,-5,-5,-5,-1,-11,-14,5,-6,-16,3,-16,-24,0,-5,-14,10,-9,4,4,-27,-18,17,4,-30
235.2.a.e,235,7,0,1,1,7,-3,1,2,12,3,1,26,-5,0,12,-33,-7,4,13,20,-32,11,-8,17,19,13,-12
236.2.a.a,236,1,0,0,-1,-1,-3,-2,0,2,-5,-4,5,-4,8,-1,0,8,3,1,-2,-14,0,-2,-13,4,-18,2
236.2.a.b,236,1,0,0,1,3,-1,6,-4,-6,5,0,9,-4,-4,-9,8,-12,-9,-1,2,2,0,14,-7,0,-6,2
236.2.a.c,236,3,0,0,0,-4,8,2,4,3,8,-4,-20,8,-2,0,12,8,-8,-3,-10,0,-23,-4,28,14,10,-2
237.2.a.a,237,2,0,2,-2,0,2,6,-2,2,-4,6,6,-4,0,0,14,4,8,12,-12,16,0,-6,2,14,0,-2
237.2.a.b,237,4,0,-3,-4,-4,-2,-8,-6,-8,-4,-18,-2,0,4,2,-16,-6,-6,-2,18,-40,-20,14,-4,-8,2,22
237.2.a.c,237,7,0,2,7,-2,4,2,6,-8,4,8,-10,4,10,-20,22,-10,0,-2,4,20,-20,2,-7,10,-20,14
238.2.a.a,238,1,0,-1,0,-2,-1,-2,0,-1,-2,-8,0,8,-4,-6,4,8,-6,10,10,8,4,-10,-4,-6,-6,-14
238.2.a.b,238,1,0,-1,2,4,1,-4,-4,-1,-6,0,6,4,-10,6,0,4,14,-6,-12,4,-8,2,0,10,10,6
238.2.a.c,238,1,0,1,-2,-4,1,-6,-2,-1,0,-4,8,0,4,-2,-8,-8,-6,-4,-8,-16,4,10,-12,12,10,6
238.2.a.d,238,1,0,1,0,2,1,0,-2,1,4,0,-6,0,-6,-6,-12,8,-2,4,2,12,0,2,-8,12,10,-14
238.2.a.e,238,1,0,1,2,0,-1,-2,-2,-1,0,4,4,0,8,-2,0,0,2,4,-12,-8,12,-14,12,4,-6,6
238.2.a.f,238,2,0,-2,2,2,-2,6,4,2,-8,16,2,-12,-2,-16,-4,4,0,-12,-2,-12,4,0,-12,4,4,-8
239.2.a.a,239,3,0,-1,-1,-4,-3,-1,-7,-2,-10,3,4,-8,-3,-4,5,2,14,7,-10,8,0,-16,-2,0,-29,-23
239.2.a.b,239,17,0,0,3,6,5,-1,15,4,24,-9,-2,28,11,20,-9,-18,-12,1,24,16,12,30,-10,-16,65,87
240.2.a.a,240,1,0,0,-1,-1,-4,0,-6,-2,-4,8,-6,0,-6,10,4,-8,10,0,6,4,0,-14,-16,-12,2,2
240.2.a.b,240,1,0,0,-1,-1,4,0,2,6,4,0,-6,-8,2,-6,4,0,-6,0,-10,4,0,2,-8,-12,18,2
240.2.a.c,240,1,0,0,-1,1,0,4,6,-6,4,0,-2,8,-2,-6,-12,-8,6,-12,14,-4,-8,-6,8,12,10,2
240.2.a.d,240,1,0,0,1,1,0,4,-2,2,-4,0,-2,0,-10,10,-4,-8,-10,4,-2,-12,8,10,0,-12,-6,2
241.2.a.a,241,7,0,-4,-3,-8,-7,-18,-1,-2,-6,-22,-16,-18,8,-15,14,-10,15,-18,4,18,-50,0,-15,-24,-13,1
241.2.a.b,241,12,0,3,1,6,3,22,-5,-4,-6,32,6,8,-8,-1,-2,34,5,26,-26,6,94,-22,9,-8,-3,-29
242.2.a.a,242,1,0,-1,-2,-3,2,0,5,3,2,6,-3,2,-7,3,8,6,-3,0,-10,-10,12,14,2,18,-9,11
242.2.a.b,242,1,0,1,-2,-3,-2,0,-5,-3,-2,6,3,2,-7,-3,-8,6,-3,0,10,-10,12,-14,-2,-18,-9,11
242.2.a.c,242,2,0,-2,-2,0,-6,0,-6,0,-6,-6,6,-10,-4,12,0,-6,12,12,-12,-10,-12,-12,6,-6,6,-2
242.2.a.d,242,2,0,-2,3,2,4,0,2,-1,5,-2,0,4,6,-9,-3,-4,-12,-15,-4,11,-6,-23,0,-3,-5,21
242.2.a.e,242,2,0,2,-2,0,6,0,6,0,6,-6,-6,-10,-4,-12,0,-6,12,12,12,-10,-12,12,-6,6,6,-2
242.2.a.f,242,2,0,2,3,2,-4,0,-2,1,-5,-2,0,4,6,9,3,-4,-12,-15,4,11,-6,23,0,3,-5,21
243.2.a.a,243,1,0,0,0,0,-4,0,-7,0,-1,0,0,11,-10,0,5,0,0,0,-1,5,0,-7,-13,0,0,5
243.2.a.b,243,1,0,0,0,0,5,0,2,0,8,0,0,-7,-1,0,-13,0,0,0,-1,5,0,-7,-4,0,0,14
243.2.a.c,243,2,0,0,0,0,-2,0,10,0,-2,0,0,10,-2,0,-2,0,0,0,4,16,0,4,-2,0,0,34
243.2.a.d,243,2,0,0,0,0,4,0,-2,0,-2,0,0,-2,16,0,22,0,0,0,10,-14,0,22,-14,0,0,-14
243.2.a.e,243,3,0,-3,0,-6,-3,-3,-3,-9,-3,-6,-12,-12,-3,3,-12,6,-18,21,6,6,9,6,6,6,0,15
243.2.a.f,243,3,0,3,0,6,-3,3,-3,9,-3,6,12,-12,-3,-3,-12,-6,18,-21,6,6,-9,6,6,-6,0,15
244.2.a.a,244,1,0,0,0,-3,-3,-1,1,-2,2,3,-8,0,-2,-3,8,-4,-10,9,1,13,-12,5,-17,12,-8,-18
244.2.a.b,244,4,0,0,0,5,-1,-1,5,6,-6,7,16,0,-2,13,-8,-8,0,-5,-4,-17,20,-23,7,16,2,12
245.2.a.a,245,1,0,-2,-3,1,0,1,-3,3,-6,-4,-1,-6,0,-6,-6,9,-10,6,0,-14,-8,-6,-1,-12,-12,15
245.2.a.b,245,1,0,-2,3,-1,0,1,3,-3,6,-4,-1,6,0,6,-6,-9,-10,-6,0,-14,-8,6,-1,12,12,-15
245.2.a.c,245,1,0,0,-1,1,0,-3,-5,-3,-2,-6,3,4,2,12,-10,-9,12,0,-8,-4,0,-2,-1,-12,12,1
245.2.a.d,245,2,0,-1,1,-2,0,1,-5,5,6,-2,1,0,12,-2,10,5,-2,8,-6,4,16,8,-9,-8,-6,9
245.2.a.e,245,2,0,0,-2,-2,0,-6,-6,2,-12,12,-6,-12,-4,4,4,6,0,-4,0,-8,-12,0,-14,0,16,-18
245.2.a.f,245,2,0,0,2,2,0,-6,6,-2,12,12,-6,12,-4,-4,4,-6,0,4,0,-8,-12,0,-14,0,-16,18
245.2.a.g,245,2,0,2,-2,-2,0,4,4,-4,0,-2,-2,12,0,10,10,-4,-8,8,6,22,-8,-4,24,-2,6,-12
245.2.a.h,245,2,0,2,2,2,0,4,-4,4,0,-2,-2,-12,0,-10,10,4,-8,-8,-6,22,-8,4,24,2,-6,12
246.2.a.a,246,1,0,-1,-1,-2,2,-4,-4,-2,-8,4,-8,4,2,-1,4,-2,4,12,-6,16,6,-2,-14,4,-6,-2
246.2.a.b,246,1,0,-1,-1,3,-2,2,1,5,-1,6,8,3,-6,1,-4,-12,-14,3,10,-7,-3,1,12,7,-15,-10
246.2.a.c,246,1,0,-1,1,-2,2,4,4,-2,0,4,0,4,2,-1,-12,-2,-4,-4,10,-8,-10,-2,-14,-12,10,-18
246.2.a.d,246,1,0,-1,1,3,2,-6,-1,3,5,-6,0,-1,2,-1,8,-12,6,-9,-10,-13,15,-7,-4,3,15,2
246.2.a.e,246,1,0,1,-1,1,2,2,-7,7,7,-2,-8,-5,-10,-1,-8,4,-2,9,6,1,15,1,-8,-11,3,10
246.2.a.f,246,1,0,1,1,-2,4,-4,2,2,-4,0,-6,-8,-2,1,4,12,-6,-4,-10,12,-12,-6,12,12,2,10
246.2.a.g,246,1,0,1,1,1,-2,2,-1,-7,5,-6,0,7,-2,1,4,-12,-6,5,2,3,-3,9,0,9,5,-2
247.2.a.a,247,2,0,1,-2,2,-4,-6,2,6,-2,8,0,4,6,-6,8,-4,8,0,14,-4,4,18,-10,28,20,-34
247.2.a.b,247,3,0,-3,-3,-3,-3,0,3,-12,3,-6,-15,-3,6,-3,15,3,-15,6,-12,-3,15,-21,6,-18,-15,6
247.2.a.c,247,4,0,-3,-1,-8,-2,-5,-4,-15,-4,-2,1,7,2,-25,-10,-22,-1,12,31,9,9,-18,-2,-12,-25,-14
247.2.a.d,247,5,0,0,3,2,4,7,5,23,-5,-2,5,-9,-18,23,-2,6,-11,0,-15,-15,-7,-22,-24,-8,-17,20
247.2.a.e,247,5,0,4,3,3,-1,-2,-5,14,5,-6,-9,-3,6,21,-13,15,5,14,-10,5,11,35,6,2,11,24
248.2.a.a,248,1,0,0,-2,1,-3,-2,-2,-6,1,-6,4,-1,-2,7,4,8,8,3,-6,-12,3,-10,-12,2,-16,-7
248.2.a.b,248,1,0,0,-2,2,0,2,4,6,4,0,-4,-1,4,-10,-2,-8,4,0,0,12,0,2,12,-14,-14,14
248.2.a.c,248,1,0,0,0,-3,-3,2,-4,0,1,4,-6,1,-10,7,-10,12,-4,3,12,-12,-13,2,6,6,-10,1
248.2.a.d,248,2,0,0,4,3,1,-4,2,-4,-7,-2,16,-2,-2,-3,2,0,0,-1,10,-8,-17,0,4,0,6,-17
248.2.a.e,248,3,0,0,2,-3,5,8,2,-4,5,0,-20,3,4,-5,12,0,-2,-5,-14,12,7,6,6,-8,6,21
249.2.a.a,249,1,0,-1,-1,1,0,-3,-6,-4,-7,5,8,-10,7,-2,4,-12,9,-1,11,-5,-4,12,-4,-1,-9,-2
249.2.a.b,249,1,0,1,-1,-1,-4,-3,2,4,-1,-3,4,-6,-9,-2,4,8,7,-9,-13,5,0,-12,-12,-1,9,-6
249.2.a.c,249,2,0,-2,2,-6,-4,-6,0,0,-2,-2,-12,-16,-2,-8,12,-8,-2,18,10,-2,-12,4,4,2,-6,0
249.2.a.d,249,4,0,2,4,6,0,4,-6,0,-2,8,0,8,-16,-8,-10,16,12,20,-12,-20,14,-22,6,-4,-4,6
249.2.a.e,249,5,0,-3,-5,-2,8,4,4,2,12,8,-2,24,-2,6,10,12,-28,8,6,10,26,16,6,5,4,8
250.2.a.a,250,2,0,-2,-3,0,-1,-6,2,-6,-10,-13,-5,-6,4,9,7,-1,-8,-10,9,4,-6,2,0,-3,5,14
250.2.a.b,250,2,0,-2,2,0,-1,9,-3,4,-5,7,10,-6,-11,-1,12,-11,-3,-5,-16,14,14,-18,0,-8,5,-6
250.2.a.c,250,2,0,2,-2,0,1,9,3,-4,-5,-7,10,-6,11,-1,-12,11,3,-5,-16,-14,14,18,0,8,5,6
250.2.a.d,250,2,0,2,3,0,1,-6,-2,6,-10,13,-5,-6,-4,9,-7,1,8,-10,9,-4,-6,-2,0,3,5,-14
251.2.a.a,251,4,0,-2,-2,-3,-3,-3,-12,1,-9,4,-12,-2,-13,1,-5,12,5,6,-21,17,-10,-2,-21,-1,5,6
251.2.a.b,251,17,0,2,0,3,3,-1,22,-1,13,-2,28,12,27,-1,9,-20,1,-20,59,15,-26,8,33,0,11,-10
252.2.a.a,252,1,0,0,0,-4,-1,-2,-6,4,-4,-2,2,0,2,0,-4,-12,6,8,6,-8,-14,-2,12,4,0,-2
252.2.a.b,252,1,0,0,0,0,1,6,2,0,-4,6,-6,8,2,-12,-4,-12,6,0,-10,8,-6,-10,-4,12,-12,-10
253.2.a.a,253,3,0,-1,-5,-5,-3,3,-1,-9,-5,3,12,-4,-14,6,6,-10,6,-25,-12,-10,-18,19,5,-33,-19,-33
253.2.a.b,253,3,0,3,3,3,3,-3,-3,3,9,3,0,0,-18,12,0,6,18,-9,-6,6,-18,-9,9,21,21,-9
253.2.a.c,253,5,0,-4,-5,-3,-3,-5,-15,-9,-5,-5,-8,-4,8,-6,-8,-34,2,-13,18,-4,10,-31,-3,-43,15,17
253.2.a.d,253,6,0,3,7,3,-1,6,-3,5,1,-6,6,-8,2,-2,10,14,-4,39,-22,8,18,-9,-15,43,17,19
254.2.a.a,254,1,0,-1,0,-1,-3,1,-2,-1,-7,9,-6,-10,4,-3,12,10,-3,-4,10,-2,12,-14,-2,0,6,-8
254.2.a.b,254,1,0,1,-2,-3,-1,-3,-4,3,-7,3,6,-4,2,9,-10,-6,3,0,-10,14,-12,2,-10,-12,0,8
254.2.a.c,254,1,0,1,-2,0,4,0,6,-6,8,4,-8,-8,-6,6,-6,-8,-4,-2,6,10,8,-6,-8,14,2,-2
254.2.a.d,254,1,0,1,0,2,0,4,-2,2,-4,0,-6,8,-2,-6,0,-8,-6,8,-2,-8,0,10,16,0,-6,10
254.2.a.e,254,2,0,2,4,-1,1,-7,-2,-3,5,-3,6,0,4,-1,12,18,-3,-10,12,12,0,-12,-6,-10,-6,-2
254.2.a.f,254,5,0,-5,-2,-1,3,1,10,7,17,-1,0,14,8,5,-10,-26,-23,-6,2,0,-20,2,10,-22,26,28
255.2.a.a,255,2,0,1,-2,-2,0,10,-6,2,-4,2,8,-6,2,12,4,-10,0,2,6,-18,12,26,-8,12,10,8
255.2.a.b,255,2,0,3,-2,2,0,2,6,-2,-12,10,-4,-10,10,0,-12,6,20,2,-14,-6,4,10,0,4,18,-16
255.2.a.c,255,3,0,0,3,3,4,-2,4,3,0,-6,-6,2,16,-6,0,-10,-10,-14,-4,-2,4,12,-8,0,0,26
255.2.a.d,255,4,0,1,4,-4,4,2,-2,-4,12,2,4,6,-2,0,4,-2,0,-10,-2,22,-20,-10,0,-20,10,12
256.2.a.a,256,1,0,0,-2,0,0,-6,0,-6,-2,0,0,0,0,6,10,0,0,-6,0,14,0,-2,0,-18,-18,10
256.2.a.b,256,1,0,0,0,-4,0,0,-4,-2,0,0,-4,0,12,-10,0,0,-4,0,12,0,0,-6,0,0,10,-18
256.2.a.c,256,1,0,0,0,4,0,0,4,-2,0,0,4,0,-12,-10,0,0,4,0,-12,0,0,-6,0,0,10,-18
256.2.a.d,256,1,0,0,2,0,0,6,0,-6,2,0,0,0,0,6,-10,0,0,6,0,-14,0,-2,0,18,-18,10
256.2.a.e,256,2,0,0,0,0,0,0,0,12,0,0,0,0,0,12,0,0,0,0,0,0,0,4,0,0,36,-20
257.2.a.a,257,7,0,-3,-5,-1,-18,-2,-10,-10,-7,-12,7,-9,-11,17,-32,0,-1,8,-8,-19,-9,-7,-41,4,11,10
257.2.a.b,257,14,0,2,3,-1,24,2,12,-4,9,20,-3,3,5,-9,48,2,-9,-28,-10,33,-15,3,47,18,-15,2
258.2.a.a,258,1,0,-1,-1,-2,2,0,2,6,4,6,-2,4,4,-2,1,6,-4,-8,-12,4,0,-14,8,4,10,-2
258.2.a.b,258,1,0,-1,-1,1,-5,1,-3,0,-7,-4,-3,-2,2,8,-1,7,-12,12,4,6,-8,0,-10,-3,-14,-7
258.2.a.c,258,1,0,-1,1,-3,-3,-5,-3,0,7,-4,1,-6,-6,0,1,-3,12,-4,12,10,8,-16,-14,-9,2,1
258.2.a.d,258,1,0,1,-1,-2,4,4,6,-6,-4,-4,6,-8,2,2,-1,4,-6,-12,10,12,-8,-6,-16,-12,10,2
258.2.a.e,258,1,0,1,-1,3,-1,-1,1,4,1,-4,-9,2,2,-8,-1,-11,4,-12,0,2,12,4,14,3,-10,17
258.2.a.f,258,1,0,1,1,-1,1,5,-7,4,-1,-4,-5,-10,10,0,1,-1,12,4,-8,-2,-12,4,10,-7,6,-7
258.2.a.g,258,1,0,1,1,2,-2,-4,2,-2,-4,2,10,-4,-8,6,1,2,-12,4,-8,4,0,10,-8,8,6,14
259.2.a.a,259,1,0,1,0,4,1,4,4,0,-6,-4,-6,2,-1,-6,-4,-12,10,-10,-8,-4,0,2,4,0,16,4
259.2.a.b,259,2,0,0,0,6,-2,-6,2,0,4,0,0,2,2,12,-12,-12,6,18,8,6,6,-20,8,12,-6,6
259.2.a.c,259,2,0,1,0,1,2,-1,1,2,6,8,6,-5,-2,20,-10,-6,7,17,-14,-17,-5,0,-12,10,-7,19
259.2.a.d,259,3,0,-3,0,-6,3,-9,-3,-3,-3,-9,-18,6,3,3,-12,9,-3,-3,-3,-12,3,6,-3,6,-3,-12
259.2.a.e,259,3,0,1,-2,-6,-3,-1,1,-7,-7,-1,-10,2,-3,-13,6,-13,-11,-11,-3,24,-1,4,5,4,-23,12
259.2.a.f,259,4,0,0,2,6,-4,3,5,13,-7,-5,20,10,4,-11,-8,19,-1,-5,-3,-8,3,18,1,-8,39,-22
259.2.a.g,259,4,0,1,0,1,4,10,-8,-3,-3,-1,18,-13,-4,-3,8,15,22,-22,25,11,18,-16,-23,-24,-2,-17
260.2.a.a,260,1,0,0,2,-1,2,4,-1,2,0,-6,-10,0,10,-2,2,-6,2,-8,2,-6,-8,10,-16,6,10,2
260.2.a.b,260,3,0,0,2,3,-2,0,3,2,8,-10,10,-12,-2,-2,-2,-10,-18,-16,14,14,0,14,8,-6,-2,26
261.2.a.a,261,2,0,-1,0,-4,0,-8,-2,-2,0,-8,-2,0,-8,4,-8,4,16,-16,-4,12,0,-4,16,-16,2,16
261.2.a.b,261,2,0,-1,0,-2,-4,-4,-2,-6,-10,2,2,-6,6,-4,8,4,-18,0,-6,-4,6,18,-30,12,-10,6
261.2.a.c,261,2,0,1,0,4,0,8,-2,2,0,8,2,0,-8,-4,-8,-4,-16,16,-4,12,0,-4,16,16,-2,16
261.2.a.d,261,2,0,2,0,2,0,-2,-2,4,12,4,-2,6,-8,-8,10,-2,-2,-4,-4,0,12,8,-2,-4,8,-8
261.2.a.e,261,3,0,-2,0,0,4,8,4,-4,-2,-6,-3,6,8,2,-4,12,-8,20,4,0,14,-8,-2,8,8,4
262.2.a.a,262,1,0,-1,0,0,-5,2,-2,-6,7,-6,-3,2,-1,-9,12,0,10,-4,-8,7,-10,6,-4,-11,13,-8
262.2.a.b,262,1,0,1,-2,-2,-3,-6,4,-4,3,-4,3,-4,-3,11,0,0,-12,6,8,-1,-8,4,-14,-15,-15,-8
262.2.a.c,262,2,0,-2,-1,-5,3,-7,-5,-2,-4,-2,-12,6,-6,9,-9,-8,-8,21,7,4,6,-14,12,-4,20,-8
262.2.a.d,262,2,0,-2,0,4,2,4,0,8,-2,12,6,-4,6,6,-8,-8,-8,-8,-16,-2,-4,8,-24,-2,-18,-8
262.2.a.e,262,2,0,2,-2,2,4,0,-6,2,8,14,-6,-10,-10,-6,0,8,6,2,0,-12,2,26,14,8,2,-24
262.2.a.f,262,2,0,2,3,-1,-1,5,3,-2,-8,-6,0,2,-6,9,7,-4,8,5,-13,16,10,-22,0,8,12,4
263.2.a.a,263,5,0,-2,-5,-3,-5,2,-15,-10,-5,0,-2,-5,-9,-6,1,3,9,9,-1,-5,19,-37,11,-12,-12,-50
263.2.a.b,263,17,0,1,7,3,7,-2,27,16,5,-4,-12,11,17,2,9,3,7,-17,1,19,-17,61,1,-16,10,114
264.2.a.a,264,1,0,0,-1,2,0,1,2,6,0,4,2,0,-10,6,-8,-4,-6,-12,2,4,12,-14,16,-12,10,-14
264.2.a.b,264,1,0,0,1,-2,4,-1,6,6,-8,0,-6,0,6,-10,-8,0,6,4,-2,-12,-8,2,-4,-12,-6,2
264.2.a.c,264,1,0,0,1,0,2,1,0,-2,8,-2,-6,0,-2,2,4,-6,-8,-8,-4,12,-10,-6,-10,-4,10,-2
264.2.a.d,264,1,0,0,1,4,-2,-1,0,-6,4,-6,6,0,6,-10,-8,6,-12,-8,4,-12,10,2,2,12,-6,14
265.2.a.a,265,1,0,-1,0,-1,2,0,-6,-6,-2,-8,2,10,2,-6,-2,-2,-1,4,10,0,-2,14,-10,8,-2,10
265.2.a.b,265,2,0,-2,-2,-2,-4,4,2,2,-2,-10,-10,-12,-10,12,0,-12,-2,-20,12,12,-10,-20,2,-18,20,-2
265.2.a.c,265,2,0,-1,-1,2,-4,-10,2,1,-8,-11,-2,-6,8,-6,9,3,2,-1,9,12,-11,1,-4,-18,-11,-14
265.2.a.d,265,2,0,-1,-1,-2,-6,-10,0,-3,6,-7,6,2,0,-4,-5,7,-2,15,-7,-20,-25,-3,4,6,-15,-8
265.2.a.e,265,2,0,-1,1,2,-2,6,-4,3,0,1,2,6,4,-6,9,13,-2,-5,27,-16,7,1,16,20,-11,-24
265.2.a.f,265,2,0,0,4,-2,2,4,0,4,-2,8,12,-6,4,0,-18,18,2,-8,-4,12,-6,-4,-6,-12,-12,0
265.2.a.g,265,2,0,3,-3,-2,4,6,2,3,-14,1,2,-2,-4,0,23,13,2,3,-9,-8,17,-7,16,28,-7,-2
265.2.a.h,265,4,0,4,-2,4,4,4,-2,-2,14,14,-2,0,-14,8,-16,-4,-4,12,-24,8,30,-24,10,-10,20,2
266.2.a.a,266,2,0,-2,1,-1,-2,3,-2,-8,2,-6,5,20,3,-3,15,-15,-5,7,-7,-4,3,2,9,16,21,23
266.2.a.b,266,2,0,-2,3,1,2,7,6,-4,-2,2,-11,8,3,-5,-13,-1,-25,-11,11,4,3,-10,-11,0,-5,1
266.2.a.c,266,2,0,2,1,1,2,-5,6,0,2,-2,-9,0,1,1,-9,3,1,-13,-5,-16,-15,18,19,-4,21,23
266.2.a.d,266,3,0,3,-1,5,-3,3,-4,6,-3,-2,5,4,7,-7,-1,-11,3,-3,7,12,9,0,15,-16,-3,-5
267.2.a.a,267,1,0,0,-1,4,-2,2,6,4,-4,-3,3,8,-8,-11,8,-2,-8,-9,-12,3,10,1,-1,9,1,7
267.2.a.b,267,1,0,0,1,0,2,6,2,0,-4,3,-3,-4,-4,3,-4,6,0,9,8,-13,-6,-7,-1,-9,-1,-1
267.2.a.c,267,3,0,-4,3,-7,-4,-8,-11,-4,0,-7,-6,-3,-11,5,7,-10,-5,0,-2,-5,-11,-2,15,14,3,-20
267.2.a.d,267,3,0,0,-3,-3,-6,6,-15,-6,-6,3,-6,-9,-9,-3,3,6,-9,18,-18,3,27,-18,-9,-12,-3,0
267.2.a.e,267,3,0,2,3,5,-4,-4,3,6,-4,-1,12,-1,7,15,-7,-8,1,-12,-14,-13,21,14,-17,12,-3,-4
267.2.a.f,267,4,0,1,-4,3,6,-6,9,2,10,1,-2,-11,23,9,1,-8,7,10,20,-1,-21,24,-1,10,4,2
268.2.a.a,268,1,0,0,2,2,2,-4,-6,3,1,3,-1,2,-5,8,10,-3,-6,7,-10,-1,-8,-15,16,12,15,-8
268.2.a.b,268,2,0,0,-3,0,-5,-4,-3,-6,-5,-8,6,2,-1,-1,11,-11,12,0,13,2,-10,8,5,-13,-20,-16
268.2.a.c,268,2,0,0,1,-2,1,10,3,6,-1,0,-2,-8,-13,-5,-1,21,-6,8,-5,-2,2,24,-7,15,-12,2
269.2.a.a,269,1,0,0,0,1,-4,-3,2,-4,2,-1,-2,-8,7,11,3,-9,9,4,-1,-5,-6,-14,-8,10,-5,-9
269.2.a.b,269,5,0,-1,-5,-4,-5,-9,-5,6,-25,2,-2,1,-9,-3,-28,24,-8,1,-15,-2,5,20,-33,-20,0,9
269.2.a.c,269,16,0,1,5,-1,11,16,-1,-2,35,1,2,13,4,-2,51,-9,-29,-13,14,25,-9,4,51,-2,-35,-14
270.2.a.a,270,1,0,-1,0,-1,2,3,-1,3,8,-3,9,-7,2,12,-7,3,-12,-12,-10,-4,0,2,-1,-18,0,14
270.2.a.b,270,1,0,-1,0,1,2,-3,5,3,-4,9,3,5,-10,0,-1,-9,12,-12,2,-4,-12,-10,-13,-6,12,2
270.2.a.c,270,1,0,1,0,-1,2,3,5,-3,-4,-9,-3,5,-10,0,-1,9,-12,12,2,-4,12,-10,-13,6,-12,2
270.2.a.d,270,1,0,1,0,1,2,-3,-1,-3,8,3,-9,-7,2,-12,-7,-3,12,12,-10,-4,0,2,-1,18,0,14
271.2.a.a,271,6,0,-4,-1,-8,-3,-11,-2,-10,-5,-3,-17,-6,0,-18,7,-2,-5,-11,16,12,-11,6,4,10,-50,-2
271.2.a.b,271,16,0,5,1,10,-3,17,-4,12,-3,5,21,-10,2,52,-15,2,21,15,-14,-12,31,2,-4,-2,92,4
272.2.a.a,272,1,0,0,-2,0,0,-2,-6,-1,-4,-4,0,8,-4,6,-8,8,10,0,12,-8,-12,2,4,-16,10,-18
272.2.a.b,272,1,0,0,0,-2,-4,0,-2,1,4,-4,6,-4,-2,-6,-4,0,6,12,-10,-4,4,-6,-12,4,10,2
272.2.a.c,272,1,0,0,2,-2,2,6,2,1,0,-6,-10,-2,6,-6,8,0,-10,8,14,-4,-2,-14,10,-8,-10,2
272.2.a.d,272,1,0,0,2,0,4,-6,2,-1,4,0,0,4,-4,6,-8,0,-6,0,-4,-8,0,2,-8,0,-6,14
272.2.a.e,272,2,0,0,-2,0,2,6,4,-2,-4,6,0,2,16,-12,-4,0,12,-12,-8,-16,6,4,14,12,12,4
272.2.a.f,272,2,0,0,2,4,-2,-2,0,2,4,-2,4,2,-4,4,12,-8,-4,-20,-4,24,-14,12,-10,-12,-24,4
273.2.a.a,273,1,0,-2,-1,-1,1,-2,1,-4,3,-9,-1,-5,-8,6,-9,-3,3,0,10,-2,12,5,-13,-11,1,1
273.2.a.b,273,1,0,2,1,1,-1,-2,-1,0,1,3,-5,9,0,2,-1,3,-9,0,-2,10,-12,15,11,3,-17,3
273.2.a.c,273,2,0,2,-2,0,2,4,-2,4,0,8,4,-8,-4,0,8,12,-4,-4,-12,8,28,-4,0,4,8,-4
273.2.a.d,273,3,0,-2,-3,-3,-3,-2,-3,-8,-7,-9,-1,-7,12,-10,-1,-17,-5,-12,10,2,-4,-5,-13,-1,-13,-9
273.2.a.e,273,4,0,1,4,-3,4,-2,4,-2,7,3,1,3,10,-16,3,5,5,-20,12,-22,0,-13,11,1,-5,-17
274.2.a.a,274,1,0,-1,0,-3,2,-1,-2,-7,-1,0,1,-11,4,0,6,-7,9,9,0,2,5,11,-5,6,-8,12
274.2.a.b,274,1,0,-1,0,0,-4,-4,4,2,-4,-6,-8,10,-2,6,0,2,0,-12,6,8,-10,14,-14,12,-14,6
274.2.a.c,274,1,0,1,-2,-3,0,-3,-6,1,-3,0,-3,7,10,-10,6,3,-11,-5,-8,2,-1,7,5,-14,-14,-10
274.2.a.d,274,3,0,-3,2,5,2,5,-8,3,-3,10,11,13,-12,-2,-10,13,-5,19,-12,-18,-1,-11,1,-6,6,-2
274.2.a.e,274,5,0,5,2,5,-4,-1,4,7,-1,-8,-5,-11,2,12,-4,-3,-1,13,-12,-12,15,17,-19,4,32,0
275.2.a.a,275,1,0,-1,0,0,0,-1,-2,-6,-4,-4,6,-8,2,2,-4,12,2,4,-10,16,8,-14,8,4,10,-10
275.2.a.b,275,1,0,2,1,0,2,1,-4,2,0,1,0,7,-3,-8,6,-8,6,5,12,7,-3,-4,-10,6,15,7
275.2.a.c,275,2,0,-2,0,0,4,2,8,-8,0,0,4,0,4,12,12,0,-12,-8,4,-8,0,8,8,12,-4,4
275.2.a.d,275,2,0,-1,-3,0,-1,2,-8,-1,0,-3,-5,-6,-16,-6,12,-6,-3,10,-11,-16,-6,-23,5,27,-25,-1
275.2.a.e,275,2,0,-1,-1,0,-5,-2,-10,-3,-2,11,-9,6,-12,-4,0,6,-1,-14,-5,8,2,5,-11,-11,7,-27
275.2.a.f,275,2,0,1,1,0,5,-2,10,3,-2,-11,-9,6,12,-4,0,-6,1,-14,-5,-8,2,-5,-11,11,7,27
275.2.a.g,275,2,0,1,3,0,1,2,8,1,0,3,-5,-6,16,-6,-12,6,3,10,-11,16,-6,23,5,-27,-25,1
275.2.a.h,275,4,0,0,0,0,0,-4,0,0,16,0,12,2,0,12,0,0,0,-18,20,0,-6,0,28,0,-6,0
276.2.a.a,276,2,0,0,-2,0,4,0,8,8,4,-2,4,0,-4,-4,-4,-12,-8,-4,-12,-4,0,-4,20,-8,0,-20
276.2.a.b,276,2,0,0,2,4,0,0,0,4,-8,2,12,-8,-12,-4,-8,-4,12,-12,12,-24,0,12,0,-8,12,4
277.2.a.a,277,1,0,1,-2,2,-4,1,-5,2,-6,0,5,-3,-4,7,-1,-2,2,4,6,-12,6,-8,-16,-16,-15,4
277.2.a.b,277,3,0,-1,6,4,4,11,1,-4,-10,-8,3,-11,12,9,-1,10,-16,8,-20,8,10,-4,0,12,7,32
277.2.a.c,277,9,0,-6,-10,-12,-2,-14,-2,-19,1,-30,-8,0,1,-13,-14,-10,-21,-45,6,5,-17,11,24,-53,12,-7
277.2.a.d,277,9,0,4,6,4,-2,2,-2,15,13,26,-4,12,-25,-9,-4,26,23,19,2,1,-13,-21,-16,31,-12,-23
278.2.a.a,278,1,0,-1,-2,3,-1,-3,5,6,2,6,-3,5,2,-6,8,0,-12,6,8,5,-15,2,-1,-9,15,8
278.2.a.b,278,1,0,1,-2,-1,-5,-3,1,2,-2,-6,1,9,-6,-6,-4,0,12,10,-4,-11,-3,-10,-5,-1,-9,-16
278.2.a.c,278,2,0,-2,0,-2,-6,2,-10,0,0,4,-6,-6,-8,8,-12,8,-8,20,8,-2,6,-4,-14,-14,-6,12
278.2.a.d,278,3,0,-3,3,0,9,0,0,0,9,-6,6,-3,12,-3,3,-9,9,-15,3,-18,-15,12,-15,6,-21,6
278.2.a.e,278,5,0,5,1,-2,7,6,2,0,-1,-2,-20,3,8,-11,13,-1,-17,-1,-15,16,3,4,15,0,-11,22
279.2.a.a,279,2,0,-1,0,-2,-4,-4,-2,-6,0,2,-10,2,-4,-14,-2,4,12,0,-6,16,-4,8,-10,12,-10,-14
279.2.a.b,279,2,0,3,0,4,-4,6,-2,4,-8,-2,-2,-2,2,0,-6,-4,0,6,16,-24,-18,2,8,24,4,18
279.2.a.c,279,3,0,0,0,2,4,2,4,2,4,6,8,-3,0,10,14,-12,10,-26,-2,12,10,-12,8,-20,18,4
279.2.a.d,279,6,0,0,0,0,8,0,0,0,16,0,0,6,8,0,-12,0,0,0,4,-24,0,32,8,0,0,24
280.2.a.a,280,1,0,0,-3,1,1,-5,-5,-7,-2,-2,7,4,-6,-12,-2,1,0,-4,4,8,0,6,-3,-4,0,13
280.2.a.b,280,1,0,0,-1,-1,-1,-5,1,3,-6,-6,-9,0,6,8,6,3,-12,8,-4,-4,8,10,-3,-12,-16,7
280.2.a.c,280,2,0,0,-1,-2,-2,7,3,5,2,2,-3,-16,-4,2,-6,3,10,16,6,-8,16,-12,13,4,18,9
280.2.a.d,280,2,0,0,1,2,2,-1,1,11,-6,-2,5,-4,0,6,-6,9,-18,-8,-22,-12,0,8,-11,24,2,15
281.2.a.a,281,7,0,-2,-4,-4,-12,-7,-7,-4,-20,1,-2,-41,-2,0,-3,1,17,-13,-9,-3,-8,-9,-32,19,-19,8
281.2.a.b,281,16,0,-1,4,2,16,1,9,-6,28,7,-8,59,2,-14,1,23,-17,7,7,-3,12,-9,24,7,5,-4
282.2.a.a,282,1,0,1,-1,-4,-4,0,-2,-6,6,-4,4,2,-6,-12,-2,1,-6,-4,2,10,8,-2,-12,12,-18,14
282.2.a.b,282,1,0,1,-1,2,0,0,2,2,0,0,2,-8,-2,2,-8,-1,-2,-4,-10,-8,0,10,0,12,10,2
282.2.a.c,282,2,0,-2,-2,-2,0,-6,-2,-8,-6,-12,-2,-4,-4,16,2,-2,-4,4,4,2,12,-4,24,-12,8,-20
282.2.a.d,282,2,0,-2,2,0,4,0,4,0,4,0,0,4,4,0,4,-2,-12,0,-20,4,-12,-20,-8,0,-24,4
282.2.a.e,282,3,0,3,3,2,0,-6,0,-2,-4,-8,-6,6,-2,-12,4,3,-2,-16,22,-8,0,10,12,-8,2,18
283.2.a.a,283,9,0,-6,-6,-14,-2,-5,-9,-13,3,-24,-33,-1,-24,0,-2,-8,-55,10,14,12,-3,-5,11,2,1,-4
283.2.a.b,283,14,0,6,4,14,0,5,9,13,-7,22,33,-13,16,6,-12,-8,73,-4,0,-14,6,-16,-9,-7,-1,2
284.2.a.a,284,3,0,0,-3,-3,-6,-6,-6,0,-15,6,3,-18,-3,0,3,12,12,-12,-12,6,3,3,-21,-3,-3,0
284.2.a.b,284,3,0,0,1,1,6,4,4,0,9,2,-9,8,1,-12,3,-6,-6,-10,4,14,-3,-13,-1,-11,-15,10
285.2.a.a,285,1,0,-1,1,-1,-2,-6,0,-6,1,-8,4,0,4,0,-2,-8,2,12,2,-8,16,14,8,0,0,-12
285.2.a.b,285,1,0,1,-1,-1,-2,-2,-4,2,-1,-4,4,0,0,0,-10,12,-2,4,2,-16,0,-2,-8,-12,0,-16
285.2.a.c,285,1,0,1,-1,1,4,4,2,2,-1,-4,-2,0,-6,-6,8,-12,-14,4,14,-4,0,-14,16,0,-6,-10
285.2.a.d,285,2,0,0,-2,2,-2,6,-6,-8,-2,8,2,12,2,-14,6,8,12,12,-12,8,4,20,-8,12,-18,10
285.2.a.e,285,2,0,0,2,2,-2,6,-2,0,2,0,6,4,-2,6,-2,0,-12,12,-20,16,12,-20,-8,-12,18,-2
285.2.a.f,285,2,0,2,-2,-2,4,0,8,-8,2,4,-4,-4,8,-12,4,12,8,0,0,24,8,-4,0,-4,-4,0
285.2.a.g,285,2,0,2,2,-2,0,4,-4,8,-2,4,0,-12,-4,8,16,-4,16,8,-8,-8,-16,-4,0,20,-8,-28
286.2.a.a,286,1,0,-1,-2,3,-1,-1,1,6,8,-3,9,2,-10,9,-1,0,6,-3,-7,-7,12,-1,-4,0,12,-4
286.2.a.b,286,1,0,-1,-1,-1,1,-1,-1,-1,-4,-8,-8,0,7,-8,11,-1,2,14,-8,8,9,-4,2,0,-4,8
286.2.a.c,286,1,0,1,-1,-3,-5,-1,1,7,0,-4,-8,0,-3,-8,-5,-3,2,-14,8,0,-5,16,-6,-4,0,0
286.2.a.d,286,1,0,1,-1,1,3,1,1,3,0,4,0,-8,-7,-8,-1,-7,-6,10,-8,8,7,-16,10,4,0,8
286.2.a.e,286,1,0,1,2,-1,1,-1,-1,2,-4,1,7,-6,-2,-5,5,8,2,5,7,-7,0,5,-4,0,-4,-16
286.2.a.f,286,1,0,1,2,1,-3,1,1,-6,0,1,-3,10,2,7,-1,-4,6,-5,-11,-1,16,-7,4,4,12,-16
286.2.a.g,286,3,0,-3,1,2,-4,3,-3,3,-12,5,13,-2,7,11,-20,-13,2,5,-11,-21,13,-3,-2,8,-14,14
287.2.a.a,287,2,0,-1,-3,-1,2,0,-6,-6,-3,3,9,-17,2,2,-2,-2,-17,13,-22,11,-4,-30,-2,6,-9,-17
287.2.a.b,287,2,0,-1,-1,1,-2,-2,-8,-4,-1,-5,-5,5,-10,-2,-2,6,7,19,10,-13,6,-2,-10,-2,-3,-15
287.2.a.c,287,3,0,1,-1,6,3,-6,9,1,13,-11,10,-2,3,-3,9,-7,2,-12,-4,10,-14,-4,14,-2,5,27
287.2.a.d,287,3,0,4,5,2,-3,-4,7,3,-11,-13,2,0,3,3,11,13,-20,4,8,-36,-2,-2,20,-6,-1,11
287.2.a.e,287,5,0,-1,4,-5,5,2,5,13,0,2,-5,17,-7,-5,1,9,5,7,22,-3,-24,40,-42,-12,8,16
287.2.a.f,287,6,0,-1,-4,-1,-6,6,7,7,2,20,-9,-27,19,6,19,-19,5,-7,-12,27,-6,52,0,12,-38,8
288.2.a.a,288,1,0,0,0,-4,0,0,-6,-8,0,0,4,0,-2,8,0,0,4,0,-10,0,0,6,0,0,-16,-18
288.2.a.b,288,1,0,0,0,-2,-4,-4,-2,6,-4,0,-2,4,-2,-2,4,-8,-10,4,6,4,16,-6,4,-12,-10,-14
288.2.a.c,288,1,0,0,0,-2,4,4,-2,6,4,0,-2,-4,-2,-2,-4,8,-10,-4,6,-4,-16,-6,-4,12,-10,-14
288.2.a.d,288,1,0,0,0,2,0,0,6,-2,0,0,10,0,-2,-10,0,0,-14,0,-10,0,0,-6,0,0,-10,18
288.2.a.e,288,1,0,0,0,4,0,0,-6,8,0,0,-4,0,-2,-8,0,0,-4,0,-10,0,0,6,0,0,16,-18
289.2.a.a,289,1,0,-1,0,2,-4,0,-2,0,-4,-4,-6,-4,2,6,4,0,6,-12,10,4,4,6,-12,-4,10,-2
289.2.a.b,289,2,0,-1,-1,-1,-3,-6,-3,0,1,-1,-9,0,6,-12,-12,6,15,12,-4,18,-8,-8,-8,-13,-8,11
289.2.a.c,289,2,0,-1,1,1,3,6,-3,0,1,1,9,0,-6,12,-12,6,15,12,4,18,8,8,8,-13,-8,-11
289.2.a.d,289,3,0,0,-3,-6,0,-6,6,0,0,-12,0,-9,3,-6,15,-21,-18,-9,3,-9,-21,21,-3,9,-15,-6
289.2.a.e,289,3,0,0,3,6,0,6,6,0,0,12,0,9,-3,6,15,-21,-18,-9,-3,-9,21,-21,3,9,-15,6
289.2.a.f,289,4,0,4,0,0,0,0,0,0,8,0,0,0,0,0,-8,32,0,24,0,-16,0,0,0,24,32,0
290.2.a.a,290,1,0,-1,0,-1,-2,2,-6,2,-2,-6,-1,-6,-2,10,-8,-4,10,8,10,2,4,6,-10,-6,-6,6
290.2.a.b,290,2,0,-2,1,-2,5,-2,9,3,6,7,2,-5,-2,-10,3,0,3,9,-17,-4,0,-13,1,-10,-22,13
290.2.a.c,290,2,0,-2,1,2,3,2,-1,-1,6,-3,-2,17,6,10,3,-4,-23,-19,-3,-8,4,-1,7,-6,-6,-7
290.2.a.d,290,3,0,3,-1,3,-1,2,5,-5,2,1,3,-5,-4,8,5,-24,3,1,5,4,-4,11,9,-26,8,21
290.2.a.e,290,3,0,3,3,-3,3,0,3,3,0,-15,-3,-9,0,-12,9,0,9,-15,15,18,-36,-9,9,12,0,9
291.2.a.a,291,1,0,-2,-1,3,-2,0,-4,6,6,0,7,7,4,5,1,-10,10,-5,5,-14,15,7,-5,-9,-8,1
291.2.a.b,291,1,0,-1,-1,-2,-4,4,6,2,-8,4,6,8,-2,10,-4,0,-10,8,14,8,-4,-6,-8,8,10,1
291.2.a.c,291,1,0,-1,-1,0,2,-4,-2,-8,-2,-4,0,8,10,-12,-8,8,-2,-8,-10,2,8,6,4,8,10,-1
291.2.a.d,291,1,0,2,-1,1,2,4,0,2,-2,-8,-3,-1,4,7,-7,6,2,-7,5,-10,5,-9,-5,5,16,1
291.2.a.e,291,2,0,-1,-2,-6,3,-3,-3,5,-8,0,-11,-5,-10,4,15,-16,-8,-14,0,9,4,-6,18,-12,-17,-2
291.2.a.f,291,2,0,-1,2,-4,-7,1,-9,1,-8,6,-7,-5,-6,-16,-5,18,6,-4,-16,11,-4,10,2,-12,9,2
291.2.a.g,291,2,0,3,-2,6,-3,-7,7,-1,4,8,7,-9,-14,0,-13,0,0,6,-12,11,-8,-2,14,16,15,2
291.2.a.h,291,7,0,0,7,4,9,-3,11,-5,6,-10,3,9,4,0,5,-2,-12,-12,12,-5,-24,14,16,-16,-1,-7
292.2.a.a,292,2,0,0,-1,-5,0,-7,-1,-8,0,1,-6,6,-4,0,4,12,-22,-4,-1,-6,13,2,15,-5,0,11
292.2.a.b,292,4,0,0,3,5,0,3,5,8,0,-3,2,-6,0,12,-16,0,14,-16,-9,-10,-3,-4,-29,17,12,15
293.2.a.a,293,8,0,-3,-8,-1,-13,-9,-8,-2,-15,-8,7,-9,-23,12,-43,-9,6,3,10,-50,0,-14,5,-3,-3,-27
293.2.a.b,293,16,0,3,10,1,15,9,10,-4,19,4,-7,7,19,-12,57,3,-4,-5,-8,90,-24,0,11,21,-1,3
294.2.a.a,294,1,0,-1,-1,-3,0,3,4,0,4,0,9,1,8,0,-10,6,-3,-3,10,-10,-6,-2,-1,9,-6,1
294.2.a.b,294,1,0,-1,-1,4,0,-4,4,0,4,0,2,8,-6,0,4,-8,-10,4,-4,4,8,-16,-8,-12,8,8
294.2.a.c,294,1,0,-1,1,-4,0,-4,-4,0,-4,0,2,-8,-6,0,4,8,-10,-4,4,4,8,16,-8,12,-8,-8
294.2.a.d,294,1,0,-1,1,3,0,3,-4,0,-4,0,9,-1,8,0,-10,-6,-3,3,-10,-10,-6,2,-1,-9,6,-1
294.2.a.e,294,1,0,1,-1,1,0,5,0,-4,8,-4,-5,3,-4,0,2,-6,-9,-11,-6,-2,2,10,3,-7,-6,7
294.2.a.f,294,1,0,1,1,-1,0,5,0,4,-8,-4,-5,-3,-4,0,2,6,-9,11,6,-2,2,-10,3,7,6,-7
294.2.a.g,294,1,0,1,1,2,0,-4,-6,-2,4,8,-2,0,-10,6,-4,0,6,-4,-6,4,8,-10,0,4,6,14
295.2.a.a,295,3,0,-3,-3,3,-6,3,-9,-18,3,-3,-12,3,-6,-15,-3,12,-15,3,-3,0,3,-21,-3,-3,-21,12
295.2.a.b,295,3,0,-1,-1,-3,0,-9,1,-12,-1,-3,-12,-7,6,-11,9,-2,5,-3,-11,20,-1,9,1,7,-25,-6
295.2.a.c,295,6,0,2,1,6,2,3,11,16,-5,11,6,-11,10,15,5,-2,7,-6,-21,-8,-29,9,-27,13,25,4
295.2.a.d,295,7,0,1,3,-7,-4,3,-9,24,3,3,4,-1,-24,45,-19,16,-7,7,9,-16,15,5,1,23,7,-4
296.2.a.a,296,1,0,0,-1,-2,1,1,-6,-4,-8,6,2,-4,-1,7,2,9,-3,-12,4,0,7,7,0,3,-12,-8
296.2.a.b,296,1,0,0,-1,0,-3,-3,0,2,-2,-6,-2,-4,1,7,4,1,9,8,-4,12,-5,-13,-10,-1,-2,-12
296.2.a.c,296,3,0,0,2,-1,7,0,3,-4,8,9,-9,17,-3,-16,-4,11,-3,-2,15,-5,-5,-6,-1,-9,16,0
296.2.a.d,296,4,0,0,2,5,-1,4,5,8,2,-9,7,-1,4,2,6,-29,-5,-10,-1,-1,-17,8,15,15,-20,2
297.2.a.a,297,1,0,-2,0,-2,1,1,-5,-2,3,-4,-6,-8,-9,4,0,-10,6,14,9,5,-12,7,11,-12,-6,-7
297.2.a.b,297,1,0,-1,0,2,-5,-1,-2,-7,0,1,-3,-8,-3,11,-9,1,12,-5,6,-4,0,4,5,6,6,11
297.2.a.c,297,1,0,1,0,-2,-5,1,-2,7,0,-1,3,-8,-3,-11,-9,-1,-12,5,6,-4,0,4,5,-6,-6,11
297.2.a.d,297,1,0,2,0,2,1,-1,-5,2,3,4,6,-8,-9,-4,0,10,-6,-14,9,5,12,7,11,12,6,-7
297.2.a.e,297,2,0,-2,0,-2,-4,-2,-4,-2,0,-16,6,8,-6,4,0,-10,-6,-10,-12,-2,0,-4,-8,0,18,10
297.2.a.f,297,2,0,2,0,2,-4,2,-4,2,0,16,-6,8,-6,-4,0,10,6,10,-12,-2,0,-4,-8,0,-18,10
297.2.a.g,297,3,0,-1,0,2,7,3,4,-1,2,-5,-3,4,-1,-1,5,7,12,-11,-16,12,12,4,15,-12,-18,-3
297.2.a.h,297,3,0,1,0,-2,7,-3,4,1,2,5,3,4,-1,1,5,-7,-12,11,-16,12,-12,4,15,12,18,-3
298.2.a.a,298,1,0,-1,0,-4,4,2,-5,-7,-7,3,-8,2,-4,0,4,-6,4,10,2,-5,13,-7,1,-4,-2,-10
298.2.a.b,298,1,0,1,-2,-2,-2,0,-5,-7,1,-1,8,4,0,-6,8,-6,-10,4,6,3,-15,9,1,0,2,-8
298.2.a.c,298,2,0,-2,2,2,2,6,-4,10,2,4,4,-10,0,-6,4,12,-2,-10,-12,-18,-12,-6,8,24,-8,-22
298.2.a.d,298,3,0,-3,-5,1,-4,-5,0,-9,-2,-19,-1,-4,7,-2,-15,-2,-1,-23,5,4,15,13,16,-15,-6,-4
298.2.a.e,298,5,0,5,1,5,0,-3,6,9,-8,1,7,0,-13,2,-9,6,-1,-13,1,-18,-9,7,2,7,22,24
299.2.a.a,299,2,0,-1,-1,-1,-4,1,2,-3,2,2,-7,-13,-14,-12,7,-5,16,-2,-20,-4,4,-15,-3,7,14,2
299.2.a.b,299,2,0,-1,-1,3,2,3,2,3,-8,-2,-11,11,14,-8,9,3,14,10,10,10,12,21,-3,3,14,0
299.2.a.c,299,2,0,0,0,2,2,-6,2,4,10,-2,8,12,2,20,12,-8,4,4,-20,-10,-20,-8,8,-2,2,22
299.2.a.d,299,2,0,1,-1,-3,-2,-3,-2,-1,-4,-2,1,1,-6,12,-7,9,-6,10,-10,2,0,11,-3,9,-2,-24
299.2.a.e,299,2,0,1,1,1,2,5,2,-12,5,-2,4,-4,10,-12,-2,-16,14,-16,10,-7,8,6,-18,-7,10,-13
299.2.a.f,299,3,0,0,-1,1,2,5,3,2,1,-3,10,-12,8,6,-6,12,-20,-20,4,15,-28,16,14,-1,-8,11
299.2.a.g,299,10,0,1,3,3,-2,3,-10,-3,2,10,17,5,16,-16,-9,-11,8,2,48,-6,24,-33,17,-21,-16,-40
300.2.a.a,300,1,0,0,-1,0,-4,-4,0,-4,0,-4,-6,4,8,-10,-4,4,12,4,2,4,0,8,-12,-4,-10,-8
300.2.a.b,300,1,0,0,-1,0,1,6,-5,6,5,6,-6,-1,-2,0,1,-6,12,-6,-13,-11,0,-2,8,6,0,7
300.2.a.c,300,1,0,0,1,0,-1,6,5,-6,5,-6,-6,-1,2,0,-1,6,-12,-6,-13,11,0,2,8,-6,0,-7
300.2.a.d,300,1,0,0,1,0,4,-4,0,4,0,4,-6,4,-8,-10,4,-4,-12,4,2,-4,0,-8,-12,4,-10,8
301.2.a.a,301,4,0,-4,-3,-4,4,-15,1,-1,-8,-5,-16,3,-11,1,4,11,-20,-11,-10,-2,-11,13,-32,-15,-1,22
301.2.a.b,301,5,0,0,-3,-6,-5,-16,-2,-8,-10,-2,-4,-6,9,-16,-5,-11,19,-31,-2,11,-15,13,24,-36,-15,-13
301.2.a.c,301,5,0,1,5,4,-5,13,-1,1,18,-5,2,-3,-9,17,5,7,-30,9,-10,-10,17,-1,-4,23,35,-2
301.2.a.d,301,7,0,4,1,0,7,16,-2,4,0,6,12,8,-7,14,-7,1,15,45,-20,7,13,-19,12,-6,-17,-15
302.2.a.a,302,1,0,-1,2,2,4,-4,0,-6,0,0,6,0,-2,6,0,8,-12,-4,8,2,-12,10,-8,-14,-6,2
302.2.a.b,302,1,0,1,-3,0,-2,-6,-2,-5,-8,6,8,9,2,0,-6,-3,-9,2,5,3,4,-8,10,-1,8,-15
302.2.a.c,302,1,0,1,-1,-4,-2,2,-6,3,0,-6,0,-3,-2,12,-6,-7,9,-10,-13,-7,12,4,10,-11,0,-7
302.2.a.d,302,2,0,-2,-2,0,-4,4,-8,-10,0,4,0,-6,-12,-8,-12,14,14,4,-6,6,16,0,-12,-2,-16,-14
302.2.a.e,302,4,0,-4,0,-4,2,0,14,12,12,2,-4,0,12,-8,4,-8,12,-32,-8,-6,-14,-2,0,-18,10,16
302.2.a.f,302,4,0,4,2,0,6,0,6,-4,4,-6,-4,4,-8,-12,4,-4,-6,4,2,4,6,2,16,20,-14,-8
303.2.a.a,303,1,0,-2,1,-1,-2,-6,1,-5,7,-3,-6,-1,-10,-2,-12,11,4,4,10,-2,1,2,11,8,14,-10
303.2.a.b,303,1,0,0,1,-3,0,-2,-3,-7,-5,-5,6,7,10,6,4,-7,-4,-10,-2,10,-9,-8,7,2,-8,-10
303.2.a.c,303,2,0,0,-2,-2,-4,4,-6,-6,-6,2,4,2,-8,-12,-4,-6,0,12,-4,-12,18,-12,6,12,-8,-8
303.2.a.d,303,6,0,1,6,6,0,10,0,12,-10,4,8,-2,-6,6,-12,6,18,2,-14,-18,-10,24,-22,10,18,14
303.2.a.e,303,7,0,0,-7,6,6,-10,10,20,2,6,-10,10,8,4,-4,0,0,-16,12,2,-20,8,14,4,10,52
304.2.a.a,304,1,0,0,-2,-1,3,-5,-4,-3,1,-8,-2,-4,10,10,-1,1,-4,-6,-13,12,-2,9,-8,12,12,-8
304.2.a.b,304,1,0,0,-1,0,-3,-2,1,-5,-1,1,-3,-4,2,-8,8,8,9,-1,14,-13,-10,9,10,-10,-12,14
304.2.a.c,304,1,0,0,-1,0,1,6,5,3,-1,-3,9,4,2,0,-8,0,-3,-9,-10,-5,6,-7,10,6,-12,-10
304.2.a.d,304,1,0,0,1,-4,-3,-2,-1,3,1,1,-5,8,-2,-8,-4,-8,-1,-15,2,-3,-2,9,10,6,0,-2
304.2.a.e,304,1,0,0,2,-1,3,3,-4,5,1,0,2,-8,-10,6,7,9,-8,-14,-5,0,6,-15,4,-4,0,16
304.2.a.f,304,1,0,0,2,3,1,-3,-4,-3,-1,0,6,4,2,-6,1,3,12,6,-1,4,-6,-7,-8,-12,12,8
304.2.a.g,304,3,0,0,-1,1,-4,5,5,2,3,5,-9,0,-6,8,-17,1,1,23,3,-15,12,4,-26,6,18,-8
305.2.a.a,305,3,0,0,0,-3,-6,-6,-3,0,-15,9,3,-15,3,-12,3,-3,9,-24,-3,9,3,12,-15,18,6,-24
305.2.a.b,305,4,0,-3,-6,4,-10,-2,-1,-4,-7,-13,5,-21,-15,6,-1,-11,3,2,4,-29,3,-2,-21,-16,0,-8
305.2.a.c,305,7,0,-2,0,-7,12,2,9,-4,13,-5,7,35,9,-8,9,-3,-5,6,7,-11,19,4,3,10,14,20
305.2.a.d,305,7,0,2,6,7,8,-6,5,-2,9,5,-13,17,1,-8,5,21,-9,-24,-7,27,-13,4,1,4,-10,2
306.2.a.a,306,1,0,-1,0,0,-4,-6,2,1,-4,0,0,-4,-4,-6,8,0,6,0,-4,8,0,2,8,0,6,14
306.2.a.b,306,1,0,-1,0,2,0,4,-2,-1,4,0,10,8,-2,-10,12,0,-6,-12,-10,-12,0,10,-8,-4,6,-14
306.2.a.c,306,1,0,1,0,0,2,0,2,1,-4,6,0,-10,8,-6,-4,-12,-6,12,8,-4,-6,2,-10,-12,18,14
306.2.a.d,306,1,0,1,0,4,-2,0,-6,1,4,-6,4,-6,-4,10,-4,-4,2,-12,-4,-12,6,2,10,12,2,6
306.2.a.e,306,2,0,-2,0,0,4,0,4,2,4,12,0,4,-8,12,-8,0,-12,12,-8,4,12,-20,4,-12,-12,-20
306.2.a.f,306,2,0,2,0,0,4,0,4,-2,4,-12,0,4,-8,-12,-8,0,12,-12,-8,4,-12,-20,4,12,12,-20
307.2.a.a,307,1,0,0,0,4,0,3,6,-1,-1,-2,0,4,3,5,-10,-6,-10,4,-8,-8,-15,2,-13,5,9,7
307.2.a.b,307,1,0,1,2,0,3,5,0,-5,-1,6,-6,-4,-9,-3,10,-4,5,6,-10,2,13,8,8,-16,6,-2
307.2.a.c,307,1,0,2,0,2,3,-4,0,3,1,2,6,-4,-6,2,-4,-10,-3,10,4,-4,-1,8,11,9,-3,11
307.2.a.d,307,1,0,2,2,0,-3,1,6,2,-4,-6,0,2,3,9,4,4,1,-12,14,2,8,-10,11,13,9,-5
307.2.a.e,307,2,0,-1,-3,6,5,7,-4,11,1,0,-3,-5,8,-18,9,-2,19,-18,-2,10,-1,-14,-8,1,-6,15
307.2.a.f,307,9,0,3,1,5,-5,0,-3,3,-1,16,21,-4,23,10,-11,29,55,-7,-12,-4,-7,-7,-32,4,4,-26
307.2.a.g,307,10,0,-7,-4,-15,-3,-10,-11,-17,1,-20,-22,1,-28,7,-4,-21,-59,-3,2,8,7,1,12,-19,-16,-17
308.2.a.a,308,1,0,0,-1,-1,-1,1,-4,-6,-2,1,2,-1,-9,6,8,-8,10,1,-2,11,11,-14,-14,4,13,-9
308.2.a.b,308,2,0,0,0,4,-2,-2,4,4,0,8,-4,8,8,-4,-4,-8,0,0,-4,0,-16,20,-12,-24,12,20
308.2.a.c,308,3,0,0,-1,-1,3,3,12,2,-2,-7,6,-9,7,-2,-4,-4,2,-23,14,-5,-5,-14,14,4,-19,15
309.2.a.a,309,1,0,-1,1,-1,-2,-2,-5,0,-8,1,-2,5,2,8,-11,-2,10,-11,-5,11,16,12,6,1,-6,-7
309.2.a.b,309,3,0,1,-3,1,-2,8,-3,4,12,7,0,7,-6,2,-1,12,-8,15,-19,-3,8,-12,2,17,24,3
309.2.a.c,309,5,0,-2,-5,-5,-2,-12,1,-10,-16,-5,-16,-13,4,-20,7,8,-8,-19,-19,11,-10,20,-14,-11,22,7
309.2.a.d,309,8,0,-1,8,-1,6,6,9,-4,16,-11,0,17,-6,12,9,-6,-16,11,5,5,-10,14,14,-23,-14,3
310.2.a.a,310,1,0,1,-2,-1,-4,0,-4,0,-4,-6,6,1,8,-6,-10,0,0,-12,14,8,0,-4,8,6,-18,-10
310.2.a.b,310,1,0,1,2,-1,0,2,0,2,-4,-4,-4,-1,-8,6,2,0,8,8,0,4,0,6,-4,6,-6,-2
310.2.a.c,310,2,0,-2,-2,-2,0,-2,-6,-8,4,-8,-2,-2,-10,-12,10,0,-14,4,-6,-4,0,12,28,-6,-12,8
310.2.a.d,310,2,0,-2,0,2,-4,4,4,0,0,4,16,-2,4,0,-16,12,-4,8,-8,-16,0,-8,0,8,12,8
310.2.a.e,310,3,0,3,2,3,0,0,-8,0,8,-2,-2,3,-8,-2,-10,20,-20,20,-18,-12,8,-20,0,10,18,-10
311.2.a.a,311,4,0,-1,-2,-1,-4,-4,-6,-7,-6,2,-6,-6,-11,-3,-3,12,4,1,-15,7,-3,-12,-10,16,4,-14
311.2.a.b,311,22,0,2,2,1,8,6,12,9,16,-2,24,10,27,17,15,-20,-10,-33,55,-5,-27,22,66,-16,30,38
312.2.a.a,312,1,0,0,-1,-2,4,0,1,2,8,8,-2,4,-10,2,-4,-12,6,0,-2,8,-12,10,-8,0,-14,2
312.2.a.b,312,1,0,0,-1,0,-4,-2,-1,-6,-4,4,10,-8,-2,0,-4,2,-2,10,10,8,2,-10,8,6,-12,-2
312.2.a.c,312,1,0,0,-1,4,0,-2,-1,2,8,4,-6,-4,6,-12,4,-6,-2,-14,10,-4,2,-2,-8,14,0,-10
312.2.a.d,312,1,0,0,1,-4,-4,-2,-1,-6,4,4,-6,8,-10,-4,-4,-6,6,-6,-6,0,10,-2,0,-10,8,-10
312.2.a.e,312,1,0,0,1,0,0,6,-1,2,0,4,-6,-4,-2,0,4,10,-10,-6,-6,-12,2,6,-16,6,4,14
312.2.a.f,312,1,0,0,1,2,0,0,1,2,-4,0,6,0,-2,6,-12,-4,6,-8,-2,4,-12,-14,0,8,-18,-6
313.2.a.a,313,2,0,1,3,3,2,0,7,4,-2,5,-16,13,-16,12,-21,-2,4,2,6,10,-7,-17,-2,6,1,-6
313.2.a.b,313,11,0,-8,-8,-6,-14,-11,-7,-15,1,-44,-17,-3,-3,-9,-8,-26,-17,7,14,9,-38,5,-22,-2,18,-19
313.2.a.c,313,12,0,6,1,-1,6,9,-8,7,-1,41,29,-14,5,-15,21,34,19,13,-28,-9,45,-16,4,12,-3,-31
314.2.a.a,314,1,0,-1,0,0,-3,-2,-1,3,-4,-1,0,-6,-1,0,1,0,12,-7,0,-2,10,12,-8,0,-3,-2
314.2.a.b,314,6,0,-6,3,1,3,9,4,-7,17,-3,-5,18,14,-12,14,-8,-25,-6,-17,23,-24,-20,1,0,9,-2
314.2.a.c,314,7,0,7,-1,3,4,-1,7,4,1,0,5,0,-3,-8,-7,-12,13,-15,9,-11,18,16,-9,-24,-10,8
315.2.a.a,315,1,0,-1,0,-1,1,0,-6,-2,-8,-8,2,4,-2,6,4,-8,-10,-4,-2,4,12,-2,8,4,6,-18
315.2.a.b,315,1,0,0,0,1,1,3,5,-3,2,6,-3,-4,2,12,-10,-9,-12,0,8,-4,0,2,-1,-12,12,-1
315.2.a.c,315,2,0,-2,0,-2,-2,-4,-4,-4,0,-4,-16,0,-12,4,-8,8,-16,8,12,-8,-4,4,0,16,-12,-12
315.2.a.d,315,2,0,0,0,2,2,-4,0,4,4,-8,4,12,4,4,0,-8,16,0,-4,-8,-20,-16,8,16,4,8
315.2.a.e,315,2,0,1,0,-2,-2,-1,5,5,-6,2,-1,0,12,-2,10,5,2,8,6,4,-16,-8,-9,-8,-6,-9
315.2.a.f,315,2,0,2,0,2,-2,4,-4,4,0,4,16,0,-12,-4,-8,-8,16,-8,12,-8,4,4,0,-16,12,-12
316.2.a.a,316,1,0,0,-3,1,1,-6,-1,-4,-6,2,-8,4,4,-6,4,-3,14,-9,6,-10,5,6,1,4,1,-11
316.2.a.b,316,1,0,0,-1,1,3,2,-1,4,6,6,8,-4,-8,-10,4,-9,-2,5,-6,-10,-1,6,-1,0,9,-11
316.2.a.c,316,2,0,0,0,-5,-2,-5,-3,2,-3,-9,-2,3,6,14,2,-12,-10,-4,-12,15,-16,9,2,-12,-3,17
316.2.a.d,316,2,0,0,4,3,0,3,1,-6,-3,3,-6,7,-4,6,-4,12,0,6,-6,-5,18,-15,-2,0,-15,-7
317.2.a.a,317,11,0,-3,-11,-4,-20,-10,-16,-7,-31,0,12,-12,-16,8,-47,-9,8,4,-8,-51,26,-31,-9,-39,3,-22
317.2.a.b,317,15,0,1,11,2,20,6,14,5,31,0,-2,12,14,-4,41,3,-18,-12,10,21,-10,35,-1,25,-27,32
318.2.a.a,318,1,0,-1,-1,-1,0,-1,-2,-7,2,-5,-4,-1,-2,-4,-1,6,-1,9,10,-2,0,10,1,6,-1,-13
318.2.a.b,318,1,0,-1,-1,4,1,-1,-4,6,-1,9,-3,-8,12,5,-8,-2,1,4,-7,1,-3,6,-4,-8,-4,-3
318.2.a.c,318,1,0,-1,1,0,5,-3,-4,6,5,-3,3,8,-4,-3,-4,6,-1,-12,-1,-13,-15,2,-16,0,0,5
318.2.a.d,318,1,0,1,-1,-3,-4,-5,-2,5,6,-7,-8,1,2,4,-1,-6,1,-3,-2,-10,0,-6,15,-10,-5,19
318.2.a.e,318,1,0,1,-1,0,1,5,0,2,-1,3,-1,-4,0,-9,0,6,-1,-4,-7,1,7,-14,-8,8,-12,13
318.2.a.f,318,2,0,-2,2,1,0,3,12,-9,-2,3,-2,-1,12,2,11,-10,-2,-3,-12,-14,0,4,-15,2,-3,-3
318.2.a.g,318,2,0,2,2,1,1,-2,-2,-5,3,0,-7,1,2,-13,3,0,2,-3,5,9,-5,0,15,-18,-1,0
319.2.a.a,319,1,0,2,-3,1,4,-1,6,4,-2,3,1,-7,-11,4,-4,8,2,-3,2,-15,-7,2,6,-6,9,-17
319.2.a.b,319,3,0,0,0,-6,-3,3,-6,-12,-12,0,3,-9,15,-15,9,-3,-6,0,-9,15,24,-9,15,-12,-36,-6
319.2.a.c,319,4,0,-2,-3,-5,1,-4,-2,-4,-2,-1,-4,-10,-8,-35,5,-11,16,-19,1,0,-19,-3,1,0,-29,13
319.2.a.d,319,7,0,3,0,4,1,7,0,18,10,4,-7,-13,-5,31,9,-7,12,12,15,-25,4,7,11,36,26,14
319.2.a.e,319,8,0,0,4,10,-7,-8,-4,12,-10,0,8,5,9,29,-11,5,-10,24,-31,11,8,-11,-45,-22,66,28
320.2.a.a,320,1,0,0,-2,1,-2,0,-2,-6,-4,-6,-6,4,-2,6,-10,6,6,12,-2,2,12,2,-8,6,-6,2
320.2.a.b,320,1,0,0,-2,1,2,-4,6,2,8,6,2,-4,-2,-10,-2,2,-2,0,-2,-6,12,10,8,-10,-6,10
320.2.a.c,320,1,0,0,0,-1,-4,-4,2,2,-4,4,2,-8,-6,-6,8,4,-6,4,2,-8,0,-6,0,16,-6,-14
320.2.a.d,320,1,0,0,0,-1,4,4,2,2,4,-4,2,8,-6,-6,-8,-4,-6,-4,2,8,0,-6,0,-16,-6,-14
320.2.a.e,320,1,0,0,2,1,-2,4,6,2,-8,-6,2,4,-2,-10,2,-2,-2,0,-2,6,-12,10,-8,10,-6,10
320.2.a.f,320,1,0,0,2,1,2,0,-2,-6,4,6,-6,-4,-2,6,10,-6,6,-12,-2,-2,-12,2,8,-6,-6,2
320.2.a.g,320,2,0,0,0,-2,0,0,4,4,0,0,-12,0,20,4,0,0,-12,0,4,0,0,-12,0,0,20,4
321.2.a.a,321,2,0,-1,-2,2,-4,-6,-2,2,-8,-4,-2,-12,2,0,-6,6,14,8,2,10,-8,2,-4,-12,-10,-2
321.2.a.b,321,2,0,-1,2,-6,-2,-4,-2,-6,0,-8,-2,-4,2,-10,0,2,-16,0,-2,12,-4,6,-16,14,4,20
321.2.a.c,321,6,0,3,6,6,0,6,-8,4,-4,14,10,12,-12,-6,-12,16,12,8,-24,-4,36,-26,8,-8,-8,-24
321.2.a.d,321,7,0,0,-7,-8,6,4,6,-10,8,6,0,16,10,-2,2,16,-16,20,2,30,32,-12,36,-10,-4,24
322.2.a.a,322,1,0,-1,0,-2,1,-4,4,-8,-2,1,2,-6,-10,6,-8,6,2,0,10,8,-12,6,0,2,12,12
322.2.a.b,322,1,0,-1,2,0,1,4,0,6,-6,-1,10,4,-2,-10,-4,12,-6,-2,0,0,-8,-6,-8,-14,-14,-2
322.2.a.c,322,1,0,1,-2,-2,-1,-2,-4,-6,0,1,-2,4,0,6,6,0,-12,-10,2,-2,8,2,8,-16,6,-2
322.2.a.d,322,1,0,1,2,-2,1,6,-4,-2,4,1,-10,-8,-8,-2,6,12,12,-6,-6,-2,16,2,0,4,-6,2
322.2.a.e,322,2,0,-2,-2,-2,-2,0,-4,-10,0,-2,-4,2,12,-20,-4,-18,-12,18,10,8,4,0,0,4,-10,-6
322.2.a.f,322,2,0,2,-2,2,2,0,4,2,-4,2,16,-10,8,-4,0,-6,0,-6,6,-16,-4,-8,-12,8,18,-14
322.2.a.g,322,3,0,3,2,4,-3,-4,2,8,0,-3,-10,-2,-10,6,-4,2,-2,6,-8,4,-28,-6,-20,28,0,16
323.2.a.a,323,1,0,0,3,-2,4,-2,6,-1,1,0,-9,-9,2,-6,-1,-3,2,14,-6,-14,16,-2,8,-3,2,-7
323.2.a.b,323,2,0,-1,1,4,2,-4,4,-2,2,2,9,-7,14,10,-13,1,20,-10,0,6,-16,8,12,13,-4,3
323.2.a.c,323,4,0,0,-1,-7,-11,-2,-10,4,4,-3,-10,1,-21,5,-15,1,-21,14,-11,-9,-3,-23,11,12,19,-37
323.2.a.d,323,5,0,-3,-3,-3,-5,0,-20,-5,-5,5,6,-3,-19,5,5,9,-3,6,-23,-3,21,-13,-3,-16,-49,-13
323.2.a.e,323,6,0,2,-3,-1,5,2,14,-6,6,-1,-16,9,1,-7,21,17,-21,-6,31,-5,-21,21,-11,8,-13,21
323.2.a.f,323,7,0,1,3,7,1,2,20,7,-7,-3,10,21,21,11,3,-13,-15,-6,15,21,-9,23,-25,-14,-17,27
324.2.a.a,324,1,0,0,0,-3,-1,-3,-1,-6,-4,3,-3,5,2,-3,-1,9,6,3,-13,-7,12,-10,11,9,-6,11
324.2.a.b,324,1,0,0,0,-3,2,6,5,3,2,-6,-3,-4,5,6,-10,0,6,12,5,2,-6,-1,-10,0,3,-10
324.2.a.c,324,1,0,0,0,3,-1,3,-1,6,-4,-3,3,5,2,3,-1,-9,-6,-3,-13,-7,-12,-10,11,-9,6,11
324.2.a.d,324,1,0,0,0,3,2,-6,5,-3,2,6,3,-4,5,-6,-10,0,-6,-12,5,2,6,-1,-10,0,-3,-10
325.2.a.a,325,1,0,-2,-1,0,-2,2,1,-2,0,9,5,2,8,12,-1,8,-11,0,-13,-2,12,-6,15,4,-10,8
325.2.a.b,325,1,0,0,-1,0,4,-6,-1,-6,-4,-3,-3,-4,-2,6,7,0,9,-6,-1,-14,-6,4,11,6,0,10
325.2.a.c,325,1,0,0,1,0,-4,-6,1,6,-4,3,-3,-4,2,6,-7,0,-9,-6,-1,14,-6,-4,11,-6,0,-10
325.2.a.d,325,1,0,1,2,0,4,2,1,-2,-6,6,2,-10,2,-6,-10,-4,-2,6,2,4,6,6,-12,16,2,2
325.2.a.e,325,1,0,2,1,0,2,2,-1,2,0,-9,5,2,-8,12,1,-8,11,0,-13,2,12,6,15,-4,-10,-8
325.2.a.f,325,2,0,-2,0,0,-2,10,-2,2,4,12,-6,-6,12,0,4,-10,-6,18,2,14,4,12,-12,6,0,-4
325.2.a.g,325,2,0,0,-2,0,-4,-6,-2,0,-2,-6,-12,10,8,0,-10,-12,0,-6,4,8,6,8,4,12,-12,-4
325.2.a.h,325,2,0,2,0,0,2,10,2,-2,4,-12,-6,-6,-12,0,-4,10,6,18,2,-14,4,-12,-12,-6,0,4
325.2.a.i,325,2,0,2,0,0,-4,4,2,4,4,0,0,12,0,-12,8,4,12,12,-16,4,4,0,0,12,12,4
325.2.a.j,325,3,0,-3,-4,0,-2,-6,3,-6,0,-14,6,-10,0,-4,-6,-10,-8,-8,6,-10,-12,24,-16,-22,10,14
325.2.a.k,325,3,0,3,4,0,2,-6,-3,6,0,14,6,-10,0,-4,6,10,8,-8,6,10,-12,-24,-16,22,10,-14
326.2.a.a,326,1,0,-1,-2,-3,-1,0,5,0,2,-3,9,5,2,9,-1,-12,0,6,8,-4,-12,2,8,-3,12,-1
326.2.a.b,326,1,0,-1,0,-1,-1,0,-5,6,-6,-3,-1,-3,-2,-3,1,10,-6,10,-12,10,-2,16,16,-1,-2,-5
326.2.a.c,326,1,0,1,-2,-1,-3,-4,-1,0,-2,-1,3,-9,6,1,7,-4,8,-6,-4,4,12,2,-16,5,0,-17
326.2.a.d,326,5,0,-5,3,9,4,-1,1,2,7,-4,3,16,19,-15,6,1,0,-29,20,-7,5,2,-38,-30,-28,-1
326.2.a.e,326,6,0,6,5,0,5,1,-4,4,7,-1,-14,3,-9,-10,3,-5,-22,7,8,1,-9,10,38,13,14,-6
327.2.a.a,327,1,0,-1,1,-1,-2,-1,-4,-4,-7,1,7,-2,-6,-2,4,7,-4,4,11,-12,-10,11,8,14,5,-7
327.2.a.b,327,3,0,-3,-3,-3,-2,-1,-2,-8,5,-9,-7,6,-12,-14,-8,-1,-8,-2,5,10,-2,-19,14,-6,-1,-9
327.2.a.c,327,6,0,4,-6,5,-2,7,6,14,-15,9,5,-14,8,0,-4,15,22,12,-11,0,-2,-3,8,-6,39,35
327.2.a.d,327,9,0,3,9,1,6,-5,6,0,13,-5,-3,18,16,2,4,3,0,-22,-3,14,-26,17,-22,-14,-5,27
328.2.a.a,328,1,0,0,0,-2,-2,0,-4,-2,4,-4,0,4,-6,-1,12,-6,-4,-4,10,12,-6,-2,-2,-4,-6,14
328.2.a.b,328,1,0,0,2,2,-2,2,6,-6,-2,0,6,-8,10,1,0,-6,-2,-4,-2,-10,-2,-2,-2,12,10,-6
328.2.a.c,328,2,0,0,2,0,2,6,0,4,6,4,0,-4,-8,-2,0,2,0,12,-20,2,-18,-4,-2,0,12,-12
328.2.a.d,328,3,0,0,-4,-2,-2,-10,-2,-6,-12,-8,-6,4,2,3,-8,8,-10,12,10,-6,-8,10,8,0,18,-26
328.2.a.e,328,3,0,0,-2,2,4,-4,-2,18,-6,8,10,4,-2,3,-12,6,6,-4,-14,-4,10,-2,2,-16,-14,14
329.2.a.a,329,1,0,-1,-1,3,-1,3,-6,6,8,4,2,6,9,-5,-9,1,-1,3,-4,4,0,-13,8,7,-4,-6
329.2.a.b,329,2,0,-2,1,-3,2,-7,4,4,8,8,-4,-2,7,1,-3,-2,-11,-3,-6,12,-4,1,-4,-15,-10,8
329.2.a.c,329,3,0,-1,-4,0,3,0,-11,-9,-10,1,6,-20,-4,-21,2,3,10,-5,1,14,-13,-11,-33,7,5,-17
329.2.a.d,329,3,0,-1,-2,-2,-3,-4,1,5,-4,-5,-6,-16,-12,5,-2,-3,10,9,-5,-26,11,3,-25,9,-11,11
329.2.a.e,329,3,0,1,1,-1,-3,1,-4,-10,0,10,-2,18,-5,1,9,3,-15,-3,12,14,-12,15,12,-23,-12,-6
329.2.a.f,329,5,0,1,2,-4,-5,4,1,-3,-2,-7,4,10,4,-19,14,5,34,-7,3,-28,27,-51,47,1,1,-13
329.2.a.g,329,6,0,0,3,5,6,7,5,-3,0,1,6,36,-13,4,1,-6,-9,18,17,-10,19,22,7,2,9,17
330.2.a.a,330,1,0,-1,-1,-1,0,1,2,-2,8,4,2,8,-2,6,8,-4,2,4,-6,-12,-12,2,0,4,-6,-14
330.2.a.b,330,1,0,-1,-1,1,-4,1,-2,-2,-8,0,2,-8,-10,-10,0,0,14,-4,14,-4,8,10,12,4,-6,-14
330.2.a.c,330,1,0,1,-1,-1,4,-1,2,2,4,-4,6,0,-10,-6,-12,-4,-6,-4,10,-12,-4,10,4,4,10,18
330.2.a.d,330,1,0,1,-1,1,0,1,6,2,-4,0,-10,0,6,2,4,-8,-10,-4,-2,-4,-8,2,-8,-12,-6,18
330.2.a.e,330,1,0,1,1,1,0,-1,-2,2,-4,0,-2,0,-2,2,-12,8,6,-12,6,4,0,-6,-16,4,10,2
331.2.a.a,331,1,0,-1,-2,1,2,0,-4,1,-3,-8,-10,7,-8,0,11,-4,1,-10,-8,7,1,8,-9,-12,6,8
331.2.a.b,331,3,0,-2,-1,-6,3,-7,-13,-3,6,-2,-2,-14,11,-20,4,-13,8,-11,-3,13,-3,-6,27,14,-11,28
331.2.a.c,331,7,0,-2,0,-13,-8,-10,5,-17,-19,15,-24,4,2,-18,-8,10,-21,-17,-12,-16,4,11,-2,-4,-28,-32
331.2.a.d,331,16,0,3,-1,20,1,9,8,19,2,5,32,-1,1,36,-11,13,10,0,17,-34,-8,-9,-26,19,68,-10
332.2.a.a,332,2,0,0,-2,0,-6,-6,0,-2,-4,0,2,-6,2,0,-8,-8,4,6,14,-12,12,-12,-4,2,24,-16
332.2.a.b,332,2,0,0,0,-2,0,4,-6,6,6,4,-6,0,6,-24,16,-6,16,0,-2,28,16,-14,-22,-2,4,20
332.2.a.c,332,3,0,0,4,2,8,-4,6,-4,4,1,-8,8,-16,5,0,2,-24,4,0,6,0,12,12,-3,-2,-22
333.2.a.a,333,1,0,-1,0,2,-4,-4,-2,6,-6,-8,-6,2,-1,0,-10,12,-4,4,10,-4,12,-10,10,0,2,-2
333.2.a.b,333,1,0,0,0,0,-1,-3,-4,-6,2,-6,6,-4,1,9,8,-3,3,-12,8,-4,15,11,-10,-9,-6,8
333.2.a.c,333,1,0,1,0,-2,-4,4,-2,-6,-6,8,6,2,-1,0,-10,-12,4,-4,10,-4,-12,-10,10,0,-2,-2
333.2.a.d,333,1,0,2,0,2,-1,5,-2,0,0,-2,-6,-4,-1,9,2,9,-1,-8,-8,8,-9,-1,4,15,-4,4
333.2.a.e,333,3,0,-3,0,-4,-4,-4,-2,-4,-8,2,-16,-8,3,-18,-12,4,6,-6,-6,-16,-12,-6,12,0,4,-14
333.2.a.f,333,4,0,0,0,0,8,0,8,0,8,0,0,8,4,0,8,0,0,0,8,8,0,-16,8,0,0,8
333.2.a.g,333,4,0,0,0,2,4,0,4,2,8,10,2,4,-4,-12,4,12,-8,10,-8,-4,12,12,-8,20,-26,-4
334.2.a.a,334,1,0,1,0,3,1,0,-2,-2,2,2,-4,1,-3,2,4,-1,-11,-3,-4,-3,6,-4,-12,7,3,7
334.2.a.b,334,2,0,-2,-1,-2,0,-5,0,-5,0,-4,-12,-4,3,-8,9,-6,5,-2,-5,11,4,1,12,23,-2,-6
334.2.a.c,334,2,0,-2,0,2,-6,0,8,4,4,12,8,-10,-6,12,4,-6,-22,10,0,-2,12,-16,0,10,6,2
334.2.a.d,334,2,0,2,-3,-4,-6,-9,2,1,-2,0,-16,2,-3,6,-5,6,-7,10,9,1,-24,5,-12,1,6,2
334.2.a.e,334,3,0,-3,-1,0,0,11,-10,9,-4,-10,18,4,1,16,-11,-2,21,-6,-11,-29,-12,-7,-2,-19,12,12
334.2.a.f,334,3,0,3,1,-3,3,7,2,3,-4,4,4,-5,-4,-2,-7,1,26,9,1,8,10,-17,14,-12,-3,-27
335.2.a.a,335,1,0,0,0,1,-2,-2,-2,-3,-1,-1,-9,0,-3,-2,6,9,12,5,0,1,-4,-1,-4,-4,3,-14
335.2.a.b,335,2,0,0,0,-2,-4,0,-4,-6,-2,-6,6,4,-10,0,-12,6,0,6,-4,-2,12,-14,8,0,18,-4
335.2.a.c,335,2,0,1,0,-2,0,-6,12,-2,-4,2,-10,12,-6,6,4,-16,-2,12,24,2,20,-6,12,18,-10,6
335.2.a.d,335,7,0,2,4,-7,10,6,4,17,3,5,-1,0,15,-20,20,19,18,-39,-6,7,-28,41,24,-38,-1,18
335.2.a.e,335,11,0,0,0,11,4,6,4,2,10,-10,26,-8,12,14,14,-16,-2,2,20,-11,-24,16,8,-36,14,20
336.2.a.a,336,1,0,0,-1,-2,1,-4,-2,-6,-4,0,-2,0,6,2,4,0,6,-12,-2,-4,0,-6,16,12,-14,18
336.2.a.b,336,1,0,0,-1,0,-1,6,2,0,4,6,6,-8,2,12,4,-12,-6,0,-10,-8,-6,-10,4,12,12,-10
336.2.a.c,336,1,0,0,-1,2,1,0,-2,6,4,4,6,8,-10,-10,-12,8,6,-4,-10,-12,-4,2,-8,-4,6,10
336.2.a.d,336,1,0,0,1,-2,1,4,6,2,4,-8,-2,0,-10,-6,4,0,6,-4,6,-4,-8,10,0,4,-6,-14
336.2.a.e,336,1,0,0,1,2,-1,0,6,-2,-4,4,-10,8,6,-2,4,-8,-10,-12,-2,-12,12,-14,8,-12,-2,10
336.2.a.f,336,1,0,0,1,4,1,-2,-6,-4,4,-2,-2,0,2,0,4,-12,-6,8,6,8,-14,-2,-12,4,0,-2
337.2.a.a,337,12,0,-6,-11,-10,-13,-7,-6,-19,1,-41,-7,-11,-5,-13,-8,-62,-11,-18,16,13,-9,-4,9,-38,23,-1
337.2.a.b,337,15,0,3,9,10,7,9,-4,15,1,45,1,11,-11,1,-12,70,1,6,-12,-11,41,-18,-23,2,3,-27
338.2.a.a,338,1,0,-1,-3,1,-1,2,0,-3,-6,-4,2,-4,-3,0,-5,-13,12,10,-8,2,5,10,-4,0,-6,-14
338.2.a.b,338,1,0,-1,-1,3,3,0,0,-3,6,6,0,0,3,0,1,3,-6,-6,-8,12,-15,6,10,-6,-6,12
338.2.a.c,338,1,0,-1,0,1,-4,-4,0,3,0,-4,-1,-4,-3,9,-8,8,-9,4,7,-4,8,-11,-4,0,6,-2
338.2.a.d,338,1,0,1,-1,-3,-3,0,0,-3,-6,6,0,0,-3,0,1,-3,-6,6,-8,-12,15,-6,10,6,6,-12
338.2.a.e,338,1,0,1,0,-1,4,4,0,3,0,-4,-1,4,3,-9,-8,-8,-9,-4,7,4,-8,11,-4,0,-6,2
338.2.a.f,338,1,0,1,1,3,1,-6,0,-3,-2,0,6,4,7,0,-1,-3,0,6,8,-14,3,-2,8,-12,6,10
338.2.a.g,338,3,0,-3,3,-2,4,-3,0,5,-1,0,-10,16,14,-7,11,2,0,3,-4,-21,12,-1,-18,1,-25,-23
338.2.a.h,338,3,0,3,3,2,-4,3,0,5,1,0,-10,-16,-14,7,11,-2,0,-3,-4,21,-12,1,-18,-1,25,23
339.2.a.a,339,1,0,-2,1,-3,1,-2,-2,-2,0,-5,-5,-4,-4,4,-12,-3,6,-9,-3,16,1,14,2,6,3,1
339.2.a.b,339,1,0,0,1,-1,-3,-4,-2,-2,-2,1,-7,8,4,0,12,-9,-8,-3,-3,2,7,4,-4,-2,13,1
339.2.a.c,339,1,0,2,-1,2,3,-6,5,3,0,3,-3,-7,2,-8,0,-9,4,-9,6,14,0,-10,-14,14,1,13
339.2.a.d,339,2,0,-2,-2,2,6,4,10,-6,0,-6,4,14,-8,12,-8,-8,12,-6,2,8,-6,20,16,-4,-12,4
339.2.a.e,339,2,0,0,-2,-2,-2,0,-8,4,-8,6,-14,4,-8,-8,-8,22,0,2,6,-8,-22,4,-12,12,6,6
339.2.a.f,339,2,0,4,2,3,-1,-2,-6,-6,6,5,2,0,-2,14,0,-2,10,-3,19,-20,-1,-10,6,4,10,-6
339.2.a.g,339,5,0,0,5,3,-3,2,8,16,-12,7,27,-10,2,-2,-14,17,0,-11,-7,6,-3,-12,-18,-8,-19,-17
339.2.a.h,339,5,0,1,-5,-2,-5,4,-3,-1,8,-11,22,7,12,-6,10,-8,10,7,22,-26,0,0,8,-38,36,6
340.2.a.a,340,1,0,0,0,-1,-4,2,-6,1,0,0,-6,6,-2,-6,6,-10,-6,0,10,-2,6,6,6,6,-18,-14
340.2.a.b,340,3,0,0,0,3,0,2,2,3,0,8,-2,10,-6,18,-10,-2,14,-16,-6,-26,14,-10,-14,-18,26,-2
341.2.a.a,341,2,0,1,-2,-3,1,2,-2,-4,-10,-2,0,2,-4,9,-17,-9,3,0,-11,-14,-11,8,-10,23,-5,16
341.2.a.b,341,4,0,-2,-2,-1,-5,-4,-6,0,-14,0,-10,-4,2,-3,-5,7,17,0,-7,-10,9,-2,-6,-5,1,2
341.2.a.c,341,8,0,1,4,-5,7,-8,8,0,16,4,8,8,8,3,27,-21,-1,16,23,-10,-3,8,32,-7,-49,-18
341.2.a.d,341,11,0,1,4,3,5,11,-2,-10,24,2,-12,-11,-12,-11,35,3,3,-4,-19,54,-7,-24,16,-3,15,2
342.2.a.a,342,1,0,-1,0,-2,0,-2,-4,0,-1,-8,2,-2,-8,2,4,4,-2,0,-10,0,16,6,14,6,18,10
342.2.a.b,342,1,0,-1,0,-2,0,4,2,6,-1,4,2,4,10,-10,4,4,10,-12,14,-12,-8,-6,-4,-12,6,10
342.2.a.c,342,1,0,-1,0,0,-4,0,-4,-6,1,6,-6,2,-4,-6,-4,-6,-6,12,14,8,0,14,-10,12,6,-10
342.2.a.d,342,1,0,-1,0,4,3,-2,-1,-3,-1,1,5,-8,-2,8,4,-8,1,-15,2,3,-2,9,-10,6,0,-2
342.2.a.e,342,1,0,1,0,0,-1,6,5,-3,1,-3,-9,-4,2,0,8,0,3,-9,-10,5,6,-7,-10,6,12,-10
342.2.a.f,342,1,0,1,0,0,4,-4,0,2,1,2,6,6,-8,-10,-12,-10,-2,-4,-10,0,16,-2,10,16,2,-10
342.2.a.g,342,1,0,1,0,2,0,2,-4,0,-1,8,-2,-2,-8,-2,4,-4,2,0,-10,0,-16,6,14,-6,-18,10
343.2.a.a,343,3,0,-4,0,0,0,-9,0,0,0,-11,-15,0,-11,0,-1,0,-9,0,0,19,-15,0,17,0,0,0
343.2.a.b,343,3,0,3,0,0,0,5,0,0,0,3,13,0,17,0,13,0,19,0,0,-23,-1,0,-25,0,0,0
343.2.a.c,343,6,0,-2,-5,-11,0,-1,-7,-26,3,-9,-2,2,-2,-28,5,-18,-1,-5,17,-22,-2,-12,-2,-7,-39,-35
343.2.a.d,343,6,0,-2,5,11,0,-1,7,26,-3,-9,-2,-2,-2,28,5,18,-1,5,-17,-22,-2,12,-2,7,39,35
343.2.a.e,343,6,0,4,0,0,0,2,0,0,0,18,-2,0,-10,0,-30,0,30,0,0,30,-2,0,-10,0,0,0
344.2.a.a,344,1,0,0,0,-2,-2,1,-1,-7,-6,9,4,1,-4,-11,1,0,11,12,0,7,-10,-4,-8,-3,6,3
344.2.a.b,344,2,0,0,-2,-2,-2,-6,-6,6,-8,-2,2,-10,4,6,-2,0,2,-4,-22,-2,0,10,20,6,10,-14
344.2.a.c,344,3,0,0,3,1,6,1,3,-8,11,4,-1,6,1,-8,3,11,-7,-8,8,-5,-10,-4,7,-1,-32,-8
344.2.a.d,344,5,0,0,-1,1,2,2,8,15,7,-3,1,7,-7,11,-5,-17,-10,-16,0,14,-16,-4,-1,-8,18,25
345.2.a.a,345,1,0,-2,1,1,-5,-2,-6,1,2,-1,-1,-5,-7,-7,-8,-12,9,3,12,-1,5,-2,-8,3,8,14
345.2.a.b,345,1,0,-1,1,-1,4,-4,-2,6,8,-1,6,8,6,-6,-8,-8,2,-4,-10,8,0,-6,-4,-12,6,-14
345.2.a.c,345,1,0,0,-1,-1,1,4,0,5,0,1,5,3,-5,3,-4,6,-3,9,10,-7,7,-12,8,-1,16,-6
345.2.a.d,345,1,0,0,1,-1,-3,-4,0,-3,-8,1,9,-5,-9,7,4,-2,13,-3,-14,13,-13,-4,0,-1,-8,10
345.2.a.e,345,1,0,1,1,-1,4,4,6,-2,-4,-1,-10,-8,2,2,-8,0,-6,0,6,8,-4,10,16,-12,-10,-10
345.2.a.f,345,1,0,2,-1,1,3,2,-2,5,-2,-1,-5,3,-7,-11,-8,8,5,-1,-8,-9,1,10,0,15,0,-10
345.2.a.g,345,2,0,-2,-2,2,-6,-2,2,-8,-10,2,-4,-6,10,-4,-16,-2,-8,4,2,-6,-4,2,0,-24,12,-8
345.2.a.h,345,2,0,0,-2,-2,-2,-8,4,2,-4,-2,-10,-14,6,-18,12,-20,6,6,8,-6,-2,-12,-8,14,-8,-8
345.2.a.i,345,2,0,0,2,-2,-2,0,4,-6,4,-2,6,10,-2,6,4,12,6,6,16,-14,6,4,-8,6,-24,16
345.2.a.j,345,3,0,-1,3,3,6,-2,4,-2,2,3,-6,2,0,-2,20,-6,-6,-12,-4,-6,-8,-8,-4,8,6,14
346.2.a.a,346,1,0,1,-1,-3,-2,-4,0,-2,7,-3,-4,-7,-4,3,6,9,-3,-9,3,2,-12,-7,10,6,-10,-6
346.2.a.b,346,1,0,1,1,-1,4,4,-6,-4,5,5,8,-7,-2,-5,-10,-3,-1,9,-15,-8,4,1,16,6,-6,-8
346.2.a.c,346,3,0,-3,1,0,-3,12,0,2,1,9,10,5,-6,18,5,7,-10,-3,-22,-11,-11,-14,-15,5,7,-18
346.2.a.d,346,4,0,-4,-2,-5,-1,-13,3,-6,-12,-1,-21,-3,7,-16,-10,7,3,4,-3,-8,-29,18,-5,6,3,10
346.2.a.e,346,5,0,5,-3,5,-2,5,9,6,-5,-2,5,-8,7,12,-13,0,3,-1,17,-21,-4,-14,-2,-13,18,-6
347.2.a.a,347,1,0,-2,1,0,-2,-3,-2,4,-4,4,-9,8,-12,8,-7,-10,-6,8,5,-11,12,7,10,9,1,16
347.2.a.b,347,2,0,2,-1,-2,-4,3,-7,-2,6,-10,3,-1,10,0,-11,-14,-9,17,-15,-11,9,-5,10,1,-8,4
347.2.a.c,347,7,0,-2,-7,-8,-5,2,-22,-9,-11,2,3,-11,-40,-8,17,32,2,-20,-21,11,3,-31,-21,12,23,-72
347.2.a.d,347,19,0,0,7,10,9,0,39,11,5,0,7,14,50,-6,9,0,21,-21,39,11,-18,9,-17,-20,-3,72
348.2.a.a,348,1,0,0,-1,-2,1,3,5,-1,6,4,-1,0,8,-10,4,7,-2,6,-8,3,-4,4,6,-14,-7,-2
348.2.a.b,348,1,0,0,-1,0,-3,-3,-3,1,-4,-2,1,-2,-6,10,0,-3,4,10,-6,3,6,14,4,-18,7,0
348.2.a.c,348,1,0,0,1,-4,-3,-1,-3,-5,4,-6,-1,2,6,6,-12,7,-12,-10,10,-13,-2,14,-8,6,5,0
348.2.a.d,348,1,0,0,1,2,1,1,-3,-3,2,8,1,-8,0,2,0,5,-2,-6,-12,3,4,-16,-2,-6,3,-6
349.2.a.a,349,11,0,-5,-6,-9,-3,-31,-4,-1,-17,-24,-17,-10,-1,-15,-5,4,-3,-52,0,-23,-30,12,11,-13,-19,26
349.2.a.b,349,17,0,5,6,5,1,39,-6,1,7,8,9,-2,-7,3,1,16,27,74,-30,9,70,-38,7,47,23,-14
350.2.a.a,350,1,0,-1,-1,0,-1,3,-2,-3,-7,0,-6,-4,-8,-9,-8,6,12,12,-10,7,6,-5,14,9,-15,10
350.2.a.b,350,1,0,-1,0,0,1,4,6,-2,0,0,6,8,10,2,-4,-8,2,-8,-14,12,-16,-2,-8,-8,10,-2
350.2.a.c,350,1,0,-1,3,0,1,-5,6,1,-3,0,-6,-4,-8,11,8,-2,-4,4,-2,-9,-10,7,-2,-11,-11,10
350.2.a.d,350,1,0,1,-3,0,-1,-5,-6,-1,-3,0,-6,-4,8,11,-8,2,4,4,-2,9,-10,-7,-2,11,-11,-10
350.2.a.e,350,1,0,1,1,0,1,3,2,3,-7,0,-6,-4,8,-9,8,-6,-12,12,-10,-7,6,5,14,-9,-15,-10
350.2.a.f,350,1,0,1,2,0,-1,0,4,-6,2,0,-6,-4,-2,6,-8,12,-6,-6,8,4,0,-2,8,6,-6,10
350.2.a.g,350,2,0,-2,0,0,-2,0,4,4,8,-4,4,8,4,-12,8,8,-12,-8,12,-16,-12,-4,4,0,-20,12
350.2.a.h,350,2,0,2,0,0,2,0,-4,-4,8,4,4,8,-4,-12,-8,-8,12,-8,12,16,-12,4,4,0,-20,-12
351.2.a.a,351,2,0,-1,0,-3,0,-5,-2,-7,3,-7,-4,-8,8,-4,-7,9,-11,8,-8,-1,14,9,-9,10,-30,-4
351.2.a.b,351,2,0,-1,0,-5,-2,-1,2,-5,-7,3,-8,0,-6,-18,5,-9,15,-6,12,-9,-6,-11,-17,8,-10,0
351.2.a.c,351,2,0,1,0,3,0,5,-2,7,3,7,4,-8,8,4,-7,-9,11,-8,-8,-1,-14,9,-9,-10,30,-4
351.2.a.d,351,2,0,1,0,5,-2,1,2,5,-7,-3,8,0,-6,18,5,9,-15,6,12,-9,6,-11,-17,-8,10,0
351.2.a.e,351,4,0,0,0,0,8,0,4,0,4,0,0,12,12,0,-8,0,0,0,0,-12,0,32,-16,0,0,36
351.2.a.f,351,4,0,0,0,0,0,0,-4,0,12,0,0,20,4,0,-8,0,0,0,32,-20,0,-24,0,0,0,28
352.2.a.a,352,1,0,0,-3,1,0,1,-6,-4,-6,-3,-4,9,7,-2,-6,-12,2,-9,8,15,3,-6,6,6,-5,-3
352.2.a.b,352,1,0,0,-1,-3,4,-1,-2,-8,-6,-5,4,-1,3,-6,6,12,-6,-3,0,-11,5,-10,2,2,-5,13
352.2.a.c,352,1,0,0,-1,1,-4,-1,-2,0,2,-9,4,-5,-9,2,6,4,-6,5,0,13,1,14,10,-14,-13,-19
352.2.a.d,352,1,0,0,1,-3,-4,1,-2,-8,6,5,4,1,3,-6,-6,-12,-6,3,0,11,-5,-10,-2,-2,-5,13
352.2.a.e,352,1,0,0,1,1,4,1,-2,0,-2,9,4,5,-9,2,-6,-4,-6,-5,0,-13,-1,14,-10,14,-13,-19
352.2.a.f,352,1,0,0,3,1,0,-1,-6,-4,6,3,-4,-9,7,-2,6,12,2,9,8,-15,-3,-6,-6,-6,-5,-3
352.2.a.g,352,2,0,0,-1,3,0,-2,4,6,-6,3,6,15,1,0,-6,8,0,13,-6,-3,-19,-12,18,-2,-3,-1
352.2.a.h,352,2,0,0,1,3,0,2,4,6,6,-3,6,-15,1,0,6,-8,0,-13,-6,3,19,-12,-18,2,-3,-1
353.2.a.a,353,1,0,-1,2,2,-2,4,2,2,0,4,2,2,2,-2,8,-4,-6,-2,2,2,6,-10,-10,-12,-14,-14
353.2.a.b,353,3,0,1,3,2,2,3,11,-14,4,-11,7,-10,13,-26,12,-9,23,14,2,21,-3,8,16,-3,-11,-5
353.2.a.c,353,11,0,-5,-5,-4,-25,-4,-13,-2,-18,-19,6,-18,-17,4,-45,-11,2,11,15,-36,4,-2,-33,-2,23,-13
353.2.a.d,353,14,0,4,-2,-4,29,-7,2,8,14,16,-9,28,8,14,11,14,-27,-25,-3,37,3,14,39,9,0,24
354.2.a.a,354,1,0,-1,-1,0,-1,-5,1,1,0,-6,-10,-8,9,-5,3,0,4,-1,6,4,1,0,-3,7,16,-12
354.2.a.b,354,1,0,-1,-1,2,0,4,-6,2,4,8,2,8,2,2,0,8,-6,1,10,-8,-12,-14,-16,4,6,2
354.2.a.c,354,1,0,-1,1,0,-1,3,5,-3,8,-6,6,8,5,-9,-1,0,12,-1,-10,-4,-3,-16,5,-9,0,-4
354.2.a.d,354,1,0,1,-1,-4,-1,-3,-1,-7,-4,2,-2,0,7,3,5,12,-8,1,-14,-4,-15,-4,5,1,4,-4
354.2.a.e,354,1,0,1,-1,0,0,4,4,6,-4,-4,0,2,-8,6,4,-4,4,-1,0,-16,-14,2,-8,-4,14,-10
354.2.a.f,354,1,0,1,-1,4,0,-4,0,-2,4,4,4,-10,-4,-2,-12,4,0,-1,4,-8,6,-14,8,-4,-18,14
354.2.a.g,354,2,0,-2,2,2,8,-4,-2,0,-4,4,-10,-2,-2,8,8,4,-14,-2,-2,-4,6,-4,0,-8,4,-24
354.2.a.h,354,3,0,3,3,2,-1,1,1,-3,0,-10,-8,-2,9,-1,-7,-8,-18,3,0,8,-9,8,-19,-7,0,28
355.2.a.a,355,1,0,0,-2,1,-1,0,5,6,-1,0,-3,2,8,6,2,3,-3,-6,2,-4,-1,-4,-1,6,15,-7
355.2.a.b,355,4,0,-4,-3,4,-5,-1,-14,-13,1,-6,-27,8,-14,-4,-3,-12,-12,16,3,10,4,-21,15,10,14,-2
355.2.a.c,355,4,0,-2,-1,-4,1,-9,-2,-5,-7,-4,-19,-6,12,-12,-3,4,-22,-4,-15,6,-4,9,11,8,-14,14
355.2.a.d,355,6,0,3,3,6,6,3,5,9,-8,4,20,-12,-4,-16,-5,5,27,-2,-7,6,-6,17,-14,8,-5,31
355.2.a.e,355,8,0,4,-1,-8,-5,7,-4,5,-1,14,35,-4,4,0,1,-12,44,16,3,-22,8,-51,9,0,0,-54
356.2.a.a,356,1,0,0,-1,-1,0,0,-4,-1,-5,-1,-6,3,-6,2,1,10,9,4,-4,-2,2,7,2,-4,1,1
356.2.a.b,356,7,0,0,1,3,0,8,10,7,13,-3,4,-9,2,8,13,-30,-7,0,18,-2,-30,19,-18,-20,-7,13
357.2.a.a,357,1,0,-2,1,-3,1,-3,1,-1,-7,1,-10,4,-10,3,-11,-8,-4,4,10,-8,8,-2,16,6,-8,-4
357.2.a.b,357,1,0,0,-1,1,-1,3,3,1,3,7,-6,10,4,-9,9,6,-10,-2,0,-12,-12,6,10,10,-4,8
357.2.a.c,357,1,0,0,-1,1,1,-5,-5,1,-5,-1,-6,-6,4,7,-7,6,6,14,0,-12,4,6,-6,-6,12,8
357.2.a.d,357,1,0,2,1,1,-1,1,1,-1,1,-3,-2,0,-6,-1,5,12,0,0,-2,-8,0,6,-4,6,16,-12
357.2.a.e,357,2,0,-2,2,-4,-2,-10,-4,2,-4,-6,8,-6,6,-20,-2,6,6,-6,-10,-16,0,0,10,-12,-4,0
357.2.a.f,357,2,0,0,-2,-2,-2,2,-6,-2,-10,-2,8,0,-8,6,-6,-8,4,-16,-4,-4,4,-12,-4,-12,16,-8
357.2.a.g,357,3,0,1,3,2,3,6,-2,3,-4,6,6,-14,-4,14,2,-2,-4,-2,-12,12,0,-22,2,24,-10,-6
357.2.a.h,357,4,0,2,-4,-2,4,2,2,-4,10,6,-4,-4,0,-18,26,-4,20,4,-4,28,4,8,-8,28,-28,4
358.2.a.a,358,1,0,-1,2,0,-2,5,6,3,-2,2,2,5,-1,-6,-10,5,11,-12,-10,-8,12,8,-10,-2,-1,-2
358.2.a.b,358,1,0,1,-2,0,2,3,2,3,2,6,-6,5,-7,6,-10,-3,-3,0,2,-4,0,-4,-10,6,-9,2
358.2.a.c,358,2,0,-2,1,6,2,-2,-3,0,-7,1,4,-8,13,15,10,4,10,12,-8,-10,3,1,-11,-7,19,-4
358.2.a.d,358,2,0,2,-3,-4,-6,0,-3,-8,-9,-3,6,4,7,-3,-2,-16,4,-2,16,-2,-9,3,13,-21,3,-4
358.2.a.e,358,2,0,2,3,1,4,-2,-11,5,-3,-2,-5,5,-6,-4,-19,16,16,5,-3,1,2,2,24,11,3,18
358.2.a.f,358,2,0,2,3,2,-4,4,3,-4,5,-7,0,-6,1,-11,18,6,-2,10,-16,6,-11,-17,-15,13,15,-4
358.2.a.g,358,4,0,-4,-2,-7,0,-4,-8,-15,4,-9,-7,3,-7,-9,3,-22,-8,-11,-15,-5,15,15,21,10,-6,-2
359.2.a.a,359,1,0,-1,0,1,-1,-2,0,-3,1,-6,-6,1,-9,6,-5,8,6,5,-4,-4,13,1,-14,15,-2,10
359.2.a.b,359,1,0,1,-2,1,1,-2,-6,-3,-1,0,-4,-1,7,-2,1,0,4,11,2,12,-9,-7,-4,9,-6,-8
359.2.a.c,359,4,0,-2,-1,-6,-3,1,-5,1,-13,6,13,-19,-9,-19,6,-6,7,-15,-14,-7,0,-18,21,8,-6,-35
359.2.a.d,359,24,0,1,5,6,5,1,19,5,25,-8,1,41,23,31,-4,-10,-1,7,38,3,-16,58,-1,-14,58,77
360.2.a.a,360,1,0,0,0,-1,-4,-4,-2,-2,4,-4,2,-8,6,6,-8,-4,-6,4,-2,8,0,-6,0,16,6,-14
360.2.a.b,360,1,0,0,0,-1,0,4,6,6,-4,0,2,-8,-2,6,12,-8,-6,-12,14,4,-8,-6,-8,12,-10,2
360.2.a.c,360,1,0,0,0,-1,2,2,4,-2,4,8,-10,4,0,0,-8,8,6,-14,-14,-4,12,6,-12,4,-12,-14
360.2.a.d,360,1,0,0,0,1,2,-2,4,2,4,-8,10,4,0,0,-8,-8,-6,14,-14,-4,-12,6,-12,-4,12,-14
360.2.a.e,360,1,0,0,0,1,4,0,-6,2,4,8,6,0,-6,-10,-4,-8,-10,0,6,-4,0,-14,16,-12,-2,2
361.2.a.a,361,1,0,0,0,-1,3,-5,0,-7,0,-4,0,0,0,0,-1,13,0,0,15,0,0,-11,0,-16,0,0
361.2.a.b,361,1,0,0,2,3,-1,3,4,-3,0,0,-6,4,-2,6,-1,-3,-12,6,-1,4,-6,-7,-8,12,-12,-8
361.2.a.c,361,2,0,-1,-3,2,6,-1,2,6,0,13,5,11,-11,6,-7,6,-3,15,-16,14,6,8,0,8,20,-21
361.2.a.d,361,2,0,0,-4,1,-2,6,-3,-1,0,0,-3,12,-11,3,8,14,-11,-2,13,-8,2,-9,-4,-6,-1,11
361.2.a.e,361,2,0,0,4,1,-2,6,3,-1,0,0,3,-12,11,-3,8,14,11,2,13,8,-2,-9,4,-6,1,-11
361.2.a.f,361,2,0,1,3,2,6,-1,-2,6,0,13,-5,-11,11,-6,-7,6,3,-15,-16,-14,-6,8,0,8,-20,21
361.2.a.g,361,3,0,-3,-3,-3,0,0,0,6,0,-6,-15,-9,0,-12,0,-6,-6,-21,9,18,-30,0,-9,0,-15,15
361.2.a.h,361,3,0,3,3,-3,0,0,0,6,0,-6,15,9,0,12,0,-6,6,21,9,-18,30,0,9,0,15,-15
361.2.a.i,361,4,0,0,0,-4,-8,-10,0,-8,0,-6,0,0,0,0,6,-28,0,0,-20,0,0,36,0,-4,0,0
362.2.a.a,362,1,0,-1,-1,2,-4,-1,4,-6,-2,-3,4,-11,-12,4,-1,-11,6,9,5,12,3,-15,0,-2,16,-10
362.2.a.b,362,1,0,1,-1,-2,-4,-1,-4,2,6,-1,-8,-1,0,0,-1,-1,-6,9,-1,-12,9,-7,-8,10,0,-14
362.2.a.c,362,2,0,-2,-2,-1,-3,-2,-7,8,-9,-1,3,3,-9,-2,-12,13,-8,-12,20,-26,1,5,0,21,2,0
362.2.a.d,362,2,0,2,2,4,0,-10,8,4,0,-14,0,6,0,8,-18,2,-16,6,14,4,2,2,-12,0,-8,12
362.2.a.e,362,5,0,-5,4,0,5,4,10,0,4,0,-10,12,22,-10,18,8,-11,-2,-4,23,-10,-10,-8,-6,-26,-6
362.2.a.f,362,5,0,5,0,-1,6,4,-5,0,1,15,5,-9,21,-12,4,-15,7,-24,-10,1,3,1,12,-15,0,30
363.2.a.a,363,1,0,-2,-1,4,1,0,-2,4,-3,2,6,-5,3,-2,12,2,6,-10,3,-1,0,-11,11,6,12,5
363.2.a.b,363,1,0,-1,-1,-2,-4,0,2,2,0,8,6,-8,6,2,0,8,6,-4,-6,-4,0,14,4,-12,-6,2
363.2.a.c,363,1,0,2,-1,4,-1,0,2,-4,3,2,-6,-5,3,2,-12,2,6,-10,-3,-1,0,11,-11,-6,12,5
363.2.a.d,363,2,0,-3,-2,1,-2,0,-4,-9,5,-4,-12,-1,-8,-4,0,-9,-3,17,-3,-3,5,2,22,-6,-12,9
363.2.a.e,363,2,0,-1,2,-3,-6,0,-8,-1,-5,-2,0,-1,-4,6,-8,1,-17,5,-9,1,9,2,-10,12,10,1
363.2.a.f,363,2,0,0,-2,-6,0,0,0,0,0,-12,0,8,-22,0,0,0,-18,-12,0,-4,-12,0,0,0,18,-14
363.2.a.g,363,2,0,0,2,4,0,0,0,0,0,-8,0,0,4,0,0,16,12,0,0,-24,-16,0,0,0,-28,4
363.2.a.h,363,2,0,1,2,-3,6,0,8,1,5,-2,0,-1,-4,-6,8,1,-17,5,9,1,9,-2,10,-12,10,1
363.2.a.i,363,2,0,3,-2,1,2,0,4,9,-5,-4,12,-1,-8,4,0,-9,-3,17,3,-3,5,-2,-22,6,-12,9
363.2.a.j,363,4,0,0,4,2,0,0,0,0,0,8,0,18,20,0,0,-28,18,-24,0,30,-20,0,0,0,-14,-4
364.2.a.a,364,1,0,0,-2,1,-1,-4,1,-2,-1,-7,-5,-9,-2,2,1,9,3,0,14,10,-14,3,5,5,-9,-1
364.2.a.b,364,1,0,0,0,-3,1,-2,-1,-4,-1,-7,7,-5,4,-6,9,-7,11,0,-2,-10,0,7,1,-11,-1,-13
364.2.a.c,364,2,0,0,0,-2,-2,8,-2,0,6,-2,-2,2,-12,12,2,2,-6,28,-4,-4,20,-2,-14,6,-18,-26
364.2.a.d,364,2,0,0,2,0,2,6,2,6,4,6,-6,-8,-2,0,-14,12,-6,0,-20,-8,-6,-8,-2,-12,12,16
365.2.a.a,365,2,0,0,4,2,6,-6,0,0,4,-4,-8,14,16,-4,6,-10,12,-6,-12,-4,16,-2,-20,2,-4,8
365.2.a.b,365,3,0,-1,-4,3,-1,-9,-1,3,-15,-1,-11,-21,4,-7,-18,1,6,-5,-3,-7,-6,3,-5,13,0,0
365.2.a.c,365,5,0,-1,-6,-5,-5,3,-9,-5,-15,-3,3,-7,-6,13,-10,-11,-6,-1,1,-29,26,-5,-5,-23,4,-8
365.2.a.d,365,7,0,-1,2,7,-3,15,5,-5,13,-5,-3,11,-26,7,16,-3,-34,27,15,11,26,-7,19,-17,2,-4
365.2.a.e,365,8,0,2,8,-8,7,-7,11,5,21,5,-3,3,18,-7,14,11,0,13,5,29,-46,8,-9,-11,-28,10
366.2.a.a,366,1,0,-1,-1,-2,4,-4,-2,6,4,8,10,4,6,2,-8,-8,-6,12,1,0,0,10,-12,-12,6,2
366.2.a.b,366,1,0,-1,1,-3,-1,-3,-1,-6,-4,3,0,-4,8,-9,-4,-6,12,3,1,5,0,-7,5,6,12,-10
366.2.a.c,366,1,0,-1,1,1,-2,6,0,3,0,-1,6,0,3,12,1,-12,-2,0,-1,4,-13,-9,-14,3,-9,-1
366.2.a.d,366,1,0,1,-1,-3,-3,-1,-5,2,-8,5,0,-4,4,3,4,2,0,-7,1,-13,-16,9,-1,14,-4,14
366.2.a.e,366,1,0,1,-1,-1,2,2,4,1,4,-3,-2,4,-1,-4,-3,0,-6,4,-1,4,-15,-9,10,-3,-3,-1
366.2.a.f,366,1,0,1,1,1,-2,2,4,-7,0,9,-10,-8,-7,12,-1,8,-6,0,1,-12,-3,-1,10,-1,5,-17
366.2.a.g,366,1,0,1,1,1,1,-1,-5,2,0,-3,8,4,-4,-9,-4,2,0,9,1,-9,0,-7,-5,14,-4,-2
366.2.a.h,366,2,0,-2,-2,0,-3,3,7,-3,8,-10,-2,8,5,15,-1,6,10,-17,2,-19,-1,8,3,-1,19,-11
367.2.a.a,367,11,0,-8,-6,-8,-7,-10,-5,-32,3,-15,-26,3,-10,-32,-12,-9,-32,14,15,23,-4,-10,4,19,-3,-24
367.2.a.b,367,19,0,9,4,6,1,4,5,40,-3,21,28,-13,8,34,-14,3,34,2,-7,-5,4,12,-28,7,3,-12
368.2.a.a,368,1,0,0,-3,0,2,0,-5,-6,-6,-1,9,-3,-8,3,8,-7,-2,-4,-10,-8,-7,9,6,14,16,6
368.2.a.b,368,1,0,0,-1,0,-2,0,-1,-6,-2,1,-3,-5,8,3,-8,-9,6,12,14,-8,15,-7,10,-6,0,-10
368.2.a.c,368,1,0,0,0,0,-4,-6,-2,6,6,-1,-6,0,-8,6,2,8,-8,-4,-4,-2,8,6,-12,-10,10,-18
368.2.a.d,368,1,0,0,0,4,4,-2,-2,-2,2,-1,2,0,-4,6,-10,0,-4,-12,-8,10,0,6,12,-14,-6,6
368.2.a.e,368,1,0,0,1,-4,-2,4,-5,-2,-6,-1,1,9,-4,3,-8,5,6,4,-10,4,5,-15,6,-6,-8,10
368.2.a.f,368,1,0,0,1,-2,4,2,7,-4,6,1,5,-3,2,-9,-8,1,-6,8,-10,-2,13,-3,-6,0,-4,-8
368.2.a.g,368,1,0,0,3,-2,4,-2,-5,4,2,-1,-7,3,2,-9,8,-9,2,0,-2,-14,3,-3,6,-8,12,0
368.2.a.h,368,2,0,0,0,-2,-2,6,6,6,4,-2,-6,0,2,2,0,0,-8,-4,4,10,-20,22,4,22,-12,22
368.2.a.i,368,2,0,0,1,4,0,-2,5,2,-2,2,3,9,0,1,16,-11,4,-4,8,2,-23,-17,2,-12,-2,-2
369.2.a.a,369,1,0,0,0,2,-4,-5,-4,5,-2,-4,-1,-5,-7,1,7,-7,14,12,-3,-2,3,13,-2,2,-18,-14
369.2.a.b,369,1,0,2,0,4,-2,3,-6,-3,0,6,-5,7,-7,-1,-1,-3,6,0,-3,-2,3,-11,10,16,10,-12
369.2.a.c,369,2,0,0,0,-4,-4,-2,4,-2,-8,0,-2,-6,-2,2,-10,-18,-8,0,2,4,-6,2,-4,12,12,24
369.2.a.d,369,3,0,-2,0,-4,0,-11,-2,-3,-2,-10,-3,-11,3,-3,5,-3,0,-4,-1,4,-29,-17,-4,18,6,-24
369.2.a.e,369,3,0,-1,0,-4,2,4,8,-2,2,10,6,-2,20,-3,10,-4,-14,8,-8,12,32,4,-20,14,-14,-12
369.2.a.f,369,3,0,1,0,2,6,-2,-2,6,4,-4,6,16,-6,-3,-4,0,-6,8,2,-2,-20,-2,32,0,6,6
369.2.a.g,369,3,0,2,0,4,0,11,-2,3,-2,10,3,-11,3,3,5,3,0,4,-1,4,29,-17,-4,-18,-6,-24
370.2.a.a,370,1,0,-1,-2,-1,-1,3,-4,3,2,6,3,5,1,3,-1,12,3,0,-1,-4,6,-16,8,-12,-6,17
370.2.a.b,370,1,0,-1,0,-1,0,-4,2,-2,-4,0,-6,-4,-1,-6,4,-8,10,4,10,-8,0,10,-4,0,2,6
370.2.a.c,370,1,0,-1,2,1,1,3,0,3,-6,2,-3,3,-1,3,-1,4,13,0,-15,0,-2,0,-8,-4,-18,-7
370.2.a.d,370,1,0,1,-2,1,2,0,2,6,2,0,6,-10,1,-6,-4,-6,6,-6,-10,2,0,2,-10,-6,-6,2
370.2.a.e,370,2,0,-2,-2,2,-6,-4,-4,4,2,-16,-4,-2,2,-4,0,-6,-12,-10,4,10,-8,12,14,-14,-4,-4
370.2.a.f,370,2,0,2,4,2,-3,-1,2,-5,-4,2,-1,-11,2,5,9,-6,-3,14,-5,-2,-2,6,2,10,20,17
370.2.a.g,370,3,0,3,0,-3,-1,11,0,1,0,-2,-5,3,-3,-9,-11,2,21,14,7,2,22,-16,-26,2,18,-21
371.2.a.a,371,1,0,1,-1,0,-1,0,1,-7,-7,1,9,4,-3,-10,6,6,-1,-14,4,4,7,-8,1,-11,-6,-11
371.2.a.b,371,1,0,2,0,3,1,3,-6,6,-5,4,5,-11,5,-9,4,4,-1,-2,1,-12,4,-10,-10,5,16,10
371.2.a.c,371,2,0,-1,-1,-3,2,0,-3,6,-8,-6,-2,-1,-17,4,-11,13,2,4,-16,-8,-6,6,-19,-3,-6,21
371.2.a.d,371,3,0,0,0,-5,-3,-4,-12,3,-1,1,-5,-21,-4,6,3,-3,-3,10,-16,-2,5,0,18,16,32,-20
371.2.a.e,371,9,0,0,3,9,-9,0,13,0,10,-6,8,15,21,24,-31,3,9,-8,42,-20,-14,22,5,-7,-32,5
371.2.a.f,371,11,0,-1,-1,2,11,5,13,-6,7,-2,7,22,24,-1,21,-7,-11,-2,39,38,0,0,5,-40,10,13
372.2.a.a,372,1,0,0,-1,-1,-1,0,-6,-8,7,-6,-8,1,8,9,0,-8,4,3,0,12,-5,-4,14,2,-6,-7
372.2.a.b,372,1,0,0,1,-3,-5,2,-4,-4,-5,4,10,-1,-6,-5,2,-4,-12,5,-8,12,9,-10,-2,10,-6,-15
372.2.a.c,372,1,0,0,1,-2,4,0,2,0,4,4,0,1,-2,2,-12,-10,8,-14,-2,-4,6,6,0,-16,4,-2
372.2.a.d,372,1,0,0,1,3,-1,0,2,0,-1,-6,0,1,8,-3,8,0,-12,-9,8,-4,-9,-4,-10,-6,-6,-7
372.2.a.e,372,2,0,0,-2,3,-1,2,6,8,-1,8,6,-2,0,13,-10,2,8,-9,-18,-8,-1,-4,-10,2,-14,15
373.2.a.a,373,1,0,-2,1,2,-4,-6,-1,-1,6,-4,2,-3,5,-5,2,-12,-8,-1,10,-2,5,3,-8,1,-3,14
373.2.a.b,373,12,0,-4,-15,-11,-1,-8,-10,-21,-11,-24,-7,-3,-8,2,-19,-38,-14,-36,0,-26,-20,9,29,-63,13,5
373.2.a.c,373,17,0,4,14,9,3,16,-1,16,5,32,-7,-6,-13,-5,9,42,16,55,-20,-6,-7,-6,-23,98,4,-13
374.2.a.a,374,1,0,-1,0,0,-2,-1,-2,-1,-4,6,-4,-2,-4,-2,-4,0,2,4,0,12,2,2,-14,12,6,-2
374.2.a.b,374,3,0,-3,-1,-1,1,-3,11,3,3,-8,8,14,-1,-3,7,3,4,-20,-2,-22,-26,9,1,-15,-19,4
374.2.a.c,374,3,0,3,3,-1,7,-3,-3,-3,5,4,-4,2,-9,-1,5,-21,0,-20,6,2,2,-1,19,-17,-3,24
374.2.a.d,374,4,0,-4,1,5,1,4,-3,-4,7,6,4,4,25,5,11,-17,2,4,14,14,-8,-19,17,-19,-5,-6
374.2.a.e,374,4,0,4,1,-1,1,4,-1,4,1,8,-10,-2,-1,-17,1,7,-22,12,24,22,6,-1,9,11,-17,-30
375.2.a.a,375,2,0,-3,2,0,-5,-8,-6,-9,-2,0,-4,5,-10,-15,7,4,5,-3,1,16,9,-25,10,1,-2,1
375.2.a.b,375,2,0,-1,-2,0,-1,4,-8,-11,-10,2,0,-11,4,-1,-3,-6,-3,15,-11,4,19,-3,-10,7,-10,-31
375.2.a.c,375,2,0,1,2,0,1,4,8,11,-10,-2,0,-11,-4,-1,3,6,3,15,-11,-4,19,3,-10,-7,-10,31
375.2.a.d,375,2,0,3,-2,0,5,-8,6,9,-2,0,-4,5,10,-15,-7,-4,-5,-3,1,-16,9,25,10,-1,-2,-1
375.2.a.e,375,4,0,-3,-4,0,4,6,8,-2,8,-8,6,4,14,24,10,0,2,2,10,8,-12,2,-20,-24,28,18
375.2.a.f,375,4,0,3,4,0,-4,6,-8,2,8,8,6,4,-14,24,-10,0,-2,2,10,-8,-12,-2,-20,24,28,-18
376.2.a.a,376,2,0,0,-1,-4,1,-4,-6,-5,0,-2,-12,10,-7,2,12,2,-7,-15,-7,0,-11,12,-3,0,9,7
376.2.a.b,376,2,0,0,-1,-2,-3,-6,2,-5,-4,-8,2,-10,13,-4,-6,-2,5,9,13,2,5,-2,-3,4,-15,15
376.2.a.c,376,4,0,0,-1,4,-3,4,12,3,-2,8,8,-2,13,4,-8,-4,21,1,-3,-24,1,-18,-7,-8,9,-37
376.2.a.d,376,4,0,0,3,0,5,8,-10,3,8,10,4,-10,-27,-2,8,4,5,9,-11,8,5,-20,1,16,17,11
377.2.a.a,377,1,0,1,0,-2,0,-4,1,2,-4,8,1,-8,2,-10,-8,8,6,12,6,12,-16,-10,-12,-12,-10,14
377.2.a.b,377,2,0,0,2,0,6,4,-2,-8,0,4,2,8,4,-4,6,0,4,-18,8,14,-22,0,10,6,-4,12
377.2.a.c,377,5,0,-3,-4,2,-15,-7,5,-2,-14,-15,5,-15,-23,11,-10,-15,-9,7,-5,-25,24,-28,-6,-2,-1,-18
377.2.a.d,377,5,0,-1,-4,-2,-11,3,-5,-2,0,-11,-5,-3,-3,1,-28,-13,3,7,9,-17,-4,24,-28,20,29,6
377.2.a.e,377,7,0,3,2,-2,7,-3,-7,14,-12,5,7,-3,9,-9,24,-9,-13,13,3,-7,22,4,48,-30,-25,4
377.2.a.f,377,9,0,1,0,2,17,3,9,-2,14,13,-9,13,17,-3,8,-7,3,3,-7,39,4,12,16,10,-11,-4
378.2.a.a,378,1,0,-1,0,-4,-1,4,3,7,2,1,-1,-9,2,-6,11,6,9,5,-6,7,7,-14,-6,4,3,-8
378.2.a.b,378,1,0,-1,0,-3,1,3,-4,-6,-7,-3,0,5,-7,-9,-10,6,12,-6,8,-4,9,2,-10,0,15,8
378.2.a.c,378,1,0,-1,0,-1,-1,-5,0,-2,-1,1,-4,-9,5,9,-10,-6,-12,14,0,-8,13,-2,6,4,9,16
378.2.a.d,378,1,0,-1,0,0,1,0,5,-3,2,9,3,5,2,6,-1,6,-3,3,-10,-13,-9,2,-10,12,-15,8
378.2.a.e,378,1,0,1,0,0,1,0,5,3,2,-9,-3,5,2,-6,-1,-6,3,-3,-10,-13,9,2,-10,-12,15,8
378.2.a.f,378,1,0,1,0,1,-1,5,0,2,-1,-1,4,-9,5,-9,-10,6,12,-14,0,-8,-13,-2,6,-4,-9,16
378.2.a.g,378,1,0,1,0,3,1,-3,-4,6,-7,3,0,5,-7,9,-10,-6,-12,6,8,-4,-9,2,-10,0,-15,8
378.2.a.h,378,1,0,1,0,4,-1,-4,3,-7,2,-1,1,-9,2,6,11,-6,-9,-5,-6,7,-7,-14,-6,-4,-3,-8
379.2.a.a,379,13,0,-5,-5,-20,-3,-20,-11,-20,-12,2,-41,-12,-1,-50,10,-17,-12,-20,-34,9,-16,-13,11,-2,-30,33
379.2.a.b,379,18,0,3,1,22,1,10,9,14,2,12,47,0,5,52,-12,3,-4,10,28,-37,-8,-3,-27,16,28,-2
380.2.a.a,380,1,0,0,0,-1,-2,-4,-4,6,1,-2,-6,-8,4,6,-6,6,8,-12,6,0,0,-10,-8,14,14,16
380.2.a.b,380,1,0,0,2,-1,2,0,6,2,-1,-2,-2,4,-10,-10,6,-6,6,-4,2,-2,12,-6,8,-2,2,-18
380.2.a.c,380,2,0,0,-4,2,-4,-4,-4,-4,-2,-12,4,-8,-12,-4,4,-4,4,16,-16,-4,16,12,-8,-4,4,-12
380.2.a.d,380,2,0,0,2,2,4,0,-2,0,2,0,0,4,10,-12,4,12,-18,0,4,10,-12,-8,-8,0,-24,-2
381.2.a.a,381,1,0,0,1,-1,-2,-4,-3,0,-4,-3,5,-5,5,4,-4,12,-1,5,-5,-8,-6,-1,8,-3,7,4
381.2.a.b,381,1,0,2,1,3,-4,6,-7,-2,0,1,9,-5,-3,-6,4,2,-1,13,-5,-2,6,-1,0,-7,15,2
381.2.a.c,381,5,0,-1,-5,-5,0,-16,3,-6,-8,-9,-17,-9,-1,-2,-4,-8,-15,-19,1,-2,0,13,-28,-1,1,28
381.2.a.d,381,5,0,2,-5,1,0,14,-5,4,4,15,9,3,-5,4,10,-4,3,23,-15,18,12,-43,16,11,9,-20
381.2.a.e,381,9,0,-2,9,-4,10,8,14,-6,12,-4,-8,4,22,-2,6,-2,-12,-6,2,18,24,14,12,-20,-30,12
382.2.a.a,382,3,0,-3,-1,-4,-1,-3,-3,-13,1,-5,-5,2,-2,-11,4,-15,-5,-1,9,17,-6,-3,27,-9,8,-9
382.2.a.b,382,3,0,3,-5,-6,-5,-3,-11,-9,-9,-1,1,-4,12,11,2,-15,-9,-21,3,-7,8,-1,-3,-19,8,27
382.2.a.c,382,4,0,4,3,4,1,3,-1,-3,3,7,-5,4,-4,-5,-6,9,3,-1,-5,-15,-2,-3,-7,13,0,-11
382.2.a.d,382,5,0,-5,3,8,1,5,1,11,-13,15,1,-10,6,15,0,37,7,3,-19,9,-8,-15,-29,13,26,11
383.2.a.a,383,2,0,-1,-3,1,-4,5,0,-10,-1,-1,-2,10,-13,5,-7,-4,-15,4,-12,14,5,-2,-3,19,0,-21
383.2.a.b,383,6,0,-3,1,-4,-7,-7,-18,0,-6,0,-2,-14,-6,-13,-11,9,8,20,17,-28,14,-41,8,-20,-6,-6
383.2.a.c,383,24,0,5,2,3,17,0,28,16,13,7,-2,0,35,0,34,-3,-9,-6,3,42,-13,83,-3,-23,-38,63
384.2.a.a,384,1,0,0,-1,-4,2,4,2,-2,8,4,0,-6,-2,6,0,4,0,-4,14,4,12,-10,10,-12,-14,10
384.2.a.b,384,1,0,0,-1,0,-2,-4,-6,6,0,-4,-4,-10,-2,-2,8,12,12,-4,-2,4,4,-10,6,12,2,-6
384.2.a.c,384,1,0,0,-1,0,2,-4,6,6,0,4,4,10,2,-2,8,-12,-12,-4,2,4,-4,-10,-6,12,2,-6
384.2.a.d,384,1,0,0,-1,4,-2,4,-2,-2,8,-4,0,6,2,6,0,-4,0,-4,-14,4,-12,-10,-10,-12,-14,10
384.2.a.e,384,1,0,0,1,-4,-2,-4,2,-2,-8,-4,0,6,-2,6,0,-4,0,4,14,-4,-12,-10,-10,12,-14,10
384.2.a.f,384,1,0,0,1,0,-2,4,6,6,0,-4,4,-10,2,-2,-8,12,-12,4,2,-4,4,-10,6,-12,2,-6
384.2.a.g,384,1,0,0,1,0,2,4,-6,6,0,4,-4,10,-2,-2,-8,-12,12,4,-2,-4,-4,-10,-6,-12,2,-6
384.2.a.h,384,1,0,0,1,4,2,-4,-2,-2,-8,4,0,-6,2,6,0,4,0,4,-14,-4,12,-10,10,12,-14,10
385.2.a.a,385,1,0,-1,-2,1,1,-1,4,-4,-8,0,-6,-6,-6,0,-4,-6,10,-14,12,12,-12,-8,8,-16,-14,-2
385.2.a.b,385,1,0,-1,0,1,-1,1,-6,6,-4,-8,-10,-4,6,-10,4,-4,6,0,-6,4,0,6,-8,12,10,10
385.2.a.c,385,2,0,0,2,-2,2,-2,-2,6,-8,12,0,10,-8,18,-8,6,0,6,-2,4,12,10,-20,0,0,4
385.2.a.d,385,2,0,2,0,-2,-2,2,4,-4,0,12,4,-12,8,0,12,0,0,4,-8,-4,24,4,-4,24,-4,-4
385.2.a.e,385,3,0,-3,-4,-3,3,3,-8,-14,2,-6,2,-4,8,-10,-2,-26,4,-8,-8,-6,-20,-6,-8,10,-16,0
385.2.a.f,385,3,0,-3,-2,-3,-3,-3,2,0,6,-10,-10,-10,-16,0,-2,-20,-12,14,10,-2,-24,4,8,-10,20,0
385.2.a.g,385,3,0,1,0,3,3,3,0,6,10,2,2,8,-12,10,-6,10,0,8,0,-2,-4,-30,4,-6,12,-24
385.2.a.h,385,4,0,2,2,4,-4,-4,-8,-6,6,14,-4,10,-2,-10,-14,16,2,26,-12,-10,32,-14,20,-10,-10,-2
386.2.a.a,386,2,0,-2,-1,1,-4,-4,-3,6,-6,-2,-8,-14,1,-2,-7,3,13,3,-16,9,-3,6,-5,7,26,9
386.2.a.b,386,2,0,2,-3,-5,-2,-2,-7,-6,-10,8,0,-6,1,-4,1,19,-1,3,-16,-5,9,-2,-17,3,-14,-3
386.2.a.c,386,6,0,-6,1,-5,8,-2,9,-2,18,6,0,18,7,4,7,15,-7,-7,20,-17,-5,-22,31,-19,-22,-21
386.2.a.d,386,7,0,7,3,5,2,2,5,8,4,-8,0,-6,-1,-4,-13,-17,-5,-3,12,1,-25,28,-5,-7,4,13
387.2.a.a,387,1,0,-1,0,-2,0,0,-2,6,4,4,6,8,6,-2,-1,-4,2,0,14,12,-8,2,-8,0,-14,-14
387.2.a.b,387,1,0,-1,0,1,-3,3,-5,-6,1,-8,9,-4,-6,-8,-1,-1,8,0,-10,12,-2,2,10,15,-2,-11
387.2.a.c,387,1,0,0,0,2,-2,5,3,3,2,1,0,-5,8,7,-1,8,-3,-12,-8,-15,14,12,-16,-15,-10,11
387.2.a.d,387,1,0,1,0,-1,-3,-3,-5,6,1,8,-9,-4,-6,8,-1,1,-8,0,-10,12,2,2,10,-15,2,-11
387.2.a.e,387,1,0,2,0,4,0,-3,-5,3,-2,1,6,-1,0,-5,-1,-4,5,12,2,-3,-2,2,-8,-15,4,7
387.2.a.f,387,2,0,-2,0,-2,2,-6,-10,4,-2,-12,-6,8,-8,0,2,2,0,-4,-8,-12,-12,4,8,14,0,-2
387.2.a.g,387,2,0,0,0,0,4,0,10,0,4,0,0,10,-8,0,2,0,0,0,16,-2,0,-8,16,0,0,-26
387.2.a.h,387,2,0,0,0,-4,-4,2,2,-10,-4,-2,0,-6,0,2,2,-12,-22,4,8,2,12,-24,4,-18,12,-2
387.2.a.i,387,3,0,2,0,4,4,-1,9,-1,-4,-11,-2,-5,0,15,-3,2,5,-8,-16,-11,-22,-16,24,7,38,1
387.2.a.j,387,4,0,0,0,0,-2,0,10,0,-2,0,0,0,24,0,4,0,0,0,-8,16,0,24,-28,0,0,38
388.2.a.a,388,3,0,0,-2,-5,1,-7,-4,-11,-3,-2,-15,6,-4,-7,3,11,-10,1,3,-1,13,-5,12,-14,8,3
388.2.a.b,388,5,0,0,2,5,1,5,6,13,3,-2,9,-10,6,7,-1,-1,14,1,-17,-17,-15,3,-20,-8,20,-5
389.2.a.a,389,1,0,-2,-2,-3,-5,-4,-3,-6,5,-4,-6,4,-8,-3,12,-2,-6,3,-8,-5,-10,-7,-13,-12,-8,-9
389.2.a.b,389,2,0,0,-4,-2,-2,-4,2,8,-2,4,8,-16,4,-2,4,-4,-20,-10,-4,-6,-16,-6,-6,8,12,-14
389.2.a.c,389,3,0,0,0,-5,-3,-4,-9,2,-9,-6,-2,2,2,7,-14,14,-2,-11,14,-23,6,-1,-19,22,4,21
389.2.a.d,389,6,0,-3,-5,3,-4,-2,-5,-16,-33,5,-14,-14,-3,-2,-15,2,26,1,-34,13,14,6,-13,-31,-6,13
389.2.a.e,389,20,0,3,11,1,12,10,17,2,51,3,0,36,9,16,29,2,-20,29,46,21,-14,0,47,9,-10,11
390.2.a.a,390,1,0,-1,-1,-1,0,0,-1,-6,0,-4,-10,0,-6,2,-4,0,-6,0,6,4,16,-2,0,4,-6,14
390.2.a.b,390,1,0,-1,-1,1,-2,4,-1,4,-2,2,8,4,6,10,4,0,6,-12,-2,-8,0,0,-8,-12,-10,-8
390.2.a.c,390,1,0,-1,1,-1,4,0,-1,-2,4,8,2,-8,2,-6,12,0,10,0,-10,-4,-16,-6,-8,-4,-14,-6
390.2.a.d,390,1,0,-1,1,1,2,0,1,0,2,-6,0,8,2,6,-4,0,-6,0,14,-4,0,-4,-16,-12,-6,-4
390.2.a.e,390,1,0,1,-1,-1,2,4,-1,8,-6,6,-4,0,-2,-2,-4,0,-10,4,-10,12,-8,-8,8,12,-14,-16
390.2.a.f,390,1,0,1,-1,1,0,4,1,-6,4,8,6,-8,-10,-6,4,0,-10,4,-2,-12,16,2,-16,-12,10,-6
390.2.a.g,390,1,0,1,1,-1,2,0,1,0,2,-6,0,-4,2,-6,-4,0,-6,0,-10,8,0,8,8,-12,6,8
390.2.a.h,390,2,0,2,2,2,0,0,-2,-4,0,0,-12,8,-12,-4,8,-16,4,-16,12,0,0,-12,16,24,-20,-12
391.2.a.a,391,2,0,-1,2,-2,-2,-8,-2,-2,4,-2,-8,6,0,-4,6,-16,0,8,0,10,-18,-12,6,0,-12,2
391.2.a.b,391,3,0,-1,-6,-3,1,1,1,-3,-2,-3,-12,-8,-5,-24,2,9,-8,9,13,-4,-18,10,-17,18,-16,-3
391.2.a.c,391,3,0,-1,0,-1,-5,-3,-3,3,-2,3,-8,-8,3,-8,-12,5,-18,-11,-1,10,8,4,5,16,-26,5
391.2.a.d,391,9,0,2,2,7,3,11,-9,-9,-4,9,24,-6,15,14,-2,9,8,-7,17,6,20,-2,7,6,34,25
391.2.a.e,391,12,0,4,2,5,-9,11,7,12,4,-12,22,-4,-15,32,-18,-11,32,25,-11,-22,8,-18,-21,-4,42,-43
392.2.a.a,392,1,0,0,-3,1,0,-1,-2,-3,-5,-3,-6,1,-5,10,-4,-1,-9,-3,-3,11,16,-7,-11,4,9,-6
392.2.a.b,392,1,0,0,-2,4,0,0,0,2,2,8,2,-4,-6,2,8,4,-10,-6,-4,-12,0,14,-8,-6,-10,2
392.2.a.c,392,1,0,0,-1,-1,0,3,-6,-5,1,-7,2,-5,3,-2,-4,5,-1,15,-5,-9,0,7,1,12,7,-2
392.2.a.d,392,1,0,0,0,-2,0,-4,-2,6,-8,0,6,-8,-2,-2,-4,8,6,0,6,-4,-8,-10,16,-8,6,6
392.2.a.e,392,1,0,0,1,1,0,3,6,5,-1,-7,2,5,3,2,-4,-5,-1,-15,5,-9,0,-7,1,-12,-7,2
392.2.a.f,392,1,0,0,3,-1,0,-1,2,3,5,-3,-6,-1,-5,-10,-4,1,-9,3,3,11,16,7,-11,-4,-9,6
392.2.a.g,392,2,0,0,0,0,0,12,0,0,0,8,-12,0,4,0,20,0,-4,0,0,8,-24,0,-8,0,0,0
392.2.a.h,392,2,0,0,0,0,0,-8,0,0,0,0,4,0,20,0,-8,0,12,0,0,24,0,0,16,0,0,0
393.2.a.a,393,2,0,-2,-2,0,8,2,10,-6,-2,8,-2,2,8,8,-4,4,-24,2,-14,12,8,4,-4,20,20,4
393.2.a.b,393,4,0,-3,4,-8,-8,-4,-5,-10,-1,-18,-16,0,4,7,-5,-23,-20,-5,-10,6,9,6,12,5,12,20
393.2.a.c,393,4,0,-1,-4,0,-8,2,-9,-6,-7,-8,10,-10,-10,7,-17,-13,0,-9,2,2,-7,-2,-10,-9,22,-22
393.2.a.d,393,5,0,2,-5,-2,4,-6,-3,8,15,8,-22,18,-8,-15,7,29,6,-17,12,12,-17,4,0,-9,-8,-6
393.2.a.e,393,6,0,1,6,8,4,6,-3,4,-1,14,12,-2,-12,7,-5,19,4,5,-20,4,11,-18,-6,13,-8,-14
394.2.a.a,394,2,0,2,-2,-5,-4,-5,-2,-5,2,-3,-1,-2,-5,-8,14,0,12,-1,-21,20,0,-9,-5,-15,-11,1
394.2.a.b,394,2,0,2,-1,0,4,-3,-2,6,4,6,15,7,-17,9,-8,-12,-3,0,1,1,15,-8,-5,-6,24,25
394.2.a.c,394,2,0,2,0,3,4,2,3,4,-9,4,-16,-7,4,11,1,2,6,-3,-6,-20,-17,18,-7,-3,-2,-21
394.2.a.d,394,2,0,2,0,5,-6,3,6,-1,4,-11,9,0,9,-12,-8,-2,0,-5,5,0,-4,-13,-11,1,-11,1
394.2.a.e,394,4,0,-4,-3,-5,2,-8,4,-9,-12,-5,-20,-11,4,-11,-4,-6,-7,-17,2,3,9,9,-8,11,7,50
394.2.a.f,394,4,0,-4,2,2,0,11,-5,9,5,9,7,-7,-17,27,11,6,-10,12,-3,-4,1,-29,-8,6,-7,-12
395.2.a.a,395,1,0,-2,-1,1,3,-3,4,-2,0,4,0,7,3,12,4,-12,9,0,12,-2,-8,14,-1,4,-10,8
395.2.a.b,395,1,0,-1,0,1,-4,4,6,6,-4,0,6,0,10,2,8,12,-14,-4,-10,-4,-8,2,-1,4,-6,10
395.2.a.c,395,1,0,-1,2,1,2,4,-6,0,4,8,-6,8,4,-10,10,-2,8,-12,2,-4,0,-10,-1,0,-10,-10
395.2.a.d,395,3,0,-2,-2,3,-3,2,-10,-12,-1,-12,5,-5,-18,-4,-6,0,-17,17,3,-7,3,-9,3,19,0,-25
395.2.a.e,395,3,0,0,0,-3,-3,-6,-6,6,-9,6,-9,3,-24,-6,-6,6,3,-9,-21,-3,-9,9,-3,15,0,15
395.2.a.f,395,3,0,6,1,3,3,3,0,0,4,4,0,-11,15,-12,-14,2,-1,-4,12,-18,-8,18,-3,16,-2,-16
395.2.a.g,395,4,0,1,2,4,3,-6,8,12,-5,-16,1,-5,-2,-16,4,6,21,19,-7,25,-13,-7,-4,-29,-2,25
395.2.a.h,395,11,0,0,-2,-11,7,6,14,-16,11,-6,5,15,38,4,4,-4,1,-11,23,45,7,-11,11,-5,4,19
396.2.a.a,396,1,0,0,0,-2,-2,-1,-2,-4,-6,0,8,-8,10,-8,-2,8,2,-12,10,12,-8,6,-2,-16,14,-2
396.2.a.b,396,1,0,0,0,-2,2,1,6,4,-2,8,0,0,-6,0,10,0,-14,12,-14,4,0,6,2,-16,14,-2
396.2.a.c,396,1,0,0,0,3,2,1,-4,-6,8,3,0,5,-1,0,-10,0,6,-3,-4,-1,-15,-4,2,-6,9,-7
397.2.a.a,397,2,0,-2,0,-4,6,0,-8,-8,8,0,-14,0,-6,-16,0,0,-4,-2,4,4,18,-10,0,-4,4,-2
397.2.a.b,397,2,0,2,4,0,-2,4,4,-4,0,8,-6,-12,-2,4,4,8,-20,-6,12,12,14,2,-12,-20,12,-26
397.2.a.c,397,5,0,0,5,-2,1,6,2,20,-9,1,7,20,-3,3,1,2,14,16,22,17,9,9,-7,21,-20,24
397.2.a.d,397,10,0,7,0,7,10,15,-7,-3,16,11,13,-16,4,2,12,-5,28,18,-55,4,20,-32,5,56,0,-26
397.2.a.e,397,13,0,-7,-11,-5,-17,-31,1,-3,-17,-36,-2,0,-5,9,-27,-19,-20,-4,9,-27,-27,7,-6,-71,8,24
398.2.a.a,398,1,0,-1,2,-2,0,2,6,6,6,0,-6,8,-8,-2,0,-8,-2,10,10,2,-8,10,-16,-6,-6,14
398.2.a.b,398,2,0,-2,-1,0,-3,1,-6,-2,-4,-1,2,3,-19,-4,-8,-1,0,3,2,-7,16,-8,17,21,-3,0
398.2.a.c,398,2,0,2,-3,-2,-7,-7,-4,4,0,-3,-6,-5,-9,6,2,9,-6,-1,0,-17,-8,8,-5,7,33,-22
398.2.a.d,398,6,0,-6,1,4,11,-7,-2,2,-2,1,-2,9,33,10,16,17,0,-31,-18,11,-10,10,-1,7,3,-16
398.2.a.e,398,6,0,6,3,2,7,5,0,-4,2,7,-2,-3,7,-24,2,-1,-14,-7,-4,17,10,10,17,-11,-25,6
399.2.a.a,399,1,0,-1,-1,0,1,-2,0,-4,1,-6,-6,0,-2,-10,8,4,-6,-4,-2,-10,4,10,-6,0,-2,-8
399.2.a.b,399,1,0,-1,1,4,-1,-2,4,0,-1,-6,10,0,6,-10,8,12,-6,-12,-2,-2,-12,-6,2,0,-2,-12
399.2.a.c,399,1,0,1,-1,0,-1,-2,-4,-4,-1,2,-2,0,6,-6,8,0,-2,4,-10,14,-12,10,10,-12,-6,-4
399.2.a.d,399,3,0,1,-3,4,-3,0,6,8,3,-4,20,8,-10,14,-8,6,4,12,14,-4,2,-10,-16,-14,14,10
399.2.a.e,399,3,0,1,3,0,-3,4,2,12,-3,-8,-8,-8,-2,22,16,-2,0,12,14,-8,-26,6,12,2,-2,22
399.2.a.f,399,5,0,1,5,-2,5,-2,8,-2,5,2,0,8,2,2,20,-26,4,-4,10,10,10,10,14,-34,10,-16
399.2.a.g,399,5,0,3,-5,4,5,8,-6,12,-5,12,4,-8,2,10,-16,-2,0,-4,-14,-20,-6,10,0,6,26,-18
400.2.a.a,400,1,0,0,-3,0,2,-1,-4,-5,-1,-2,-8,-10,6,-3,4,4,-6,-8,10,-1,12,-3,-6,-13,-9,14
400.2.a.b,400,1,0,0,-2,0,-2,4,4,0,4,2,2,0,4,2,6,6,-4,12,-10,-14,-8,8,-16,-2,6,16
400.2.a.c,400,1,0,0,-2,0,2,0,-2,6,4,6,6,4,-2,6,-10,-6,6,-12,2,2,12,-2,-8,6,-6,-2
400.2.a.d,400,1,0,0,-1,0,-2,3,-4,-3,-5,-6,0,-2,2,-3,4,-12,6,0,2,13,-12,11,10,9,15,2
400.2.a.e,400,1,0,0,0,0,-4,-4,2,-2,-4,4,-2,8,-6,-6,-8,4,-6,4,-2,8,0,6,0,-16,-6,14
400.2.a.f,400,1,0,0,1,0,2,3,4,3,-5,6,0,-2,-2,-3,-4,12,-6,0,2,-13,-12,-11,10,-9,15,-2
400.2.a.g,400,1,0,0,2,0,2,4,-4,0,4,-2,2,0,-4,2,-6,-6,4,12,-10,14,-8,-8,-16,2,6,-16
400.2.a.h,400,1,0,0,3,0,-2,-1,4,5,-1,2,-8,-10,-6,-3,-4,-4,6,-8,10,1,12,3,-6,13,-9,-14
401.2.a.a,401,12,0,-3,-5,-7,-20,-11,-11,1,-34,-7,-6,-52,3,-16,-2,-3,19,-1,-24,6,-15,-20,-53,17,-1,12
401.2.a.b,401,21,0,0,3,3,24,1,9,-1,38,3,-4,70,3,-2,10,9,-17,7,32,6,15,18,49,-3,-35,-6
402.2.a.a,402,1,0,-1,-1,1,-3,0,-4,2,-2,-3,0,-9,-3,3,-7,-8,-3,3,6,-1,4,11,0,9,16,0
402.2.a.b,402,1,0,-1,1,-3,-1,0,-4,-6,2,-9,0,5,-7,3,-1,0,9,-3,-10,1,-12,11,8,15,0,8
402.2.a.c,402,1,0,-1,1,2,0,4,-2,2,-4,4,-2,0,6,-2,4,12,2,0,-10,-1,-4,-6,0,-16,-6,-6
402.2.a.d,402,1,0,1,-1,2,2,-4,0,6,4,-6,8,2,-2,-10,4,-6,-6,-8,8,-1,-14,-6,-2,-12,-6,-2
402.2.a.e,402,2,0,-2,-2,0,6,-4,-2,0,4,14,-2,10,-4,-4,8,2,8,-12,-6,2,6,12,6,16,-20,0
402.2.a.f,402,2,0,2,-2,1,-1,8,8,-4,-2,9,-8,-7,15,-1,-11,-10,-3,-7,-14,-2,-14,13,-6,15,-18,-14
402.2.a.g,402,3,0,3,3,3,1,0,-6,-2,-6,3,6,-13,-7,5,-1,-10,15,3,0,3,6,-1,-26,-3,16,4
403.2.a.a,403,2,0,3,-4,0,2,0,2,6,2,-6,6,-2,-6,0,-10,0,18,-6,14,-16,6,28,8,12,-6,4
403.2.a.b,403,6,0,-2,-5,-9,0,-5,6,-23,7,-18,-18,6,-13,-5,-7,-9,-31,-1,-15,-28,1,-20,-15,1,-1,-5
403.2.a.c,403,7,0,2,5,11,4,8,-7,7,1,6,-2,7,28,3,-1,-1,29,3,5,-32,5,1,-15,17,26,11
403.2.a.d,403,8,0,-5,-3,-15,-4,-5,-8,-11,-9,0,-12,-8,-9,-25,7,-17,-15,-15,11,18,-7,24,33,-13,-23,-17
403.2.a.e,403,8,0,-1,7,11,-2,-2,8,7,-5,14,12,-8,2,13,-5,23,25,-5,-9,22,-17,-27,-23,-25,2,-15
404.2.a.a,404,1,0,0,-2,3,2,-6,5,3,5,3,0,5,-10,12,8,-3,-6,-6,8,-10,-9,-4,5,-12,6,2
404.2.a.b,404,1,0,0,0,-1,-2,-2,-3,-1,1,3,-2,-3,-2,2,4,-3,0,12,-10,2,-1,2,1,4,-6,-2
404.2.a.c,404,7,0,0,2,0,2,4,4,4,-4,8,6,4,32,-14,-24,-4,6,-30,10,-2,0,-14,24,-24,-6,-8
405.2.a.a,405,1,0,-2,0,-1,0,-5,4,4,-5,-6,5,-9,-10,-7,-2,-2,-8,1,-2,6,-1,-8,12,-6,9,14
405.2.a.b,405,1,0,-1,0,1,-3,2,-2,-4,-8,-3,1,0,-4,-5,-8,-7,2,14,7,-3,-2,4,-6,-9,15,2
405.2.a.c,405,1,0,0,0,-1,2,-3,-4,-6,-1,-6,-9,-1,8,3,-4,12,6,3,-10,14,-3,2,-16,-12,15,-4
405.2.a.d,405,1,0,0,0,1,2,3,-4,6,-1,6,9,-1,8,-3,-4,-12,-6,-3,-10,14,3,2,-16,12,-15,-4
405.2.a.e,405,1,0,1,0,-1,-3,-2,-2,4,-8,3,-1,0,-4,5,-8,7,-2,-14,7,-3,2,4,-6,9,-15,2
405.2.a.f,405,1,0,2,0,1,0,5,4,-4,-5,6,-5,-9,-10,7,-2,2,8,-1,-2,6,1,-8,12,6,-9,14
405.2.a.g,405,2,0,-2,0,2,-6,-8,-4,-2,2,0,-4,-6,-2,-4,-10,-14,10,-20,8,0,-4,2,24,-6,0,-2
405.2.a.h,405,2,0,2,0,-2,-6,8,-4,2,2,0,4,-6,-2,4,-10,14,-10,20,8,0,4,2,24,6,0,-2
405.2.a.i,405,3,0,-1,0,-3,5,2,4,2,4,-3,7,8,6,13,10,-13,2,2,1,11,10,-8,2,15,9,-18
405.2.a.j,405,3,0,1,0,3,5,-2,4,-2,4,3,-7,8,6,-13,10,13,-2,-2,1,11,-10,-8,2,-15,-9,-18
406.2.a.a,406,1,0,-1,0,0,-1,-4,0,-4,4,0,-1,-6,-2,-8,4,2,-2,-10,-2,8,16,0,-4,-6,0,12
406.2.a.b,406,1,0,-1,1,-3,1,-3,-1,0,-4,-6,1,5,2,0,-7,-3,-9,12,-10,2,-12,8,5,12,6,8
406.2.a.c,406,1,0,-1,2,2,1,4,-2,-4,2,0,-1,-2,2,8,-8,6,6,-4,4,-4,8,-12,-12,0,4,4
406.2.a.d,406,1,0,1,-1,-3,-1,-1,-1,-4,-4,-2,1,-1,6,0,3,-9,3,0,6,2,-8,0,-13,0,-14,16
406.2.a.e,406,2,0,2,4,2,-2,0,-2,-2,0,-4,-2,6,-8,-2,8,2,-4,18,8,0,4,14,-12,2,22,-10
406.2.a.f,406,3,0,-3,1,5,-3,1,7,8,-8,6,3,5,10,16,-15,5,11,28,-10,-14,8,-16,-3,-12,-10,-16
406.2.a.g,406,4,0,4,1,-1,4,7,-7,0,2,6,4,-7,-12,4,-5,-11,5,16,-34,2,24,-24,-9,-8,2,-4
407.2.a.a,407,4,0,-1,0,1,-7,-4,-10,-9,-6,-4,1,6,-4,-6,-7,2,-4,10,-2,-5,21,-31,26,-4,-6,-33
407.2.a.b,407,4,0,1,-4,-5,-1,4,-12,-13,-2,-6,1,-8,4,20,-7,-6,8,-6,-22,-5,9,-33,-4,18,-18,-29
407.2.a.c,407,11,0,2,0,1,9,-11,22,19,14,-14,13,12,11,8,21,-14,-2,-30,20,7,-15,47,2,24,4,25
407.2.a.d,407,12,0,1,8,5,7,12,14,9,-2,8,-17,-10,-12,4,9,10,16,10,-2,3,-3,31,0,-14,-22,63
408.2.a.a,408,1,0,0,-1,3,0,-1,3,-1,1,7,6,-2,-4,9,-1,10,-2,-6,-12,-4,-12,-10,2,-14,4,12
408.2.a.b,408,1,0,0,1,-3,-4,1,-5,1,-7,1,2,-6,8,7,-1,-6,-2,-10,8,-12,12,-14,10,-14,8,12
408.2.a.c,408,1,0,0,1,0,2,0,2,-1,4,2,0,6,0,-10,4,-4,-2,-4,0,4,-2,-14,6,-12,-2,-2
408.2.a.d,408,1,0,0,1,2,-4,4,6,1,4,-4,-6,-4,10,-6,4,-8,6,-4,-14,-12,-12,10,-4,4,-6,-6
408.2.a.e,408,2,0,0,-2,-1,-2,-9,-3,-2,-3,-11,-6,0,-8,7,3,-10,12,-2,-8,24,-2,0,4,6,10,-6
408.2.a.f,408,2,0,0,2,-1,8,-3,1,2,-3,-3,4,-2,-6,9,-13,-6,-20,2,10,8,-8,20,-2,-2,10,-2
409.2.a.a,409,13,0,-6,-3,-10,-9,-26,-3,-8,-15,-31,-12,-24,0,-21,-1,-31,-8,-37,7,12,-71,10,-10,16,-36,18
409.2.a.b,409,20,0,5,1,8,5,30,-7,6,1,37,12,10,-4,-7,-1,51,10,43,-21,4,97,-36,16,28,2,-36
410.2.a.a,410,1,0,-1,-2,1,2,0,-4,0,8,0,6,8,2,-1,8,-6,0,12,2,14,-12,2,-4,-12,6,-4
410.2.a.b,410,1,0,-1,0,1,-2,-6,-2,8,-6,0,-8,0,-6,1,-4,6,2,8,10,-8,-4,-6,-8,-4,-2,12
410.2.a.c,410,1,0,1,-2,-1,-2,2,-6,-6,-2,-4,-6,0,10,1,4,2,-6,12,-10,2,10,-10,-6,0,10,2
410.2.a.d,410,1,0,1,0,1,4,0,-2,2,0,0,-2,0,6,1,-4,-12,-10,-4,-2,-8,-4,-6,4,-4,10,18
410.2.a.e,410,2,0,-2,-2,-2,-2,2,-8,0,-10,4,12,-12,-4,-2,-8,-6,8,-12,-4,2,-6,-16,18,-16,20,-16
410.2.a.f,410,2,0,-2,2,-2,4,0,4,6,4,0,-6,4,16,2,4,0,0,-12,4,10,6,-8,-14,0,-24,-14
410.2.a.g,410,2,0,-2,4,2,2,2,8,-6,2,0,2,0,-12,-2,4,2,-4,4,4,-12,-12,-12,16,0,0,6
410.2.a.h,410,2,0,2,0,2,-4,0,8,4,0,-12,8,0,0,2,-8,12,-8,4,-4,8,4,12,-4,-32,-4,-12
410.2.a.i,410,3,0,3,0,-3,6,-4,8,-2,8,4,-12,8,-2,-3,0,-6,0,-8,2,-8,-14,26,-2,8,6,-10
411.2.a.a,411,3,0,-3,3,-6,-3,-9,-3,-6,-3,-3,-12,3,-9,-6,9,-15,0,-6,-9,3,-27,9,6,-12,12,30
411.2.a.b,411,3,0,1,-3,-2,-3,-3,-11,4,-3,5,-22,-3,-9,-4,-5,17,0,6,-25,-5,15,5,-18,12,8,-8
411.2.a.c,411,3,0,6,3,2,0,4,2,0,-4,-4,0,-8,-4,-9,-6,18,11,4,-4,8,-3,0,4,2,10,-4
411.2.a.d,411,5,0,-1,5,6,-1,1,-1,4,-5,13,22,-3,1,24,3,1,2,-8,17,-31,5,-5,-22,14,-4,-14
411.2.a.e,411,9,0,0,-9,6,7,7,7,0,11,-3,22,15,27,5,3,-37,1,-4,19,-7,-2,25,2,-44,-4,-2
412.2.a.a,412,2,0,0,-2,-2,-3,-4,-1,-9,3,-7,-3,4,-10,17,0,4,-12,-19,-3,-4,-16,18,15,-23,10,23
412.2.a.b,412,2,0,0,-2,-1,0,-3,-7,7,-11,-12,-6,-8,10,-8,-8,-7,3,9,11,2,15,-1,-3,-5,22,-14
412.2.a.c,412,4,0,0,2,3,5,7,0,-2,0,17,3,-4,-8,-3,10,9,11,-10,-4,-12,13,-15,0,12,-8,-39
413.2.a.a,413,2,0,0,-1,2,-2,-5,1,-12,-3,15,1,10,16,0,9,6,13,2,-12,17,8,-27,6,-12,-1,-19
413.2.a.b,413,3,0,-3,3,0,-3,3,-3,6,1,1,11,-2,-2,-6,23,-10,-9,3,-2,-3,8,11,-2,4,-23,-9
413.2.a.c,413,5,0,-2,-5,1,-5,-7,-3,-1,0,-5,-6,-12,-18,7,-31,-1,9,-5,6,-28,-9,0,-9,2,10,-10
413.2.a.d,413,5,0,0,-7,-5,5,1,-17,-3,-20,-5,-2,-4,-8,11,-15,-3,1,5,-24,-24,15,-8,-1,-24,4,2
413.2.a.e,413,5,0,4,7,-3,-5,9,-1,11,4,-1,-6,-8,-10,-1,15,7,9,5,-28,32,-13,24,-9,-24,-8,20
413.2.a.f,413,9,0,0,7,3,9,3,13,1,14,7,-20,16,4,3,19,9,-9,-9,22,22,-21,10,11,14,-8,26
414.2.a.a,414,1,0,-1,0,-2,0,0,-2,-2,-8,1,2,-8,2,-10,8,-8,-2,4,2,8,0,-6,8,16,-18,10
414.2.a.b,414,1,0,1,0,-4,-4,-2,-2,2,-2,-1,-2,0,-4,-6,10,0,4,-12,-8,-10,0,6,-12,-14,6,6
414.2.a.c,414,1,0,1,0,0,2,0,2,0,2,1,6,-4,-10,6,2,0,-12,-12,-10,14,0,2,-10,0,-12,-10
414.2.a.d,414,1,0,1,0,2,-2,6,-2,0,0,1,-6,8,0,-10,-12,8,-2,12,4,-12,0,-10,-6,-14,0,-6
414.2.a.e,414,2,0,-2,0,-2,4,2,0,4,6,2,8,8,-2,12,6,12,2,0,6,-14,-12,-4,-4,-22,0,8
414.2.a.f,414,2,0,-2,0,2,0,6,0,8,-2,-2,0,4,18,4,-14,-8,-6,0,6,6,0,0,0,-22,12,-8
414.2.a.g,414,2,0,2,0,2,4,-2,0,-4,6,-2,-8,8,-2,-12,6,-12,-2,0,6,-14,12,-4,-4,22,0,8
415.2.a.a,415,1,0,1,3,1,1,3,-6,-7,2,4,-7,5,-7,6,4,-4,-10,-3,5,2,14,-4,-14,-1,12,8
415.2.a.b,415,2,0,-1,-1,2,0,-4,-3,-7,-4,-6,-8,-5,-5,-24,13,10,1,-8,-3,2,5,23,2,2,1,6
415.2.a.c,415,6,0,2,3,-6,0,4,7,21,2,8,10,-13,1,10,-3,14,9,20,-13,16,5,3,2,6,45,22
415.2.a.d,415,7,0,-3,-5,-7,-6,-2,-5,-25,6,-9,-2,1,-13,-15,-5,-12,-31,-14,7,10,9,-15,6,-7,-37,-20
415.2.a.e,415,11,0,0,0,11,-3,-1,1,28,-2,1,21,4,-10,39,-13,8,21,5,14,-42,3,3,-20,-11,37,-2
416.2.a.a,416,1,0,0,-1,1,-3,-2,1,-3,-2,-4,2,-4,5,-12,-7,9,4,-6,-4,10,15,-2,8,4,2,10
416.2.a.b,416,1,0,0,1,1,3,2,1,-3,2,4,2,4,5,-12,7,-9,4,6,-4,-10,-15,-2,-8,-4,2,10
416.2.a.c,416,2,0,0,-1,-3,-3,-4,-2,3,-12,0,0,-6,-7,6,-3,9,-18,12,2,-12,-9,20,-24,10,0,-12
416.2.a.d,416,2,0,0,0,6,0,0,-2,-6,0,0,20,0,6,0,0,0,8,0,0,0,0,28,0,0,-20,-4
416.2.a.e,416,2,0,0,1,-3,3,4,-2,3,12,0,0,6,-7,6,3,-9,-18,-12,2,12,9,20,24,-10,0,-12
416.2.a.f,416,4,0,0,0,-2,0,0,4,14,0,0,-8,0,-2,-12,0,0,-20,0,12,0,0,-24,0,0,-24,-16
417.2.a.a,417,1,0,1,-1,2,0,5,5,-3,7,2,0,-6,-7,-6,11,11,9,-6,-8,-4,-16,-12,-8,4,4,-18
417.2.a.b,417,2,0,-1,2,-2,-7,0,-6,-5,2,-4,4,-3,-9,12,-9,-15,-4,-1,-13,-13,0,6,0,6,25,-1
417.2.a.c,417,3,0,0,-3,2,5,3,-5,12,-3,16,0,11,-8,0,-2,4,-3,23,-13,-13,16,10,-8,4,-3,25
417.2.a.d,417,3,0,0,3,4,5,4,4,-11,8,-6,-14,-3,17,10,-19,15,2,5,-15,15,-8,-6,-4,14,9,-25
417.2.a.e,417,7,0,-3,-7,-4,-9,-4,-4,-15,-2,-22,-12,-9,4,-5,-11,-38,-20,-1,15,-11,-14,-12,-6,-32,-9,19
417.2.a.f,417,7,0,0,7,-4,6,-4,4,12,0,18,0,18,3,-11,26,17,-14,-20,28,-10,-18,-12,22,-12,-16,30
418.2.a.a,418,1,0,1,-1,-2,-3,-1,1,-7,1,-5,1,10,-6,6,-4,0,-1,3,-12,3,-10,3,8,8,-8,8
418.2.a.b,418,1,0,1,0,2,2,1,-2,6,1,-8,-6,6,8,6,-8,-8,12,0,-8,-8,-6,-14,-12,-12,2,-2
418.2.a.c,418,1,0,1,3,-2,1,1,-7,-3,1,3,1,2,-6,-2,4,0,3,7,-12,15,6,-9,-8,16,-16,8
418.2.a.d,418,2,0,-2,-3,-1,-1,2,-3,-2,2,-10,-13,-3,-4,-3,13,-12,-14,0,8,5,-23,2,10,25,2,16
418.2.a.e,418,2,0,-2,1,4,3,2,-3,3,-2,7,1,4,-2,4,0,16,5,-3,-4,-3,12,-7,-8,12,-10,-6
418.2.a.f,418,2,0,2,-1,3,-5,2,7,-6,2,6,9,-17,16,3,1,0,6,0,4,-5,-9,10,-2,-3,-18,16
418.2.a.g,418,3,0,-3,0,-3,-6,-3,0,-9,-3,-15,6,-3,-6,-9,-21,-12,-9,-3,24,0,21,-3,-6,-33,6,12
418.2.a.h,418,3,0,3,1,5,1,-3,5,4,-3,2,7,-3,-14,-3,-5,0,-16,-12,6,1,-3,4,2,7,16,-14
419.2.a.a,419,9,0,-2,-4,-5,-7,-6,-19,0,-10,-3,-20,-11,-25,-8,-3,16,-7,7,-45,2,5,-4,-29,24,22,9
419.2.a.b,419,26,0,2,2,5,7,4,27,2,8,-1,46,17,45,6,15,-14,17,-15,87,4,-7,10,57,-30,-16,-17
420.2.a.a,420,1,0,0,-1,-1,-1,2,4,6,6,-8,-2,10,2,10,-4,-8,4,-8,6,12,-6,-12,-8,-4,-10,8
420.2.a.b,420,1,0,0,-1,1,1,-2,4,2,2,4,6,-2,10,-10,12,-8,0,-8,-2,-12,-10,4,0,-12,2,-8
420.2.a.c,420,1,0,0,1,-1,1,6,-4,6,2,0,6,-10,2,-6,-4,0,-12,0,14,-4,6,-4,-16,-12,6,-16
420.2.a.d,420,1,0,0,1,1,-1,2,4,2,-2,4,-2,-6,-6,6,-4,0,8,0,-10,-12,-14,4,-8,12,-14,8
421.2.a.a,421,15,0,-6,-9,-11,-5,-33,-8,-14,-30,1,-21,-15,-7,-26,1,-33,-3,-68,-4,2,-18,18,-6,-64,-29,29
421.2.a.b,421,19,0,4,7,7,3,31,-2,16,24,13,9,9,-25,34,15,19,-9,90,-6,-18,18,-6,-14,66,19,-29
422.2.a.a,422,1,0,-1,0,1,-2,-3,-7,4,7,-6,-6,2,-7,2,-3,7,6,12,-8,-8,-9,-10,-3,16,16,-12
422.2.a.b,422,2,0,-2,3,2,8,2,0,-4,0,0,-7,6,0,4,10,-9,0,8,1,-11,-5,-5,-21,-20,-10,12
422.2.a.c,422,3,0,-3,-1,-5,-5,9,-11,-7,-14,9,2,-7,-12,3,-15,-6,-15,13,-7,5,19,-3,4,-8,-11,4
422.2.a.d,422,3,0,-3,-1,1,1,-5,11,5,10,-1,14,1,20,-1,-5,4,5,-13,15,29,-17,5,8,6,-25,12
422.2.a.e,422,3,0,3,-5,-3,-9,-5,-7,-7,-4,-7,10,-7,-6,-3,5,-4,17,-13,9,-1,1,-31,-4,-4,1,-18
422.2.a.f,422,6,0,6,4,-2,7,4,8,1,11,-3,-9,1,-5,-9,2,-12,-17,-7,2,2,-9,26,8,14,1,14
423.2.a.a,423,1,0,-2,0,-3,1,3,0,0,-4,-7,1,0,-3,-10,-12,-1,-2,6,14,-14,-6,-10,5,2,-2,9
423.2.a.b,423,1,0,-2,0,1,-3,-1,-2,-2,6,-3,-3,2,-7,-10,-10,1,-4,-8,-10,10,14,-10,17,-8,-6,1
423.2.a.c,423,1,0,0,0,1,-3,3,-4,-8,-6,-3,1,4,1,10,-8,1,-10,10,2,4,6,-8,-3,18,2,5
423.2.a.d,423,1,0,1,0,-2,0,-4,-2,-2,0,0,6,-4,-10,2,8,1,2,4,14,-8,-16,2,8,4,-18,-14
423.2.a.e,423,1,0,1,0,0,4,0,6,6,2,-4,-8,6,-6,8,-6,-1,-2,-12,2,-2,0,-10,-4,-4,10,-18
423.2.a.f,423,1,0,2,0,3,-3,5,2,6,-6,-9,-1,-2,1,-6,2,-1,0,12,-2,2,2,-2,-15,4,-10,1
423.2.a.g,423,1,0,2,0,3,1,-3,0,0,-4,7,-1,0,-3,10,-12,1,2,-6,14,-14,6,-10,5,-2,2,9
423.2.a.h,423,2,0,1,0,-1,1,-7,-6,-2,12,3,15,6,11,-6,14,-2,8,-6,4,2,2,10,-15,-6,0,-5
423.2.a.i,423,3,0,-2,0,-1,-3,-9,-4,-12,-2,1,-9,-2,1,-8,14,-3,-10,2,-14,0,18,14,-15,-10,2,-3
423.2.a.j,423,3,0,2,0,1,-3,9,-4,12,-2,-1,9,-2,1,8,14,3,10,-2,-14,0,-18,14,-15,10,-2,-3
423.2.a.k,423,4,0,-1,0,2,4,6,8,-6,0,6,10,-8,10,-6,2,-4,6,-4,-6,10,12,22,20,-20,6,30
424.2.a.a,424,2,0,0,-2,-4,4,-4,-6,-6,-2,-2,-10,4,-2,-12,8,4,-2,-4,12,-4,-18,-12,10,-18,4,-10
424.2.a.b,424,3,0,0,-1,-2,-8,-4,-1,-5,-9,-5,-5,-10,11,-2,6,-14,3,-6,6,10,-13,22,-7,11,-26,3
424.2.a.c,424,3,0,0,2,3,6,5,-6,-3,0,11,0,9,0,10,-9,16,-3,11,-10,-12,-4,-8,-9,-2,13,-15
424.2.a.d,424,5,0,0,1,5,-6,5,9,8,7,-4,3,-7,3,10,-7,-2,5,25,6,-18,3,-20,-14,1,1,8
425.2.a.a,425,1,0,-1,-2,0,2,2,-2,-1,0,-6,-6,-10,-2,10,-4,-12,10,8,-14,-8,-2,14,-14,-4,6,-2
425.2.a.b,425,1,0,-1,1,0,-1,-4,1,-1,-6,0,0,-7,4,-2,-4,6,-11,8,10,-8,7,-4,-11,8,-6,16
425.2.a.c,425,1,0,1,-1,0,1,-4,-1,1,-6,0,0,-7,-4,-2,4,-6,11,8,10,8,7,4,-11,-8,-6,-16
425.2.a.d,425,1,0,1,0,0,-4,0,2,-1,-4,-4,6,4,2,-6,-4,0,-6,-12,-10,-4,-4,6,12,4,10,-2
425.2.a.e,425,2,0,0,-2,0,2,6,8,2,4,6,0,10,8,0,8,-12,-12,12,4,20,6,8,-2,-24,-12,-4
425.2.a.f,425,2,0,2,4,0,4,-8,0,2,0,4,-4,0,4,4,-4,4,-12,-24,4,12,0,4,8,4,-16,4
425.2.a.g,425,4,0,-2,-4,0,-10,-2,-6,4,4,-4,-4,-12,-12,-6,-18,-6,-8,-8,6,-6,-10,-2,-12,14,24,4
425.2.a.h,425,4,0,2,4,0,10,-2,6,-4,4,4,-4,-12,12,-6,18,6,8,-8,6,6,-10,2,-12,-14,24,-4
425.2.a.i,425,5,0,-1,1,0,1,4,-3,5,6,4,2,21,-2,-8,-4,-2,21,12,-2,-12,21,22,41,-8,-10,-20
425.2.a.j,425,5,0,1,-1,0,-1,4,3,-5,6,-4,2,21,2,-8,4,2,-21,12,-2,12,21,-22,41,8,-10,20
426.2.a.a,426,1,0,-1,-1,-2,2,-2,0,0,-4,-4,-6,-2,-6,0,-4,0,6,-10,0,4,-1,10,-8,-8,6,18
426.2.a.b,426,1,0,-1,1,3,-1,3,2,-6,5,-6,-9,11,-4,9,5,12,-6,-3,-1,-4,-1,-7,-10,-6,-6,14
426.2.a.c,426,1,0,1,1,1,3,-3,-6,-2,5,-6,5,7,8,7,-11,-12,-6,-5,-13,8,1,9,10,-6,-10,18
426.2.a.d,426,2,0,-2,-2,2,-2,10,-8,0,2,12,6,2,-16,-2,14,0,12,2,-2,16,2,-14,-4,-4,-12,-20
426.2.a.e,426,2,0,-2,2,-3,5,-1,4,6,5,2,5,-3,6,-3,1,-8,6,5,5,6,-2,-1,2,-2,-16,-36
426.2.a.f,426,3,0,3,-3,4,2,2,2,10,-2,4,8,-2,-2,0,-22,0,-2,-6,-12,-8,-3,-20,-12,-16,14,-18
426.2.a.g,426,3,0,3,3,1,-1,3,8,-6,-7,6,-11,-13,-4,-17,13,-8,4,-3,17,-22,3,1,6,-18,2,10
427.2.a.a,427,1,0,-1,1,0,-1,-5,4,-5,-7,9,-6,0,2,-10,1,7,-6,-6,-1,5,1,10,-3,1,-13,10
427.2.a.b,427,1,0,0,2,4,1,-2,2,5,-8,-6,2,1,4,0,8,-8,-12,1,-1,6,6,-10,-14,-2,10,-2
427.2.a.c,427,1,0,1,1,-4,1,-3,-4,5,1,7,-10,-8,10,-6,-1,-9,-2,-6,1,3,-1,-2,-5,-15,5,14
427.2.a.d,427,6,0,-5,-8,-9,6,0,-5,-17,-10,-10,-2,6,-15,-23,1,-1,-26,-25,6,0,11,-26,19,-19,-3,-2
427.2.a.e,427,6,0,-5,0,-5,-6,-6,-13,-11,10,-18,-14,6,-15,9,3,-11,-42,15,-6,-18,-17,22,-7,3,-3,-14
427.2.a.f,427,7,0,4,1,7,7,1,5,12,9,9,10,2,3,13,-14,18,16,11,-7,-29,-6,8,-8,-2,10,-8
427.2.a.g,427,9,0,5,-1,9,-9,3,13,9,1,1,18,-7,13,3,10,16,38,-34,9,5,-6,4,-14,14,-4,8
428.2.a.a,428,1,0,0,-1,2,-4,-5,1,2,-1,-3,-10,4,-7,3,-6,0,1,8,7,2,-6,-8,13,12,-3,-12
428.2.a.b,428,1,0,0,1,2,4,-3,5,-6,1,-1,6,4,-3,-5,6,8,-11,0,-5,-10,6,-16,-1,4,-3,12
428.2.a.c,428,2,0,0,-3,-1,-2,2,-4,-9,-6,-8,10,-12,11,-2,-5,2,-2,-3,-1,-6,15,0,-7,11,0,-12
428.2.a.d,428,5,0,0,5,-1,6,6,-8,9,6,8,-15,6,-1,-2,5,-7,-14,3,-9,28,-21,22,1,-14,-12,-4
429.2.a.a,429,1,0,-1,-1,0,0,1,1,-4,-8,0,4,-6,-6,6,-2,-8,6,0,-14,14,-4,6,-10,-12,12,-2
429.2.a.b,429,1,0,-1,1,-2,0,-1,1,-6,-4,-8,-10,0,6,10,4,8,-10,-12,14,-12,0,-6,8,12,2,-14
429.2.a.c,429,2,0,-2,2,-4,-4,2,-2,-8,-12,4,0,0,4,-24,-4,0,4,-16,-4,8,0,8,-4,0,-28,20
429.2.a.d,429,2,0,0,-2,-2,-4,-2,-2,10,-8,-4,2,-6,-4,-4,-2,4,4,-20,-4,-14,0,-8,10,0,-14,4
429.2.a.e,429,3,0,-1,-3,-2,2,3,-3,-2,10,-12,12,16,0,0,-16,-2,-10,16,8,28,-2,8,20,24,-20,-12
429.2.a.f,429,3,0,1,3,0,-2,3,3,8,6,8,2,-6,-12,12,2,2,-2,8,-4,2,2,-4,14,-4,-10,-12
429.2.a.g,429,3,0,3,3,4,-2,-3,-3,0,2,4,2,14,0,-4,-6,14,-2,28,-8,2,10,-24,-22,16,2,-12
429.2.a.h,429,4,0,-2,-4,0,2,-4,4,-8,18,0,-10,12,-2,2,28,6,-4,16,-10,0,10,-6,-8,-8,6,10
430.2.a.a,430,1,0,-1,0,-1,1,-4,-1,0,1,-4,-5,-9,4,-7,-1,6,-2,0,-7,15,-6,-5,9,0,0,-2
430.2.a.b,430,1,0,-1,0,1,-3,0,-3,-4,-1,0,-3,7,-8,-7,1,-6,-6,-4,7,5,2,-1,9,8,4,-2
430.2.a.c,430,1,0,1,-2,-1,-1,-6,5,-6,-7,-6,-3,5,2,-3,1,12,6,-12,-1,-13,12,11,-1,0,6,8
430.2.a.d,430,1,0,1,-2,1,-5,-2,-5,2,3,-6,-1,-11,-10,5,-1,4,10,8,-3,-3,-8,7,7,0,6,12
430.2.a.e,430,2,0,-2,2,2,2,2,2,10,-6,6,16,-16,-2,-2,-2,14,-4,-20,0,0,-10,8,-4,0,-6,-6
430.2.a.f,430,2,0,2,0,-2,2,4,-2,0,2,4,14,-6,-4,-14,-2,0,8,0,-2,-6,12,-10,18,12,12,-28
430.2.a.g,430,2,0,2,0,2,2,4,2,0,-2,4,-6,2,-4,2,2,0,0,-8,-14,6,4,-10,-14,-4,-4,-4
430.2.a.h,430,3,0,-3,-2,-3,-6,6,-4,8,2,14,6,0,-8,16,3,-2,22,16,-2,-24,-6,-10,-4,4,-16,-8
431.2.a.a,431,1,0,-1,1,1,-2,-5,-2,-2,5,-1,-3,-4,4,2,-6,6,-9,15,-14,-2,-2,2,4,4,14,-13
431.2.a.b,431,1,0,-1,3,-3,2,1,-2,6,7,1,-7,4,4,2,6,-6,-13,-11,2,2,10,-6,4,12,-18,-5
431.2.a.c,431,3,0,0,1,1,0,-12,8,-2,-1,5,-3,4,12,9,-16,10,19,1,7,10,-16,4,-6,-8,-4,-1
431.2.a.d,431,3,0,1,-1,-3,-6,0,-6,-6,-11,-1,5,6,-10,-19,20,4,11,-13,-13,-6,-4,16,-8,8,8,-9
431.2.a.e,431,4,0,-1,-3,-5,2,1,-5,2,-6,4,-5,-25,-1,2,-16,-4,4,5,0,9,10,-50,8,-15,-35,-6
431.2.a.f,431,24,0,1,1,13,8,15,11,6,18,-8,17,37,7,24,10,-6,-22,21,46,-25,-6,86,-6,-49,61,88
432.2.a.a,432,1,0,0,0,-4,3,4,1,4,1,4,0,4,-9,0,8,-12,8,4,-5,-11,8,1,5,8,-12,5
432.2.a.b,432,1,0,0,0,-3,1,-3,-4,0,-2,-6,-6,-5,2,6,10,6,-9,12,8,-14,0,-7,-8,-3,18,-1
432.2.a.c,432,1,0,0,0,-1,-3,-5,4,-8,-2,-2,6,7,-6,-6,2,-6,5,4,-8,10,8,1,-16,11,6,-1
432.2.a.d,432,1,0,0,0,0,-5,0,-7,0,1,0,0,4,-1,0,-8,0,0,0,-13,-11,0,17,13,0,0,5
432.2.a.e,432,1,0,0,0,0,1,0,5,0,7,0,0,4,11,0,-8,0,0,0,-1,-5,0,-7,-17,0,0,-19
432.2.a.f,432,1,0,0,0,1,-3,5,4,8,-2,2,-6,7,-6,6,2,6,-5,-4,-8,10,-8,1,-16,-11,-6,-1
432.2.a.g,432,1,0,0,0,3,1,3,-4,0,-2,6,6,-5,2,-6,10,-6,9,-12,8,-14,0,-7,-8,3,-18,-1
432.2.a.h,432,1,0,0,0,4,3,-4,1,-4,1,-4,0,4,-9,0,8,12,-8,-4,-5,-11,-8,1,5,-8,12,5
433.2.a.a,433,1,0,-1,-2,-4,-3,-4,-5,-3,-4,8,2,-9,-3,-9,-7,9,-5,-8,-8,-7,-9,-2,10,9,0,-12
433.2.a.b,433,3,0,3,0,0,7,6,5,-1,-6,6,6,-13,-1,9,9,9,-7,8,-16,19,5,6,-26,-19,12,12
433.2.a.c,433,15,0,-10,-8,-5,-15,-14,-9,-25,-1,-45,-10,-3,-9,-11,-26,-48,-37,-12,14,5,-27,2,-5,-33,20,13
433.2.a.d,433,16,0,7,6,7,7,12,-3,17,9,47,10,17,-7,-5,12,44,21,8,10,-15,35,-28,15,49,-26,-45
434.2.a.a,434,1,0,-1,0,0,-1,-2,-2,2,-6,0,8,-1,-8,-10,-6,-4,4,6,6,-4,-8,14,-16,8,-6,14
434.2.a.b,434,1,0,1,-3,-3,-1,4,4,2,6,-9,5,-1,-2,8,6,-7,10,0,12,-1,-8,11,5,11,-9,8
434.2.a.c,434,1,0,1,-2,-2,1,-2,-4,-2,-8,0,0,-1,-8,6,2,8,0,12,-8,4,0,-14,4,2,-6,14
434.2.a.d,434,1,0,1,1,3,1,0,-4,-6,2,-3,3,1,2,12,-10,3,6,0,8,-13,-12,11,-1,-9,-9,8
434.2.a.e,434,1,0,1,2,2,-1,-6,4,2,-4,-4,0,-1,8,-2,6,8,0,0,-8,4,-8,6,0,6,6,-2
434.2.a.f,434,2,0,-2,2,-2,2,0,8,0,4,-6,10,-2,-8,0,12,10,-8,8,0,2,16,10,-2,-22,2,-8
434.2.a.g,434,2,0,2,1,3,-2,8,-6,4,-6,7,3,-2,-4,2,-6,-23,-8,-4,2,3,16,-3,13,-17,-7,-6
434.2.a.h,434,3,0,-3,-2,-2,-3,2,2,-10,18,14,2,3,16,-2,-6,2,-12,2,2,6,-16,-16,2,6,-28,-2
434.2.a.i,434,3,0,3,1,-1,3,-4,12,6,10,-7,-9,3,-14,-16,-6,-5,-10,8,0,11,-4,-21,-5,-1,7,12
435.2.a.a,435,1,0,-1,1,1,-4,0,6,2,8,-4,1,4,6,2,-4,0,6,-12,6,-8,16,-6,12,-16,2,-14
435.2.a.b,435,1,0,0,-1,-1,-2,1,6,4,-2,3,1,-4,-3,7,5,6,13,0,0,-10,6,3,0,9,-10,17
435.2.a.c,435,1,0,0,1,-1,2,3,2,0,2,3,-1,8,-1,-3,-1,-6,-3,-12,8,14,-6,-7,-4,9,-6,11
435.2.a.d,435,1,0,1,1,1,4,-4,6,6,-4,-4,1,-8,2,-6,4,0,-10,-12,-10,8,-8,-2,0,8,-6,-2
435.2.a.e,435,2,0,-1,2,-2,-6,-2,-8,-2,2,0,2,-16,-16,0,2,0,-18,6,2,-14,10,-16,10,6,0,10
435.2.a.f,435,2,0,-1,2,2,2,10,0,-6,-2,-8,2,8,-8,0,-10,12,10,-6,-2,10,-10,8,6,-14,12,14
435.2.a.g,435,2,0,0,2,-2,4,-4,4,0,4,-4,-2,-4,8,4,8,8,4,16,-4,-12,8,16,12,-12,-12,-8
435.2.a.h,435,2,0,1,2,2,2,-7,-4,-6,2,9,2,8,9,9,3,-18,-11,24,10,2,-14,-9,-24,-1,8,1
435.2.a.i,435,3,0,1,-3,3,-4,9,6,2,-4,1,-3,0,13,13,-13,2,-3,22,10,-28,0,3,-2,-15,30,-1
435.2.a.j,435,4,0,-3,-4,-4,2,-2,-8,-10,-2,-12,-4,-4,-16,-12,2,-12,-10,2,-26,2,-10,0,22,-10,-4,-22
436.2.a.a,436,2,0,0,0,2,-4,-6,0,8,-6,-6,-2,12,4,4,0,18,0,12,14,-20,20,6,-4,-12,14,-2
436.2.a.b,436,3,0,0,0,-6,-3,-3,-3,-9,-3,-9,-6,-3,6,-18,15,6,-15,-3,6,15,0,-12,6,21,-33,24
436.2.a.c,436,4,0,0,0,8,5,3,5,1,3,11,20,-7,-2,8,-5,0,-5,-25,-12,-9,-8,-10,-18,5,9,-26
437.2.a.a,437,1,0,0,2,-1,-5,-1,0,-7,1,1,6,4,2,-2,-5,-3,-4,6,11,-16,-10,-7,4,4,-16,-4
437.2.a.b,437,1,0,2,2,1,-3,5,-2,3,-1,1,4,-4,-8,0,-3,-3,12,4,5,12,12,1,-10,12,-6,10
437.2.a.c,437,2,0,-2,-3,2,1,-5,0,2,-2,-2,-10,-15,-9,6,-17,2,5,1,26,-16,-13,-21,0,-3,3,-8
437.2.a.d,437,2,0,0,-4,-2,-2,2,0,-6,2,2,-4,8,0,12,-18,6,-8,4,-10,-12,12,6,-16,0,16,-24
437.2.a.e,437,2,0,0,-1,-2,-5,-7,0,6,2,2,2,-7,-21,6,-15,-6,7,-23,2,-12,15,-9,8,3,13,12
437.2.a.f,437,5,0,-1,-4,-1,-9,-1,-10,5,-5,-5,10,-4,-14,-16,-3,-5,0,10,-15,-16,-20,17,0,2,-4,-14
437.2.a.g,437,8,0,0,5,2,9,7,8,-10,-8,8,-8,13,27,4,19,0,1,-15,-10,48,-17,-21,66,-11,-7,2
437.2.a.h,437,12,0,2,7,-1,14,4,2,9,12,-12,2,17,9,-12,42,13,-15,9,1,64,-11,28,-28,1,-29,0
438.2.a.a,438,1,0,-1,-1,0,-2,4,-6,0,-4,0,-4,2,-10,-2,2,-12,0,-4,-6,8,8,-1,8,8,10,14
438.2.a.b,438,1,0,-1,1,-4,0,2,0,-6,-8,-8,-4,-4,2,10,-6,4,-8,14,-2,12,0,1,8,-18,6,-2
438.2.a.c,438,1,0,-1,1,0,-4,-6,-4,-6,8,0,0,8,2,-6,2,0,-12,6,-10,-4,0,1,-16,6,6,14
438.2.a.d,438,1,0,-1,1,2,-2,2,4,4,-4,0,6,-2,-6,6,8,8,6,-10,-2,-12,-8,-1,0,-6,-6,2
438.2.a.e,438,1,0,1,-1,-2,-4,0,-2,-6,-4,0,6,-4,6,10,-8,4,-2,-8,-2,-4,8,1,-8,0,-6,-14
438.2.a.f,438,1,0,1,1,0,-2,4,4,-2,4,0,0,-10,-6,-10,-8,6,4,12,-2,12,-12,1,-12,12,6,2
438.2.a.g,438,1,0,1,1,0,2,0,-4,6,-4,0,0,2,2,6,-4,-6,-12,0,-10,-4,12,1,-4,0,6,2
438.2.a.h,438,2,0,-2,-2,0,0,-4,8,4,0,0,0,8,20,4,12,-8,8,4,-4,8,-16,2,-16,4,-4,-4
438.2.a.i,438,2,0,2,-2,-2,4,2,6,4,8,0,-10,8,-8,4,2,4,-14,-18,0,4,0,-2,8,-2,-4,8
439.2.a.a,439,2,0,-2,1,1,-4,2,-3,-4,-10,-1,-7,3,0,-2,1,-5,-13,-15,7,1,4,3,17,8,-8,24
439.2.a.b,439,9,0,-1,-4,-12,0,-18,2,-19,9,-13,-26,-10,-2,-28,-2,1,-1,3,-15,10,-21,17,-20,-6,-28,-15
439.2.a.c,439,25,0,4,3,15,0,24,1,25,-1,26,49,-11,4,42,-11,-12,36,-2,2,-23,31,2,-15,-22,84,-11
440.2.a.a,440,1,0,0,0,-1,-2,-1,0,0,-8,-8,10,8,-10,-2,-6,-8,14,-4,10,4,0,-8,-4,10,6,-10
440.2.a.b,440,1,0,0,0,-1,-2,1,-4,-4,0,0,-6,0,-2,6,2,0,-10,12,-6,-12,16,4,-4,2,6,-2
440.2.a.c,440,1,0,0,0,1,4,-1,6,-6,4,4,-2,8,-10,10,0,4,-10,-4,-2,-8,0,-14,-16,-8,-6,2
440.2.a.d,440,1,0,0,3,1,1,-1,-6,3,-5,-2,-5,5,-1,-2,12,-2,-13,2,1,16,15,10,2,-14,9,-16
440.2.a.e,440,2,0,0,-1,2,-1,2,4,3,1,2,7,9,1,4,4,-18,5,-6,17,-4,-5,-4,-6,2,-21,6
440.2.a.f,440,2,0,0,1,-2,3,2,2,7,9,6,-5,5,-1,-20,2,-6,-13,-2,-3,0,-9,18,10,20,-1,26
440.2.a.g,440,2,0,0,1,-2,5,-2,6,-3,7,-6,13,-7,19,-8,2,2,7,-6,-21,0,-5,-6,2,-12,7,-18
441.2.a.a,441,1,0,-2,0,-2,0,2,-1,0,-1,0,-4,-9,3,-10,5,-6,-12,-12,-10,-5,6,3,-1,6,16,6
441.2.a.b,441,1,0,-2,0,2,0,2,1,0,1,0,-4,9,3,10,5,6,-12,12,10,-5,6,-3,-1,-6,-16,-6
441.2.a.c,441,1,0,-1,0,0,0,-4,0,0,0,-8,-2,0,-6,0,-12,0,10,0,0,4,-16,0,8,0,0,0
441.2.a.d,441,1,0,0,0,0,0,0,-7,0,-7,0,0,-7,-1,0,5,0,0,0,14,11,0,-7,-13,0,0,14
441.2.a.e,441,1,0,0,0,0,0,0,7,0,7,0,0,7,-1,0,5,0,0,0,-14,11,0,7,-13,0,0,-14
441.2.a.f,441,1,0,1,0,-2,0,-4,2,-6,-4,0,2,0,6,2,-4,0,-6,12,2,4,0,6,-16,-12,-14,-18
441.2.a.g,441,2,0,0,0,0,0,0,-4,0,8,0,0,8,4,0,-8,0,0,0,20,-8,0,-28,16,0,0,-28
441.2.a.h,441,2,0,0,0,0,0,0,0,0,0,0,0,0,12,0,24,0,0,0,0,8,0,0,16,0,0,0
441.2.a.i,441,2,0,2,0,-4,0,4,8,-4,0,4,8,-8,-8,-4,0,0,4,8,16,0,4,8,16,8,20,8
441.2.a.j,441,2,0,2,0,4,0,4,-8,4,0,4,8,8,-8,4,0,0,4,-8,-16,0,4,-8,16,-8,-20,-8
442.2.a.a,442,1,0,-1,2,2,2,2,-1,1,-4,-2,2,-2,2,2,0,4,-2,12,-6,8,6,2,-10,-12,14,-6
442.2.a.b,442,1,0,1,0,-4,-2,-2,-1,1,0,-4,2,-2,0,0,4,-8,-6,8,-2,16,-14,-16,8,-12,-18,-4
442.2.a.c,442,1,0,1,0,2,4,-2,-1,-1,0,2,8,-8,-6,12,4,-8,-6,-4,-8,-8,-8,8,-10,0,6,-16
442.2.a.d,442,1,0,1,2,-2,2,4,-1,-1,-4,8,-8,10,-10,-8,-12,8,2,12,0,-4,-6,-4,-4,12,-2,12
442.2.a.e,442,1,0,1,2,4,-4,-2,-1,-1,-4,-4,-8,4,8,10,0,8,2,0,12,8,0,-10,-4,0,-14,-6
442.2.a.f,442,2,0,-2,-4,0,0,-4,2,2,4,-8,-16,-8,-8,-4,-8,4,-8,-4,0,0,16,12,8,-32,4,-4
442.2.a.g,442,2,0,-2,2,4,-2,2,2,-2,4,10,-8,2,-4,0,8,16,20,8,-24,-12,-6,-16,-14,4,-12,0
442.2.a.h,442,3,0,-3,-2,-4,0,-2,-3,-3,-12,-12,4,8,4,-6,0,-28,-14,-16,8,-16,-4,2,0,0,2,10
442.2.a.i,442,3,0,3,2,4,0,-4,3,3,-4,2,10,-4,4,-8,-16,-4,-2,-4,6,-4,8,4,10,-4,10,4
443.2.a.a,443,1,0,-1,-2,0,1,3,3,-5,-7,-3,0,7,-3,-6,-8,-2,4,6,-13,-8,16,-8,-2,-7,-1,-10
443.2.a.b,443,1,0,0,1,-2,2,-2,-3,-2,-8,6,-4,-10,7,10,4,-7,12,5,-10,8,9,4,-8,-18,-1,6
443.2.a.c,443,1,0,1,-2,4,-1,5,3,3,-1,3,4,-7,-3,10,-8,6,4,-10,-13,-8,4,-4,-2,-1,-9,6
443.2.a.d,443,12,0,-3,-7,-7,-16,-2,-42,-5,0,-6,-5,1,-46,4,-16,15,-35,4,-35,-5,13,-53,2,20,15,-29
443.2.a.e,443,22,0,1,8,3,12,-8,49,15,16,-10,3,13,51,-4,34,-10,17,-5,73,13,-12,45,-4,-6,-4,27
444.2.a.a,444,1,0,0,-1,0,0,4,-2,0,6,8,8,6,-1,2,-6,0,2,0,2,8,0,-6,-10,-12,-12,-10
444.2.a.b,444,1,0,0,1,-2,-4,-4,-6,6,-2,2,-2,2,-1,6,-2,-4,10,-6,-14,-4,-12,-2,-10,0,-10,10
444.2.a.c,444,2,0,0,-2,-2,0,-8,0,-6,-8,-6,-6,-4,2,0,-4,4,-12,-2,20,0,-12,20,0,4,10,24
444.2.a.d,444,2,0,0,2,0,4,0,4,0,4,0,0,4,2,-12,4,0,-12,0,4,4,0,-8,4,0,-24,4
445.2.a.a,445,2,0,-2,-2,-2,2,-4,4,-4,-10,-6,0,2,-4,-20,6,16,4,-2,-8,4,-20,4,8,-26,-2,-12
445.2.a.b,445,2,0,0,2,2,-2,0,4,0,-2,6,0,-2,-8,0,22,12,0,18,4,-8,12,4,4,-6,-2,-8
445.2.a.c,445,2,0,2,0,2,0,8,4,8,4,-8,-12,4,4,-4,0,-4,0,12,-20,4,0,12,-16,16,-2,0
445.2.a.d,445,4,0,1,-2,-4,2,-14,-5,-3,-1,-3,-10,-11,3,-3,9,-24,3,-22,-3,-9,16,3,-27,6,-4,41
445.2.a.e,445,4,0,1,4,4,12,2,-7,1,-1,13,14,-11,-5,9,-9,6,5,-18,-3,13,-28,-1,-7,20,-4,-13
445.2.a.f,445,7,0,-4,-8,7,-16,-10,-7,-13,-7,-13,-4,1,-5,5,-31,-14,-13,-14,3,1,-8,9,9,-42,7,-7
445.2.a.g,445,8,0,1,6,-8,-6,14,-7,17,17,-1,10,1,-11,15,-5,12,-1,26,13,-25,28,-17,-7,44,8,1
446.2.a.a,446,1,0,-1,-3,-4,-4,-5,-6,1,0,-5,-3,2,5,-5,-6,-6,-1,-11,0,11,-12,-5,-8,-6,3,-18
446.2.a.b,446,1,0,-1,-1,0,0,1,-2,1,-4,1,-3,-10,-3,-5,-6,6,-9,-1,4,9,4,-5,0,14,-5,2
446.2.a.c,446,1,0,1,-1,-2,-2,-3,0,1,-6,-3,5,2,-7,3,0,2,-1,3,6,-11,0,7,-8,-6,15,12
446.2.a.d,446,1,0,1,2,0,0,-2,4,-2,8,-8,-6,8,-6,10,-12,0,6,-10,4,-6,4,10,12,8,-2,-10
446.2.a.e,446,7,0,7,1,2,6,9,-2,-7,-2,15,9,-2,5,-33,20,-2,-13,9,8,29,0,-37,32,-6,-17,12
446.2.a.f,446,8,0,-8,4,4,4,2,10,8,16,-4,8,12,16,16,12,-4,-8,0,26,-10,8,8,16,-44,0,12
447.2.a.a,447,3,0,-3,3,-6,-3,-9,0,-6,-3,-3,-6,3,-9,-15,6,-12,0,-27,9,-3,-3,-21,6,-9,15,-6
447.2.a.b,447,3,0,-1,-3,0,-3,3,-8,-8,-3,-5,4,-1,-17,-7,-10,8,-12,13,-7,-3,1,-9,2,17,9,-12
447.2.a.c,447,9,0,4,9,8,1,13,-2,10,-11,11,0,-13,1,17,-8,10,2,25,-13,1,13,5,-22,1,23,16
447.2.a.d,447,10,0,3,-10,4,9,-7,4,10,9,9,8,15,31,-5,8,2,4,-59,1,5,-11,51,-6,-21,-5,32
448.2.a.a,448,1,0,0,-2,0,-1,0,4,6,2,0,6,4,-2,6,8,12,-6,-6,-8,-4,0,2,-8,-6,-6,-10
448.2.a.b,448,1,0,0,-2,0,1,-4,4,-2,-6,-8,-2,4,-10,-10,4,-4,2,10,8,-8,0,-6,16,2,18,-2
448.2.a.c,448,1,0,0,-2,4,1,0,0,-2,2,8,-2,4,6,-2,-8,-4,10,-6,-4,12,0,-14,-8,-6,10,-2
448.2.a.d,448,1,0,0,0,-2,-1,4,-2,-6,-8,0,-6,8,2,2,4,-8,-6,0,6,4,-8,10,16,-8,-6,-6
448.2.a.e,448,1,0,0,0,-2,1,-4,-2,-6,8,0,-6,-8,2,2,-4,8,-6,0,6,-4,8,10,-16,8,-6,-6
448.2.a.f,448,1,0,0,2,0,-1,4,4,-2,6,8,-2,-4,-10,-10,-4,4,2,-10,8,8,0,-6,-16,-2,18,-2
448.2.a.g,448,1,0,0,2,0,1,0,4,6,-2,0,6,-4,-2,6,-8,-12,-6,6,-8,4,0,2,8,6,-6,-10
448.2.a.h,448,1,0,0,2,4,-1,0,0,-2,-2,-8,-2,-4,6,-2,8,4,10,6,-4,-12,0,-14,8,6,10,-2
448.2.a.i,448,2,0,0,-2,-2,-2,-4,-6,0,2,-8,0,-4,0,-8,4,-12,20,-14,-18,8,-8,12,-8,-14,-12,16
448.2.a.j,448,2,0,0,2,-2,2,4,-6,0,-2,8,0,4,0,-8,-4,12,20,14,-18,-8,8,12,8,14,-12,16
449.2.a.a,449,14,0,-3,-5,-7,-22,-14,-10,-6,-39,-6,-3,-57,-4,-14,-10,1,20,-15,-40,5,-10,-3,-58,22,-8,-18
449.2.a.b,449,23,0,0,3,3,26,6,10,0,41,2,-7,73,8,0,22,23,-14,-3,38,1,-4,27,80,14,-34,4
450.2.a.a,450,1,0,-1,0,0,-2,-6,4,-6,-4,0,6,-4,-8,0,-8,0,-6,-6,2,4,12,10,-4,12,-12,-2
450.2.a.b,450,1,0,-1,0,0,-2,-2,-6,2,0,-4,0,-8,-2,-2,4,-8,6,-10,2,8,-12,4,0,-4,10,8
450.2.a.c,450,1,0,-1,0,0,-2,3,4,-3,5,6,0,2,-2,3,4,12,6,0,2,13,-12,-11,-10,-9,-15,-2
450.2.a.d,450,1,0,-1,0,0,4,0,-2,6,-4,0,6,8,-2,6,4,0,-6,0,-10,4,0,-2,8,12,-18,-2
450.2.a.e,450,1,0,1,0,0,-2,6,4,6,-4,0,-6,-4,-8,0,-8,0,6,6,2,4,-12,10,-4,-12,12,-2
450.2.a.f,450,1,0,1,0,0,2,-2,6,-2,0,4,0,-8,2,-2,-4,8,-6,-10,2,-8,-12,-4,0,4,10,-8
450.2.a.g,450,1,0,1,0,0,2,3,-4,3,5,-6,0,2,2,3,-4,-12,-6,0,2,-13,-12,11,-10,9,-15,2
451.2.a.a,451,1,0,0,1,-3,4,-1,-6,2,-8,-5,-8,3,7,-1,6,0,-2,9,12,-9,-13,6,10,-12,13,-5
451.2.a.b,451,5,0,-2,-4,-4,-3,-5,1,-9,7,-3,-18,-1,-10,-5,8,-12,-10,-13,-17,0,-25,5,2,6,-24,9
451.2.a.c,451,5,0,-2,0,-8,-5,5,-5,3,-11,-7,-24,-13,2,5,-12,-6,-28,-5,-15,30,-1,1,-4,6,-6,23
451.2.a.d,451,10,0,4,0,6,7,10,4,9,5,7,34,-23,-8,-10,2,-16,26,13,-7,-8,13,-1,27,-28,-24,-27
451.2.a.e,451,12,0,3,1,13,-7,-12,0,9,-13,6,42,8,9,12,-8,2,36,2,9,1,0,-21,-47,12,21,-4
452.2.a.a,452,3,0,0,-3,-3,0,0,-12,-6,-6,0,-3,3,-12,-3,-12,15,3,3,-9,-3,18,-21,3,-18,18,-12
452.2.a.b,452,7,0,0,3,3,0,4,16,14,8,0,5,-1,6,1,8,-15,-1,-15,15,-1,-24,41,-21,-14,-40,24
453.2.a.a,453,2,0,-3,2,3,-4,6,8,-2,4,10,-5,-5,9,-5,14,20,-6,-5,-5,11,19,-6,-17,7,-10,8
453.2.a.b,453,2,0,-1,2,-1,-6,-6,-2,0,-8,-6,9,-5,-3,9,-10,0,-2,-5,5,-15,13,-16,7,-15,-6,0
453.2.a.c,453,2,0,0,-2,4,2,4,0,0,0,12,0,12,2,-12,0,4,12,4,-8,10,12,-16,-10,-4,0,-2
453.2.a.d,453,2,0,3,-2,-3,2,6,-2,6,0,0,9,-13,5,3,2,0,0,-3,-7,9,3,12,15,27,0,-28
453.2.a.e,453,3,0,-1,-3,-3,2,1,-4,-19,5,-16,-7,5,3,8,-27,-1,-2,5,-12,-6,-6,18,-4,-2,4,23
453.2.a.f,453,5,0,-3,-5,-4,-6,-17,4,11,-5,-4,0,-6,-24,-25,-7,-23,-10,-30,27,-35,-7,4,5,3,-10,-21
453.2.a.g,453,9,0,6,9,-2,14,2,-2,-2,8,-8,0,16,10,-8,8,-24,10,-2,14,30,-10,10,20,0,-32,30
454.2.a.a,454,2,0,2,-3,-2,-5,-9,2,-6,-1,-3,-7,-2,0,-6,1,9,3,8,8,-2,-17,-1,-5,18,-3,7
454.2.a.b,454,4,0,-4,-2,-4,2,-10,-4,-4,-2,-2,-22,0,-8,-16,6,6,-14,-4,-16,20,-10,6,-6,4,-18,6
454.2.a.c,454,5,0,-5,-1,3,-6,7,3,8,1,6,31,-4,7,22,-9,12,21,0,3,-19,-6,-18,-12,-11,-2,-32
454.2.a.d,454,7,0,7,4,-1,5,10,-5,-2,0,11,16,-2,-23,0,0,-3,-16,4,-15,1,33,-11,11,17,-9,-17
455.2.a.a,455,1,0,-1,0,1,-1,0,1,-6,0,-4,-2,-4,-10,2,-8,0,-2,0,-2,-4,12,-6,8,4,2,-14
455.2.a.b,455,1,0,1,0,-1,-1,0,-1,-2,-4,0,-2,0,2,6,-4,-8,6,-4,-10,12,4,-10,0,12,-18,-2
455.2.a.c,455,4,0,-1,0,-4,-4,2,4,0,18,-12,-2,18,4,12,2,-18,2,30,0,12,-8,34,12,2,24,14
455.2.a.d,455,4,0,3,4,4,-4,-2,-4,16,2,0,-2,-2,0,8,-10,10,14,-14,28,-8,-16,34,-28,-6,-24,-2
455.2.a.e,455,6,0,3,0,6,6,-2,6,8,6,4,-14,-6,20,-4,10,-6,2,-18,0,20,-4,6,-4,-6,-12,26
455.2.a.f,455,7,0,0,0,-7,7,6,-7,-2,6,4,16,-6,-6,14,22,-10,-20,-22,10,12,12,28,28,6,-14,8
456.2.a.a,456,1,0,0,-1,1,-3,-5,-2,-1,1,4,-6,-10,0,0,-11,9,10,4,-5,-4,8,13,4,-4,-6,2
456.2.a.b,456,1,0,0,-1,4,4,-4,-4,6,1,-6,2,2,4,-6,4,-2,-6,-4,-10,8,0,-2,14,-16,-18,14
456.2.a.c,456,1,0,0,1,-3,-3,-1,-2,-5,1,-4,-6,-2,8,-8,13,13,-6,4,-13,4,-8,-3,-4,4,-6,2
456.2.a.d,456,1,0,0,1,2,0,0,2,2,-1,0,2,-4,2,6,-4,0,10,-4,-2,-12,0,-6,-4,-8,6,-14
456.2.a.e,456,2,0,0,-2,-1,-3,3,12,1,2,8,4,6,6,6,1,5,-12,-8,9,-24,0,7,4,4,0,-12
456.2.a.f,456,2,0,0,2,1,1,7,-2,1,2,10,0,-4,-16,-2,1,-1,-8,24,1,-4,0,-5,-2,8,-12,-8
457.2.a.a,457,2,0,1,1,-4,-1,-10,9,0,-10,-5,-2,2,11,-6,6,1,12,-19,-17,6,-10,18,0,8,-10,3
457.2.a.b,457,15,0,-10,-12,-9,-15,3,-22,-18,0,-36,-6,-18,-15,-9,-10,-85,-28,-29,31,-24,-26,-21,8,-63,3,-4
457.2.a.c,457,20,0,6,9,11,8,9,3,12,2,41,2,22,-8,15,-12,96,20,40,-22,2,58,-29,-16,33,19,-15
458.2.a.a,458,1,0,-1,-3,1,-2,1,2,1,-1,-4,-2,-4,-6,-2,-5,-2,-2,0,-7,-14,15,-2,14,-9,18,3
458.2.a.b,458,1,0,1,-1,-1,-4,-1,-2,-3,1,2,-6,8,-6,0,1,-2,2,-2,-1,-10,-1,-4,4,5,12,3
458.2.a.c,458,2,0,-2,0,1,-3,-2,-8,-3,0,-1,6,-11,-3,8,-16,-5,1,-5,15,-7,-2,8,-17,8,6,-5
458.2.a.d,458,7,0,-7,4,1,7,6,9,0,12,11,-15,1,18,-18,30,1,8,6,7,14,-13,-2,1,6,-32,0
458.2.a.e,458,9,0,9,2,4,6,-6,11,1,-6,8,5,6,3,0,8,-12,5,-39,-8,21,-3,0,-2,-40,12,11
459.2.a.a,459,1,0,-2,0,-4,1,6,1,-1,-7,-4,-6,-8,1,0,4,-6,0,-6,-7,1,4,3,-9,-14,14,-1
459.2.a.b,459,1,0,-2,0,2,4,-3,7,-1,-4,-1,9,-2,-8,9,7,0,-6,0,2,7,7,6,-12,-14,8,-10
459.2.a.c,459,1,0,-1,0,1,-2,0,-5,1,-1,1,-9,-8,-2,3,7,-6,-6,0,-10,1,11,6,0,-4,-2,2
459.2.a.d,459,1,0,0,0,-3,2,3,2,-1,5,0,3,8,8,-6,-4,6,-12,12,-10,5,15,2,-10,6,0,14
459.2.a.e,459,1,0,0,0,3,2,-3,2,1,5,0,-3,8,8,6,-4,-6,12,-12,-10,5,-15,2,-10,-6,0,14
459.2.a.f,459,1,0,1,0,-1,-2,0,-5,-1,-1,-1,9,-8,-2,-3,7,6,6,0,-10,1,-11,6,0,4,2,2
459.2.a.g,459,1,0,2,0,-2,4,3,7,1,-4,1,-9,-2,-8,-9,7,0,6,0,2,7,-7,6,-12,14,-8,-10
459.2.a.h,459,1,0,2,0,4,1,-6,1,1,-7,4,6,-8,1,0,4,6,0,6,-7,1,-4,3,-9,14,-14,-1
459.2.a.i,459,2,0,-1,0,3,-3,8,2,2,6,3,12,4,-8,15,3,7,5,-3,1,-13,-8,-14,-3,-22,-3,13
459.2.a.j,459,2,0,-1,0,-5,3,-6,-6,2,-2,1,-6,0,0,-3,-21,3,-9,-3,-5,3,2,14,-13,-4,-29,7
459.2.a.k,459,2,0,1,0,-3,-3,-8,2,-2,6,-3,-12,4,-8,-15,3,-7,-5,3,1,-13,8,-14,-3,22,3,13
459.2.a.l,459,2,0,1,0,5,3,6,-6,-2,-2,-1,6,0,0,3,-21,-3,9,3,-5,3,-2,14,-13,4,29,7
459.2.a.m,459,3,0,-1,0,-3,-4,-4,1,3,5,-3,3,0,12,3,5,4,-4,30,36,-29,19,0,14,-4,-30,0
459.2.a.n,459,3,0,1,0,3,-4,4,1,-3,5,3,-3,0,12,-3,5,-4,4,-30,36,-29,-19,0,14,4,30,0
460.2.a.a,460,1,0,0,-1,1,-2,-4,1,0,-4,-1,-7,-7,-4,3,6,-13,10,-8,0,8,13,11,4,-4,-6,-2
460.2.a.b,460,1,0,0,0,-1,-1,6,6,7,2,-1,-5,1,-5,-7,8,8,3,13,-8,-9,7,-2,-12,-5,-12,2
460.2.a.c,460,1,0,0,1,-1,-4,-6,-1,0,2,1,9,5,2,-9,-4,-3,-6,0,2,-10,-3,-7,-10,-12,0,8
460.2.a.d,460,1,0,0,3,-1,2,0,-3,4,-4,-1,1,1,-8,11,-10,-1,-6,-8,-8,12,13,7,-12,16,-6,2
460.2.a.e,460,2,0,0,1,2,1,4,-3,1,12,2,4,-2,-5,0,0,-3,-5,5,-6,-13,12,-13,18,1,12,-18
461.2.a.a,461,2,0,-1,-3,0,-2,0,-2,9,-7,-6,-4,0,-5,3,-3,0,4,-24,16,11,-15,0,-14,-6,18,-8
461.2.a.b,461,3,0,-2,0,-1,-3,-9,-4,5,-7,10,0,-17,-2,-1,-3,-2,-19,-13,-5,-21,16,8,0,5,-11,15
461.2.a.c,461,7,0,0,-3,-4,-5,-7,2,-15,-24,-10,1,-13,-16,4,-31,16,29,14,-15,-34,-8,11,-11,19,-17,-16
461.2.a.d,461,26,0,3,8,1,10,22,6,-7,50,-6,-5,38,19,-4,43,2,-4,29,14,92,13,5,51,0,-20,-3
462.2.a.a,462,1,0,-1,-1,-2,1,1,2,-6,-4,-4,2,-4,-2,-6,0,-8,-14,12,-14,4,12,6,0,0,-6,-14
462.2.a.b,462,1,0,-1,-1,0,-1,-1,-2,-4,6,-4,-10,6,-6,-12,-8,2,6,-8,6,-4,0,-12,0,14,10,10
462.2.a.c,462,1,0,-1,-1,2,-1,1,2,6,-8,4,2,8,6,6,8,4,10,4,-14,-4,-4,-14,-8,4,-14,18
462.2.a.d,462,1,0,-1,1,0,-1,-1,6,4,6,-4,6,-2,10,-4,8,-6,-10,0,-2,-4,16,12,-16,-2,-6,-6
462.2.a.e,462,1,0,1,-1,-4,1,-1,-6,-4,-2,-8,-6,6,-6,12,4,6,2,0,10,4,-12,0,-16,-14,-14,-14
462.2.a.f,462,1,0,1,1,0,1,-1,2,0,2,0,-6,2,2,0,-4,-6,-6,0,2,-4,-12,-4,8,6,-6,2
462.2.a.g,462,1,0,1,1,2,-1,1,-2,-2,0,0,-2,4,-2,-10,4,4,-2,-12,-2,12,8,6,-8,-8,-14,-14
462.2.a.h,462,2,0,-2,2,0,2,2,4,0,4,0,-12,4,4,0,-8,12,12,0,4,16,-24,-8,-8,-12,12,4
463.2.a.a,463,16,0,-9,-6,-16,-10,-7,-17,-46,-7,-16,-10,4,1,-56,10,-28,-36,-7,4,0,11,-20,15,-41,-73,-45
463.2.a.b,463,22,0,8,4,14,2,3,13,56,3,0,8,-4,-1,48,-2,24,26,21,-10,-8,7,30,-29,49,49,25
464.2.a.a,464,1,0,0,-2,-2,-4,6,2,2,6,-4,-1,6,2,2,-10,2,10,0,10,12,-8,10,6,-16,2,10
464.2.a.b,464,1,0,0,-1,1,-2,-3,-1,0,0,-4,-1,-3,-8,-6,5,-3,5,8,0,12,-6,-4,-1,12,6,14
464.2.a.c,464,1,0,0,-1,3,4,-3,5,-6,4,6,-1,-5,8,0,1,3,3,-6,2,-8,-6,-16,-11,-6,-12,8
464.2.a.d,464,1,0,0,1,-3,-2,3,-5,-4,0,0,-1,-9,8,-2,11,7,9,-4,-12,-12,-2,-4,-3,16,2,-14
464.2.a.e,464,1,0,0,1,1,2,3,-1,8,0,-4,-1,3,8,2,11,-13,-11,0,-8,12,-2,4,-15,-4,-10,-2
464.2.a.f,464,1,0,0,3,-3,2,1,3,-4,8,0,-1,-3,-8,-2,-7,-11,1,4,4,4,2,-12,7,0,-6,-6
464.2.a.g,464,1,0,0,3,3,-4,1,-3,2,-4,6,-1,-9,-8,-8,5,7,-5,10,10,-8,2,0,1,-6,12,0
464.2.a.h,464,2,0,0,-2,-2,0,-2,-2,-4,-12,4,2,-6,-8,8,-10,-2,2,-4,-4,0,12,8,2,-4,-8,-8
464.2.a.i,464,2,0,0,2,-2,8,2,-2,-4,-4,4,2,14,8,-8,-6,10,-14,-4,12,0,4,8,6,12,-8,8
464.2.a.j,464,3,0,0,-2,4,0,-2,4,6,4,4,3,14,-2,10,6,2,0,-8,2,-20,-12,2,30,-32,10,-14
465.2.a.a,465,1,0,-1,1,1,-4,-4,2,-6,-4,0,-6,-1,10,-6,-12,0,-2,-8,6,8,-12,6,-8,12,6,-6
465.2.a.b,465,1,0,1,-1,1,-2,-4,0,2,-8,-8,0,1,8,-6,0,4,6,10,-14,2,6,-16,0,4,4,6
465.2.a.c,465,2,0,-2,2,-2,-4,0,-8,-8,0,-12,-4,2,0,4,0,-4,-8,8,-4,-12,0,8,-12,-12,-4,20
465.2.a.d,465,2,0,0,-2,-2,-6,4,-6,4,4,-8,-2,-2,-10,0,-8,-12,4,-14,0,-10,-18,-6,-20,24,18,-4
465.2.a.e,465,3,0,1,-3,-3,8,2,4,4,-4,6,-2,3,10,-8,10,-10,0,-8,-6,18,10,18,20,22,8,8
465.2.a.f,465,3,0,1,3,3,2,6,-2,0,0,2,8,3,0,8,-10,-6,0,14,-2,-16,20,0,8,2,-6,-36
465.2.a.g,465,3,0,3,3,-3,2,2,-6,4,-8,14,16,-3,-8,4,-2,14,8,-26,-18,0,4,-12,4,-10,-6,8
465.2.a.h,465,4,0,2,-4,4,4,6,2,-10,16,6,0,-4,8,-6,2,-2,-6,4,0,-2,22,-32,24,-6,-14,-14
466.2.a.a,466,1,0,-1,2,0,0,2,2,6,0,8,-2,0,2,6,-10,0,0,-10,4,14,8,-6,-4,-6,6,-10
466.2.a.b,466,1,0,1,1,0,2,0,5,0,-4,6,3,-4,-7,-6,-1,9,6,3,-10,-7,-12,14,-13,-9,-3,14
466.2.a.c,466,3,0,-3,-2,5,3,8,-5,-4,3,1,17,4,-14,5,15,22,7,20,7,-20,3,-4,7,13,11,-22
466.2.a.d,466,3,0,3,-4,-7,-1,-10,-7,-8,-3,1,-5,4,-4,-15,5,0,7,-12,-11,6,7,-8,1,1,-17,-30
466.2.a.e,466,5,0,-5,0,-5,-5,-12,5,-12,-9,-7,-9,-16,4,-33,7,-12,5,-18,5,18,-9,16,3,-3,-15,30
466.2.a.f,466,6,0,6,1,7,-3,6,2,12,9,-13,2,-4,5,13,-10,-23,-9,-9,9,-5,7,-14,-6,26,16,-20
467.2.a.a,467,1,0,0,-3,2,1,4,-6,-7,2,-7,-8,6,-2,6,-4,4,-9,-3,-10,-4,-12,14,-10,11,-2,9
467.2.a.b,467,12,0,-5,-3,-7,-12,-6,-29,-1,-8,5,-15,-11,-51,6,-32,5,-24,25,-28,-6,33,-35,-3,7,15,-22
467.2.a.c,467,26,0,5,4,3,11,0,47,14,4,4,17,7,71,2,46,-5,33,-8,34,20,-17,29,19,-16,-29,9
468.2.a.a,468,1,0,0,0,-4,4,4,-1,0,0,8,8,4,6,-12,-8,4,0,-4,-2,-8,4,-10,-4,-12,12,14
468.2.a.b,468,1,0,0,0,-2,-2,2,-1,-6,-6,-8,-2,10,-6,6,4,2,-6,10,-2,10,-10,2,-4,6,6,2
468.2.a.c,468,1,0,0,0,0,2,0,1,6,2,0,6,2,2,12,-4,0,-6,-12,2,-10,-12,14,8,-12,0,-10
468.2.a.d,468,1,0,0,0,4,-2,4,1,-2,-2,0,6,-10,10,-8,4,4,10,8,-14,2,-16,-10,-16,0,4,-2
468.2.a.e,468,1,0,0,0,4,4,-4,-1,0,0,-8,-8,4,6,12,-8,-4,0,4,-2,-8,-4,-10,-4,12,-12,14
469.2.a.a,469,1,0,-1,-3,1,-1,0,3,0,-4,3,-3,-5,5,-5,0,-6,2,-6,-14,-1,-9,14,14,-10,4,2
469.2.a.b,469,1,0,1,1,-3,-1,0,-1,-8,8,3,-3,-1,-3,-9,4,10,6,-14,-6,-1,-9,-14,14,10,0,-14
469.2.a.c,469,2,0,1,-1,-3,2,8,-7,9,9,0,12,-1,-4,-3,8,-9,-8,-3,-18,-2,-5,21,12,26,1,-18
469.2.a.d,469,2,0,2,-1,-1,2,8,9,2,2,3,-1,-15,-13,9,8,-4,0,0,14,-2,15,-4,6,-8,2,-18
469.2.a.e,469,3,0,-3,-3,3,3,-6,-3,-9,-3,-12,-12,-3,-3,-3,-3,0,6,-30,6,3,-39,-3,-12,30,30,15
469.2.a.f,469,3,0,-1,-1,-9,3,-12,5,10,-4,-7,-9,-3,-9,-3,2,10,-22,4,2,3,17,6,8,-26,-4,-6
469.2.a.g,469,5,0,2,-2,-4,-5,-16,-4,-4,-8,-20,0,4,9,2,-11,-15,4,-15,2,-5,8,12,-8,-28,-25,33
469.2.a.h,469,7,0,1,6,6,7,8,-8,-7,-11,19,3,18,20,-20,-11,24,36,26,8,-7,16,-37,-30,6,18,1
469.2.a.i,469,9,0,-1,8,8,-9,18,4,7,13,1,-7,6,-18,22,-1,12,-6,44,-16,9,14,-7,28,32,-2,11
470.2.a.a,470,1,0,-1,-1,1,-1,1,-5,0,5,-6,-6,-11,-8,2,-2,1,-6,8,-5,2,12,-15,0,-1,14,6
470.2.a.b,470,1,0,-1,1,-1,-1,-3,-5,2,-7,8,-2,-5,-4,12,8,-1,-4,-10,-11,-8,0,3,10,9,-18,12
470.2.a.c,470,1,0,-1,1,1,-1,3,5,6,-1,0,-6,5,8,0,8,-1,0,-6,5,-4,-12,5,2,-15,6,-16
470.2.a.d,470,1,0,1,-3,1,-3,-1,-1,-8,-5,-2,-2,-5,-4,6,6,-1,2,-12,11,14,-4,-11,-4,5,14,-14
470.2.a.e,470,1,0,1,-1,-1,-3,-5,-1,2,-1,0,2,-7,0,-8,-4,1,12,6,-7,0,-16,11,10,-9,6,-16
470.2.a.f,470,1,0,1,1,-1,5,-3,5,0,-7,6,-6,5,8,-6,-10,-1,-6,-12,-1,2,0,-13,-16,9,6,2
470.2.a.g,470,2,0,-2,1,2,8,-5,2,-8,-1,1,1,-2,-1,4,16,-2,19,-12,-4,8,15,13,-27,19,-13,2
470.2.a.h,470,3,0,-3,0,-3,3,0,3,0,12,-3,9,9,15,6,-6,3,-15,12,15,6,-9,-6,9,-30,-15,0
470.2.a.i,470,3,0,3,2,3,1,0,-1,2,4,7,-9,1,-11,-12,0,3,-3,2,-15,8,-21,16,3,12,1,-2
470.2.a.j,470,3,0,3,3,-3,0,5,0,-2,9,-11,-3,2,-5,14,0,-3,-17,-4,10,4,-1,23,25,-19,5,36
471.2.a.a,471,1,0,-1,-1,-2,3,0,1,-3,-2,-9,0,-2,1,-2,1,0,-6,-1,8,2,-12,-14,-8,4,-13,0
471.2.a.b,471,2,0,-1,2,-2,-6,-1,-3,-4,-6,2,-1,-3,6,-16,-18,17,0,2,-16,3,-1,-11,0,13,1,-8
471.2.a.c,471,3,0,0,-3,-2,-3,-5,-2,-9,4,3,-17,-1,-5,-20,19,-9,18,-19,-24,21,7,1,-4,-5,-8,0
471.2.a.d,471,9,0,2,-9,8,-2,7,-1,20,2,8,19,5,-8,42,-34,3,16,-6,14,-37,-21,23,-36,-3,27,-2
471.2.a.e,471,12,0,-1,12,4,8,-1,15,10,14,-8,5,5,4,18,28,-3,-18,0,20,27,7,15,4,-13,-9,-16
472.2.a.a,472,1,0,0,-3,-1,3,-4,6,-6,-7,-6,-3,8,2,3,-12,-2,-5,-1,-4,-8,8,-10,5,6,-4,-14
472.2.a.b,472,1,0,0,-1,-1,1,0,-2,-6,3,-6,-3,-4,-2,-5,0,2,3,1,12,4,0,-6,15,-14,12,6
472.2.a.c,472,1,0,0,-1,-1,1,4,2,2,3,6,5,4,-6,3,8,-2,11,1,0,-8,-8,-6,-1,6,-16,-10
472.2.a.d,472,1,0,0,2,2,1,1,-1,-1,0,0,-4,4,3,-3,-1,10,-4,1,-6,4,13,-6,-1,-3,2,-10
472.2.a.e,472,1,0,0,3,-3,3,6,-6,-2,-1,8,-1,-2,-4,-1,-10,6,5,-1,-8,2,-4,-8,-11,-10,-16,-4
472.2.a.f,472,4,0,0,-1,-3,-9,-4,-10,1,-5,-12,-9,-14,-6,7,-2,-2,-15,-4,18,-6,-7,28,9,4,-2,42
472.2.a.g,472,6,0,0,-1,7,-4,-3,9,14,-3,2,11,-8,3,10,1,0,25,-6,-6,0,2,14,-36,19,22,-12
473.2.a.a,473,1,0,-2,1,-1,0,-1,-2,6,-8,-1,6,-1,-3,-4,-1,-8,-14,9,-4,9,-13,-16,16,-6,-7,13
473.2.a.b,473,2,0,1,-4,2,0,-2,0,-6,-4,-12,-2,-12,0,20,-2,-12,-10,16,-26,4,24,4,-6,-10,12,-6
473.2.a.c,473,2,0,1,-2,2,-4,2,-12,-4,0,-12,-10,4,6,-6,2,16,-2,20,-6,-4,4,-12,0,8,10,6
473.2.a.d,473,5,0,-3,-1,-4,-9,5,-9,-13,-7,8,10,-22,-13,10,5,-37,11,-13,-8,-21,-3,2,-2,-11,14,-30
473.2.a.e,473,5,0,1,-3,-6,-15,-5,-1,5,-3,-4,4,-18,-17,-8,-5,-1,11,-29,30,-29,-1,2,-24,9,-18,-30
473.2.a.f,473,9,0,4,5,0,19,9,11,3,17,0,18,14,15,4,-9,-9,-13,-13,16,3,1,32,4,31,-24,2
473.2.a.g,473,11,0,-1,6,3,17,-11,11,-5,5,11,-16,33,8,2,11,15,-5,4,-12,32,6,10,52,-29,5,37
474.2.a.a,474,1,0,-1,-1,2,-3,-5,-1,5,-6,3,-5,-4,-8,-2,-5,0,2,-2,-12,14,10,-9,-1,9,-12,7
474.2.a.b,474,1,0,-1,1,-2,-1,-5,-1,-1,-2,-5,1,0,4,-6,1,4,-2,-6,0,-10,6,7,1,-15,4,-1
474.2.a.c,474,2,0,-2,-2,-1,1,0,0,-3,11,1,0,12,7,3,16,-2,0,9,5,3,12,-13,2,-10,-4,-15
474.2.a.d,474,2,0,-2,2,3,-1,8,-4,7,3,-3,8,-4,-15,9,4,14,-16,7,-5,7,8,3,-2,2,-20,-23
474.2.a.e,474,3,0,3,3,3,0,1,-1,0,-3,0,3,-8,-1,7,-15,2,6,-3,-3,-15,-2,-14,3,-3,-8,-8
474.2.a.f,474,4,0,4,-4,1,4,5,9,2,5,4,7,4,3,-9,-5,-18,-8,-33,-3,-15,6,12,-4,-19,2,-6
475.2.a.a,475,1,0,-1,0,0,2,-4,-2,4,1,-6,-6,-4,-10,-10,2,-6,10,0,2,8,4,4,4,-18,-2,6
475.2.a.b,475,1,0,0,2,0,1,3,4,3,1,0,6,-4,-2,-6,1,3,-12,-6,-1,4,6,7,8,-12,12,-8
475.2.a.c,475,1,0,1,0,0,-2,-4,2,-4,1,6,-6,-4,10,-10,-2,6,-10,0,2,-8,4,-4,4,18,-2,-6
475.2.a.d,475,3,0,-4,-2,0,0,1,-5,-2,-3,-8,-7,-5,-5,1,-5,-3,-19,10,-17,1,-19,1,18,-13,2,-5
475.2.a.e,475,3,0,-2,-2,0,-4,1,-3,-14,3,-8,-5,-1,-5,1,5,-9,-31,-6,3,13,7,-1,-18,-3,-20,13
475.2.a.f,475,3,0,-1,-2,0,0,-8,-8,-2,-3,4,-10,4,-20,-2,4,0,-16,-20,-2,-2,-4,-2,0,32,2,-20
475.2.a.g,475,3,0,2,2,0,4,1,3,14,3,8,-5,-1,5,1,-5,9,31,-6,3,-13,7,1,-18,3,-20,-13
475.2.a.h,475,3,0,4,2,0,0,1,5,2,-3,8,-7,-5,5,1,5,3,19,10,-17,-1,-19,-1,18,13,2,5
475.2.a.i,475,4,0,2,-2,0,-4,4,-2,-4,4,8,4,4,6,16,-4,12,10,0,20,18,-20,-28,-16,0,4,-30
475.2.a.j,475,6,0,0,0,0,0,2,0,0,-6,0,36,0,0,12,0,0,0,20,-14,0,52,0,-24,0,24,0
476.2.a.a,476,2,0,0,-3,-3,2,2,-6,-2,-12,2,-10,-17,0,1,-5,20,5,-4,-5,9,-4,-9,-12,4,-4,-15
476.2.a.b,476,2,0,0,-1,-1,-2,-6,-2,2,-8,-2,2,-3,-8,11,-13,-8,-3,0,1,-15,4,21,-12,4,4,19
476.2.a.c,476,2,0,0,-1,1,-2,8,-2,-2,10,8,4,11,-2,-5,-5,2,5,-16,13,9,-14,-3,2,-8,-6,-23
476.2.a.d,476,2,0,0,1,-1,2,0,6,2,6,0,0,5,2,-3,11,2,-11,4,-5,-7,6,-5,18,12,-26,-9
477.2.a.a,477,1,0,1,0,0,-4,0,-3,3,-5,-7,7,4,5,-6,-2,2,1,2,-8,-12,-1,-4,-1,1,14,1
477.2.a.b,477,3,0,1,0,2,4,4,3,5,11,-3,5,-2,-5,10,18,10,-3,-2,-10,6,5,6,-7,-27,2,-1
477.2.a.c,477,4,0,-3,0,-4,0,-8,-6,-10,0,-8,-8,2,-6,-2,-8,-22,-4,-4,6,6,6,-4,-8,-34,6,6
477.2.a.d,477,4,0,-3,0,-2,-4,-6,-6,-10,-6,-2,-6,-12,-10,-12,-16,0,4,-10,14,-6,8,10,10,-12,4,6
477.2.a.e,477,4,0,3,0,4,0,8,-6,10,0,8,8,2,-6,2,-8,22,4,4,6,6,-6,-4,-8,34,-6,6
477.2.a.f,477,5,0,0,0,0,4,-2,8,0,2,6,-20,8,4,-18,12,4,-5,18,12,6,-4,8,-2,36,-26,-16
478.2.a.a,478,4,0,-4,-2,-3,-2,-3,-3,-14,4,-11,-4,7,-6,-17,-8,-11,-20,-8,1,8,9,-7,11,-6,4,-11
478.2.a.b,478,4,0,4,-6,-7,-6,-3,-9,-14,-16,-5,-2,-7,8,1,0,-7,0,0,9,-14,3,19,15,-34,-10,13
478.2.a.c,478,5,0,5,2,3,4,5,1,8,4,1,-4,5,-4,-7,-2,13,0,-2,-1,-14,15,-11,-1,10,-4,-19
478.2.a.d,478,6,0,-6,2,5,0,5,3,26,-10,7,12,-17,-6,17,4,29,20,-4,-7,-12,-31,9,-13,22,-8,-21
479.2.a.a,479,8,0,-2,-3,-4,-4,-5,-9,-4,-11,0,-9,-19,-21,-16,-9,3,7,6,-14,-3,1,-20,-12,10,-1,-21
479.2.a.b,479,32,0,3,5,6,8,11,13,0,19,0,21,37,49,28,1,-17,-3,-8,36,19,13,58,48,-44,49,81
480.2.a.a,480,1,0,0,-1,-1,-4,4,6,2,4,0,10,-4,-10,2,-4,8,2,12,-10,12,0,10,-4,4,-6,-14
480.2.a.b,480,1,0,0,-1,-1,0,-4,2,-2,-8,-4,-6,0,2,-6,-4,12,-6,-12,14,12,0,2,8,4,2,-14
480.2.a.c,480,1,0,0,-1,1,-4,0,-2,-6,0,-4,-2,-8,6,-6,12,-12,-10,8,-10,-12,8,10,16,12,-6,18
480.2.a.d,480,1,0,0,-1,1,0,0,2,6,-4,8,-2,4,10,2,-4,8,-2,8,-2,-12,8,-14,-12,-4,-14,2
480.2.a.e,480,1,0,0,1,-1,0,4,2,-2,8,4,-6,0,2,-6,4,-12,-6,12,14,-12,0,2,-8,-4,2,-14
480.2.a.f,480,1,0,0,1,-1,4,-4,6,2,-4,0,10,4,-10,2,4,-8,2,-12,-10,-12,0,10,4,-4,-6,-14
480.2.a.g,480,1,0,0,1,1,0,0,2,6,4,-8,-2,-4,10,2,4,-8,-2,-8,-2,12,-8,-14,12,4,-14,2
480.2.a.h,480,1,0,0,1,1,4,0,-2,-6,0,4,-2,8,6,-6,-12,12,-10,-8,-10,12,-8,10,-16,-12,-6,18
481.2.a.a,481,1,0,1,0,-2,2,-2,-1,-6,0,2,-6,8,-1,-6,2,-6,10,-4,10,2,6,2,-2,6,-2,-14
481.2.a.b,481,7,0,-5,1,-4,-8,-13,-7,2,-8,-18,-9,-25,-7,7,-3,-3,-4,-26,8,5,-61,-14,-12,5,-31,2
481.2.a.c,481,7,0,-1,-7,-2,-2,-13,7,-10,-2,-24,-17,-11,7,-17,-3,-21,-16,-18,-20,7,-35,8,-18,19,-1,22
481.2.a.d,481,11,0,3,1,4,4,21,-11,-6,0,10,13,5,11,19,-3,37,16,16,-6,3,85,-26,24,35,1,-12
481.2.a.e,481,11,0,3,5,2,0,11,11,6,-6,34,17,19,-11,-5,-5,1,0,12,-22,-1,45,-20,12,-17,11,-28
482.2.a.a,482,1,0,-1,-2,-1,1,4,-2,4,-5,-9,9,-8,-8,-3,-7,-4,-11,10,7,-8,-13,14,-4,0,4,19
482.2.a.b,482,2,0,2,-2,-3,-4,-6,-7,1,0,3,-5,4,-14,-6,-7,11,3,5,14,1,4,-17,0,8,0,6
482.2.a.c,482,3,0,-3,-2,2,-9,-2,-5,-7,3,0,-4,-2,-6,11,-20,-11,6,3,-21,-9,7,-17,-12,22,22,-23
482.2.a.d,482,6,0,-6,2,-5,10,-4,9,1,10,9,-1,14,20,-4,19,1,-3,-1,4,5,2,15,12,-8,-24,-12
482.2.a.e,482,9,0,9,4,5,6,2,5,3,2,-3,11,-4,4,-4,9,-21,-5,-17,6,7,-32,7,4,-2,-12,4
483.2.a.a,483,1,0,2,1,0,1,1,2,4,-3,1,-6,-2,-2,1,-8,-5,3,5,13,0,0,-16,-2,6,6,10
483.2.a.b,483,1,0,2,1,4,-1,-5,-2,0,-5,-1,-2,6,6,5,8,-9,9,9,-5,4,12,0,-10,-18,10,-18
483.2.a.c,483,2,0,-3,2,-5,2,-2,-7,-2,-6,-2,-6,-12,-6,4,5,-10,-9,-19,3,15,-19,-8,10,-6,13,10
483.2.a.d,483,2,0,-1,-2,1,-2,0,-7,0,2,-2,-12,0,-22,6,-1,-10,-15,21,-3,1,11,-12,-10,4,21,-6
483.2.a.e,483,2,0,-1,2,5,2,2,-1,-2,4,2,8,-4,-4,2,-1,10,11,-5,-9,-5,-5,8,-24,-18,7,0
483.2.a.f,483,2,0,-1,2,-5,-2,-10,1,-4,4,2,-2,6,-18,-10,-7,-10,-7,-3,-13,-13,-9,10,-2,4,11,-28
483.2.a.g,483,2,0,1,-2,-3,2,0,-7,-2,-12,2,8,-10,-10,4,-1,6,-5,-3,-7,-7,21,2,-6,-2,-17,-12
483.2.a.h,483,3,0,0,3,3,-3,6,9,6,-6,-3,6,-18,6,-6,-9,18,3,3,-3,-21,9,12,12,12,15,-12
483.2.a.i,483,4,0,0,-4,5,4,-5,7,12,3,-4,6,4,20,3,9,7,-6,-2,24,1,-17,16,-10,8,-3,-2
483.2.a.j,483,4,0,2,-4,5,-4,1,7,2,-1,4,2,6,16,5,9,-21,10,-26,2,5,-19,10,-6,-2,-17,32
484.2.a.a,484,1,0,0,1,-3,-2,0,4,-6,-8,-3,0,5,-1,0,10,0,-6,3,4,-1,15,4,-2,-6,-9,-7
484.2.a.b,484,2,0,0,-3,-1,-1,0,7,7,1,4,15,-5,3,15,0,5,3,-9,7,8,-15,-13,-21,-3,-8,-9
484.2.a.c,484,2,0,0,-3,-1,1,0,-7,-7,-1,4,-15,-5,3,-15,0,5,3,-9,-7,8,-15,13,21,3,-8,-9
484.2.a.d,484,2,0,0,1,3,0,0,0,0,0,9,0,5,-7,0,0,-24,12,15,0,-13,3,0,0,0,9,-17
484.2.a.e,484,2,0,0,4,6,0,0,0,0,0,-12,0,-4,2,0,0,12,-6,0,0,-4,0,0,0,0,30,10
485.2.a.a,485,1,0,0,-2,-1,-1,-3,5,-6,2,9,0,5,-7,-6,8,12,6,-6,-1,5,-6,2,-1,-12,9,1
485.2.a.b,485,1,0,0,0,1,-1,1,1,-6,-8,-7,6,-7,1,-4,10,-4,-4,2,-1,13,0,8,-5,4,-7,1
485.2.a.c,485,2,0,0,1,-2,8,-6,5,-7,-1,-2,10,10,11,-2,1,9,12,-7,13,0,8,-16,-2,6,-7,2
485.2.a.d,485,2,0,2,1,2,0,2,7,-1,7,-6,-2,6,-7,-10,-5,11,-8,-5,-11,4,8,4,18,18,21,-2
485.2.a.e,485,3,0,-2,6,3,5,5,-1,-6,6,-5,8,-3,3,18,-8,-4,-2,10,15,-1,2,26,15,-16,-15,-3
485.2.a.f,485,4,0,-1,-4,4,-3,-16,-4,6,-13,8,-22,-7,3,-1,-26,5,7,-9,-8,-27,0,3,-18,11,25,4
485.2.a.g,485,6,0,-1,-1,6,3,6,1,7,16,0,-4,3,2,-9,35,-14,-15,4,1,11,16,-27,12,13,2,-6
485.2.a.h,485,7,0,-1,-6,-7,-10,5,-9,-10,-25,-7,8,2,-2,7,-38,-5,-5,-5,-29,-24,30,-9,-7,-39,6,-7
485.2.a.i,485,7,0,2,9,-7,3,6,5,21,20,-2,-26,-1,2,5,35,-10,-9,0,3,7,-30,47,-8,23,-20,7
486.2.a.a,486,1,0,-1,0,-3,2,0,-4,6,-7,-9,-9,2,-4,6,-4,-3,3,0,-10,5,-3,-7,8,6,-12,-1
486.2.a.b,486,1,0,-1,0,0,-1,-6,-1,-6,5,6,-6,-7,-7,0,5,6,6,-12,-10,-4,-6,2,11,6,12,-7
486.2.a.c,486,1,0,-1,0,3,-4,6,2,0,-1,3,-3,2,8,12,-4,-3,9,-6,8,-13,9,-7,-4,-12,0,-13
486.2.a.d,486,1,0,1,0,-3,-4,-6,2,0,-1,-3,3,2,8,-12,-4,3,-9,6,8,-13,-9,-7,-4,12,0,-13
486.2.a.e,486,1,0,1,0,0,-1,6,-1,6,5,-6,6,-7,-7,0,5,-6,-6,12,-10,-4,6,2,11,-6,-12,-7
486.2.a.f,486,1,0,1,0,3,2,0,-4,-6,-7,9,9,2,-4,-6,-4,3,-3,0,-10,5,3,-7,8,-6,12,-1
486.2.a.g,486,3,0,-3,0,0,6,0,6,0,6,0,9,6,6,18,6,0,18,9,-12,-12,0,-12,-3,0,0,-12
486.2.a.h,486,3,0,3,0,0,6,0,6,0,6,0,-9,6,6,-18,6,0,-18,-9,-12,-12,0,-12,-3,0,0,-12
487.2.a.a,487,2,0,0,-1,3,0,-2,9,8,-8,10,10,16,3,-6,0,4,-1,-5,9,-14,-2,-6,-7,11,-17,-19
487.2.a.b,487,2,0,0,3,1,-2,4,3,6,8,-8,2,-8,11,-2,6,-18,7,3,5,10,2,14,-9,11,-1,9
487.2.a.c,487,3,0,0,6,6,6,4,-6,2,-1,4,-3,-5,2,-3,14,18,1,6,-1,-13,-21,17,30,-17,13,-23
487.2.a.d,487,16,0,7,-4,9,1,1,4,38,7,8,6,-10,-8,68,-21,20,-12,-3,-19,10,26,18,-47,29,46,58
487.2.a.e,487,17,0,-8,-6,-19,-11,-11,-12,-54,-2,-18,-11,1,-6,-49,5,-28,-23,-13,-8,17,17,-47,11,-50,-49,-33
488.2.a.a,488,2,0,0,0,-2,-2,-2,-6,-4,-4,6,-8,4,-4,-6,-4,8,4,6,-2,-18,28,-10,14,8,0,20
488.2.a.b,488,3,0,0,-2,-1,-7,-3,-5,-2,0,-15,4,-6,-6,3,-6,-16,14,-3,3,-11,-6,-13,-7,8,20,-22
488.2.a.c,488,4,0,0,1,-2,7,2,4,-2,9,15,-5,17,7,-15,4,4,-15,-12,-4,0,-1,-1,8,-19,-6,13
488.2.a.d,488,6,0,0,3,5,6,3,7,6,5,-6,15,-3,21,4,6,-8,3,-3,6,5,-57,14,5,1,0,-19
489.2.a.a,489,4,0,-2,4,-3,-10,-8,-14,3,-13,-5,1,-13,-8,4,-1,3,18,-15,-4,0,-24,-5,-18,21,7,-7
489.2.a.b,489,5,0,-2,-5,-3,-4,-10,10,-7,-9,-9,-11,-7,16,-15,-14,-18,-7,-13,3,-4,-27,17,-16,-2,-19,2
489.2.a.c,489,8,0,4,-8,5,4,14,-14,5,9,19,13,9,-16,6,-9,13,4,-3,-22,-2,42,-33,48,27,-17,-53
489.2.a.d,489,10,0,1,10,-1,14,4,16,-3,13,-1,-5,11,22,-15,14,0,-7,-5,23,10,-1,23,14,-4,-5,-2
490.2.a.a,490,1,0,-1,-2,1,0,3,-1,-6,-1,9,6,8,-7,3,2,9,9,0,8,8,0,-4,-10,0,6,-10
490.2.a.b,490,1,0,-1,-1,1,0,-6,4,0,-2,-3,-3,-8,-4,-9,-7,0,-6,6,-5,5,-6,16,2,-3,15,-14
490.2.a.c,490,1,0,-1,1,-1,0,-6,-4,0,2,-3,-3,8,-4,9,-7,0,-6,-6,5,5,-6,-16,2,3,-15,14
490.2.a.d,490,1,0,-1,2,-1,0,3,1,6,1,9,6,-8,-7,-3,2,-9,9,0,-8,8,0,4,-10,0,-6,10
490.2.a.e,490,1,0,1,-3,1,0,-2,0,4,6,3,9,4,-4,7,-5,-8,-2,-10,-1,-9,2,4,10,7,-1,-14
490.2.a.f,490,1,0,1,-2,-1,0,-4,-2,-8,6,-4,-6,-4,-10,-4,4,-4,10,14,10,-4,12,-4,4,2,-8,0
490.2.a.g,490,1,0,1,-2,-1,0,3,5,6,-1,3,-6,-4,11,3,-10,3,3,0,-4,-4,12,-4,-10,-12,6,14
490.2.a.h,490,1,0,1,0,1,0,4,6,-2,0,0,6,-8,-10,-2,4,-8,-2,8,14,-12,-16,-2,-8,-8,-10,-2
490.2.a.i,490,1,0,1,2,1,0,-4,2,8,-6,-4,-6,4,-10,4,4,4,10,-14,-10,-4,12,4,4,-2,8,0
490.2.a.j,490,1,0,1,2,1,0,3,-5,-6,1,3,-6,4,11,-3,-10,-3,3,0,4,-4,12,4,-10,12,-6,-14
490.2.a.k,490,1,0,1,3,-1,0,-2,0,-4,-6,3,9,-4,-4,-7,-5,8,-2,10,1,-9,2,-4,10,-7,1,14
490.2.a.l,490,2,0,-2,-4,-2,0,4,4,-8,-4,-8,-4,0,-4,-8,-12,-16,-4,-20,4,-8,8,16,-8,-4,0,24
490.2.a.m,490,2,0,-2,4,2,0,4,-4,8,4,-8,-4,0,-4,8,-12,16,-4,20,-4,-8,8,-16,-8,4,0,-24
491.2.a.a,491,2,0,1,-1,-1,1,-3,-8,0,1,2,-7,-14,-4,12,-2,-9,2,-1,0,1,8,-4,14,22,-35,30
491.2.a.b,491,10,0,-3,-4,-9,-6,-3,-15,-3,-23,-3,-5,-12,-18,-18,0,27,2,-4,-62,-6,4,-12,-29,-19,28,-49
491.2.a.c,491,29,0,0,5,12,3,0,35,3,24,-5,12,36,40,16,12,10,24,-3,100,5,-18,2,11,-35,11,27
492.2.a.a,492,1,0,0,-1,0,-2,-1,-2,-1,-4,-6,5,-3,-3,1,-7,-3,10,0,1,2,3,-11,6,4,6,8
492.2.a.b,492,1,0,0,1,-2,-4,-5,4,-5,-6,4,-3,1,5,-1,9,-11,2,-4,1,-14,-1,13,10,-6,-14,-6
492.2.a.c,492,2,0,0,-2,-4,4,-2,4,2,8,8,2,14,-2,-2,2,14,-16,0,-6,-4,-6,2,20,20,-12,8
492.2.a.d,492,2,0,0,2,2,2,4,-2,4,-2,6,0,2,-10,2,2,0,0,4,-14,0,12,-6,-12,6,4,-10
493.2.a.a,493,1,0,-1,-3,1,-2,3,1,1,-4,-2,1,1,-2,6,1,-9,-9,-6,8,-14,-10,0,3,8,16,2
493.2.a.b,493,1,0,-1,0,-2,-5,0,7,1,5,4,-1,4,-11,3,-5,9,-3,6,-1,4,5,3,-6,14,-8,2
493.2.a.c,493,2,0,2,-1,3,5,1,0,-2,-1,10,2,3,5,-5,-8,12,12,-28,17,6,11,-23,-1,6,-8,-4
493.2.a.d,493,4,0,2,3,3,1,15,-2,4,11,-2,-4,-15,5,3,24,-6,6,-40,-11,10,19,-5,11,34,16,-6
493.2.a.e,493,5,0,-2,-2,-1,-4,-14,-8,5,-8,-14,5,5,7,-4,-18,-5,-24,-13,10,-14,5,28,6,-29,-11,15
493.2.a.f,493,6,0,5,2,1,2,0,-6,6,-2,10,-6,-1,5,-4,8,9,-14,47,2,2,-25,-4,2,-13,11,-13
493.2.a.g,493,8,0,3,6,1,3,10,3,-8,-13,20,8,-7,-6,3,9,-2,9,45,-19,-10,10,21,-10,49,-29,-13
493.2.a.h,493,10,0,-5,-9,-4,-4,-19,-1,-10,4,-22,-10,-14,-9,-12,-35,-20,-15,13,-8,12,9,-22,-5,-45,7,3
494.2.a.a,494,1,0,-1,-1,1,-1,0,-1,-3,-1,6,-8,-8,-5,-2,-1,3,-2,-10,-14,-4,3,16,4,16,8,-10
494.2.a.b,494,1,0,-1,0,2,4,4,-1,2,1,-8,2,0,10,-2,12,4,-6,-12,14,-12,8,2,-16,-12,6,-2
494.2.a.c,494,1,0,-1,3,-3,3,0,-1,5,1,6,-8,8,-5,-10,7,-1,-10,6,-6,-4,-5,8,12,-8,0,-2
494.2.a.d,494,1,0,1,-1,-1,-3,-4,1,-3,-1,2,4,-8,1,10,-5,-7,2,-6,2,0,5,0,8,-12,0,-2
494.2.a.e,494,3,0,-3,-3,3,-6,-3,-3,3,3,3,-3,3,-12,21,0,-24,-3,6,24,0,-9,0,0,-21,21,-9
494.2.a.f,494,3,0,-3,-1,1,2,-1,3,-5,-3,-1,7,19,20,9,-8,4,15,2,-4,16,-1,8,8,-3,1,27
494.2.a.g,494,3,0,3,5,5,-2,-1,-3,-5,-3,-1,5,9,-12,3,4,8,1,6,-12,16,-3,-8,12,5,-21,-7
494.2.a.h,494,4,0,4,2,2,7,1,4,-8,4,5,-5,9,5,-15,-9,1,-19,-4,10,-16,-6,8,-12,-1,-9,-21
495.2.a.a,495,1,0,-1,0,-1,0,1,2,-6,-4,-4,-6,-8,-2,-2,4,12,2,-4,-10,-16,-8,14,8,4,-10,10
495.2.a.b,495,2,0,-2,0,2,-4,-2,-8,-8,0,0,-4,0,-4,-12,-12,0,-12,8,4,8,0,-8,8,12,4,-4
495.2.a.c,495,2,0,0,0,2,4,2,4,0,4,0,0,-8,4,0,4,0,12,0,4,16,0,4,-20,-24,12,-20
495.2.a.d,495,2,0,2,0,2,-4,2,0,8,-8,8,4,0,12,-4,-12,8,4,8,-12,0,-16,0,0,20,4,12
495.2.a.e,495,3,0,1,0,-3,0,-3,-2,2,8,0,10,8,-6,14,4,8,6,-12,-6,-4,-8,-14,12,0,10,22
495.2.a.f,495,4,0,-2,0,-4,4,4,8,-4,4,8,4,0,8,4,12,0,-16,24,8,0,16,8,12,-8,16,8
495.2.a.g,495,4,0,2,0,4,4,-4,8,4,4,-8,-4,0,8,-4,12,0,16,-24,8,0,-16,8,12,8,-16,8
496.2.a.a,496,1,0,0,0,-3,3,-2,-4,0,-1,-4,-6,-1,-10,7,10,-12,-4,-3,12,12,13,2,-6,-6,-10,1
496.2.a.b,496,1,0,0,0,-2,0,0,2,-6,-4,-8,2,1,10,-6,-8,8,-6,12,-6,12,-8,10,8,-8,-6,2
496.2.a.c,496,1,0,0,0,1,-3,-6,-4,0,5,4,2,1,-2,-9,-2,-4,12,-9,12,12,-5,-14,-10,-2,6,-7
496.2.a.d,496,1,0,0,2,-3,1,6,2,6,1,6,0,-1,-10,-9,-8,0,0,3,-10,4,15,14,-8,-6,12,-7
496.2.a.e,496,1,0,0,2,1,3,2,-2,-6,-1,6,4,1,-2,7,-4,-8,8,-3,-6,12,-3,-10,12,-2,-16,-7
496.2.a.f,496,1,0,0,2,2,0,-2,4,6,-4,0,-4,1,4,-10,2,8,4,0,0,-12,0,2,-12,14,-14,14
496.2.a.g,496,2,0,0,-4,3,-1,4,2,-4,7,2,16,2,-2,-3,-2,0,0,1,10,8,17,0,-4,0,6,-17
496.2.a.h,496,2,0,0,-2,0,-4,6,-2,0,8,0,-6,-2,10,12,2,-12,6,12,-2,-16,0,-20,-4,-6,12,4
496.2.a.i,496,2,0,0,2,2,4,-4,-2,6,0,2,10,-2,-4,14,2,4,-12,0,-6,-16,-4,8,10,12,10,-14
496.2.a.j,496,3,0,0,-2,-3,-5,-8,2,-4,-5,0,-20,-3,4,-5,-12,0,-2,5,-14,-12,-7,6,-6,8,6,21
497.2.a.a,497,1,0,1,-1,0,1,1,-3,-2,-4,-9,-1,4,-3,9,0,0,2,-8,5,0,1,-4,-10,9,8,5
497.2.a.b,497,2,0,-2,-2,0,2,-2,-2,0,4,-2,-2,-16,-6,-10,-8,0,-4,8,-6,-16,2,0,4,-10,24,-6
497.2.a.c,497,8,0,0,5,2,-8,-1,9,4,6,17,-5,20,1,-1,20,24,8,18,11,16,8,0,-10,-9,12,11
497.2.a.d,497,9,0,-2,-7,-4,-9,1,-15,-8,-14,-9,-1,-22,-7,-1,-24,-28,16,10,-25,-12,-9,-36,-14,-13,12,-15
497.2.a.e,497,15,0,2,5,0,15,5,5,-8,0,19,-5,10,17,-19,32,4,8,-20,-27,32,-15,6,30,-1,-18,-37
498.2.a.a,498,1,0,-1,1,-1,-4,3,-6,-4,-3,-1,4,-2,3,6,-12,0,-9,-7,-1,7,0,4,-4,1,5,10
498.2.a.b,498,1,0,-1,1,2,4,0,0,-2,0,-6,0,-4,10,-2,4,0,-14,12,-6,0,4,10,2,-1,-6,-10
498.2.a.c,498,2,0,-2,2,-3,1,0,7,3,7,9,0,13,-8,3,1,0,21,-18,16,7,-6,-8,4,-2,-12,-20
498.2.a.d,498,2,0,2,-2,-5,-3,-4,-7,-9,-3,-3,-8,5,8,-13,3,8,3,6,4,-3,18,-20,16,2,0,-16
498.2.a.e,498,2,0,2,-2,3,0,1,4,6,1,1,2,-2,5,8,-8,-4,3,3,-7,-13,-4,-2,-24,-2,-3,-8
498.2.a.f,498,3,0,-3,-3,0,-3,-3,-3,-9,6,-18,-12,-9,-9,-3,-3,-24,0,-3,3,0,-6,-12,0,-3,9,6
498.2.a.g,498,4,0,4,4,2,1,-1,7,1,0,-6,-4,-5,-3,-13,-1,-12,-14,-13,5,2,-14,-6,10,4,1,28
499.2.a.a,499,2,0,-1,0,-5,-2,-2,0,1,2,7,-9,7,6,-15,5,-18,-6,-21,1,-12,-4,-3,5,3,6,6
499.2.a.b,499,16,0,-5,-5,-20,-4,-18,-14,-25,-20,-15,-40,-16,-11,-51,4,23,-26,-19,-38,20,-36,17,-2,0,-58,4
499.2.a.c,499,23,0,4,1,25,2,10,14,18,4,4,57,5,11,56,-13,19,16,30,31,-26,8,-4,-9,25,62,-4
500.2.a.a,500,2,0,0,-1,0,-4,0,-9,-8,7,-2,-8,-3,-14,2,0,7,-3,-11,-1,11,-4,-9,-24,28,8,-9
500.2.a.b,500,2,0,0,1,0,4,0,9,8,7,2,-8,-3,14,2,0,-7,3,-11,-1,-11,-4,9,-24,-28,8,9
500.2.a.c,500,4,0,0,0,0,0,0,0,0,4,0,14,24,0,-6,0,0,0,-32,18,0,12,0,12,0,-14,0
501.2.a.a,501,1,0,1,-1,-4,4,4,6,0,4,-8,6,0,-6,0,-6,8,12,12,2,-2,-12,-2,-2,8,-6,10
501.2.a.b,501,5,0,-4,5,-9,-4,-15,0,-11,-16,-9,-1,-18,7,-10,6,-7,-9,-37,-2,0,13,-6,14,-5,-30,-9
501.2.a.c,501,5,0,0,-5,-1,-4,-7,-8,5,-20,1,-5,-18,-17,6,-10,-3,15,-17,-2,-24,1,2,-6,-7,0,-13
501.2.a.d,501,8,0,-3,-8,1,0,5,0,-7,24,1,-11,30,11,10,24,-3,-25,45,16,18,21,-8,10,7,26,-3
501.2.a.e,501,8,0,3,8,7,-4,13,0,11,12,7,1,-2,-9,4,2,17,9,29,-12,0,13,-20,8,33,4,-31
502.2.a.a,502,2,0,2,-2,-3,-4,-6,-2,1,-5,-12,5,4,1,-1,3,-9,-2,0,4,-4,9,8,-10,-17,0,16
502.2.a.b,502,2,0,2,2,5,-2,6,0,-3,1,-6,-7,0,-3,-9,13,-1,6,0,14,20,3,-12,-24,21,-12,-28
502.2.a.c,502,5,0,-5,-1,-6,-1,-4,-7,-8,3,-17,-15,-1,-5,-12,1,-19,-34,-10,0,-11,-1,3,35,3,15,-2
502.2.a.d,502,5,0,-5,2,7,1,7,4,6,-10,13,4,-13,16,6,-8,29,25,11,11,-6,15,-9,-29,-9,-9,-6
502.2.a.e,502,6,0,6,1,-1,6,1,-5,8,3,18,1,6,-13,4,-5,8,-3,-5,-61,-13,22,6,28,14,18,16
503.2.a.a,503,1,0,-1,1,-4,-3,5,1,0,8,9,-6,-2,2,-10,5,-1,-6,4,5,13,6,6,16,9,-6,10
503.2.a.b,503,1,0,1,1,-2,-3,1,1,0,-4,-3,0,10,-4,-2,5,-5,12,-4,-7,-11,0,-6,4,-3,0,10
503.2.a.c,503,1,0,1,3,-2,3,3,5,-8,4,-5,0,-2,4,-10,-1,-3,-12,12,-11,7,-8,-6,-4,15,0,-6
503.2.a.d,503,3,0,0,1,0,1,11,5,12,12,-12,-2,-10,2,2,5,19,14,-5,6,35,12,35,-7,-1,4,-23
503.2.a.e,503,10,0,-4,-8,-1,-5,-3,-18,-11,0,-2,-9,-22,-35,-4,-20,7,-24,17,-4,-6,-1,-31,-10,22,1,-57
503.2.a.f,503,26,0,4,4,9,11,-17,14,17,-22,27,13,26,55,24,20,-25,30,-26,15,-20,-35,38,21,-48,-5,142
504.2.a.a,504,1,0,0,0,-2,-1,-2,2,-6,-4,-6,0,-4,10,-2,-4,-4,12,-12,6,-4,14,-2,-8,16,6,-18
504.2.a.b,504,1,0,0,0,-2,-1,0,-2,-6,-4,4,-6,-8,-10,10,12,8,-6,-4,-10,12,-4,2,8,-4,-6,10
504.2.a.c,504,1,0,0,0,-2,-1,4,2,6,8,0,-6,8,-2,-2,-4,8,-6,0,-6,-4,8,10,16,-8,6,-6
504.2.a.d,504,1,0,0,0,-2,1,-6,-6,2,4,-2,-8,4,-6,-10,-4,4,4,12,-2,12,-6,-2,-8,0,14,-2
504.2.a.e,504,1,0,0,0,-2,1,0,6,2,4,4,10,-8,6,2,-4,-8,10,-12,-2,12,12,-14,-8,-12,2,10
504.2.a.f,504,1,0,0,0,2,-1,2,2,6,-4,6,0,-4,10,2,-4,4,-12,12,6,-4,-14,-2,-8,-16,-6,-18
504.2.a.g,504,1,0,0,0,2,1,6,-6,-2,4,2,8,4,-6,10,-4,-4,-4,-12,-2,12,6,-2,-8,0,-14,-2
504.2.a.h,504,1,0,0,0,4,1,0,0,2,-2,-8,-2,4,-6,2,8,4,10,-6,4,-12,0,-14,-8,-6,-10,-2
505.2.a.a,505,1,0,1,0,-1,0,-2,2,-6,0,-6,-6,8,2,2,-6,6,6,-6,2,-4,-8,10,4,0,2,-6
505.2.a.b,505,6,0,-3,-1,-6,-2,-11,-3,1,-18,-9,-7,-28,8,-25,22,-32,-7,-11,-11,29,-33,-17,-16,-8,-28,4
505.2.a.c,505,8,0,-5,-11,8,-12,-9,-7,-9,2,-21,3,-12,-16,-11,-24,-42,-3,-21,13,-43,-37,1,0,8,-8,2
505.2.a.d,505,9,0,2,1,-9,0,11,-1,11,-2,17,9,20,-10,7,-32,42,13,39,-1,-47,35,-5,28,26,38,-26
505.2.a.e,505,9,0,2,7,9,6,3,3,5,-2,19,7,12,6,13,12,34,5,23,-17,17,23,-27,-24,10,-10,16
506.2.a.a,506,1,0,-1,-2,1,-1,-1,3,3,-6,-1,-1,-7,-5,-2,-8,-1,-6,-10,-8,7,-5,4,11,12,6,2
506.2.a.b,506,1,0,-1,-2,3,5,1,-1,-3,2,-1,3,5,-7,-6,8,3,6,-6,8,-7,-9,-16,17,12,6,-10
506.2.a.c,506,1,0,-1,0,-3,3,-1,5,5,-2,1,9,7,3,-8,10,-7,10,12,6,-3,-7,-8,-5,14,8,-8
506.2.a.d,506,1,0,-1,0,-1,1,1,-7,3,-2,1,-3,-5,1,-4,-10,5,6,-8,2,-5,5,-4,-7,-6,4,16
506.2.a.e,506,1,0,1,-2,-1,-1,1,-3,-5,-6,-1,-7,1,5,-6,8,-1,14,6,-8,-7,3,8,-5,12,-14,-10
506.2.a.f,506,1,0,1,0,-3,-3,-1,-1,-1,-2,1,3,-5,3,4,-2,5,-14,0,-6,9,5,-8,-11,2,-4,-8
506.2.a.g,506,3,0,-3,3,-7,0,3,5,-1,15,-3,-5,-2,-11,16,-1,-6,-7,-3,4,10,4,4,2,-15,-48,-14
506.2.a.h,506,3,0,-3,3,3,0,-3,-3,-3,9,3,-9,6,15,-12,-3,6,-21,9,24,18,0,12,-6,3,-12,-6
506.2.a.i,506,4,0,4,-1,2,3,4,6,12,5,4,-4,-3,4,8,-15,-5,-7,-15,10,-3,-23,-8,-3,3,8,-6
506.2.a.j,506,5,0,5,1,4,1,-5,10,0,-1,-5,4,11,-2,-4,9,9,1,-9,-10,-15,11,10,7,-33,0,22
507.2.a.a,507,1,0,-1,-1,-2,4,-4,0,2,0,0,-10,-4,2,-6,-12,0,6,-12,-2,8,0,-2,8,-4,2,-10
507.2.a.b,507,1,0,-1,-1,1,-2,2,0,-7,6,-6,-1,-4,-1,-9,6,-6,-9,0,1,2,-6,-11,-4,14,14,2
507.2.a.c,507,1,0,1,-1,-1,2,-2,0,-7,-6,-6,-1,4,1,9,6,6,-9,0,1,-2,6,11,-4,-14,-14,-2
507.2.a.d,507,2,0,-1,2,3,3,4,0,1,-6,4,1,-1,-11,-1,5,0,11,14,16,-5,-28,12,15,10,-18,13
507.2.a.e,507,2,0,0,-2,0,0,0,0,0,0,12,12,0,0,0,2,0,24,0,2,0,0,0,-22,0,0,0
507.2.a.f,507,2,0,0,-2,0,0,0,0,12,0,0,12,0,0,0,8,0,12,0,-4,0,0,0,-16,0,0,0
507.2.a.g,507,2,0,1,2,-3,-3,-4,0,1,6,4,1,1,11,1,5,0,11,-14,16,5,28,-12,15,-10,18,-13
507.2.a.h,507,2,0,2,2,0,0,4,0,4,0,-8,4,8,4,-16,8,12,-4,-4,4,-8,-4,-12,0,4,-24,4
507.2.a.i,507,3,0,-3,-3,-6,-2,-5,0,-1,7,0,-2,16,-22,-11,-15,-7,-17,6,-13,-11,0,-6,3,-12,-1,5
507.2.a.j,507,3,0,-1,3,-4,-10,1,0,-7,-11,2,-8,-8,-14,-1,-3,9,-13,14,-13,-5,6,-18,-9,16,5,-5
507.2.a.k,507,3,0,1,3,4,10,-1,0,-7,11,2,-8,8,14,1,-3,-9,-13,-14,-13,5,-6,18,-9,-16,-5,5
507.2.a.l,507,3,0,3,-3,6,2,5,0,-1,-7,0,-2,-16,22,11,-15,7,-17,-6,-13,11,0,6,3,12,1,-5
508.2.a.a,508,2,0,0,-2,-4,0,1,-5,1,-7,-16,12,5,5,-13,2,-11,-14,-6,11,0,7,-7,-17,-22,8,-14
508.2.a.b,508,2,0,0,4,2,-2,5,7,-3,5,12,0,-3,-11,-13,-12,9,0,-4,3,-12,3,9,3,14,-18,-8
508.2.a.c,508,3,0,0,-3,0,-3,-6,-3,-6,-3,-3,-15,-12,-12,12,-3,-9,3,-6,-3,-3,-3,15,33,-6,9,15
508.2.a.d,508,3,0,0,1,4,7,2,-7,-2,-3,1,7,8,8,0,3,15,11,20,-19,15,-19,-25,-3,8,5,-21
509.2.a.a,509,14,0,-3,-5,-5,-17,-20,-6,1,-45,-4,-8,-17,-8,6,-45,4,3,-11,-11,-47,-15,7,-37,7,11,14
509.2.a.b,509,28,0,3,5,1,19,24,8,-1,61,-4,-6,19,6,2,59,-8,-11,15,19,81,9,5,63,19,-23,-4
510.2.a.a,510,1,0,-1,-1,-1,2,-4,4,1,-4,8,2,4,6,8,6,8,-2,-6,14,-2,2,4,0,-16,-2,0
510.2.a.b,510,1,0,-1,1,1,-2,4,0,1,4,4,6,-8,-6,8,2,-8,14,6,2,2,-10,4,4,-16,6,-8
510.2.a.c,510,1,0,1,-1,-1,-4,-4,-2,1,-4,-4,2,4,-6,2,-12,8,-2,12,2,4,-4,-14,-12,-4,10,18
510.2.a.d,510,1,0,1,-1,-1,2,0,4,-1,4,4,2,0,-2,-4,10,-8,2,-2,-14,2,-6,-4,-12,8,-10,8
510.2.a.e,510,1,0,1,-1,1,0,4,-2,1,4,0,-2,8,6,-6,-4,0,-10,-4,-2,4,0,-6,8,-12,-6,-14
510.2.a.f,510,1,0,1,1,-1,0,4,2,1,-4,4,2,-4,-6,-10,-8,0,6,-8,10,-8,8,-2,4,4,-14,-10
510.2.a.g,510,1,0,1,1,1,2,0,-4,-1,-4,0,6,-4,2,0,2,0,-6,6,-10,2,-6,-16,8,0,6,-4
510.2.a.h,510,2,0,-2,-2,2,0,0,4,-2,8,-8,12,8,12,4,8,0,4,0,4,-8,-8,-12,8,8,4,4
511.2.a.a,511,3,0,0,6,3,3,6,5,13,0,-3,-12,-13,3,-6,-6,3,-8,3,-18,13,11,-3,25,1,6,10
511.2.a.b,511,3,0,1,0,-1,-3,4,3,5,4,-1,16,9,11,-2,14,-1,8,3,0,-1,17,3,-9,11,14,-22
511.2.a.c,511,6,0,-3,-5,-6,6,-5,0,-13,-10,-3,-11,-10,2,-29,5,-29,-7,2,-2,17,3,6,-13,-2,-57,-7
511.2.a.d,511,6,0,-3,1,-2,-6,-9,-4,-13,0,-3,-35,-2,6,-27,-7,11,-17,-6,6,-15,-13,-6,15,20,-15,23
511.2.a.e,511,9,0,2,-1,7,9,-5,-1,14,0,-4,31,9,-3,59,-19,26,1,25,22,-24,-20,-9,-22,23,25,-7
511.2.a.f,511,10,0,4,-1,1,-10,5,-1,8,2,10,9,-17,-9,39,-7,-38,9,5,10,-22,30,10,0,-25,37,5
512.2.a.a,512,2,0,0,-4,0,0,-4,0,0,-12,0,0,0,0,-12,-12,0,0,20,0,-12,0,0,0,-4,0,0
512.2.a.b,512,2,0,0,0,-4,0,0,-12,0,0,0,-4,0,-12,12,0,0,4,0,-12,0,0,-24,0,0,-24,-16
512.2.a.c,512,2,0,0,0,0,-8,0,0,-8,0,-8,0,-16,0,4,0,0,0,0,0,0,8,-8,16,0,24,-8
512.2.a.d,512,2,0,0,0,0,8,0,0,-8,0,8,0,16,0,4,0,0,0,0,0,0,-8,-8,-16,0,24,-8
512.2.a.e,512,2,0,0,0,4,0,0,12,0,0,0,4,0,12,12,0,0,-4,0,12,0,0,-24,0,0,-24,-16
512.2.a.f,512,2,0,0,4,0,0,4,0,0,12,0,0,0,0,-12,12,0,0,-20,0,12,0,0,0,4,0,0
512.2.a.g,512,4,0,0,0,0,0,0,0,16,0,0,0,0,0,-8,0,0,0,0,0,0,0,32,0,0,-32,48
513.2.a.a,513,1,0,-1,0,0,-2,5,-4,-2,-1,-8,-1,-3,0,3,-10,9,-13,-4,5,-1,6,7,-11,-15,3,8
513.2.a.b,513,1,0,1,0,0,-2,-5,-4,2,-1,8,1,-3,0,-3,-10,-9,13,4,5,-1,-6,7,-11,15,-3,8
513.2.a.c,513,2,0,0,0,0,-8,0,-8,0,2,0,0,-14,-20,0,16,0,0,0,-2,-26,0,-14,-2,0,0,4
513.2.a.d,513,3,0,-3,0,-3,-3,0,-3,-3,3,-15,-6,6,-3,-3,-3,-15,-6,-21,-21,6,-12,-3,-21,-9,12,-3
513.2.a.e,513,3,0,-1,0,-5,1,-8,-1,-7,-3,-9,6,-2,-11,-5,9,-27,-2,1,7,-12,0,-3,7,-5,4,-23
513.2.a.f,513,3,0,1,0,5,1,8,-1,7,-3,9,-6,-2,-11,5,9,27,2,-1,7,-12,0,-3,7,5,-4,-23
513.2.a.g,513,3,0,3,0,3,-3,0,-3,3,3,15,6,6,-3,3,-3,15,6,21,-21,6,12,-3,-21,9,-12,-3
513.2.a.h,513,4,0,0,0,0,8,0,8,0,4,0,0,20,8,0,8,0,0,0,-4,20,0,-4,20,0,0,32
513.2.a.i,513,4,0,0,0,0,12,0,0,0,-4,0,0,8,-4,0,-4,0,0,0,-8,-16,0,16,-36,0,0,4
514.2.a.a,514,1,0,1,-2,-2,2,-4,-2,-2,-2,-8,-6,4,-2,2,-6,10,-10,0,10,12,6,6,4,2,-6,10
514.2.a.b,514,1,0,1,0,-2,-4,-4,-2,2,0,8,-2,8,-2,-6,0,-12,-2,4,-2,-12,-12,-6,8,-8,-6,2
514.2.a.c,514,2,0,-2,0,0,-4,0,-4,0,0,12,-4,8,-8,4,0,4,0,16,-4,0,12,-12,-4,0,0,-28
514.2.a.d,514,3,0,-3,2,4,6,10,-6,2,-2,-6,16,-4,10,2,-10,18,12,18,-4,-8,28,-2,26,-14,10,-2
514.2.a.e,514,5,0,-5,0,-4,-4,-14,2,-2,-8,-14,-16,-12,6,-20,6,-10,-12,-14,4,0,-18,22,-2,-2,-22,0
514.2.a.f,514,9,0,9,2,4,-4,12,6,10,2,-4,10,-4,8,-4,-4,-18,4,4,-6,-4,28,-6,-20,-8,34,-4
515.2.a.a,515,4,0,-1,-1,4,-3,-9,-11,-3,-8,5,-19,-4,-13,-21,4,3,1,3,-36,-4,5,-9,14,22,0,10
515.2.a.b,515,8,0,-2,-3,-8,-11,5,-23,-13,-12,-9,7,-4,-27,5,-2,5,-15,3,-42,0,23,-31,-14,-22,32,-40
515.2.a.c,515,9,0,1,3,-9,9,1,23,7,10,3,-9,12,26,-19,16,15,1,1,22,22,1,29,8,4,14,20
515.2.a.d,515,14,0,-1,1,14,9,3,21,-1,10,-7,15,12,20,25,2,-15,-9,-11,62,-18,-5,41,-4,-4,0,20
516.2.a.a,516,1,0,0,-1,-2,2,-3,-1,-3,-2,-3,-8,1,-8,1,1,0,-1,4,0,7,6,4,8,1,-14,-5
516.2.a.b,516,1,0,0,-1,3,-1,-1,7,-2,-5,8,3,8,-4,4,-1,7,4,12,0,-10,-6,-14,-4,-9,2,-7
516.2.a.c,516,1,0,0,1,0,0,-2,6,6,4,2,-8,0,6,6,1,-6,-6,-10,6,4,-16,14,-8,-6,8,-2
516.2.a.d,516,1,0,0,1,3,5,-3,-1,-6,-7,0,3,-4,8,-12,1,-3,12,-12,8,2,-6,-10,8,-3,-6,17
516.2.a.e,516,2,0,0,-2,-1,-1,5,-3,12,7,-2,15,-16,10,10,-2,-7,6,6,14,-6,2,0,4,9,2,-17
516.2.a.f,516,2,0,0,2,1,-1,10,-2,-1,7,-11,11,13,-16,-3,2,-11,3,8,-16,-7,0,2,-16,-2,-12,-20
517.2.a.a,517,1,0,0,3,3,-2,1,-2,4,4,-7,-6,5,3,-6,-6,-1,-6,5,-14,15,5,0,-12,6,-1,1
517.2.a.b,517,1,0,2,-1,-3,-2,1,0,-6,8,-5,-4,3,3,4,-6,1,2,-3,8,-11,-3,-4,2,-14,-1,-15
517.2.a.c,517,1,0,2,-1,3,4,-1,0,0,2,1,2,-3,3,-2,-12,1,-10,9,-10,-5,9,-4,-10,4,-13,-15
517.2.a.d,517,2,0,-2,-2,0,2,2,-6,0,-2,-4,4,-12,-6,8,-6,2,-8,-6,-8,-28,6,-8,22,2,-2,6
517.2.a.e,517,2,0,0,6,-2,0,-2,0,4,8,2,16,-2,-14,8,4,2,-8,-6,-8,2,-6,16,-8,0,14,2
517.2.a.f,517,2,0,2,0,0,-6,-2,-2,8,8,-2,-12,6,2,6,16,2,2,16,0,-6,12,4,6,2,-18,-6
517.2.a.g,517,2,0,2,4,-4,-2,2,2,4,-4,6,4,6,10,10,0,-2,-14,-16,12,18,20,-4,-6,-2,6,-30
517.2.a.h,517,3,0,-3,-4,-2,-1,3,-3,4,-2,-9,-6,-3,-15,-7,-2,3,-7,-6,26,11,-10,-10,-1,-19,-25,15
517.2.a.i,517,3,0,1,0,2,5,-3,5,-6,-12,15,10,5,-7,-3,6,3,29,-18,4,-1,18,-10,17,11,-1,-25
517.2.a.j,517,10,0,-6,-7,-3,-9,-10,-5,-16,-6,-22,-10,8,0,-17,-22,-10,-15,-31,-22,4,-27,10,-11,-13,30,8
517.2.a.k,517,10,0,3,2,4,7,10,-11,-6,-4,33,8,-21,-5,-15,8,-10,45,32,-10,13,-20,-36,1,31,-3,45
518.2.a.a,518,2,0,-2,0,0,-2,0,8,0,4,0,0,-4,2,12,12,0,12,-12,8,0,-12,4,-16,0,0,24
518.2.a.b,518,2,0,2,-3,-3,-2,-3,-7,-6,-2,-3,9,-13,2,-3,-6,-6,12,0,11,-15,0,-11,5,0,6,-12
518.2.a.c,518,2,0,2,2,0,-2,4,4,6,8,-4,-8,-2,-2,0,0,-8,0,4,-20,8,-4,12,4,2,-2,6
518.2.a.d,518,3,0,-3,-1,-3,-3,5,-11,-2,-10,7,-7,-5,-3,-1,-14,14,-14,8,-21,-23,12,-5,3,-6,18,-8
518.2.a.e,518,3,0,-3,1,3,3,-3,11,2,0,3,5,15,-3,-13,10,10,-2,2,1,17,-12,23,27,-8,-14,-20
518.2.a.f,518,5,0,5,1,-3,5,5,5,-6,8,5,-1,-7,5,-13,10,6,-18,-10,-1,13,8,-17,1,-8,-6,12
519.2.a.a,519,3,0,-2,3,-5,-1,-9,-3,-8,-3,-13,-8,5,1,-15,2,4,-3,1,6,-1,-5,15,-9,-15,-20,-9
519.2.a.b,519,3,0,0,-3,-3,-3,3,-3,-6,-9,9,-6,-15,-3,-9,-6,6,9,3,-12,3,-3,-9,-3,21,-18,-21
519.2.a.c,519,11,0,3,11,9,-3,13,-1,18,1,15,6,1,-13,17,-22,14,27,11,6,-21,9,1,-23,5,50,-1
519.2.a.d,519,12,0,-2,-12,1,3,-7,13,10,15,-19,6,13,21,41,14,4,-3,21,14,11,-13,11,7,-31,58,29
520.2.a.a,520,1,0,0,0,-1,0,-4,-1,-6,4,0,-2,-4,-6,-6,8,0,2,4,-10,12,-4,14,-16,12,2,-2
520.2.a.b,520,1,0,0,2,1,0,2,1,2,2,2,-6,2,-6,2,6,-8,-2,6,-14,0,10,-2,-4,12,-6,2
520.2.a.c,520,2,0,0,-4,2,-4,0,-2,-4,-8,-4,-8,0,-8,4,-12,4,-12,-8,8,-4,0,8,8,-4,-20,12
520.2.a.d,520,2,0,0,-2,-2,0,-6,2,0,-10,-6,-4,-6,8,-16,-2,-16,16,-14,-4,4,6,0,12,16,4,4
520.2.a.e,520,2,0,0,-2,-2,0,2,2,8,-2,2,12,10,0,8,-18,16,-8,-6,-4,-12,22,8,-20,0,-12,4
520.2.a.f,520,2,0,0,0,2,4,-4,-2,4,-4,8,8,-4,0,12,8,-4,12,4,8,-20,-12,0,0,4,12,-4
520.2.a.g,520,2,0,0,2,-2,0,6,-2,4,6,-2,8,2,-8,-4,-2,8,-4,2,0,12,-6,-24,4,8,20,-20
521.2.a.a,521,14,0,-2,-5,-3,-20,-14,-12,-5,-18,-14,-14,-39,-5,-9,-22,4,3,0,-28,-11,-27,-8,-80,16,11,24
521.2.a.b,521,29,0,1,3,-1,26,14,10,-3,22,24,12,49,5,-11,42,8,-11,-12,20,13,21,-6,150,-12,-35,-10
522.2.a.a,522,1,0,-1,0,-3,-1,0,2,3,5,6,1,-4,11,3,-1,3,-6,9,2,8,6,8,-16,12,6,-4
522.2.a.b,522,1,0,-1,0,-1,-2,3,-1,-8,0,-4,1,-3,8,-2,-11,-13,11,0,-8,-12,-2,4,15,-4,10,-2
522.2.a.c,522,1,0,-1,0,-1,1,-6,-4,7,-3,-4,1,0,-7,-5,-5,5,-10,-3,10,0,4,10,-6,-16,10,-8
522.2.a.d,522,1,0,-1,0,1,1,2,0,3,-1,4,-1,4,3,7,9,1,2,3,6,12,-16,-10,10,0,-6,0
522.2.a.e,522,1,0,-1,0,2,4,0,2,-2,0,-4,1,6,-4,-2,4,8,14,-6,-8,-12,16,-2,-6,2,-14,-14
522.2.a.f,522,1,0,-1,0,3,-5,-4,-6,-1,-5,6,-1,0,1,7,1,-13,-2,-13,-2,-4,10,-12,8,12,6,-12
522.2.a.g,522,1,0,1,0,-3,-5,4,-6,1,-5,-6,1,0,1,-7,1,13,2,13,-2,-4,-10,-12,8,-12,-6,-12
522.2.a.h,522,1,0,1,0,-3,-3,-6,0,-7,5,8,-1,-8,-3,5,3,-9,2,11,-6,0,0,-10,-2,0,-10,0
522.2.a.i,522,1,0,1,0,-2,0,4,6,2,4,0,1,-4,-6,-6,-12,8,6,-8,10,-4,8,2,4,0,-14,18
522.2.a.j,522,1,0,1,0,-2,4,0,2,2,0,4,-1,6,-4,2,4,-8,-14,6,-8,-12,-16,-2,-6,-2,14,-14
522.2.a.k,522,1,0,1,0,3,-2,1,3,4,-8,0,1,3,-8,2,7,-11,-1,4,4,-4,2,-12,-7,0,6,-6
522.2.a.l,522,1,0,1,0,3,-1,0,2,-3,5,-6,-1,-4,11,-3,-1,-3,6,-9,2,8,-6,8,-16,-12,-6,-4
522.2.a.m,522,1,0,1,0,3,5,-6,-4,-3,-1,0,1,-4,-1,9,-7,3,6,-3,-10,-4,-12,2,14,0,6,8
523.2.a.a,523,2,0,-3,-3,0,-2,0,-1,0,-2,9,-3,-1,-13,-12,-9,9,-9,-6,-6,-17,18,22,18,0,18,1
523.2.a.b,523,15,0,-6,-3,-19,-1,-7,-15,-22,3,-43,-33,3,-15,5,-7,-32,-70,-16,10,14,-35,-23,10,-22,-17,5
523.2.a.c,523,26,0,9,4,21,3,11,14,24,-5,36,42,-8,20,-1,2,25,119,-4,-4,3,-7,-19,-16,-12,7,-24
524.2.a.a,524,1,0,0,1,-2,-3,0,1,-4,-6,2,0,2,0,5,-3,6,3,-9,5,-10,-2,4,-8,12,-3,4
524.2.a.b,524,2,0,0,-3,1,-1,-5,-3,2,-2,-6,0,-16,0,-15,-11,-8,16,7,5,10,-4,8,-6,4,24,-2
524.2.a.c,524,4,0,0,1,-3,-1,-3,-1,-6,14,18,0,8,-4,3,5,-24,-6,3,-25,14,12,-4,14,12,-30,2
524.2.a.d,524,4,0,0,3,2,7,12,-1,10,0,-6,0,18,-2,-9,7,14,-20,-15,7,6,-16,14,28,-26,-4,12
525.2.a.a,525,1,0,-1,-1,0,-1,0,6,-2,-8,-8,-2,4,2,-6,-4,-8,-10,4,-2,-4,-12,2,8,4,-6,18
525.2.a.b,525,1,0,-1,1,0,-1,-6,-2,4,-6,0,-2,-10,-4,2,-4,0,6,-8,-2,-16,10,-6,4,8,6,-2
525.2.a.c,525,1,0,1,-1,0,1,-6,2,-4,-6,0,-2,-10,4,2,4,0,-6,-8,-2,16,10,6,4,-8,6,2
525.2.a.d,525,1,0,1,-1,0,1,4,2,6,4,0,-2,0,-6,2,4,0,-6,12,-2,-4,0,6,-16,12,-14,-18
525.2.a.e,525,2,0,-3,-2,0,2,-2,-6,2,-2,-10,-4,0,-2,-16,-12,-10,8,-6,-4,-8,-10,2,8,-16,2,-16
525.2.a.f,525,2,0,-1,-2,0,-2,-6,-2,-2,6,-2,-8,0,-6,0,-12,-14,8,-14,12,-24,-6,6,-8,-8,-6,16
525.2.a.g,525,2,0,0,2,0,-2,4,0,4,4,-8,-4,12,-4,-4,0,-8,16,0,-4,8,20,16,8,16,-4,-8
525.2.a.h,525,2,0,1,2,0,2,-6,2,2,6,2,-8,0,6,0,12,14,-8,-14,12,24,-6,-6,-8,8,-6,-16
525.2.a.i,525,2,0,3,2,0,-2,-2,6,-2,-2,10,-4,0,2,-16,12,10,-8,-6,-4,8,-10,-2,8,16,2,16
525.2.a.j,525,3,0,-1,3,0,3,6,6,0,6,-4,2,2,4,2,-4,-8,-14,16,-6,-8,6,18,12,-8,14,22
525.2.a.k,525,3,0,1,-3,0,-3,6,-6,0,6,4,2,2,-4,2,4,8,14,16,-6,8,6,-18,12,8,14,-22
526.2.a.a,526,2,0,-2,0,6,4,0,-4,6,4,-6,8,-6,-12,16,-12,-16,-6,6,0,18,0,-16,16,12,18,-8
526.2.a.b,526,4,0,-4,1,-5,-1,-8,0,-9,-6,-7,-9,5,0,-19,9,-13,-6,-16,-7,9,-19,-8,6,13,-14,-9
526.2.a.c,526,4,0,4,-5,-7,-5,-8,-12,-5,-12,3,-5,-11,6,-9,1,-7,6,-18,15,-1,-7,26,-4,-17,-18,17
526.2.a.d,526,5,0,-5,-3,1,-7,8,2,9,-2,5,13,5,6,21,9,23,12,32,3,-43,11,22,-36,-3,0,-15
526.2.a.e,526,6,0,6,3,5,5,4,0,1,6,5,5,-1,-6,5,-3,13,-10,10,-5,-5,-1,-14,-14,15,4,-23
527.2.a.a,527,2,0,1,0,0,2,-8,-2,-2,8,4,0,2,14,6,8,-16,14,-16,-2,4,-4,0,4,-8,12,6
527.2.a.b,527,5,0,-2,-3,-2,-4,-2,-15,5,1,-4,-10,5,-6,-4,-5,-8,10,3,-8,-34,21,-34,15,3,-25,-23
527.2.a.c,527,7,0,-1,-3,-6,-10,0,-9,-7,-11,0,2,-7,-16,-14,-1,4,-12,7,8,2,-11,-50,1,15,5,-61
527.2.a.d,527,11,0,-2,7,6,8,12,17,-11,-3,12,8,11,12,14,7,12,-18,11,18,-26,1,74,9,9,-33,59
527.2.a.e,527,16,0,3,3,4,8,-6,19,16,13,-12,-22,-16,18,-12,-13,24,4,3,10,42,-11,52,-21,9,19,85
528.2.a.a,528,1,0,0,-1,-4,2,-1,4,-2,0,6,10,8,-2,2,-4,2,4,0,-8,12,-2,-6,-10,-4,10,-2
528.2.a.b,528,1,0,0,-1,-2,-4,1,6,6,8,0,-6,0,6,-10,8,0,6,-4,-2,12,8,2,4,12,-6,2
528.2.a.c,528,1,0,0,-1,0,-2,-1,0,-2,-8,2,-6,0,-2,2,-4,6,-8,8,-4,-12,10,-6,10,4,10,-2
528.2.a.d,528,1,0,0,-1,0,-2,1,-4,-6,4,-6,6,-8,-10,6,-8,6,0,0,8,4,-6,2,-14,12,-6,14
528.2.a.e,528,1,0,0,-1,2,2,-1,-2,4,6,0,-8,8,10,8,2,8,-2,-12,10,-12,-8,6,2,-16,-14,-2
528.2.a.f,528,1,0,0,-1,4,2,1,0,-6,-4,6,6,0,6,-10,8,-6,-12,8,4,12,-10,2,-2,-12,-6,14
528.2.a.g,528,1,0,0,1,-2,-4,-1,-2,-2,0,-8,-6,8,6,-2,0,-8,6,4,6,4,0,-14,4,-12,-6,2
528.2.a.h,528,1,0,0,1,2,-2,1,6,-4,2,8,0,0,-6,0,-10,0,14,12,-14,-4,0,6,-2,-16,-14,-2
528.2.a.i,528,1,0,0,1,2,0,-1,2,6,0,-4,2,0,-10,6,8,4,-6,12,2,-4,-12,-14,-16,12,10,-14
528.2.a.j,528,1,0,0,1,2,4,1,-6,2,-4,-4,6,0,6,-6,-4,12,2,-12,-14,-4,12,-6,4,-4,10,-14
529.2.a.a,529,2,0,-1,0,2,-2,6,6,-6,4,0,-6,0,-2,2,0,0,8,4,-4,10,20,22,4,22,12,-22
529.2.a.b,529,2,0,0,2,0,-6,-6,2,0,6,0,6,-4,-12,-6,12,18,12,6,-12,12,18,-10,12,-12,-12,0
529.2.a.c,529,2,0,0,2,0,6,6,2,0,-6,0,6,-4,12,-6,-12,18,-12,6,12,-12,18,-10,-12,12,12,0
529.2.a.d,529,2,0,2,0,-2,-4,0,-6,0,-4,0,6,12,8,14,-12,0,-14,4,-2,8,-4,-2,8,20,-6,10
529.2.a.e,529,2,0,2,0,2,4,0,-6,0,4,0,6,12,-8,14,12,0,14,4,2,-8,-4,-2,-8,-20,6,-10
529.2.a.f,529,3,0,0,0,0,0,0,0,0,0,0,0,0,0,0,0,0,0,36,0,0,0,0,0,0,0,0
529.2.a.g,529,4,0,-4,-4,0,0,0,-4,0,0,0,-8,-16,0,-20,0,-20,0,-12,0,0,-12,16,0,0,0,0
529.2.a.h,529,4,0,-2,-4,0,0,0,-8,0,0,0,-16,-8,0,-16,0,-16,0,-12,0,0,-36,8,0,0,0,0
529.2.a.i,529,5,0,2,2,-7,-8,-13,4,-16,-10,0,7,5,7,9,0,-9,-2,-16,-4,17,-7,-18,-13,-13,-15,16
529.2.a.j,529,5,0,2,2,7,8,13,4,16,10,0,7,5,-7,9,0,-9,2,-16,4,-17,-7,-18,13,13,15,-16
530.2.a.a,530,1,0,-1,-3,1,-2,0,1,3,1,-3,-1,-8,-11,-8,2,-6,1,12,-8,-4,-3,-2,-17,11,2,3
530.2.a.b,530,1,0,-1,0,1,-2,0,-2,-6,-2,0,2,-2,-2,10,-10,-6,1,-12,-2,-16,-6,10,10,8,14,-6
530.2.a.c,530,1,0,-1,1,-1,2,0,5,3,5,-3,3,8,-7,12,2,-6,1,0,8,-4,-3,2,-1,15,-6,-13
530.2.a.d,530,1,0,1,-1,-1,-2,-4,-3,-1,-1,7,-9,0,-7,0,-6,6,1,-4,4,12,3,10,-15,9,-6,-9
530.2.a.e,530,3,0,-3,-1,-3,3,-1,-7,-12,2,12,-4,7,17,-4,14,-11,3,1,11,1,29,7,23,-15,3,-8
530.2.a.f,530,3,0,-3,3,3,5,-1,7,0,6,4,-4,1,11,-16,2,19,-3,1,-7,21,-13,3,5,-19,-13,12
530.2.a.g,530,4,0,4,1,-4,3,7,1,2,12,0,6,-7,5,-10,4,-27,-4,1,-19,-1,-13,19,5,-13,17,10
530.2.a.h,530,5,0,5,4,5,1,-1,0,5,-7,-1,-3,1,12,6,-8,-1,5,-31,11,19,-10,-15,-2,8,-33,13
531.2.a.a,531,2,0,-1,0,-2,1,-4,-2,-1,-5,-3,-5,-1,-9,1,-2,-11,2,2,-1,6,-4,3,10,-13,5,-4
531.2.a.b,531,2,0,1,0,0,-7,0,-8,3,-5,7,-15,-1,-7,-5,-4,15,-8,2,-13,8,-2,-5,-6,1,3,6
531.2.a.c,531,2,0,3,0,6,-7,2,0,3,-5,5,11,-7,-1,1,12,3,-2,-2,13,-4,-4,5,-6,9,-1,-10
531.2.a.d,531,3,0,0,0,2,9,2,4,-3,7,-1,11,13,-5,1,6,-11,-2,-3,-1,10,-26,7,2,3,23,14
531.2.a.e,531,5,0,-3,0,-8,2,-10,-4,-8,-6,-4,-20,-6,0,-8,-4,2,-20,-5,-14,-24,-12,-2,-8,18,-4,20
531.2.a.f,531,5,0,0,0,-2,2,2,8,1,6,8,-14,0,18,10,-4,20,10,-5,22,0,-3,-8,10,-6,-10,-22
531.2.a.g,531,5,0,3,0,8,2,10,-4,8,-6,4,20,-6,0,8,-4,-2,20,5,-14,-24,12,-2,-8,-18,4,20
532.2.a.a,532,1,0,0,0,-2,1,4,4,6,1,4,6,4,-10,4,-8,0,10,-4,14,-6,-6,-2,-10,-4,12,-12
532.2.a.b,532,2,0,0,-3,-2,2,1,0,-13,-2,-4,-5,-7,0,-11,8,-4,-13,-8,2,7,0,-13,4,27,-2,4
532.2.a.c,532,2,0,0,-1,6,2,-3,-2,3,2,0,3,1,10,-3,4,12,-3,6,-2,-5,-6,19,-20,15,6,-14
532.2.a.d,532,2,0,0,1,-4,-2,-3,-2,-5,2,-12,-7,-1,-12,3,0,6,1,22,-4,5,-12,5,0,1,-18,2
532.2.a.e,532,3,0,0,-1,2,-3,-3,8,9,-3,4,11,-5,4,11,-4,-2,9,-12,-2,-9,0,-21,6,-7,-18,28
533.2.a.a,533,2,0,2,2,0,4,0,-2,4,8,-12,4,6,-4,2,4,12,4,6,-2,4,-8,0,12,-22,-2,22
533.2.a.b,533,7,0,-2,-8,-2,-10,-2,7,-3,-16,-16,-5,-11,2,7,-40,14,5,0,-6,-9,12,0,-33,-23,19,-34
533.2.a.c,533,8,0,1,4,4,6,2,-8,-1,10,8,-5,17,14,8,20,-18,-19,20,8,21,-26,28,-33,51,-29,-10
533.2.a.d,533,11,0,-2,-8,-4,-18,-10,-11,-3,-32,8,11,-21,-18,-11,-24,-16,-5,0,-18,-59,-4,-30,1,-17,11,-12
533.2.a.e,533,13,0,0,10,0,10,2,13,9,22,4,1,1,8,-13,36,12,1,-18,12,27,10,24,29,-13,15,24
534.2.a.a,534,1,0,1,-1,-2,-2,-4,0,-2,-4,-6,0,2,4,-2,8,-8,10,0,0,12,-8,-2,-4,0,1,10
534.2.a.b,534,2,0,-2,-2,-4,4,-4,0,0,0,-4,-8,-12,-8,-12,-8,0,-4,-8,-16,4,8,0,8,8,-2,12
534.2.a.c,534,2,0,-2,-2,3,-2,5,-1,6,-3,-1,12,2,1,15,-9,8,19,-2,11,-2,6,-7,1,-22,2,5
534.2.a.d,534,2,0,2,-2,1,2,3,-1,6,5,9,0,10,-15,5,3,4,-7,-6,-5,-18,-2,-7,-15,26,-2,-11
534.2.a.e,534,4,0,-4,4,3,2,1,13,-2,7,1,0,2,7,-7,5,0,-1,10,21,2,-10,1,5,-10,-4,-7
534.2.a.f,534,4,0,4,4,1,4,3,-1,-2,-1,-7,-10,12,-3,-1,-3,-12,-15,2,-9,6,-10,9,1,-14,4,9
535.2.a.a,535,3,0,-2,0,3,-1,-7,-2,-7,-1,-6,-13,-6,-6,-7,-1,2,-4,-12,-11,13,-6,-5,7,2,-21,25
535.2.a.b,535,8,0,-4,-2,-8,-3,-9,-8,-17,1,-20,2,2,-12,-25,-5,-11,-34,2,7,-9,-6,-13,25,-17,-27,-21
535.2.a.c,535,9,0,5,2,-9,3,9,4,21,-1,18,5,-10,8,11,9,4,22,6,-49,11,30,15,-9,30,37,19
535.2.a.d,535,15,0,4,0,15,-3,11,-4,13,5,8,18,6,-8,19,-19,23,22,8,31,-3,-10,-23,9,-17,49,-5
536.2.a.a,536,2,0,0,-1,-2,-1,2,-5,-10,-3,4,-2,-12,7,-9,1,15,2,-8,-13,2,2,-8,-5,13,-4,-6
536.2.a.b,536,3,0,0,-3,-2,-1,-4,-5,5,-14,-9,-3,-8,-10,3,-5,0,10,-5,-1,-3,10,1,-5,-7,11,4
536.2.a.c,536,3,0,0,3,2,1,4,-5,4,5,8,4,10,9,1,-19,-13,-18,-20,11,-3,10,10,35,-27,38,-2
536.2.a.d,536,4,0,0,-3,-1,-2,-3,11,16,3,-8,3,-2,3,20,17,-6,17,3,-15,-4,-35,10,-10,-10,-22,6
536.2.a.e,536,5,0,0,4,1,7,5,6,-13,7,5,6,20,-5,-21,6,8,7,16,8,5,3,-15,1,3,-25,4
537.2.a.a,537,1,0,-2,1,1,-2,2,-1,3,5,4,5,-8,8,-8,9,3,14,5,2,3,12,4,10,-1,-15,-12
537.2.a.b,537,1,0,0,1,-3,2,6,-1,3,-7,6,9,8,2,0,5,-9,12,-3,-10,-13,-6,2,8,-9,-3,-4
537.2.a.c,537,1,0,0,1,1,0,0,3,3,5,4,-3,0,4,12,-7,7,-10,1,-2,3,6,-16,-8,11,-3,2
537.2.a.d,537,1,0,1,-1,0,-1,6,7,-2,2,6,6,-2,4,-9,6,-9,-9,11,7,12,-4,10,-11,9,0,6
537.2.a.e,537,1,0,1,1,4,1,2,-1,-6,2,-2,2,-2,-4,-5,6,-3,11,-7,-1,-12,0,-2,-5,11,-12,-6
537.2.a.f,537,2,0,1,2,1,3,4,-2,-3,-5,-4,11,-2,-10,7,-13,12,3,-10,5,15,-2,0,-13,2,17,2
537.2.a.g,537,2,0,4,2,2,4,-4,-2,6,-6,8,-6,0,0,0,2,-10,-4,26,-12,-10,0,-8,12,-2,18,0
537.2.a.h,537,6,0,-4,6,-10,-10,-4,-6,-22,-2,-24,-18,0,2,-8,-10,-10,-6,6,-4,-10,-2,6,-24,2,10,-6
537.2.a.i,537,6,0,-2,-6,4,-12,-4,-10,0,-10,-20,8,-16,-18,10,-26,-20,-6,16,-20,-14,-14,0,-28,8,12,10
537.2.a.j,537,8,0,2,-8,-6,15,-4,-1,0,4,14,-12,14,14,3,24,3,-3,-13,-11,-10,2,10,55,1,-26,2
538.2.a.a,538,2,0,2,-1,-5,-4,-4,-2,-4,4,-12,-5,6,-4,2,0,-7,0,7,-2,8,6,-8,-3,-6,5,-6
538.2.a.b,538,2,0,2,1,1,-2,6,10,-4,4,2,13,-12,0,-10,-10,-9,0,-5,-2,18,-6,0,-9,10,-11,2
538.2.a.c,538,4,0,-4,3,5,-1,7,4,4,2,16,0,-1,-2,-1,9,13,28,19,-20,15,15,-7,-17,6,20,3
538.2.a.d,538,7,0,-7,-4,-6,-3,-12,3,-8,-7,-22,-7,-3,-13,-11,-14,-23,-21,-20,13,-30,-23,9,11,-3,16,21
538.2.a.e,538,7,0,7,1,7,6,-3,-9,8,-11,12,-5,14,13,12,-11,2,19,-9,-3,-33,28,-14,2,-7,18,-4
539.2.a.a,539,1,0,-2,1,-1,0,1,-4,2,0,-1,0,-7,3,8,-6,-8,-6,-5,-12,-7,-3,-4,-10,6,-15,7
539.2.a.b,539,1,0,0,-1,-3,0,-1,4,6,-2,3,-6,-5,11,-6,8,0,-6,9,10,5,9,-2,-10,-12,3,1
539.2.a.c,539,1,0,0,3,1,0,-1,4,-2,6,-5,10,-1,-5,2,-8,-8,-6,-3,2,-3,1,-10,6,-12,15,5
539.2.a.d,539,1,0,1,-2,2,0,1,-4,-4,0,-4,-6,-10,-6,-4,12,10,-6,-2,0,8,-12,8,8,0,6,10
539.2.a.e,539,2,0,-2,0,0,0,-2,0,0,0,-4,-12,0,-20,0,-16,0,0,0,0,4,12,0,-16,0,0,0
539.2.a.f,539,2,0,0,-2,4,0,-2,-2,2,-4,-4,8,10,-8,18,16,-10,8,-2,10,20,-12,6,0,-4,-4,-8
539.2.a.g,539,3,0,0,-3,-6,0,3,-3,3,-9,0,-3,-9,0,-9,0,3,9,0,-12,0,-9,-6,-3,15,15,-45
539.2.a.h,539,3,0,0,-1,-2,0,-3,-11,-3,-11,12,-9,-3,-4,-5,2,-3,17,8,-24,-16,7,-20,3,-11,1,9
539.2.a.i,539,3,0,0,1,2,0,-3,11,3,11,12,-9,3,-4,5,2,3,17,-8,24,-16,7,20,3,11,-1,-9
539.2.a.j,539,3,0,0,3,6,0,3,3,-3,9,0,-3,9,0,9,0,-3,9,0,12,0,-9,6,-3,-15,-15,45
539.2.a.k,539,4,0,2,0,0,0,-4,0,0,0,-14,8,0,26,0,-8,0,-8,0,0,6,-26,0,36,0,0,0
539.2.a.l,539,10,0,2,0,0,0,10,0,0,0,4,12,0,40,0,-8,0,16,0,0,-4,36,0,8,0,0,0
540.2.a.a,540,1,0,0,0,-1,-4,6,-4,-3,-7,-9,0,-7,2,6,2,0,9,-12,-7,2,6,2,-1,9,-6,8
540.2.a.b,540,1,0,0,0,-1,-1,-6,-1,0,-1,-6,-6,8,-7,6,-4,-12,6,0,11,-7,6,11,-1,-6,12,-13
540.2.a.c,540,1,0,0,0,-1,2,0,2,3,5,-3,6,5,2,-12,8,12,3,-6,-7,2,-12,-16,-1,15,12,-16
540.2.a.d,540,1,0,0,0,1,-4,-6,-4,3,-7,9,0,-7,2,-6,2,0,-9,12,-7,2,-6,2,-1,-9,6,8
540.2.a.e,540,1,0,0,0,1,-1,6,-1,0,-1,6,6,8,-7,-6,-4,12,-6,0,11,-7,-6,11,-1,6,-12,-13
540.2.a.f,540,1,0,0,0,1,2,0,2,-3,5,3,-6,5,2,12,8,-12,-3,6,-7,2,12,-16,-1,-15,-12,-16
541.2.a.a,541,20,0,-5,-12,-17,-6,-40,-5,-10,-28,-17,-25,-31,-11,-35,-6,-29,6,-110,-14,-3,-27,6,-8,-60,-60,21
541.2.a.b,541,24,0,3,12,13,2,38,-3,14,24,15,17,17,-9,31,2,19,8,100,-12,-5,65,-22,-16,34,52,-11
542.2.a.a,542,1,0,1,-1,0,-5,0,-1,-6,4,-8,10,-3,2,5,-7,-4,-2,-9,8,-2,-16,-4,-7,6,3,4
542.2.a.b,542,1,0,1,2,2,0,-4,0,-2,6,-4,-8,0,2,6,2,12,-2,6,-2,8,-8,2,0,-4,10,-2
542.2.a.c,542,2,0,2,-2,-4,-2,-8,-6,8,-8,0,-8,6,-4,2,-14,0,0,10,0,-12,8,12,-6,4,2,4
542.2.a.d,542,3,0,-3,-1,0,-5,4,-7,-6,-4,-6,2,3,-12,-13,-15,6,-4,9,-18,-14,24,-16,-3,4,21,-12
542.2.a.e,542,3,0,-3,1,-2,1,-10,15,-2,4,-10,2,-3,4,11,7,2,10,7,2,14,16,-4,3,-18,9,4
542.2.a.f,542,3,0,3,3,4,5,4,-5,-10,-10,2,12,7,2,-13,-1,-4,2,-11,-8,-18,4,22,23,6,-23,-6
542.2.a.g,542,4,0,4,-4,-4,4,8,12,12,12,8,0,-4,0,-16,16,-16,-4,4,0,16,0,-20,-8,0,-32,-4
542.2.a.h,542,6,0,-6,0,2,10,2,0,12,2,10,-2,10,8,-12,38,-4,-2,-26,8,16,-36,10,-6,10,4,2
543.2.a.a,543,3,0,-2,3,-1,-7,-2,-9,-11,-10,1,-2,-9,5,4,-12,6,-3,11,-1,-9,21,-19,10,0,-20,-10
543.2.a.b,543,5,0,-1,5,3,9,-4,9,9,6,-5,-20,13,-5,-2,4,-2,19,-25,17,-9,9,7,2,14,-12,-8
543.2.a.c,543,7,0,-4,-7,-3,-1,-4,-11,-23,6,-15,-8,1,-13,-30,8,-16,-11,-5,3,-5,7,-37,14,2,-14,-42
543.2.a.d,543,8,0,3,-8,5,-3,4,13,27,-10,3,16,-1,3,20,-4,12,23,7,1,-25,11,23,-26,16,14,28
543.2.a.e,543,8,0,3,8,-2,-2,-2,8,12,8,0,12,-16,20,14,16,0,-22,20,2,16,-28,32,24,0,14,6
544.2.a.a,544,1,0,0,-2,2,-2,2,2,1,4,-2,2,10,10,2,4,0,6,4,2,-16,10,-6,6,-4,6,-14
544.2.a.b,544,1,0,0,-2,4,4,-2,2,-1,-8,8,4,4,-8,-2,4,0,-6,-4,8,-4,8,-6,0,4,-6,-2
544.2.a.c,544,1,0,0,0,0,-2,-4,2,-1,-4,-6,8,2,4,-2,4,-12,-6,-4,4,-4,6,-6,10,12,-10,-10
544.2.a.d,544,1,0,0,0,0,2,4,2,-1,4,6,8,-2,4,-2,-4,12,-6,4,4,4,-6,-6,-10,-12,-10,-10
544.2.a.e,544,1,0,0,2,2,2,-2,2,1,-4,2,2,-10,10,2,-4,0,6,-4,2,16,-10,-6,-6,4,6,-14
544.2.a.f,544,1,0,0,2,4,-4,2,2,-1,8,-8,4,-4,-8,-2,-4,0,-6,4,8,4,-8,-6,0,-4,-6,-2
544.2.a.g,544,2,0,0,0,-4,0,0,-8,-2,0,0,-12,0,-4,-12,0,0,-12,0,12,0,0,20,0,0,-16,28
544.2.a.h,544,2,0,0,0,-4,0,0,-8,-2,0,0,20,0,-4,20,0,0,-12,0,-20,0,0,-12,0,0,0,-4
544.2.a.i,544,3,0,0,-2,-2,-2,-10,-6,3,-4,-6,-10,-10,-10,6,8,4,-6,0,-18,8,-30,14,10,-8,10,-10
544.2.a.j,544,3,0,0,2,-2,2,10,-6,3,4,6,-10,10,-10,6,-8,-4,-6,0,-18,-8,30,14,-10,8,10,-10
545.2.a.a,545,1,0,1,0,1,-4,4,-6,-2,4,-8,-2,0,2,2,8,0,-6,-12,-2,-12,0,10,-16,-8,10,10
545.2.a.b,545,2,0,2,-4,-2,4,0,4,0,8,4,4,16,4,4,4,12,-20,8,-16,-12,-16,12,0,4,24,20
545.2.a.c,545,5,0,-3,-7,5,-8,-8,0,-5,-7,-13,7,-9,-12,8,-37,-14,-9,10,8,-6,6,-9,-8,-15,16,7
545.2.a.d,545,5,0,1,1,-5,-8,-4,0,-3,-11,-1,-5,-17,-2,-8,-11,4,3,4,-8,-20,-30,-1,-18,27,8,9
545.2.a.e,545,11,0,-3,1,-11,8,12,6,-9,5,5,3,11,16,-8,13,-22,19,10,24,46,30,-21,48,-61,-12,5
545.2.a.f,545,13,0,3,9,13,16,0,6,5,1,21,-5,11,-2,-12,27,28,3,-28,-8,28,-14,-1,46,41,-20,-9
546.2.a.a,546,1,0,-1,-1,-1,-1,-1,1,-1,7,3,-3,8,7,8,7,8,-10,4,7,2,4,-1,2,-6,14,-14
546.2.a.b,546,1,0,-1,1,-2,-1,-4,1,-2,-4,-4,-2,0,-2,2,4,-12,6,0,-10,4,-8,-6,8,8,-6,2
546.2.a.c,546,1,0,-1,1,1,-1,3,-1,5,1,3,5,4,-5,-8,-1,8,6,0,13,-10,8,-15,6,-2,-2,-2
546.2.a.d,546,1,0,-1,1,3,1,3,1,-3,-7,9,-9,-4,-7,12,-1,0,-6,12,-1,14,12,-7,-10,-6,-6,-10
546.2.a.e,546,1,0,1,-1,3,-1,1,-1,7,1,-7,3,0,-5,4,11,0,-14,4,1,-6,-12,5,-10,-14,-6,6
546.2.a.f,546,1,0,1,1,-1,1,5,-1,-3,-1,3,9,4,-11,0,-5,-8,-2,4,-15,-2,-12,11,10,-14,6,-14
546.2.a.g,546,1,0,1,1,2,1,-4,-1,6,-4,0,-6,-8,10,-6,4,4,10,4,-6,-8,0,-10,-8,4,-6,-2
546.2.a.h,546,2,0,-2,-2,-1,2,3,-2,-7,3,-3,9,16,-1,-2,3,0,20,16,-17,10,0,-3,10,6,-28,0
546.2.a.i,546,2,0,2,-2,-1,2,5,2,1,5,3,-1,0,15,-6,-1,-16,-4,-4,9,-2,-16,-9,6,-14,8,8
546.2.a.j,546,2,0,2,2,3,-2,1,2,-1,3,-7,1,-4,-11,6,-17,0,8,-12,1,-6,16,-3,-14,26,20,-4
547.2.a.a,547,2,0,-2,0,0,4,-10,6,-12,-2,-4,-14,4,-4,8,-16,22,-14,-12,4,-10,0,-2,-8,16,0,18
547.2.a.b,547,18,0,-4,-10,-27,-11,2,-25,-30,4,-26,-18,-5,-18,-17,8,-52,-60,-8,-26,12,-1,-2,18,-43,-28,-34
547.2.a.c,547,25,0,4,8,29,5,10,19,40,0,26,30,-5,26,9,-10,28,80,-2,22,-16,-1,2,-34,15,38,-2
548.2.a.a,548,4,0,0,-3,-4,-1,-1,-14,-8,-6,7,-7,-1,-20,-3,-7,7,14,2,-5,-16,4,-31,9,13,-2,-21
548.2.a.b,548,8,0,0,3,2,-1,3,20,8,14,7,3,-1,12,-3,7,-5,2,-2,11,0,-38,29,-9,-5,-14,41
549.2.a.a,549,1,0,-1,0,0,-2,4,-2,-2,-4,0,-6,-6,2,-4,-2,4,6,-12,-1,-10,-8,10,-6,4,2,-2
549.2.a.b,549,1,0,1,0,0,-2,-4,-2,2,-4,0,6,-6,2,4,-2,-4,-6,12,-1,-10,8,10,-6,-4,-2,-2
549.2.a.c,549,1,0,1,0,3,1,5,1,-4,-4,9,6,0,8,-5,-8,-4,-6,-9,-1,-7,8,-11,3,-4,4,-14
549.2.a.d,549,2,0,0,0,0,-2,0,10,0,4,0,0,16,-20,0,16,0,0,0,2,10,0,22,22,0,0,-20
549.2.a.e,549,2,0,2,0,2,-2,2,-6,12,4,2,0,4,-4,6,12,8,4,10,-2,6,-12,-10,-2,8,16,-12
549.2.a.f,549,3,0,-1,0,-6,0,-2,6,-12,-8,-2,-4,-8,-6,-2,0,-4,-12,-6,3,0,-14,-2,-12,8,4,18
549.2.a.g,549,3,0,-1,0,1,-3,-13,-9,2,0,-5,-4,-2,-6,-3,-14,4,2,-29,3,9,-14,-1,13,8,4,10
549.2.a.h,549,6,0,0,0,-2,2,8,6,-10,8,0,10,0,-4,10,4,4,2,16,-6,-2,18,30,6,12,-26,16
549.2.a.i,549,6,0,0,0,0,6,0,-6,0,12,0,0,8,36,0,8,0,0,0,6,18,0,-50,14,0,0,-4
550.2.a.a,550,1,0,-1,-2,0,-4,-1,5,0,-7,3,3,5,-4,12,5,0,6,12,-10,14,3,8,-4,-15,3,-13
550.2.a.b,550,1,0,-1,-2,0,0,1,-3,4,-1,-3,5,-3,12,8,5,8,10,8,10,-14,-5,4,-8,9,3,-3
550.2.a.c,550,1,0,-1,-2,0,0,1,2,-6,4,2,-10,-8,-8,-2,0,-2,0,-12,-10,6,0,-6,12,-16,18,12
550.2.a.d,550,1,0,-1,-1,0,1,-1,-2,3,-1,-6,-9,5,-5,-6,-8,-6,-9,6,5,-8,-9,10,14,6,-15,-8
550.2.a.e,550,1,0,-1,1,0,-3,1,-4,-3,-5,-4,5,7,7,-8,6,-8,-9,0,-13,12,-3,6,0,-4,-15,12
550.2.a.f,550,1,0,-1,1,0,-3,1,6,7,5,6,5,-3,-3,2,-4,2,1,-10,7,-8,7,-14,10,6,-15,12
550.2.a.g,550,1,0,-1,3,0,1,-1,0,5,-7,8,3,-5,1,-8,-10,0,1,12,5,4,-7,-2,-4,0,-7,-8
550.2.a.h,550,1,0,1,-3,0,-1,-1,0,-5,-7,-8,3,-5,-1,-8,10,0,-1,12,5,-4,-7,2,-4,0,-7,8
550.2.a.i,550,1,0,1,-1,0,-5,1,-2,-3,-7,6,-3,-7,7,6,-8,-6,3,-6,-1,-8,3,-2,-10,6,9,4
550.2.a.j,550,1,0,1,-1,0,3,1,4,3,-5,4,5,7,-7,-8,-6,8,9,0,-13,-12,-3,-6,0,4,-15,-12
550.2.a.k,550,1,0,1,2,0,0,1,-2,6,4,-2,-10,-8,8,-2,0,2,0,-12,-10,-6,0,6,12,16,18,-12
550.2.a.l,550,1,0,1,2,0,0,1,3,-4,-1,3,5,-3,-12,8,-5,-8,-10,8,10,14,-5,-4,-8,-9,3,3
550.2.a.m,550,1,0,1,2,0,4,-1,-5,0,-7,-3,3,5,4,12,-5,0,-6,12,-10,-14,3,-8,-4,15,3,13
550.2.a.n,550,2,0,2,1,0,-1,-2,-4,3,7,6,-3,1,-13,0,8,6,-9,6,-5,-16,3,8,-14,-6,3,14
551.2.a.a,551,1,0,-2,-2,-1,-1,1,2,3,1,8,1,-10,-8,-6,5,7,-12,-10,1,-2,-12,-9,12,-4,8,8
551.2.a.b,551,1,0,-1,1,-1,2,-3,-5,2,1,0,1,-7,2,0,-11,-9,1,8,0,-4,0,2,3,4,0,4
551.2.a.c,551,1,0,1,1,-1,-4,1,-1,0,1,-4,1,5,10,-6,-7,7,-3,-10,-8,10,0,-12,-9,-10,2,8
551.2.a.d,551,1,0,2,-2,-1,-1,-3,-2,-1,1,0,1,2,-4,-6,1,3,4,14,-3,2,0,11,-12,4,0,-8
551.2.a.e,551,2,0,-2,0,-2,-2,0,2,-2,-2,-8,-2,-4,-4,-6,0,12,6,-2,-12,-6,16,-10,-4,-2,2,-16
551.2.a.f,551,3,0,0,0,1,-3,-7,-4,-5,-3,8,-3,-4,-8,8,-3,-15,-4,6,-5,-4,-4,-15,0,28,-8,-6
551.2.a.g,551,16,0,3,4,-2,4,4,8,0,16,-8,-16,34,24,44,4,-16,-24,-8,10,26,-12,30,46,-50,28,32
551.2.a.h,551,18,0,2,-2,7,11,5,10,7,-18,12,18,0,14,6,1,1,2,-2,37,-6,20,59,4,26,-22,16
552.2.a.a,552,1,0,0,-1,-2,2,-2,-2,-4,0,-1,-10,0,-4,-6,-4,8,-6,4,8,-4,8,6,6,-6,-4,10
552.2.a.b,552,1,0,0,-1,0,-2,0,2,8,6,1,2,-4,6,10,6,0,12,4,-10,-6,0,2,-6,0,-12,6
552.2.a.c,552,1,0,0,-1,2,-4,-4,-2,-2,0,1,-2,0,-10,-6,8,-8,-6,-4,14,8,-8,-6,12,-12,-2,10
552.2.a.d,552,1,0,0,-1,4,2,0,2,-4,-6,1,10,4,-2,-6,-6,8,8,-4,-2,6,0,-14,-10,16,0,-18
552.2.a.e,552,1,0,0,1,-2,-4,0,-2,-2,-4,-1,-2,-8,2,10,-4,0,6,12,2,-12,-16,10,-4,0,6,-14
552.2.a.f,552,2,0,0,2,2,4,2,0,-4,2,2,-8,12,2,-4,6,0,2,-8,-10,2,0,0,28,-18,-16,0
552.2.a.g,552,3,0,0,3,0,2,4,6,4,6,-3,-2,-4,14,-2,-2,-16,-4,-12,22,2,-8,6,-26,-4,-8,18
553.2.a.a,553,7,0,-6,-3,-4,7,-13,-1,-12,-4,-27,-16,3,-4,-14,-11,-34,-16,1,1,-14,-26,23,7,-6,4,3
553.2.a.b,553,8,0,3,3,4,-8,3,3,14,12,17,-6,15,-2,8,9,34,2,21,11,14,-2,7,8,32,6,-39
553.2.a.c,553,11,0,-5,-5,-10,-11,-5,-11,-18,-8,-23,16,-11,-10,-16,-5,-56,0,-27,15,2,-2,-29,-11,-48,-18,1
553.2.a.d,553,13,0,7,1,4,13,15,-1,2,-4,29,16,-3,-10,-8,11,36,8,-11,-17,-14,22,-15,-13,62,-22,9
554.2.a.a,554,3,0,3,-2,-7,-6,-1,-6,-6,-8,0,-3,-15,-1,-7,8,-3,12,12,-7,13,6,-10,-7,19,-7,-13
554.2.a.b,554,4,0,-4,-2,1,-6,-8,-3,6,-22,8,0,-12,-5,-4,-7,-7,16,-10,-37,-9,0,-2,-9,-15,26,7
554.2.a.c,554,8,0,-8,3,-2,8,5,4,-4,21,-2,1,24,8,6,22,-11,-13,17,22,18,-2,32,15,-6,2,-11
554.2.a.d,554,9,0,9,-1,8,8,0,7,12,15,2,0,7,2,9,-7,-7,9,-21,22,-28,-16,8,-11,-16,-13,21
555.2.a.a,555,1,0,0,1,-1,-2,4,5,-2,6,6,3,-6,-1,0,-11,9,3,-1,-2,-8,12,6,12,-1,1,2
555.2.a.b,555,1,0,0,1,1,2,0,-1,6,2,-6,9,2,1,0,-1,9,3,-3,-10,-4,0,-10,-4,-9,3,-10
555.2.a.c,555,2,0,-3,2,2,-4,-3,-10,-11,-7,-8,-9,4,-2,10,5,-4,-4,13,-12,-1,3,1,3,3,12,-16
555.2.a.d,555,2,0,-1,-2,2,-6,3,-10,-5,5,4,-7,2,2,-22,-11,2,-4,-3,-6,-1,9,-17,-11,11,10,-12
555.2.a.e,555,2,0,-1,2,-2,-2,-9,-4,-1,3,-6,-13,0,2,-10,-3,6,-12,-3,0,5,-7,-3,1,-7,-8,18
555.2.a.f,555,2,0,1,-2,-2,0,1,-4,-3,-13,6,-11,-10,-2,-6,5,12,4,5,-18,-3,15,7,-9,-11,-18,6
555.2.a.g,555,2,0,1,2,-2,2,1,0,9,-13,4,11,0,-2,4,3,-4,0,23,12,-1,-3,-13,-3,5,6,-2
555.2.a.h,555,3,0,1,-3,3,4,1,15,7,-5,-4,2,4,-3,-8,4,-5,13,-16,8,13,-7,-1,-11,-12,19,26
555.2.a.i,555,3,0,2,3,3,-4,-1,4,5,-3,10,-7,-4,3,10,-9,-2,14,3,22,-7,-5,9,-9,15,-24,-6
555.2.a.j,555,5,0,-3,-5,-5,2,-1,7,1,13,-6,8,8,5,4,14,1,17,10,40,-13,-1,3,7,-6,-3,0
556.2.a.a,556,1,0,0,0,-1,-1,1,-3,2,-6,-6,-3,5,10,-2,-8,-8,6,-4,12,1,-15,4,15,-9,3,10
556.2.a.b,556,3,0,0,-2,0,-4,-13,1,-9,4,-3,1,-17,-1,-4,4,2,0,-10,-10,0,-9,-5,-17,14,3,13
556.2.a.c,556,7,0,0,4,-1,1,14,-2,3,8,23,-2,6,-6,3,-2,-5,-4,22,-22,-13,42,-21,4,19,22,-23
557.2.a.a,557,1,0,1,-1,0,2,-3,2,-2,-8,0,-5,-9,4,8,0,9,-2,-4,-6,-4,8,9,-14,18,0,17
557.2.a.b,557,1,0,2,2,0,5,-6,-4,-1,4,0,5,0,10,-2,3,6,8,-11,-6,11,-5,6,-5,-9,0,-7
557.2.a.c,557,18,0,-6,-15,-6,-23,-3,-26,-5,-32,-8,10,-23,-31,-9,-46,-28,5,-31,10,-78,-19,-30,11,-51,19,-73
557.2.a.d,557,26,0,1,16,4,14,10,30,0,36,4,-10,36,9,-7,39,19,-7,36,16,99,-14,15,2,32,-5,49
558.2.a.a,558,1,0,-1,0,-1,-2,3,-1,-3,-5,-4,0,1,-2,-2,-6,7,-14,-10,7,-7,3,-6,15,1,-10,13
558.2.a.b,558,1,0,-1,0,-1,0,-3,-1,-3,1,-2,-2,-1,-2,0,-4,-7,0,6,-9,3,1,-8,1,-5,6,-7
558.2.a.c,558,1,0,-1,0,2,0,0,2,6,4,-8,-2,-1,10,6,8,8,6,12,-6,-12,-8,10,-8,-8,6,2
558.2.a.d,558,1,0,-1,0,3,-4,3,5,3,-7,6,6,1,2,-12,8,-3,12,6,5,11,-3,-4,-13,-3,-6,-7
558.2.a.e,558,1,0,1,0,-3,-4,-3,5,-3,-7,-6,-6,1,2,12,8,3,-12,-6,5,11,3,-4,-13,3,6,-7
558.2.a.f,558,1,0,1,0,-3,-2,-5,-7,1,7,-4,8,-1,-6,2,-10,1,-6,10,1,-3,-3,14,-11,-7,6,-3
558.2.a.g,558,1,0,1,0,1,0,3,-1,3,1,2,2,-1,-2,0,-4,7,0,-6,-9,3,-1,-8,1,5,-6,-7
558.2.a.h,558,1,0,1,0,1,2,-3,3,-1,7,0,-4,1,-10,6,6,5,2,-6,3,-3,-7,-10,-1,-17,-6,5
558.2.a.i,558,2,0,-2,0,-3,2,1,3,1,-1,16,6,-2,0,8,-10,-5,4,-6,3,13,7,20,5,-5,-16,-9
558.2.a.j,558,2,0,2,0,0,4,6,-2,0,-8,0,6,2,10,-12,-2,-12,-6,12,-2,16,0,-20,4,-6,-12,4
559.2.a.a,559,3,0,-3,0,-3,-3,-3,3,6,-3,3,0,6,-3,-21,3,-27,-12,-15,-12,-21,-3,-3,-3,24,-33,-21
559.2.a.b,559,4,0,-1,1,-5,2,-11,4,-20,-1,-8,-20,-4,-3,-6,4,7,0,10,1,7,-19,-4,22,-27,17,-4
559.2.a.c,559,7,0,-2,-3,0,-1,-8,-7,-18,-2,-5,-18,-8,8,-29,-7,-2,-20,3,-1,18,4,9,-21,-5,-30,29
559.2.a.d,559,14,0,7,1,12,1,10,14,8,10,-5,24,-6,-2,39,-14,12,-18,19,5,-22,22,-3,-5,-11,64,-3
559.2.a.e,559,15,0,2,1,-2,1,16,-15,22,-4,19,36,-4,6,31,15,-14,28,-5,-15,2,4,23,3,3,28,-27
560.2.a.a,560,1,0,0,-3,-1,1,5,-3,-1,-6,-6,-9,4,2,-4,-10,1,4,8,-8,-12,-8,2,-13,4,4,-13
560.2.a.b,560,1,0,0,-1,-1,-1,3,5,3,-2,6,3,4,2,-12,10,-9,12,0,8,4,0,2,1,-12,-12,-1
560.2.a.c,560,1,0,0,-1,1,-1,-3,-1,-3,-2,6,-9,-8,-10,0,-2,3,0,-12,8,-8,0,14,-5,12,12,17
560.2.a.d,560,1,0,0,0,-1,1,-4,-6,2,0,0,6,-8,-10,2,-4,-8,-2,8,-14,12,16,2,8,-8,10,2
560.2.a.e,560,1,0,0,1,-1,1,5,1,3,6,6,-9,0,6,8,-6,-3,-12,-8,-4,4,-8,10,3,12,-16,7
560.2.a.f,560,1,0,0,3,1,-1,5,-5,-7,2,2,7,-4,-6,-12,2,-1,0,4,4,-8,0,6,3,4,0,13
560.2.a.g,560,2,0,0,-1,2,-2,1,1,11,6,2,5,4,0,6,6,-9,-18,8,-22,12,0,8,11,-24,2,15
560.2.a.h,560,2,0,0,1,-2,2,-7,3,5,-2,-2,-3,16,-4,2,6,-3,10,-16,6,8,-16,-12,-13,-4,18,9
560.2.a.i,560,2,0,0,1,2,2,-1,5,-5,6,2,1,0,12,2,-10,5,-2,8,6,-4,-16,-8,9,-8,6,-9
561.2.a.a,561,1,0,-2,1,0,-3,1,-4,-1,-2,6,-9,-4,2,-1,6,-9,13,-15,-14,-9,-14,-13,0,2,13,14
561.2.a.b,561,1,0,-1,1,2,0,1,-2,1,8,-8,6,8,6,2,8,-4,6,-8,10,4,0,-10,0,12,-14,-14
561.2.a.c,561,1,0,0,-1,-2,-3,1,2,-1,2,2,9,8,-12,-3,0,5,11,7,-2,3,-4,-13,8,16,15,16
561.2.a.d,561,1,0,0,1,-2,1,1,-6,-1,-6,-6,1,-8,-4,-3,8,9,-1,11,-2,11,12,7,0,-16,-5,-16
561.2.a.e,561,2,0,0,2,-4,-6,-2,0,2,-4,-4,10,-8,-20,6,-12,-6,6,-6,-8,10,-24,-2,-12,8,-10,-4
561.2.a.f,561,2,0,1,-2,4,1,2,-4,-2,6,2,-1,0,-2,7,8,13,-11,11,0,-17,16,9,-4,8,-19,-10
561.2.a.g,561,3,0,-2,-3,-2,-1,-3,4,-3,-12,4,1,-6,4,-13,-2,-21,-3,-21,18,-3,-18,21,-4,0,-19,-2
561.2.a.h,561,3,0,0,-3,-4,-7,3,2,3,-8,-12,-11,-14,18,-17,4,1,-13,1,-18,5,-12,-13,-8,-6,-13,16
561.2.a.i,561,3,0,1,-3,4,2,-3,-8,3,0,12,-2,24,-16,6,-10,20,-10,4,-6,2,2,-16,20,-6,-2,-16
561.2.a.j,561,4,0,1,4,-4,9,4,10,4,0,4,-11,2,2,-5,-6,-1,-13,-5,24,-3,-6,9,28,-24,3,16
561.2.a.k,561,6,0,-1,6,2,7,-6,8,-6,12,0,-7,14,16,3,8,13,5,13,-16,21,8,3,-4,-6,5,14
562.2.a.a,562,1,0,-1,2,2,4,2,-2,2,-6,-2,-2,-4,-2,10,-4,-6,2,4,-10,2,14,2,16,6,-6,18
562.2.a.b,562,3,0,-3,1,-1,-3,4,2,13,1,13,8,7,-3,-2,6,18,19,9,5,-12,-1,5,-9,8,-19,-13
562.2.a.c,562,3,0,3,-5,-5,-1,-2,-10,-11,-7,-5,-6,3,-5,-2,0,-8,-1,1,3,20,19,-3,19,-18,-19,3
562.2.a.d,562,7,0,-7,-5,-3,-7,0,-4,-17,-1,-13,-10,-9,1,-20,-10,-42,-23,-7,11,-14,-13,13,-1,-34,9,21
562.2.a.e,562,9,0,9,5,5,-1,2,10,19,3,-5,4,-17,-7,12,-8,-2,9,1,3,-10,-15,1,-21,12,13,-11
563.2.a.a,563,1,0,-1,-1,-4,-5,-4,2,-3,-3,-3,2,-2,-6,-10,-8,-3,2,-3,-1,-3,1,6,-12,-8,-14,-6
563.2.a.b,563,3,0,-1,-1,-6,-1,-4,-6,-1,1,13,6,-8,-10,14,-18,5,0,-3,-7,1,-15,-2,2,10,12,8
563.2.a.c,563,3,0,-1,1,2,-9,6,-8,-15,5,-7,2,-8,-6,4,-14,-19,0,-1,11,27,-19,-12,-2,34,0,-18
563.2.a.d,563,9,0,-2,-7,-3,0,-2,-18,9,-13,-16,-23,11,-48,-16,0,10,-32,14,-38,-52,46,-9,-17,-20,-9,-13
563.2.a.e,563,31,0,5,8,13,17,6,40,18,14,15,15,5,94,-2,50,1,50,-13,41,29,-19,29,15,2,-21,25
564.2.a.a,564,1,0,0,-1,-1,-1,3,-2,-6,-6,5,-5,-10,-3,-6,10,1,12,8,-10,-2,-10,-2,3,0,6,17
564.2.a.b,564,1,0,0,1,-3,-1,-3,-4,0,2,-9,-3,-4,5,-6,8,-1,6,6,2,8,-6,-4,-1,6,-6,-19
564.2.a.c,564,3,0,0,-3,3,3,-3,6,6,0,3,3,12,9,12,12,-3,0,-12,18,0,-18,6,-9,-24,-6,-3
564.2.a.d,564,3,0,0,3,5,3,3,0,4,-4,1,9,-6,1,12,-14,3,10,2,-2,-14,-6,-8,-21,-2,-10,9
565.2.a.a,565,1,0,1,-2,-1,1,4,4,1,-3,4,4,8,11,-11,-12,6,6,0,-3,-14,13,-1,8,15,-12,10
565.2.a.b,565,6,0,-3,-3,6,-4,-21,-2,0,-18,-6,-6,-23,1,-10,-9,-1,4,-9,-28,6,-32,17,1,-30,21,25
565.2.a.c,565,8,0,5,7,-8,5,15,0,9,3,16,2,-27,-10,17,23,1,-2,5,-13,30,-9,6,-47,39,27,7
565.2.a.d,565,10,0,-5,-5,-10,-6,-21,-4,-12,-2,-16,-12,21,-13,-2,-33,-37,-16,-41,40,-30,8,-11,7,-52,-11,-1
565.2.a.e,565,12,0,5,3,12,0,23,-8,4,20,6,10,17,-11,12,11,-5,10,17,14,0,20,-13,39,32,-3,-47
566.2.a.a,566,1,0,-1,0,0,1,-3,-5,4,-4,-1,7,0,-12,3,-4,-2,-2,-11,-1,10,8,-2,4,0,-9,-7
566.2.a.b,566,1,0,1,1,-2,3,0,4,8,7,-4,-6,-6,3,-7,-5,0,5,-6,-2,-5,-12,7,10,-2,-6,7
566.2.a.c,566,2,0,-2,1,-1,-5,0,-4,-4,-3,9,-14,-12,3,-8,-3,10,5,4,-18,-16,-1,-4,-28,14,15,27
566.2.a.d,566,2,0,2,-3,-1,-5,-6,0,0,-7,-9,0,-2,1,-4,-7,4,7,8,-4,16,-13,4,-10,-8,7,-1
566.2.a.e,566,4,0,-4,1,-2,-5,4,8,4,7,4,10,32,3,0,1,0,-1,4,12,12,-6,16,-2,6,-34,-11
566.2.a.f,566,5,0,-5,-3,6,11,0,-2,-6,9,-18,8,-16,25,9,15,0,19,-14,26,-3,4,7,14,-18,28,5
566.2.a.g,566,9,0,9,3,0,4,11,-3,-6,-1,19,1,20,-3,-1,11,-4,-37,-3,-7,10,2,6,16,-20,-9,-8
567.2.a.a,567,1,0,-1,0,1,-1,-2,-5,3,-2,6,-5,-6,-3,-10,-4,-6,-6,6,7,-2,-12,-15,14,18,-5,-18
567.2.a.b,567,1,0,1,0,-1,-1,2,-5,-3,-2,-6,5,-6,-3,10,-4,6,6,-6,7,-2,12,-15,14,-18,5,-18
567.2.a.c,567,3,0,-3,0,-3,3,-6,-3,-6,-3,-12,-9,-3,-3,0,-3,-3,-6,3,6,-12,-9,-21,-21,18,-12,-3
567.2.a.d,567,3,0,-1,0,-5,-3,-2,3,-12,-3,0,1,-3,-3,-22,-3,-9,-18,-9,-6,0,9,3,15,-12,-2,3
567.2.a.e,567,3,0,0,0,-3,3,-6,3,-3,0,6,-3,6,15,12,12,0,-12,18,-3,6,0,9,6,-12,-15,12
567.2.a.f,567,3,0,0,0,3,3,6,3,3,0,-6,3,6,15,-12,12,0,12,-18,-3,6,0,9,6,12,15,12
567.2.a.g,567,3,0,1,0,5,-3,2,3,12,-3,0,-1,-3,-3,22,-3,9,18,9,-6,0,-9,3,15,12,2,3
567.2.a.h,567,3,0,3,0,3,3,6,-3,6,-3,12,9,-3,-3,0,-3,3,6,-3,6,-12,9,-21,-21,-18,12,-3
567.2.a.i,567,4,0,0,0,0,-4,0,16,0,4,0,0,0,12,0,-16,0,0,0,28,16,0,24,-16,0,0,12
568.2.a.a,568,1,0,0,-1,2,5,2,-1,-2,-3,5,6,11,-2,-6,-11,7,6,6,-2,-14,1,-9,2,-12,-7,10
568.2.a.b,568,4,0,0,-4,-1,-5,-2,3,-10,-12,-15,-3,-13,3,-12,-10,-7,-2,0,32,2,-4,-2,-9,-1,-10,-16
568.2.a.c,568,4,0,0,-2,-7,1,-2,-11,-12,6,-9,-13,3,-19,2,0,-11,-8,-2,-20,24,4,6,13,-13,-10,8
568.2.a.d,568,4,0,0,5,-1,0,8,-4,10,11,2,-7,0,-5,0,13,10,-2,10,-26,6,4,-3,-7,23,23,-14
568.2.a.e,568,5,0,0,2,7,-1,0,11,6,-2,5,13,-5,7,8,-8,1,16,-4,22,-12,-5,-8,-15,-1,-4,-8
569.2.a.a,569,16,0,-3,-8,-6,-16,-7,-11,-8,-33,-10,-10,-61,-4,-12,-10,-9,8,-9,-42,1,-4,-3,-59,13,-3,-6
569.2.a.b,569,31,0,0,8,4,20,1,11,-2,39,12,-10,89,0,-6,26,33,-12,31,36,5,24,-1,57,-11,-25,4
570.2.a.a,570,1,0,-1,-1,-1,-2,4,-6,4,1,4,6,-6,10,4,12,4,-10,10,2,12,8,-2,10,2,-8,2
570.2.a.b,570,1,0,-1,-1,-1,2,-6,0,2,-1,4,-8,-8,-4,-4,-6,-12,6,-4,2,-8,0,6,8,4,-4,12
570.2.a.c,570,1,0,-1,-1,1,-2,-2,0,-2,1,-8,0,0,4,-8,-6,-8,-10,-8,2,0,8,-2,-8,-16,16,8
570.2.a.d,570,1,0,-1,1,-1,4,0,2,-2,-1,0,10,0,2,2,-4,0,-6,8,6,12,0,-14,0,-12,10,2
570.2.a.e,570,1,0,-1,1,1,-4,-4,-6,-6,-1,4,6,-8,2,10,-8,12,2,-4,-2,-12,-16,-14,8,0,-6,14
570.2.a.f,570,1,0,-1,1,1,2,0,2,0,1,0,-6,2,2,0,8,0,6,-6,2,-4,0,14,2,6,-12,-10
570.2.a.g,570,1,0,1,-1,-1,0,4,2,2,-1,4,6,4,-6,10,-4,-12,6,-12,-2,4,8,-6,-4,-12,10,2
570.2.a.h,570,1,0,1,-1,1,-2,0,6,8,1,-4,2,-2,-2,-12,4,12,10,6,-14,-12,-8,-10,14,2,0,2
570.2.a.i,570,1,0,1,-1,1,4,0,-6,2,1,8,2,-8,10,6,-8,0,-2,-12,-2,-12,-8,2,-16,-4,6,-10
570.2.a.j,570,1,0,1,1,-1,2,-4,6,4,1,0,-10,-2,-2,8,-8,0,-6,-2,2,4,0,-10,-2,-10,-12,-2
570.2.a.k,570,1,0,1,1,-1,2,6,-4,-6,1,0,0,8,8,-12,2,0,-6,-12,2,-16,0,-10,8,0,-12,8
570.2.a.l,570,1,0,1,1,1,-2,2,4,-2,-1,4,0,-8,8,-8,-6,-12,-6,0,2,8,-8,14,0,4,0,-12
570.2.a.m,570,1,0,1,1,1,4,-4,-2,-2,-1,-8,6,4,-10,-2,12,0,6,0,-10,-4,-8,2,-12,-8,6,18
571.2.a.a,571,1,0,-2,-2,-2,-4,-3,-5,-2,-2,-8,5,-7,-7,2,-1,6,2,-3,13,-14,10,2,0,-9,-12,-7
571.2.a.b,571,1,0,0,2,-2,2,5,3,0,0,4,9,5,-7,0,11,0,-12,9,-11,-16,2,-8,10,11,-4,1
571.2.a.c,571,2,0,0,4,1,4,5,-9,0,10,3,-7,5,1,-10,-3,20,6,23,-7,8,14,-16,0,-13,2,-3
571.2.a.d,571,2,0,2,-4,1,4,1,7,8,-2,7,9,-3,9,-6,-3,12,-6,3,9,8,-2,-20,-12,-5,10,-11
571.2.a.e,571,3,0,-2,0,-4,4,-1,-5,-4,-16,6,-13,7,9,-4,-5,-4,-2,-19,-3,-22,2,10,14,17,-22,5
571.2.a.f,571,4,0,2,2,4,-2,8,12,-8,4,4,24,0,-20,8,-12,-20,26,16,36,-10,-16,26,-12,-8,26,-12
571.2.a.g,571,6,0,-1,-3,-9,-3,-12,-5,-13,8,-1,-10,-20,2,-34,-14,8,-1,15,-31,21,-49,5,51,-23,-4,15
571.2.a.h,571,10,0,-1,-5,-13,-5,-3,-2,1,-3,-16,-34,1,-12,-16,19,-15,-38,-22,12,14,5,-9,-65,0,-27,2
571.2.a.i,571,18,0,0,4,26,-4,-6,6,20,-15,1,21,14,29,66,-14,3,39,4,-8,7,14,0,-14,4,15,28
572.2.a.a,572,1,0,0,1,3,2,1,1,0,2,-3,-6,-1,-7,6,8,12,-6,9,2,-7,-3,8,-4,-12,-15,-13
572.2.a.b,572,2,0,0,-3,0,-3,-2,2,-2,-7,-7,4,2,-4,7,-6,-12,-13,22,-2,-10,-14,-3,-16,-1,0,20
572.2.a.c,572,2,0,0,1,-4,3,2,2,0,-3,5,6,8,16,-7,16,-14,3,-10,2,16,-16,-11,14,-7,-18,-14
572.2.a.d,572,2,0,0,1,4,5,-2,-2,-8,7,5,2,0,8,-1,4,-2,-5,-2,14,4,0,-17,-2,15,10,10
572.2.a.e,572,3,0,0,-2,-1,-7,3,-3,-6,-3,-10,-14,-23,-11,-1,-14,8,5,-1,4,-9,7,3,4,5,25,-1
573.2.a.a,573,1,0,-2,1,-2,-2,-1,7,-4,0,-6,-1,-10,12,-3,-7,-13,-13,12,8,-5,3,-14,-9,0,2,-17
573.2.a.b,573,1,0,-1,1,2,2,0,2,-6,-2,8,8,-2,2,12,0,0,8,-4,-6,-8,12,-10,16,-4,-12,-6
573.2.a.c,573,1,0,2,1,2,2,-3,-1,0,-8,2,5,10,-4,-9,9,9,-7,-4,12,-5,9,-10,-17,8,6,-9
573.2.a.d,573,5,0,-3,5,-5,-5,-11,-15,-18,-4,-7,-16,15,-4,-14,-23,21,1,-16,-7,-8,-7,2,1,-14,-23,37
573.2.a.e,573,6,0,-1,-6,1,-9,-6,-8,4,-14,-7,3,-13,-8,9,-38,-12,-2,-4,-5,-13,0,-10,-12,-22,51,4
573.2.a.f,573,7,0,3,7,-1,1,13,-7,18,8,5,2,-15,-2,22,1,3,5,20,-27,16,-23,16,-15,12,19,-11
573.2.a.g,573,10,0,3,-10,1,11,8,8,-8,8,21,-7,7,18,-39,46,0,-6,-8,7,39,6,-12,12,0,-37,16
574.2.a.a,574,1,0,-1,-2,4,1,4,4,-2,-6,-8,6,4,2,-1,0,4,2,14,4,-8,8,-14,-8,6,10,6
574.2.a.b,574,1,0,-1,-1,1,-1,0,2,-5,-4,6,-9,3,-8,-1,7,-10,-13,-14,-5,4,-15,-6,-3,16,13,17
574.2.a.c,574,1,0,-1,1,-3,1,0,2,-3,-4,-6,-3,-1,-4,1,-1,-6,9,-6,-1,8,3,-10,-1,-12,3,-1
574.2.a.d,574,1,0,-1,2,-2,-1,-6,-4,-2,2,0,0,0,10,-1,4,8,-4,-8,10,-14,-12,-6,0,4,-14,-10
574.2.a.e,574,1,0,-1,2,2,1,-2,4,6,-6,8,-4,-8,10,-1,-4,8,-8,-4,-10,-2,12,10,0,0,18,-10
574.2.a.f,574,1,0,-1,3,-1,1,4,-6,3,4,2,1,9,-8,-1,-5,-6,-3,14,-11,-8,3,-14,7,16,5,1
574.2.a.g,574,1,0,1,-3,-1,1,-2,0,-3,-8,-4,-5,-3,10,-1,-5,6,-9,-10,13,-2,9,4,-11,-14,-1,7
574.2.a.h,574,1,0,1,-1,-1,-1,-6,-4,7,0,-8,1,5,-2,1,-5,-6,-3,-10,-3,14,3,8,7,-2,5,5
574.2.a.i,574,1,0,1,-1,1,1,2,4,3,0,4,-5,7,-2,1,-1,-2,-1,10,-13,-2,-3,4,-15,-6,-15,-7
574.2.a.j,574,1,0,1,0,-4,1,-2,-6,-6,4,8,-8,0,-2,-1,-8,0,0,2,-8,10,-12,10,16,-2,-10,-2
574.2.a.k,574,2,0,2,4,2,2,-2,-4,0,0,-4,2,-4,-4,2,4,8,-2,2,10,-10,12,-4,0,6,12,4
574.2.a.l,574,3,0,3,1,1,-3,6,0,-7,4,4,5,7,6,-3,-9,6,-7,-2,-13,22,7,-28,19,-14,23,-25
574.2.a.m,574,4,0,-4,-1,3,-4,4,-6,-1,2,6,17,5,-6,4,-13,6,29,16,21,4,17,12,-27,-18,37,-3
575.2.a.a,575,1,0,-2,-2,0,-1,0,-2,5,8,1,-5,-5,-7,-7,-4,2,1,3,-6,-13,13,-8,-14,3,-14,-14
575.2.a.b,575,1,0,-2,0,0,-1,2,2,-3,-2,-1,7,-5,-11,1,0,0,-11,-13,-8,-5,5,-6,-12,-9,4,14
575.2.a.c,575,1,0,-1,0,0,1,-1,1,0,-5,1,-5,-2,-4,-5,-9,-6,2,8,-8,8,-10,-3,-3,3,10,-2
575.2.a.d,575,1,0,1,0,0,-1,-1,-1,0,-5,-1,-5,-2,4,-5,9,6,-2,8,-8,-8,-10,3,-3,-3,10,2
575.2.a.e,575,1,0,2,2,0,1,0,2,-5,8,-1,-5,-5,7,-7,4,-2,-1,3,-6,13,13,8,-14,-3,-14,14
575.2.a.f,575,2,0,1,0,0,-2,-6,-6,-6,-4,-2,-6,0,-2,2,0,0,8,4,4,10,20,-22,-4,22,-12,-22
575.2.a.g,575,2,0,3,2,0,2,-2,8,4,2,2,-10,4,6,-6,6,-10,12,0,2,-6,-8,0,22,4,10,-10
575.2.a.h,575,4,0,-2,2,0,3,4,0,1,-4,4,19,-1,3,13,6,-6,-19,23,0,3,-3,32,2,21,0,18
575.2.a.i,575,4,0,0,-2,0,-6,2,-14,-14,-4,4,4,0,-2,-8,-4,-2,-4,0,-8,2,-24,-18,24,6,-8,-34
575.2.a.j,575,4,0,0,2,0,6,2,14,14,-4,-4,4,0,2,-8,4,2,4,0,-8,-2,-24,18,24,-6,-8,34
575.2.a.k,575,7,0,-1,0,0,3,-1,-3,10,15,-7,3,14,-10,19,5,-14,4,-16,40,-4,-14,-3,-1,17,16,-24
575.2.a.l,575,7,0,1,0,0,-3,-1,3,-10,15,7,3,14,10,19,-5,14,-4,-16,40,4,-14,3,-1,-17,16,24
576.2.a.a,576,1,0,0,0,-4,0,0,6,8,0,0,4,0,2,-8,0,0,4,0,10,0,0,6,0,0,16,-18
576.2.a.b,576,1,0,0,0,-2,0,-4,2,-2,-4,-8,6,-8,-6,6,4,0,-2,-4,2,-4,8,10,8,4,6,2
576.2.a.c,576,1,0,0,0,-2,0,0,-6,-2,0,0,-10,0,2,-10,0,0,14,0,10,0,0,-6,0,0,-10,18
576.2.a.d,576,1,0,0,0,-2,0,4,2,-2,4,8,6,8,-6,6,-4,0,-2,4,2,4,-8,10,-8,-4,6,2
576.2.a.e,576,1,0,0,0,0,-4,0,-2,0,-8,0,0,-4,10,0,-8,0,0,0,-14,16,0,-10,-4,0,0,14
576.2.a.f,576,1,0,0,0,0,4,0,-2,0,8,0,0,4,10,0,8,0,0,0,-14,-16,0,-10,4,0,0,14
576.2.a.g,576,1,0,0,0,2,-4,4,2,6,4,0,2,4,2,-2,-4,-8,10,-4,-6,-4,16,-6,4,12,-10,-14
576.2.a.h,576,1,0,0,0,2,4,-4,2,6,-4,0,2,-4,2,-2,4,8,10,4,-6,4,-16,-6,-4,-12,-10,-14
576.2.a.i,576,1,0,0,0,4,0,0,6,-8,0,0,-4,0,2,8,0,0,-4,0,10,0,0,6,0,0,-16,-18
577.2.a.a,577,2,0,0,1,6,-2,6,-1,-2,8,3,2,6,15,-10,4,3,5,-7,-1,9,-7,14,6,-15,-21,-27
577.2.a.b,577,2,0,3,2,0,-1,3,1,3,6,6,0,-2,-6,15,8,0,15,-12,-7,0,12,1,14,9,-24,-12
577.2.a.c,577,3,0,1,1,0,6,1,2,3,-7,-3,8,9,-24,2,4,0,23,-11,-18,30,-1,0,-14,-6,2,10
577.2.a.d,577,18,0,8,0,-2,11,11,1,14,-4,47,11,-8,21,6,0,54,-19,53,8,-28,24,-47,13,82,57,-7
577.2.a.e,577,22,0,-13,-8,-8,-20,-23,-13,-28,-9,-55,-15,-11,-14,-1,-24,-69,-46,-21,14,-29,-68,-10,-19,-42,-4,-6
578.2.a.a,578,1,0,1,2,0,4,-6,2,0,-4,0,0,4,4,-6,8,0,-6,0,4,8,0,-2,-8,0,-6,-14
578.2.a.b,578,2,0,-2,0,0,0,0,-8,0,-8,0,0,0,0,0,-8,-16,8,8,0,-24,0,0,0,8,0,0
578.2.a.c,578,2,0,2,0,0,0,0,12,0,8,0,0,0,0,0,-12,-16,12,12,0,-4,0,0,0,-28,0,0
578.2.a.d,578,2,0,2,0,0,0,0,4,0,8,0,0,0,0,0,8,0,-12,-24,0,-8,0,0,0,24,12,0
578.2.a.e,578,3,0,-3,-3,0,-9,0,0,0,0,-9,9,-18,-18,9,-9,0,-9,-9,-9,0,-9,-24,-6,-9,18,-9
578.2.a.f,578,3,0,-3,3,0,9,0,0,0,0,9,-9,18,18,-9,-9,0,-9,-9,9,0,9,24,6,-9,18,9
578.2.a.g,578,3,0,3,-3,-6,-3,-6,-12,0,-6,3,-3,0,-6,-9,-9,6,3,3,-3,-6,27,-12,6,-3,-6,-39
578.2.a.h,578,3,0,3,3,6,3,6,-12,0,-6,-3,3,0,6,9,-9,6,3,3,3,-6,-27,12,-6,-3,-6,39
578.2.a.i,578,4,0,-4,0,0,0,0,8,0,8,0,0,0,0,0,24,16,8,8,0,24,0,0,0,8,-32,0
579.2.a.a,579,1,0,-1,1,0,0,-6,-6,4,0,0,0,0,-10,0,-4,-6,4,0,-10,4,14,-2,0,-4,4,-2
579.2.a.b,579,1,0,2,-1,2,1,-1,6,7,-6,4,-5,0,10,-6,1,-9,1,8,-10,-15,-13,14,-6,10,-5,-19
579.2.a.c,579,2,0,-2,-2,-4,4,0,4,-4,0,-8,-4,-4,-12,-4,4,-8,-12,-8,-4,-8,-8,4,8,8,-20,0
579.2.a.d,579,3,0,0,-3,-4,3,-9,-5,0,-3,0,-13,5,5,-7,-8,12,-14,-6,-6,9,-4,12,3,-22,13,10
579.2.a.e,579,3,0,0,3,-6,-9,3,-3,0,-9,0,-15,-15,-9,3,0,18,-12,6,-6,-15,-18,12,-15,12,-21,-6
579.2.a.f,579,10,0,2,-10,8,-10,10,-1,1,1,4,38,-15,9,23,-13,37,29,10,12,0,37,-22,-1,-16,36,-7
579.2.a.g,579,13,0,2,13,6,15,3,11,-2,9,-8,5,25,29,-11,8,-12,14,10,6,25,0,8,7,-28,7,26
580.2.a.a,580,1,0,0,0,-1,0,-2,-2,0,-2,-8,1,2,-4,-10,4,12,-6,-12,-10,12,12,12,2,-4,-10,8
580.2.a.b,580,1,0,0,0,1,-2,-4,-6,-4,4,6,-1,0,-8,-2,4,-4,-2,8,10,-10,-8,0,8,-6,6,-12
580.2.a.c,580,3,0,0,2,-3,-4,8,-2,2,8,0,-3,4,-10,10,14,-10,10,8,-22,-12,-8,-2,0,12,18,-38
580.2.a.d,580,3,0,0,2,3,2,2,2,10,2,-2,3,-2,14,2,-10,6,6,4,-10,-2,-4,2,-30,-14,2,6
581.2.a.a,581,7,0,-2,-3,-1,-7,-9,2,3,-19,-3,-6,-13,-17,-6,-21,8,-13,8,-7,-37,-12,10,-63,-7,14,17
581.2.a.b,581,7,0,0,-7,-5,7,-9,-18,-3,-29,1,-6,-21,-5,6,-11,16,11,-10,-21,-13,12,-2,-7,7,12,-3
581.2.a.c,581,13,0,0,7,5,13,3,20,-3,29,-7,4,25,-19,6,21,12,-11,12,23,21,4,30,29,-13,0,19
581.2.a.d,581,14,0,1,3,-5,-14,15,-14,5,31,13,2,5,7,4,35,-4,-5,14,11,25,12,-20,53,14,-4,-11
582.2.a.a,582,1,0,-1,-1,0,-2,4,-4,-2,0,-2,4,-4,-8,-2,-4,0,-6,0,-14,4,-10,-6,8,4,-6,-1
582.2.a.b,582,1,0,1,-1,-2,-2,0,-4,-4,-4,0,2,-8,4,0,-4,0,10,10,10,-4,0,2,0,-14,2,1
582.2.a.c,582,1,0,1,-1,0,-2,4,2,4,6,4,-8,8,-2,-8,8,0,6,-12,-2,10,-16,6,-4,4,18,-1
582.2.a.d,582,1,0,1,1,-2,0,4,2,6,0,4,-2,-8,-6,6,-4,-8,-10,4,6,-16,-4,10,8,4,-6,1
582.2.a.e,582,2,0,-2,2,-4,-2,-4,-4,-4,2,-14,-12,0,4,4,0,-12,-4,6,4,-14,6,0,-8,18,4,2
582.2.a.f,582,2,0,-2,2,4,0,4,0,8,-4,4,4,-4,0,0,-8,0,16,8,4,4,4,0,-20,-8,-4,-2
582.2.a.g,582,2,0,2,-2,0,8,-4,-2,2,6,2,-4,4,2,2,-8,12,-12,24,-16,-22,-14,-12,4,-4,-12,-2
582.2.a.h,582,2,0,2,2,4,0,0,-2,-6,2,-2,0,0,-2,-2,0,12,0,4,-16,10,10,-8,-24,16,-4,2
582.2.a.i,582,3,0,-3,-3,2,0,-4,10,2,0,-4,2,-4,22,-2,24,20,2,-8,10,4,-8,22,-4,0,-10,3
583.2.a.a,583,1,0,1,-1,4,4,1,1,1,-3,5,-3,4,-3,10,-6,-10,-1,-10,12,-4,3,-8,-7,-15,-6,-7
583.2.a.b,583,1,0,2,1,3,0,-1,4,0,-4,-3,6,-3,7,-2,-2,0,1,5,0,7,3,-2,6,-10,-1,-7
583.2.a.c,583,1,0,2,3,-3,2,1,0,6,-8,-5,-4,-5,11,12,-2,-8,-1,13,-8,-3,1,-4,-10,2,7,1
583.2.a.d,583,2,0,-2,0,0,-2,-2,-6,0,-4,8,-2,8,10,-6,-10,-16,-2,-10,-10,12,8,4,-8,-8,-22,-10
583.2.a.e,583,2,0,0,-2,-6,4,-2,0,-4,8,-6,8,-2,-18,-4,12,-20,-2,-6,20,-6,-2,-8,20,12,-14,-14
583.2.a.f,583,6,0,-2,2,-3,-11,-6,-3,-29,-3,-13,-20,1,-2,-11,-4,19,-6,9,-6,19,-10,-31,-11,-17,22,3
583.2.a.g,583,8,0,-2,-8,-11,-1,8,-3,-19,-5,-13,6,-17,-4,-19,2,-21,8,-3,-14,-19,2,-19,19,-33,-54,-27
583.2.a.h,583,10,0,3,-1,8,3,-10,3,31,11,10,4,2,-1,43,12,3,10,-4,26,-26,7,33,-7,55,33,2
583.2.a.i,583,12,0,1,6,10,-3,12,-2,28,4,5,7,-4,-2,11,-6,49,-12,-10,-30,8,-12,33,-6,14,33,57
584.2.a.a,584,2,0,0,1,-3,-4,1,-3,-4,-4,-1,-10,-2,-8,-4,4,4,2,16,-5,6,3,-2,-11,23,-8,-9
584.2.a.b,584,3,0,0,-3,1,-4,-9,-3,2,-8,-1,-4,-6,2,2,-16,-8,4,-4,-15,-10,7,3,-11,1,10,13
584.2.a.c,584,6,0,0,5,-1,4,13,1,0,12,7,0,8,4,-12,16,-14,-30,4,-1,26,7,-6,9,7,-12,7
584.2.a.d,584,7,0,0,-3,5,4,-7,7,10,4,7,12,12,18,6,6,-2,14,-30,21,-18,3,7,17,-37,-10,-7
585.2.a.a,585,1,0,-2,0,-1,-3,5,1,-5,2,1,-10,-2,-3,9,-4,-10,-9,0,-11,-4,-15,6,-11,-8,11,-9
585.2.a.b,585,1,0,-2,0,-1,3,1,-1,1,-2,3,2,-6,11,5,4,10,-11,-8,13,12,5,10,-3,12,15,17
585.2.a.c,585,1,0,-2,0,1,-1,-5,-1,7,-6,-3,-2,2,7,-9,-8,-10,-5,0,5,-4,-9,-6,-3,4,-11,-11
585.2.a.d,585,1,0,-1,0,-1,2,-4,-1,-4,6,0,-4,-10,-2,-6,-8,-8,-4,12,2,-10,0,-6,12,-4,14,-14
585.2.a.e,585,1,0,0,0,-1,-1,3,1,3,-4,9,6,2,-1,3,2,6,-9,12,5,-4,-9,14,-7,0,-15,5
585.2.a.f,585,1,0,0,0,1,-1,-3,1,-3,-4,-9,-6,2,-1,-3,2,-6,9,-12,5,-4,9,14,-7,0,15,5
585.2.a.g,585,1,0,1,0,-1,0,-4,1,-2,-4,-8,2,-8,6,6,-4,8,-6,12,-2,-4,0,-6,16,4,-10,18
585.2.a.h,585,1,0,1,0,1,-4,-2,-1,-2,-6,6,-2,-10,-2,6,10,-4,-2,-6,2,-4,-6,-6,-12,16,-2,-2
585.2.a.i,585,1,0,1,0,1,2,4,-1,4,6,0,4,-10,-2,6,-8,8,4,-12,2,-10,0,-6,12,4,-14,-14
585.2.a.j,585,2,0,-1,0,-2,-5,-1,-2,1,-2,-9,6,12,-9,-3,-2,-14,-3,-24,-1,2,-25,-12,-3,0,-9,5
585.2.a.k,585,2,0,0,0,2,4,6,2,0,-2,-6,12,10,-8,0,10,-12,0,6,4,-8,-6,-8,4,12,12,4
585.2.a.l,585,2,0,1,0,2,-5,1,-2,-1,-2,9,-6,12,-9,3,-2,14,3,24,-1,2,25,-12,-3,0,9,5
585.2.a.m,585,2,0,2,0,-2,4,-4,-2,4,4,0,0,12,0,12,-8,4,12,-12,-16,-4,-4,0,0,12,-12,-4
585.2.a.n,585,3,0,0,0,3,1,-1,3,1,6,7,-18,6,13,-1,0,18,-11,8,9,4,11,-6,5,-8,-11,-25
586.2.a.a,586,1,0,-1,2,3,0,2,-1,1,6,-7,1,-2,-4,0,0,7,-6,9,2,-9,10,7,-5,0,0,-5
586.2.a.b,586,1,0,1,-1,-2,-1,0,0,-2,-5,-9,-6,2,-3,10,12,3,-3,-4,3,-10,-6,7,12,16,-14,-7
586.2.a.c,586,1,0,1,-1,0,-3,-4,-4,-2,3,5,-2,4,-1,-12,-6,1,3,6,-7,12,4,7,-8,-12,-12,13
586.2.a.d,586,3,0,-3,-3,2,1,-4,-2,-6,-3,-3,-12,-16,-7,-4,-20,3,1,-32,-5,-14,-16,-3,0,8,6,35
586.2.a.e,586,3,0,-3,0,-6,0,-7,0,1,-6,-2,-14,8,14,-16,4,-8,-14,2,4,0,-8,16,-13,-8,8,0
586.2.a.f,586,5,0,-5,0,-4,-3,10,-6,8,0,22,22,-2,-14,12,3,-4,18,14,0,16,20,-22,6,19,-2,-22
586.2.a.g,586,10,0,10,-1,3,2,7,9,8,-7,10,27,2,13,6,-19,-6,15,-5,-19,-45,4,0,8,-21,14,2
587.2.a.a,587,5,0,-3,-2,2,-4,1,-20,4,3,-4,-18,-11,-6,-12,7,0,21,-12,2,-32,6,-38,-25,31,-10,23
587.2.a.b,587,13,0,-3,-2,-11,-15,-5,-21,-13,-18,-3,2,10,-69,13,-47,13,-59,17,-30,-4,7,11,22,-12,30,-65
587.2.a.c,587,31,0,6,2,7,19,2,51,13,15,1,14,9,85,-5,26,7,36,-13,24,66,-11,19,23,1,-14,56
588.2.a.a,588,1,0,0,-1,-2,0,2,-3,8,-1,8,4,3,-1,6,11,6,-12,4,-6,13,-10,-11,-3,2,0,10
588.2.a.b,588,1,0,0,-1,-2,0,2,4,-6,-8,-6,-10,-4,6,6,4,-8,2,4,8,-8,-10,-4,4,-12,14,-4
588.2.a.c,588,1,0,0,-1,0,0,-6,-2,0,4,-6,6,-8,2,-12,-4,-12,-6,0,10,8,6,10,-4,12,-12,10
588.2.a.d,588,1,0,0,1,-4,0,2,6,4,4,2,-2,0,2,0,-4,-12,-6,8,-6,-8,14,2,12,4,0,2
588.2.a.e,588,1,0,0,1,2,0,2,-4,6,8,-6,-10,4,6,-6,4,8,2,-4,-8,-8,-10,4,4,12,-14,4
588.2.a.f,588,1,0,0,1,2,0,2,3,-8,1,8,4,-3,-1,-6,11,-6,-12,-4,6,13,-10,11,-3,-2,0,-10
589.2.a.a,589,3,0,1,2,0,-2,8,-8,-2,3,-4,-12,-3,2,16,0,-22,4,14,-10,18,16,26,-4,16,10,-20
589.2.a.b,589,9,0,-4,-5,-10,-1,-17,-3,-5,9,-3,-26,9,-5,-29,3,-12,-14,-47,13,6,-41,11,-3,-17,-24,8
589.2.a.c,589,9,0,0,7,0,1,7,13,9,9,13,26,-9,-9,17,13,18,8,47,-13,-36,15,-25,23,-5,14,6
589.2.a.d,589,10,0,0,-7,-7,-2,-22,-1,-10,-10,-17,-18,-10,5,1,-8,-19,-6,-33,-24,-18,-15,8,-5,-21,-22,32
589.2.a.e,589,14,0,0,7,9,6,18,-3,8,-14,19,-4,14,-3,1,-18,37,-10,63,2,10,17,-16,-27,31,-20,4
590.2.a.a,590,1,0,-1,-2,-1,5,-3,-1,3,-4,0,0,8,11,-3,-1,6,12,1,2,-4,-3,2,-1,-3,6,2
590.2.a.b,590,1,0,-1,0,1,1,-5,-7,1,-2,4,6,-10,-7,-7,7,-4,12,1,-6,12,-13,-10,5,17,0,-12
590.2.a.c,590,1,0,-1,0,1,4,4,2,-6,4,0,-2,0,2,10,-4,0,6,-1,14,4,0,-10,8,-12,-14,-10
590.2.a.d,590,1,0,1,-2,1,-3,-5,1,3,-8,-4,-8,0,-3,-3,1,6,0,-1,-10,12,5,-6,15,-5,-10,-2
590.2.a.e,590,2,0,-2,-2,-2,-2,8,-4,-4,-6,0,-2,-10,0,-10,-6,6,-4,-2,0,-28,20,-24,0,14,-10,-18
590.2.a.f,590,2,0,-2,0,2,-2,-2,-6,-2,8,0,-4,0,14,10,2,0,-8,-2,8,-12,10,20,26,-14,-8,20
590.2.a.g,590,2,0,-2,1,2,-2,-1,6,12,-4,-13,8,12,2,-5,0,-3,3,-2,19,16,11,5,-25,10,6,21
590.2.a.h,590,2,0,-2,3,-2,2,1,6,0,8,7,0,0,2,-5,20,-3,-3,2,-11,4,-13,13,7,14,10,5
590.2.a.i,590,2,0,2,-4,-2,-2,-2,-6,-6,-4,-8,8,-12,-10,2,-2,-12,8,2,8,-4,6,12,-18,-10,20,-16
590.2.a.j,590,3,0,3,3,-3,3,0,9,-3,6,-3,-6,6,9,-12,-15,3,-3,-3,-3,0,-6,-3,0,-15,-6,3
590.2.a.k,590,4,0,4,3,4,4,1,2,-8,-2,1,6,14,-10,-7,10,-7,-9,4,9,-12,-1,-1,-1,8,0,-3
591.2.a.a,591,1,0,0,-1,0,1,2,0,-4,-7,-5,-3,-4,-1,-1,1,11,-6,8,-7,-4,0,0,-8,-1,6,10
591.2.a.b,591,2,0,0,-2,0,-2,-4,-4,0,2,10,-6,-4,-10,-6,-2,-10,4,12,-2,4,0,-20,-12,14,-20,0
591.2.a.c,591,3,0,-2,3,-6,-1,-10,0,-6,-1,-3,-3,-6,-3,-11,7,-9,-10,-10,-1,-4,-4,-4,6,-17,-18,6
591.2.a.d,591,13,0,5,13,12,-1,20,-2,12,-1,13,7,-12,-9,17,-9,19,10,26,1,-14,20,-8,-12,23,54,-8
591.2.a.e,591,14,0,0,-14,0,7,4,8,4,15,-3,7,18,21,23,27,-19,12,-16,7,22,-4,18,2,-51,28,54
592.2.a.a,592,1,0,0,-1,0,1,-3,-4,6,-2,-6,-6,4,1,-9,-8,-3,-3,-12,8,4,15,11,10,-9,6,8
592.2.a.b,592,1,0,0,1,-4,3,-5,0,-6,-2,6,-6,-4,1,-9,-4,7,9,4,-8,12,-3,-5,-6,1,2,0
592.2.a.c,592,1,0,0,1,-2,-1,-1,-6,-4,8,-6,2,4,-1,7,-2,-9,-3,12,4,0,-7,7,0,-3,-12,-8
592.2.a.d,592,1,0,0,1,0,3,3,0,2,2,6,-2,4,1,7,-4,-1,9,-8,-4,-12,5,-13,10,1,-2,-12
592.2.a.e,592,1,0,0,3,-2,1,5,-2,0,0,-2,6,4,-1,-9,-2,9,1,-8,-8,-8,-9,-1,-4,15,4,4
592.2.a.f,592,2,0,0,-3,-1,-2,1,-1,-12,-4,3,3,-3,2,9,6,-2,-12,-14,-3,-11,-12,-21,7,-20,-4,-4
592.2.a.g,592,2,0,0,1,1,2,5,1,0,0,1,-3,-17,-2,17,6,-2,-8,14,19,9,12,3,-3,20,-12,8
592.2.a.h,592,2,0,0,1,4,-1,-1,4,6,6,4,0,10,-2,5,0,-17,7,2,-14,12,-15,-3,-6,-7,18,-10
592.2.a.i,592,3,0,0,-2,-1,-7,0,3,-4,-8,-9,-9,-17,-3,-16,4,-11,-3,2,15,5,5,-6,1,9,16,0
592.2.a.j,592,4,0,0,-2,5,1,-4,5,8,-2,9,7,1,4,2,-6,29,-5,10,-1,1,17,8,-15,-15,-20,2
593.2.a.a,593,1,0,-1,-2,2,2,-2,-6,2,4,0,2,0,6,10,10,10,-6,0,10,-2,4,-2,8,0,-6,14
593.2.a.b,593,1,0,1,1,-2,-1,-4,6,1,-8,-6,10,-6,-3,8,1,8,9,-12,-8,4,8,7,-10,0,-6,2
593.2.a.c,593,2,0,-1,6,-1,8,-7,-4,4,-1,0,-7,14,-8,10,-4,14,0,-9,11,10,-1,-6,-16,11,17,27
593.2.a.d,593,18,0,-6,-9,-1,-30,-3,-22,-9,-6,-23,-4,-28,-46,-1,-53,-40,-19,0,18,-88,-40,-9,-39,-16,32,-18
593.2.a.e,593,27,0,6,4,0,25,18,30,-8,11,27,5,24,43,-31,30,2,26,-7,-19,92,9,12,63,-23,-15,5
594.2.a.a,594,1,0,-1,0,-3,-4,-1,5,-3,8,9,6,2,-4,-9,-10,0,9,6,-1,5,12,2,11,-3,6,-7
594.2.a.b,594,1,0,-1,0,-2,-1,1,6,-5,-8,-1,-9,0,-3,9,-5,-9,4,-3,-2,4,0,-12,-7,2,2,19
594.2.a.c,594,1,0,-1,0,-2,1,-1,-2,-1,0,-3,-1,-8,1,-11,1,5,-4,3,-2,-12,-8,12,-17,14,2,-5
594.2.a.d,594,1,0,-1,0,1,4,-1,1,5,0,-3,-10,10,4,7,-2,8,5,6,-5,-3,4,-6,-17,5,14,1
594.2.a.e,594,1,0,1,0,-1,4,1,1,-5,0,3,10,10,4,-7,-2,-8,-5,-6,-5,-3,-4,-6,-17,-5,-14,1
594.2.a.f,594,1,0,1,0,2,-1,-1,6,5,-8,1,9,0,-3,-9,-5,9,-4,3,-2,4,0,-12,-7,-2,-2,19
594.2.a.g,594,1,0,1,0,2,1,1,-2,1,0,3,1,-8,1,11,1,-5,4,-3,-2,-12,8,12,-17,-14,-2,-5
594.2.a.h,594,1,0,1,0,3,-4,1,5,3,8,-9,-6,2,-4,9,-10,0,-9,-6,-1,5,-12,2,11,3,-6,-7
594.2.a.i,594,2,0,-2,0,-2,4,2,2,-2,0,2,12,-4,8,6,12,12,-14,12,18,-6,12,-4,10,2,-4,-18
594.2.a.j,594,2,0,2,0,2,4,-2,2,2,0,-2,-12,-4,8,-6,12,-12,14,-12,18,-6,-12,-4,10,-2,4,-18
595.2.a.a,595,1,0,-2,2,-1,-1,2,-1,1,6,9,6,5,-7,-5,-8,9,2,14,13,2,-8,-8,16,1,-6,-16
595.2.a.b,595,1,0,2,2,-1,1,6,1,-1,-6,-5,6,9,-5,-9,0,-1,-6,-6,-7,14,12,-8,0,15,-10,-4
595.2.a.c,595,1,0,2,2,1,1,-2,-1,1,2,-1,2,-5,-1,-3,4,1,6,6,-5,-6,16,4,4,-15,14,-4
595.2.a.d,595,3,0,-4,-2,3,3,-7,-9,-3,-1,1,-11,-9,-4,-11,-9,1,-23,5,1,-9,-11,-27,22,4,19,6
595.2.a.e,595,3,0,-2,-4,3,-3,1,-9,3,3,1,-13,9,-18,-15,-11,-7,-13,-15,-17,15,3,-15,12,-8,-9,-18
595.2.a.f,595,3,0,-2,-2,-3,3,-9,-3,3,1,-5,-23,1,-4,-11,17,-3,-19,-1,-13,1,-7,27,-20,-10,13,4
595.2.a.g,595,3,0,0,0,-3,-3,3,-3,-3,-15,3,-9,-9,6,-15,-9,-3,-9,3,-3,9,-9,15,6,-6,-27,12
595.2.a.h,595,3,0,2,0,-3,-3,-5,-1,3,-3,-7,15,11,8,27,-9,11,1,-7,27,-23,7,-7,-18,6,9,0
595.2.a.i,595,4,0,1,-2,4,4,5,3,4,-5,11,3,-1,20,9,-5,-9,5,-5,-11,7,-19,5,-10,16,-11,8
595.2.a.j,595,4,0,2,2,4,-4,-5,14,-4,-3,0,17,-8,-7,0,-3,6,15,9,-4,-3,-17,11,8,7,5,18
595.2.a.k,595,5,0,2,-2,-5,5,7,-5,-5,1,17,17,-19,-2,15,5,-5,27,9,5,-3,1,-7,-4,-30,17,-32
596.2.a.a,596,3,0,0,0,-3,-3,-3,-9,-3,0,0,-6,-12,-9,-6,0,-6,12,3,-9,15,15,-9,-9,0,-3,3
596.2.a.b,596,10,0,0,0,5,5,-3,15,5,0,6,10,24,19,12,-6,-2,8,-17,19,-17,-11,15,-9,-24,17,27
597.2.a.a,597,2,0,2,-2,0,0,0,2,2,2,6,8,8,0,-6,4,22,-8,12,-2,-14,0,-8,-12,12,0,8
597.2.a.b,597,3,0,-2,3,-1,-5,-4,-11,-7,-11,2,0,-1,-3,3,-14,-9,6,7,-4,-10,9,3,-5,-11,19,1
597.2.a.c,597,3,0,0,-3,3,3,6,-3,9,9,6,-6,-9,-3,9,18,-3,6,3,-12,6,15,3,-9,27,9,-15
597.2.a.d,597,11,0,-5,-11,-5,-5,-10,-9,-19,-11,-16,-14,-5,-5,-19,-34,-33,-22,-27,-14,-16,11,-13,11,-53,-5,17
597.2.a.e,597,14,0,2,14,1,11,0,15,5,19,6,-14,11,1,-17,38,-5,-12,9,14,10,-19,37,11,45,-25,3
598.2.a.a,598,1,0,-1,-3,-3,3,-2,1,1,6,1,-6,-4,-7,4,-9,-5,-12,14,0,-2,-3,-10,16,16,2,-14
598.2.a.b,598,1,0,-1,0,0,0,-2,1,-2,-6,1,-6,8,8,-2,-6,-8,-12,-4,0,10,0,-10,4,-14,14,-14
598.2.a.c,598,1,0,1,-1,-1,-1,-6,-1,3,-4,1,0,-8,7,-2,11,-11,-10,0,12,-2,-13,4,8,14,10,4
598.2.a.d,598,1,0,1,-1,3,3,2,-1,-1,-4,-1,0,8,3,-2,-1,-3,-2,0,-4,-10,3,-12,8,6,-14,-12
598.2.a.e,598,2,0,-2,0,2,4,4,-2,8,2,2,10,0,10,6,-10,6,22,6,-4,4,-18,6,0,-2,12,-6
598.2.a.f,598,2,0,-2,1,1,-3,-4,2,11,-4,-2,4,-8,-3,6,7,3,10,-2,14,-8,17,-4,0,2,-14,6
598.2.a.g,598,2,0,2,-2,-2,-6,-4,2,-10,-4,-2,-8,4,-6,0,-14,6,-8,16,8,4,14,-4,-24,8,4,0
598.2.a.h,598,2,0,2,4,0,0,4,-2,4,4,-2,0,-8,0,-4,4,0,-16,0,-8,4,0,-12,-8,12,20,12
598.2.a.i,598,4,0,-4,0,-4,-2,-6,-4,-8,4,-4,-14,4,-20,-18,6,-6,-6,-18,-8,-6,-10,10,0,-24,-18,40
598.2.a.j,598,5,0,5,2,-2,2,6,5,8,-2,5,2,4,-14,6,4,2,8,0,-12,6,2,2,-4,-2,-6,-14
599.2.a.a,599,2,0,1,-3,-2,0,-2,4,-3,0,1,8,-11,-12,0,13,6,-8,12,-20,-21,-9,-4,18,-8,4,-1
599.2.a.b,599,11,0,-3,-1,-2,-8,-5,-20,-16,-21,-3,-21,-3,-2,-14,-23,-2,17,-17,-40,16,10,-44,-40,38,-25,-27
599.2.a.c,599,37,0,1,4,6,12,3,26,27,39,-6,9,22,20,40,32,-8,-5,-7,106,-21,-31,88,26,14,47,40
600.2.a.a,600,1,0,0,-1,0,-4,0,6,2,4,8,-6,0,6,10,4,-8,-10,0,6,4,0,14,16,-12,2,-2
600.2.a.b,600,1,0,0,-1,0,-3,2,3,-6,-7,-6,-2,-5,-10,12,-3,10,0,-6,-13,-7,-4,6,-8,6,16,7
600.2.a.c,600,1,0,0,-1,0,0,-4,-6,6,-4,0,-2,-8,2,-6,-12,-8,-6,12,14,-4,8,6,-8,12,10,-2
600.2.a.d,600,1,0,0,-1,0,2,2,-2,-6,8,4,8,0,10,2,12,0,-10,-6,2,8,-4,-4,-8,-4,6,-8
600.2.a.e,600,1,0,0,-1,0,5,-6,3,2,1,2,6,3,6,4,-11,10,8,-6,3,1,-12,-10,-8,6,-16,7
600.2.a.f,600,1,0,0,1,0,-5,-6,-3,-2,1,-2,6,3,-6,4,11,-10,-8,-6,3,-1,-12,10,-8,-6,-16,-7
600.2.a.g,600,1,0,0,1,0,-2,2,2,6,8,-4,8,0,-10,2,-12,0,10,-6,2,-8,-4,4,-8,4,6,8
600.2.a.h,600,1,0,0,1,0,0,4,2,-2,-4,8,6,8,-6,-6,-4,0,2,4,-2,4,8,-10,-8,4,-6,-2
600.2.a.i,600,1,0,0,1,0,3,2,-3,6,-7,6,-2,-5,10,12,3,-10,0,-6,-13,7,-4,-6,-8,-6,16,-7
601.2.a.a,601,20,0,-5,-7,-12,-11,-34,-3,-13,-14,-47,-29,-26,1,-29,2,-37,-22,-21,-14,18,-88,4,-48,-1,-14,5
601.2.a.b,601,29,0,4,5,10,7,38,-5,9,2,61,27,16,-5,13,2,43,18,19,-24,14,126,-38,38,7,-8,-45
602.2.a.a,602,1,0,-1,-1,2,-1,5,2,0,-3,6,-9,9,9,0,1,12,2,-4,2,15,3,14,-4,-4,-3,-4
602.2.a.b,602,1,0,-1,0,-4,-1,0,2,6,4,0,2,2,2,-2,1,-6,-6,6,12,0,-8,4,4,18,-16,18
602.2.a.c,602,1,0,-1,3,2,-1,-3,2,0,1,6,-1,5,-7,-8,1,-12,-6,12,-6,15,-5,-2,4,-12,-7,12
602.2.a.d,602,2,0,2,-3,-3,-2,2,-6,-7,-7,-7,-1,-1,-7,-7,2,-3,4,8,0,10,10,-4,-7,12,-4,-9
602.2.a.e,602,3,0,-3,-3,1,-3,-2,-6,-1,-7,-3,15,-7,-15,3,-3,-1,-14,-12,-6,-26,10,-24,-11,0,24,5
602.2.a.f,602,3,0,3,0,3,3,-1,0,13,2,3,12,-18,12,-15,3,-11,-2,-36,-6,1,19,-14,-19,4,9,3
602.2.a.g,602,3,0,3,1,0,3,1,4,-8,-13,2,-7,19,-5,20,3,-4,2,2,0,27,-23,-6,24,-26,-15,8
602.2.a.h,602,3,0,3,2,6,-3,-2,2,2,2,-4,8,-2,8,2,-3,4,2,0,6,-18,-2,10,-8,0,4,10
602.2.a.i,602,4,0,-4,5,-1,4,4,2,-7,9,1,3,-11,17,-19,-4,17,8,-8,4,12,12,0,-3,8,2,11
603.2.a.a,603,1,0,-2,0,-2,-2,4,2,-3,7,-9,5,-10,-1,0,-2,1,-10,-9,-2,1,0,-7,-8,-4,-7,0
603.2.a.b,603,1,0,-1,0,2,4,-4,2,0,4,-6,4,8,2,6,4,2,10,-6,-2,1,6,-10,-8,-2,16,6
603.2.a.c,603,1,0,-1,0,3,-3,0,4,-2,-2,7,8,-1,-3,9,9,0,-1,9,14,-1,4,11,-16,-5,0,16
603.2.a.d,603,1,0,1,0,-2,4,4,2,0,4,6,-4,8,2,-6,4,-2,-10,6,-2,1,-6,-10,-8,2,-16,6
603.2.a.e,603,1,0,1,0,1,-5,4,-4,-6,-2,3,-4,-7,5,3,7,-8,5,-3,-2,1,12,-13,-8,-1,-4,-12
603.2.a.f,603,1,0,2,0,0,0,6,4,7,-5,1,-1,-4,3,0,-6,-9,-10,-3,2,-1,16,-7,8,4,15,4
603.2.a.g,603,2,0,1,0,-4,1,-2,-1,-6,-11,2,-10,0,3,-5,-9,7,0,12,-9,2,0,16,-11,-13,16,0
603.2.a.h,603,2,0,3,0,6,-1,0,-7,6,1,-6,6,-2,-1,3,3,15,18,-12,-7,-2,-12,-8,-7,15,0,2
603.2.a.i,603,3,0,-3,0,-1,1,-10,-8,0,-2,-3,-4,11,-9,-1,-3,-18,-7,-15,-2,3,-18,-19,28,7,6,-8
603.2.a.j,603,4,0,0,0,0,-8,0,-20,0,-4,0,0,-4,-32,0,-12,0,0,0,-20,-4,0,-4,16,0,0,4
603.2.a.k,603,5,0,0,0,3,7,0,10,5,5,2,-3,9,8,7,1,5,15,6,6,-5,-22,0,28,-9,11,-14
603.2.a.l,603,6,0,0,0,0,0,0,20,0,6,0,0,-20,10,0,-8,0,0,0,16,6,0,66,0,0,0,-20
604.2.a.a,604,3,0,0,-3,-3,-3,-9,-3,12,-9,-6,-21,3,-3,3,-6,-9,-6,-15,9,9,-18,3,9,-27,-24,24
604.2.a.b,604,3,0,0,0,-3,0,-5,-2,-11,-7,-4,7,-11,-1,-2,5,-19,-6,-23,-4,-4,-4,8,-2,16,42,3
604.2.a.c,604,6,0,0,3,6,5,10,1,1,4,10,2,16,4,-5,-5,16,-4,26,-1,1,22,-25,7,9,-6,-13
605.2.a.a,605,1,0,-1,-3,1,-3,0,4,0,4,-8,6,-2,-8,-5,5,-3,4,-2,-11,-13,2,-8,10,4,1,-8
605.2.a.b,605,1,0,-1,0,1,0,0,-2,-6,4,4,-6,-8,-2,-2,-4,-12,-2,4,10,-16,8,-14,-8,4,10,10
605.2.a.c,605,1,0,1,-3,1,3,0,-4,0,-4,-8,-6,-2,-8,5,-5,-3,4,-2,11,-13,2,8,-10,-4,1,-8
605.2.a.d,605,2,0,-2,0,-2,4,0,8,-8,0,0,-4,0,-4,-12,12,0,12,-8,-4,8,0,8,-8,12,-4,-4
605.2.a.e,605,2,0,0,-2,-2,0,0,0,0,0,0,0,-16,-16,0,0,18,12,-24,0,-10,-24,0,0,0,6,-20
605.2.a.f,605,2,0,0,4,2,0,0,0,0,0,12,0,8,20,0,0,-12,-12,0,0,20,0,0,0,0,-12,-20
605.2.a.g,605,3,0,-1,1,-3,1,0,-6,-4,-4,-6,-2,14,4,-9,-7,-15,-6,10,-3,19,6,12,-2,-18,11,-2
605.2.a.h,605,3,0,1,1,-3,-1,0,6,4,4,-6,2,14,4,9,7,-15,-6,10,3,19,6,-12,2,18,11,-2
605.2.a.i,605,4,0,-3,-2,4,-11,0,-7,-3,-12,-9,8,3,-3,7,-21,-3,-11,-7,-4,-1,-15,9,-6,-15,0,6
605.2.a.j,605,4,0,-1,0,-4,-3,0,-1,1,-20,5,-12,-5,7,-11,-19,5,-11,9,-12,-19,5,-11,-34,11,-8,32
605.2.a.k,605,4,0,1,0,-4,3,0,1,-1,20,5,12,-5,7,11,19,5,-11,9,12,-19,5,11,34,-11,-8,32
605.2.a.l,605,4,0,3,-2,4,11,0,7,3,12,-9,-8,3,-3,-7,21,-3,-11,-7,4,-1,-15,-9,6,15,0,6
605.2.a.m,605,6,0,0,6,6,0,0,0,0,0,12,0,0,0,0,0,42,24,0,0,30,0,0,0,0,-30,24
606.2.a.a,606,1,0,-1,1,0,-3,-2,-6,-1,-5,4,3,-2,-2,-12,13,8,11,-10,-11,-8,6,-2,-14,-4,-8,-7
606.2.a.b,606,1,0,-1,1,2,4,4,-2,-6,4,-8,2,0,-2,-10,4,-8,10,4,10,-4,-8,2,0,-4,14,2
606.2.a.c,606,1,0,1,-1,0,-1,2,2,3,7,8,-7,-2,2,0,1,8,1,6,-5,-12,6,-6,6,-16,0,-7
606.2.a.d,606,1,0,1,-1,3,2,2,-4,-6,4,-4,8,7,-4,9,-8,8,-14,-6,-5,3,-6,-12,-3,14,9,-13
606.2.a.e,606,1,0,1,1,-4,-5,-2,-2,3,-5,4,-7,-6,-2,8,-11,4,1,10,-5,8,-2,-10,6,-16,-16,-7
606.2.a.f,606,1,0,1,1,1,-2,2,4,-2,0,4,0,7,-12,-3,4,-12,-6,-10,-3,13,2,4,5,-6,5,3
606.2.a.g,606,2,0,-2,-2,-4,2,0,4,-6,-2,0,-10,-16,4,-16,-2,0,-6,0,2,16,-20,-24,-4,8,-8,-18
606.2.a.h,606,2,0,-2,-2,1,-5,4,-2,5,3,0,15,-3,2,15,-3,8,13,8,12,-1,0,18,-5,2,11,-4
606.2.a.i,606,2,0,2,-2,-4,-2,-8,-4,-6,-2,-8,2,-8,4,-8,14,0,-2,-16,-10,8,12,24,4,0,8,14
606.2.a.j,606,2,0,2,2,0,6,-4,0,-2,2,-4,-6,-4,8,0,2,4,-2,4,2,-4,-12,-4,-4,-8,-16,-2
606.2.a.k,606,3,0,-3,3,-1,0,-2,8,8,10,4,-6,7,8,15,10,4,-20,-2,7,9,14,-4,-3,2,-17,1
607.2.a.a,607,5,0,-3,0,-2,3,-13,5,-9,-1,-18,11,-2,-18,-15,-8,-16,-18,-20,-2,24,36,-14,28,-1,4,-31
607.2.a.b,607,7,0,-4,-5,1,-5,-1,-15,-20,0,-9,-17,19,-7,28,-19,-22,-7,12,-13,2,-37,-11,-16,24,-47,-9
607.2.a.c,607,7,0,-1,-2,-13,-4,-1,6,-19,4,-11,-15,-13,-2,-31,9,19,-30,4,19,-30,-19,5,-6,-40,12,21
607.2.a.d,607,31,0,9,7,16,2,17,6,52,-1,46,25,-4,19,24,6,21,75,-10,-2,-14,-16,14,-14,5,55,39
608.2.a.a,608,1,0,0,-3,0,1,-2,-1,3,1,-3,3,-8,-10,-12,-8,8,-9,5,10,-7,10,1,14,-6,-4,-6
608.2.a.b,608,1,0,0,0,-1,-1,3,-4,-3,1,-8,0,2,-8,0,11,-7,2,6,-1,-10,2,5,-2,0,6,-12
608.2.a.c,608,1,0,0,0,-1,1,-3,-4,-3,-1,8,0,-2,-8,0,-11,7,2,-6,-1,10,-2,5,2,0,6,-12
608.2.a.d,608,1,0,0,0,3,-5,-5,-4,-3,1,0,0,10,8,0,-5,5,-6,-10,-5,-10,10,-11,-10,0,-10,-12
608.2.a.e,608,1,0,0,0,3,5,5,-4,-3,-1,0,0,-10,8,0,5,-5,-6,10,-5,10,-10,-11,10,0,-10,-12
608.2.a.f,608,1,0,0,3,0,-1,2,-1,3,-1,3,3,8,-10,-12,8,-8,-9,-5,10,7,-10,1,-14,6,-4,-6
608.2.a.g,608,2,0,0,-1,-1,-6,3,1,-8,-2,-7,-3,-10,6,8,-15,-5,-13,13,9,5,-8,-2,-20,10,-6,6
608.2.a.h,608,2,0,0,1,-1,6,-3,1,-8,2,7,-3,10,6,8,15,5,-13,-13,9,-5,8,-2,20,-10,-6,6
608.2.a.i,608,4,0,0,-2,1,1,-7,10,5,-4,8,10,6,14,-2,-3,3,4,-20,-3,-8,30,9,-10,-4,-16,-6
608.2.a.j,608,4,0,0,2,1,-1,7,10,5,4,-8,10,-6,14,-2,3,-3,4,20,-3,8,-30,9,10,4,-16,-6
609.2.a.a,609,1,0,-1,-1,-2,1,4,-2,2,-4,0,1,-8,-10,-6,12,-8,6,12,-10,-12,-16,2,0,4,-6,-6
609.2.a.b,609,1,0,1,-1,0,1,0,-6,-2,0,-6,1,-4,6,-10,-10,8,10,-12,-8,12,14,16,-14,4,-6,-8
609.2.a.c,609,2,0,-2,2,-4,-2,-4,4,0,-8,-8,2,-8,-4,-8,-4,-4,-4,-16,16,-8,-8,8,-4,0,16,8
609.2.a.d,609,3,0,-3,3,-6,3,-10,-6,-12,-2,-4,-3,-12,4,-8,8,-2,-8,2,-14,0,-14,-20,-4,16,-28,-6
609.2.a.e,609,3,0,-1,-3,4,-3,-10,-2,4,-10,-6,-3,-20,-8,4,-2,2,4,6,0,-8,-24,-22,-26,4,8,-4
609.2.a.f,609,4,0,-2,-4,-2,4,0,4,4,16,-6,-4,16,0,8,6,16,0,4,14,8,6,-2,18,4,0,26
609.2.a.g,609,4,0,2,4,4,4,6,0,6,-2,4,4,4,-6,2,-16,6,-2,6,-4,-20,-2,6,12,16,2,-12
609.2.a.h,609,4,0,4,4,4,-4,0,0,0,4,4,-4,8,-12,8,0,16,4,4,0,-8,24,-36,32,24,0,-24
609.2.a.i,609,5,0,-1,-5,-4,-5,10,2,-12,2,6,5,16,8,0,18,-10,-8,14,0,0,36,14,26,-4,-4,-32
610.2.a.a,610,1,0,-1,0,-1,0,2,1,7,-1,6,1,-3,4,9,-1,11,2,0,1,13,0,-4,7,-6,-2,-12
610.2.a.b,610,1,0,-1,0,1,0,-4,-2,-2,-4,0,-2,0,10,-6,-4,-4,2,-12,1,4,0,2,-8,0,-14,18
610.2.a.c,610,1,0,1,2,1,0,-6,6,6,-4,4,-2,-10,2,-2,-12,-2,6,14,1,8,-10,-14,6,6,-6,10
610.2.a.d,610,2,0,2,-3,-2,-3,0,-8,-6,-5,-5,-7,7,-7,-1,-6,6,-5,0,2,10,3,-9,24,-19,-4,-9
610.2.a.e,610,3,0,-3,1,3,3,6,-5,5,2,7,10,8,-13,0,1,3,11,28,-3,-29,9,-1,9,23,-6,-9
610.2.a.f,610,3,0,3,2,-3,0,4,5,9,-1,2,-1,-7,-8,5,13,-3,-6,10,-3,-21,-10,8,-21,20,6,0
610.2.a.g,610,4,0,-4,-1,-4,-5,2,0,-14,3,-15,-5,-9,-1,-5,-6,-24,-11,2,-4,-14,-21,3,6,-17,8,23
610.2.a.h,610,4,0,4,-1,4,-3,8,-3,5,14,-7,0,6,3,6,-13,5,-9,-14,4,1,-19,-15,-7,1,16,5
611.2.a.a,611,1,0,2,3,-2,2,-3,1,3,-4,-4,4,-5,8,7,-2,-1,9,-14,6,3,-8,9,3,-18,-6,4
611.2.a.b,611,5,0,0,-2,-5,-3,-2,5,-4,-10,-1,-3,-4,-13,-2,-15,5,4,1,-30,4,11,-10,-4,-5,0,-13
611.2.a.c,611,9,0,-3,-2,-7,-7,-2,-9,-6,-18,3,-5,-20,-25,-12,7,-9,10,-17,-44,-4,9,-22,-16,19,-8,-47
611.2.a.d,611,14,0,0,0,11,5,8,-14,-6,18,7,1,16,25,1,7,14,-2,-3,56,26,9,32,-18,-39,4,29
611.2.a.e,611,18,0,-2,1,9,-1,-1,18,7,22,-1,9,29,7,-8,11,-18,9,17,66,-21,-5,-27,-1,39,40,-7
612.2.a.a,612,1,0,0,0,-3,2,-3,-1,1,-7,-3,-6,-4,2,-9,-1,12,-12,6,2,-4,0,8,14,12,6,-16
612.2.a.b,612,1,0,0,0,-1,0,-5,-5,-1,1,3,-2,2,-8,5,-9,-6,6,-6,-4,12,12,-2,10,2,-12,16
612.2.a.c,612,1,0,0,0,1,4,-3,3,1,1,-3,10,6,-4,-5,-1,2,14,6,8,-12,-12,2,-14,-6,-16,0
612.2.a.d,612,1,0,0,0,3,2,3,-1,-1,-7,3,6,-4,2,9,-1,-12,12,-6,2,-4,0,8,14,-12,-6,-16
612.2.a.e,612,2,0,0,0,0,-2,6,4,2,4,6,0,-2,16,12,4,0,-12,-12,-8,16,6,4,-14,12,-12,4
613.2.a.a,613,5,0,-4,-5,0,-2,1,6,-2,-8,-3,-16,-10,9,10,-22,-29,-12,-38,-5,-20,-26,-25,5,-35,15,14
613.2.a.b,613,18,0,-6,-13,-16,-8,-23,-21,-14,-11,-22,13,-4,-22,-39,14,-45,-15,-46,16,-28,-16,17,7,-58,-18,-8
613.2.a.c,613,27,0,8,18,14,6,20,3,14,13,27,3,6,-11,13,8,70,27,90,-19,28,14,-4,-32,129,23,-8
614.2.a.a,614,1,0,1,-2,0,-1,-3,-4,3,-1,-6,-6,-4,11,-3,-10,-12,9,6,14,2,9,-4,-16,0,6,14
614.2.a.b,614,1,0,1,0,-2,-3,-3,0,-1,-1,-2,6,-2,-3,5,2,6,-1,-8,-14,-8,3,14,-4,-4,-6,-2
614.2.a.c,614,3,0,-3,0,-2,-3,1,-6,1,-13,8,-10,-4,-7,-9,-10,14,1,4,-12,-12,-9,4,-16,20,6,18
614.2.a.d,614,4,0,-4,-1,3,4,2,3,8,-6,-14,-4,4,14,16,30,10,2,18,13,20,5,30,6,-32,-8,0
614.2.a.e,614,6,0,-6,0,0,-3,-6,12,-9,18,6,21,12,6,-15,-15,-24,24,-15,30,-15,-18,-6,45,6,-3,-15
614.2.a.f,614,11,0,11,3,-3,6,11,3,6,17,12,-3,2,-3,-10,19,-2,-21,-17,-7,1,-2,-14,27,6,-13,15
615.2.a.a,615,1,0,-1,-1,-1,0,2,0,0,2,-8,-10,4,2,-1,-4,-12,0,0,2,-8,14,-6,10,-12,-18,-16
615.2.a.b,615,1,0,0,1,-1,0,-1,-4,-3,-6,0,-5,-5,-3,1,-5,1,6,0,13,2,7,-7,-6,14,6,-6
615.2.a.c,615,2,0,-1,-2,-2,0,-5,0,-9,4,0,3,-1,-5,-2,3,-1,-14,4,-1,-2,-9,-17,-8,6,0,14
615.2.a.d,615,4,0,3,-4,-4,0,0,0,8,-10,22,4,-4,16,4,-18,22,14,0,-10,-14,2,-10,-2,10,-4,14
615.2.a.e,615,5,0,1,-5,5,0,9,0,7,-4,-2,29,-1,5,-5,-7,-11,16,16,3,-4,35,-13,-8,-16,22,4
615.2.a.f,615,6,0,1,6,-6,8,0,12,4,6,-2,4,4,16,-6,18,-18,-2,-4,-6,26,6,2,18,-2,-4,26
615.2.a.g,615,8,0,2,8,8,0,-1,2,-1,12,6,1,15,-1,8,5,-5,6,-12,29,-4,-7,21,-12,-20,4,-6
616.2.a.a,616,1,0,0,-2,2,1,-1,4,0,-4,4,10,2,10,0,4,-2,2,6,0,-8,12,-12,16,-4,-6,-10
616.2.a.b,616,1,0,0,-1,-1,1,1,0,-2,-2,-7,-10,7,-9,-2,-4,8,2,-15,-14,3,3,10,10,0,-11,7
616.2.a.c,616,1,0,0,0,-2,1,-1,2,-2,-4,-8,-2,-4,6,6,-4,-12,-10,8,10,4,-8,-2,-8,12,10,10
616.2.a.d,616,1,0,0,0,0,-1,-1,-6,0,-2,4,-2,2,2,-8,0,-2,-10,-4,10,4,0,-8,8,-2,-6,2
616.2.a.e,616,1,0,0,2,2,1,-1,0,4,4,-4,2,-2,-6,4,-4,2,2,-6,4,0,-12,16,-8,-12,10,-2
616.2.a.f,616,2,0,0,-1,-3,-2,2,-2,-4,-2,-7,-4,-17,5,-20,8,4,8,-15,8,-1,-5,8,2,-16,-21,13
616.2.a.g,616,3,0,0,1,1,3,3,-6,-2,4,9,6,7,3,-2,0,16,-6,15,0,-9,15,-26,2,6,1,-41
616.2.a.h,616,4,0,0,1,5,-4,4,4,10,6,-3,-4,1,13,10,-8,-6,8,3,2,3,7,2,-46,32,7,-11
617.2.a.a,617,23,0,-6,-13,-6,-37,-8,-29,-12,-29,-22,5,-64,-26,-12,-35,-43,9,10,-15,-40,-9,-67,-40,-33,31,-30
617.2.a.b,617,28,0,3,11,2,39,4,27,2,23,8,1,56,28,2,33,21,-3,6,29,20,-1,59,52,-5,-11,40
618.2.a.a,618,1,0,-1,-1,-1,-2,6,-1,0,-8,3,-6,-5,6,4,-9,-10,-6,-5,15,-15,0,-16,6,-9,2,1
618.2.a.b,618,1,0,-1,-1,2,-2,-3,-4,0,1,-3,9,-5,-9,-2,-6,-4,6,-2,-12,-12,6,14,-6,-12,-7,7
618.2.a.c,618,1,0,-1,1,-3,2,-6,-1,0,-4,3,-6,-7,-10,0,5,6,6,3,-1,-13,-12,-16,14,-9,6,17
618.2.a.d,618,1,0,-1,1,0,-4,-3,2,-6,-1,-9,9,-1,5,0,2,-6,-12,-12,8,14,-12,-16,2,12,3,-1
618.2.a.e,618,1,0,1,-1,-2,-2,1,-4,-4,-3,-5,3,-3,-11,6,6,0,6,6,4,8,2,-10,10,0,1,-17
618.2.a.f,618,1,0,1,1,-4,-4,-3,-6,2,3,1,-5,-3,11,-12,6,-10,-4,0,8,-2,0,-4,-14,0,-9,-17
618.2.a.g,618,1,0,1,1,3,-2,-2,3,0,0,-3,-2,-3,2,0,-3,-10,10,9,-5,-5,8,-4,-2,-3,10,-7
618.2.a.h,618,2,0,-2,-2,2,6,0,2,-2,4,0,-6,4,10,-2,16,14,6,6,8,14,-6,-10,0,-8,-14,10
618.2.a.i,618,2,0,-2,2,4,0,6,0,0,-2,10,2,-10,-2,-4,-4,12,4,8,-8,4,8,12,4,24,-2,2
618.2.a.j,618,2,0,2,2,0,4,2,-4,4,-6,2,6,-2,-6,0,-4,16,-16,-4,8,-8,-4,0,-20,-16,14,2
618.2.a.k,618,4,0,4,-4,5,4,-2,7,8,0,1,2,11,2,12,-5,0,-2,-29,9,-5,-22,-4,-10,-7,-34,13
619.2.a.a,619,21,0,-9,-5,-21,-4,-27,-11,-14,-15,-14,-78,-8,-23,-59,2,-12,-36,-17,-22,15,-56,-2,5,-1,-12,21
619.2.a.b,619,30,0,9,1,21,2,23,9,4,-1,4,90,2,19,59,-4,4,34,13,16,-11,42,-4,3,-11,58,-9
620.2.a.a,620,1,0,0,-3,1,-2,2,2,-3,-3,-4,-4,-1,-7,-3,-5,-6,1,-11,8,4,15,-13,-12,7,-18,10
620.2.a.b,620,1,0,0,0,1,-2,-4,-4,0,0,-4,2,-1,8,6,-8,-6,-8,4,2,-2,0,-4,0,-8,6,-2
620.2.a.c,620,1,0,0,1,-1,-4,0,2,-3,-7,0,-6,1,5,-3,-1,6,9,-3,-4,-10,3,-1,-10,-9,12,2
620.2.a.d,620,3,0,0,3,-3,0,6,0,9,15,-6,0,-3,9,3,3,6,-21,-9,-12,6,9,-3,12,-21,-6,18
620.2.a.e,620,4,0,0,3,4,8,0,0,-3,7,10,-8,4,-3,1,19,-4,7,-13,2,2,-7,9,-10,19,-18,-8
621.2.a.a,621,1,0,-1,0,-3,4,-1,-3,-1,2,1,-8,1,-10,-8,-8,6,-9,-6,-6,2,16,-17,4,0,1,-4
621.2.a.b,621,1,0,1,0,3,4,1,-3,1,2,-1,8,1,-10,8,-8,-6,9,6,-6,2,-16,-17,4,0,-1,-4
621.2.a.c,621,2,0,-2,0,2,-4,-6,-6,6,-4,-2,-12,6,8,-8,-12,12,-10,-4,-20,-16,-20,-2,8,-8,-6,4
621.2.a.d,621,2,0,-1,0,1,-4,3,-3,-6,-10,2,-3,-6,-1,-1,-12,9,-5,-2,-5,-4,-28,1,-13,17,3,22
621.2.a.e,621,2,0,-1,0,1,-1,-9,-6,-9,-1,2,0,-3,5,-4,0,-6,7,-14,13,11,-4,16,-31,-4,9,13
621.2.a.f,621,2,0,0,0,-4,2,-8,6,-8,-2,-2,0,-4,-18,16,8,-16,0,-8,-6,-6,-8,14,6,4,-8,-10
621.2.a.g,621,2,0,0,0,4,2,8,6,8,-2,2,0,-4,-18,-16,8,16,0,8,-6,-6,8,14,6,-4,8,-10
621.2.a.h,621,2,0,1,0,-1,-4,-3,-3,6,-10,-2,3,-6,-1,1,-12,-9,5,2,-5,-4,28,1,-13,-17,-3,22
621.2.a.i,621,2,0,1,0,-1,-1,9,-6,9,-1,-2,0,-3,5,4,0,6,-7,14,13,11,4,16,-31,4,-9,13
621.2.a.j,621,2,0,2,0,-2,-4,6,-6,-6,-4,2,12,6,8,8,-12,-12,10,4,-20,-16,20,-2,8,8,6,4
621.2.a.k,621,6,0,-1,0,1,4,5,5,2,16,-6,-7,2,-3,7,26,-7,11,-18,9,18,16,-3,23,-1,15,-2
621.2.a.l,621,6,0,1,0,-1,4,-5,5,-2,16,6,7,2,-3,-7,26,7,-11,18,9,18,-16,-3,23,1,-15,-2
622.2.a.a,622,1,0,1,0,-4,1,-1,-4,-8,8,-8,-3,6,-10,2,1,9,-8,5,-1,-4,6,1,-1,6,15,4
622.2.a.b,622,4,0,4,-5,-3,-11,-14,1,4,-12,-15,-6,-6,-1,5,0,-20,-10,10,2,-8,-9,25,-18,-17,7,7
622.2.a.c,622,5,0,-5,-1,-5,0,-5,-1,-10,0,-17,-5,6,-5,-15,1,-21,-20,-5,-3,-2,-3,-10,9,1,-22,-7
622.2.a.d,622,7,0,7,3,5,4,9,1,4,6,11,-3,4,1,-7,9,-1,10,-1,-13,-8,11,-16,7,9,-8,-25
622.2.a.e,622,8,0,-8,3,9,2,9,1,16,-12,21,1,-6,7,13,-9,21,42,13,-21,14,35,22,-45,29,-2,15
623.2.a.a,623,1,0,1,-1,1,1,-4,2,-3,-5,5,-6,-9,-8,-6,11,6,9,-4,-6,-6,-2,-11,12,12,1,3
623.2.a.b,623,2,0,-2,0,-2,-2,0,0,-2,0,-8,-4,8,-8,4,-8,16,2,-16,-12,-12,0,-18,8,16,-2,-14
623.2.a.c,623,4,0,1,-2,0,-4,-3,-7,-4,3,-4,3,-1,-15,-1,-8,-5,-12,10,-10,-21,20,-7,-19,-5,-4,-13
623.2.a.d,623,5,0,-2,-3,-5,5,5,-15,-9,-12,-7,5,-12,-5,3,-17,-11,5,14,4,13,10,-32,-19,-11,5,-68
623.2.a.e,623,16,0,0,6,6,16,-3,15,12,21,0,-3,35,31,15,14,-1,-8,-2,34,-9,-12,47,-23,-7,-16,59
623.2.a.f,623,17,0,3,4,6,-17,5,7,20,-11,10,11,-25,31,-5,28,7,22,-18,0,19,8,55,13,-5,17,75
624.2.a.a,624,1,0,0,-1,-4,4,2,-1,-6,-4,-4,-6,-8,-10,-4,4,6,6,6,-6,0,-10,-2,0,10,8,-10
624.2.a.b,624,1,0,0,-1,0,-2,0,1,-6,-2,0,-6,-2,2,-12,4,0,6,-12,2,10,-12,14,-8,-12,0,-10
624.2.a.c,624,1,0,0,-1,0,0,-6,-1,2,0,-4,-6,4,-2,0,-4,-10,-10,6,-6,12,-2,6,16,-6,4,14
624.2.a.d,624,1,0,0,-1,2,0,0,1,2,4,0,6,0,-2,6,12,4,6,8,-2,-4,12,-14,0,-8,-18,-6
624.2.a.e,624,1,0,0,1,-4,2,4,1,2,2,0,-6,10,10,8,-4,4,-10,8,-14,-2,-16,-10,16,0,-4,-2
624.2.a.f,624,1,0,0,1,-2,-4,0,1,2,-8,-8,-2,-4,-10,2,4,12,6,0,-2,-8,12,10,8,0,-14,2
624.2.a.g,624,1,0,0,1,0,4,2,-1,-6,4,-4,10,8,-2,0,4,-2,-2,-10,10,-8,-2,-10,-8,-6,-12,-2
624.2.a.h,624,1,0,0,1,2,-4,4,1,2,8,0,6,4,-2,-10,-4,-8,-10,-4,-2,16,8,2,-8,-12,14,10
624.2.a.i,624,1,0,0,1,2,4,-4,1,2,0,0,-10,-4,-2,6,12,0,6,-12,-2,8,0,2,-8,-4,-2,10
624.2.a.j,624,1,0,0,1,4,0,2,-1,2,-8,-4,-6,4,6,-12,-4,6,-2,14,10,4,-2,-2,8,-14,0,-10
624.2.a.k,624,2,0,0,-2,0,0,4,-2,4,0,8,4,8,-4,16,-8,12,-4,-4,4,-8,-4,12,0,4,24,-4
625.2.a.a,625,2,0,-1,-3,0,-1,-1,2,-6,5,-3,-10,4,-6,4,-8,-21,-8,-10,-11,14,9,7,0,-8,5,19
625.2.a.b,625,2,0,-1,2,0,-1,-6,-3,-6,-5,12,-5,-6,4,-6,-3,-1,2,-15,4,14,-11,-18,-5,-8,0,-1
625.2.a.c,625,2,0,1,-2,0,1,-6,3,6,-5,-12,-5,-6,-4,-6,3,1,-2,-15,4,-14,-11,18,-5,8,0,1
625.2.a.d,625,2,0,1,3,0,1,-1,-2,6,5,3,-10,4,6,4,8,21,8,-10,-11,-14,9,-7,0,8,5,-19
625.2.a.e,625,8,0,-5,-5,0,-10,1,-10,-15,-10,-30,10,-9,10,-4,0,-30,-10,-5,6,-10,-9,0,-20,-40,-5,0
625.2.a.f,625,8,0,0,0,0,0,16,0,0,10,0,20,16,0,26,0,0,0,30,6,0,46,0,10,0,30,0
625.2.a.g,625,8,0,5,5,0,10,1,10,15,-10,30,10,-9,-10,-4,0,30,10,-5,6,10,-9,0,-20,40,-5,0
626.2.a.a,626,1,0,-1,0,0,0,0,-2,-2,-4,0,6,-4,0,-2,-10,12,-4,-10,-8,2,-16,10,0,-12,10,2
626.2.a.b,626,1,0,-1,1,2,5,-1,4,2,0,-1,-10,-8,7,-2,8,1,5,4,-13,-8,-8,14,8,15,-6,-11
626.2.a.c,626,2,0,-2,0,0,-5,-5,1,6,-8,0,-3,-13,-10,1,5,-16,7,5,-6,-6,3,-15,-5,6,-10,4
626.2.a.d,626,2,0,2,-2,-2,-3,-5,-3,-6,-2,0,-1,-7,-6,7,-1,8,-11,7,-4,0,3,3,3,16,6,4
626.2.a.e,626,9,0,-9,1,-2,6,6,-3,-12,10,13,3,37,11,1,3,17,-30,-1,37,34,43,5,39,-35,-12,13
626.2.a.f,626,12,0,12,4,6,5,9,5,6,8,-12,19,7,14,13,-3,-18,1,-11,-2,-8,-21,-11,-9,-18,-6,22
627.2.a.a,627,1,0,0,1,0,2,1,-1,3,1,6,0,8,2,6,8,-6,9,3,-10,-10,-3,-4,-13,-3,15,-10
627.2.a.b,627,1,0,0,1,4,2,-1,1,-3,-1,2,-4,-4,2,6,-4,6,1,11,10,-6,-3,0,-11,-13,-9,-6
627.2.a.c,627,3,0,-2,-3,1,-5,3,-11,-4,3,3,0,-2,-11,-3,-4,-6,-10,7,-5,-13,14,-10,0,-21,-22,-10
627.2.a.d,627,3,0,-2,3,-7,1,-3,-5,-8,3,-13,-6,-12,-15,5,4,-8,-20,3,-1,-1,-4,-4,-10,-13,10,0
627.2.a.e,627,3,0,-2,3,-3,-7,3,-13,-6,-3,-15,-8,12,5,-1,-10,-8,0,3,-19,1,-22,2,6,13,-12,-16
627.2.a.f,627,3,0,2,-3,-3,-1,-3,-7,-6,-3,5,2,-10,-23,11,-18,-6,-14,7,-15,13,28,0,-4,1,20,-2
627.2.a.g,627,3,0,2,3,5,-1,3,9,6,3,-7,4,-14,-5,3,-16,2,-2,-3,9,-5,12,-4,16,9,-4,2
627.2.a.h,627,4,0,1,4,3,-5,-4,3,14,-4,7,24,-2,5,-5,2,-6,20,1,-7,5,14,4,-16,15,8,16
627.2.a.i,627,5,0,1,-5,3,-1,-5,16,1,5,-5,4,4,7,7,12,2,21,14,13,13,-7,16,-11,-20,7,12
627.2.a.j,627,5,0,1,-5,7,7,5,10,17,-5,-7,2,4,11,1,6,-2,5,-18,19,-1,-29,14,3,4,1,4
628.2.a.a,628,1,0,0,2,4,-1,0,1,-1,0,-3,0,-6,-3,-2,5,-6,6,-3,14,6,0,2,4,0,-7,-12
628.2.a.b,628,5,0,0,-1,-5,-5,0,-7,-13,-3,-9,-20,-5,-9,-9,3,-8,-19,9,14,6,6,5,-4,15,-15,8
628.2.a.c,628,7,0,0,-3,-1,2,0,8,20,-3,20,20,9,14,21,-14,18,31,-10,-20,-16,-14,-19,-6,-15,12,6
629.2.a.a,629,1,0,-1,0,3,-1,-5,-2,1,1,-6,1,4,1,-6,-11,-10,1,3,-5,-6,1,14,-8,6,0,-13
629.2.a.b,629,1,0,0,-3,0,3,-1,0,1,-2,-2,2,-8,1,3,-12,3,-11,-4,4,4,-3,-1,-2,1,6,0
629.2.a.c,629,1,0,1,0,1,-1,-5,-2,-1,3,2,3,-4,-1,6,-1,-6,1,-7,1,14,-15,-10,4,-6,16,1
629.2.a.d,629,1,0,2,3,-2,1,-3,4,1,2,-2,-6,-2,-1,-3,4,3,-3,0,2,4,-13,9,0,5,16,8
629.2.a.e,629,5,0,0,0,-3,-12,-5,1,5,-16,2,-9,-12,5,11,-11,-7,-3,-9,15,-41,18,-15,-3,-12,-11,27
629.2.a.f,629,8,0,0,-3,-5,-5,-6,-1,-8,-26,-14,-9,-14,-8,2,-19,24,18,-5,-29,-41,3,20,-41,1,-21,-29
629.2.a.g,629,15,0,2,0,4,1,14,9,15,33,0,-10,26,-15,5,30,7,-10,26,-6,37,27,-5,23,30,5,6
629.2.a.h,629,17,0,-1,7,4,14,23,1,-17,21,0,14,14,17,8,16,-6,13,0,16,45,22,-2,31,-33,-53,-26
630.2.a.a,630,1,0,-1,0,-1,-1,4,-2,-2,4,8,2,0,6,6,-4,0,10,-12,14,-12,8,10,16,12,-10,2
630.2.a.b,630,1,0,-1,0,-1,1,-4,-2,-2,-4,8,-6,-8,-2,-2,-12,8,-6,-4,-2,12,-8,-14,0,-12,-2,10
630.2.a.c,630,1,0,-1,0,-1,1,0,2,0,2,0,6,8,-4,6,2,-6,6,12,8,2,6,2,-16,0,6,-10
630.2.a.d,630,1,0,-1,0,1,-1,-4,-6,-2,0,0,-6,8,-10,-2,4,-8,2,8,-14,-12,16,2,-8,-8,-10,2
630.2.a.e,630,1,0,-1,0,1,-1,-4,6,4,6,0,-6,-4,8,10,-2,10,14,-4,-8,6,-2,-10,16,-8,2,2
630.2.a.f,630,1,0,-1,0,1,1,0,2,6,-4,0,6,-4,2,-6,8,12,-6,12,2,8,0,14,-16,-12,-6,14
630.2.a.g,630,1,0,1,0,-1,-1,4,6,-4,6,0,6,-4,8,-10,-2,-10,-14,4,-8,6,2,-10,16,8,-2,2
630.2.a.h,630,1,0,1,0,-1,1,0,2,6,8,0,-6,-4,-10,6,-4,0,6,12,-10,-4,-12,-10,8,-12,6,-10
630.2.a.i,630,1,0,1,0,1,-1,4,-2,6,0,8,-10,-8,2,2,8,-4,-10,-4,-6,0,12,-6,-8,4,-14,2
630.2.a.j,630,1,0,1,0,1,1,0,2,0,2,0,-6,8,-4,-6,2,6,-6,-12,8,2,-6,2,-16,0,-6,-10
631.2.a.a,631,20,0,-8,-4,-17,-6,-15,-13,-35,-17,-8,-27,-22,2,-85,10,-12,-24,-51,-7,14,-25,-26,-9,-7,-115,-8
631.2.a.b,631,32,0,7,2,17,-2,11,9,39,9,4,39,2,0,121,-6,28,-2,59,7,-14,23,6,-29,41,131,2
632.2.a.a,632,1,0,0,1,-1,-5,4,1,-8,2,-6,0,-4,-2,0,8,3,-10,15,-4,0,3,-14,1,6,9,-7
632.2.a.b,632,2,0,0,-2,-1,-4,-1,1,-8,-1,-3,14,-1,-16,0,-6,-4,20,-16,0,9,-16,5,-2,-16,-19,-7
632.2.a.c,632,2,0,0,-2,4,-4,-6,-4,2,-6,-8,-6,-6,4,-10,4,-4,-10,14,0,-16,4,-20,-2,4,26,-2
632.2.a.d,632,3,0,0,-1,-6,1,-1,-14,4,-7,7,-18,-5,-8,-4,-12,3,4,9,-10,-7,25,-9,3,-6,10,-14
632.2.a.e,632,6,0,0,2,9,6,-1,11,4,3,-3,16,-1,18,4,4,-2,2,-12,22,-7,-2,9,-6,-20,-25,-9
632.2.a.f,632,6,0,0,4,-5,6,5,9,2,13,5,-12,21,-2,-2,16,16,-24,8,-18,5,2,17,6,-8,-21,27
633.2.a.a,633,1,0,-1,-1,-3,2,5,-3,-4,7,-6,-10,6,-11,-6,5,3,6,-4,12,-8,-13,-2,-7,0,0,-8
633.2.a.b,633,4,0,-2,4,-3,-11,-1,-9,-1,-2,-15,2,-10,-13,7,-11,1,-6,0,-18,-6,-9,7,-21,-8,3,-9
633.2.a.c,633,8,0,-3,-8,-2,-11,-8,4,-9,-7,-25,6,-2,4,-1,-18,-40,-41,-15,16,-22,-22,-10,-12,-27,3,39
633.2.a.d,633,8,0,4,-8,3,7,9,-7,3,-2,29,16,4,-3,9,17,21,22,2,-46,24,27,-19,-9,-8,3,-1
633.2.a.e,633,14,0,3,14,-1,13,-1,9,-3,12,21,-8,14,25,-19,11,11,3,-9,38,32,13,-4,25,-7,-23,1
634.2.a.a,634,4,0,4,-3,-7,-7,-7,-7,-12,1,-7,-10,-2,0,-11,16,-1,4,-13,-18,17,-4,-5,8,19,-23,-15
634.2.a.b,634,6,0,-6,-4,-7,3,-9,7,-4,-8,-9,-26,-10,1,-23,-12,-6,-25,-27,1,-1,-23,20,-14,-13,-4,19
634.2.a.c,634,7,0,-7,5,4,-3,12,-6,8,7,13,7,2,-18,11,1,8,6,44,-2,18,35,-32,2,20,48,-31
634.2.a.d,634,9,0,9,2,10,3,2,10,12,-4,3,9,6,11,11,-15,-5,9,-2,-3,-32,0,9,-12,-8,19,7
635.2.a.a,635,1,0,-2,-1,1,1,-3,-2,4,0,7,-8,-4,-6,6,-11,-4,-6,-6,1,4,5,-16,5,-11,-12,2
635.2.a.b,635,1,0,0,1,1,-1,-3,-4,0,-4,-3,0,8,-4,-6,-1,6,-6,-12,5,-4,9,14,5,3,6,-10
635.2.a.c,635,2,0,1,-2,2,-3,-1,1,-7,0,4,-6,-8,-7,-13,3,-8,3,8,-23,3,-15,-2,0,18,-19,4
635.2.a.d,635,4,0,0,1,-4,-1,3,8,6,-4,9,6,8,14,6,2,-6,0,6,11,-10,-9,14,-13,-3,-18,-4
635.2.a.e,635,8,0,-2,-2,-8,-5,1,-17,-5,-8,-8,-4,-20,-45,9,-5,-8,-13,26,-23,-15,-1,-28,-2,6,49,-18
635.2.a.f,635,9,0,3,3,-9,12,0,9,1,6,3,4,2,31,-29,20,6,19,-2,10,33,10,22,9,19,-33,40
635.2.a.g,635,18,0,1,0,18,5,7,15,-9,10,4,10,18,51,25,4,-14,-19,4,29,13,-15,10,24,-40,57,12
636.2.a.a,636,2,0,0,-2,-1,1,4,1,-8,4,7,4,16,7,-7,11,-12,-2,2,6,8,1,-16,20,5,2,3
636.2.a.b,636,2,0,0,-2,1,-3,-6,-3,2,-10,-1,-2,-4,-13,-3,-9,4,2,-8,0,6,-9,-6,-10,27,18,-5
636.2.a.c,636,2,0,0,2,-5,-3,-6,-3,-6,-2,-3,-14,-4,3,-1,-1,-4,-2,12,0,10,-3,10,-18,-7,18,27
636.2.a.d,636,2,0,0,2,1,1,4,1,4,0,9,8,4,-1,-1,3,0,2,6,-10,-12,7,-12,0,3,-10,-21
637.2.a.a,637,1,0,-2,0,3,0,-6,1,-4,-5,3,-5,3,-4,6,-1,-7,-9,-8,10,-6,-8,13,3,-15,-3,-7
637.2.a.b,637,1,0,0,2,3,0,0,-1,6,7,3,-9,-5,2,6,-1,-3,-9,0,10,14,-6,-11,-1,-3,-15,1
637.2.a.c,637,1,0,1,0,0,0,-3,-1,7,-7,-6,-5,0,8,0,2,7,-3,-7,-7,-3,-5,14,-6,0,0,-14
637.2.a.d,637,1,0,1,0,0,0,-3,1,-7,7,-6,-5,0,8,0,2,-7,-3,7,7,-3,-5,-14,-6,0,0,14
637.2.a.e,637,2,0,-3,0,0,0,-6,2,6,-6,-12,0,-10,-4,0,-16,6,-6,-6,-6,-6,0,-8,8,0,0,8
637.2.a.f,637,2,0,-3,0,0,0,-6,-2,-6,6,-12,0,10,-4,0,-16,-6,-6,6,6,-6,0,8,8,0,0,-8
637.2.a.g,637,2,0,0,0,-6,0,0,2,0,6,-6,6,2,-4,-12,-10,-6,-6,-12,-12,-12,-12,10,14,-18,-6,2
637.2.a.h,637,3,0,-2,-4,-5,0,-4,3,-4,-7,1,-7,3,-10,-6,9,-17,13,-22,24,-14,4,-5,1,-23,11,3
637.2.a.i,637,3,0,-2,4,5,0,-4,-3,4,7,1,-7,-3,-10,6,9,17,13,22,-24,-14,4,5,1,23,-11,-3
637.2.a.j,637,3,0,1,2,-2,0,2,-3,-4,4,10,24,4,0,-2,10,8,8,4,6,-12,-6,10,-14,12,-2,10
637.2.a.k,637,5,0,4,0,-2,0,11,-5,5,-9,10,-3,6,4,-14,2,-1,17,-11,11,13,15,0,2,-6,4,12
637.2.a.l,637,5,0,4,0,2,0,11,5,-5,9,10,-3,-6,4,14,2,1,17,11,-11,13,15,0,2,6,-4,-12
637.2.a.m,637,6,0,0,-8,-6,0,4,-6,-16,-2,-6,-6,-6,0,8,2,-30,-14,-24,0,16,8,6,-22,-50,-26,14
637.2.a.n,637,6,0,0,8,6,0,4,6,16,2,-6,-6,6,0,-8,2,30,-14,24,0,16,8,-6,-22,50,26,-14
638.2.a.a,638,2,0,-2,-3,0,0,2,-5,1,2,3,2,-6,-13,-5,-10,-18,-6,6,-2,-4,11,-19,-15,15,-12,-12
638.2.a.b,638,2,0,-2,1,2,-4,-2,-9,-9,0,-1,-2,0,3,3,-8,16,-4,4,-8,-8,1,-15,3,-7,2,-12
638.2.a.c,638,2,0,2,-3,-4,-2,2,-9,-1,-2,-11,-2,-4,7,15,-4,-14,-8,4,6,-2,-7,-15,-13,-7,0,2
638.2.a.d,638,2,0,2,-3,-2,-2,-2,-5,-7,-8,1,2,-2,-13,-9,-6,-4,10,-6,-4,2,15,13,25,3,22,-10
638.2.a.e,638,4,0,-4,2,-4,4,-4,10,10,4,-2,4,8,14,18,8,-8,4,-20,32,0,-6,10,6,14,-8,4
638.2.a.f,638,4,0,4,2,0,6,-4,12,-10,12,-8,-4,6,2,-4,10,-4,-6,10,-8,-10,12,0,-2,10,-24,-14
638.2.a.g,638,4,0,4,4,2,2,4,2,0,-2,8,4,8,0,-12,-4,-2,-8,4,10,10,-22,0,-8,2,-2,14
638.2.a.h,638,5,0,-5,4,4,4,5,6,-2,6,6,-5,2,10,0,10,-2,0,-6,-8,32,0,32,4,-22,16,-2
639.2.a.a,639,1,0,-1,0,-2,2,0,-2,0,0,0,2,-10,-6,0,-4,-12,4,-12,10,2,1,-10,4,4,-6,-2
639.2.a.b,639,2,0,-2,0,0,-4,0,-4,-4,0,8,-16,-4,8,-12,0,-8,12,-16,-12,4,-2,-16,0,0,-16,-4
639.2.a.c,639,2,0,-1,0,1,-2,-6,-3,-6,-4,-3,-7,4,-1,-3,13,9,-5,6,-24,13,2,-2,-9,-20,-6,9
639.2.a.d,639,2,0,1,0,-1,-6,4,-5,0,-8,3,-3,-4,3,-15,-3,5,3,0,0,-17,2,-10,-1,6,-12,-9
639.2.a.e,639,2,0,2,0,0,-4,0,-4,4,0,-8,16,-4,8,12,0,8,-12,16,-12,4,2,-16,0,0,16,-4
639.2.a.f,639,2,0,3,0,5,-4,8,-1,4,-8,3,-3,8,-1,17,-15,-15,-9,-4,10,-5,-2,2,-5,12,14,5
639.2.a.g,639,3,0,0,0,3,2,2,12,-2,11,-8,5,-6,9,-14,-17,10,0,22,8,-12,-3,3,7,-23,-13,4
639.2.a.h,639,3,0,1,0,-5,2,0,-6,2,1,12,-11,12,-15,2,13,-4,18,4,16,-12,-3,27,-3,19,-1,22
639.2.a.i,639,4,0,-3,0,3,6,-2,5,8,8,1,5,2,19,19,25,-7,5,-10,2,35,-4,2,-1,-18,16,-1
639.2.a.j,639,4,0,0,0,-8,2,-10,4,-14,0,-10,4,-8,-14,-24,2,-4,-12,6,-6,-4,-4,16,-2,-4,-16,-18
639.2.a.k,639,4,0,0,0,8,2,10,4,14,0,10,-4,-8,-14,24,2,4,12,-6,-6,-4,4,16,-2,4,16,-18
640.2.a.a,640,1,0,0,-2,-1,0,-2,2,6,-6,0,10,8,2,-6,2,12,10,6,-6,14,4,-10,-8,-10,14,6
640.2.a.b,640,1,0,0,-2,1,0,-2,-2,6,-6,0,-10,-8,-2,-6,2,-12,-10,6,6,14,-4,-10,8,-10,14,6
640.2.a.c,640,1,0,0,0,-1,-2,6,-2,-6,-2,-6,-6,-4,-6,-2,4,10,-2,10,10,-4,-16,-6,0,-8,6,2
640.2.a.d,640,1,0,0,0,-1,2,-6,-2,-6,2,6,-6,4,-6,-2,-4,-10,-2,-10,10,4,16,-6,0,8,6,2
640.2.a.e,640,1,0,0,0,1,-2,-6,2,-6,2,-6,6,-4,6,-2,-4,10,2,-10,-10,4,-16,-6,0,8,6,2
640.2.a.f,640,1,0,0,0,1,2,6,2,-6,-2,6,6,4,6,-2,4,-10,2,10,-10,-4,16,-6,0,-8,6,2
640.2.a.g,640,1,0,0,2,-1,0,2,2,6,6,0,10,-8,2,-6,-2,-12,10,-6,-6,-14,-4,-10,8,10,14,6
640.2.a.h,640,1,0,0,2,1,0,2,-2,6,6,0,-10,8,-2,-6,-2,12,-10,-6,6,-14,4,-10,-8,10,14,6
640.2.a.i,640,2,0,0,-2,-2,-2,-4,0,0,0,-14,-4,4,-4,16,-2,-10,-8,-8,-12,2,4,0,8,6,-12,-24
640.2.a.j,640,2,0,0,-2,2,2,-4,0,0,0,14,4,-4,4,16,-2,10,8,-8,12,2,-4,0,-8,6,-12,-24
640.2.a.k,640,2,0,0,2,-2,2,4,0,0,0,14,-4,-4,-4,16,2,10,-8,8,-12,-2,-4,0,-8,-6,-12,-24
640.2.a.l,640,2,0,0,2,2,-2,4,0,0,0,-14,4,4,4,16,2,-10,8,8,12,-2,4,0,8,-6,-12,-24
641.2.a.a,641,20,0,-3,-9,-5,-24,-14,-14,-11,-38,-11,-12,-65,-5,-17,-7,-3,2,-1,-55,-3,-29,-28,-92,23,-6,5
641.2.a.b,641,33,0,0,7,1,28,6,12,3,42,11,0,81,5,9,25,35,-22,11,57,13,11,18,108,7,-32,3
642.2.a.a,642,1,0,-1,-1,2,2,4,-2,2,-4,6,-4,-2,2,6,12,6,4,-4,-2,-4,12,10,4,12,-6,-18
642.2.a.b,642,1,0,-1,1,-3,2,0,2,0,2,3,6,2,8,9,-1,-3,6,-3,-10,5,6,2,5,-6,9,2
642.2.a.c,642,1,0,1,-1,-1,-2,-4,-6,0,2,-1,-6,10,-4,-7,1,1,-6,-5,10,-5,6,14,9,-2,1,-10
642.2.a.d,642,2,0,-2,2,-1,-7,1,-7,-1,-10,-3,-2,-9,-3,10,-5,-3,4,10,3,-8,-4,-4,-6,-11,14,-10
642.2.a.e,642,2,0,-2,2,4,4,0,4,0,4,-4,-8,4,-4,-12,8,4,-8,4,20,0,-8,4,0,8,-12,4
642.2.a.f,642,3,0,-3,-3,0,-3,-1,-1,-9,4,-14,-4,-1,-3,-5,-8,-24,-14,-21,1,-19,-22,-2,-13,5,7,16
642.2.a.g,642,4,0,4,-4,5,3,3,1,9,2,1,16,-11,1,2,7,5,14,-6,-13,-4,-16,-16,-38,3,6,-14
642.2.a.h,642,5,0,5,5,0,5,1,7,1,4,-4,-8,3,1,-9,2,-18,-10,-11,5,-5,-14,6,-5,-13,-17,4
643.2.a.a,643,1,0,-1,-2,-2,-3,-6,-4,-4,-4,-1,3,-3,6,2,0,-6,11,-4,-12,0,-6,-8,-16,9,-3,7
643.2.a.b,643,24,0,-13,-7,-23,-10,-17,-23,-30,-1,-27,-65,-2,-34,-31,-4,-24,-80,-12,0,-5,-37,-17,3,-6,5,7
643.2.a.c,643,28,0,14,5,23,11,19,25,24,1,24,54,-1,32,25,6,22,71,10,12,5,17,1,-5,3,22,-2
644.2.a.a,644,1,0,0,-1,0,1,-2,-3,0,0,-1,1,-5,-8,-7,-4,3,-12,4,-6,-12,13,3,4,16,4,10
644.2.a.b,644,1,0,0,1,-2,-1,-2,-1,0,-6,1,1,1,-6,3,0,-3,6,8,-10,-2,5,-7,14,-4,-12,-8
644.2.a.c,644,5,0,0,1,4,5,2,3,4,6,5,5,-1,22,15,12,-21,2,0,-12,22,-15,17,2,-16,-24,38
644.2.a.d,644,5,0,0,3,2,-5,2,13,4,12,-5,13,-3,-4,1,-8,5,-8,12,20,-12,9,-9,-8,-28,32,4
645.2.a.a,645,1,0,-2,-1,1,4,1,5,-3,0,3,-8,-1,8,-1,-1,0,3,0,8,-9,4,4,8,15,-16,-15
645.2.a.b,645,1,0,-2,1,1,-4,-3,5,-7,0,-9,0,7,-8,3,-1,-8,-1,-8,0,-9,-12,-4,-8,3,-8,9
645.2.a.c,645,1,0,0,1,1,-2,-5,-5,5,-6,-9,8,-5,8,-7,-1,-8,-5,-4,0,9,10,4,16,-9,-6,3
645.2.a.d,645,1,0,1,-1,-1,0,4,6,-2,0,4,2,8,2,10,1,-4,-14,-4,-2,-4,0,14,8,8,-10,-6
645.2.a.e,645,1,0,1,-1,1,4,-2,2,0,6,0,10,8,-4,-10,-1,0,12,-6,-10,12,4,-8,-16,-12,-10,6
645.2.a.f,645,1,0,2,-1,1,0,5,1,5,4,3,-8,-9,8,-5,-1,8,-13,8,-8,3,-8,4,0,-9,12,5
645.2.a.g,645,2,0,0,-2,-2,0,-2,-2,6,-12,2,0,-10,-8,-2,-2,-4,6,-8,-8,-2,0,0,4,-6,16,-10
645.2.a.h,645,3,0,-2,3,-3,-2,-11,-5,-7,-8,7,-10,-11,-6,-7,3,-4,-1,-20,18,-21,-30,16,4,-5,-20,-9
645.2.a.i,645,3,0,0,-3,3,-8,-1,-3,-3,-6,-9,-2,-7,-6,3,3,-12,3,-12,6,-27,12,-28,-8,-33,6,-15
645.2.a.j,645,3,0,1,3,-3,-2,10,-2,6,8,-2,10,-6,-8,14,-3,0,-6,6,2,0,2,8,-4,-2,32,6
645.2.a.k,645,5,0,-4,-5,-5,0,1,-3,3,16,-13,-6,9,-4,-17,5,16,13,34,26,29,0,-18,12,35,6,5
645.2.a.l,645,5,0,2,5,5,2,3,-1,7,2,11,-2,-3,-12,5,5,8,17,18,-6,11,2,-10,-16,31,-4,-25
646.2.a.a,646,1,0,-1,0,4,-2,4,6,-1,1,-6,0,6,-4,6,-4,0,14,-4,0,4,10,10,-10,-12,14,-10
646.2.a.b,646,1,0,1,-2,0,2,0,2,1,1,6,6,8,2,0,-4,12,-6,0,-4,-4,12,-10,-16,-12,6,8
646.2.a.c,646,1,0,1,-2,4,4,2,-6,-1,-1,0,-8,8,-4,10,0,-8,-6,0,-8,8,-12,-6,-4,8,18,2
646.2.a.d,646,1,0,1,0,-2,-2,-2,-6,-1,1,6,0,0,8,0,-4,-12,2,-4,6,4,-8,-2,-4,0,-10,8
646.2.a.e,646,1,0,1,2,2,0,-4,2,-1,-1,8,-8,-2,-8,4,4,8,2,-12,2,12,14,6,-10,-12,6,4
646.2.a.f,646,2,0,-2,0,-4,4,-4,0,-2,-2,-4,-8,0,0,0,-12,0,-16,-8,4,-8,-16,-12,0,0,20,0
646.2.a.g,646,2,0,-2,0,0,-4,0,-4,-2,2,4,0,4,8,4,-8,0,12,8,8,-8,28,-28,-12,-8,12,4
646.2.a.h,646,2,0,2,-2,-2,-6,-8,4,2,-2,-14,-4,-4,8,-10,-4,4,4,-12,-2,0,16,0,4,0,0,-10
646.2.a.i,646,2,0,2,4,0,0,4,0,-2,-2,-8,8,0,8,-12,4,0,0,8,8,-24,-24,-4,0,16,4,-28
646.2.a.j,646,3,0,-3,-2,-4,2,-4,-6,3,3,-6,-18,-4,-6,-16,8,-8,10,-28,-12,16,16,26,4,4,-18,8
646.2.a.k,646,3,0,3,6,2,2,2,-6,3,3,-6,2,-2,-6,2,-8,-8,-2,16,-18,4,10,-2,6,16,14,14
646.2.a.l,646,4,0,-4,0,6,0,2,0,4,-4,4,8,-14,4,10,-8,12,4,16,22,-16,2,12,26,20,20,-18
647.2.a.a,647,2,0,-3,0,1,-5,0,-2,-1,-8,3,-3,10,-4,-15,4,1,-3,21,-17,-4,0,2,2,0,12,-10
647.2.a.b,647,14,0,-2,-4,-5,-9,-5,-25,-18,-2,-12,0,-16,-32,12,-39,-5,-15,-5,-3,-28,12,-55,-5,13,-24,-40
647.2.a.c,647,38,0,6,4,2,18,1,39,27,12,11,15,10,50,7,65,-16,24,-6,18,52,-24,67,33,-7,-20,88
648.2.a.a,648,1,0,0,0,-1,-3,5,-5,-2,-4,-1,-9,-1,-6,3,1,-3,2,11,7,-1,4,-2,1,1,-18,-13
648.2.a.b,648,1,0,0,0,-1,0,-4,-5,-5,8,-4,3,-4,3,-6,4,-12,-10,8,-5,8,16,-5,4,4,3,2
648.2.a.c,648,1,0,0,0,1,-3,-5,-5,2,-4,1,9,-1,-6,-3,1,3,-2,-11,7,-1,-4,-2,1,-1,18,-13
648.2.a.d,648,1,0,0,0,1,0,4,-5,5,8,4,-3,-4,3,6,4,12,10,-8,-5,8,-16,-5,4,-4,-3,2
648.2.a.e,648,2,0,0,0,-4,0,-4,2,-8,-8,-4,-12,-8,6,0,-16,0,8,-16,14,-8,4,2,8,-8,0,4
648.2.a.f,648,2,0,0,0,-1,3,2,5,-5,7,5,-3,7,6,-12,8,3,-10,14,-1,4,-8,-7,-7,25,12,-8
648.2.a.g,648,2,0,0,0,1,3,-2,5,5,7,-5,3,7,6,12,8,-3,10,-14,-1,4,8,-7,-7,-25,-12,-8
648.2.a.h,648,2,0,0,0,4,0,4,2,8,-8,4,12,-8,6,0,-16,0,-8,16,14,-8,-4,2,8,8,0,4
649.2.a.a,649,1,0,-1,1,-1,1,1,-4,-2,-1,6,-9,2,-4,-3,6,-12,-13,1,8,10,0,-4,-1,-6,0,-2
649.2.a.b,649,2,0,-2,-4,-1,1,2,3,-2,3,1,0,-9,-20,0,-12,-9,17,2,-21,-1,-24,1,-8,22,-12,12
649.2.a.c,649,4,0,1,1,-5,-4,4,-4,-3,-6,-23,-4,-11,2,9,5,22,-6,4,-7,-4,-38,29,-7,-8,-5,7
649.2.a.d,649,11,0,4,2,-1,4,-11,1,5,6,26,23,4,-26,18,17,35,4,11,0,-1,30,-8,10,22,-17,-19
649.2.a.e,649,12,0,-4,-4,-5,-10,-12,-7,-8,-14,-26,-33,-12,12,-24,3,-21,-4,-12,-20,15,-43,-16,-32,6,-31,3
649.2.a.f,649,17,0,3,4,7,4,17,-11,6,-4,36,13,6,14,6,-11,25,0,-17,-38,1,89,-16,34,-12,-5,-15
650.2.a.a,650,1,0,-1,-3,0,0,-3,-1,7,1,4,4,-10,-12,-5,-12,4,-6,-4,4,5,0,11,4,-15,-11,2
650.2.a.b,650,1,0,-1,-2,0,-1,3,1,3,-4,-6,-3,-1,2,0,-10,-3,3,-15,-13,-13,0,-10,-4,15,6,-4
650.2.a.c,650,1,0,-1,-2,0,4,-2,1,-2,6,-6,2,-6,2,10,10,12,-2,10,2,12,10,-10,-4,0,-14,-14
650.2.a.d,650,1,0,-1,0,0,0,0,-1,-2,-8,4,-2,-4,-6,10,0,-8,-6,8,-2,-4,-12,-10,-8,-12,10,14
650.2.a.e,650,1,0,-1,1,0,4,1,1,7,-3,0,-4,6,8,-5,4,-12,10,4,8,9,-8,-13,8,-3,-11,10
650.2.a.f,650,1,0,-1,2,0,-5,-3,-1,-3,-4,-6,9,5,-2,0,-2,9,9,-9,-1,-5,0,-14,-16,15,-6,-8
650.2.a.g,650,1,0,-1,3,0,-1,-2,1,3,6,4,2,4,-3,0,5,-13,-12,-10,-8,2,-5,10,-4,0,6,-14
650.2.a.h,650,1,0,1,-2,0,5,-3,1,3,-4,6,9,5,2,0,2,-9,-9,-9,-1,5,0,14,-16,-15,-6,8
650.2.a.i,650,1,0,1,-1,0,-4,1,-1,-7,-3,0,-4,6,-8,-5,-4,12,-10,4,8,-9,-8,13,8,3,-11,-10
650.2.a.j,650,1,0,1,-1,0,1,6,-1,3,2,0,6,-4,7,0,1,-3,0,-6,8,-14,-3,-2,8,-12,-6,10
650.2.a.k,650,1,0,1,2,0,1,3,-1,-3,-4,6,-3,-1,-2,0,10,3,-3,-15,-13,13,0,10,-4,-15,6,4
650.2.a.l,650,1,0,1,2,0,4,-6,-1,6,2,-6,-6,2,-2,-6,-2,12,-6,6,2,4,-6,10,-4,0,-6,-2
650.2.a.m,650,1,0,1,3,0,0,-3,1,-7,1,-4,4,-10,12,-5,12,-4,6,-4,4,-5,0,-11,4,15,-11,-2
650.2.a.n,650,3,0,-3,0,0,2,6,-3,-4,2,-6,-2,12,8,2,12,10,-6,2,10,12,-8,18,28,16,-2,26
650.2.a.o,650,3,0,3,0,0,-2,6,3,4,2,6,-2,12,-8,2,-12,-10,6,2,10,-12,-8,-18,28,-16,-2,-26
651.2.a.a,651,1,0,-1,1,-2,1,0,-6,6,-4,-4,-2,-1,-10,-6,-8,8,-2,-4,-6,-4,-8,14,4,-4,14,-6
651.2.a.b,651,1,0,0,1,-3,1,0,5,0,2,3,3,1,2,9,8,0,-3,-12,-1,5,-6,-7,8,6,-12,-10
651.2.a.c,651,1,0,1,-1,-2,1,2,4,8,-4,6,6,-1,6,-10,2,-8,10,12,-12,8,4,-4,-6,8,8,14
651.2.a.d,651,1,0,1,-1,4,1,2,-2,2,8,-6,0,-1,6,8,-4,-2,4,-6,-6,-4,4,-10,12,-16,2,-10
651.2.a.e,651,1,0,1,1,-2,-1,-2,-4,0,-4,2,-2,1,-2,6,-2,-8,2,-4,-4,0,12,4,-2,8,0,-2
651.2.a.f,651,2,0,0,-2,2,-2,-4,2,0,4,6,14,2,12,6,0,12,-2,20,2,-18,-4,14,-16,12,0,-20
651.2.a.g,651,2,0,0,-2,4,-2,6,6,6,0,-2,-4,2,-4,8,-10,-8,8,0,14,-4,4,2,10,-4,6,24
651.2.a.h,651,2,0,1,-2,1,2,2,5,6,-2,-5,9,-2,-20,9,-4,14,3,6,15,1,6,-15,-4,-14,-26,-20
651.2.a.i,651,2,0,1,-2,3,2,-2,-9,-8,-6,11,7,-2,12,7,14,0,9,-8,5,5,-2,-5,-18,18,24,12
651.2.a.j,651,3,0,-1,-3,-4,3,-8,0,0,4,-2,-20,3,-12,0,-8,-6,-10,-4,-10,-8,-2,4,-6,10,-18,22
651.2.a.k,651,3,0,1,-3,-4,-3,2,-2,-2,-4,-8,-12,-3,-4,-12,26,-6,-14,-12,-24,28,-18,-2,-8,-6,-8,-14
651.2.a.l,651,6,0,0,6,8,-6,-6,10,8,4,-6,20,-6,14,8,-10,-14,2,12,12,-10,6,18,8,-14,10,-8
651.2.a.m,651,6,0,1,6,5,6,4,1,-4,-2,-3,7,6,2,-19,8,-14,3,-12,25,13,12,17,2,-24,14,16
652.2.a.a,652,2,0,0,0,0,-4,4,0,8,12,4,-16,4,0,-6,2,2,14,4,-6,4,2,4,0,2,4,-14
652.2.a.b,652,5,0,0,5,-1,8,6,0,5,-5,10,19,5,-11,23,8,15,-12,7,-10,-2,-1,-20,-24,34,-4,3
652.2.a.c,652,6,0,0,-5,-1,-8,-8,0,-13,-7,-14,3,-11,-11,-14,-11,-30,11,-5,1,12,-16,-14,30,-43,-4,-12
653.2.a.a,653,7,0,0,-9,5,-16,-9,7,3,-9,8,-8,5,16,-19,-15,-35,-18,10,-28,-33,-8,-37,-4,5,10,-28
653.2.a.b,653,17,0,-4,-10,-10,-9,-3,-37,-21,-36,-21,4,-32,-42,26,-69,29,9,-11,-3,-38,42,0,-47,-53,-2,-3
653.2.a.c,653,30,0,2,19,1,23,8,28,14,43,11,2,29,28,7,82,2,-19,11,27,51,6,41,29,22,-24,57
654.2.a.a,654,1,0,-1,1,-1,-2,-3,0,-4,-1,-1,-9,2,6,-2,0,1,-4,-4,-1,4,6,3,-8,-10,-15,1
654.2.a.b,654,1,0,1,-1,-1,-2,-5,-4,4,-3,-3,-1,-2,2,6,-4,3,-4,-4,-5,-4,6,11,0,6,5,1
654.2.a.c,654,3,0,-3,3,3,-3,6,-3,15,3,9,9,-9,-9,9,0,-3,0,6,6,-9,6,9,24,-9,6,-3
654.2.a.d,654,3,0,3,-3,1,5,2,1,-3,11,7,7,3,7,-9,20,-1,-8,2,-6,-5,-2,-7,0,-19,-22,-35
654.2.a.e,654,4,0,4,4,2,3,5,-1,1,-6,4,4,-3,-5,1,-12,6,0,-6,-11,5,12,-28,-12,5,-13,-26
654.2.a.f,654,5,0,-5,-5,-2,3,-1,5,-7,4,-8,8,13,13,17,8,-6,2,2,27,1,20,22,-8,-1,-3,8
655.2.a.a,655,1,0,-2,-3,-1,-3,-4,-5,-2,-6,-6,-6,-2,-8,5,1,-2,9,9,-7,-14,-8,16,-14,14,9,-10
655.2.a.b,655,8,0,-5,-7,8,-6,-4,-18,-23,7,0,-2,5,-35,-31,-8,-29,-29,-12,-12,-8,-2,-15,2,7,-49,-45
655.2.a.c,655,8,0,-3,-1,-8,0,-8,2,-15,-13,-4,-26,-19,11,-27,10,-11,-1,-20,-8,6,-28,-15,-4,-19,-61,11
655.2.a.d,655,13,0,4,5,13,2,0,12,21,3,14,0,-3,35,31,0,17,21,16,-14,12,16,13,-44,1,29,25
655.2.a.e,655,13,0,5,6,-13,-1,12,-5,25,9,8,12,7,-33,56,-15,21,-2,27,3,-20,10,-1,16,17,98,9
656.2.a.a,656,1,0,0,-2,2,2,-2,6,-6,2,0,6,8,10,1,0,6,-2,4,-2,10,2,-2,2,-12,10,-6
656.2.a.b,656,1,0,0,0,-2,2,0,-4,-2,-4,4,0,-4,-6,-1,-12,6,-4,4,10,-12,6,-2,2,4,-6,14
656.2.a.c,656,1,0,0,2,-2,4,2,4,-2,-6,8,0,8,2,-1,12,-4,-4,-8,-14,2,-8,10,-4,-12,-14,6
656.2.a.d,656,2,0,0,-2,0,-2,-6,0,4,-6,-4,0,4,-8,-2,0,-2,0,-12,-20,-2,18,-4,2,0,12,-12
656.2.a.e,656,2,0,0,0,0,4,0,0,4,8,-8,8,8,0,-2,-8,4,24,8,12,8,4,-16,12,-24,-12,-4
656.2.a.f,656,3,0,0,0,-2,-6,-2,-2,-6,-4,-4,-6,-16,-6,3,4,0,6,8,2,2,-20,-2,-32,0,-6,6
656.2.a.g,656,3,0,0,2,2,-4,4,-2,18,6,-8,10,-4,-2,3,12,-6,6,4,-14,4,-10,-2,-2,16,-14,14
656.2.a.h,656,3,0,0,4,-2,2,10,-2,-6,12,8,-6,-4,2,3,8,-8,-10,-12,10,6,8,10,-8,0,18,-26
656.2.a.i,656,4,0,0,-2,4,0,-4,0,-4,-6,12,-4,8,16,-4,-4,6,-16,-12,24,-28,2,8,18,12,4,16
657.2.a.a,657,1,0,-1,0,-2,2,2,-6,-2,8,-4,-2,-2,-6,-6,-2,-6,-10,6,-14,8,0,1,-4,14,6,-10
657.2.a.b,657,1,0,-1,0,4,2,4,-2,0,-4,0,-8,6,-2,10,-6,8,12,-4,-14,8,8,-1,8,-16,14,-2
657.2.a.c,657,1,0,0,0,3,-4,0,-4,-3,-1,-6,6,-10,-7,0,2,3,-9,9,-1,-13,-12,1,11,-15,18,5
657.2.a.d,657,1,0,2,0,1,2,4,-2,3,-1,0,10,-6,1,-2,6,-7,-3,-1,-5,-13,-10,-1,-1,11,2,-11
657.2.a.e,657,2,0,-1,0,1,-2,-7,-1,4,-14,-13,-2,6,8,12,6,-18,2,0,-9,4,-3,2,1,-7,-12,-5
657.2.a.f,657,2,0,3,0,3,-6,3,1,0,2,15,-6,2,-4,0,-2,6,-6,12,7,16,21,-2,-19,3,-12,-9
657.2.a.g,657,4,0,-1,0,-9,-4,-2,6,-9,1,-4,-10,-10,-11,-4,-10,-7,-11,-11,23,-23,-22,4,-3,-13,-8,5
657.2.a.h,657,4,0,0,0,0,-12,0,-4,0,-8,0,0,-8,-8,0,-16,0,0,0,-4,-28,0,-4,-32,0,0,-12
657.2.a.i,657,6,0,1,0,-5,8,2,4,3,5,6,4,4,13,6,-12,19,5,3,11,5,8,-6,5,5,-20,13
657.2.a.j,657,8,0,0,0,0,16,0,8,0,4,0,0,24,20,0,24,0,0,0,12,28,0,8,28,0,0,28
658.2.a.a,658,1,0,-1,-1,-1,-1,1,2,0,-2,8,8,-4,-1,9,5,1,1,15,-12,16,-2,13,14,-1,0,-8
658.2.a.b,658,1,0,-1,1,3,1,3,2,0,2,0,0,-4,-1,-3,-1,-1,9,9,-4,8,-6,-7,2,9,0,-16
658.2.a.c,658,1,0,-1,2,2,-1,-2,2,6,4,8,-4,8,-10,6,2,1,-14,-6,0,-14,16,-2,-16,14,-6,-2
658.2.a.d,658,1,0,1,-3,-1,1,1,-6,-2,0,-4,-6,2,-3,-5,-11,-1,-5,9,-4,4,0,11,16,-3,-12,2
658.2.a.e,658,1,0,1,-1,-1,-1,-5,2,-6,4,-4,-10,2,5,3,-1,1,-5,3,-12,4,4,-5,-4,-1,12,-2
658.2.a.f,658,1,0,1,0,-4,1,-2,0,-2,-6,-4,0,-4,-6,-2,10,-1,10,-12,2,-2,0,2,16,0,6,2
658.2.a.g,658,3,0,-3,-1,-7,3,-3,4,-16,4,-10,2,-6,-7,3,5,3,-5,3,-16,-14,-2,-15,-14,-17,-24,0
658.2.a.h,658,4,0,-4,-1,-1,-4,-7,-2,-2,0,-14,-10,-10,-1,-11,-11,-4,-19,-5,20,16,-38,-1,-10,-29,34,6
658.2.a.i,658,5,0,5,1,3,-5,7,6,2,4,6,6,-8,7,-11,7,-5,9,-15,-16,4,0,19,-20,-11,12,18
658.2.a.j,658,5,0,5,3,5,5,-1,4,10,-2,-2,-4,-8,3,25,-13,5,-11,7,8,-22,-20,-9,-8,23,0,-10
659.2.a.a,659,1,0,1,2,-3,-3,0,-1,-2,2,0,0,-3,-7,6,-1,-1,2,-6,1,11,3,7,-6,0,1,-12
659.2.a.b,659,1,0,2,1,2,0,1,5,6,-7,0,6,-6,-1,6,2,-12,-4,-12,-5,16,4,-1,0,6,1,12
659.2.a.c,659,16,0,-3,-9,-8,-3,-8,-29,-2,-26,1,-18,-28,-15,-24,0,-6,-3,9,-80,-19,2,-31,-14,16,-8,-6
659.2.a.d,659,37,0,-2,6,13,6,1,35,4,37,-1,16,39,37,2,11,9,27,9,136,-10,-11,47,10,-24,22,4
660.2.a.a,660,1,0,0,-1,-1,-2,-1,2,8,-2,8,0,0,2,0,6,8,6,-4,10,-12,8,10,-14,4,10,-18
660.2.a.b,660,1,0,0,-1,-1,0,1,-4,-2,2,-8,-4,-4,-2,-12,8,-4,-10,4,6,12,0,-16,6,-2,18,-2
660.2.a.c,660,1,0,0,1,-1,-4,-1,-4,-6,2,0,0,-4,-10,0,-4,12,6,12,-10,-4,0,8,-10,-6,-6,-10
660.2.a.d,660,1,0,0,1,-1,2,1,2,0,2,0,0,8,2,0,2,0,6,-12,2,-4,0,2,-10,-12,-6,14
660.2.a.e,660,2,0,0,-2,2,2,2,-2,6,0,0,16,4,8,16,-14,4,4,16,0,-8,0,-6,-8,-14,12,4
660.2.a.f,660,2,0,0,2,2,2,-2,6,2,4,0,4,-4,0,-4,2,-4,-12,0,8,0,-24,2,28,-26,4,-20
661.2.a.a,661,2,0,2,0,-2,-4,4,8,2,-2,6,-2,-8,-12,-2,12,4,-4,4,-16,18,2,12,6,-18,8,14
661.2.a.b,661,23,0,-9,-7,-11,-6,-50,-9,-11,-27,-23,-41,-14,-5,-19,-26,-33,-6,-85,-8,-18,-53,16,0,-54,-29,31
661.2.a.c,661,29,0,7,5,9,10,50,-11,5,25,23,35,10,5,25,14,-5,4,75,-2,-14,53,-22,-2,98,15,-45
662.2.a.a,662,1,0,-1,-2,1,-2,4,0,-7,5,0,2,-1,-8,-8,-5,0,1,-6,-12,-9,-7,-4,-1,4,6,-4
662.2.a.b,662,4,0,-4,-1,-5,-4,4,-13,8,-10,-5,-2,-3,-13,9,-7,1,-23,33,-8,-9,6,-18,-1,8,-2,-20
662.2.a.c,662,4,0,4,-5,-3,-8,-6,-11,-8,-6,-9,8,-7,-1,-5,-5,-13,3,-3,12,-7,16,-2,1,-10,2,-8
662.2.a.d,662,9,0,-9,6,5,6,-5,20,3,4,-1,11,8,16,-11,15,-3,13,0,15,39,-11,20,22,-4,-27,30
662.2.a.e,662,10,0,10,6,0,8,7,8,4,21,-5,-11,7,-2,-1,4,3,-16,8,-15,12,-4,-8,-17,-2,-1,26
663.2.a.a,663,1,0,-1,-1,-2,0,4,1,1,-4,0,-2,-8,-2,2,-4,8,-10,4,14,-4,0,-14,-8,-4,-6,-6
663.2.a.b,663,1,0,-1,1,0,-2,-2,-1,1,0,-8,-6,6,4,-12,-4,0,-6,0,-2,0,10,-4,12,-4,-10,16
663.2.a.c,663,1,0,1,-1,-4,2,6,-1,1,4,0,-6,10,-4,0,12,8,2,-8,-10,12,2,4,-4,-12,-6,8
663.2.a.d,663,3,0,-3,3,-6,-2,-8,3,-3,-4,-4,-6,-2,-8,-14,8,2,2,-10,-6,0,-20,-12,0,-30,0,-20
663.2.a.e,663,3,0,-1,-3,0,-4,2,-3,-3,-4,0,2,4,-14,-16,0,10,-14,2,-26,0,-2,-6,-20,18,0,-18
663.2.a.f,663,5,0,1,-5,2,8,-4,5,-5,0,8,2,16,22,10,8,4,22,-20,2,0,4,22,16,-16,-14,10
663.2.a.g,663,5,0,3,5,0,2,10,-5,-5,-8,4,18,-2,-4,8,8,0,14,12,-18,8,-14,0,4,8,-30,12
663.2.a.h,663,6,0,2,-6,0,2,-12,-6,6,0,0,12,-14,6,-8,8,2,0,-18,20,20,-8,10,-24,-10,6,14
663.2.a.i,663,6,0,4,6,4,2,8,6,6,-4,0,-4,-10,2,12,-16,14,8,18,-12,-8,12,6,-8,6,26,-2
664.2.a.a,664,1,0,0,-3,-4,-5,-3,-4,-3,-4,0,5,-5,-3,-2,-4,-2,-6,7,-15,-6,-6,-10,-8,-1,-12,16
664.2.a.b,664,1,0,0,-1,0,1,-1,-4,-3,4,0,-3,-7,5,-10,-4,-6,-10,5,1,2,-2,14,0,1,0,-12
664.2.a.c,664,1,0,0,1,-2,-1,-3,2,-3,-2,-4,-3,7,-7,-2,8,0,6,-5,1,10,6,-16,10,1,-8,0
664.2.a.d,664,4,0,0,2,1,5,6,1,1,5,11,10,7,2,1,5,16,7,2,-6,7,12,-28,0,4,-8,-14
664.2.a.e,664,6,0,0,-3,-4,-5,-11,-4,-5,-10,-11,-17,-13,-5,-9,-20,-6,2,-21,-5,-16,-10,44,-2,-6,-2,46
664.2.a.f,664,8,0,0,2,7,1,10,7,15,7,4,16,3,8,24,-1,-2,7,-2,16,-25,8,14,-4,-8,20,2
665.2.a.a,665,1,0,-2,-1,1,1,-3,-1,3,-1,4,5,-8,-12,-8,4,-7,4,-10,2,-12,-8,-6,-15,4,10,-7
665.2.a.b,665,1,0,-2,3,1,1,-3,3,3,1,-4,1,8,-4,-8,-4,1,-12,6,-6,4,0,10,13,4,-6,5
665.2.a.c,665,1,0,-1,-1,-1,1,4,0,-1,1,-3,-6,0,-11,5,-7,-8,-3,2,-8,2,1,-11,-12,0,10,-2
665.2.a.d,665,1,0,1,-1,1,1,0,-4,-3,-1,1,-10,-8,3,1,-11,-4,-5,14,8,-6,-5,15,-12,4,-14,14
665.2.a.e,665,1,0,1,0,1,-1,-4,-2,2,1,-8,6,-8,-6,6,4,8,-6,-12,-2,4,-12,-6,12,-4,-10,2
665.2.a.f,665,2,0,-2,-1,2,-2,-8,-2,-1,2,7,-4,-4,7,-19,-17,-4,-1,10,-22,10,-1,-7,-12,8,0,-12
665.2.a.g,665,3,0,1,1,3,-3,8,0,-1,-3,1,8,14,-5,13,-3,0,1,20,0,8,-7,13,18,16,-20,8
665.2.a.h,665,4,0,1,2,-4,-4,-7,9,6,4,5,-7,14,-11,-3,13,23,-5,2,6,24,7,-3,19,0,6,31
665.2.a.i,665,6,0,-1,-4,-6,-6,5,-15,-8,-6,-5,3,-24,-1,-1,-5,-13,7,16,2,-22,1,-29,-7,-36,4,-3
665.2.a.j,665,7,0,3,1,-7,7,0,4,-3,-7,11,-12,18,31,-5,23,-4,9,-8,-12,12,-21,-1,30,-12,-4,4
665.2.a.k,665,8,0,2,-3,8,8,16,2,-7,8,7,6,6,3,-7,23,0,-11,4,18,4,13,-1,10,-20,-2,-42
666.2.a.a,666,1,0,-1,0,0,-1,-3,-1,3,-7,-3,0,2,1,6,-4,-6,-9,0,-10,2,-12,5,2,-3,3,2
666.2.a.b,666,1,0,-1,0,0,3,-1,1,3,3,1,4,-6,-1,10,12,6,1,0,2,2,0,-3,14,-9,3,-10
666.2.a.c,666,1,0,-1,0,2,-3,5,-3,3,5,3,0,4,1,6,4,-4,-3,14,-14,12,12,13,6,-7,-1,-12
666.2.a.d,666,1,0,1,0,-4,-1,1,-3,-3,-5,-5,-4,-10,-1,6,4,-2,11,12,10,14,0,-11,-10,9,-11,10
666.2.a.e,666,1,0,1,0,-2,-3,-5,-3,-3,5,-3,0,4,1,-6,4,4,3,-14,-14,12,-12,13,6,7,1,-12
666.2.a.f,666,1,0,1,0,-2,0,4,6,-6,8,0,6,4,1,6,-8,-8,-6,4,-2,-12,0,10,-12,4,10,-6
666.2.a.g,666,1,0,1,0,4,3,-5,3,-3,-7,-9,0,-2,1,-6,4,10,-3,4,-2,6,12,13,-6,-5,-11,6
666.2.a.h,666,2,0,-2,0,-4,1,-1,1,-3,-3,-5,-6,-10,-2,-14,-6,4,-1,-10,-8,-12,12,3,-12,-1,-3,14
666.2.a.i,666,2,0,-2,0,-1,-2,5,1,0,0,1,3,17,-2,-17,-6,-2,8,14,19,-9,12,3,3,20,12,8
666.2.a.j,666,2,0,2,0,1,2,1,-1,12,4,3,-3,3,2,-9,-6,-2,12,-14,-3,11,-12,-21,-7,-20,4,-4
666.2.a.k,666,2,0,2,0,4,1,1,1,3,-3,5,6,-10,-2,14,-6,-4,1,10,-8,-12,-12,3,-12,1,3,14
667.2.a.a,667,10,0,-3,-9,-10,1,0,-13,-22,-2,10,10,-22,-9,-25,3,-17,-43,-7,-6,11,-17,-44,5,-32,-10,6
667.2.a.b,667,12,0,-3,-3,-16,-7,-6,-15,-18,-6,-12,-12,16,-1,3,-23,-35,-45,-11,4,-19,19,10,17,-12,-20,-12
667.2.a.c,667,13,0,4,3,16,1,10,7,26,0,-13,13,-6,15,9,1,15,43,-9,20,1,17,26,5,4,48,30
667.2.a.d,667,16,0,3,5,16,1,4,15,20,-4,16,-16,0,5,7,-17,29,63,11,0,-13,-23,-38,-27,36,-16,-30
668.2.a.a,668,2,0,0,1,-6,3,0,9,1,4,-1,8,6,8,2,12,-4,-2,-6,-8,2,-3,-17,20,4,-6,-9
668.2.a.b,668,5,0,0,3,10,9,5,-4,-2,5,6,-5,9,8,-4,8,13,-2,4,11,28,2,8,-10,2,-17,-27
668.2.a.c,668,7,0,0,-4,-2,-12,-7,-9,-1,-11,-19,-5,-13,-26,-2,-24,-11,4,-4,-5,-42,9,27,-8,16,9,-8
669.2.a.a,669,1,0,1,-1,3,-4,0,-4,-2,-8,6,8,-10,-5,-8,-8,1,2,0,-8,9,0,17,1,9,-4,16
669.2.a.b,669,2,0,-2,-2,-6,4,-4,12,0,-12,-8,0,-8,-10,0,-4,18,-16,0,0,-14,-8,-6,-2,2,8,-16
669.2.a.c,669,2,0,-1,2,2,-6,-9,-2,-3,-4,1,-11,4,-11,14,-9,6,5,2,12,-22,-21,-4,-26,-5,14,7
669.2.a.d,669,2,0,1,-2,-6,-2,-5,4,-5,8,1,-3,-4,1,-8,-1,-14,9,-14,-22,-14,27,20,2,-13,-12,-1
669.2.a.e,669,3,0,-2,-3,0,1,-4,-4,-1,-5,2,-15,-17,13,5,5,-11,9,-18,12,16,-20,-21,-16,-29,-23,22
669.2.a.f,669,3,0,-1,-3,2,-1,-8,-4,-5,-11,-8,-9,13,1,-23,7,-1,-19,-16,8,-2,-20,3,16,-1,9,22
669.2.a.g,669,3,0,-1,3,-5,-4,-2,-8,4,-16,0,12,-14,1,-16,-8,-7,12,-24,-16,5,20,-29,13,-7,-4,-24
669.2.a.h,669,7,0,2,-7,3,-2,15,-2,5,20,9,9,10,-16,16,-5,21,5,26,12,-3,21,-23,13,26,20,-9
669.2.a.i,669,14,0,0,14,1,14,13,10,1,32,-7,-1,18,16,6,15,-21,-17,12,28,17,-3,17,23,18,10,29
670.2.a.a,670,1,0,-1,-2,1,-1,3,-4,0,2,0,-6,2,-7,-12,-4,0,-6,-12,11,1,-9,-10,2,-3,-3,5
670.2.a.b,670,1,0,-1,0,1,1,-5,-2,-6,2,-4,0,0,3,10,-6,-6,-12,14,-15,1,5,-4,14,-7,-15,13
670.2.a.c,670,1,0,1,-2,-1,1,-3,-4,4,-2,-8,-10,-10,1,8,4,-4,-6,0,-3,1,-9,14,6,5,13,19
670.2.a.d,670,1,0,1,0,-1,-5,-3,6,-6,-2,-4,0,-4,7,-2,2,2,4,6,-13,1,-15,-8,-14,9,-15,3
670.2.a.e,670,2,0,-2,0,-2,2,-6,0,-4,-4,0,-4,-4,-2,-12,12,-8,-4,-12,2,-2,-18,8,-20,18,-6,-22
670.2.a.f,670,2,0,2,-4,2,-6,-10,-4,0,-4,0,0,8,-14,0,-16,-4,-16,0,10,-2,10,4,4,2,-14,-18
670.2.a.g,670,3,0,-3,4,3,1,3,4,8,-8,10,-2,0,-1,12,-6,8,12,-4,3,-3,13,16,-12,31,11,9
670.2.a.h,670,3,0,3,0,-3,3,9,0,0,0,6,6,0,3,12,6,0,0,-12,-3,-3,9,-24,0,-9,-21,-21
670.2.a.i,670,3,0,3,2,3,1,3,2,-2,0,6,4,-2,3,-10,4,-2,-2,6,-19,3,-1,-14,8,5,-1,-9
670.2.a.j,670,4,0,-4,-2,-4,-5,9,-12,0,4,6,18,2,9,12,-16,10,8,18,-11,4,27,4,-20,9,17,-5
671.2.a.a,671,5,0,-2,0,-2,-1,5,-10,-3,-13,0,-7,-13,-6,-9,2,-3,3,-14,5,-5,3,-4,-27,-3,-12,-5
671.2.a.b,671,6,0,0,-1,-1,-5,-6,-4,-5,-3,-3,-1,-10,-19,-7,-2,5,-9,-5,-6,-14,-14,-14,5,17,-25,-24
671.2.a.c,671,19,0,5,0,0,9,19,8,9,17,-10,27,7,20,19,20,-19,3,-28,-19,3,-19,20,69,1,0,21
671.2.a.d,671,21,0,0,3,7,5,-21,20,1,15,11,-9,22,21,7,16,5,9,13,21,38,12,20,1,-19,37,68
672.2.a.a,672,1,0,0,-1,-4,-1,2,-2,0,4,6,-10,8,10,-4,8,4,10,-8,-6,-4,-14,6,-4,12,4,-2
672.2.a.b,672,1,0,0,-1,-2,1,4,-6,-2,-4,4,-2,-8,-10,-2,-8,0,-10,12,10,8,-12,2,0,-12,6,2
672.2.a.c,672,1,0,0,-1,0,-1,-2,-2,4,-4,-6,-2,0,-6,8,-8,-4,-6,0,-14,4,-2,-2,4,12,0,6
672.2.a.d,672,1,0,0,-1,2,-1,0,2,2,4,0,6,0,6,-6,8,8,6,-12,10,16,-8,-6,8,-12,-14,-6
672.2.a.e,672,1,0,0,1,-4,1,-2,-2,0,-4,-6,-10,-8,10,-4,-8,-4,10,8,-6,4,14,6,4,-12,4,-2
672.2.a.f,672,1,0,0,1,-2,-1,-4,-6,-2,4,-4,-2,8,-10,-2,8,0,-10,-12,10,-8,12,2,0,12,6,2
672.2.a.g,672,1,0,0,1,0,1,2,-2,4,4,6,-2,0,-6,8,8,4,-6,0,-14,-4,2,-2,-4,-12,0,6
672.2.a.h,672,1,0,0,1,2,1,0,2,2,-4,0,6,0,6,-6,-8,-8,6,12,10,-16,8,-6,-8,12,-14,-6
672.2.a.i,672,2,0,0,-2,0,2,-4,4,8,0,-4,4,8,-4,16,16,-8,-4,16,-4,-8,-12,12,8,8,0,-4
672.2.a.j,672,2,0,0,2,0,-2,4,4,8,0,4,4,-8,-4,16,-16,8,-4,-16,-4,8,12,12,-8,-8,0,-4
673.2.a.a,673,2,0,2,0,0,4,-6,-6,0,-4,8,-18,6,-6,16,-12,10,10,10,12,6,4,-2,-14,28,-14,14
673.2.a.b,673,4,0,-1,4,-4,4,-4,1,0,2,11,26,-3,-16,31,5,2,3,2,-11,23,-15,11,-2,-2,14,13
673.2.a.c,673,24,0,3,9,20,7,28,6,30,7,46,-2,15,14,-44,4,102,20,9,-12,-27,72,-33,15,49,13,-40
673.2.a.d,673,25,0,-7,-15,-16,-21,-14,-9,-32,-3,-71,-8,-8,-10,-15,-11,-88,-41,-35,5,-14,-41,-14,-11,-41,-17,-11
674.2.a.a,674,1,0,-1,1,-2,0,4,-6,-2,-2,5,-9,-3,-4,-5,5,2,9,12,-11,8,-16,-4,-8,-6,0,-18
674.2.a.b,674,1,0,1,-3,-2,2,2,-4,0,-8,-3,-9,-3,0,-1,5,12,-7,-12,-3,2,4,0,-2,14,-8,-16
674.2.a.c,674,1,0,1,0,-2,-4,2,2,-6,-2,-6,6,-6,-6,-10,8,12,14,-6,6,2,-2,-6,-8,14,-14,2
674.2.a.d,674,2,0,-2,-4,2,0,-4,0,8,-4,-2,6,-18,-8,-4,-8,-8,-6,0,-10,-8,-26,4,-4,12,-12,0
674.2.a.e,674,2,0,-2,0,0,8,0,8,4,0,-4,0,-4,8,0,8,8,0,8,0,24,12,12,-16,-16,-20,4
674.2.a.f,674,2,0,-2,3,0,-7,-6,-2,1,-10,-8,2,-4,10,6,-6,0,16,-15,-8,-1,15,-18,-19,2,15,7
674.2.a.g,674,2,0,2,-1,-4,-1,-6,-8,-5,-6,14,2,-6,0,-2,-10,-16,-4,21,-16,-1,13,0,11,-2,19,13
674.2.a.h,674,7,0,-7,0,-4,1,-2,4,-13,22,9,1,39,2,9,3,6,-1,9,21,-3,-9,0,45,22,19,5
674.2.a.i,674,11,0,11,4,8,5,4,12,7,12,-9,9,13,0,13,-1,-20,-5,5,9,-21,-27,10,-19,2,-17,13
675.2.a.a,675,1,0,-2,0,0,3,2,5,-8,1,6,-2,0,-5,10,-4,4,-2,8,7,9,-2,5,-3,6,12,13
675.2.a.b,675,1,0,-1,0,0,0,-5,5,-4,-2,3,-10,6,-5,-10,-10,5,2,-5,-11,0,5,-10,12,-12,0,-5
675.2.a.c,675,1,0,-1,0,0,0,5,-5,-4,-2,3,10,6,5,10,10,5,2,5,-11,0,-5,10,12,-12,0,5
675.2.a.d,675,1,0,0,0,0,-4,0,5,0,8,0,0,11,-1,0,-13,0,0,0,14,5,0,17,-13,0,0,14
675.2.a.e,675,1,0,0,0,0,1,0,-5,0,-7,0,0,-4,-11,0,-8,0,0,0,-1,-5,0,7,17,0,0,19
675.2.a.f,675,1,0,0,0,0,4,0,-5,0,8,0,0,11,1,0,13,0,0,0,14,-5,0,-17,-13,0,0,-14
675.2.a.g,675,1,0,1,0,0,0,-5,-5,4,-2,-3,-10,6,5,-10,10,-5,-2,-5,-11,0,5,10,12,12,0,5
675.2.a.h,675,1,0,1,0,0,0,5,5,4,-2,-3,10,6,-5,10,-10,-5,-2,5,-11,0,-5,-10,12,12,0,-5
675.2.a.i,675,1,0,2,0,0,3,-2,5,8,1,-6,2,0,-5,-10,-4,-4,2,-8,7,9,2,5,-3,-6,-12,13
675.2.a.j,675,2,0,-3,0,0,0,0,0,-12,-4,-6,0,-8,0,0,0,0,-24,0,-2,0,0,0,-16,-6,0,0
675.2.a.k,675,2,0,-1,0,0,-2,-2,-6,-4,0,-6,-10,-4,-4,2,6,-4,-4,10,6,16,-22,-18,-16,6,6,-16
675.2.a.l,675,2,0,0,0,0,-6,0,-6,0,2,0,0,4,-18,0,-12,0,0,0,-26,6,0,-18,-10,0,0,-6
675.2.a.m,675,2,0,0,0,0,6,0,6,0,2,0,0,4,18,0,12,0,0,0,-26,-6,0,18,-10,0,0,6
675.2.a.n,675,2,0,0,0,0,-6,0,4,0,2,0,0,-6,2,0,-2,0,0,0,14,-24,0,22,30,0,0,14
675.2.a.o,675,2,0,0,0,0,6,0,-4,0,2,0,0,-6,-2,0,2,0,0,0,14,24,0,-22,30,0,0,-14
675.2.a.p,675,2,0,1,0,0,-2,2,-6,4,0,6,10,-4,-4,-2,6,4,4,-10,6,16,22,-18,-16,-6,-6,-16
675.2.a.q,675,2,0,3,0,0,0,0,0,12,-4,6,0,-8,0,0,0,0,24,0,-2,0,0,0,-16,6,0,0
676.2.a.a,676,1,0,0,-2,-3,-4,0,0,3,2,-6,9,2,-7,3,-4,-6,9,0,5,2,-6,-1,-4,12,6,14
676.2.a.b,676,1,0,0,-2,3,4,0,0,3,-2,-6,9,-2,7,-3,-4,6,9,0,5,-2,6,1,-4,-12,-6,-14
676.2.a.c,676,1,0,0,0,-2,2,2,0,6,6,8,2,-10,6,6,4,2,6,10,-2,-10,-10,-2,-4,6,6,-2
676.2.a.d,676,1,0,0,3,-2,-1,5,0,3,3,-1,-1,8,-3,-3,1,-4,-6,-5,-5,-7,11,-14,-4,-12,9,1
676.2.a.e,676,1,0,0,3,2,1,-5,0,3,-3,-1,-1,-8,3,3,1,4,-6,5,-5,7,-11,14,-4,12,-9,-1
676.2.a.f,676,2,0,0,-2,0,0,0,0,-6,0,-6,-18,0,0,0,-10,0,-12,0,-10,0,0,0,8,0,0,0
676.2.a.g,676,3,0,0,0,-8,1,-6,0,-10,-4,3,-1,-5,-4,-25,5,8,-3,-9,8,9,9,-1,9,-11,-25,13
676.2.a.h,676,3,0,0,0,8,-1,6,0,-10,4,3,-1,5,4,25,5,-8,-3,9,8,-9,-9,1,9,11,25,-13
677.2.a.a,677,1,0,-1,-1,0,1,-3,6,6,-7,-4,8,-8,3,-11,0,-3,-8,0,-14,-7,-8,4,-2,7,12,-7
677.2.a.b,677,2,0,-1,-3,0,-4,0,1,-2,4,-3,-1,-6,-1,-1,-10,9,12,-21,12,-16,-3,16,-13,-11,23,5
677.2.a.c,677,18,0,-2,-12,-3,-18,-11,-19,-11,-15,-14,-5,-7,-43,11,-67,-18,-9,7,-16,-65,-6,-44,-8,-4,-1,-19
677.2.a.d,677,35,0,4,18,3,23,16,10,5,20,31,0,31,37,-15,105,16,9,2,0,118,-17,20,25,10,-22,13
678.2.a.a,678,1,0,-1,-1,1,1,-6,-5,-1,6,1,-2,5,-8,-12,2,-8,-2,-5,-5,2,1,8,16,-16,18,-14
678.2.a.b,678,1,0,-1,1,-1,-3,2,-5,1,-2,-5,2,-7,-8,0,6,0,-2,9,3,-10,-5,-8,8,-8,-2,10
678.2.a.c,678,1,0,1,-1,0,-4,-4,-2,-2,0,-2,0,0,4,6,-8,-6,-6,-4,10,8,-6,2,2,-4,-6,-2
678.2.a.d,678,1,0,1,1,-4,4,4,-2,6,0,-6,-4,0,8,6,8,-2,-14,-12,2,-8,-2,-14,-10,-12,-6,-2
678.2.a.e,678,1,0,1,1,-1,1,-2,7,-3,6,3,2,-3,-4,0,2,-8,-2,-3,-1,-2,-5,4,-4,0,6,-14
678.2.a.f,678,1,0,1,1,2,0,4,-2,-6,-4,-4,10,0,10,-6,4,-4,-2,-4,-10,12,-12,-6,12,12,-6,18
678.2.a.g,678,2,0,-2,-2,-4,0,4,4,-4,0,-8,-12,0,-4,0,-8,-8,-20,0,-12,-8,8,-12,-16,12,-20,0
678.2.a.h,678,2,0,-2,-2,4,1,3,0,11,-5,1,4,-9,9,4,5,17,13,12,2,13,-5,0,-8,13,-3,-9
678.2.a.i,678,2,0,2,2,4,1,-3,-4,7,1,1,-20,11,-9,-12,-13,13,-1,12,2,3,-1,8,4,-17,-23,-1
678.2.a.j,678,3,0,3,-3,1,2,7,-1,0,5,16,-2,-8,1,8,3,11,5,-1,-27,15,18,-12,-8,-13,-3,1
678.2.a.k,678,4,0,-4,4,0,5,3,8,-3,5,3,0,11,11,-12,11,3,9,0,2,11,9,20,-4,-3,3,-1
679.2.a.a,679,2,0,-1,2,-4,2,4,-2,6,-4,-14,4,0,6,14,-8,2,-2,24,-12,-16,0,-6,0,-12,-4,-2
679.2.a.b,679,4,0,-1,1,2,-4,-6,-1,-15,-2,-9,-6,-15,-14,-21,9,24,-13,7,3,-18,12,21,12,-17,11,-4
679.2.a.c,679,4,0,-1,1,-7,-4,-5,0,2,0,-8,-15,22,7,-7,-12,-10,-3,-27,-5,11,-12,-6,-17,10,-58,-4
679.2.a.d,679,8,0,-2,-4,-9,8,-7,-1,-21,-6,-5,-19,-19,9,-20,-7,-28,-8,-18,-12,15,-8,-3,11,-5,-47,8
679.2.a.e,679,14,0,2,4,19,14,5,9,29,4,17,5,9,-15,30,1,36,16,2,2,15,-8,19,-37,37,71,-14
679.2.a.f,679,17,0,4,0,5,-17,17,1,13,0,15,25,-5,13,22,1,-28,36,0,22,-15,16,-7,27,-29,73,17
680.2.a.a,680,1,0,0,-1,1,2,4,-1,1,-1,6,-5,3,4,6,10,5,-3,3,5,-6,-9,13,8,-8,-1,-1
680.2.a.b,680,1,0,0,0,-1,0,0,-2,1,-4,-8,2,-8,2,2,-4,0,6,-4,-6,4,-8,2,0,4,-6,18
680.2.a.c,680,1,0,0,2,1,2,-2,2,1,8,-6,-2,6,-2,-6,-8,8,6,0,-10,12,6,-14,2,-8,-10,2
680.2.a.d,680,2,0,0,-2,2,-6,-2,0,-2,-4,-10,0,2,-8,0,4,-16,-4,12,-12,-8,-18,-8,-2,-4,20,-12
680.2.a.e,680,2,0,0,0,-2,0,-4,-8,-2,-8,8,-4,4,-4,-12,-4,12,-4,0,-12,4,12,-20,-12,4,8,-4
680.2.a.f,680,3,0,0,1,-3,0,2,5,3,11,0,5,3,4,6,10,-25,19,7,3,-10,-25,9,-2,-16,15,-13
680.2.a.g,680,3,0,0,1,-3,6,0,7,-3,3,6,9,17,-4,-6,18,13,-23,-9,-1,-10,13,-1,16,0,-9,-3
680.2.a.h,680,3,0,0,3,3,4,-2,5,-3,-1,-4,7,-3,12,10,6,-5,-13,-21,13,14,-11,-5,-18,4,11,37
681.2.a.a,681,1,0,-2,-1,-4,-3,-5,-2,-6,-5,-3,-9,10,-2,-2,-9,0,-5,15,2,4,13,-9,-8,-6,-1,2
681.2.a.b,681,1,0,0,-1,0,1,1,0,0,-5,-5,-7,-6,2,10,-1,-12,-3,9,-10,2,11,3,-16,-6,1,-10
681.2.a.c,681,1,0,0,1,-2,1,3,-6,-4,-1,-7,-9,0,4,-8,-1,8,-9,3,-2,16,-3,11,16,16,-1,-2
681.2.a.d,681,1,0,0,1,4,1,1,4,-8,-5,3,1,6,-10,6,7,4,-3,9,-10,-2,-5,3,8,-10,9,-2
681.2.a.e,681,1,0,1,-1,2,0,4,-2,6,4,0,6,4,-2,-2,12,0,-2,12,-10,-8,-8,-6,16,-12,2,2
681.2.a.f,681,6,0,-5,6,-10,-8,-13,4,-2,-15,-10,-7,-29,-7,-5,4,-32,-10,-20,14,2,-29,-6,-28,-21,-30,16
681.2.a.g,681,6,0,-1,-6,0,-8,-7,-6,0,-11,8,15,-25,-17,-27,-4,0,32,-40,-8,-4,-19,-18,-20,3,-12,8
681.2.a.h,681,10,0,-1,-10,-4,12,-3,10,-8,25,0,-3,37,13,7,16,26,-18,8,20,28,29,16,4,5,14,14
681.2.a.i,681,10,0,5,10,8,0,7,-8,16,9,10,11,15,-7,-1,-24,22,28,24,10,-2,59,-16,-12,11,0,-14
682.2.a.a,682,1,0,1,-2,0,-1,-1,-4,-3,2,-3,-6,1,-7,0,-1,-6,-6,3,8,5,12,2,-10,15,0,17
682.2.a.b,682,1,0,1,0,-2,-3,1,-4,3,-2,-7,-4,-1,7,6,-1,4,-6,9,-6,3,-10,-2,10,-13,6,-7
682.2.a.c,682,2,0,-2,0,0,2,2,0,6,-4,6,12,-2,-2,8,2,8,8,6,8,6,12,8,4,14,-16,-2
682.2.a.d,682,2,0,-2,2,2,-4,-2,0,6,8,8,-6,2,-2,-6,4,10,4,12,-18,8,6,0,-8,0,14,6
682.2.a.e,682,2,0,2,0,0,-2,2,8,6,-4,10,-12,2,2,16,2,8,0,-18,-8,-10,4,-16,4,6,-8,-10
682.2.a.f,682,3,0,3,1,1,5,3,-5,7,3,-5,17,3,-6,-14,10,-4,16,-2,7,-20,0,5,-10,6,2,-5
682.2.a.g,682,4,0,-4,-3,-3,0,-4,7,-4,-5,-4,-1,-4,-11,-22,-11,-30,-26,-19,11,-11,-24,19,16,-11,10,12
682.2.a.h,682,4,0,-4,-3,-1,-6,4,-7,-4,-1,-10,-9,4,-5,0,-11,-4,-14,-5,7,-21,-2,-15,-8,-35,-24,-4
682.2.a.i,682,6,0,6,1,5,1,-6,3,1,-9,5,7,-6,14,14,-30,14,6,14,-3,16,2,-7,-14,-34,10,3
683.2.a.a,683,2,0,0,3,-2,4,6,-2,-6,7,8,-7,12,6,8,-6,6,-7,3,9,5,-1,-12,4,23,-20,11
683.2.a.b,683,24,0,-4,-8,-16,-24,-4,-56,-21,-23,0,-16,-14,-71,-4,-27,-17,-21,18,-75,-15,34,-91,-3,-15,8,-80
683.2.a.c,683,31,0,2,3,18,20,-4,62,27,16,0,21,2,59,-2,37,-15,8,-3,74,-2,1,107,-3,-20,6,51
684.2.a.a,684,1,0,0,0,-2,0,-2,2,-6,-1,-2,-4,-8,-2,8,-8,-2,4,0,2,12,4,6,-16,-6,0,-2
684.2.a.b,684,1,0,0,0,1,-3,-5,-4,3,-1,-8,2,4,10,-10,1,1,4,-6,-13,-12,-2,9,8,12,-12,-8
684.2.a.c,684,1,0,0,0,3,1,5,-6,5,1,-4,-6,6,-8,8,9,-1,-2,8,11,0,4,-11,-8,4,-10,-10
684.2.a.d,684,2,0,0,0,-3,1,3,4,3,2,6,6,-2,-2,0,1,21,-6,0,-11,4,24,-5,16,-6,-18,28
684.2.a.e,684,2,0,0,0,0,6,0,4,0,-2,0,0,20,8,0,2,0,0,0,-14,24,0,-6,-8,0,0,-28
685.2.a.a,685,1,0,1,0,-1,3,-6,1,2,-6,-2,-8,-1,8,-6,2,-6,1,2,-5,12,-8,-10,7,0,14,7
685.2.a.b,685,8,0,-3,-5,8,-4,-23,-3,-3,-25,-13,-11,-22,-2,-13,-8,9,7,-35,-13,6,-12,17,-37,-26,-18,24
685.2.a.c,685,11,0,-6,-7,-11,-9,-13,-10,-15,13,-21,-17,21,-12,5,-38,-13,-32,-17,4,-34,-30,11,12,-38,-4,-19
685.2.a.d,685,11,0,6,7,-11,6,21,3,13,-5,21,17,-22,12,13,16,5,17,-3,-9,6,-8,13,-13,24,-4,-4
685.2.a.e,685,14,0,5,5,14,0,21,-5,5,23,7,21,28,-16,7,12,9,1,21,-11,10,22,-25,35,0,14,-22
686.2.a.a,686,3,0,-3,-1,0,0,0,-9,-4,-13,7,3,-16,6,-11,-11,8,-3,4,-31,23,7,-27,-32,11,-10,-5
686.2.a.b,686,3,0,-3,1,0,0,0,9,4,13,7,3,16,6,11,-11,-8,-3,-4,31,23,7,27,-32,-11,10,5
686.2.a.c,686,3,0,3,-5,-4,0,-6,-7,2,-11,-5,-15,-12,-12,7,-1,-4,1,2,-11,-13,13,9,2,7,24,7
686.2.a.d,686,3,0,3,5,4,0,-6,7,-2,11,-5,-15,12,-12,-7,-1,4,1,-2,11,-13,13,-9,2,-7,-24,-7
686.2.a.e,686,6,0,-6,0,0,0,0,0,0,0,-14,20,0,12,0,20,0,-20,0,0,4,-14,0,62,0,0,0
686.2.a.f,686,6,0,6,0,0,0,16,0,0,0,18,12,0,4,0,12,0,-12,0,0,-12,-2,0,18,0,0,0
687.2.a.a,687,2,0,-2,-2,-1,-1,4,-2,-9,6,3,-2,-7,-11,-18,-6,-13,15,-7,-5,15,-18,-24,17,-28,4,-5
687.2.a.b,687,5,0,-2,5,-3,-10,-2,-13,-14,-17,3,2,-11,-7,-19,-14,4,6,14,2,-16,16,-34,-10,1,-5,-19
687.2.a.c,687,7,0,-2,-7,-6,-3,-10,-5,-17,9,-14,-8,6,2,-11,12,-11,-35,-7,-11,-3,10,-40,13,-17,-7,-40
687.2.a.d,687,10,0,3,-10,9,2,6,13,26,-13,11,10,-7,3,37,-10,18,20,12,0,-36,0,40,-10,11,21,23
687.2.a.e,687,15,0,2,15,7,12,-2,17,20,23,1,-8,7,7,5,14,-2,-8,-8,20,24,-16,60,10,5,-11,39
688.2.a.a,688,1,0,0,0,-2,2,-1,-1,-7,6,-9,4,-1,-4,-11,-1,0,11,-12,0,-7,10,-4,8,3,6,3
688.2.a.b,688,1,0,0,2,-4,0,-3,-5,-3,2,1,-6,1,0,5,1,-4,-5,12,2,3,-2,2,8,-15,-4,7
688.2.a.c,688,1,0,0,2,0,4,3,-1,-3,-2,3,6,-5,8,-3,-1,12,-9,12,-10,-11,-6,-10,-8,15,0,-1
688.2.a.d,688,2,0,0,-4,0,0,-2,-6,2,4,-6,-4,2,-8,-2,2,-12,-10,-4,4,2,-20,4,4,-14,8,22
688.2.a.e,688,2,0,0,-1,-3,0,4,0,-1,-11,-3,-7,-13,-5,-5,2,-3,-10,-16,4,-4,16,4,1,10,2,-11
688.2.a.f,688,2,0,0,0,4,4,2,2,10,4,-2,0,6,0,-2,-2,-12,22,4,8,-2,12,-24,-4,-18,-12,-2
688.2.a.g,688,2,0,0,1,3,-4,0,4,-9,-1,9,3,-1,1,3,-2,9,6,-12,4,20,0,28,5,6,6,-11
688.2.a.h,688,2,0,0,2,-2,2,6,-6,6,8,2,2,10,4,6,2,0,2,4,-22,2,0,10,-20,-6,10,-14
688.2.a.i,688,3,0,0,-3,1,-6,-1,3,-8,-11,-4,-1,-6,1,-8,-3,-11,-7,8,8,5,10,-4,-7,1,-32,-8
688.2.a.j,688,5,0,0,1,1,-2,-2,8,15,-7,3,1,-7,-7,11,5,17,-10,16,0,-14,16,-4,1,8,18,25
689.2.a.a,689,1,0,-1,-2,-2,2,2,-1,-2,4,6,6,-8,-6,-10,-12,6,-1,-6,10,-8,-12,14,-10,12,10,-14
689.2.a.b,689,2,0,-2,1,1,-1,-1,-2,1,-2,-8,-13,-6,-12,5,-4,-13,-2,8,0,4,6,-17,-5,4,-10,12
689.2.a.c,689,2,0,0,-1,-1,-3,-1,-2,1,-6,-8,3,2,4,5,0,5,-2,-8,-4,-12,-2,11,-23,-12,6,0
689.2.a.d,689,3,0,3,-1,1,-3,-5,-3,-5,-2,-2,1,-6,-6,-7,-8,9,-3,-14,-2,16,6,7,-17,24,-24,18
689.2.a.e,689,9,0,-3,-3,-3,-13,-3,9,5,-22,-12,-5,-42,0,-3,-12,-3,9,4,-4,-38,-38,-19,-25,-22,16,-2
689.2.a.f,689,18,0,2,1,1,19,9,18,-1,24,0,13,38,18,1,0,17,-18,28,0,48,22,23,53,2,-22,16
689.2.a.g,689,18,0,2,5,1,3,3,-18,-1,0,16,-3,42,4,-13,16,-5,18,-8,34,-2,46,-37,83,-24,10,-4
690.2.a.a,690,1,0,-1,-1,-1,-2,6,-2,0,-4,-1,-2,-8,-4,2,-8,0,-2,-4,0,0,-8,6,-14,-6,-16,2
690.2.a.b,690,1,0,-1,-1,-1,4,-2,0,2,0,1,-4,0,10,6,2,12,6,12,-14,2,-2,6,8,8,-8,0
690.2.a.c,690,1,0,-1,-1,1,-2,2,-2,0,8,-1,-10,8,8,-6,12,8,10,4,12,-4,16,-10,10,-10,0,10
690.2.a.d,690,1,0,-1,-1,1,4,2,4,-6,-4,-1,8,8,-10,6,6,-4,-14,4,6,14,10,14,-8,-4,0,-8
690.2.a.e,690,1,0,-1,1,-1,0,-4,-6,-6,4,1,-6,-8,6,10,4,-8,-14,0,10,4,8,2,-12,-16,-2,-14
690.2.a.f,690,1,0,-1,1,1,0,4,-2,2,0,1,6,0,2,2,-12,8,-2,0,6,12,12,-6,4,-4,-6,-10
690.2.a.g,690,1,0,1,-1,-1,-2,-2,-6,-4,0,1,2,0,-8,-6,-4,0,6,0,-8,-4,16,6,14,14,-8,-6
690.2.a.h,690,1,0,1,-1,-1,0,0,6,2,0,-1,6,8,10,-6,-8,8,-6,-4,-6,8,-8,10,-8,-8,-6,18
690.2.a.i,690,1,0,1,1,-1,0,2,0,6,4,1,0,-8,-6,-2,-2,4,-2,0,-2,-2,-10,-10,0,-4,4,16
690.2.a.j,690,1,0,1,1,1,0,-2,4,6,-8,-1,4,0,-2,-2,2,-12,-6,8,2,-6,10,-2,-8,8,-12,-16
690.2.a.k,690,1,0,1,1,1,0,4,-2,-6,4,-1,-2,0,-2,10,-4,0,6,-4,-10,-12,-8,10,-8,-4,18,2
690.2.a.l,690,2,0,2,-2,2,-2,2,4,6,8,2,4,0,-6,4,0,-16,8,-12,10,-16,-4,8,-2,-2,-2,-16
691.2.a.a,691,24,0,-8,-5,-23,-6,-30,-12,-18,-15,-19,-83,-9,-18,-60,7,4,-72,-27,-19,6,-38,5,-10,-16,-32,24
691.2.a.b,691,33,0,8,1,23,4,28,12,16,-1,5,91,-1,24,46,-3,10,56,3,27,-8,60,-9,16,10,46,-2
692.2.a.a,692,1,0,0,-2,2,-2,-2,6,2,2,-4,2,8,-2,10,8,12,2,6,-6,4,-2,10,-2,0,-6,10
692.2.a.b,692,4,0,0,0,-3,-5,-1,-9,-6,-1,-9,-3,-5,-22,-3,2,-2,-10,18,-7,12,10,-15,-5,8,18,-9
692.2.a.c,692,10,0,0,2,3,11,1,5,6,-3,15,11,3,40,-1,-6,-14,12,-30,25,-12,6,15,7,-28,0,15
693.2.a.a,693,1,0,-1,0,2,-1,-1,4,-4,0,4,6,10,-6,-4,12,10,6,-2,0,8,12,-8,8,0,6,-10
693.2.a.b,693,1,0,0,0,-3,1,1,-4,6,2,-3,6,5,11,-6,8,0,6,9,-10,5,-9,2,-10,-12,3,-1
693.2.a.c,693,1,0,0,0,1,-1,1,-4,-2,-6,5,-10,1,-5,2,-8,-8,6,-3,-2,-3,-1,10,6,-12,15,-5
693.2.a.d,693,1,0,1,0,2,1,1,6,-2,4,0,2,8,6,-10,-4,8,-6,-4,-10,-12,0,2,16,-4,-18,2
693.2.a.e,693,2,0,-3,0,-2,2,2,-4,-4,-2,-8,-8,8,-2,0,-8,-4,-20,-8,8,-4,0,-24,0,-4,20,-16
693.2.a.f,693,2,0,-1,0,-2,2,-2,-2,-6,0,2,-10,-6,-14,-4,-2,4,2,0,4,-24,-4,18,-20,-18,0,6
693.2.a.g,693,2,0,-1,0,-2,-2,-2,0,-8,6,-4,4,-4,-2,0,4,-12,0,-8,-8,-4,-8,-4,8,-24,-12,-12
693.2.a.h,693,2,0,0,0,4,2,2,2,2,4,4,-8,-10,-8,18,16,-10,-8,-2,-10,20,12,-6,0,-4,-4,8
693.2.a.i,693,2,0,1,0,2,-2,2,0,8,6,4,-4,-4,-2,0,4,12,0,8,-8,-4,8,-4,8,24,12,-12
693.2.a.j,693,2,0,1,0,-6,2,2,2,-6,-4,2,-2,-2,2,4,-6,-12,10,0,20,8,-4,14,-4,14,0,-14
693.2.a.k,693,2,0,3,0,2,2,-2,-4,4,-2,8,8,8,-2,0,-8,4,20,8,8,-4,0,-24,0,4,-20,-16
693.2.a.l,693,3,0,-2,0,-4,-3,3,-4,-8,-8,-10,4,-2,0,-14,-14,0,0,0,-6,-4,12,-20,12,-6,-26,-4
693.2.a.m,693,3,0,0,0,0,-3,-3,0,0,12,6,-12,-6,0,-6,6,24,0,24,18,12,-12,24,12,18,-18,24
694.2.a.a,694,5,0,5,-5,-7,-9,-11,2,-14,-15,-6,-7,-14,7,-19,7,-9,11,-4,13,-3,-13,11,0,2,-12,-24
694.2.a.b,694,7,0,-7,-3,10,-1,9,2,10,6,0,13,-3,8,35,-7,15,19,24,13,-21,28,14,10,8,17,-22
694.2.a.c,694,7,0,-7,0,-9,3,-16,-7,-8,-3,-4,-22,-3,-7,-29,4,-9,-6,-11,-30,4,-22,6,6,-33,-36,14
694.2.a.d,694,9,0,9,6,6,7,12,-3,4,8,2,-2,4,-16,21,6,7,-18,5,-6,-6,-5,1,-12,1,9,-20
695.2.a.a,695,6,0,-4,-4,6,-5,1,-17,-9,-1,-6,-5,-8,-18,-4,-3,-9,-32,13,2,-12,-1,-34,3,-25,-2,-34
695.2.a.b,695,6,0,0,0,-6,-3,-3,-11,-1,-13,4,-9,-16,-4,-20,1,-5,24,-13,-18,-18,-1,-26,-9,11,-34,-46
695.2.a.c,695,17,0,5,6,17,7,-3,21,15,11,16,-19,12,32,2,11,-5,46,11,0,12,-37,56,-5,-25,20,66
695.2.a.d,695,18,0,-2,2,-18,5,5,17,1,19,-14,7,36,4,28,7,3,-52,17,18,22,19,38,-1,-13,30,96
696.2.a.a,696,1,0,0,-1,-2,3,-5,1,-7,2,4,1,-4,-12,-6,-8,3,-14,-2,-8,5,8,4,-2,14,15,14
696.2.a.b,696,1,0,0,-1,0,-1,-3,1,-1,0,-6,-1,-6,2,-2,4,-7,0,-14,6,-3,-10,2,12,2,-7,4
696.2.a.c,696,1,0,0,-1,1,-3,-2,4,5,5,4,-1,8,-3,9,-5,3,10,7,10,8,-4,-14,-14,8,6,-16
696.2.a.d,696,1,0,0,-1,4,3,1,1,-1,-4,-2,-1,-10,6,6,4,-3,4,10,-14,-7,2,-2,16,2,9,-16
696.2.a.e,696,1,0,0,1,-3,1,-2,4,7,7,0,-1,4,-5,3,9,5,-6,-9,-10,4,12,-6,-10,-8,10,16
696.2.a.f,696,1,0,0,1,-2,-1,-3,-7,3,-6,4,-1,0,-8,6,4,-3,-10,10,0,9,-12,-4,10,6,-3,-10
696.2.a.g,696,1,0,0,1,0,-5,-5,1,-3,-4,2,1,2,2,-6,-8,7,12,6,-6,-15,2,-10,-4,-6,3,8
696.2.a.h,696,2,0,0,-2,-3,0,5,-7,4,3,16,2,0,-7,9,11,16,-4,7,-2,-7,4,-18,16,6,-7,2
696.2.a.i,696,2,0,0,2,4,3,5,-1,-7,2,0,-2,8,-2,-4,8,-7,-12,10,-2,1,-16,10,18,6,-13,-28
696.2.a.j,696,3,0,0,3,1,4,1,7,0,3,2,3,2,19,1,-3,-6,12,-13,18,-11,-18,10,-6,-10,-21,-2
697.2.a.a,697,3,0,-3,-2,0,-4,4,-8,3,2,0,0,-16,-4,3,-4,-14,-22,20,14,-8,-30,-4,10,-16,-24,20
697.2.a.b,697,3,0,1,2,-2,4,0,-6,-3,0,6,10,2,26,3,-16,24,-6,-8,-6,-10,2,-22,-18,8,14,-6
697.2.a.c,697,7,0,-3,-2,-5,-7,-6,5,7,-13,-26,10,-2,1,7,-12,-18,-6,-55,6,-13,16,-6,-12,-41,6,-3
697.2.a.d,697,10,0,4,2,11,3,6,7,-10,-3,20,-4,10,-13,10,24,26,10,21,12,-3,24,16,12,11,14,1
697.2.a.e,697,15,0,-5,-8,-9,-19,-14,-11,-15,1,-30,-20,-14,-5,-15,4,-62,6,-7,-8,7,-36,-6,-28,-33,12,-35
697.2.a.f,697,15,0,5,4,7,7,6,7,15,13,18,6,-8,-23,-15,0,68,-4,29,-4,3,24,12,-36,79,-12,-31
698.2.a.a,698,3,0,3,-2,-4,-7,-3,-5,-9,0,-3,-6,-1,-16,11,-12,3,-15,16,12,9,-5,6,-1,9,-16,9
698.2.a.b,698,6,0,-6,-4,3,-8,-4,-11,-4,-10,-1,5,1,-15,12,-39,-12,1,-7,-20,-27,6,-19,-34,-21,16,-25
698.2.a.c,698,9,0,-9,3,-2,10,5,10,6,15,9,-4,9,24,-6,46,-6,-12,8,15,30,-20,33,12,18,-30,-9
698.2.a.d,698,12,0,12,1,5,9,-6,14,3,5,11,11,-5,17,11,29,-9,2,-29,17,-2,-17,8,3,-36,-14,9
699.2.a.a,699,1,0,2,1,1,1,0,3,3,-4,-6,8,4,-6,7,4,-11,-6,-5,6,-14,2,4,-4,1,14,-8
699.2.a.b,699,2,0,0,-2,-5,5,9,-9,-9,7,2,0,11,1,-19,12,-1,5,8,0,4,-4,-8,4,-7,-2,-22
699.2.a.c,699,5,0,-2,5,-9,-3,-10,-2,-8,-2,-17,-20,-1,-8,-10,4,-12,-16,-15,-12,15,-4,12,-6,-6,0,-1
699.2.a.d,699,5,0,0,-5,-3,-3,-4,-6,2,-6,13,-14,-5,-24,-2,-22,16,-14,3,-22,1,2,-6,-6,12,-12,-13
699.2.a.e,699,13,0,1,-13,10,2,-5,19,7,5,-17,28,6,27,25,-2,-27,13,-6,50,21,-12,12,6,-23,4,13
699.2.a.f,699,13,0,2,13,12,-2,10,-3,15,0,33,16,-15,12,-11,-12,39,52,11,4,9,36,-20,-6,-1,2,-23
700.2.a.a,700,1,0,0,-3,0,-1,3,-1,5,-8,-2,-1,-2,-10,-6,4,-11,-6,-10,0,10,0,10,-7,-12,8,-3
700.2.a.b,700,1,0,0,-3,0,1,-5,3,1,6,-6,-9,-4,-2,-4,-10,1,-4,-8,-8,-12,8,-2,13,4,4,13
700.2.a.c,700,1,0,0,-2,0,1,3,-4,0,2,-3,9,8,5,-6,11,6,6,0,-10,5,15,-10,-7,12,-12,8
700.2.a.d,700,1,0,0,-1,0,-1,3,1,3,2,6,-9,8,10,0,-2,3,0,12,8,-8,0,-14,5,12,12,-17
700.2.a.e,700,1,0,0,0,0,-1,-5,6,-4,-6,-3,-3,2,-7,-4,7,2,10,-14,4,-3,-13,-16,1,-10,10,2
700.2.a.f,700,1,0,0,0,0,-1,0,-4,-4,4,-8,2,-8,8,6,-8,-8,0,-4,-6,-8,12,4,-4,0,-10,12
700.2.a.g,700,1,0,0,0,0,1,-5,-6,4,-6,3,-3,2,7,-4,-7,-2,-10,-14,4,3,-13,16,1,10,10,-2
700.2.a.h,700,1,0,0,0,0,1,0,4,4,4,8,2,-8,-8,6,8,8,0,-4,-6,8,12,-4,-4,0,-10,-12
700.2.a.i,700,1,0,0,2,0,-1,3,4,0,2,3,9,8,-5,-6,-11,-6,-6,0,-10,-5,15,10,-7,-12,-12,-8
700.2.a.j,700,1,0,0,3,0,1,3,1,-5,-8,2,-1,-2,10,-6,-4,11,6,-10,0,-10,0,-10,-7,12,8,3
701.2.a.a,701,1,0,2,2,2,-1,0,-3,7,-1,8,-3,-5,-2,-5,-11,10,12,-4,-8,16,-10,8,0,12,6,3
701.2.a.b,701,21,0,-3,-14,-7,-9,-12,-17,-5,-53,-9,-14,-53,-12,-3,-33,0,-2,-34,-31,-37,1,-6,-48,-2,-14,-11
701.2.a.c,701,36,0,-1,14,1,8,10,20,-6,68,-5,-1,64,12,0,54,-6,-24,80,43,37,31,6,44,2,-6,-16
702.2.a.a,702,1,0,-1,0,-3,-1,-3,1,6,2,0,6,5,2,0,8,-6,9,12,-10,-4,6,11,8,-15,12,17
702.2.a.b,702,1,0,-1,0,-2,1,-1,-1,0,0,-5,1,-5,-3,-6,1,-4,3,-11,4,-8,8,-16,8,-9,9,-4
702.2.a.c,702,1,0,-1,0,-2,4,2,-1,0,-3,4,1,10,-3,9,10,11,-6,-8,-2,4,5,8,-7,12,-3,-16
702.2.a.d,702,1,0,-1,0,0,-1,-3,1,-6,2,-3,-3,5,-7,6,-1,0,-9,3,-10,-4,-6,2,-10,9,-3,-10
702.2.a.e,702,1,0,-1,0,1,-5,5,-1,-6,-6,4,-2,1,-6,-12,4,2,-3,4,-14,-8,2,-13,8,-15,0,-7
702.2.a.f,702,1,0,-1,0,2,-5,-1,1,8,4,9,3,-7,7,2,1,8,-7,-11,4,8,-8,8,-4,15,-7,-8
702.2.a.g,702,1,0,-1,0,2,4,2,1,-4,7,0,-9,-10,7,5,-2,-1,14,-8,10,-4,1,-4,-7,0,17,-8
702.2.a.h,702,1,0,-1,0,4,1,5,-1,6,-6,-5,-5,-5,-9,6,7,-4,9,-5,-2,4,2,14,2,9,-3,14
702.2.a.i,702,1,0,1,0,-4,1,-5,-1,-6,-6,5,5,-5,-9,-6,7,4,-9,5,-2,4,-2,14,2,-9,3,14
702.2.a.j,702,1,0,1,0,-2,-5,1,1,-8,4,-9,-3,-7,7,-2,1,-8,7,11,4,8,8,8,-4,-15,7,-8
702.2.a.k,702,1,0,1,0,-2,4,-2,1,4,7,0,9,-10,7,-5,-2,1,-14,8,10,-4,-1,-4,-7,0,-17,-8
702.2.a.l,702,1,0,1,0,-1,-5,-5,-1,6,-6,-4,2,1,-6,12,4,-2,3,-4,-14,-8,-2,-13,8,15,0,-7
702.2.a.m,702,1,0,1,0,0,-1,3,1,6,2,3,3,5,-7,-6,-1,0,9,-3,-10,-4,6,2,-10,-9,3,-10
702.2.a.n,702,1,0,1,0,2,1,1,-1,0,0,5,-1,-5,-3,6,1,4,-3,11,4,-8,-8,-16,8,9,-9,-4
702.2.a.o,702,1,0,1,0,2,4,-2,-1,0,-3,-4,-1,10,-3,-9,10,-11,6,8,-2,4,-5,8,-7,-12,3,-16
702.2.a.p,702,1,0,1,0,3,-1,3,1,-6,2,0,-6,5,2,0,8,6,-9,-12,-10,-4,-6,11,8,15,-12,17
703.2.a.a,703,1,0,-2,0,-3,3,-1,2,3,1,0,-4,0,1,-6,-3,-11,-2,-6,5,6,-10,-11,-14,-12,4,-14
703.2.a.b,703,1,0,0,3,-2,-1,3,6,2,1,0,6,-4,-1,9,4,-13,7,-6,4,-4,-9,3,-12,-3,2,-2
703.2.a.c,703,2,0,0,2,-4,2,-10,4,0,-2,-4,-4,-8,-2,-18,-4,6,2,-4,0,16,-18,18,-8,22,-12,20
703.2.a.d,703,4,0,0,-4,-4,0,-4,0,-12,4,0,4,12,4,-12,0,-12,-20,8,-4,-24,-4,8,-4,0,-32,-16
703.2.a.e,703,4,0,3,8,3,8,0,-7,5,4,10,1,-9,-4,6,-5,4,-4,9,-11,24,26,2,19,-15,1,9
703.2.a.f,703,5,0,-3,-2,1,-7,-4,-3,-12,5,-16,-11,-2,5,-1,9,13,-27,-19,18,-1,-3,10,22,1,-16,-25
703.2.a.g,703,9,0,-3,-2,-7,-7,4,-3,-26,-9,-22,-15,10,-9,21,-17,-3,-33,5,-14,-5,-1,-34,2,-21,4,-25
703.2.a.h,703,11,0,5,-3,7,-7,-4,10,18,11,4,14,17,-11,10,3,11,18,6,-8,-25,0,4,-11,3,31,-16
703.2.a.i,703,18,0,3,2,9,7,14,1,26,-18,28,7,4,18,17,-13,23,61,-21,14,13,3,-4,-18,17,-4,15
704.2.a.a,704,1,0,0,-3,-1,0,1,6,-4,-6,3,4,-9,-7,-2,-6,12,-2,-9,-8,15,-3,-6,-6,6,-5,-3
704.2.a.b,704,1,0,0,-3,3,2,-1,0,-6,4,-1,8,7,1,4,6,8,-2,-1,-4,-5,-3,16,-2,-2,15,-7
704.2.a.c,704,1,0,0,-1,-1,2,1,-4,-2,0,1,0,-7,-3,-8,-6,-8,6,5,-12,-7,3,4,10,-6,15,-7
704.2.a.d,704,1,0,0,-1,-1,4,-1,2,0,2,9,-4,5,9,2,6,-4,6,5,0,13,-1,14,-10,-14,-13,-19
704.2.a.e,704,1,0,0,-1,3,-4,-1,2,-8,-6,5,-4,1,-3,-6,6,-12,6,-3,0,-11,-5,-10,-2,2,-5,13
704.2.a.f,704,1,0,0,-1,3,2,1,4,6,-8,-3,0,5,1,0,10,0,6,-3,4,1,15,-4,2,-6,-9,-7
704.2.a.g,704,1,0,0,1,-1,-4,1,2,0,-2,-9,-4,-5,9,2,-6,4,6,-5,0,-13,1,14,10,14,-13,-19
704.2.a.h,704,1,0,0,1,-1,-2,-1,-4,-2,0,-1,0,7,-3,-8,6,8,6,-5,-12,7,-3,4,-10,6,15,-7
704.2.a.i,704,1,0,0,1,3,-2,-1,4,6,8,3,0,-5,1,0,-10,0,6,3,4,-1,-15,-4,-2,6,-9,-7
704.2.a.j,704,1,0,0,1,3,4,1,2,-8,6,-5,-4,-1,-3,-6,-6,12,6,3,0,11,5,-10,2,-2,-5,13
704.2.a.k,704,1,0,0,3,-1,0,-1,6,-4,6,-3,4,9,-7,-2,6,-12,-2,9,-8,-15,3,-6,6,-6,-5,-3
704.2.a.l,704,1,0,0,3,3,-2,1,0,-6,-4,1,8,-7,1,4,-6,-8,-2,1,-4,5,3,16,2,2,15,-7
704.2.a.m,704,2,0,0,-1,-3,-2,2,2,4,8,9,2,-7,11,6,6,16,-8,5,6,-15,-5,2,-14,-10,-7,27
704.2.a.n,704,2,0,0,-1,-3,0,-2,-4,6,-6,-3,-6,-15,-1,0,-6,-8,0,13,6,-3,19,-12,-18,-2,-3,-1
704.2.a.o,704,2,0,0,1,-3,0,2,-4,6,6,3,-6,15,-1,0,6,8,0,-13,6,3,-19,-12,18,2,-3,-1
704.2.a.p,704,2,0,0,1,-3,2,-2,2,4,-8,-9,2,7,11,6,-6,-16,-8,-5,6,15,5,2,14,10,-7,27
705.2.a.a,705,1,0,-1,-1,1,-5,6,3,-3,-1,-5,-7,0,0,-5,-6,1,5,-9,-7,-8,-3,-10,-10,-8,14,12
705.2.a.b,705,1,0,-1,1,-1,1,-2,-7,1,-1,-1,7,-8,0,-11,-10,1,-7,9,-15,4,-5,2,-10,12,-6,12
705.2.a.c,705,1,0,0,-1,-1,2,2,1,-2,-6,-7,-6,-6,-4,0,7,-1,-10,5,7,4,-11,7,-13,-8,-7,10
705.2.a.d,705,1,0,0,1,-1,2,-6,5,6,2,9,-6,2,-4,0,11,-1,6,9,-1,-4,-15,11,11,0,-3,2
705.2.a.e,705,1,0,1,1,-1,-3,-2,-1,3,-3,-9,-5,-8,4,9,2,1,3,-9,1,8,13,-2,-6,-4,10,-8
705.2.a.f,705,1,0,1,1,1,0,4,2,6,0,0,-2,4,-2,-6,-4,1,-6,0,-2,-4,4,-2,0,-4,-14,10
705.2.a.g,705,2,0,-2,2,2,-6,0,-10,-6,-6,-6,-6,4,-4,2,-4,-2,6,10,-6,-4,-18,0,-8,-8,-8,8
705.2.a.h,705,2,0,-1,-2,2,-3,-4,-2,-5,-3,-10,11,-2,0,-1,-5,2,-9,-4,0,-12,2,7,-7,-16,3,-10
705.2.a.i,705,2,0,0,-2,-2,-2,-8,8,-4,0,-2,-6,0,16,-6,-16,-2,4,-20,2,-4,-4,8,4,8,-20,-4
705.2.a.j,705,4,0,2,-4,-4,0,8,-6,-2,2,8,20,-4,0,20,-8,4,10,10,-20,0,18,-4,20,-28,0,-20
705.2.a.k,705,4,0,4,-4,4,8,4,-4,4,-8,16,4,0,-4,-8,24,-4,12,0,-28,-8,16,-24,-4,24,-8,0
705.2.a.l,705,5,0,0,5,5,10,-2,7,-10,2,3,-2,-6,8,0,13,5,-10,-11,11,24,-11,17,-5,0,-3,-14
705.2.a.m,705,6,0,2,6,-6,4,4,6,-6,10,-4,8,8,16,-12,0,-6,-10,-6,24,-8,26,-4,24,-4,-20,0
706.2.a.a,706,1,0,-1,2,-3,0,-1,-5,-3,4,0,-10,-5,-1,-3,11,6,-6,8,2,2,-5,-3,4,9,-18,9
706.2.a.b,706,1,0,1,-2,0,0,-4,-4,-2,4,0,-6,-4,-4,-10,4,0,-4,-6,10,-14,12,6,16,8,10,18
706.2.a.c,706,1,0,1,0,-4,2,-4,0,-2,-4,-4,-6,2,0,10,-4,-8,0,8,-6,-4,-2,10,10,-4,-6,2
706.2.a.d,706,1,0,1,0,-1,-4,-1,-3,1,-4,2,0,5,-3,1,-1,10,-6,-10,0,14,-11,-11,-8,5,0,-7
706.2.a.e,706,2,0,2,0,4,8,0,-4,0,0,0,-4,-8,4,0,-8,12,12,0,-12,16,0,0,-16,-8,-12,-12
706.2.a.f,706,5,0,-5,-2,0,-2,-12,10,-6,-10,-16,-4,-4,2,-10,-10,-22,-6,-24,-24,8,-18,10,-18,-14,0,6
706.2.a.g,706,8,0,-8,2,5,4,15,-9,3,-6,20,14,11,-19,11,-3,20,20,28,-18,-4,39,-21,22,15,26,-29
706.2.a.h,706,10,0,10,2,3,-12,15,11,7,4,10,14,-1,9,7,19,-22,-2,-6,6,-20,-11,-9,-10,-7,18,19
707.2.a.a,707,1,0,-2,-2,-3,-1,-4,-1,-7,-7,-3,-4,-7,10,-8,0,-7,-8,6,10,0,-3,10,-1,10,-12,-2
707.2.a.b,707,2,0,-1,2,-1,-2,2,-9,-2,0,-11,0,8,11,7,-17,5,3,-8,-13,-25,1,12,2,1,-4,-12
707.2.a.c,707,4,0,0,4,1,4,-4,9,-5,11,9,-2,3,22,13,-4,-3,4,-8,4,0,-11,-16,7,-2,-20,4
707.2.a.d,707,8,0,-3,-3,-2,-8,-8,-11,-2,1,8,-20,0,-50,-13,-8,5,-22,25,6,-22,-9,-64,-30,6,6,-13
707.2.a.e,707,10,0,-2,-9,-7,10,-2,-32,-6,-27,1,0,-26,-39,-4,-13,-6,-7,7,-43,3,16,-34,16,-3,14,-19
707.2.a.f,707,11,0,2,3,4,11,0,19,9,12,-14,6,15,13,0,-7,1,5,15,29,11,-23,54,3,3,26,37
707.2.a.g,707,15,0,5,1,10,-15,8,31,15,-10,18,18,11,47,15,21,13,11,-13,17,1,17,40,15,-7,-12,35
708.2.a.a,708,1,0,0,-1,-2,0,-4,6,-2,4,4,10,2,2,10,6,-8,6,-1,10,10,0,-2,-4,-4,0,14
708.2.a.b,708,2,0,0,-2,-2,-1,4,-4,-5,-9,7,-9,-7,-15,-7,-10,-1,-2,2,-1,6,30,-9,4,-7,1,-26
708.2.a.c,708,2,0,0,-2,6,-1,2,2,7,-1,-1,-1,3,13,1,4,5,2,-2,-3,12,-10,17,4,-9,-21,-4
708.2.a.d,708,2,0,0,2,-4,-1,-10,-8,-9,-1,1,5,7,-5,-13,-10,7,4,-2,1,2,0,-7,12,-11,-11,-6
708.2.a.e,708,3,0,0,3,2,-1,4,4,9,3,5,7,-5,-3,5,-10,1,6,3,-3,-10,0,5,-16,11,27,-2
709.2.a.a,709,1,0,-2,-1,-3,-4,-1,-4,-4,-4,-2,1,-4,-6,4,-12,-3,-4,12,0,7,-8,6,4,6,8,-18
709.2.a.b,709,27,0,-8,-13,-18,-10,-45,-11,-14,-39,-12,-39,-27,-8,-48,-3,-26,-2,-121,-15,1,-75,4,-6,-83,-28,24
709.2.a.c,709,30,0,8,12,15,10,40,7,14,37,18,26,29,-12,64,13,25,0,99,-9,10,49,-14,-6,57,44,2
710.2.a.a,710,1,0,-1,-1,1,1,-2,-1,-2,-7,9,-2,-5,-10,-6,-3,11,-10,-6,6,-14,1,3,-10,-4,-15,-18
710.2.a.b,710,1,0,1,-1,-1,-1,-2,-1,-4,-1,-5,4,-9,-8,8,-7,13,-6,-8,10,4,1,-7,6,-16,17,18
710.2.a.c,710,1,0,1,-1,1,-3,-6,-3,0,-1,1,0,-3,4,0,1,-9,6,-4,-2,-12,-1,9,-10,16,-15,2
710.2.a.d,710,1,0,1,-1,1,3,2,-1,8,-5,-1,0,7,-12,12,9,-7,-6,0,2,8,1,-11,10,-16,-15,-2
710.2.a.e,710,2,0,-2,-1,-2,-3,4,-5,2,1,-3,-4,-7,-20,4,-3,-5,-8,12,-10,2,-2,-3,-18,8,7,-6
710.2.a.f,710,2,0,2,4,2,4,0,-8,0,0,-4,4,-16,8,-12,0,4,8,0,-4,12,2,4,0,-8,24,-8
710.2.a.g,710,3,0,3,0,3,-2,2,8,-14,8,6,-2,12,14,2,-8,16,-24,2,-18,14,3,-22,-4,12,-10,4
710.2.a.h,710,4,0,-4,3,-4,7,-4,11,0,5,-5,0,7,16,4,9,23,6,-12,12,28,4,13,-18,8,-13,2
710.2.a.i,710,5,0,-5,-1,5,-1,4,5,-4,5,-1,10,13,6,2,-3,-17,10,16,14,22,-5,23,30,-20,9,10
710.2.a.j,710,5,0,5,3,-5,3,6,5,8,7,11,-12,1,0,-4,9,-5,2,-20,-4,-16,-5,17,-2,-8,-27,16
711.2.a.a,711,1,0,-1,0,0,-1,1,-3,3,-2,-1,3,-4,-2,-10,-5,4,-10,0,-4,2,-6,-1,-1,-9,8,-1
711.2.a.b,711,1,0,1,0,0,-1,-1,-3,-3,-2,1,-3,-4,-2,10,-5,-4,10,0,-4,2,6,-1,-1,9,-8,-1
711.2.a.c,711,1,0,1,0,3,-1,2,3,6,4,-2,6,-10,-2,10,4,-7,-8,3,-4,8,-15,2,-1,6,7,-19
711.2.a.d,711,2,0,-2,0,0,2,-6,-2,-2,-4,-6,-6,-4,0,0,14,-4,-8,-12,-12,16,0,-6,2,-14,0,-2
711.2.a.e,711,4,0,3,0,4,-2,8,-6,8,-4,18,2,0,4,-2,-16,6,6,2,18,-40,20,14,-4,8,-2,22
711.2.a.f,711,5,0,0,0,-7,-5,-2,-3,-10,-4,-2,-6,2,0,-30,-14,-5,-2,-5,-6,-16,-3,-12,5,30,-47,-1
711.2.a.g,711,7,0,-2,0,2,4,-2,6,8,4,-8,10,4,10,20,22,10,0,2,4,20,20,2,-7,-10,20,14
711.2.a.h,711,12,0,0,0,0,6,0,10,0,20,0,0,32,-8,0,-6,0,0,0,40,20,0,46,12,0,0,38
712.2.a.a,712,1,0,0,-2,2,-4,0,4,2,2,4,-8,4,8,6,10,8,-2,-2,4,-8,8,-2,8,10,1,14
712.2.a.b,712,3,0,0,-1,-3,-2,2,-6,-7,5,-11,-8,-1,-6,-4,3,-8,-17,6,-6,20,-14,-11,6,6,-3,-5
712.2.a.c,712,5,0,0,3,1,2,10,-2,5,17,9,4,-1,-2,0,19,12,7,2,-18,12,18,-11,-10,10,-5,3
712.2.a.d,712,6,0,0,-5,-3,-2,-10,-2,-3,-15,-15,-4,-7,-4,-4,-27,-12,-21,-22,6,-28,-2,17,6,-14,6,23
712.2.a.e,712,7,0,0,3,3,6,-2,4,7,-19,9,26,1,10,14,-27,8,25,-10,4,-4,-2,-5,-18,-10,7,-31
713.2.a.a,713,1,0,1,1,0,-3,-4,2,3,-4,1,-6,1,6,-1,4,6,13,-14,5,-13,-14,0,-8,4,-2,-6
713.2.a.b,713,2,0,1,-2,-4,-2,-4,0,8,2,-2,10,-2,0,-6,-6,-16,2,8,2,-16,0,-2,-12,22,-10,-16
713.2.a.c,713,5,0,-4,0,-6,-12,11,-3,-6,-8,-5,1,-5,0,1,-31,16,-16,-19,4,4,19,4,-37,-32,-14,14
713.2.a.d,713,5,0,0,0,5,-9,-14,-3,-13,-12,-5,5,-5,-15,7,2,-11,7,1,-14,-7,-6,3,16,5,38,-24
713.2.a.e,713,9,0,-5,-5,1,-12,1,-18,-10,0,9,-8,9,-25,-11,-45,-29,-10,24,-1,-24,-25,-63,-9,-15,12,8
713.2.a.f,713,15,0,1,4,1,23,7,18,5,18,-15,-8,15,19,-30,29,13,17,-6,16,21,17,19,19,11,-12,18
713.2.a.g,713,18,0,5,2,1,23,3,2,-9,12,18,12,-18,21,10,43,25,-27,-6,-10,55,-27,9,43,1,-14,-20
714.2.a.a,714,1,0,-1,-1,-2,1,-2,4,1,-2,-4,0,0,-8,-2,-4,0,-6,-10,-6,0,-8,-6,-12,6,6,14
714.2.a.b,714,1,0,-1,-1,1,-1,3,-3,1,6,-2,6,4,-11,12,3,12,5,4,-6,9,12,15,-11,7,-13,11
714.2.a.c,714,1,0,-1,-1,1,1,5,-1,-1,-6,6,6,4,11,0,-9,4,-7,12,6,13,4,-13,15,13,13,-9
714.2.a.d,714,1,0,-1,-1,2,-1,-6,0,-1,-2,0,-4,0,8,2,-4,-8,-14,-6,-10,0,-12,14,4,-6,-14,-6
714.2.a.e,714,1,0,1,-1,-2,-1,0,-6,1,0,-8,-6,-8,10,-6,12,0,-10,-8,6,12,0,-6,-8,16,2,2
714.2.a.f,714,1,0,1,-1,-2,1,4,-2,1,4,8,6,0,-2,10,-4,0,6,-4,6,-12,-8,-6,0,-12,-6,2
714.2.a.g,714,1,0,1,-1,3,-1,1,1,-1,6,-2,-2,0,5,4,-9,0,11,4,6,-11,-12,-5,-15,1,9,-9
714.2.a.h,714,1,0,1,-1,3,1,-1,3,1,-6,-2,6,0,3,0,11,0,-9,-4,-14,-7,12,-1,-5,3,-1,-13
714.2.a.i,714,1,0,1,1,-3,1,3,5,-1,2,6,-6,-4,11,-12,-1,12,-9,-12,-10,5,0,-7,-1,-15,9,-19
714.2.a.j,714,2,0,-2,2,-3,2,3,1,2,4,-6,6,16,7,-6,7,0,3,6,4,1,0,7,7,-15,9,-17
714.2.a.k,714,2,0,-2,2,1,-2,1,3,-2,12,6,-2,0,-3,10,11,-16,-9,-2,-4,13,-4,-17,21,23,23,7
714.2.a.l,714,2,0,2,2,3,-2,1,5,2,-6,-2,0,4,3,2,-17,-4,-15,-8,0,13,-16,7,5,7,-7,27
714.2.a.m,714,2,0,2,2,4,2,0,-4,-2,0,-8,4,0,-4,-4,8,-16,12,-8,20,-8,8,-4,0,-24,-4,12
715.2.a.a,715,1,0,-2,0,1,0,-1,1,-3,-1,-2,0,-2,1,-7,13,-9,4,-14,-10,-1,-10,-4,2,2,-14,-17
715.2.a.b,715,1,0,0,-2,1,2,-1,1,-3,5,-6,-6,-10,-1,-9,-7,9,-12,0,-4,5,0,2,-10,6,0,17
715.2.a.c,715,2,0,0,0,2,-4,2,-2,-6,-10,4,-16,-4,-2,2,-10,6,0,0,-4,6,0,-4,-4,4,-16,18
715.2.a.d,715,3,0,0,2,-3,6,3,-3,11,-1,6,12,0,-3,-7,3,9,16,22,-8,-7,4,10,16,16,-10,-9
715.2.a.e,715,3,0,2,0,-3,-4,-3,3,5,3,2,6,0,19,5,-7,7,8,-4,-10,23,2,-4,-20,24,40,17
715.2.a.f,715,6,0,-5,-2,-6,-8,6,6,-16,-4,-2,-2,4,-14,-18,-12,-24,-10,-8,-16,6,10,-32,16,-22,-26,-4
715.2.a.g,715,6,0,-1,-4,-6,2,-6,-6,-16,6,-18,-8,4,-4,-4,-4,-10,-42,-14,-2,-12,12,10,4,6,-12,-10
715.2.a.h,715,8,0,2,0,8,2,8,8,5,9,0,8,-12,-3,31,-9,1,12,2,26,-21,10,0,-4,14,30,-7
715.2.a.i,715,9,0,1,2,9,-4,-9,-9,13,-3,0,16,12,1,5,-3,27,34,-4,30,-11,-4,-12,-16,34,-10,-15
716.2.a.a,716,2,0,0,-3,-1,0,0,3,1,-9,-12,3,-11,-8,12,7,-4,10,-17,1,-17,-12,6,-20,9,-9,2
716.2.a.b,716,3,0,0,0,0,-6,-3,-3,-6,-9,3,-9,-9,12,-15,-24,3,-12,15,0,6,9,-9,-6,-9,0,-6
716.2.a.c,716,10,0,0,3,-1,10,7,0,7,28,3,-6,18,4,15,21,6,-18,16,-15,3,-3,13,28,-26,-9,-14
717.2.a.a,717,2,0,1,-2,-2,0,4,-6,-10,6,-4,6,-4,-12,10,-20,2,-4,2,10,-8,8,12,-12,-4,8,6
717.2.a.b,717,2,0,1,2,6,2,0,0,6,8,-6,-6,-4,-14,-4,12,8,-8,18,2,-16,4,4,-12,12,0,-6
717.2.a.c,717,2,0,3,2,0,0,6,2,-4,0,-2,4,4,6,-2,-8,-4,18,-6,-14,-4,24,2,-10,-26,4,-2
717.2.a.d,717,6,0,-2,-6,5,-9,-13,-1,11,-22,-12,0,-18,-8,10,-14,-9,-8,-10,-12,-36,-3,-32,-1,-7,17,-28
717.2.a.e,717,7,0,0,7,3,3,11,-5,11,-8,26,6,-2,12,26,10,7,2,6,-8,24,-25,-16,19,37,29,-12
717.2.a.f,717,8,0,-5,8,-13,-7,-19,-3,-13,-6,-18,-10,-2,-8,-22,-24,-17,0,-24,10,-48,-17,2,17,-37,-41,-20
717.2.a.g,717,12,0,3,-12,-1,11,15,7,-3,10,20,2,10,30,-28,48,13,-2,-14,14,52,-7,14,15,29,-71,0
718.2.a.a,718,1,0,-1,-2,-3,-5,-6,-2,5,-7,4,-8,-11,-5,6,-1,0,0,5,-10,-4,-3,1,-8,7,-14,-4
718.2.a.b,718,1,0,-1,0,0,-2,0,3,3,4,9,5,2,6,5,-5,-13,14,9,10,-3,4,1,-7,-3,8,4
718.2.a.c,718,1,0,1,0,-3,1,-6,0,-3,-5,6,2,-1,3,-10,1,8,-10,-9,4,12,-5,1,-10,-3,14,10
718.2.a.d,718,5,0,5,-8,-5,-7,3,-13,-14,-9,-17,-10,-15,-4,8,-5,-26,2,-1,-1,-13,19,14,26,-25,6,7
718.2.a.e,718,6,0,-6,-2,-4,-2,-1,-5,-17,4,-11,-10,4,-3,-10,-8,-12,-26,-8,-9,-1,-12,-21,6,-34,-36,-11
718.2.a.f,718,7,0,-7,4,9,7,9,4,23,-9,6,15,-19,-6,15,8,43,0,-4,-11,-6,-7,17,3,46,18,9
718.2.a.g,718,8,0,8,4,4,4,5,5,13,8,11,-2,12,-5,-8,0,12,-4,14,-3,-11,0,-19,-6,10,-22,-33
719.2.a.a,719,5,0,-2,2,0,-2,-10,-12,-4,-11,-7,2,3,-16,-17,2,10,-20,-11,14,-5,27,-4,-26,28,1,-4
719.2.a.b,719,10,0,0,-6,-5,-10,2,-2,-5,-8,4,-20,-14,-4,-7,-13,-10,16,18,-54,-5,-28,-26,-19,-12,-8,-15
719.2.a.c,719,45,0,3,4,5,16,10,20,15,27,1,40,21,30,44,23,-24,10,-5,74,20,3,46,83,-28,-7,57
720.2.a.a,720,1,0,0,0,-1,-2,-2,4,-2,-4,-8,-10,-4,0,0,8,-8,6,14,-14,4,-12,6,12,-4,-12,-14
720.2.a.b,720,1,0,0,0,-1,-2,6,-4,6,4,0,6,4,8,0,-8,0,6,6,2,4,-12,-10,4,12,-12,2
720.2.a.c,720,1,0,0,0,-1,0,-4,-2,-2,-4,0,2,0,-10,-10,-4,8,10,-4,-2,-12,-8,10,0,12,6,2
720.2.a.d,720,1,0,0,0,-1,0,-4,6,6,4,0,2,8,-2,6,-12,8,-6,12,14,-4,8,-6,8,-12,-10,2
720.2.a.e,720,1,0,0,0,-1,4,4,-2,-2,-4,4,2,8,6,6,8,4,-6,-4,-2,-8,0,-6,0,-16,6,-14
720.2.a.f,720,1,0,0,0,1,-4,0,-6,2,-4,-8,6,0,-6,-10,4,8,-10,0,6,4,0,-14,-16,12,-2,2
720.2.a.g,720,1,0,0,0,1,-2,-6,-4,-6,4,0,-6,4,8,0,-8,0,-6,-6,2,4,12,-10,4,-12,12,2
720.2.a.h,720,1,0,0,0,1,-2,0,2,6,4,6,-6,4,2,-6,10,-6,6,12,2,-2,-12,2,-8,6,6,2
720.2.a.i,720,1,0,0,0,1,-2,2,4,2,-4,8,10,-4,0,0,8,8,-6,-14,-14,4,12,6,12,4,12,-14
720.2.a.j,720,1,0,0,0,1,4,0,2,-6,4,0,6,-8,2,6,4,0,6,0,-10,4,0,2,-8,12,-18,2
721.2.a.a,721,3,0,1,3,2,-3,4,3,-4,17,5,14,-13,7,-14,-11,-20,23,13,-14,6,6,-12,13,14,24,-15
721.2.a.b,721,4,0,0,-2,-2,4,-2,-2,-12,-6,-14,-8,-20,-4,-12,-2,-6,12,-18,4,6,-26,0,-10,-40,2,10
721.2.a.c,721,7,0,-3,-2,-11,7,-12,-2,-19,1,-11,-4,6,-1,-31,10,-18,0,-24,-7,4,-18,-8,-15,6,-20,-26
721.2.a.d,721,11,0,-3,-2,-5,-11,-22,2,11,-13,-29,-24,-22,1,1,4,-34,-12,-28,-13,-10,-62,16,-13,12,-16,22
721.2.a.e,721,12,0,2,-3,1,-12,18,-9,-9,-14,30,-6,31,-2,7,23,34,3,11,5,20,76,-14,14,-10,-10,-15
721.2.a.f,721,14,0,0,6,13,14,18,6,23,7,15,6,18,-3,19,-4,40,-4,22,-13,-22,56,8,-1,18,30,-6
722.2.a.a,722,1,0,-1,-3,2,-3,-2,3,-1,0,5,3,6,-6,-12,-10,-8,3,-3,0,-15,0,-11,12,2,-6,-12
722.2.a.b,722,1,0,-1,1,-4,3,2,1,3,0,-1,5,8,2,8,4,8,1,-15,2,-3,-2,9,10,-6,0,2
722.2.a.c,722,1,0,-1,1,0,-4,3,2,-6,0,-6,0,2,-10,9,-4,0,6,-9,-4,-7,-6,-1,-4,3,6,17
722.2.a.d,722,1,0,1,-1,0,-4,3,-2,-6,0,-6,0,-2,10,-9,-4,0,-6,9,-4,7,6,-1,4,3,-6,-17
722.2.a.e,722,1,0,1,-1,0,-1,-6,-5,3,0,3,-9,4,-2,0,8,0,3,-9,-10,-5,6,-7,10,-6,12,10
722.2.a.f,722,1,0,1,3,2,-3,-2,-3,-1,0,5,-3,-6,6,12,-10,-8,-3,3,0,15,0,-11,-12,2,6,12
722.2.a.g,722,2,0,-2,0,2,2,-4,-4,0,0,2,2,6,-6,-10,12,14,4,0,-14,4,16,14,8,0,0,18
722.2.a.h,722,2,0,-2,2,-5,-2,-2,5,-9,0,6,-7,2,19,-5,-14,0,-1,8,5,10,-12,-9,-10,8,11,15
722.2.a.i,722,2,0,2,-2,-5,-2,-2,-5,-9,0,6,7,-2,-19,5,-14,0,1,-8,5,-10,12,-9,10,8,-11,-15
722.2.a.j,722,2,0,2,0,2,2,-4,4,0,0,2,-2,-6,6,10,12,14,-4,0,-14,-4,-16,14,-8,0,0,-18
722.2.a.k,722,3,0,-3,0,6,6,6,6,3,0,0,-12,6,6,0,9,-6,0,6,18,18,12,12,18,6,-9,0
722.2.a.l,722,3,0,3,0,6,6,6,-6,3,0,0,12,-6,-6,0,9,-6,0,-6,18,-18,-12,12,-18,6,9,0
722.2.a.m,722,4,0,-4,-2,-2,-2,2,-18,6,0,-10,2,-26,-4,12,-10,-12,-8,8,0,-10,0,-14,-22,-12,16,-28
722.2.a.n,722,4,0,4,2,-2,-2,2,18,6,0,-10,-2,26,4,-12,-10,-12,8,-8,0,10,0,-14,22,-12,-16,28
723.2.a.a,723,1,0,-1,-1,-2,0,2,2,0,4,-6,-6,-4,6,6,4,-12,-14,-4,-6,12,10,6,-8,-12,12,-2
723.2.a.b,723,1,0,0,1,0,-2,-1,0,-2,-2,-9,-6,2,-10,8,-6,8,-6,10,3,3,4,-6,3,4,-1,13
723.2.a.c,723,2,0,2,2,4,2,6,0,4,6,2,4,-2,0,-4,-6,-4,-12,0,0,-8,-2,-4,-8,-8,-20,28
723.2.a.d,723,5,0,-2,5,-8,-7,2,-20,-4,-7,6,5,-31,-17,-2,-1,-21,1,3,-1,-9,-4,-6,-17,-1,-3,-30
723.2.a.e,723,9,0,3,-9,12,-5,3,18,16,3,9,15,-13,19,18,-11,19,31,11,2,-12,6,18,-32,13,24,23
723.2.a.f,723,10,0,-4,-10,-10,3,-9,-22,-12,-3,-5,-11,19,-33,-20,-17,-25,-27,-25,-10,-30,-18,-30,42,9,-36,-21
723.2.a.g,723,13,0,1,13,6,9,-7,24,0,7,-9,-3,29,25,0,13,-1,25,-7,18,24,-28,36,28,15,30,3
724.2.a.a,724,2,0,0,4,5,-3,2,3,2,7,1,13,-1,9,-18,-2,-17,-12,6,0,0,3,-15,0,7,-10,-20
724.2.a.b,724,5,0,0,-1,-5,-4,0,-2,-13,-4,-10,-21,-9,-10,-22,9,4,-5,10,-4,3,-13,5,0,13,-5,17
724.2.a.c,724,8,0,0,-5,2,5,-2,3,7,-11,11,26,2,-3,46,11,33,37,-12,2,-21,24,8,0,-36,5,-11
725.2.a.a,725,1,0,1,0,0,2,-6,-2,2,-2,-2,-1,2,-10,2,-8,12,6,-8,-6,-2,-12,6,-10,14,18,-2
725.2.a.b,725,2,0,2,-2,0,0,2,2,4,12,4,2,6,8,8,-10,-2,-2,4,-4,0,-12,-8,-2,-4,-8,8
725.2.a.c,725,2,0,2,4,0,4,-4,4,0,-4,12,2,-4,0,-12,12,12,-4,0,4,4,-8,0,12,-20,-4,8
725.2.a.d,725,3,0,-3,2,0,2,8,6,0,0,-14,3,12,-4,-10,10,-18,-10,4,6,10,24,4,8,2,22,36
725.2.a.e,725,3,0,-1,-2,0,-4,2,2,4,-10,-16,-3,-14,8,-2,-2,-14,-6,8,-6,-28,28,16,-6,-12,-10,-8
725.2.a.f,725,4,0,0,0,0,0,-12,0,0,-20,0,4,-28,0,0,0,0,0,0,-16,0,0,0,4,0,0,0
725.2.a.g,725,4,0,0,0,0,0,14,0,0,16,0,-4,-2,0,4,0,0,0,-20,24,0,4,0,34,0,20,0
725.2.a.h,725,5,0,-2,-6,0,-6,-2,-4,-9,2,-1,5,-1,-14,5,-28,-15,8,-11,-5,-23,-5,-16,-10,-9,-18,-23
725.2.a.i,725,5,0,0,-6,0,-10,2,-8,-3,-4,-3,-5,5,-4,-3,-12,1,-12,-15,-7,-17,-17,-10,-2,-19,14,9
725.2.a.j,725,5,0,0,6,0,10,2,8,3,-4,3,-5,5,4,-3,12,-1,12,-15,-7,17,-17,10,-2,19,14,-9
725.2.a.k,725,5,0,2,6,0,6,-2,4,9,2,1,5,-1,14,5,28,15,-8,-11,-5,23,-5,16,-10,9,-18,23
725.2.a.l,725,6,0,0,0,0,0,-10,0,0,16,0,-6,22,0,0,0,0,0,60,12,0,12,0,2,0,-32,0
726.2.a.a,726,1,0,-1,-1,-1,4,0,-3,1,8,-8,9,0,3,-3,8,12,11,0,2,4,0,6,4,-16,7,-5
726.2.a.b,726,1,0,-1,-1,0,0,0,-6,6,-6,6,-6,4,-2,-6,-6,6,-12,-12,-6,4,-6,12,-12,0,-6,-10
726.2.a.c,726,1,0,-1,-1,2,4,0,6,-2,-4,4,-6,0,6,6,-4,-12,2,12,14,4,-12,6,4,-4,10,-14
726.2.a.d,726,1,0,-1,1,-4,2,0,-4,2,0,-6,-10,-8,-2,-2,-4,-2,4,0,8,-12,2,6,-10,-4,10,-2
726.2.a.e,726,1,0,-1,1,-1,-4,0,5,-7,0,0,-7,-8,-5,-11,8,4,-5,0,2,12,-16,6,-4,8,-17,-5
726.2.a.f,726,1,0,1,-1,-1,-4,0,3,-1,-8,-8,-9,0,3,3,-8,12,11,0,-2,4,0,-6,-4,16,7,-5
726.2.a.g,726,1,0,1,-1,0,0,0,6,-6,6,6,6,4,-2,6,6,6,-12,-12,6,4,-6,-12,12,0,-6,-10
726.2.a.h,726,1,0,1,1,-1,4,0,-5,7,0,0,7,-8,-5,11,-8,4,-5,0,-2,12,-16,-6,4,-8,-17,-5
726.2.a.i,726,1,0,1,1,0,-2,0,4,6,4,6,-6,8,-10,-6,-8,-6,0,0,-8,-4,6,-2,-14,12,-6,14
726.2.a.j,726,2,0,-2,-2,-1,-7,0,2,-4,2,-2,3,15,12,2,2,-4,-1,-1,18,8,16,7,3,17,-10,7
726.2.a.k,726,2,0,-2,2,5,-1,0,2,8,2,2,7,-9,0,2,-14,8,5,5,6,-8,12,9,-7,1,18,-17
726.2.a.l,726,2,0,2,-2,-1,7,0,-2,4,-2,-2,-3,15,12,-2,-2,-4,-1,-1,-18,8,16,-7,-3,-17,-10,7
726.2.a.m,726,2,0,2,2,5,1,0,-2,-8,-2,2,-7,-9,0,-2,14,8,5,5,-6,-8,12,-9,7,-1,18,-17
727.2.a.a,727,24,0,-13,-8,-8,-7,-13,-18,-55,-3,-27,-45,-1,-12,-41,-24,-25,-61,7,10,-4,-18,-25,-6,-38,-65,-21
727.2.a.b,727,36,0,14,6,6,1,9,16,63,-1,29,41,-9,18,43,12,23,77,17,4,-12,-2,17,-14,8,39,13
728.2.a.a,728,1,0,0,-2,-1,1,4,-1,-6,1,1,3,-7,-10,-10,-7,-9,3,0,6,-6,10,-11,-3,11,-7,17
728.2.a.b,728,1,0,0,-1,0,1,3,-1,4,2,1,4,9,3,-5,4,9,-4,10,5,11,-16,11,-5,-4,-2,-7
728.2.a.c,728,1,0,0,0,-1,-1,2,1,0,-7,-3,-9,5,-8,-10,5,7,3,0,6,-10,4,-11,-11,11,-3,-15
728.2.a.d,728,1,0,0,2,3,1,0,-1,-2,5,1,-5,-3,-6,-2,1,3,11,-8,-10,2,14,-7,13,-1,-11,5
728.2.a.e,728,2,0,0,-4,-2,2,-4,2,4,-10,-2,6,-14,-8,12,-6,2,2,-12,-20,-12,-8,-10,2,14,-2,-18
728.2.a.f,728,2,0,0,-2,0,-2,-2,-2,2,0,-6,-6,-4,-10,0,-18,-8,-6,0,-4,0,10,16,-6,-16,28,-8
728.2.a.g,728,2,0,0,1,-1,-2,5,2,-8,-1,10,7,4,15,-13,-3,6,-5,2,-15,5,12,6,12,7,-21,4
728.2.a.h,728,4,0,0,1,0,4,1,4,2,8,-9,-4,11,7,13,-2,11,20,-2,17,-3,-8,11,-27,-22,10,17
728.2.a.i,728,4,0,0,1,2,-4,-1,-4,16,-10,7,4,-1,5,19,14,-13,-8,-26,-1,5,-18,7,9,12,4,25
729.2.a.a,729,6,0,-3,0,-6,0,-12,0,-9,3,-15,-12,0,3,-15,0,-21,-9,-24,-9,-9,-27,-6,0,-12,-9,0
729.2.a.b,729,6,0,-3,0,3,6,6,6,9,12,12,-21,15,3,12,6,15,9,-6,24,15,0,12,24,6,9,-21
729.2.a.c,729,6,0,0,0,0,-12,0,-12,0,-24,0,0,-30,-6,0,-12,0,0,0,-12,6,0,12,-48,0,0,-12
729.2.a.d,729,6,0,3,0,6,0,12,0,9,3,15,12,0,3,15,0,21,9,24,-9,-9,27,-6,0,12,9,0
729.2.a.e,729,6,0,3,0,-3,6,-6,6,-9,12,-12,21,15,3,-12,6,-15,-9,6,24,15,0,12,24,-6,-9,-21
730.2.a.a,730,1,0,-1,-3,1,-1,-3,-2,6,6,-4,-3,4,-3,-3,-8,-13,8,-5,-8,-11,-3,1,11,-2,-11,8
730.2.a.b,730,1,0,-1,-2,-1,-4,0,-4,-3,5,3,-9,-7,-7,9,11,12,6,6,-4,2,-12,1,8,12,9,-16
730.2.a.c,730,1,0,-1,-1,1,3,3,0,6,-4,-2,-1,-2,-1,1,6,7,12,9,0,7,5,-1,-1,16,1,-14
730.2.a.d,730,1,0,-1,0,-1,-2,2,2,2,0,4,10,10,-6,6,-6,-6,2,6,2,8,16,1,4,6,-6,6
730.2.a.e,730,1,0,-1,0,1,2,-6,-2,-6,0,-4,6,-2,-6,6,10,-10,-10,-2,10,-8,0,1,-4,-2,10,-10
730.2.a.f,730,1,0,-1,2,1,0,0,0,3,5,7,5,-5,5,1,-3,4,-6,6,-12,-2,-16,-1,8,4,1,16
730.2.a.g,730,1,0,-1,3,-1,1,5,-4,2,0,-2,1,-2,3,9,6,-3,-4,-9,-4,-13,13,1,-17,12,9,-6
730.2.a.h,730,1,0,1,-2,-1,4,0,-4,7,1,1,3,9,-1,9,-11,0,6,2,8,-2,-8,-1,-4,-4,9,-16
730.2.a.i,730,1,0,1,-1,-1,-1,-1,-2,-2,-6,0,-1,-4,-9,-3,12,-5,0,-7,8,7,5,1,-5,-2,-11,12
730.2.a.j,730,1,0,1,-1,1,-3,-3,-6,-6,2,4,5,4,-1,-11,-12,1,0,3,-12,7,5,-1,11,10,13,-8
730.2.a.k,730,1,0,1,1,1,5,3,-4,-6,-4,6,-9,2,-7,9,2,9,-12,9,-4,-7,-3,1,-1,12,-15,2
730.2.a.l,730,2,0,-2,-1,2,-8,7,-1,-7,-12,-1,4,3,0,-9,-2,-2,-1,-16,3,-7,-26,2,-6,-12,-3,2
730.2.a.m,730,3,0,-3,0,-3,1,-8,3,-3,-6,-1,-13,-11,13,-12,-6,-9,-7,-23,-13,2,-1,-3,1,-26,-6,22
730.2.a.n,730,3,0,3,2,-3,-5,4,13,5,0,3,5,-3,-7,-8,-20,9,1,-1,-9,-20,11,-3,5,20,-10,12
730.2.a.o,730,4,0,4,-1,4,0,-3,9,8,-3,2,11,4,5,10,5,6,3,-10,1,1,-2,4,-34,-12,8,4
731.2.a.a,731,1,0,1,1,-1,0,-6,1,-1,-2,2,6,2,-3,-4,-1,13,1,-3,-7,-9,11,-7,-8,-9,2,10
731.2.a.b,731,2,0,-2,1,-1,0,-4,-5,-2,6,4,-2,-12,-7,-2,-2,-15,-9,-3,-11,7,7,-3,-10,11,16,16
731.2.a.c,731,6,0,-1,-3,3,-7,4,-10,-6,-20,-3,-15,12,-14,-2,-6,-11,3,2,-20,-2,1,13,-26,10,-15,-22
731.2.a.d,731,8,0,1,-3,-7,-5,-4,-12,8,0,-9,-27,-12,-24,-8,8,15,-23,16,-34,0,-3,-3,-24,-8,23,-10
731.2.a.e,731,19,0,2,5,11,7,4,14,19,12,-1,41,-8,50,6,-19,-21,-9,-4,68,0,23,-1,16,-32,11,36
731.2.a.f,731,21,0,2,-1,-3,5,2,26,-21,16,-1,15,18,12,0,21,-1,39,4,50,16,1,15,56,0,5,-28
732.2.a.a,732,1,0,0,-1,1,-5,5,1,-6,-2,-7,4,-8,6,-7,-8,-8,-6,3,1,3,-12,13,9,0,0,-10
732.2.a.b,732,1,0,0,-1,2,2,2,-2,-2,4,6,-2,-2,2,2,6,12,6,10,-1,-2,-6,6,-14,0,6,-10
732.2.a.c,732,1,0,0,1,-2,-2,0,-6,0,0,-4,0,-6,-6,6,-2,0,4,0,-1,-2,8,6,10,-12,12,2
732.2.a.d,732,2,0,0,2,0,4,6,4,-6,-8,-6,6,4,4,0,16,12,-18,-6,2,-8,6,4,-8,12,-6,4
732.2.a.e,732,2,0,0,2,2,2,-2,2,4,12,6,-8,8,4,-6,-8,-8,12,-6,2,18,0,-14,14,-8,-32,-4
732.2.a.f,732,3,0,0,-3,-3,3,-7,-7,2,-6,-11,-20,4,-6,-3,-12,-16,-14,-9,3,-5,4,-7,-7,-8,0,30
733.2.a.a,733,1,0,1,-1,0,2,0,6,5,3,4,0,5,1,5,-10,3,-1,7,15,-16,14,-6,1,3,-6,-5
733.2.a.b,733,2,0,-2,2,-4,4,0,-8,-6,6,0,-4,6,-10,-14,-12,-2,-14,-18,-2,-8,12,0,18,6,-24,22
733.2.a.c,733,25,0,-11,-18,-6,-11,-37,-4,-9,-18,-50,-7,-16,-10,-6,-26,-66,-34,-42,10,-62,-51,-7,-18,-101,-2,-18
733.2.a.d,733,32,0,12,17,8,3,37,-4,6,5,38,19,-7,13,1,42,57,51,65,-41,68,31,-7,-17,82,14,-9
734.2.a.a,734,1,0,1,2,0,0,-2,2,6,6,0,0,8,-6,-10,-10,-8,-6,4,10,-4,-12,14,-8,-4,10,-18
734.2.a.b,734,2,0,-2,1,-3,-3,1,8,-4,8,-8,13,5,-6,15,16,5,-10,18,2,-4,2,7,8,-12,11,6
734.2.a.c,734,3,0,-3,1,-1,-2,0,-5,-2,-11,2,0,-9,-11,-1,0,5,6,-5,-11,-17,-7,-11,-15,-2,-11,-5
734.2.a.d,734,3,0,3,-3,-3,-6,-6,-3,0,-3,-12,-6,-15,-3,3,0,9,0,-3,-3,-3,-9,9,3,6,21,21
734.2.a.e,734,11,0,-11,-2,6,9,3,-5,10,-1,-2,-15,30,23,8,-4,-12,8,-11,31,27,5,22,21,-6,10,33
734.2.a.f,734,11,0,11,3,5,10,14,1,-16,3,12,4,5,21,-5,20,17,4,-7,-11,13,25,-39,23,-18,-47,17
735.2.a.a,735,1,0,-2,-1,-1,0,-6,3,4,-1,-4,-8,-1,7,6,1,-2,4,8,14,7,6,-1,-1,-2,12,6
735.2.a.b,735,1,0,-2,1,1,0,-6,-3,-4,1,-4,-8,1,7,-6,1,2,4,-8,-14,7,6,1,-1,2,-12,-6
735.2.a.c,735,1,0,-1,1,-1,0,-4,2,-2,-4,0,-2,0,-10,-10,4,-8,-10,4,2,12,-8,-10,0,-12,6,-2
735.2.a.d,735,1,0,0,-1,1,0,0,1,-6,-5,6,-6,-5,-7,-12,-1,-6,0,6,-2,-7,12,-11,-13,12,-6,10
735.2.a.e,735,1,0,0,1,-1,0,0,-1,6,5,6,-6,5,-7,12,-1,6,0,-6,2,-7,12,11,-13,-12,6,-10
735.2.a.f,735,1,0,1,-1,-1,0,0,6,-2,8,8,-2,-4,-2,6,4,-8,10,-4,2,4,-12,2,8,4,6,18
735.2.a.g,735,2,0,-2,-2,2,0,-2,8,10,2,-6,2,6,4,2,-4,4,4,10,8,-12,2,8,6,6,6,16
735.2.a.h,735,2,0,-2,2,-2,0,-2,-8,-10,-2,-6,2,-6,4,-2,-4,-4,4,-10,-8,-12,2,-8,6,-6,-6,-16
735.2.a.i,735,2,0,0,-2,-2,0,4,-6,-4,-2,-4,8,-6,-14,-4,-18,-4,8,0,8,-2,-4,-10,2,8,-16,-16
735.2.a.j,735,2,0,0,2,2,0,4,6,4,2,-4,8,6,-14,4,-18,4,8,0,-8,-2,-4,10,2,-8,16,16
735.2.a.k,735,2,0,0,2,2,0,4,0,4,-4,8,-4,-12,4,4,0,-8,-16,0,4,-8,20,16,8,16,4,-8
735.2.a.l,735,2,0,2,-2,-2,0,0,4,4,-4,-4,12,4,4,-12,16,0,0,-16,0,0,0,28,-16,-8,-12,4
735.2.a.m,735,2,0,2,2,2,0,0,-4,-4,4,-4,12,-4,4,12,16,0,0,16,0,0,0,-28,-16,8,12,-4
735.2.a.n,735,4,0,4,-4,4,0,8,0,-8,8,0,8,8,8,0,-8,-8,8,-16,32,0,-8,0,0,-40,8,0
735.2.a.o,735,4,0,4,4,-4,0,8,0,8,-8,0,8,-8,8,0,-8,8,8,16,-32,0,-8,0,0,40,-8,0
736.2.a.a,736,2,0,0,-2,-4,4,0,-2,-8,-4,2,-10,10,-4,-14,-8,2,4,-8,4,-8,-10,10,12,-4,-16,0
736.2.a.b,736,2,0,0,0,2,-6,-6,-6,-2,0,2,10,-12,2,-10,0,-12,4,-12,4,18,-24,6,0,6,8,-6
736.2.a.c,736,2,0,0,0,2,6,6,-6,-2,0,-2,10,12,2,-10,0,12,4,12,4,-18,24,6,0,-6,8,-6
736.2.a.d,736,2,0,0,2,-4,-4,0,-2,-8,4,-2,-10,-10,-4,-14,8,-2,4,8,4,8,10,10,-12,4,-16,0
736.2.a.e,736,3,0,0,-4,-2,2,-8,0,4,-10,-3,-4,-4,-2,-12,-6,-12,-8,-20,-4,-4,8,-4,12,-16,-14,-16
736.2.a.f,736,3,0,0,4,-2,-2,8,0,4,10,3,-4,4,-2,-12,6,12,-8,20,-4,4,-8,-4,-12,16,-14,-16
736.2.a.g,736,4,0,0,-2,6,4,-2,2,4,-6,4,6,6,6,18,-22,14,10,0,6,-6,-6,-6,16,-2,20,-4
736.2.a.h,736,4,0,0,2,6,-4,2,2,4,6,-4,6,-6,6,18,22,-14,10,0,6,6,6,-6,-16,2,20,-4
737.2.a.a,737,1,0,-2,2,-2,-2,1,-2,7,3,-7,-9,-2,-9,4,-6,-1,6,-7,6,1,0,-11,-16,12,15,-16
737.2.a.b,737,2,0,0,-4,-4,-4,2,0,-6,2,-2,2,4,-14,4,0,-2,20,2,4,2,16,-10,-8,-8,-6,16
737.2.a.c,737,8,0,2,-6,-6,-10,8,-11,-4,-13,-16,11,-30,5,-6,-3,-16,-37,-6,-46,8,-14,11,21,-20,-15,-17
737.2.a.d,737,12,0,-2,-4,4,-20,-12,-9,-16,-17,-12,1,-18,-11,-6,-25,-12,21,6,-4,-12,-2,-39,-25,6,33,-31
737.2.a.e,737,15,0,2,6,-4,24,-15,19,5,14,3,4,42,-8,0,47,9,-15,-15,32,15,-2,16,27,8,-16,31
737.2.a.f,737,17,0,1,10,10,20,17,1,2,13,16,-5,16,29,-6,19,40,15,-2,-6,-17,2,41,41,2,1,3
738.2.a.a,738,1,0,-1,0,-1,-2,-2,-1,7,5,6,0,7,-2,-1,4,12,6,-5,2,3,3,9,0,-9,-5,-2
738.2.a.b,738,1,0,-1,0,-1,2,-2,-7,-7,7,2,8,-5,-10,1,-8,-4,2,-9,6,1,-15,1,-8,11,-3,10
738.2.a.c,738,1,0,-1,0,1,-4,4,-5,1,-3,-8,0,7,-4,-1,-6,-8,14,-7,-8,-5,-7,1,-14,-15,13,12
738.2.a.d,738,1,0,-1,0,2,4,4,2,-2,-4,0,6,-8,-2,-1,4,-12,6,4,-10,12,12,-6,12,-12,-2,10
738.2.a.e,738,1,0,1,0,-3,-2,-2,1,-5,-1,-6,-8,3,-6,-1,-4,12,14,-3,10,-7,3,1,12,-7,15,-10
738.2.a.f,738,1,0,1,0,-3,2,6,-1,-3,5,6,0,-1,2,1,8,12,-6,9,-10,-13,-15,-7,-4,-3,-15,2
738.2.a.g,738,1,0,1,0,-1,-4,-4,-5,-1,-3,8,0,7,-4,1,-6,8,-14,7,-8,-5,7,1,-14,15,-13,12
738.2.a.h,738,1,0,1,0,2,-4,2,4,2,6,8,0,-8,2,1,-12,-4,4,-8,-14,-2,-8,10,4,-12,14,6
738.2.a.i,738,1,0,1,0,2,2,-4,4,2,0,-4,0,4,2,1,-12,2,4,4,10,-8,10,-2,-14,12,-10,-18
738.2.a.j,738,1,0,1,0,2,2,4,-4,2,-8,-4,8,4,2,1,4,2,-4,-12,-6,16,-6,-2,-14,-4,6,-2
738.2.a.k,738,2,0,-2,0,0,-4,0,0,-4,-8,-8,-8,-8,0,2,8,4,-24,8,12,-8,4,-16,-12,-24,12,-4
738.2.a.l,738,3,0,-3,0,-3,4,0,5,-1,3,4,4,3,8,3,10,16,6,5,8,-3,7,1,14,33,3,16
738.2.a.m,738,3,0,3,0,3,4,0,5,1,3,-4,-4,3,8,-3,10,-16,-6,-5,8,-3,-7,1,14,-33,-3,16
739.2.a.a,739,1,0,2,0,2,2,3,2,1,2,6,-8,-4,3,-9,9,-2,14,-13,-10,-13,6,11,-11,-12,14,16
739.2.a.b,739,3,0,-1,0,-8,3,-4,1,-8,0,3,3,-3,4,-8,-23,9,-5,3,-21,-5,-3,-1,7,2,-5,-15
739.2.a.c,739,23,0,-6,-6,-24,-7,-18,-17,-9,-24,-16,-48,-17,-23,-61,22,-28,-42,-60,-12,0,-30,14,6,-34,-101,7
739.2.a.d,739,34,0,3,4,32,-2,13,10,20,4,1,55,18,12,74,-28,43,47,82,29,2,25,-8,-2,18,98,-22
740.2.a.a,740,1,0,0,-1,1,1,-3,-6,0,0,2,-6,0,-1,-9,-10,1,1,0,-12,0,-5,3,16,11,0,8
740.2.a.b,740,1,0,0,1,-1,-1,-3,-4,0,-4,0,0,2,1,3,2,3,-9,0,2,-4,15,-7,-10,-3,6,-10
740.2.a.c,740,1,0,0,3,-1,-3,5,2,4,-4,6,6,-4,-1,-9,10,-11,-11,-8,-8,-8,3,7,8,-9,-16,12
740.2.a.d,740,2,0,0,-2,2,6,-4,8,-8,2,-4,8,10,2,-4,12,6,12,-10,28,-14,16,0,2,-14,-4,-28
740.2.a.e,740,3,0,0,0,-3,2,-4,6,10,18,-2,-2,0,-3,-6,10,14,6,8,10,20,-32,2,-8,-16,-6,18
740.2.a.f,740,4,0,0,3,4,-5,5,-6,10,0,2,2,-4,4,29,4,-9,-3,-10,8,14,-17,7,-24,31,-4,12
741.2.a.a,741,1,0,0,1,1,-3,-3,1,-3,-1,-8,0,-6,4,-2,-9,3,8,8,-5,14,-8,-9,-14,-4,14,0
741.2.a.b,741,1,0,1,-1,-3,1,4,1,2,-1,5,10,-6,3,6,8,0,1,7,-7,2,-15,-8,13,-6,18,5
741.2.a.c,741,1,0,1,-1,1,3,0,-1,6,1,3,6,10,9,-10,-8,8,-1,3,9,2,-3,-8,-11,6,-18,-17
741.2.a.d,741,1,0,1,1,3,5,0,-1,-6,-1,-1,2,-2,5,-2,-4,-8,9,3,-7,-14,5,0,15,-14,-2,-5
741.2.a.e,741,1,0,2,1,1,-1,5,-1,7,-1,-4,2,2,0,-12,-1,3,-2,0,-9,-4,-12,1,4,-4,18,10
741.2.a.f,741,2,0,0,2,-2,-6,-6,-2,2,2,8,-4,-4,0,-4,-10,-6,12,-8,-6,-24,-8,-18,4,-12,4,-20
741.2.a.g,741,2,0,1,-2,2,2,1,2,-5,-2,9,6,4,-1,0,-9,11,17,-5,4,4,21,-5,3,-10,-8,-15
741.2.a.h,741,3,0,0,3,-3,3,6,-3,-6,-3,-3,6,12,9,12,24,0,3,-9,3,12,21,12,-3,-12,-6,3
741.2.a.i,741,4,0,-1,-4,-4,2,-12,4,-8,4,-6,-6,2,4,-12,-14,-10,-12,-16,8,-4,-20,12,-24,14,12,18
741.2.a.j,741,5,0,-1,-5,-1,1,-13,-5,-1,-5,-2,-10,-8,-8,-6,3,3,-8,-20,-19,-14,-16,21,-18,-38,-26,18
741.2.a.k,741,5,0,1,-5,3,1,14,-5,0,5,-1,6,-2,-19,22,22,-2,-9,19,-9,-10,21,-18,-3,22,10,-13
741.2.a.l,741,9,0,0,9,0,4,12,9,-2,9,8,0,-2,-4,-10,6,-22,-16,6,12,24,-18,30,10,14,-26,6
742.2.a.a,742,1,0,-1,0,-1,-1,3,4,-3,0,-9,0,-5,0,-2,5,-12,-1,7,-10,-8,-12,-14,11,0,-13,1
742.2.a.b,742,1,0,-1,0,3,1,3,4,1,0,-1,0,-1,0,6,-11,4,-1,3,6,8,4,10,-5,0,-9,5
742.2.a.c,742,1,0,-1,2,-4,1,0,-4,-2,6,-8,-6,-8,-6,2,-8,4,1,2,12,-4,-8,-2,8,6,2,-2
742.2.a.d,742,1,0,-1,2,4,-1,-4,2,6,2,0,6,-2,-6,-4,4,-8,1,4,8,-8,-12,-12,8,-2,14,-18
742.2.a.e,742,1,0,-1,3,0,1,0,1,1,-3,5,9,-4,-3,6,-2,-2,-1,-6,-12,-4,-5,-8,13,9,-6,5
742.2.a.f,742,1,0,1,-1,-2,1,-6,5,-1,-3,-7,-9,-8,3,-2,10,8,-1,-2,0,-4,-13,4,-7,9,-2,-5
742.2.a.g,742,1,0,1,3,-2,-1,2,1,3,1,1,-9,0,-5,6,-6,0,-1,-10,0,-4,-13,-12,1,-11,14,7
742.2.a.h,742,2,0,-2,-2,0,-2,0,2,6,2,10,6,-4,10,4,4,20,2,4,0,-4,10,16,-10,14,12,10
742.2.a.i,742,2,0,-2,-2,0,2,-8,2,-10,2,2,-2,12,2,-12,-12,4,2,4,-16,-20,2,-16,14,-18,12,-6
742.2.a.j,742,2,0,2,0,4,-2,4,0,4,8,0,-4,4,-8,-8,12,0,-2,4,4,0,0,0,-8,16,-20,12
742.2.a.k,742,3,0,-3,-3,-2,-3,0,-7,-7,3,1,-11,14,-19,-4,-2,-2,-3,-22,-14,36,-1,26,-19,-9,-22,5
742.2.a.l,742,3,0,3,-4,-5,-3,1,-6,-11,-4,-7,-4,-7,4,-22,-11,-10,3,3,6,0,8,2,13,-4,7,-7
742.2.a.m,742,6,0,6,2,-1,6,5,-2,7,2,13,10,1,6,-8,1,2,6,9,-30,0,8,0,5,-2,-15,-45
743.2.a.a,743,21,0,-4,-9,-10,-18,-3,-28,-26,-12,-2,-6,-27,-44,-20,-20,-9,8,-8,-31,-28,19,-109,9,0,-22,-144
743.2.a.b,743,41,0,3,11,12,22,5,34,26,12,10,-8,37,62,30,20,31,10,-10,31,18,-1,171,1,0,10,190
744.2.a.a,744,1,0,0,-1,-3,2,-5,1,1,7,8,-4,-1,2,6,10,9,6,10,-7,5,5,-6,5,-15,6,-19
744.2.a.b,744,1,0,0,-1,-1,1,0,-6,0,-3,6,0,-1,-8,-11,-8,0,4,-11,-8,12,-7,-4,10,14,10,1
744.2.a.c,744,1,0,0,-1,1,-3,-2,4,-4,-7,4,-6,1,-6,3,-2,-12,4,7,-8,-4,-1,-2,-14,14,-6,-7
744.2.a.d,744,1,0,0,-1,3,5,4,-2,-8,1,2,-4,-1,-4,9,4,0,-12,-11,8,-4,-7,0,2,6,-6,17
744.2.a.e,744,1,0,0,1,-3,1,-6,0,-4,-3,0,-2,1,-2,-1,-6,4,-12,7,0,-4,15,2,2,6,-14,-7
744.2.a.f,744,1,0,0,1,-2,0,4,-2,6,4,0,10,-1,-2,10,4,-4,2,0,6,-12,-12,2,0,-4,-10,2
744.2.a.g,744,1,0,0,1,-1,-3,-4,-2,0,1,-6,-4,-1,4,5,4,-8,4,-15,0,12,-3,8,-6,-2,10,17
744.2.a.h,744,2,0,0,2,2,3,3,-1,3,0,8,2,2,0,-3,0,17,-6,1,-5,1,16,-16,-7,5,-4,-18
744.2.a.i,744,2,0,0,2,6,-1,-3,7,3,0,2,0,-2,-6,-1,-10,3,2,-1,-19,5,4,2,-9,5,20,-10
744.2.a.j,744,3,0,0,-3,2,-5,1,5,7,4,0,4,3,18,3,4,-9,-4,5,29,9,-2,2,-7,3,14,8
745.2.a.a,745,2,0,-1,1,-2,-2,-5,8,10,7,12,3,12,-12,17,-10,16,-9,-2,0,4,16,-2,3,10,26,-12
745.2.a.b,745,10,0,-2,0,-10,-1,-17,5,-9,-13,-33,-23,-18,1,-19,14,-16,-3,-36,-13,20,-53,5,-6,21,-1,14
745.2.a.c,745,11,0,-5,-12,11,-13,-9,-15,-9,-1,-43,-1,-2,-5,1,-26,-26,-35,-12,5,-24,-57,-7,-32,-25,7,-12
745.2.a.d,745,12,0,5,-3,-12,1,20,-17,-3,-4,29,22,2,13,-14,0,0,34,2,3,-36,51,-37,45,-7,7,-8
745.2.a.e,745,14,0,4,10,14,11,11,5,5,-5,31,17,-2,13,-7,10,22,27,4,-25,40,39,3,2,29,11,-20
746.2.a.a,746,4,0,4,-3,-7,-5,-1,-9,-11,-11,-2,-2,-17,-2,-5,2,-2,-3,1,-6,17,17,-18,1,19,-18,-5
746.2.a.b,746,4,0,4,-3,3,-3,1,13,5,13,16,12,5,-10,15,-6,2,-23,-9,-4,9,-21,38,-13,5,-26,-9
746.2.a.c,746,6,0,-6,-3,1,-5,-8,-8,8,-26,5,3,-17,-11,-10,-11,9,15,-29,-32,-6,5,-15,-28,-13,-9,-9
746.2.a.d,746,8,0,8,3,3,8,-3,5,8,7,-12,-9,10,17,-4,-5,6,27,-9,29,-25,12,-38,8,-39,14,6
746.2.a.e,746,10,0,-10,4,-4,5,3,9,-6,25,-7,10,31,8,8,20,-3,-16,12,29,29,11,21,28,18,3,13
747.2.a.a,747,1,0,-1,0,-2,0,0,6,-4,2,-4,-4,-4,-2,-8,-2,0,6,-4,2,-14,8,6,2,-1,-6,-2
747.2.a.b,747,1,0,-1,0,1,-4,3,2,-4,-1,3,-4,-6,-9,2,4,-8,-7,9,-13,5,0,-12,-12,1,-9,-6
747.2.a.c,747,1,0,1,0,-1,0,3,-6,4,-7,-5,-8,-10,7,2,4,12,-9,1,11,-5,4,12,-4,1,9,-2
747.2.a.d,747,1,0,1,0,2,-3,-3,-6,-5,2,4,7,5,-11,2,-8,0,-6,-5,5,-2,-2,0,14,1,0,-8
747.2.a.e,747,1,0,1,0,2,0,0,6,4,2,4,4,-4,-2,8,-2,0,-6,4,2,-14,-8,6,2,1,6,-2
747.2.a.f,747,2,0,2,0,6,-4,6,0,0,-2,2,12,-16,-2,8,12,8,2,-18,10,-2,12,4,4,-2,6,0
747.2.a.g,747,4,0,-2,0,-6,0,-4,-6,0,-2,-8,0,8,-16,8,-10,-16,-12,-20,-12,-20,-14,-22,6,4,4,6
747.2.a.h,747,5,0,3,0,2,8,-4,4,-2,12,-8,2,24,-2,-6,10,-12,28,-8,6,10,-26,16,6,-5,-4,8
747.2.a.i,747,6,0,-4,0,-8,0,-6,-10,-4,-4,-10,-8,0,-6,-8,-2,-12,-50,-10,-2,22,-22,-6,-18,-6,10,-6
747.2.a.j,747,6,0,-1,0,-2,3,3,14,5,-4,5,1,3,39,1,-8,12,-14,17,-5,16,26,-6,-12,-6,22,6
747.2.a.k,747,6,0,4,0,8,0,6,-10,4,-4,10,8,0,-6,8,-2,12,50,10,-2,22,22,-6,-18,6,-10,-6
748.2.a.a,748,1,0,0,3,3,-2,-1,-2,-1,2,3,-10,7,-7,4,2,0,-10,-5,0,-9,-7,14,4,18,-9,-17
748.2.a.b,748,2,0,0,-2,2,-4,-2,0,2,-8,-2,-4,-6,-6,0,-4,-12,-8,-14,8,6,-2,4,8,-12,14,-10
748.2.a.c,748,2,0,0,-1,-1,5,-2,-2,-2,-12,13,5,3,7,-1,0,9,3,22,-14,0,11,-15,-4,4,0,1
748.2.a.d,748,3,0,0,-3,-1,-4,3,-2,-3,-4,-15,4,-1,-1,-4,-12,-8,14,1,6,-27,-23,-6,-12,-4,-23,1
748.2.a.e,748,4,0,0,1,-1,1,4,2,4,10,11,5,-5,-7,13,10,13,-1,0,-12,-2,3,-13,0,14,10,3
749.2.a.a,749,1,0,-1,1,-2,1,3,-1,0,-3,1,-10,6,-3,-11,-8,0,-3,12,-15,-14,12,4,1,12,3,-16
749.2.a.b,749,6,0,-1,-4,0,6,-13,-5,1,-18,0,0,-15,-25,17,-38,5,-5,-14,6,-20,-26,-7,-22,-36,5,46
749.2.a.c,749,12,0,0,-5,-4,-12,-16,-10,-5,-41,-5,1,-25,2,-14,-20,2,6,-24,-29,-12,26,-17,-23,3,-18,-10
749.2.a.d,749,14,0,1,5,2,-14,10,12,9,41,-7,-8,23,-30,-6,18,3,-30,40,17,42,10,37,47,14,2,18
749.2.a.e,749,20,0,2,3,-2,20,16,2,-3,41,11,9,7,38,4,40,12,14,2,15,44,10,-23,21,29,-14,-12
750.2.a.a,750,2,0,-2,-2,0,-6,-1,-3,9,0,7,5,-1,-1,14,-3,9,22,5,4,9,4,12,-5,2,10,14
750.2.a.b,750,2,0,-2,-2,0,-1,-1,-3,-6,5,-3,-10,4,-1,-21,2,-1,-13,-15,-6,-6,-16,-8,0,12,-25,-6
750.2.a.c,750,2,0,-2,2,0,2,5,-1,-3,12,-5,3,11,9,-2,7,-15,-2,15,0,7,0,24,-9,-6,-14,14
750.2.a.d,750,2,0,-2,2,0,7,-5,9,2,-3,5,-2,-4,-1,3,2,15,3,-15,10,2,0,-16,16,4,11,-6
750.2.a.e,750,2,0,2,-2,0,-7,-5,-9,-2,-3,-5,-2,-4,1,3,-2,-15,-3,-15,10,-2,0,16,16,-4,11,6
750.2.a.f,750,2,0,2,-2,0,-2,5,1,3,12,5,3,11,-9,-2,-7,15,2,15,0,-7,0,-24,-9,6,-14,-14
750.2.a.g,750,2,0,2,2,0,1,-1,3,6,5,3,-10,4,1,-21,-2,1,13,-15,-6,6,-16,8,0,-12,-25,6
750.2.a.h,750,2,0,2,2,0,6,-1,3,-9,0,-7,5,-1,1,14,3,-9,-22,5,4,-9,4,-12,-5,-2,10,-14
751.2.a.a,751,24,0,-5,-8,-16,-7,-22,-8,-51,-9,-12,-49,-17,6,-99,-1,-12,-15,-18,-29,17,-29,-36,-33,-21,-78,2
751.2.a.b,751,38,0,4,6,18,1,20,10,61,7,4,53,-5,0,117,-5,32,27,26,37,-25,3,24,-29,9,120,12
752.2.a.a,752,1,0,0,0,0,0,-2,-4,-2,2,-4,4,-4,2,6,-6,1,2,-12,2,-2,-8,-14,16,16,-10,-14
752.2.a.b,752,2,0,0,-1,0,-5,-2,4,-5,-6,2,-2,0,1,-12,-2,2,-7,15,1,-16,-11,0,-19,4,5,3
752.2.a.c,752,2,0,0,0,4,4,-8,-4,0,8,0,12,0,4,-12,8,-2,4,8,-4,8,-12,12,0,0,0,12
752.2.a.d,752,2,0,0,1,-4,-1,4,-6,-5,0,2,-12,-10,-7,2,-12,-2,-7,15,-7,0,11,12,3,0,9,7
752.2.a.e,752,2,0,0,1,-2,3,6,2,-5,4,8,2,10,13,-4,6,2,5,-9,13,-2,-5,-2,3,-4,-15,15
752.2.a.f,752,2,0,0,3,-2,7,4,-4,3,2,0,0,0,-11,18,20,-2,-11,-1,5,14,-15,6,9,0,-3,-21
752.2.a.g,752,4,0,0,-3,0,-5,-8,-10,3,-8,-10,4,10,-27,-2,-8,-4,5,-9,-11,-8,-5,-20,-1,-16,17,11
752.2.a.h,752,4,0,0,0,-2,-4,6,8,6,0,6,-10,8,10,6,-2,-4,-6,-4,-6,-10,12,22,-20,-20,-6,30
752.2.a.i,752,4,0,0,1,4,3,-4,12,3,2,-8,8,2,13,4,8,4,21,-1,-3,24,-1,-18,7,8,9,-37
753.2.a.a,753,1,0,0,1,1,-5,6,-6,3,-6,-7,-6,-5,-2,-7,-6,0,10,6,4,5,14,-5,-5,-1,6,-10
753.2.a.b,753,1,0,0,1,3,-1,0,2,-3,8,3,0,-1,2,3,-4,6,6,6,-10,5,-6,11,-1,9,-6,-16
753.2.a.c,753,1,0,2,-1,3,-1,6,-2,5,-4,7,-4,3,-8,3,4,12,-12,0,-10,-7,4,-1,-17,9,-6,-12
753.2.a.d,753,2,0,0,2,-6,-2,-4,0,6,8,-14,-12,-18,0,6,8,0,-12,-4,-4,-10,-4,6,-6,22,-16,-16
753.2.a.e,753,4,0,2,4,4,6,8,-10,8,-2,-6,6,6,6,4,-2,28,-6,-10,-6,-30,-2,20,-2,2,-36,18
753.2.a.f,753,6,0,-6,6,-4,-7,-9,-5,-30,-7,-9,-23,9,6,-10,-5,-21,-16,3,-5,8,-11,-8,-5,-22,6,33
753.2.a.g,753,6,0,2,6,0,5,3,11,6,-11,23,17,-7,-18,10,11,-11,10,23,-7,8,27,-32,-1,-2,50,-21
753.2.a.h,753,9,0,0,-9,1,-14,-1,-15,-9,-7,-16,17,-22,-16,7,-29,-25,-2,-1,-21,-25,9,-27,-12,-31,8,-7
753.2.a.i,753,11,0,-3,-11,-4,19,-5,15,4,17,15,-25,19,16,-6,19,23,-8,5,33,14,1,14,49,10,-28,33
754.2.a.a,754,1,0,-1,-2,-2,2,0,1,2,4,-4,1,-8,6,-6,2,-8,-6,-10,-10,-2,-6,6,-14,-6,10,18
754.2.a.b,754,1,0,-1,1,1,-1,-6,1,-7,-2,-4,1,4,9,12,-1,7,0,-10,-4,-2,-3,6,4,0,-14,6
754.2.a.c,754,1,0,-1,1,3,-1,0,1,3,8,6,-1,-4,5,-6,11,-3,0,12,2,-10,9,-16,2,-6,6,-10
754.2.a.d,754,1,0,1,1,-3,-3,-4,-1,-1,0,2,1,4,-1,-2,3,3,-4,-12,10,-2,-5,0,-10,-6,10,-18
754.2.a.e,754,2,0,-2,2,1,3,5,2,6,-9,2,-2,12,0,3,-8,14,10,4,-1,-10,8,3,9,-2,7,-5
754.2.a.f,754,2,0,2,-2,-4,2,-6,2,-8,-6,-10,-2,0,-14,-2,2,-4,-4,6,-10,0,-2,2,6,14,4,20
754.2.a.g,754,4,0,-4,0,7,3,7,-4,-6,5,8,4,0,-14,13,-10,10,-6,2,-13,6,38,-7,21,20,31,3
754.2.a.h,754,4,0,-4,2,-2,-2,-12,-4,2,-4,-16,-4,-12,-2,-20,2,-10,-8,4,-4,0,-18,-4,0,-8,-12,-4
754.2.a.i,754,5,0,5,3,6,-2,13,-5,-5,7,2,-5,0,-5,1,11,7,10,-6,3,8,11,3,-3,-26,11,-9
754.2.a.j,754,6,0,6,2,3,-1,7,6,8,-7,6,6,-4,22,1,4,-24,-6,-10,-3,-16,-8,1,-39,8,5,1
755.2.a.a,755,1,0,0,0,-1,3,3,-3,0,-4,-9,1,-7,-2,-4,-2,-8,-2,9,-6,-5,-6,5,-10,15,8,2
755.2.a.b,755,1,0,1,-2,-1,2,-4,4,6,4,-6,2,8,6,-2,4,-12,4,12,10,-2,0,0,12,-6,6,-6
755.2.a.c,755,1,0,1,1,-1,0,-3,-3,-2,-1,3,-3,1,4,10,-10,2,-2,-5,0,-7,0,-7,10,-3,-2,10
755.2.a.d,755,1,0,2,-3,1,-1,0,6,4,-1,9,5,-1,-2,0,8,0,6,-4,0,4,-12,13,4,-12,-12,-16
755.2.a.e,755,1,0,2,1,1,3,0,6,-4,-1,-3,-3,7,-2,8,8,-8,-10,-4,0,-4,-12,-7,4,12,-4,16
755.2.a.f,755,1,0,2,3,1,-1,-3,-3,-2,5,0,-10,8,4,-6,-4,12,6,-1,6,1,6,10,-8,-15,0,-4
755.2.a.g,755,2,0,-2,-2,2,-4,2,2,-4,6,-2,-10,6,-8,-12,-4,-12,-8,18,-24,-18,8,-2,4,-14,4,-20
755.2.a.h,755,5,0,-1,-2,5,-2,-3,-18,-15,-6,-6,8,-3,-27,6,-9,-10,-8,-14,9,-5,5,2,0,20,-9,-7
755.2.a.i,755,5,0,0,-3,-5,-7,-5,-4,11,-3,6,-20,-7,-27,-14,3,18,-2,-16,-25,15,-5,-6,-16,4,-7,-13
755.2.a.j,755,15,0,-2,5,15,11,2,11,25,-3,8,24,-11,35,-20,-13,6,38,-15,33,24,19,4,-4,19,-35,55
755.2.a.k,755,18,0,-2,2,-18,4,11,12,-25,8,12,24,11,45,12,19,-16,-4,-8,27,9,9,2,20,-20,13,-27
756.2.a.a,756,1,0,0,0,-3,1,-3,2,6,5,9,-6,-1,11,-3,-4,12,0,0,8,-10,-3,8,-4,-6,-3,8
756.2.a.b,756,1,0,0,0,-3,1,0,2,-3,-4,-6,0,-10,-7,-9,5,-3,-6,9,8,8,12,-10,5,-9,-18,8
756.2.a.c,756,1,0,0,0,-1,-1,-2,0,-5,2,-2,-10,0,5,-3,-7,3,-6,-1,-6,4,-8,10,-3,13,6,-14
756.2.a.d,756,1,0,0,0,1,-1,2,0,5,2,2,10,0,5,3,-7,-3,6,1,-6,4,8,10,-3,-13,-6,-14
756.2.a.e,756,1,0,0,0,3,1,0,2,3,-4,6,0,-10,-7,9,5,3,6,-9,8,8,-12,-10,5,9,18,8
756.2.a.f,756,1,0,0,0,3,1,3,2,-6,5,-9,6,-1,11,3,-4,-12,0,0,8,-10,3,8,-4,6,3,8
756.2.a.g,756,2,0,0,0,0,-2,0,12,0,-2,0,0,18,-2,0,16,0,0,0,0,-4,0,8,0,0,0,-16
757.2.a.a,757,29,0,-12,-21,-11,-10,-22,-21,-41,-24,-27,-17,-4,-13,-25,-39,-54,-43,-69,-3,-27,-9,0,1,-135,-28,8
757.2.a.b,757,33,0,10,19,7,6,18,9,33,20,25,17,0,-11,23,27,78,11,75,-17,15,19,2,-7,117,10,0
758.2.a.a,758,1,0,-1,-2,-1,-2,6,4,-4,-1,1,0,-4,-3,3,-6,0,-12,2,-3,-3,10,-12,-3,-15,-12,-2
758.2.a.b,758,1,0,1,2,3,-2,2,-4,0,-1,5,0,-8,1,3,-6,8,-12,14,-7,-11,6,4,1,9,4,6
758.2.a.c,758,5,0,-5,-1,-3,-4,3,-22,6,1,-6,-7,-4,-23,-1,-8,-2,-2,2,-15,-16,11,-3,-7,19,24,-42
758.2.a.d,758,5,0,5,-7,-3,-8,-7,-12,-8,-5,-14,1,-18,-1,-5,-10,-8,8,-6,-1,8,3,-11,7,-1,16,-22
758.2.a.e,758,10,0,-10,6,5,6,-4,19,8,1,1,8,16,19,-16,21,-10,17,-11,31,26,1,35,14,-17,2,31
758.2.a.f,758,10,0,10,6,-3,10,8,15,6,11,-3,-14,26,5,4,9,-4,-3,-5,-7,18,-15,3,-8,-13,-14,3
759.2.a.a,759,1,0,-1,-1,0,-2,1,2,0,2,1,-10,4,2,-2,2,-8,-4,-12,-6,2,0,-6,2,4,-8,-2
759.2.a.b,759,1,0,-1,1,-2,0,1,-2,2,-4,-1,-2,0,-10,-6,-12,0,14,-4,6,-4,-8,-6,8,4,-14,2
759.2.a.c,759,2,0,-1,2,-2,4,2,12,-4,4,2,12,0,14,-6,0,-2,2,2,0,28,-14,-14,4,-12,-14,6
759.2.a.d,759,2,0,2,2,4,4,2,-12,-4,4,2,0,0,-4,0,12,16,-4,8,24,16,-8,4,-20,-24,4,12
759.2.a.e,759,3,0,-1,-3,-4,0,-3,4,-4,2,-3,-4,0,-4,-16,0,4,-6,-4,-14,20,-20,2,2,-10,-4,-8
759.2.a.f,759,3,0,-1,3,-2,-6,-3,-4,-6,-12,3,-4,-12,0,-12,-6,12,-4,12,-2,-10,12,2,-8,10,2,-28
759.2.a.g,759,5,0,-2,5,4,0,5,4,6,4,5,-16,12,-2,-4,0,-18,6,-18,-14,-2,34,24,22,22,28,-14
759.2.a.h,759,6,0,2,-6,6,0,-6,0,10,-2,6,16,-12,12,22,0,8,10,12,24,-18,24,-4,16,16,2,-12
759.2.a.i,759,8,0,2,-8,6,-6,8,-2,10,-14,-8,10,16,-10,28,-26,12,12,12,-24,-12,-4,4,-8,-6,26,14
759.2.a.j,759,8,0,2,8,0,6,-8,16,4,12,-8,8,8,4,18,10,-8,-16,-4,8,0,-8,32,-2,-8,0,20
760.2.a.a,760,1,0,0,-2,1,0,-4,4,-2,1,-4,-6,-8,-4,-2,4,-8,0,-8,2,-14,-8,6,-4,16,-18,-4
760.2.a.b,760,1,0,0,-2,1,4,4,-4,-2,-1,0,2,8,4,6,0,12,-8,0,2,-14,8,6,-4,4,14,-12
760.2.a.c,760,1,0,0,0,1,0,-4,-6,-6,-1,8,-2,0,2,2,4,-8,-6,-4,-2,8,8,2,-8,4,-14,14
760.2.a.d,760,1,0,0,2,1,4,-4,0,6,-1,8,-6,-8,-8,-2,0,12,4,8,-14,-2,-8,-2,4,12,6,0
760.2.a.e,760,1,0,0,3,1,-1,4,1,-7,-1,-5,7,-2,-6,6,10,-8,-3,5,-8,11,-12,-9,6,14,-6,-2
760.2.a.f,760,2,0,0,0,-2,0,4,4,4,-2,8,4,0,12,4,0,0,12,0,8,-16,8,-4,-24,16,-12,4
760.2.a.g,760,2,0,0,2,-2,0,4,2,8,2,4,0,8,-2,8,8,8,-6,-4,-20,2,8,0,4,-4,0,-14
760.2.a.h,760,3,0,0,-1,-3,-5,-4,5,-11,-3,-9,3,-14,14,-10,-10,0,-7,-7,20,-1,-8,-13,14,-26,18,-6
760.2.a.i,760,3,0,0,-1,-3,-1,0,-11,-3,3,-9,-7,6,-20,-22,-10,0,-7,11,-16,-1,0,-5,26,-14,-6,8
760.2.a.j,760,3,0,0,-1,3,-1,0,5,5,3,-1,17,2,8,6,-10,4,5,15,8,3,-4,3,2,-10,6,-4
761.2.a.a,761,2,0,-2,1,1,-3,-3,6,-1,-2,-6,5,-8,3,0,-15,-10,-22,10,-8,-4,-5,-22,4,1,-15,18
761.2.a.b,761,20,0,-2,-5,-8,-20,-12,-14,-4,-31,-11,-15,-56,-33,-15,-18,-9,32,-35,3,-56,-37,27,-90,-7,17,-8
761.2.a.c,761,41,0,3,4,3,27,17,12,-7,35,19,-4,90,24,-9,23,9,14,19,11,80,76,-1,122,-30,-16,20
762.2.a.a,762,1,0,-1,1,-3,3,-3,-6,-5,1,3,-2,2,-8,-7,-8,10,-9,4,-2,6,0,-14,-10,0,-6,-4
762.2.a.b,762,1,0,-1,1,0,1,4,-2,6,-7,4,6,8,4,0,-2,-7,0,5,8,10,-7,15,-8,11,-1,-12
762.2.a.c,762,1,0,-1,1,3,1,1,-2,3,5,1,-6,-10,-8,9,4,2,9,8,-10,-2,-4,-6,10,8,-10,12
762.2.a.d,762,1,0,1,-1,-1,-3,1,-4,-3,3,-9,-6,0,-4,7,-2,6,-3,10,-12,-2,12,6,-8,0,12,-10
762.2.a.e,762,1,0,1,1,-3,-5,-3,0,-3,-1,1,-2,4,-12,-9,6,-2,-1,10,12,-2,-16,6,4,8,-4,10
762.2.a.f,762,1,0,1,1,-1,1,5,0,-3,-1,3,2,4,-4,7,2,6,5,-10,-8,-2,-12,-10,-4,0,-8,-14
762.2.a.g,762,1,0,1,1,0,-1,0,2,6,5,0,6,-4,8,-12,-10,-9,0,9,-4,-10,15,-1,-16,-9,-9,8
762.2.a.h,762,2,0,-2,-2,1,6,1,4,-3,2,-1,0,2,4,-3,14,11,7,3,10,12,9,9,2,9,-9,-8
762.2.a.i,762,2,0,-2,2,-1,-5,-7,3,-2,-6,-12,-9,0,3,6,-3,-17,17,-18,11,-5,9,3,4,-12,-11,-30
762.2.a.j,762,2,0,2,2,5,3,-5,-1,2,-10,0,-3,-8,-9,6,5,-3,-5,-2,7,-5,15,3,8,12,27,-14
762.2.a.k,762,3,0,-3,-3,4,-6,-2,-3,-3,-13,-3,11,-6,-17,3,-21,-3,0,10,-11,-25,-19,-11,-6,-8,5,10
762.2.a.l,762,5,0,5,-5,2,5,4,3,7,6,5,9,8,21,-5,11,-2,10,-17,1,-11,-26,18,8,-31,-24,6
763.2.a.a,763,1,0,-2,0,0,1,-2,3,-5,4,-2,7,-6,8,-10,-1,-3,-6,-9,4,-6,-9,-14,-4,4,-14,-8
763.2.a.b,763,10,0,-5,-2,-10,10,-20,-12,-18,0,-24,-34,8,-25,10,-12,-9,-51,7,-24,13,-9,28,-13,-13,41,43
763.2.a.c,763,13,0,-3,-6,-14,-13,12,-15,-27,-8,-10,-17,0,1,-14,-21,-10,-55,-16,8,-11,26,-16,37,-49,-35,-9
763.2.a.d,763,14,0,4,2,14,-14,-10,19,33,4,6,17,4,13,22,-7,18,53,14,32,-13,-36,8,-1,51,1,31
763.2.a.e,763,17,0,7,2,12,17,20,11,19,-4,22,37,-10,13,-6,9,-4,45,-12,6,-3,36,-4,5,7,13,-23
764.2.a.a,764,8,0,0,-5,-4,-7,-7,-10,-1,-22,-4,-10,-29,-6,-4,-25,-11,1,-15,-22,-7,9,20,-41,12,10,5
764.2.a.b,764,8,0,0,3,0,5,3,10,-1,24,8,8,23,8,-4,15,9,-5,1,18,13,13,-22,19,10,-22,-15
765.2.a.a,765,1,0,-1,0,1,-2,-2,2,-1,0,-6,6,-10,2,-10,4,-12,10,-8,-14,8,2,-14,-14,-4,-6,2
765.2.a.b,765,1,0,-1,0,1,4,-2,2,-1,0,0,-6,8,8,2,-2,0,10,4,10,2,14,-8,-8,-4,0,-16
765.2.a.c,765,1,0,1,0,-1,4,2,2,1,0,0,6,8,8,-2,-2,0,-10,-4,10,2,-14,-8,-8,4,0,-16
765.2.a.d,765,2,0,-3,0,-2,0,-2,6,2,-12,-10,4,-10,10,0,-12,-6,-20,-2,-14,-6,-4,10,0,-4,-18,-16
765.2.a.e,765,2,0,-1,0,2,-4,-4,0,2,-12,4,-2,-12,-10,2,-8,4,-6,-12,4,-12,-24,-10,8,-8,16,-4
765.2.a.f,765,2,0,-1,0,2,0,-10,-6,-2,-4,-2,-8,-6,2,-12,4,10,0,-2,6,-18,-12,26,-8,-12,-10,8
765.2.a.g,765,2,0,0,0,-2,-2,-6,-8,2,4,6,0,10,-8,0,-8,-12,-12,-12,4,-20,-6,-8,-2,-24,12,4
765.2.a.h,765,2,0,1,0,-2,-4,4,0,-2,-12,-4,2,-12,-10,-2,-8,-4,6,12,4,-12,24,-10,8,8,-16,-4
765.2.a.i,765,2,0,2,0,2,-4,8,0,2,0,4,4,0,-4,-4,4,4,-12,24,4,-12,0,-4,8,4,16,-4
765.2.a.j,765,3,0,0,0,-3,4,2,4,-3,0,6,6,2,16,6,0,10,10,14,-4,-2,-4,12,-8,0,0,26
765.2.a.k,765,3,0,0,0,-3,0,-6,6,3,12,0,-12,0,-6,0,6,0,12,12,-6,18,-6,18,24,12,-12,12
765.2.a.l,765,3,0,0,0,3,0,6,6,-3,12,0,12,0,-6,0,6,0,-12,-12,-6,18,6,18,24,-12,12,12
765.2.a.m,765,4,0,-1,0,4,4,-2,-2,4,12,-2,-4,6,-2,0,4,2,0,10,-2,22,20,-10,0,20,-10,12
766.2.a.a,766,1,0,-1,2,2,3,-3,1,7,-2,3,6,-8,-5,-6,0,8,11,-11,-13,6,5,3,10,-12,-6,12
766.2.a.b,766,4,0,4,8,2,4,6,-4,-4,0,-4,12,-4,-4,4,-4,-12,2,4,2,-8,20,-24,12,-2,12,-16
766.2.a.c,766,5,0,-5,-2,-3,3,-8,0,-8,0,-6,-16,-1,4,-19,3,-12,-19,-22,-12,13,-28,-1,-3,-4,-10,-13
766.2.a.d,766,5,0,5,-4,-5,-9,-12,-8,0,-14,-8,-18,3,-8,-1,-13,2,-3,-12,4,-9,-14,15,13,14,6,27
766.2.a.e,766,6,0,6,-4,1,3,4,6,2,2,16,4,11,0,3,15,22,11,2,-20,19,2,-19,-7,-4,-22,-25
766.2.a.f,766,10,0,-10,0,3,-12,15,-7,1,-2,3,26,7,5,37,-25,-4,14,37,11,-29,35,12,-13,10,70,-7
767.2.a.a,767,2,0,-2,-2,-2,-2,0,-2,0,-2,0,14,0,-12,-6,0,12,-2,-2,-8,0,-12,0,-6,-12,-4,-4
767.2.a.b,767,3,0,-3,-1,-1,-3,-2,3,-6,-1,4,-1,-4,-6,-15,-2,4,-7,3,-14,4,-8,6,9,-2,24,-40
767.2.a.c,767,4,0,1,-2,-1,-2,1,4,-7,-3,-8,-5,-5,-11,17,-21,-5,0,4,-17,-20,9,-31,-5,4,-35,-3
767.2.a.d,767,10,0,0,-3,-6,-11,-1,-10,-10,-14,0,-14,-5,-21,-2,9,-13,-3,-10,5,-20,18,-53,4,24,-25,-79
767.2.a.e,767,17,0,3,5,4,9,7,-17,9,8,8,-12,23,35,10,7,17,-1,17,-29,44,-25,47,-20,40,13,79
767.2.a.f,767,23,0,0,7,4,9,-5,23,22,8,-4,8,-1,13,10,11,9,31,-23,37,20,12,61,22,-30,21,117
768.2.a.a,768,1,0,0,-1,-2,2,0,-4,-2,4,-4,-6,2,-8,-2,4,-12,-6,-4,0,-12,-12,6,10,16,10,-2
768.2.a.b,768,1,0,0,-1,0,-4,4,4,-2,-4,-8,-8,-4,-4,6,4,-8,-8,-12,12,12,8,-6,-4,-4,-6,-2
768.2.a.c,768,1,0,0,-1,0,4,4,-4,-2,-4,8,8,4,4,6,4,8,8,-12,-12,12,-8,-6,4,-4,-6,-2
768.2.a.d,768,1,0,0,-1,2,-2,0,4,-2,4,4,6,-2,8,-2,4,12,6,-4,0,-12,12,6,-10,16,10,-2
768.2.a.e,768,1,0,0,1,-2,-2,0,-4,-2,-4,4,-6,-2,-8,-2,-4,12,-6,4,0,12,12,6,-10,-16,10,-2
768.2.a.f,768,1,0,0,1,0,-4,-4,-4,-2,4,-8,8,-4,4,6,-4,-8,8,12,-12,-12,8,-6,-4,4,-6,-2
768.2.a.g,768,1,0,0,1,0,4,-4,4,-2,4,8,-8,4,-4,6,-4,8,-8,12,12,-12,-8,-6,4,4,-6,-2
768.2.a.h,768,1,0,0,1,2,2,0,4,-2,-4,-4,6,2,8,-2,-4,-12,6,4,0,12,-12,6,10,-16,10,-2
768.2.a.i,768,2,0,0,-2,0,0,-8,0,-4,-8,0,0,0,0,-20,-24,0,0,8,0,-8,0,4,0,8,-12,28
768.2.a.j,768,2,0,0,-2,0,0,0,0,12,-8,0,0,0,0,12,-8,0,0,24,0,8,0,-4,0,0,-12,-4
768.2.a.k,768,2,0,0,2,0,0,0,0,12,8,0,0,0,0,12,8,0,0,-24,0,-8,0,-4,0,0,-12,-4
768.2.a.l,768,2,0,0,2,0,0,8,0,-4,8,0,0,0,0,-20,24,0,0,-8,0,8,0,4,0,-8,-12,28
769.2.a.a,769,27,0,-10,-7,-13,-10,-36,-8,-10,-23,-45,-36,-47,-5,-37,-9,-53,-19,-65,-5,-7,-131,-3,-38,-19,-61,5
769.2.a.b,769,36,0,9,5,9,4,36,-4,4,5,53,40,29,7,17,-5,55,21,71,-21,9,159,-37,32,13,33,-45
770.2.a.a,770,1,0,-1,-2,-1,1,-1,2,-6,2,-6,0,8,-4,12,-4,12,0,0,2,8,12,2,14,12,6,8
770.2.a.b,770,1,0,-1,-2,1,-1,1,0,0,0,-4,2,-2,-6,8,-12,-6,-6,-10,-4,-8,-4,-4,-16,0,-6,14
770.2.a.c,770,1,0,-1,0,1,-1,-1,2,6,4,4,-2,8,-10,-6,12,12,6,-12,6,8,-8,14,0,4,-6,-14
770.2.a.d,770,1,0,-1,0,1,1,-1,-6,-2,-4,-4,6,0,-2,-6,-4,4,-2,12,-2,-8,-8,-10,-8,-12,10,-6
770.2.a.e,770,1,0,-1,2,-1,1,-1,2,2,6,6,4,0,8,0,4,-4,-12,0,2,-8,-12,-6,10,-12,14,4
770.2.a.f,770,1,0,1,-2,-1,1,-1,-4,0,-4,0,-6,-10,2,-12,-4,6,-6,-6,-4,-4,12,-4,8,12,18,-10
770.2.a.g,770,1,0,1,-2,1,1,-1,2,6,2,-6,0,8,8,0,-4,0,12,12,-10,-4,-12,14,-10,0,-18,8
770.2.a.h,770,2,0,-2,2,2,2,2,4,0,-2,6,-6,4,10,-6,4,0,-6,0,4,-8,12,16,10,12,-24,22
770.2.a.i,770,2,0,2,0,-2,-2,-2,4,4,0,0,12,0,12,4,-8,-16,-4,-16,4,8,0,4,-16,-16,-12,4
770.2.a.j,770,2,0,2,2,-2,2,2,4,0,10,-6,-6,4,-2,6,4,0,-18,0,4,-8,12,-8,-14,-12,0,-2
770.2.a.k,770,2,0,2,4,2,2,-2,2,-2,-2,-2,6,-2,-10,-8,8,-2,-14,-6,14,-8,-8,10,2,16,8,-22
770.2.a.l,770,3,0,-3,0,-3,-3,3,0,-8,-2,2,4,18,4,-18,8,2,4,10,20,24,8,-4,-6,-24,-6,8
770.2.a.m,770,3,0,3,2,3,-3,3,2,2,-6,10,0,-12,4,4,8,0,12,-4,-6,4,-28,-14,18,-8,18,-4
771.2.a.a,771,2,0,1,2,-2,-4,-8,-2,-6,2,0,-2,0,12,-10,-10,-6,-4,12,-16,24,-22,-18,12,-16,10,-2
771.2.a.b,771,6,0,-6,6,-9,0,-6,-9,-6,-12,-27,-33,3,-18,-9,18,-3,-6,-12,-18,-9,15,12,-15,12,-6,9
771.2.a.c,771,8,0,1,-8,-7,-6,0,-15,-2,-16,17,-17,-17,-22,-23,-18,23,6,-14,-46,-1,19,2,-11,26,-24,-23
771.2.a.d,771,13,0,5,13,11,-2,4,7,22,2,21,21,5,2,15,-12,15,20,6,32,-23,0,-12,-13,31,30,-9
771.2.a.e,771,14,0,-2,-14,9,4,-2,17,2,16,-23,29,17,24,21,6,-5,-2,4,82,13,8,30,35,-21,28,15
772.2.a.a,772,2,0,0,0,-4,1,-1,-10,-6,-4,7,3,3,7,-5,-17,-13,-14,-12,-1,-5,18,22,13,-27,-7,-18
772.2.a.b,772,5,0,0,-3,-6,0,-6,4,-17,-2,-8,-15,-2,-22,-16,17,5,-12,8,-15,14,1,-21,2,-1,-23,13
772.2.a.c,772,9,0,0,5,12,1,7,8,17,4,-1,10,1,15,15,16,-8,14,12,2,-11,-1,7,-13,12,12,19
773.2.a.a,773,2,0,-4,2,-1,-3,2,3,2,2,-12,8,-11,0,-6,-13,1,4,7,-6,1,-11,-22,-10,-3,2,-7
773.2.a.b,773,24,0,-3,-15,-3,-26,-21,-24,-6,-45,2,-6,-5,-31,-1,-90,-29,-14,-2,1,-115,13,-22,-6,-46,35,-2
773.2.a.c,773,38,0,7,13,2,31,17,25,6,47,10,4,20,23,-7,119,12,0,15,1,134,-10,40,40,31,-11,9
774.2.a.a,774,1,0,-1,0,-3,-1,1,1,-4,1,4,9,2,2,8,-1,11,-4,12,0,2,-12,4,14,-3,10,17
774.2.a.b,774,1,0,-1,0,-2,-2,4,2,2,-4,-2,-10,-4,-8,-6,1,-2,12,-4,-8,4,0,10,-8,-8,-6,14
774.2.a.c,774,1,0,-1,0,1,1,-5,-7,-4,-1,4,5,-10,10,0,1,1,-12,-4,-8,-2,12,4,10,7,-6,-7
774.2.a.d,774,1,0,-1,0,2,4,-4,6,6,-4,4,-6,-8,2,-2,-1,-4,6,12,10,12,8,-6,-16,12,-10,2
774.2.a.e,774,1,0,-1,0,3,-1,3,-1,6,-1,0,3,-4,2,0,1,3,0,0,14,-4,6,2,14,-9,18,5
774.2.a.f,774,1,0,1,0,-3,-1,-3,-1,-6,-1,0,-3,-4,2,0,1,-3,0,0,14,-4,-6,2,14,9,-18,5
774.2.a.g,774,1,0,1,0,-1,-5,-1,-3,0,-7,4,3,-2,2,-8,-1,-7,12,-12,4,6,8,0,-10,3,14,-7
774.2.a.h,774,1,0,1,0,2,2,0,2,-6,4,-6,2,4,4,2,1,-6,4,8,-12,4,0,-14,8,-4,-10,-2
774.2.a.i,774,1,0,1,0,3,-3,5,-3,0,7,4,-1,-6,-6,0,1,3,-12,4,12,10,-8,-16,-14,9,-2,1
774.2.a.j,774,2,0,-2,0,-3,3,-5,-3,-2,-7,0,1,4,-14,-16,-2,-3,-2,2,-2,-8,-14,-8,-10,-17,4,-5
774.2.a.k,774,2,0,-2,0,3,0,4,0,1,11,-3,7,13,-5,5,-2,-3,10,-16,4,4,16,4,-1,10,-2,-11
774.2.a.l,774,2,0,2,0,-3,4,0,4,9,1,9,-3,1,1,-3,2,9,-6,-12,4,-20,0,28,-5,6,-6,-11
774.2.a.m,774,2,0,2,0,3,3,5,-3,2,-7,0,-1,4,-14,16,-2,3,2,-2,-2,-8,14,-8,-10,17,-4,-5
775.2.a.a,775,1,0,0,1,0,0,-4,6,-5,-1,-8,-10,-1,-1,-3,7,6,-5,11,-12,2,9,9,-10,-9,0,14
775.2.a.b,775,1,0,1,-2,0,-4,4,0,8,4,-2,-6,1,4,-6,6,-8,12,-4,10,-8,0,4,0,-2,14,18
775.2.a.c,775,1,0,2,1,0,2,2,6,7,-5,-4,0,1,7,-3,-9,2,-9,-5,-8,-8,-3,1,0,11,10,-18
775.2.a.d,775,2,0,-1,2,0,4,4,2,-6,0,2,10,2,4,14,2,4,12,0,-6,-16,4,-8,-10,12,10,14
775.2.a.e,775,4,0,-1,-1,0,-2,-4,-10,-11,-3,2,-8,-4,-3,-11,-17,10,-13,-3,22,12,-21,-19,-2,15,-10,-4
775.2.a.f,775,4,0,0,0,0,0,-12,0,0,-8,0,-12,4,0,-36,0,0,0,-12,-16,0,-24,0,4,0,-36,0
775.2.a.g,775,4,0,1,1,0,0,-6,-16,-1,5,0,6,4,-9,13,-7,14,-11,13,22,10,3,-9,-16,17,-12,-16
775.2.a.h,775,5,0,-4,-3,0,-2,-2,-4,-19,8,-12,6,-5,-16,-2,-1,-8,-3,-4,-5,-13,6,-19,-6,-18,-31,1
775.2.a.i,775,5,0,-4,-1,0,-6,0,-4,-11,-4,-12,-6,5,2,-2,-7,-8,-25,4,-17,13,-6,-7,12,4,-3,-25
775.2.a.j,775,5,0,4,1,0,6,0,4,11,-4,12,-6,5,-2,-2,7,8,25,4,-17,-13,-6,7,12,-4,-3,25
775.2.a.k,775,5,0,4,3,0,2,-2,4,19,8,12,6,-5,16,-2,1,8,3,-4,-5,13,6,19,-6,18,-31,-1
775.2.a.l,775,10,0,0,0,0,0,16,0,0,-4,0,32,-10,0,36,0,0,0,12,0,0,12,0,28,0,48,0
776.2.a.a,776,1,0,0,0,-2,2,0,-2,2,-6,-2,-2,-4,-2,10,-12,-8,2,-2,2,-6,10,-10,4,2,-2,1
776.2.a.b,776,3,0,0,-4,3,-5,-9,0,1,-3,-4,1,-10,-8,-11,-1,7,-2,-9,-1,-15,-17,15,-10,-14,8,3
776.2.a.c,776,3,0,0,0,-3,-3,3,-6,-3,-3,-6,-15,-6,-6,-9,3,3,-6,9,-9,3,9,3,-18,18,0,-3
776.2.a.d,776,8,0,0,6,-1,3,17,2,-5,11,4,-1,10,0,-3,29,7,-12,11,5,9,-11,-5,26,32,-28,-8
776.2.a.e,776,9,0,0,-2,5,3,-7,8,13,-1,4,15,18,26,17,-3,11,18,-11,11,-9,5,25,14,-40,-2,9
777.2.a.a,777,1,0,-2,-1,1,-1,1,-1,2,4,6,-8,-9,1,6,2,12,11,-5,-2,15,5,-8,10,0,13,9
777.2.a.b,777,1,0,-2,1,1,-1,-3,-5,2,-4,-2,0,-5,1,6,2,-4,-9,3,-2,-9,9,8,-14,0,-11,-11
777.2.a.c,777,1,0,-1,-1,-2,1,0,2,-6,4,8,-2,0,1,-10,-8,-8,-2,-12,2,-4,-4,2,4,4,-6,6
777.2.a.d,777,1,0,0,-1,3,1,-1,-1,-2,4,4,0,3,-1,-2,10,10,9,5,-2,3,15,2,-4,-2,7,-3
777.2.a.e,777,1,0,0,1,-1,1,-1,-5,-2,-4,-4,8,-1,-1,-10,-6,-6,-7,9,-2,-13,7,-14,12,14,11,17
777.2.a.f,777,1,0,1,-1,-2,-1,4,2,2,4,0,10,0,1,-6,8,0,14,-8,-14,-12,8,10,4,12,-14,6
777.2.a.g,777,1,0,1,1,-2,-1,0,-2,2,-4,-8,-6,-8,1,6,-4,8,6,0,-2,12,-12,2,16,12,10,-14
777.2.a.h,777,2,0,0,-2,0,2,4,4,8,-4,8,0,12,-2,8,-4,8,-12,16,-4,0,-12,4,4,8,8,-12
777.2.a.i,777,2,0,2,-2,0,-2,0,-4,-8,-8,12,0,8,2,4,8,0,4,4,-12,8,-16,-20,-8,0,0,-12
777.2.a.j,777,2,0,2,2,-4,-2,0,8,4,4,4,0,-4,-2,-4,16,0,-12,-24,24,-8,8,-12,24,8,-20,-8
777.2.a.k,777,5,0,-2,-5,-3,-5,-5,3,-4,10,-16,-12,-1,-5,2,-10,-16,-11,-9,16,-35,-25,16,-28,-32,19,1
777.2.a.l,777,5,0,-2,-5,-5,5,-3,-5,-8,-6,-30,-4,-13,5,-6,18,-10,-17,1,-4,17,-15,-30,-2,-2,-15,-15
777.2.a.m,777,5,0,0,5,5,-5,3,-5,0,-6,20,-4,11,-5,-18,-14,16,1,3,4,13,7,16,24,0,-5,1
777.2.a.n,777,7,0,0,7,3,7,-3,11,0,10,6,-4,15,7,6,18,-2,3,5,8,9,1,-2,14,14,1,25
778.2.a.a,778,4,0,4,-3,-7,-5,-1,-12,-9,-5,-6,1,-9,-2,-12,8,-18,-4,-3,-7,10,10,2,13,2,3,-11
778.2.a.b,778,7,0,-7,5,9,3,8,-4,14,8,11,0,-4,-5,-5,10,33,19,22,-40,19,19,7,-15,40,11,-2
778.2.a.c,778,9,0,-9,-6,-8,-3,-5,1,-8,-7,-17,-3,4,-10,-15,-11,-47,-20,-45,1,-12,-21,-1,9,-59,-23,-12
778.2.a.d,778,12,0,12,4,12,5,0,9,15,-10,8,6,1,1,8,-15,32,5,4,14,-27,0,4,-15,17,9,-19
779.2.a.a,779,2,0,0,0,-2,2,2,-8,-2,2,4,-12,-8,-12,2,-6,2,-8,-12,-6,8,12,-10,-4,-4,12,-4
779.2.a.b,779,8,0,-2,-3,-6,-7,-6,-10,0,8,-10,-5,-24,-15,8,20,8,4,7,-58,6,-19,7,-31,27,-11,-39
779.2.a.c,779,11,0,0,-3,-5,-8,-9,-22,-5,-11,6,-19,-8,-1,-11,-19,-5,-8,5,-53,-8,3,-30,-23,-1,5,11
779.2.a.d,779,19,0,0,5,2,1,-2,28,8,19,-4,31,28,17,-19,12,-2,17,5,58,24,15,39,39,-31,27,16
779.2.a.e,779,21,0,1,1,11,6,1,26,7,-21,8,11,4,17,21,15,-5,-23,3,107,-22,-39,30,-21,29,-7,6
780.2.a.a,780,1,0,0,-1,1,-2,-2,-1,-2,-2,-4,2,-2,-6,-2,-8,-6,6,6,-2,-14,-6,-6,4,6,14,-14
780.2.a.b,780,1,0,0,-1,1,3,1,1,-3,-2,5,-6,10,5,3,4,6,5,-8,1,12,1,-10,-1,0,1,3
780.2.a.c,780,1,0,0,1,-1,-2,-6,-1,-2,-2,-4,2,-2,2,-6,0,6,-2,-6,14,2,-10,-6,4,2,-14,18
780.2.a.d,780,1,0,0,1,-1,-1,3,1,3,2,3,6,2,-7,9,8,-6,3,0,-7,-4,3,-10,-1,0,3,-1
780.2.a.e,780,2,0,0,-2,-2,-1,1,-2,-1,12,5,4,12,1,-9,16,12,-1,10,-1,-2,5,20,11,-2,1,-5
780.2.a.f,780,2,0,0,2,2,3,3,-2,5,0,3,0,-4,-3,5,-4,20,-11,14,-9,6,-9,-12,-5,-6,-5,-9
781.2.a.a,781,1,0,0,0,-1,-3,-1,7,3,-2,8,4,10,1,-11,-2,2,0,4,-11,8,1,16,6,14,-15,-10
781.2.a.b,781,1,0,0,0,-1,3,1,1,-3,-2,-4,-8,-2,1,-5,-2,2,-12,4,-5,8,1,-8,6,-10,9,2
781.2.a.c,781,2,0,1,-1,-3,1,2,-10,-2,-5,-8,7,-10,4,-13,16,4,-6,0,-8,-14,2,17,17,-4,-12,-11
781.2.a.d,781,6,0,-2,-6,-5,-6,6,1,2,-7,13,-14,-12,-11,0,3,-19,6,-41,3,7,6,-3,-17,6,-24,-22
781.2.a.e,781,12,0,3,5,2,7,-12,-3,10,14,3,-3,-16,-17,39,9,23,8,61,15,7,12,-20,-2,36,14,-37
781.2.a.f,781,15,0,-4,-7,-7,-4,-15,-6,-17,-26,-13,-15,0,0,-22,-27,-35,6,-57,-34,5,-15,-10,-4,-52,-25,51
781.2.a.g,781,20,0,3,9,9,-2,20,-12,9,12,17,11,14,-4,14,7,23,8,77,-34,-5,-20,-22,-10,58,11,21
782.2.a.a,782,1,0,-1,-2,2,0,0,-6,-1,6,-1,-4,4,-2,-2,-10,-8,4,-8,-14,10,12,-14,-8,-6,2,-2
782.2.a.b,782,1,0,1,-2,0,4,-2,2,-1,4,-1,8,4,12,6,0,0,-14,0,-4,16,-8,-14,16,8,-6,-18
782.2.a.c,782,1,0,1,0,2,0,0,6,1,4,1,-6,8,-6,2,4,0,-10,4,2,-4,-8,-6,0,-4,10,2
782.2.a.d,782,1,0,1,1,-4,3,6,6,-1,-3,-1,2,4,-2,4,8,1,1,-8,-2,-11,-6,10,-11,-12,-10,-17
782.2.a.e,782,1,0,1,3,0,-1,-2,2,-1,-1,-1,-2,4,2,-4,0,5,-9,0,6,-9,2,6,1,-12,-6,7
782.2.a.f,782,2,0,-2,0,-2,-3,-1,-4,2,-4,2,4,5,-13,-8,0,5,2,9,9,-15,5,-13,-14,-17,-2,-18
782.2.a.g,782,2,0,-2,2,-2,-3,3,0,-2,-6,-2,-2,-13,-1,2,-14,5,2,5,-7,-13,-3,-7,26,3,4,-10
782.2.a.h,782,2,0,2,-2,0,-3,-5,-10,2,-6,-2,-8,5,3,6,-6,-3,-6,-17,7,-13,1,1,-12,7,8,6
782.2.a.i,782,2,0,2,2,6,3,1,-2,-2,0,-2,-4,-9,-1,-6,-4,-3,10,3,1,3,19,3,-6,29,-6,2
782.2.a.j,782,3,0,3,-2,-4,-7,-11,-4,-3,4,3,-2,-9,-17,10,-20,-3,4,11,-5,-11,-15,1,0,3,20,-12
782.2.a.k,782,4,0,4,0,-2,5,5,-6,4,6,4,6,-3,11,-12,6,-5,30,-9,-7,9,3,1,0,-11,-20,-12
782.2.a.l,782,5,0,-5,0,0,9,3,10,-5,8,5,-10,7,15,10,16,-13,14,-15,-1,7,-17,15,18,3,-6,-2
782.2.a.m,782,6,0,-6,0,-2,9,-9,8,6,0,-6,0,1,17,-2,16,19,-2,5,17,35,-9,23,6,-3,34,40
783.2.a.a,783,2,0,-1,0,2,-3,-2,-5,-2,-3,4,-2,-3,-8,1,-8,-2,-11,11,-4,-3,-9,-13,-2,-7,-16,-17
783.2.a.b,783,2,0,-1,0,-4,-3,-2,4,-5,6,1,-2,-15,7,7,-5,16,-20,-13,-7,9,-3,-13,7,-19,-4,-5
783.2.a.c,783,2,0,1,0,-2,-3,2,-5,2,-3,-4,2,-3,-8,-1,-8,2,11,-11,-4,-3,9,-13,-2,7,16,-17
783.2.a.d,783,2,0,1,0,4,-3,2,4,5,6,-1,2,-15,7,-7,-5,-16,20,13,-7,9,3,-13,7,19,4,-5
783.2.a.e,783,3,0,-2,0,0,1,-1,-2,-13,-8,-12,-3,9,-16,-19,-1,-12,1,8,4,-15,-4,10,1,29,-10,-17
783.2.a.f,783,3,0,2,0,0,1,1,-2,13,-8,12,3,9,-16,19,-1,12,-1,-8,4,-15,4,10,1,-29,10,-17
783.2.a.g,783,4,0,-3,0,-4,-1,-5,-7,-10,5,-11,4,6,-2,4,-18,-18,-25,-5,20,-7,-3,2,-5,-20,-18,1
783.2.a.h,783,4,0,3,0,4,-1,5,-7,10,5,11,-4,6,-2,-4,-18,18,25,5,20,-7,3,2,-5,20,18,1
783.2.a.i,783,8,0,-1,0,2,5,2,11,-6,5,4,8,-1,26,-19,16,18,19,-13,2,25,7,11,16,-19,16,31
783.2.a.j,783,8,0,1,0,-2,5,-2,11,6,5,-4,-8,-1,26,19,16,-18,-19,13,2,25,-7,11,16,19,-16,31
784.2.a.a,784,1,0,0,-3,-1,0,1,2,3,-5,3,-6,1,-5,-10,4,-1,-9,-3,3,-11,-16,7,11,4,-9,6
784.2.a.b,784,1,0,0,-2,0,0,0,4,-6,2,0,-6,-4,2,-6,-8,-12,6,-6,-8,4,0,-2,-8,-6,6,10
784.2.a.c,784,1,0,0,-1,1,0,-3,6,5,1,7,2,-5,3,2,4,5,-1,15,5,9,0,-7,-1,12,-7,2
784.2.a.d,784,1,0,0,-1,3,0,3,2,3,1,-3,-6,7,-1,6,4,9,3,-9,-1,7,0,-1,13,-12,15,-10
784.2.a.e,784,1,0,0,0,-2,0,4,-2,6,8,0,6,8,-2,-2,4,-8,6,0,6,4,8,-10,-16,8,6,6
784.2.a.f,784,1,0,0,0,0,0,-4,0,0,0,-8,2,0,-6,0,12,0,-10,0,0,-4,-16,0,-8,0,0,0
784.2.a.g,784,1,0,0,1,-3,0,3,-2,-3,-1,-3,-6,-7,-1,-6,4,-9,3,9,1,7,0,1,13,12,-15,10
784.2.a.h,784,1,0,0,1,-1,0,-3,-6,-5,-1,7,2,5,3,-2,4,-5,-1,-15,-5,9,0,7,-1,-12,7,-2
784.2.a.i,784,1,0,0,2,4,0,0,0,2,-2,-8,2,4,-6,2,-8,-4,-10,6,-4,12,0,14,8,6,-10,2
784.2.a.j,784,1,0,0,3,1,0,1,-2,-3,5,3,-6,-1,-5,10,4,1,-9,3,-3,-11,-16,-7,11,-4,9,-6
784.2.a.k,784,2,0,0,0,0,0,-12,0,0,0,-8,-12,0,4,0,-20,0,-4,0,0,-8,24,0,8,0,0,0
784.2.a.l,784,2,0,0,0,0,0,4,0,0,0,8,4,0,20,0,-4,0,-4,0,0,-24,24,0,8,0,0,0
784.2.a.m,784,2,0,0,0,0,0,-8,0,0,0,8,16,0,-16,0,8,0,20,0,0,0,0,0,-16,0,0,0
784.2.a.n,784,2,0,0,0,0,0,8,0,0,0,0,4,0,20,0,8,0,12,0,0,-24,0,0,-16,0,0,0
785.2.a.a,785,4,0,-2,-4,-4,0,12,-12,8,-8,-16,-12,-12,-4,-4,0,-16,12,0,-12,16,-4,-40,0,4,8,-44
785.2.a.b,785,9,0,-1,-2,-9,-22,-2,-1,-17,-5,-3,20,-25,-17,3,-24,-3,-11,13,-7,-34,12,17,-61,-33,-15,9
785.2.a.c,785,10,0,-2,-4,10,-14,-22,-5,-1,-33,-1,-16,-37,1,-15,-4,-11,17,-35,-15,-2,-32,-9,-53,39,-19,-15
785.2.a.d,785,14,0,2,6,-14,20,-10,17,11,23,3,-14,39,25,-7,22,19,11,-35,35,26,8,33,13,15,-11,21
785.2.a.e,785,16,0,0,4,16,20,18,11,1,23,-3,12,39,9,5,10,-5,-11,25,9,6,8,21,69,-1,-9,23
786.2.a.a,786,1,0,-1,-1,-2,2,-3,3,-5,1,4,9,-5,-8,-12,-6,-8,12,-5,-3,0,-8,-2,-8,-14,-14,12
786.2.a.b,786,1,0,-1,-1,-1,-3,1,-2,1,-4,9,2,10,-7,4,8,5,-5,9,6,-3,5,10,4,6,10,8
786.2.a.c,786,1,0,-1,-1,-1,-1,-1,4,3,0,-7,-8,-2,7,6,2,-3,-9,-13,-10,-7,-15,0,2,6,4,-10
786.2.a.d,786,1,0,-1,-1,2,0,4,-2,-2,8,0,2,-8,2,10,-4,8,10,12,6,0,8,-14,16,12,-14,2
786.2.a.e,786,1,0,-1,-1,4,-1,-6,-6,-2,-5,-2,-3,-2,7,-9,12,-8,6,-8,0,3,10,10,-8,1,-11,0
786.2.a.f,786,1,0,-1,1,-3,5,3,2,-3,-4,-3,6,2,-1,12,8,9,9,3,-10,-13,-15,2,-4,6,6,-4
786.2.a.g,786,1,0,-1,1,-2,-2,3,-5,7,-5,-4,-3,-7,-8,-12,-2,8,4,-3,13,8,-16,-2,0,6,-14,12
786.2.a.h,786,1,0,-1,1,1,-5,-3,4,-5,-8,5,0,-10,1,6,-2,-7,1,9,-2,-13,5,-8,-6,6,-8,-6
786.2.a.i,786,1,0,1,-1,-4,3,-2,-2,-2,-7,-6,-1,-2,-7,-5,8,-4,-2,-12,12,-15,14,-2,4,15,1,-4
786.2.a.j,786,1,0,1,-1,-1,-3,1,-2,-5,-4,3,-10,-2,11,-8,-4,-1,-5,9,-6,15,-1,10,16,-6,-14,8
786.2.a.k,786,1,0,1,-1,4,-4,0,6,-2,4,4,-6,-2,-8,6,12,-8,12,-8,-6,-12,4,-14,10,4,10,6
786.2.a.l,786,1,0,1,1,-3,-3,-5,-6,-1,-4,7,10,6,-3,-8,-4,3,9,-5,-14,-7,-5,-6,0,-6,6,12
786.2.a.m,786,1,0,1,1,1,3,-3,4,-7,0,-1,0,2,3,2,-6,3,9,-15,2,-7,7,4,10,-6,0,-2
786.2.a.n,786,3,0,-3,3,2,3,-2,6,2,11,2,-3,8,9,-9,0,-8,-8,-4,16,19,14,6,10,-3,-7,8
786.2.a.o,786,3,0,3,-3,1,1,4,1,12,3,-9,13,9,5,4,-20,3,7,14,5,-9,-9,0,-12,0,4,4
786.2.a.p,786,4,0,4,4,0,1,5,1,11,6,-2,-2,-1,-1,-9,10,-16,-28,13,-3,9,-30,4,-22,-7,-13,0
787.2.a.a,787,28,0,-12,-8,-29,-9,-16,-15,-24,2,-44,-45,-5,-50,-23,2,-37,-105,-24,-18,2,-52,-17,9,-31,-25,-13
787.2.a.b,787,37,0,12,6,31,9,18,13,18,0,42,45,-3,52,23,4,45,103,2,-6,24,32,5,-27,23,9,-7
788.2.a.a,788,2,0,0,3,2,0,3,12,-4,4,-2,9,3,-3,-3,16,-8,3,10,23,-3,-19,-10,-17,4,-8,1
788.2.a.b,788,6,0,0,0,-6,-7,0,-16,-11,1,-6,-3,-12,-22,-8,1,-15,-4,11,-6,4,7,-35,11,18,6,-44
788.2.a.c,788,9,0,0,-3,4,9,-3,4,7,-3,8,0,15,41,15,-15,17,5,-11,-13,-11,16,45,30,-34,8,59
789.2.a.a,789,7,0,-3,7,-9,-3,-20,-4,-19,-3,-15,-13,-3,1,-10,-11,-20,-14,-20,7,1,-21,2,-7,0,-23,1
789.2.a.b,789,7,0,1,-7,1,-5,-14,-8,11,-13,-7,-7,-23,-7,8,-27,0,4,-16,-21,-35,-11,-4,-19,6,17,-7
789.2.a.c,789,14,0,4,14,7,1,20,-6,19,7,21,15,5,-9,24,1,12,14,26,-15,1,17,-30,-1,32,15,-33
789.2.a.d,789,15,0,-1,-15,-1,7,22,4,-21,17,13,11,17,21,-16,29,-16,-18,22,19,21,39,18,15,2,-39,-15
790.2.a.a,790,1,0,1,-2,1,-2,-4,2,-4,-4,0,-6,-8,8,-2,-10,2,-12,-4,2,4,0,14,-1,0,6,14
790.2.a.b,790,2,0,-2,0,2,0,-8,-4,-4,-8,4,-12,4,-4,-4,16,8,-12,-8,-20,8,-8,8,2,-16,0,-4
790.2.a.c,790,2,0,-2,2,-2,-2,0,4,6,-8,12,12,-8,-2,0,10,6,6,12,4,-20,0,4,2,0,12,-8
790.2.a.d,790,2,0,2,0,-2,-6,-4,-4,-6,0,-4,-6,4,4,4,-4,-6,12,-2,6,-28,0,0,2,4,4,-16
790.2.a.e,790,4,0,-4,-2,-4,-2,0,-4,-6,8,-12,-12,4,-14,0,-2,-10,-30,-12,8,0,4,-8,-4,-20,-16,-4
790.2.a.f,790,4,0,-4,-2,4,-4,0,0,8,4,0,14,4,2,24,-6,0,18,-6,10,0,36,-4,-4,4,4,-8
790.2.a.g,790,4,0,4,2,-4,4,8,0,12,4,4,6,-8,10,0,2,0,-6,-2,-22,0,4,-16,-4,-12,0,-8
790.2.a.h,790,6,0,6,2,6,4,4,-4,-4,8,12,2,8,-18,4,2,0,18,2,-6,0,12,-4,6,12,-16,-28
791.2.a.a,791,1,0,-1,0,2,1,-4,-2,-2,0,0,6,0,-2,-6,-4,-4,-10,-8,-10,4,0,-10,0,-4,6,2
791.2.a.b,791,1,0,1,-2,-4,-1,-4,6,8,-2,-4,-6,-8,2,2,-4,-6,-10,-2,2,12,12,16,8,16,0,10
791.2.a.c,791,1,0,1,-2,0,-1,4,-2,4,6,-8,10,8,2,10,0,-6,6,6,-6,-8,-8,-4,-4,0,12,10
791.2.a.d,791,4,0,0,-1,-4,4,0,-2,-3,-9,-8,-7,-5,-16,6,-18,0,17,12,3,-17,0,-9,-31,9,2,-19
791.2.a.e,791,8,0,0,-1,-4,-8,-4,-8,-7,-15,10,-9,-17,-12,-16,-2,-6,5,-12,-23,11,-18,-15,-5,-5,-30,-45
791.2.a.f,791,18,0,-2,9,12,-18,4,12,7,23,4,-3,27,4,4,-18,30,5,-10,69,7,-4,49,-31,-17,68,43
791.2.a.g,791,24,0,4,1,4,24,8,6,3,13,10,7,15,36,14,34,-28,21,6,19,23,-10,11,55,-35,28,49
792.2.a.a,792,1,0,0,0,-4,-2,1,0,6,4,6,-6,0,6,10,-8,-6,12,8,4,-12,-10,2,2,-12,6,14
792.2.a.b,792,1,0,0,0,-2,0,-1,2,-6,0,-4,-2,0,-10,-6,-8,4,6,12,2,4,-12,-14,16,12,-10,-14
792.2.a.c,792,1,0,0,0,0,-2,-1,-6,6,-2,-8,-2,-4,2,10,-6,4,-4,-4,-2,-8,-12,-2,14,4,0,2
792.2.a.d,792,1,0,0,0,0,-2,1,-6,-6,-2,8,2,-4,2,-10,-6,-4,4,4,-2,-8,12,-2,14,-4,0,2
792.2.a.e,792,1,0,0,0,0,2,-1,0,2,8,2,6,0,-2,-2,4,6,8,8,-4,12,10,-6,-10,4,-10,-2
792.2.a.f,792,1,0,0,0,2,4,1,6,-6,-8,0,6,0,6,10,-8,0,-6,-4,-2,-12,8,2,-4,12,6,2
792.2.a.g,792,1,0,0,0,3,-2,1,0,6,4,-1,8,-7,-1,-4,6,8,-2,1,4,-5,-3,16,2,2,-15,-7
792.2.a.h,792,2,0,0,0,-3,-2,2,-2,-4,-8,-9,2,-7,-11,-6,-6,-16,-8,5,-6,15,5,2,-14,-10,7,27
792.2.a.i,792,2,0,0,0,0,4,-2,4,4,4,0,4,8,4,12,12,-8,8,-8,12,0,-8,-4,4,-8,32,-12
792.2.a.j,792,2,0,0,0,0,4,2,4,-4,4,0,-4,8,4,-12,12,8,-8,8,12,0,8,-4,4,8,-32,-12
793.2.a.a,793,1,0,1,0,2,-4,4,-1,-6,-2,-6,10,-4,-10,2,-2,-2,10,-4,-1,-8,12,-6,-2,10,10,-14
793.2.a.b,793,4,0,-1,-3,-7,-1,3,-4,-13,0,4,1,24,6,2,-10,-7,7,2,-4,8,-28,5,-8,-33,-12,3
793.2.a.c,793,9,0,-3,-7,1,-7,-5,-9,-5,9,-22,-29,-18,-5,-14,20,-46,-33,14,-9,3,5,-27,-3,-23,6,-19
793.2.a.d,793,15,0,-8,-6,-8,-12,-28,15,-20,-11,-34,4,-28,-5,-22,-8,-51,-12,-48,15,-23,-41,6,-11,-36,-12,2
793.2.a.e,793,16,0,3,6,4,10,0,-16,22,-1,38,10,10,-3,14,24,53,14,-16,16,-3,-15,16,-15,38,-6,-14
793.2.a.f,793,16,0,5,6,10,10,18,16,12,9,24,2,8,-13,16,-4,57,0,24,-16,-13,47,0,15,68,4,-16
794.2.a.a,794,1,0,-1,-2,-4,-3,0,-4,-8,-6,-6,3,-4,5,0,8,-10,-12,1,-2,10,5,-13,6,-2,0,7
794.2.a.b,794,1,0,1,-2,0,-1,0,-4,0,2,-6,-9,-4,-7,0,8,6,0,-9,-10,14,-9,11,-10,-6,12,-1
794.2.a.c,794,1,0,1,-1,-1,0,-4,1,-6,-3,2,6,-2,-8,-2,-11,6,3,4,2,-8,9,-10,0,11,-2,13
794.2.a.d,794,1,0,1,1,-3,-4,0,-1,0,-1,0,-6,-4,2,0,-1,0,-3,12,2,-4,-3,14,-4,9,0,-7
794.2.a.e,794,2,0,-2,-2,2,-4,0,6,0,-10,0,-4,0,0,-8,-2,-8,2,-8,-12,-8,-18,-16,-24,18,8,-26
794.2.a.f,794,2,0,-2,0,0,2,-4,-8,0,-4,4,6,-12,-10,8,-12,4,0,-10,-12,-4,6,10,0,-20,-8,30
794.2.a.g,794,12,0,-12,7,3,7,15,7,0,21,12,-2,28,8,-10,29,6,-11,4,37,23,-15,19,50,19,4,27
794.2.a.h,794,14,0,14,1,7,7,3,7,10,7,14,20,6,20,4,3,0,21,-30,19,-21,-11,9,22,-51,-6,-15
795.2.a.a,795,1,0,0,-1,-1,-2,-4,0,5,-4,-2,6,6,8,9,-6,-9,1,14,4,15,9,-5,-6,0,-6,-18
795.2.a.b,795,1,0,0,1,-1,2,0,-4,3,8,6,-6,2,8,-3,2,9,-1,6,8,5,-3,-7,14,-12,-18,2
795.2.a.c,795,1,0,1,-1,-1,4,-4,-2,-2,4,-8,-10,-8,-2,6,0,-8,-1,4,-10,-12,12,6,-8,12,-6,18
795.2.a.d,795,1,0,1,1,-1,0,4,6,6,0,-8,6,4,6,-2,-4,-4,-1,-12,-2,-4,16,6,-4,-12,-6,2
795.2.a.e,795,3,0,-3,3,3,-9,-3,-12,-12,-3,0,0,0,-15,-3,-15,15,-3,-12,-21,3,12,-12,-21,-12,0,-27
795.2.a.f,795,3,0,-1,-3,-3,1,-7,-4,2,-5,10,-8,4,1,-27,1,3,-3,-22,-11,5,-20,4,13,-10,-6,-29
795.2.a.g,795,3,0,-1,3,-3,-5,-1,-6,-2,-11,4,-12,-14,-9,-7,1,-13,3,14,-15,-3,16,8,-27,-2,-10,13
795.2.a.h,795,3,0,1,-3,-3,-5,7,2,-2,7,6,6,-8,-3,11,-9,13,3,8,13,-29,16,10,-11,-2,16,33
795.2.a.i,795,4,0,-4,-4,4,1,3,-12,-14,-9,-10,-10,6,-11,-17,-11,-17,4,4,-23,3,4,-26,19,-16,-10,13
795.2.a.j,795,4,0,3,-4,4,-3,1,12,15,-5,4,4,-4,15,-10,-3,6,-4,8,3,-16,-9,9,-23,24,32,-5
795.2.a.k,795,5,0,-1,5,-5,9,-7,12,-10,9,0,2,6,-1,3,11,-11,-5,0,17,11,0,-14,9,30,36,7
795.2.a.l,795,6,0,1,6,6,7,-1,10,1,5,-2,0,6,13,-2,5,-8,6,-8,-1,10,-13,35,5,-12,0,13
796.2.a.a,796,3,0,0,0,0,1,-6,-12,-2,-10,-2,-5,0,10,10,-6,-10,-12,-6,16,-28,-8,12,2,-18,-12,22
796.2.a.b,796,5,0,0,-4,-6,-5,-9,7,-1,0,-15,-21,-5,-17,-8,-2,-5,4,-16,-26,19,-36,-4,-2,23,12,6
796.2.a.c,796,8,0,0,2,2,4,15,3,-3,4,15,18,15,3,2,12,13,16,26,-14,-11,20,-16,16,19,-16,-36
797.2.a.a,797,1,0,-1,1,0,0,2,-5,-6,7,-5,6,7,-10,-9,2,-7,0,5,-5,-2,-6,-14,5,4,-1,-16
797.2.a.b,797,2,0,-2,2,4,8,-4,10,0,2,-2,0,2,0,-2,-4,14,0,2,6,12,4,-16,10,0,6,-8
797.2.a.c,797,25,0,-6,-16,-4,-25,-16,-16,-5,-44,-9,-9,-18,-13,10,-112,-6,-14,-6,-20,-85,-4,-18,-47,-14,26,-3
797.2.a.d,797,38,0,9,13,-2,19,14,11,7,39,24,3,15,27,-7,150,-15,-12,7,3,97,-22,50,32,44,-31,9
798.2.a.a,798,1,0,-1,-1,0,-1,2,-4,0,-1,2,6,-4,-6,-6,0,-4,-10,-4,-2,-6,12,-14,-14,4,-14,-8
798.2.a.b,798,1,0,-1,1,-2,-1,-2,2,-4,1,0,-6,-10,0,-6,-4,6,-6,-12,10,-2,8,-6,16,-12,10,-12
798.2.a.c,798,1,0,-1,1,-2,1,-4,-2,-2,-1,-4,2,4,-6,-10,-4,-8,10,12,-2,-8,-16,10,-8,0,-10,-2
798.2.a.d,798,1,0,-1,1,0,1,6,-4,0,1,6,6,-4,2,-6,8,12,6,-12,-10,14,-12,2,-10,12,18,8
798.2.a.e,798,1,0,-1,1,2,-1,0,2,2,-1,8,2,4,2,6,-12,-8,10,-4,-10,4,8,10,-4,0,6,-6
798.2.a.f,798,1,0,-1,1,4,1,-2,0,8,1,-6,-2,-8,-10,2,-8,8,-2,12,6,-10,12,-6,-6,-4,2,16
798.2.a.g,798,1,0,1,-1,-2,-1,2,-6,-4,1,-4,-2,-6,-4,6,-4,-6,6,4,-6,-14,8,10,0,8,6,16
798.2.a.h,798,1,0,1,1,-4,-1,-6,-4,-4,-1,2,2,4,2,6,0,-8,-14,-4,-10,10,-4,-14,2,0,6,0
798.2.a.i,798,1,0,1,1,2,-1,0,2,-2,1,4,-2,0,-2,-6,4,0,-10,12,-10,-8,0,-6,-4,4,10,-2
798.2.a.j,798,2,0,-2,-2,-2,2,-4,6,-4,-2,2,8,2,6,4,12,10,8,-8,16,4,20,12,2,0,12,12
798.2.a.k,798,2,0,-2,-2,0,-2,-4,0,8,2,-4,-12,0,20,-4,0,8,4,8,4,12,-8,20,-4,16,-4,16
798.2.a.l,798,2,0,2,-2,0,2,4,0,0,2,4,4,8,4,-4,16,0,4,-8,-4,20,-8,-12,-12,0,-20,-8
798.2.a.m,798,2,0,2,2,2,2,4,-2,-4,-2,-2,0,-6,6,4,-12,6,8,0,-16,-4,4,-12,10,8,-20,-4
799.2.a.a,799,1,0,-1,2,0,-2,0,-6,1,-4,4,-4,0,6,4,-12,1,-10,-12,14,4,-6,8,2,16,-10,-6
799.2.a.b,799,1,0,-1,2,4,-2,0,2,1,4,-4,8,8,-2,-8,-4,-1,6,4,6,-4,-6,4,2,0,6,10
799.2.a.c,799,2,0,-3,0,-1,-2,-6,8,2,9,-5,-10,1,-11,-14,-10,2,-9,6,-4,-21,-24,-14,25,18,-12,5
799.2.a.d,799,8,0,1,-7,-10,-9,-2,-3,8,-8,-9,-2,-7,-13,-39,35,8,-6,-19,-15,15,-7,-22,-43,-3,-53,-40
799.2.a.e,799,12,0,-4,-1,-11,1,-6,-13,-12,-9,-2,-14,-18,8,-43,-7,-12,5,-25,-1,-2,-5,6,-10,-45,-65,-21
799.2.a.f,799,17,0,3,1,11,1,8,1,17,-1,12,10,2,10,65,-3,-17,-13,39,23,-14,21,24,-26,-5,61,3
799.2.a.g,799,20,0,4,3,13,-3,10,1,-20,5,4,26,6,-8,69,-7,20,29,55,-17,-6,47,-32,-26,3,119,-13
800.2.a.a,800,1,0,0,-2,0,-2,4,6,-2,-8,-6,-2,-4,-2,-10,-2,-2,-2,0,2,-6,12,-10,8,-10,-6,-10
800.2.a.b,800,1,0,0,-1,0,2,-5,0,5,-5,-6,4,-10,-10,5,-4,8,-10,0,-10,-3,0,-5,-10,1,-9,10
800.2.a.c,800,1,0,0,-1,0,2,5,0,-5,5,-6,4,10,10,5,-4,8,10,0,-10,-3,0,5,10,1,-9,-10
800.2.a.d,800,1,0,0,0,0,0,0,-6,-2,0,0,-10,0,2,10,0,0,-14,0,-10,0,0,6,0,0,10,-18
800.2.a.e,800,1,0,0,0,0,0,0,-4,-8,0,0,10,0,-12,-10,0,0,4,0,10,0,0,-16,0,0,-10,8
800.2.a.f,800,1,0,0,0,0,0,0,4,8,0,0,10,0,12,-10,0,0,-4,0,10,0,0,16,0,0,-10,-8
800.2.a.g,800,1,0,0,1,0,-2,-5,0,-5,-5,6,4,-10,10,5,4,-8,10,0,-10,3,0,5,-10,-1,-9,-10
800.2.a.h,800,1,0,0,1,0,-2,5,0,5,5,6,4,10,-10,5,4,-8,-10,0,-10,3,0,-5,10,-1,-9,10
800.2.a.i,800,1,0,0,2,0,2,-4,6,-2,8,6,-2,4,-2,-10,2,2,-2,0,2,6,-12,-10,-8,10,-6,-10
800.2.a.j,800,2,0,0,-2,0,-6,0,0,0,0,-2,-12,0,0,0,-18,-14,0,0,0,-6,0,0,0,22,12,0
800.2.a.k,800,2,0,0,0,0,0,0,-8,14,0,0,0,0,-4,10,0,0,-12,0,20,0,0,18,0,0,-10,-4
800.2.a.l,800,2,0,0,0,0,0,0,8,-14,0,0,0,0,4,10,0,0,12,0,20,0,0,-18,0,0,-10,4
800.2.a.m,800,2,0,0,0,0,0,0,4,-4,0,0,12,0,20,4,0,0,-12,0,-4,0,0,12,0,0,20,-4
800.2.a.n,800,2,0,0,2,0,6,0,0,0,0,2,-12,0,0,0,18,14,0,0,0,6,0,0,0,-22,12,0
801.2.a.a,801,1,0,-1,0,2,2,4,2,-6,-2,-2,6,6,10,6,2,-12,6,10,-6,12,-4,10,-12,6,-1,-18
801.2.a.b,801,1,0,0,0,-4,-2,-2,6,-4,-4,3,-3,8,-8,11,8,2,8,9,-12,3,-10,1,-1,-9,-1,7
801.2.a.c,801,1,0,0,0,0,2,-6,2,0,-4,-3,3,-4,-4,-3,-4,-6,0,-9,8,-13,6,-7,-1,9,1,-1
801.2.a.d,801,1,0,1,0,1,-4,2,2,-3,-5,-7,0,-9,-2,0,-7,12,3,-4,6,12,10,7,-6,-12,1,9
801.2.a.e,801,3,0,-2,0,-5,-4,4,3,-6,-4,1,-12,-1,7,-15,-7,8,-1,12,-14,-13,-21,14,-17,-12,3,-4
801.2.a.f,801,3,0,0,0,3,-6,-6,-15,6,-6,-3,6,-9,-9,3,3,-6,9,-18,-18,3,-27,-18,-9,12,3,0
801.2.a.g,801,3,0,4,0,7,-4,8,-11,4,0,7,6,-3,-11,-5,7,10,5,0,-2,-5,11,-2,15,-14,-3,-20
801.2.a.h,801,4,0,-1,0,-3,6,6,9,-2,10,-1,2,-11,23,-9,1,8,-7,-10,20,-1,21,24,-1,-10,-4,2
801.2.a.i,801,5,0,1,0,1,8,-6,0,13,13,-1,-2,19,-14,2,1,4,11,0,4,4,2,-25,54,20,-5,13
801.2.a.j,801,7,0,-4,0,-4,0,-16,-2,-8,-6,-17,-17,-2,0,-13,2,-20,2,-19,4,-11,-36,-11,-15,-19,-7,-17
801.2.a.k,801,7,0,4,0,4,0,16,-2,8,-6,17,17,-2,0,13,2,20,-2,19,4,-11,36,-11,-15,19,7,-17
802.2.a.a,802,1,0,1,-2,-2,0,0,0,6,6,0,6,0,4,2,-4,0,12,6,8,-2,-8,14,-8,0,10,6
802.2.a.b,802,1,0,1,0,4,-2,3,1,4,4,-8,2,-5,-10,7,11,-6,7,-14,-15,10,-9,11,1,-15,-9,10
802.2.a.c,802,5,0,5,-6,-9,-1,-4,-9,-16,-8,-9,-8,-6,-8,-15,3,-9,-7,-6,-7,-1,7,-13,37,-10,2,-1
802.2.a.d,802,7,0,-7,6,5,1,8,1,12,-6,25,4,16,-2,7,-9,25,15,8,-25,1,25,-15,11,26,16,7
802.2.a.e,802,9,0,-9,-6,-5,-7,-2,1,-16,6,-17,-6,-8,-8,-13,-15,-47,-31,-26,11,-15,-21,1,-13,-20,-12,-13
802.2.a.f,802,10,0,10,10,9,1,3,10,0,-4,17,-4,-9,4,10,-14,21,-16,10,20,-27,-2,-16,-12,-1,-5,-15
803.2.a.a,803,2,0,-2,1,-4,-1,-2,1,1,2,-1,7,-10,-15,-6,-16,-4,-10,2,4,11,25,-2,-16,-9,7,-3
803.2.a.b,803,5,0,0,2,1,-1,-5,3,9,0,0,22,-9,21,2,2,12,4,-3,-14,-16,9,5,-8,-19,1,-9
803.2.a.c,803,9,0,3,-5,-1,-1,-9,-25,0,-1,-4,-13,-6,-28,11,0,-8,-25,-3,-6,-43,-21,-9,19,26,-27,4
803.2.a.d,803,10,0,-5,-3,-2,-8,10,-24,-9,-7,-8,-22,-1,-34,7,-26,-6,-19,12,-32,-25,23,10,-3,-13,13,-16
803.2.a.e,803,16,0,0,4,4,3,-16,29,-4,11,17,-14,7,44,-1,15,2,41,22,46,50,5,16,31,-12,-13,22
803.2.a.f,803,19,0,7,3,2,16,19,30,9,-1,-2,18,5,36,9,33,-28,27,-28,4,21,-7,-19,25,15,-21,18
804.2.a.a,804,1,0,0,-1,-3,3,-2,2,0,-4,-5,-4,5,-11,-5,-5,-8,1,9,-12,1,0,-9,0,-1,14,-6
804.2.a.b,804,1,0,0,-1,0,0,-2,-4,-3,5,1,-7,-4,7,-8,-2,7,-14,-15,-6,1,0,9,0,-4,5,12
804.2.a.c,804,1,0,0,-1,4,0,0,2,2,4,-6,-6,0,-6,12,-4,10,12,6,6,-1,-2,2,0,-6,10,-18
804.2.a.d,804,1,0,0,1,-1,-3,-2,-2,-4,-4,7,-8,3,-3,1,-11,0,11,-3,8,-1,8,-9,0,11,-6,-6
804.2.a.e,804,3,0,0,-3,-3,-5,4,2,2,-4,9,24,1,19,13,-1,2,3,9,0,-3,14,-23,-20,15,12,14
804.2.a.f,804,5,0,0,5,3,5,6,4,1,13,0,3,3,12,11,3,-13,-9,-12,4,5,-24,12,-4,-27,-5,8
805.2.a.a,805,1,0,-1,0,-1,-1,-4,-2,6,4,1,-2,4,-10,10,12,-12,14,8,10,-4,8,-6,0,12,-2,-2
805.2.a.b,805,1,0,-1,0,-1,-1,2,4,-6,-8,1,10,10,8,-2,0,12,-4,14,-2,-4,8,0,6,-12,10,-2
805.2.a.c,805,1,0,2,-1,-1,-1,-5,3,-5,0,-1,3,6,-4,0,-2,-9,-6,-6,10,4,-8,10,-15,12,-10,7
805.2.a.d,805,1,0,2,3,-1,-1,-1,7,3,-8,1,-5,-2,-4,-8,6,3,2,2,-14,-4,8,-6,-3,12,-2,7
805.2.a.e,805,2,0,3,0,-2,-2,12,6,2,8,2,6,-2,-10,0,-6,-4,-22,-4,10,2,-4,18,0,-6,-14,-14
805.2.a.f,805,3,0,-2,0,-3,-3,-7,5,5,-6,-3,-12,-4,3,1,2,12,-9,-21,-9,13,-16,-9,-18,-29,7,1
805.2.a.g,805,4,0,-2,-5,4,4,-8,-8,-6,2,-4,-1,-2,-7,-9,-4,-21,-11,-37,1,-31,-8,25,-19,-7,7,-2
805.2.a.h,805,4,0,-1,0,-4,-4,5,-17,-9,4,4,10,-2,5,7,-6,-12,23,23,-17,5,20,-15,12,-3,-11,1
805.2.a.i,805,4,0,1,4,-4,4,11,-3,13,8,-4,-2,8,-5,23,2,2,-1,15,1,-5,-8,3,0,5,35,-11
805.2.a.j,805,4,0,3,6,4,-4,7,-5,5,8,-4,-2,0,13,1,14,4,-1,-7,-7,15,0,3,-14,3,-11,9
805.2.a.k,805,5,0,-3,-6,5,-5,-11,-7,1,2,5,-14,-6,-1,7,-12,-24,-21,-1,7,-35,-32,-7,18,-1,1,-9
805.2.a.l,805,5,0,-1,-4,-5,5,-7,-5,-7,-10,5,-14,-10,-3,-15,8,-10,-9,-19,-21,5,-16,1,20,-31,-21,19
805.2.a.m,805,8,0,1,7,8,8,6,8,4,0,8,-3,-16,-7,7,-10,19,-1,21,-7,11,8,-3,-15,25,1,10
806.2.a.a,806,1,0,-1,-1,-1,1,2,-1,7,-4,-6,-2,-1,-7,10,1,1,-14,-6,-8,-8,-1,-10,-14,6,-12,4
806.2.a.b,806,1,0,-1,1,1,-3,0,-1,-5,-2,-2,-2,-1,11,-6,-1,9,6,4,-14,4,-9,-10,-4,12,-4,-2
806.2.a.c,806,1,0,1,-3,1,-3,0,1,3,-8,-4,-10,-1,7,-12,11,-11,0,0,-6,-6,-1,-14,10,14,6,-4
806.2.a.d,806,1,0,1,-1,1,3,2,1,3,0,-6,10,1,3,2,9,3,-6,-10,-8,8,-3,-6,10,-6,0,-12
806.2.a.e,806,1,0,1,1,-3,-3,-4,1,3,-4,-4,6,-1,-5,-4,-1,5,8,4,-2,2,7,-14,-2,-6,-2,16
806.2.a.f,806,1,0,1,1,3,-1,0,1,3,2,6,-6,1,-7,-6,-1,3,6,0,-10,-4,-3,2,8,0,0,-10
806.2.a.g,806,2,0,-2,0,-2,-4,-2,2,2,-8,14,-8,2,-14,-10,-8,4,-6,14,-14,-14,16,12,-12,-16,2,0
806.2.a.h,806,2,0,2,-2,0,-4,-4,-2,-6,-10,-2,0,2,-4,6,-6,-8,2,4,-4,22,-12,12,-14,-18,2,-10
806.2.a.i,806,3,0,3,3,-5,4,0,3,2,-1,4,-11,3,14,10,-3,-12,-3,21,19,9,-16,13,-4,0,-7,26
806.2.a.j,806,5,0,-5,-3,5,8,0,5,4,15,-10,5,-5,22,8,3,-12,-5,15,23,13,16,3,2,-18,9,28
806.2.a.k,806,5,0,-5,-1,3,-2,0,-5,0,9,0,7,5,-8,-2,9,-2,7,-5,33,-17,-18,33,28,4,-19,14
806.2.a.l,806,6,0,6,5,3,4,6,-6,10,15,2,-3,-6,-26,-2,3,12,-25,3,17,3,8,-19,-8,-4,-5,0
807.2.a.a,807,1,0,0,1,3,2,3,2,-6,-4,-3,6,2,11,-3,-1,9,3,0,-1,-13,0,2,-4,12,-15,-1
807.2.a.b,807,2,0,0,-2,0,2,4,-4,-6,-2,-8,8,-6,-14,-12,-14,-4,-8,20,-10,-2,-6,-20,4,-6,0,14
807.2.a.c,807,6,0,-1,-6,-2,-9,8,-13,-12,-11,9,-8,-6,0,-2,-7,-6,-4,1,1,-19,22,-8,-5,7,-21,-50
807.2.a.d,807,8,0,-5,8,-6,-5,-20,-13,-28,-7,-21,-10,6,-6,-22,-1,-16,-12,3,-5,7,8,-28,7,-7,-11,-16
807.2.a.e,807,13,0,4,13,5,-1,15,11,36,1,6,18,-10,-23,29,-8,-13,15,13,-18,-8,16,12,-17,19,38,31
807.2.a.f,807,15,0,1,-15,2,7,-18,23,30,11,1,-8,6,18,12,15,2,24,7,39,19,-20,64,27,23,11,36
808.2.a.a,808,1,0,0,0,-2,-1,0,4,5,5,6,9,4,-8,0,-1,10,-7,4,-3,-2,6,-4,10,4,8,-11
808.2.a.b,808,1,0,0,2,3,2,-2,-3,3,5,3,-8,-3,-2,-4,-8,5,-2,10,12,-2,-1,4,13,0,-14,-14
808.2.a.c,808,3,0,0,-1,1,5,7,-3,-5,-6,4,4,12,3,2,18,6,12,1,-16,5,18,-8,2,1,-2,-1
808.2.a.d,808,4,0,0,-1,-4,1,-5,-6,-10,-1,-1,-12,9,-11,-10,-6,-5,-18,-11,-8,-3,1,0,27,-5,0,9
808.2.a.e,808,7,0,0,-2,-3,-10,-8,-5,-11,-3,-21,-2,-23,-4,-10,-12,-19,-16,4,22,-4,-13,6,-39,-18,2,4
808.2.a.f,808,9,0,0,2,5,-1,8,9,12,6,9,15,-15,18,12,15,11,25,0,3,2,-23,8,-41,18,20,11
809.2.a.a,809,2,0,1,-1,1,-4,0,1,1,-1,-6,-1,-17,1,5,8,-1,-15,-10,-10,-6,5,-7,-6,-4,-18,-14
809.2.a.b,809,24,0,-4,-11,-10,-19,-12,-14,-9,-45,-13,-15,-72,-19,-20,-19,-15,23,-3,-43,-9,-29,5,-106,38,1,-18
809.2.a.c,809,41,0,0,12,5,25,4,9,2,46,9,0,109,18,7,17,18,-4,19,57,17,54,12,128,10,5,38
810.2.a.a,810,1,0,-1,0,1,-4,3,-4,3,5,6,6,2,-4,-3,11,0,6,-3,-10,5,6,-7,14,12,6,11
810.2.a.b,810,1,0,-1,0,1,-1,-6,2,0,-4,-9,-3,-4,8,3,8,3,-6,-6,-13,-13,6,-4,-10,9,-9,2
810.2.a.c,810,1,0,-1,0,1,-1,0,5,-6,5,3,0,8,2,3,-4,9,-9,15,-4,-4,6,14,14,-6,18,-16
810.2.a.d,810,1,0,-1,0,1,5,0,-1,6,5,-9,0,-4,-10,-3,8,-3,3,9,8,-4,6,2,2,6,6,-16
810.2.a.e,810,1,0,1,0,-1,-4,-3,-4,-3,5,-6,-6,2,-4,3,11,0,-6,3,-10,5,-6,-7,14,-12,-6,11
810.2.a.f,810,1,0,1,0,-1,-1,0,5,6,5,-3,0,8,2,-3,-4,-9,9,-15,-4,-4,-6,14,14,6,-18,-16
810.2.a.g,810,1,0,1,0,-1,-1,6,2,0,-4,9,3,-4,8,-3,8,-3,6,6,-13,-13,-6,-4,-10,-9,9,2
810.2.a.h,810,1,0,1,0,-1,5,0,-1,-6,5,9,0,-4,-10,3,8,3,-3,-9,8,-4,-6,2,2,-6,-6,-16
810.2.a.i,810,2,0,-2,0,-2,1,-3,-2,-9,1,-3,-3,-2,-8,-6,-17,-9,0,3,1,-14,-12,-11,4,9,15,-11
810.2.a.j,810,2,0,-2,0,-2,4,0,4,0,-2,6,0,4,16,0,4,6,18,0,4,16,12,-8,-8,24,-24,16
810.2.a.k,810,2,0,2,0,2,1,3,-2,9,1,3,3,-2,-8,6,-17,9,0,-3,1,-14,12,-11,4,-9,-15,-11
810.2.a.l,810,2,0,2,0,2,4,0,4,0,-2,-6,0,4,16,0,4,-6,-18,0,4,16,-12,-8,-8,-24,24,16
811.2.a.a,811,1,0,0,0,1,0,4,-6,6,-5,-6,-1,-10,-7,9,4,-6,1,3,-10,11,-6,-9,-6,-12,9,2
811.2.a.b,811,26,0,-6,-4,-30,-5,-37,0,-22,-3,-25,-71,-2,-26,-53,3,-17,-72,-37,-23,-2,-38,14,7,-15,-60,11
811.2.a.c,811,40,0,6,2,33,5,37,6,18,-2,25,82,0,29,34,5,5,79,32,15,3,80,-5,-3,-17,59,-5
812.2.a.a,812,1,0,0,-1,-1,1,1,1,2,-4,-6,-1,-5,-4,-4,-11,3,3,2,-2,-4,-10,0,-15,-6,4,4
812.2.a.b,812,1,0,0,3,0,-1,2,0,2,1,3,-1,0,4,7,-2,-7,-11,-4,-2,5,-11,-3,-4,-6,-3,9
812.2.a.c,812,2,0,0,-2,-1,-2,3,1,4,9,5,-2,3,-8,7,11,8,8,6,-4,9,-5,17,-3,20,-11,-7
812.2.a.d,812,4,0,0,-3,-1,-4,-3,-3,-8,-6,-2,4,-17,4,-8,-15,-7,-1,-2,2,-24,6,-16,11,-18,6,-36
812.2.a.e,812,6,0,0,3,-1,6,1,-3,0,12,0,6,3,4,-14,29,31,-7,-2,-6,6,0,10,19,-14,-16,-6
813.2.a.a,813,1,0,0,1,0,-1,0,-4,-6,2,-3,-6,5,-7,6,-10,3,-6,3,-1,-13,15,2,8,-12,12,8
813.2.a.b,813,1,0,2,1,2,-1,6,-4,6,-8,5,-6,1,9,0,-8,3,-6,11,3,-9,-13,-12,-4,4,4,-2
813.2.a.c,813,4,0,-1,4,-4,-8,-7,-3,4,-17,-2,12,-16,-8,-12,-3,-13,13,-6,3,-15,-7,-20,-2,-19,2,-28
813.2.a.d,813,7,0,1,-7,6,7,11,5,10,7,19,6,5,-9,12,13,28,11,23,0,16,8,-10,-2,41,-12,-12
813.2.a.e,813,15,0,-4,-15,-10,-9,-19,-5,-16,-7,-21,-8,-7,-5,-18,-21,-44,-29,-45,-4,-40,-26,-14,2,-77,-26,-10
813.2.a.f,813,17,0,-1,17,4,16,5,17,0,31,6,-4,24,14,-18,29,11,-1,-6,5,57,-5,40,-2,31,-18,42
814.2.a.a,814,1,0,-1,-2,-3,2,1,2,3,2,-6,6,-10,1,-12,8,3,-12,-12,8,-10,-3,-10,11,3,-12,-16
814.2.a.b,814,1,0,1,0,-1,-4,-1,4,-7,-4,2,4,-6,1,-2,2,-11,0,4,10,8,3,12,-13,1,-16,-10
814.2.a.c,814,2,0,-2,0,2,-4,2,-4,-2,-8,4,-12,4,2,-20,4,-6,8,-12,-8,8,-10,0,10,-6,-16,-4
814.2.a.d,814,2,0,2,-4,-2,0,-2,-8,2,-4,4,-16,-12,2,0,0,-2,0,-12,4,-4,-14,-12,26,-10,0,24
814.2.a.e,814,3,0,-3,0,-5,2,-3,4,-9,0,-2,-10,0,-3,-2,4,-11,0,-16,-6,6,-17,-2,-17,-11,-14,4
814.2.a.f,814,3,0,3,-2,-7,-4,3,-10,-3,-14,-2,0,-4,-3,-20,-14,11,-4,-16,-20,-4,17,28,-13,3,-10,18
814.2.a.g,814,4,0,-4,-2,2,-2,4,-2,12,10,-4,18,4,-4,34,-2,-2,12,12,-2,2,-10,14,2,8,24,-2
814.2.a.h,814,4,0,4,2,2,4,4,2,2,2,4,0,-2,4,6,4,8,-8,4,2,-8,8,-12,2,-6,6,-24
814.2.a.i,814,4,0,4,4,4,4,-4,0,0,4,8,4,-4,-4,-4,0,12,8,12,-8,8,4,-8,-16,28,4,-8
814.2.a.j,814,5,0,-5,0,6,-6,-5,-2,8,-8,4,0,2,5,-2,-10,10,10,12,6,-18,34,0,8,10,60,20
815.2.a.a,815,1,0,0,-2,1,2,0,-4,6,2,-6,-6,-4,-10,-9,5,-9,9,-12,-1,-4,3,-16,2,15,-12,11
815.2.a.b,815,5,0,-2,0,5,-5,-7,-7,-11,-13,6,-13,-6,-3,-16,-7,8,-4,7,-22,19,-6,-14,-14,-8,-10,-15
815.2.a.c,815,6,0,-5,8,6,0,-10,12,4,4,-20,-6,12,-10,28,-10,20,-40,2,36,-10,6,36,-28,0,6,-12
815.2.a.d,815,7,0,-2,-2,-7,-3,3,-13,-5,-5,-6,9,2,-17,2,-23,-8,-8,1,-4,-17,0,-26,-16,-4,4,-33
815.2.a.e,815,16,0,7,-6,16,3,19,-1,-1,9,14,47,-6,19,14,33,-50,36,1,24,29,-10,10,40,-34,20,-3
815.2.a.f,815,20,0,5,6,-20,11,-5,23,21,11,12,-9,10,43,-19,36,9,19,-23,-5,23,-15,60,40,9,-26,44
816.2.a.a,816,1,0,0,-1,-3,4,-1,-5,1,7,-1,2,6,8,7,1,6,-2,10,8,12,-12,-14,-10,14,8,12
816.2.a.b,816,1,0,0,-1,-2,0,4,-2,1,-4,0,-10,-8,-2,10,-12,0,6,-12,-10,12,0,10,8,-4,-6,-14
816.2.a.c,816,1,0,0,-1,0,-2,0,2,-1,-4,-2,0,-6,0,-10,-4,4,-2,4,0,-4,2,-14,-6,12,-2,-2
816.2.a.d,816,1,0,0,-1,0,-2,0,2,-1,4,6,0,10,8,6,4,-12,6,12,8,4,-6,2,10,-12,-18,14
816.2.a.e,816,1,0,0,-1,1,0,-5,-5,1,-1,3,2,-2,-8,-5,9,-6,-6,-6,-4,-12,12,-2,-10,2,12,16
816.2.a.f,816,1,0,0,-1,2,4,-4,6,1,-4,4,-6,4,10,-6,-4,8,6,4,-14,12,12,10,4,-4,-6,-6
816.2.a.g,816,1,0,0,-1,3,4,3,-1,-1,1,-9,6,-2,-4,-3,7,6,-6,-6,8,4,-12,2,10,6,0,-16
816.2.a.h,816,1,0,0,1,-4,2,0,-6,-1,-4,-6,-4,6,-4,-10,4,-4,-2,-12,-4,12,6,2,-10,12,-2,6
816.2.a.i,816,1,0,0,1,-1,-4,-3,3,-1,-1,-3,-10,-6,-4,5,1,2,-14,6,8,12,-12,2,14,-6,16,0
816.2.a.j,816,1,0,0,1,3,0,1,3,-1,-1,-7,6,2,-4,9,1,-10,-2,6,-12,4,12,-10,-2,14,4,12
816.2.a.k,816,2,0,0,-2,-1,-8,3,1,2,3,3,4,2,-6,9,13,6,-20,-2,10,-8,8,20,2,2,10,-2
816.2.a.l,816,2,0,0,2,-1,2,9,-3,-2,3,11,-6,0,-8,7,-3,10,12,2,-8,-24,2,0,-4,-6,10,-6
816.2.a.m,816,2,0,0,2,3,0,1,5,2,-3,9,0,2,-2,-3,3,14,8,-6,10,-8,-4,-8,-6,10,6,-14
817.2.a.a,817,1,0,0,-2,-2,-4,-5,-3,-3,-1,3,-4,-3,-8,-5,1,8,-7,-4,2,7,4,-10,-4,3,-16,1
817.2.a.b,817,1,0,0,-2,-2,4,3,1,-3,1,-5,-4,1,-8,-1,1,-8,-3,4,-6,11,-4,-2,-12,-13,-8,13
817.2.a.c,817,13,0,-7,0,-13,-15,-15,-4,-17,13,-34,-6,-4,2,2,13,-45,-18,-4,6,-48,-37,16,-10,-45,16,6
817.2.a.d,817,15,0,-7,-4,1,-13,-17,-8,-7,-15,-32,-4,2,-8,-22,-15,-45,-46,-18,12,2,-35,-16,0,-55,4,-38
817.2.a.e,817,15,0,9,6,3,15,13,6,-3,-15,18,22,10,24,10,15,11,24,16,-10,4,53,-12,-20,11,38,-34
817.2.a.f,817,18,0,6,2,7,13,15,4,25,18,44,2,4,-20,8,-18,51,14,14,-6,22,27,6,38,29,-12,-8
818.2.a.a,818,4,0,4,-2,-5,-7,-9,-8,-7,-5,2,-8,5,-20,2,-16,16,-6,3,-4,-13,11,-4,3,-2,3,-5
818.2.a.b,818,7,0,-7,-4,1,-11,3,-12,-5,-1,-12,4,-5,-12,12,-30,-16,0,5,-8,-43,-9,-20,-27,-16,25,-11
818.2.a.c,818,10,0,-10,2,-5,13,-5,14,-5,13,8,-6,17,24,0,34,6,6,-11,18,31,15,24,35,-2,-19,27
818.2.a.d,818,14,0,14,4,7,9,5,14,7,7,-2,6,-5,12,4,26,-10,18,-3,-6,23,-37,-6,-15,-24,-3,-21
819.2.a.a,819,1,0,-2,0,-1,-1,2,-1,0,1,-3,5,9,0,-2,-1,-3,9,0,-2,10,12,15,11,-3,17,3
819.2.a.b,819,1,0,-1,0,0,-1,0,-1,2,-4,6,-4,0,-10,12,-4,-10,-12,-14,-10,0,8,2,0,-6,0,-2
819.2.a.c,819,1,0,0,0,3,1,0,1,6,-7,-3,9,5,2,6,-1,-3,9,0,-10,14,6,11,-1,-3,-15,-1
819.2.a.d,819,1,0,1,0,0,-1,0,-1,-2,-4,-6,4,0,-10,-12,-4,10,12,14,-10,0,-8,2,0,6,0,-2
819.2.a.e,819,1,0,2,0,1,1,2,1,4,3,9,1,-5,-8,-6,-9,3,-3,0,10,-2,-12,5,-13,11,-1,1
819.2.a.f,819,1,0,2,0,3,-1,6,-1,-4,5,-3,5,-3,-4,6,-1,-7,9,-8,-10,-6,8,-13,3,-15,-3,7
819.2.a.g,819,2,0,-2,0,0,2,-4,-2,-4,0,-8,-4,-8,-4,0,8,-12,4,4,-12,8,-28,-4,0,-4,-8,-4
819.2.a.h,819,2,0,0,0,-6,2,0,-2,0,-6,6,-6,-2,-4,-12,-10,-6,6,-12,12,-12,12,-10,14,-18,-6,-2
819.2.a.i,819,3,0,-1,0,-2,-3,-2,3,-4,-4,-10,-24,-4,0,-2,10,8,-8,4,-6,-12,6,-10,-14,12,-2,-10
819.2.a.j,819,3,0,2,0,3,-3,2,-3,8,-7,9,1,-7,12,10,-1,17,5,12,10,2,4,-5,-13,1,13,-9
819.2.a.k,819,4,0,-1,0,3,4,2,4,2,7,-3,-1,3,10,16,3,-5,-5,20,12,-22,0,-13,11,-1,5,-17
819.2.a.l,819,4,0,0,0,0,4,0,-4,0,18,0,0,14,4,0,10,0,0,0,24,-12,0,22,10,0,0,26
819.2.a.m,819,6,0,0,0,0,-6,0,6,0,-2,0,0,10,0,0,2,0,0,0,60,12,0,-2,26,0,0,-14
820.2.a.a,820,2,0,0,-2,2,-1,2,-7,-6,-1,-6,-7,3,-15,-2,-11,-1,-10,-5,-8,3,12,-15,1,3,-12,-6
820.2.a.b,820,2,0,0,2,-2,-3,-4,-1,-6,-3,-4,-9,-1,-3,2,9,-7,6,3,-8,1,-2,7,5,21,-14,10
820.2.a.c,820,4,0,0,0,-4,-1,-2,1,16,-1,8,9,15,-11,-4,-7,33,14,-17,8,-17,16,-25,-19,-23,20,2
820.2.a.d,820,4,0,0,0,4,1,0,7,8,-3,6,7,3,9,4,5,3,26,-1,-8,1,2,9,1,23,10,6
821.2.a.a,821,27,0,-3,-14,-11,-21,-22,-12,-1,-68,-6,-9,-70,-25,-13,-27,6,5,-54,-33,-72,-35,-8,-50,-6,-18,-36
821.2.a.b,821,41,0,1,16,7,19,20,10,3,76,2,-7,78,25,17,13,18,-9,68,49,76,21,14,38,20,-8,40
822.2.a.a,822,1,0,-1,-1,-1,2,-5,2,-3,-1,8,-5,3,0,0,-10,-5,-5,-3,-8,-10,-1,-13,13,2,-12,0
822.2.a.b,822,1,0,-1,1,-1,-3,2,-4,2,1,-5,-3,-8,-7,6,-4,-3,-2,4,-7,4,8,-3,-2,5,-7,-8
822.2.a.c,822,1,0,-1,1,0,4,-4,4,2,4,-2,8,-2,-10,6,4,-2,0,4,-2,4,-6,14,6,0,2,-10
822.2.a.d,822,1,0,-1,1,3,2,3,2,-3,-1,0,-9,-1,8,0,-10,-9,-9,-3,8,14,3,11,-7,-6,12,8
822.2.a.e,822,1,0,1,1,2,0,-4,2,2,4,4,-6,4,-10,-6,-4,12,-14,4,14,4,-4,-6,4,-4,2,10
822.2.a.f,822,1,0,1,1,3,-3,6,-4,2,-7,7,-7,4,-7,6,4,-7,6,-12,-15,4,8,-11,6,1,5,-4
822.2.a.g,822,2,0,-2,-2,2,-3,-1,1,10,-6,5,8,-8,4,1,9,5,16,3,12,15,5,1,-2,20,17,4
822.2.a.h,822,2,0,2,-2,-2,-4,-6,0,-6,-2,-12,2,-6,-8,0,-4,2,2,-6,16,-4,-18,-6,2,20,16,8
822.2.a.i,822,3,0,-3,-3,-4,-1,5,-2,-3,8,-17,-6,1,-17,-16,6,-4,-31,-7,7,2,-11,-2,-11,-15,13,-10
822.2.a.j,822,3,0,-3,3,-3,-5,-2,5,3,9,11,7,11,24,-13,9,10,11,-8,0,-9,-2,-28,15,-14,-25,24
822.2.a.k,822,3,0,3,-3,-1,2,7,1,0,-1,16,11,0,5,5,5,18,6,9,-11,-5,-1,-10,0,3,-18,-8
822.2.a.l,822,4,0,4,4,-4,9,3,3,0,8,-7,2,-6,16,-7,7,-25,6,-13,-8,-7,-5,3,0,0,-15,-16
823.2.a.a,823,30,0,-10,-12,-20,-14,-16,-17,-77,-6,-27,-37,-1,-6,-75,-15,-37,-44,-1,-1,10,9,-49,-3,-33,-78,-65
823.2.a.b,823,38,0,9,10,18,6,10,17,83,4,9,33,-1,12,81,-5,19,54,11,21,-8,13,51,-19,39,64,37
824.2.a.a,824,2,0,0,-4,2,-1,-2,3,-1,-5,-7,5,-12,-12,-3,-12,-12,4,-5,-11,12,-12,4,-5,3,-8,-1
824.2.a.b,824,2,0,0,0,-5,0,1,-7,7,-1,-4,-10,-10,-12,-8,-6,11,-7,-9,-1,-4,13,-5,11,13,14,14
824.2.a.c,824,2,0,0,0,0,-1,-2,-1,-9,-5,5,-3,-2,-10,1,4,-4,-10,15,-15,-4,6,4,-13,11,0,-13
824.2.a.d,824,2,0,0,2,-1,-4,-5,-3,-1,-5,-4,2,0,6,0,0,3,7,-5,7,-18,-3,-5,-5,-3,-2,2
824.2.a.e,824,9,0,0,0,7,1,1,14,2,6,-9,29,12,18,5,4,3,41,2,14,8,5,-7,4,-32,8,13
824.2.a.f,824,9,0,0,4,-5,5,9,-2,2,10,15,-11,20,4,9,24,19,-33,10,-10,32,-1,-7,16,0,-16,13
825.2.a.a,825,1,0,-1,1,0,-4,1,2,2,0,-8,-6,-8,-6,-2,0,-8,-6,-4,6,4,0,14,-4,-12,-6,-2
825.2.a.b,825,1,0,0,-1,0,1,-1,1,6,-7,-6,-6,-7,-2,-6,1,0,6,0,5,-5,-12,-14,-4,6,6,-17
825.2.a.c,825,1,0,0,1,0,-1,-1,-1,-6,-7,6,-6,-7,2,-6,-1,0,-6,0,5,5,-12,14,-4,-6,6,17
825.2.a.d,825,2,0,-2,-2,0,2,-2,0,-2,10,-2,8,0,6,-2,12,-2,-4,22,12,12,10,12,18,-8,-4,-6
825.2.a.e,825,2,0,0,-2,0,-4,-2,-4,0,4,0,0,-8,-4,0,-4,0,12,0,4,-16,0,-4,-20,-24,-12,20
825.2.a.f,825,2,0,2,2,0,-2,-2,0,2,10,2,8,0,-6,-2,-12,2,4,22,12,-12,10,-12,18,8,-4,6
825.2.a.g,825,2,0,2,2,0,4,-2,0,8,-8,8,-4,0,-12,4,12,8,4,-8,-12,0,16,0,0,20,-4,-12
825.2.a.h,825,3,0,-3,3,0,-8,-3,-6,-4,-2,-12,-8,8,-4,-8,-8,-8,8,-8,2,-12,-12,-18,-6,2,2,8
825.2.a.i,825,3,0,-2,-3,0,3,3,5,-4,-1,0,2,17,0,4,17,-10,-6,-6,-3,7,26,-10,6,6,2,29
825.2.a.j,825,3,0,-1,-3,0,-4,3,-2,0,-6,-12,8,-8,-4,8,-12,-16,-16,8,-22,-12,-12,10,-10,10,18,-16
825.2.a.k,825,3,0,1,-3,0,0,3,2,2,8,0,-10,8,6,-14,-4,8,6,12,-6,4,8,14,12,0,-10,-22
825.2.a.l,825,3,0,1,3,0,4,3,2,0,-6,12,8,-8,4,8,12,16,16,8,-22,12,-12,-10,-10,-10,18,16
825.2.a.m,825,3,0,2,3,0,-3,3,-5,4,-1,0,2,17,0,4,-17,10,6,-6,-3,-7,26,10,6,-6,2,-29
825.2.a.n,825,3,0,3,-3,0,8,-3,6,4,-2,12,-8,8,4,-8,8,8,-8,-8,2,12,-12,18,-6,-2,2,-8
826.2.a.a,826,1,0,-1,2,-3,-1,6,-2,4,2,3,6,6,9,10,-4,-8,2,1,-10,4,0,-10,6,9,-1,-1
826.2.a.b,826,1,0,-1,2,3,1,-2,-2,4,6,3,2,-2,-3,-2,0,0,-2,-1,-6,4,4,-6,-6,7,-11,-3
826.2.a.c,826,2,0,-2,-3,2,-2,5,-3,-6,5,-1,3,-2,-4,6,7,12,3,2,8,-1,16,-11,12,24,15,-3
826.2.a.d,826,2,0,-2,3,0,2,7,3,-2,-7,-3,17,0,-10,4,5,12,-5,-2,8,-15,22,5,2,4,31,-7
826.2.a.e,826,2,0,2,-3,-4,2,-3,1,-8,-7,-5,3,-8,-6,-14,9,-10,-3,-2,0,15,-6,-7,4,-4,-17,-7
826.2.a.f,826,2,0,2,-1,-2,-2,-9,-5,-4,9,-7,-15,2,-4,-4,3,6,1,2,0,1,-20,1,-22,24,7,-3
826.2.a.g,826,4,0,-4,-2,-6,4,-12,2,-12,0,4,-4,-6,10,-30,-12,0,-2,4,-12,-16,-26,-12,-2,-8,-8,24
826.2.a.h,826,4,0,-4,-2,0,-4,-6,6,4,-14,-10,-14,-4,0,-20,2,-4,-14,-4,4,-14,-4,6,-4,8,-22,-6
826.2.a.i,826,5,0,5,2,5,5,2,8,6,2,-3,8,0,-3,10,-18,18,2,5,6,-8,-10,4,-30,-11,17,-15
826.2.a.j,826,6,0,6,-2,3,-6,8,6,0,0,3,20,6,9,18,4,-18,4,-6,0,-22,8,0,0,-9,-17,-1
827.2.a.a,827,1,0,0,-3,0,0,3,0,-4,5,0,2,-5,-4,4,-2,2,-14,-12,6,8,12,-6,11,-9,-8,6
827.2.a.b,827,3,0,0,3,0,-4,-7,-2,0,-1,-16,-2,9,-18,10,-4,30,-12,6,-2,-22,-8,-14,-11,29,6,10
827.2.a.c,827,24,0,-5,-11,-19,-16,2,-52,-13,-28,12,-14,-37,-58,-29,-9,-53,12,5,-67,-18,2,-71,6,-14,-10,-123
827.2.a.d,827,41,0,3,11,21,20,4,58,9,22,14,6,37,92,11,19,19,6,-15,79,26,-16,99,0,4,-10,127
828.2.a.a,828,1,0,0,0,-2,2,-4,-2,-2,-2,1,-4,0,2,0,-2,-12,2,-12,-14,2,0,6,6,-4,18,6
828.2.a.b,828,1,0,0,0,0,2,0,-1,6,2,1,3,5,8,-3,8,-9,-6,12,14,8,15,-7,-10,-6,0,-10
828.2.a.c,828,1,0,0,0,2,-4,-2,-5,-4,-2,-1,7,-3,2,9,-8,-9,-2,0,-2,14,3,-3,-6,-8,-12,0
828.2.a.d,828,1,0,0,0,2,2,4,-2,2,-2,-1,4,0,2,0,-2,12,-2,12,-14,2,0,6,6,4,-18,6
828.2.a.e,828,2,0,0,0,-4,0,0,0,-4,-8,-2,-12,-8,-12,4,-8,4,-12,12,12,-24,0,12,0,8,-12,4
828.2.a.f,828,2,0,0,0,0,4,0,8,-8,4,2,-4,0,-4,4,-4,12,8,4,-12,-4,0,-4,20,8,0,-20
829.2.a.a,829,1,0,0,-3,-3,4,0,1,3,0,-8,-4,0,-4,2,8,10,-6,-3,5,-12,-8,-8,8,-6,-6,13
829.2.a.b,829,28,0,-9,-6,-8,-10,-53,-10,-26,-32,-22,-34,-14,0,-22,-51,-23,-26,-71,-36,0,-46,17,-31,-53,-19,18
829.2.a.c,829,39,0,9,7,7,6,59,-3,15,26,34,36,6,-10,30,35,31,2,70,-9,12,18,-23,37,83,11,-23
830.2.a.a,830,1,0,-1,1,1,5,3,-4,3,8,0,-9,-1,-7,-6,2,12,0,-3,-1,14,-12,-4,14,-1,-12,2
830.2.a.b,830,1,0,1,-3,1,-3,3,-4,-1,0,-8,-5,-5,9,-6,-10,-8,0,-11,-13,10,0,16,2,-1,16,2
830.2.a.c,830,1,0,1,-1,1,-3,-5,2,-3,-6,-4,9,-3,-3,-2,0,0,-10,13,5,-10,-6,-16,14,-1,8,-8
830.2.a.d,830,2,0,-2,-3,-2,2,2,-8,0,11,4,0,5,11,11,-4,-9,-2,8,28,16,-24,19,-20,2,4,15
830.2.a.e,830,2,0,-2,2,-2,-2,-2,-4,2,-12,4,2,-10,-6,-24,-4,8,12,14,-2,4,0,-16,-28,-2,-16,-20
830.2.a.f,830,3,0,-3,-1,3,-5,3,-6,-15,-4,0,-5,3,-7,6,-12,-10,4,9,-19,-4,10,-28,12,3,-18,-30
830.2.a.g,830,3,0,-3,0,3,3,-3,12,3,-3,0,3,0,18,-3,6,-9,6,-3,15,18,0,15,6,-3,12,21
830.2.a.h,830,3,0,3,-3,-3,-5,-9,-4,3,-10,0,-15,-11,-3,6,6,2,14,-19,-13,-12,-4,-16,-16,3,-2,12
830.2.a.i,830,4,0,-4,3,-4,3,-1,8,-1,0,-12,1,19,-1,12,12,-2,2,-3,3,-16,30,18,24,4,-4,-4
830.2.a.j,830,4,0,4,3,-4,8,0,6,0,9,-4,0,1,11,-9,10,1,4,6,4,-20,-22,5,12,-4,-4,-1
830.2.a.k,830,5,0,5,2,5,5,1,4,-1,7,8,-11,10,8,-3,-2,7,-12,-3,11,4,4,-3,-12,5,-30,-7
831.2.a.a,831,1,0,-1,1,0,-2,-3,3,-2,-2,0,3,-5,-10,-3,1,2,-12,10,-12,0,12,-10,-6,-2,3,-6
831.2.a.b,831,3,0,0,3,-3,-3,-3,-9,-6,-9,0,-6,-6,0,6,-18,0,15,0,0,-15,-6,6,15,24,-12,-6
831.2.a.c,831,6,0,-1,-6,-3,3,-8,0,-10,1,-6,-19,-1,-4,-19,11,-18,-9,-6,-10,1,-10,6,-15,6,-47,0
831.2.a.d,831,17,0,4,-17,9,-5,16,-4,24,-3,22,29,-11,8,21,-5,10,43,30,14,-43,26,14,-7,14,53,-26
831.2.a.e,831,20,0,1,20,3,11,6,16,8,21,4,15,19,20,1,31,-18,1,-14,14,41,-14,10,33,-14,41,44
832.2.a.a,832,1,0,0,-3,1,-1,-2,1,-3,6,4,-2,-4,-3,0,-5,-13,-12,-10,8,-2,5,-10,4,0,6,14
832.2.a.b,832,1,0,0,-1,-1,3,-2,-1,-3,-2,4,-2,4,-5,-12,-7,-9,-4,-6,4,10,-15,-2,-8,4,2,10
832.2.a.c,832,1,0,0,-1,1,5,2,1,-3,2,4,6,-4,-11,8,1,9,12,-6,0,-6,7,-2,12,16,-10,-10
832.2.a.d,832,1,0,0,-1,3,-1,-6,-1,-3,-2,0,-6,-4,7,0,1,3,0,6,-8,-14,-3,2,8,-12,-6,-10
832.2.a.e,832,1,0,0,0,-2,-2,2,1,6,6,8,-2,10,6,-6,-4,-2,-6,10,2,-10,10,2,-4,6,-6,2
832.2.a.f,832,1,0,0,0,-2,2,-2,1,6,-6,-8,-2,-10,6,-6,4,2,-6,-10,2,10,-10,2,4,-6,-6,2
832.2.a.g,832,1,0,0,1,-1,-3,2,-1,-3,2,-4,-2,-4,-5,-12,7,9,-4,6,4,-10,15,-2,8,-4,2,10
832.2.a.h,832,1,0,0,1,1,-5,-2,1,-3,-2,-4,6,4,-11,8,-1,-9,12,6,0,6,-7,-2,-12,-16,-10,-10
832.2.a.i,832,1,0,0,1,3,1,6,-1,-3,2,0,-6,4,7,0,-1,-3,0,-6,-8,14,3,2,-8,12,-6,-10
832.2.a.j,832,1,0,0,3,1,1,2,1,-3,-6,-4,-2,4,-3,0,5,13,-12,10,8,2,-5,-10,-4,0,6,14
832.2.a.k,832,2,0,0,-1,-3,-1,2,-2,-1,-2,-16,4,8,-7,2,-15,-13,2,-2,-14,2,-3,-12,16,12,20,0
832.2.a.l,832,2,0,0,-1,3,3,-4,2,3,-12,0,0,6,7,6,-3,-9,18,12,-2,-12,9,20,24,10,0,-12
832.2.a.m,832,2,0,0,0,-6,0,0,2,-6,0,0,-20,0,-6,0,0,0,-8,0,0,0,0,28,0,0,-20,-4
832.2.a.n,832,2,0,0,1,-3,1,-2,-2,-1,2,16,4,-8,-7,2,15,13,2,2,-14,-2,3,-12,-16,-12,20,0
832.2.a.o,832,2,0,0,1,3,-3,4,2,3,12,0,0,-6,7,6,3,9,18,-12,-2,12,-9,20,-24,-10,0,-12
832.2.a.p,832,4,0,0,0,2,0,0,-4,14,0,0,8,0,2,-12,0,0,20,0,-12,0,0,-24,0,0,-24,-16
833.2.a.a,833,1,0,-1,0,2,0,0,2,-1,4,4,6,-4,-2,6,4,0,6,12,10,4,-4,6,12,4,-10,-2
833.2.a.b,833,3,0,-1,-1,-2,0,-4,6,3,1,-6,-1,-4,-17,18,-17,-5,4,7,-4,-20,-17,-9,-19,-14,-8,-9
833.2.a.c,833,3,0,-1,1,2,0,-4,-6,-3,-1,-6,-1,4,-17,-18,-17,5,4,-7,4,-20,-17,9,-19,14,8,9
833.2.a.d,833,4,0,-1,-4,0,0,-6,-10,4,-4,-8,-6,-22,-12,6,16,-6,22,-16,-6,12,-4,-14,-14,-2,-6,0
833.2.a.e,833,4,0,-1,-2,-2,0,2,-8,4,-10,-6,2,-12,6,-12,-12,-2,-26,4,-12,-12,-14,-20,-14,28,10,-26
833.2.a.f,833,4,0,-1,4,0,0,-6,10,-4,4,-8,-6,22,-12,-6,16,6,22,16,6,12,-4,14,-14,2,6,0
833.2.a.g,833,5,0,2,2,0,0,-2,-2,-5,-6,-10,-8,0,8,-18,8,10,4,-8,-22,16,-2,-10,18,12,-20,-12
833.2.a.h,833,7,0,3,-1,-2,0,4,2,-7,5,22,1,-2,19,-12,19,7,-8,-5,4,24,-1,-19,15,2,32,23
833.2.a.i,833,7,0,3,1,2,0,4,-2,7,-5,22,1,2,19,12,19,-7,-8,5,-4,24,-1,19,15,-2,-32,-23
833.2.a.j,833,8,0,-2,-8,-4,0,4,-12,-8,-16,-4,0,-28,8,-4,-8,-28,-8,8,-8,-20,40,-8,4,4,4,-40
833.2.a.k,833,8,0,-2,8,4,0,4,12,8,16,-4,0,28,8,4,-8,28,-8,-8,8,-20,40,8,4,-4,-4,40
834.2.a.a,834,1,0,-1,1,-3,1,1,-5,-4,4,0,-9,-5,-2,-10,10,-4,6,-14,-14,13,7,-10,5,3,3,6
834.2.a.b,834,1,0,-1,1,2,0,0,-2,6,4,0,2,8,-10,2,-4,8,10,-4,-6,-4,8,2,16,0,-6,-14
834.2.a.c,834,1,0,-1,1,2,0,3,1,-3,1,6,8,-10,5,2,5,-7,-11,14,0,-4,8,-4,-8,12,12,-2
834.2.a.d,834,1,0,1,-1,-3,1,1,-5,0,-8,-4,7,-5,-10,-2,-10,12,6,-10,-10,13,-9,10,13,3,-13,6
834.2.a.e,834,1,0,1,-1,0,-2,-5,-5,-3,1,8,-8,-2,-1,4,5,3,-9,-4,-4,-2,12,-14,-2,0,8,0
834.2.a.f,834,1,0,1,-1,0,4,0,-2,-2,8,-4,8,8,-2,6,4,-10,6,-12,8,-4,2,10,-16,0,10,-18
834.2.a.g,834,1,0,1,1,-4,-2,-3,-1,-7,-5,4,0,2,3,-8,-1,-7,-1,0,12,-2,12,14,-10,-16,0,-12
834.2.a.h,834,2,0,-2,-2,0,-4,2,2,6,-14,4,0,-12,2,-12,-2,-6,10,-16,-8,-16,0,4,-12,4,-8,-16
834.2.a.i,834,2,0,-2,2,0,-4,-10,2,-2,-10,-12,0,-4,2,4,2,-2,-6,8,8,8,-16,4,4,-12,-24,0
834.2.a.j,834,2,0,2,2,-2,2,6,-4,4,8,6,-4,0,-12,6,-8,0,6,14,4,2,-12,-14,-10,-8,-12,-2
834.2.a.k,834,3,0,3,-3,2,-2,-2,10,10,4,2,4,-8,10,0,0,2,-4,10,4,6,-10,8,6,0,-10,16
834.2.a.l,834,3,0,3,3,7,-3,-3,7,4,-4,-8,5,-5,2,-2,-2,-6,-6,-14,-4,-15,9,-2,-11,-1,31,-10
834.2.a.m,834,4,0,-4,-4,-3,5,-2,4,-7,7,-2,1,13,3,8,13,13,-1,8,16,21,21,6,37,11,11,4
835.2.a.a,835,6,0,-2,-3,6,-1,-8,-8,-9,-5,0,-20,-8,-2,-17,4,-10,-23,-12,-8,5,-12,0,-24,-4,-21,-8
835.2.a.b,835,11,0,2,3,-11,1,2,12,21,-7,16,18,-6,10,17,3,18,46,30,-6,-9,12,11,-12,30,5,-2
835.2.a.c,835,16,0,-5,-7,-16,-7,-4,-18,-23,-1,-20,-26,4,-16,-17,-12,-46,-45,-10,-10,-25,-8,-22,46,-20,-3,-26
835.2.a.d,835,22,0,2,3,22,-1,10,8,17,9,12,26,6,-14,27,-19,22,44,36,30,-19,0,-35,-6,2,57,-26
836.2.a.a,836,1,0,0,-1,1,0,-1,-2,-4,1,1,-2,-5,-3,0,2,0,-10,-3,-6,-3,5,0,-4,-4,1,-1
836.2.a.b,836,1,0,0,2,2,0,1,4,-2,1,-4,8,10,-6,12,-4,-12,-14,-6,6,6,10,6,-16,4,2,14
836.2.a.c,836,2,0,0,-2,-2,0,2,0,0,-2,-2,-8,-2,-14,-8,-12,4,8,-6,-4,6,-6,-16,4,0,2,6
836.2.a.d,836,6,0,0,-2,0,2,6,2,12,6,-2,4,-20,22,-2,10,16,12,-14,12,-12,-30,24,0,-14,-14,-46
836.2.a.e,836,6,0,0,1,5,-2,-6,8,-2,-6,5,10,3,7,6,16,0,20,15,24,25,-9,-26,-16,-2,7,37
837.2.a.a,837,2,0,-2,0,-4,2,-2,4,6,-6,-14,-2,2,-4,-4,-8,-4,-12,0,12,-2,-8,-16,-4,-18,10,-20
837.2.a.b,837,2,0,-1,0,4,5,-4,7,3,3,8,2,2,-1,-20,7,1,-3,9,-3,-11,17,5,14,6,-7,-8
837.2.a.c,837,2,0,0,0,0,-2,0,-2,0,10,0,0,2,10,0,16,0,0,0,10,10,0,22,-2,0,0,10
837.2.a.d,837,2,0,1,0,-4,5,4,7,-3,3,-8,-2,2,-1,20,7,-1,3,-9,-3,-11,-17,5,14,-6,7,-8
837.2.a.e,837,2,0,2,0,4,2,2,4,-6,-6,14,2,2,-4,4,-8,4,12,0,12,-2,8,-16,-4,18,-10,-20
837.2.a.f,837,3,0,-1,0,1,-2,-10,-3,-18,5,2,-4,3,-11,1,12,-8,-9,-15,-7,-15,8,1,1,-36,-7,33
837.2.a.g,837,3,0,1,0,-1,-2,10,-3,18,5,-2,4,3,-11,-1,12,8,9,15,-7,-15,-8,1,1,36,7,33
837.2.a.h,837,4,0,0,0,0,-8,0,-4,0,-16,0,0,-4,-8,0,-24,0,0,0,-4,0,0,-8,16,0,0,-36
837.2.a.i,837,4,0,0,0,0,-8,0,-16,0,-12,0,0,4,-8,0,-28,0,0,0,-12,-52,0,-8,-20,0,0,8
837.2.a.j,837,5,0,-3,0,-5,0,-4,-7,-8,-1,-4,-2,-5,-1,-11,2,-20,1,-17,-13,15,-14,-7,-23,-26,-19,-11
837.2.a.k,837,5,0,3,0,5,0,4,-7,8,-1,4,2,-5,-1,11,2,20,-1,17,-13,15,14,-7,-23,26,19,-11
837.2.a.l,837,6,0,0,0,0,8,0,8,0,20,0,0,-6,0,0,-2,0,0,0,-4,48,0,0,-14,0,0,38
838.2.a.a,838,5,0,5,-5,-5,-7,-13,1,-8,-8,-21,-5,-6,-8,-1,-1,-9,-8,1,8,-1,-13,-3,-21,3,11,16
838.2.a.b,838,8,0,-8,3,9,0,8,3,10,1,24,7,-12,20,6,-7,22,25,19,3,-10,11,18,-32,32,27,15
838.2.a.c,838,9,0,-9,-2,-8,0,-7,-8,-14,10,-20,-26,0,-21,-8,-8,-32,-32,-8,-18,-9,-25,-2,26,-17,-17,-15
838.2.a.d,838,12,0,12,6,6,7,12,-2,8,1,25,-2,10,-5,-1,18,15,-5,6,-33,0,11,-13,7,-2,-9,-16
839.2.a.a,839,19,0,-3,-4,-4,-13,-12,-16,-13,-20,0,-20,-21,-32,-39,-20,7,-7,11,-40,-9,-14,-56,-45,7,-9,-42
839.2.a.b,839,51,0,4,4,6,19,18,22,19,32,4,26,31,42,49,24,-1,-5,7,74,13,6,110,75,-27,23,70
840.2.a.a,840,1,0,0,-1,-1,-1,4,-2,-6,0,0,-6,0,-6,-10,0,-12,-6,-4,2,8,-4,10,0,12,-10,-14
840.2.a.b,840,1,0,0,-1,-1,1,-4,2,-2,0,-4,-2,-4,-10,6,-4,-8,-6,-12,6,-12,0,6,0,-12,6,-10
840.2.a.c,840,1,0,0,-1,-1,1,0,-2,6,-4,4,6,0,6,6,-4,8,14,-4,-2,12,-12,10,8,-4,6,-14
840.2.a.d,840,1,0,0,-1,1,-1,-4,-2,2,-4,0,-10,0,6,-6,-4,-8,6,-4,-10,4,-16,-14,8,-4,10,10
840.2.a.e,840,1,0,0,-1,1,-1,0,2,2,0,0,6,4,-2,10,4,0,2,4,6,-12,12,-2,0,4,10,-2
840.2.a.f,840,1,0,0,-1,1,1,4,-2,-6,4,8,-2,0,-2,10,4,0,14,12,-2,-4,0,2,-8,-4,-6,-6
840.2.a.g,840,1,0,0,1,-1,-1,-4,-6,-2,-8,4,6,4,-2,-2,-12,0,2,-4,6,-4,8,6,-16,-4,-18,6
840.2.a.h,840,1,0,0,1,-1,-1,0,6,-2,4,4,6,0,6,-2,-4,8,-2,-12,6,-4,-12,10,-8,-12,14,2
840.2.a.i,840,1,0,0,1,-1,1,0,2,2,4,0,2,4,2,-2,8,-4,-2,12,-14,8,-8,-2,8,-4,-18,-2
840.2.a.j,840,1,0,0,1,1,-1,4,-2,2,4,0,-2,8,-2,2,4,0,-10,-12,6,12,0,-6,-8,4,2,-14
840.2.a.k,840,2,0,0,2,2,2,0,4,4,0,0,-4,8,12,4,-8,-16,4,-8,12,-8,8,12,0,-8,-28,12
841.2.a.a,841,2,0,-1,1,1,0,-5,4,-11,-3,2,0,-9,-4,1,-10,-14,-4,1,1,-12,12,-14,-1,-2,-4,-13
841.2.a.b,841,2,0,0,0,6,4,0,2,0,0,12,0,0,0,0,0,0,-18,12,0,-16,0,0,0,-12,0,0
841.2.a.c,841,2,0,1,-1,1,0,5,4,11,3,2,0,9,4,-1,10,14,-4,1,-1,-12,12,14,1,-2,4,13
841.2.a.d,841,2,0,2,-2,-2,0,-2,-2,4,-12,-4,0,-6,8,-8,-10,-2,2,4,4,0,-12,-8,2,4,8,8
841.2.a.e,841,3,0,-1,1,-3,-3,5,1,4,-3,-7,0,-15,-5,10,3,-19,-9,-28,-9,13,-21,5,-15,-9,7,11
841.2.a.f,841,3,0,1,-1,-3,-3,-5,1,-4,3,-7,0,15,5,-10,-3,19,-9,-28,9,13,-21,-5,15,-9,-7,-11
841.2.a.g,841,6,0,-2,-2,-2,-4,-13,-6,-3,6,-5,0,-16,10,-30,2,-5,-13,-17,4,-9,0,-9,-6,-24,-9,10
841.2.a.h,841,6,0,2,2,-2,-4,13,-6,3,-6,-5,0,16,-10,30,-2,5,-13,-17,-4,-9,0,9,6,-24,9,-10
841.2.a.i,841,8,0,-4,-6,-1,0,-5,-4,-9,-17,-7,0,-1,-6,-6,5,-31,19,-1,-21,2,-12,34,-29,-3,-36,18
841.2.a.j,841,8,0,4,6,-1,0,5,-4,9,17,-7,0,1,6,6,-5,31,19,-1,21,2,-12,-34,29,-3,36,-18
841.2.a.k,841,12,0,0,0,8,10,0,12,0,0,30,0,0,0,0,0,0,32,44,0,30,70,0,0,82,0,0
842.2.a.a,842,1,0,-1,-2,2,-3,2,3,-3,-1,-6,6,-1,7,-4,-1,-12,-7,5,-13,-14,-2,-6,-17,-4,6,-15
842.2.a.b,842,1,0,1,-2,-2,1,2,1,-3,-7,-6,2,-5,-11,0,1,-8,3,3,-7,10,14,-2,3,-4,6,-7
842.2.a.c,842,2,0,-2,-2,-3,-4,4,-2,-5,3,3,10,-2,-18,6,-11,-3,20,-3,6,-6,-1,2,2,-19,-20,15
842.2.a.d,842,4,0,-4,-3,4,1,-9,-16,9,-8,-5,-6,-6,-2,13,-16,11,-21,-20,-10,-13,5,-23,0,6,26,-27
842.2.a.e,842,4,0,4,-3,-4,-9,-1,-16,-11,4,1,-10,-6,8,-13,-6,3,-9,4,8,-11,-11,-13,16,14,-6,1
842.2.a.f,842,11,0,-11,8,-2,8,4,16,-5,17,0,-5,11,26,-17,19,12,9,11,-4,32,-2,19,5,28,-18,43
842.2.a.g,842,13,0,13,6,7,6,-4,22,10,0,-3,7,5,18,15,-2,13,5,-24,12,-4,-19,7,-5,-29,18,6
843.2.a.a,843,1,0,1,-1,0,3,-5,-4,6,-4,3,-8,-9,-10,-3,13,-7,4,6,-12,4,-8,4,-5,3,6,-8
843.2.a.b,843,3,0,-2,3,-4,-4,-6,-9,0,2,-3,-8,-5,-19,5,-4,13,-19,-37,10,15,-20,0,7,-11,-18,-30
843.2.a.c,843,6,0,-4,6,-11,-2,-5,-3,-10,-3,-19,-12,-1,-17,-14,3,-40,-13,9,-11,-16,-22,5,10,6,-5,10
843.2.a.d,843,8,0,-3,-8,-3,-9,10,-12,-6,-3,-9,-2,-5,-38,4,-18,18,-36,18,-9,-31,20,-21,-6,12,11,-30
843.2.a.e,843,14,0,6,14,13,0,13,8,8,-9,18,20,-8,28,13,-11,33,28,26,-17,-5,25,1,-9,17,32,-12
843.2.a.f,843,15,0,5,-15,7,8,1,18,4,5,-2,12,16,54,9,29,-21,42,-22,25,37,-27,33,11,-3,-24,40
844.2.a.a,844,2,0,0,0,2,-4,-10,6,-4,-6,-12,-4,12,-18,-8,-2,6,0,8,4,-8,-2,16,-6,-8,-4,12
844.2.a.b,844,5,0,0,-4,-2,-1,-4,-7,-5,-2,-5,0,-26,18,-10,-2,-24,-5,-35,-5,-1,-22,-1,-10,-7,-6,-8
844.2.a.c,844,10,0,0,6,0,3,16,-1,13,10,15,-4,14,0,20,14,28,-8,24,-13,-7,22,-20,-6,10,24,-6
845.2.a.a,845,1,0,1,-2,1,4,-2,0,2,6,-6,2,10,2,6,10,-4,2,-6,2,4,-6,6,-12,16,-2,2
845.2.a.b,845,2,0,-1,0,-2,-4,-4,0,2,-4,12,-6,0,-6,-6,-8,-8,12,-12,2,-8,8,12,0,0,18,-2
845.2.a.c,845,2,0,-1,2,-2,-2,-4,0,8,-4,-6,2,-8,0,6,-6,4,8,0,-2,-14,-12,-16,-4,-4,2,-24
845.2.a.d,845,2,0,0,2,2,-4,6,0,0,2,6,-12,-10,8,0,10,-12,0,6,4,8,-6,8,4,12,12,-4
845.2.a.e,845,2,0,1,0,2,4,4,0,2,4,12,-6,0,6,6,-8,8,12,12,2,8,-8,-12,0,0,-18,2
845.2.a.f,845,2,0,1,2,2,2,4,0,8,4,-6,2,8,0,-6,-6,-4,8,0,-2,14,12,16,-4,4,-2,24
845.2.a.g,845,2,0,2,0,-2,-4,-4,0,-4,-4,0,0,-12,0,12,-8,4,-12,-12,-16,4,-4,0,0,12,-12,4
845.2.a.h,845,3,0,-1,-5,3,-5,-3,0,-3,8,-2,-6,3,5,20,-23,-16,-2,-11,-17,15,13,-12,-37,-29,-3,-12
845.2.a.i,845,3,0,-1,-2,3,-2,-6,0,-4,-8,-8,-2,-10,-20,2,-12,2,6,12,-6,-18,-8,-20,12,-18,0,14
845.2.a.j,845,3,0,1,-5,-3,5,3,0,-3,-8,-2,-6,-3,-5,-20,-23,16,-2,11,-17,-15,-13,12,-37,29,3,12
845.2.a.k,845,3,0,1,-2,-3,2,6,0,-4,8,-8,-2,10,20,-2,-12,-2,6,-12,-6,18,8,20,12,18,0,-14
845.2.a.l,845,4,0,-2,-2,4,-10,0,0,-2,-16,-10,8,-8,2,-8,-2,-8,-12,-12,28,-30,-4,8,-8,12,12,-2
845.2.a.m,845,4,0,2,-2,-4,10,0,0,-2,16,-10,8,8,-2,8,-2,8,-12,12,28,30,4,-8,-8,-12,-12,2
845.2.a.n,845,9,0,-3,7,-9,-7,9,0,-1,4,14,12,7,5,10,39,-36,-8,21,-3,-1,1,0,39,-7,19,34
845.2.a.o,845,9,0,3,7,9,7,-9,0,-1,-4,14,12,-7,-5,-10,39,36,-8,-21,-3,1,-1,0,39,7,-19,-34
846.2.a.a,846,1,0,-1,0,-2,0,0,2,-2,0,0,-2,-8,-2,-2,-8,1,2,4,-10,-8,0,10,0,-12,-10,2
846.2.a.b,846,1,0,-1,0,0,0,-2,-4,2,-2,-4,-4,4,2,-6,6,1,-2,-12,2,2,-8,-14,-16,16,10,-14
846.2.a.c,846,1,0,-1,0,4,-4,0,-2,6,6,4,-4,2,-6,12,-2,-1,6,4,2,10,-8,-2,-12,-12,18,14
846.2.a.d,846,2,0,2,0,-4,-4,-8,-4,0,-8,0,-12,0,4,12,-8,-2,-4,8,-4,-8,-12,12,0,0,0,12
846.2.a.e,846,2,0,2,0,0,4,0,4,0,4,0,0,4,4,0,4,2,12,0,-20,4,12,-20,-8,0,24,4
846.2.a.f,846,2,0,2,0,2,0,6,-2,8,-6,12,2,-4,-4,-16,2,2,4,-4,4,2,-12,-4,24,12,-8,-20
846.2.a.g,846,3,0,-3,0,-2,0,6,0,2,-4,8,6,6,-2,12,4,-3,2,16,22,-8,0,10,12,8,-2,18
846.2.a.h,846,4,0,-4,0,-2,4,-6,6,8,10,-4,2,0,8,0,6,4,8,4,0,2,16,0,16,4,40,-24
846.2.a.i,846,4,0,4,0,2,4,6,6,-8,10,4,-2,0,8,0,6,-4,-8,-4,0,2,-16,0,16,-4,-40,-24
847.2.a.a,847,1,0,-1,2,-2,1,0,-4,-4,0,-4,6,10,-6,-4,-12,-10,-6,2,0,8,-12,8,-8,0,-6,-10
847.2.a.b,847,1,0,0,-3,-1,1,0,4,-2,6,-5,-10,1,-5,2,8,8,-6,3,2,-3,1,-10,-6,-12,-15,-5
847.2.a.c,847,1,0,0,1,3,-1,0,4,6,-2,3,6,5,11,-6,-8,0,-6,-9,10,5,9,-2,10,-12,-3,-1
847.2.a.d,847,2,0,-3,-1,2,2,0,2,-5,-8,-1,-7,-4,4,0,-5,-11,-7,11,-13,-1,-21,-24,15,-8,7,14
847.2.a.e,847,2,0,-1,-1,0,2,0,-6,-9,6,-9,-13,2,4,-14,-7,7,-15,17,5,-1,-5,10,13,-6,3,0
847.2.a.f,847,2,0,0,2,-4,-2,0,-2,2,-4,-4,-8,-10,-8,18,-16,10,8,2,10,20,-12,6,0,-4,4,8
847.2.a.g,847,2,0,1,-1,0,-2,0,6,9,-6,-9,13,2,4,14,7,7,-15,17,-5,-1,-5,-10,-13,6,3,0
847.2.a.h,847,2,0,3,-1,2,-2,0,-2,5,8,-1,7,-4,4,0,5,-11,-7,11,13,-1,-21,24,-15,8,7,14
847.2.a.i,847,3,0,-2,-1,1,-3,0,-8,-8,0,7,0,-13,-17,-16,-4,4,-10,1,16,-3,5,-16,-28,-8,-21,-11
847.2.a.j,847,3,0,2,-1,1,3,0,8,8,0,7,0,-13,-17,16,4,4,-10,1,-16,-3,5,16,28,8,-21,-11
847.2.a.k,847,4,0,-2,-2,-6,4,0,0,3,-3,-8,-3,-3,-7,-4,-8,-14,-9,-25,19,-15,-7,11,-8,1,-17,-15
847.2.a.l,847,4,0,2,-2,-6,-4,0,0,-3,3,-8,3,-3,-7,4,8,-14,-9,-25,-19,-15,-7,-11,8,-1,-17,-15
847.2.a.m,847,6,0,-4,-2,-4,-6,0,-4,-22,-6,2,-12,-2,14,-26,4,-16,4,-4,8,6,22,-14,28,-22,0,-4
847.2.a.n,847,6,0,4,-2,-4,6,0,4,22,6,2,12,-2,14,26,-4,-16,4,-4,-8,6,22,14,-28,22,0,-4
847.2.a.o,847,8,0,-1,4,10,-8,0,6,5,13,16,-9,9,7,10,4,16,37,1,-19,-19,13,25,0,25,37,15
847.2.a.p,847,8,0,1,4,10,8,0,-6,-5,-13,16,9,9,7,-10,-4,16,37,1,19,-19,13,-25,0,-25,37,15
848.2.a.a,848,1,0,0,-2,1,2,-5,-4,3,4,3,-6,-7,-6,2,-7,-4,1,-7,2,-16,-12,-12,7,14,17,3
848.2.a.b,848,1,0,0,-2,2,0,4,-2,2,-2,2,2,-2,10,2,4,12,-1,12,10,2,-6,10,-10,6,-10,14
848.2.a.c,848,1,0,0,-1,0,4,0,5,-3,1,-3,9,4,5,6,10,-6,-1,-6,8,4,3,-4,13,-3,18,-7
848.2.a.d,848,1,0,0,1,-4,0,4,1,5,7,-1,5,4,1,-10,10,6,-1,6,4,-4,-15,-8,-1,3,2,17
848.2.a.e,848,1,0,0,1,-2,2,-2,-7,-3,-5,3,9,8,-3,2,-4,-10,1,2,-10,-4,9,-6,-5,11,-10,-3
848.2.a.f,848,1,0,0,2,3,-2,3,-4,3,4,9,6,-5,-10,6,1,0,-1,-15,-10,4,-12,8,-11,6,9,-13
848.2.a.g,848,1,0,0,3,0,4,0,-3,-3,5,-7,-7,-4,5,6,2,2,-1,2,-8,12,-1,-4,1,1,-14,1
848.2.a.h,848,2,0,0,2,-4,-4,4,-6,-6,2,2,-10,-4,-2,-12,-8,-4,-2,4,12,4,18,-12,-10,18,4,-10
848.2.a.i,848,3,0,0,-3,-2,-4,4,3,-5,-11,-3,-5,2,-5,-10,-18,10,3,-2,-10,-6,5,6,7,-27,-2,-1
848.2.a.j,848,3,0,0,-2,3,-6,-5,-6,-3,0,-11,0,-9,0,10,9,-16,-3,-11,-10,12,4,-8,9,2,13,-15
848.2.a.k,848,3,0,0,1,-2,8,4,-1,-5,9,5,-5,10,11,-2,-6,14,3,6,6,-10,13,22,7,-11,-26,3
848.2.a.l,848,3,0,0,3,0,-6,-6,15,3,3,3,-9,6,-9,-6,0,-18,-3,6,0,6,3,24,-3,3,-6,-9
848.2.a.m,848,5,0,0,-1,5,6,-5,9,8,-7,4,3,7,3,10,7,2,5,-25,6,18,-3,-20,14,-1,1,8
849.2.a.a,849,1,0,-1,-1,-4,1,5,-1,-4,4,3,-9,-4,8,-9,12,-6,-6,-3,-13,-6,8,-2,16,16,-5,-7
849.2.a.b,849,6,0,-2,6,-5,-7,-6,-14,-6,-11,-6,-3,-22,-22,7,-8,-3,2,-8,-20,0,9,1,-28,10,6,-6
849.2.a.c,849,10,0,-1,-10,-1,-6,-15,5,-4,-23,-19,-10,-24,22,-20,-16,-25,-10,-27,3,10,-44,0,-28,-11,-39,15
849.2.a.d,849,12,0,2,-12,7,1,10,-12,12,11,22,9,28,-30,9,-6,49,8,46,-14,2,39,-17,18,28,2,-32
849.2.a.e,849,18,0,-1,18,1,11,2,20,-4,19,8,-5,42,36,3,14,29,-28,8,10,14,18,14,22,-9,10,16
850.2.a.a,850,1,0,-1,-3,0,-1,-4,3,1,6,0,0,-9,4,6,12,-10,-9,0,-14,-8,-15,-12,3,0,-6,16
850.2.a.b,850,1,0,-1,-1,0,-2,0,1,1,-1,6,-3,5,-8,6,10,3,3,3,11,-2,9,-11,8,12,15,7
850.2.a.c,850,1,0,-1,1,0,-5,4,3,1,-2,-8,0,-5,-12,-10,-4,-2,-1,0,2,8,5,4,-17,-16,-6,16
850.2.a.d,850,1,0,-1,1,0,0,-6,3,1,-7,-8,-5,5,8,0,-4,3,9,5,-3,-2,-15,-11,8,4,-1,-9
850.2.a.e,850,1,0,-1,2,0,4,6,-2,1,-4,0,0,-4,4,6,-8,0,6,0,-4,-8,0,-2,8,0,-6,-14
850.2.a.f,850,1,0,1,-3,0,-2,-4,3,-1,3,6,9,-3,8,-6,-6,13,9,15,7,2,9,3,0,-12,-9,-7
850.2.a.g,850,1,0,1,-1,0,-2,0,-5,1,-1,-6,-9,-1,4,-6,-2,9,9,3,-7,-14,3,-11,8,0,-9,7
850.2.a.h,850,1,0,1,-1,0,0,-6,-3,-1,-7,8,-5,5,-8,0,4,-3,-9,5,-3,2,-15,11,8,-4,-1,9
850.2.a.i,850,1,0,1,-1,0,5,4,-3,-1,-2,8,0,-5,12,-10,4,2,1,0,2,-8,5,-4,-17,16,-6,-16
850.2.a.j,850,1,0,1,2,0,-2,6,-2,-1,8,6,-6,2,-2,-6,4,-12,-6,0,2,-8,-6,-2,-10,-12,6,-2
850.2.a.k,850,1,0,1,2,0,2,-2,6,-1,-8,2,6,-2,-6,2,4,-4,10,0,-10,-8,14,-10,-14,4,6,14
850.2.a.l,850,1,0,1,3,0,1,-4,-3,-1,6,0,0,-9,-4,6,-12,10,9,0,-14,8,-15,12,3,0,-6,-16
850.2.a.m,850,2,0,-2,-2,0,-2,4,-2,-2,-4,-4,-8,6,0,4,0,-12,-6,-16,4,-8,-18,8,-6,-16,-4,0
850.2.a.n,850,2,0,-2,1,0,-2,-8,-5,-2,-1,2,1,-9,6,-8,-6,-9,-3,-13,19,10,-21,-7,0,-4,-7,-9
850.2.a.o,850,2,0,2,2,0,2,4,2,2,-4,4,-8,6,0,4,0,12,6,-16,4,8,-18,-8,-6,16,-4,0
850.2.a.p,850,3,0,-3,-1,0,0,6,-1,-3,1,12,17,3,-8,16,-4,15,5,9,-9,14,-1,-1,4,20,-9,-3
850.2.a.q,850,3,0,3,1,0,0,6,1,3,1,-12,17,3,8,16,4,-15,-5,9,-9,-14,-1,1,4,-20,-9,3
851.2.a.a,851,1,0,-2,1,0,-3,1,4,0,2,-1,-8,2,-1,3,-6,-13,7,14,-10,-12,-7,-9,-10,11,-4,-16
851.2.a.b,851,2,0,0,2,1,-1,5,12,-9,5,-2,6,12,2,1,-5,6,-5,6,17,-8,6,5,0,19,-9,14
851.2.a.c,851,3,0,-1,0,-4,1,-7,-6,-4,0,3,4,0,3,8,-3,10,19,-2,-4,-28,8,-9,-5,20,-19,11
851.2.a.d,851,3,0,3,0,0,-9,-3,0,-12,-12,3,-6,6,3,0,-9,6,-15,-6,-12,18,0,-9,21,0,15,-15
851.2.a.e,851,5,0,-2,-2,-3,-2,-1,-10,7,-8,5,5,-11,5,-10,1,-5,-19,-12,-44,11,-19,-17,-15,-24,12,-19
851.2.a.f,851,12,0,-1,-3,-5,1,2,-30,-9,-22,-12,-13,-31,-12,-23,-5,-4,4,-20,-52,15,20,-24,-15,13,-18,-11
851.2.a.g,851,20,0,2,0,13,6,11,28,11,28,20,13,19,-20,4,25,1,-3,-24,75,11,-33,-5,33,56,25,33
851.2.a.h,851,21,0,2,2,4,7,-8,12,2,15,-21,1,15,21,27,-2,-9,10,0,64,9,9,66,15,-47,16,-11
852.2.a.a,852,2,0,0,-2,-1,-2,4,-5,-6,2,-3,-3,-4,-13,-5,-13,3,-15,20,-14,-11,2,-2,-1,20,0,13
852.2.a.b,852,2,0,0,2,-3,-4,-4,-5,-6,2,-7,-7,0,-9,3,7,-17,-3,-4,8,9,-2,2,11,-2,14,-21
852.2.a.c,852,4,0,0,-4,-1,4,-6,5,4,6,3,5,8,19,15,7,3,13,2,12,-1,-4,26,19,-12,8,-3
852.2.a.d,852,4,0,0,4,5,2,6,5,4,-2,3,9,0,7,11,-13,7,13,-2,-2,-17,4,-2,-17,6,-2,-17
853.2.a.a,853,33,0,-13,-18,-16,-11,-46,-11,-18,-15,-69,-12,-17,-27,-18,-45,-43,-38,-66,2,-72,-61,-11,0,-105,-15,-16
853.2.a.b,853,37,0,13,18,14,9,44,3,14,13,51,22,7,27,16,31,45,52,38,-20,56,43,-17,4,71,21,-8
854.2.a.a,854,1,0,-1,1,-2,-1,3,0,3,-3,-1,-6,-6,-6,0,-11,-3,4,0,-1,1,-1,0,-5,9,3,2
854.2.a.b,854,1,0,-1,1,0,1,-3,-4,-3,-7,3,6,-4,2,6,-1,3,-6,6,1,-13,3,2,-1,9,-3,-10
854.2.a.c,854,1,0,1,-1,-2,1,1,-4,-1,-5,-3,2,-2,-2,-12,-1,-5,0,4,-1,3,-3,-4,1,7,7,-2
854.2.a.d,854,1,0,1,-1,0,-1,-5,0,-3,-1,1,-2,-4,-2,10,-7,-7,6,6,1,-11,-7,-2,-11,-1,13,10
854.2.a.e,854,6,0,-6,-2,3,-6,4,1,2,-2,7,11,7,17,12,14,-25,-5,4,6,10,19,2,23,-24,0,2
854.2.a.f,854,6,0,-6,4,3,6,-2,15,-6,12,-9,7,11,9,-6,-8,5,33,10,-6,8,-17,20,11,6,8,22
854.2.a.g,854,6,0,6,4,3,6,4,5,8,8,1,-11,13,-9,8,2,5,-15,-8,6,-2,-19,10,1,14,-2,2
854.2.a.h,854,7,0,7,2,-3,-7,10,-3,2,14,9,-1,1,-3,-8,8,3,-3,26,-7,16,9,-34,-11,-4,0,-16
855.2.a.a,855,1,0,-1,0,-1,4,-4,2,-2,-1,4,2,0,-6,6,8,12,14,-4,14,-4,0,-14,16,0,6,-10
855.2.a.b,855,1,0,-1,0,1,-2,2,-4,-2,-1,4,-4,0,0,0,-10,-12,2,-4,2,-16,0,-2,-8,12,0,-16
855.2.a.c,855,1,0,1,0,1,-2,6,0,6,1,8,-4,0,4,0,-2,8,-2,-12,2,-8,-16,14,8,0,0,-12
855.2.a.d,855,2,0,-2,0,2,0,-4,-4,-8,-2,-4,0,-12,-4,-8,16,4,-16,-8,-8,-8,16,-4,0,-20,8,-28
855.2.a.e,855,2,0,-2,0,2,4,0,8,8,2,-4,4,-4,8,12,4,-12,-8,0,0,24,-8,-4,0,4,4,0
855.2.a.f,855,2,0,0,0,-2,-2,-6,-2,0,2,0,-6,4,-2,-6,-2,0,12,-12,-20,16,-12,-20,-8,12,-18,-2
855.2.a.g,855,2,0,0,0,-2,-2,-6,-6,8,-2,-8,-2,12,2,14,6,-8,-12,-12,-12,8,-4,20,-8,-12,18,10
855.2.a.h,855,3,0,-1,0,-3,0,-4,2,-8,-3,-2,-14,-8,8,-10,2,-6,-16,-10,-2,2,-2,-4,-12,2,-8,14
855.2.a.i,855,3,0,-1,0,-3,0,8,8,-2,-3,4,10,4,20,2,-4,0,-16,20,-2,2,4,2,0,32,-2,20
855.2.a.j,855,3,0,-1,0,3,-4,-4,-6,-16,3,-10,2,8,-20,-10,-10,-6,-8,6,6,-2,-10,-4,12,-6,-40,-2
855.2.a.k,855,3,0,1,0,-3,-4,4,-6,16,3,10,-2,8,-20,10,-10,6,8,-6,6,-2,10,-4,12,6,40,-2
855.2.a.l,855,3,0,1,0,3,0,4,2,8,-3,2,14,-8,8,10,2,6,16,10,-2,2,2,-4,-12,-2,8,14
855.2.a.m,855,4,0,2,0,4,4,-4,2,-4,4,8,-4,4,-6,-16,4,12,10,0,20,-18,20,28,-16,0,-4,30
856.2.a.a,856,1,0,0,-1,0,0,3,-3,0,-5,1,2,-2,-11,-9,6,0,-11,-14,15,8,-12,-6,9,0,-11,2
856.2.a.b,856,1,0,0,1,-4,2,5,-5,-6,1,-3,-6,-8,3,-5,0,8,-13,-6,-11,10,10,8,13,-12,1,18
856.2.a.c,856,1,0,0,1,0,-4,-3,5,-4,5,-9,2,-10,-3,-1,6,8,-3,-2,-1,4,-8,14,-17,0,5,10
856.2.a.d,856,1,0,0,2,-3,0,-6,0,-6,-2,1,8,-2,4,-3,9,-9,-2,-5,0,11,0,-12,15,12,1,-16
856.2.a.e,856,2,0,0,-1,-1,0,-2,0,-7,6,-8,-14,6,3,-6,-7,2,6,15,-25,2,5,-14,-25,-11,-8,-2
856.2.a.f,856,2,0,0,2,0,2,-2,-2,6,4,4,6,-4,8,-18,6,12,0,18,-2,-14,10,2,16,10,14,-30
856.2.a.g,856,3,0,0,2,3,4,9,5,-7,1,9,4,12,-8,25,3,2,3,1,6,14,1,-20,-12,-7,-3,-8
856.2.a.h,856,6,0,0,-7,-2,-4,-12,-4,9,-20,5,-11,-6,-9,-17,-22,-36,4,-18,3,-3,-23,20,-10,-16,-11,30
856.2.a.i,856,10,0,0,-1,5,-4,6,4,17,4,-4,21,6,5,36,-1,1,8,23,3,-28,9,34,-9,2,34,26
857.2.a.a,857,28,0,-4,-12,-6,-38,-7,-17,-11,-12,-48,-3,-35,-50,8,-64,-24,-10,-6,-26,-71,-34,-17,-82,6,33,-29
857.2.a.b,857,43,0,3,12,6,44,9,13,7,12,56,3,41,54,-10,84,22,20,-14,12,57,14,29,90,2,-13,33
858.2.a.a,858,1,0,-1,-1,2,0,1,-1,2,4,8,-6,-4,-6,-2,8,12,14,12,2,12,4,6,-8,-12,10,2
858.2.a.b,858,1,0,-1,1,-2,4,1,1,0,2,-2,2,-2,12,6,0,0,4,12,-6,-4,4,4,-8,-12,10,2
858.2.a.c,858,1,0,-1,1,0,-4,-1,1,0,-4,0,0,-10,2,-6,-10,0,6,0,2,2,12,-10,-10,-12,12,-10
858.2.a.d,858,1,0,-1,1,3,-1,1,1,0,2,3,-3,8,2,-9,5,0,-6,-3,-1,11,-6,-1,2,18,0,2
858.2.a.e,858,1,0,1,-1,-3,1,-1,1,-8,-6,-1,1,0,6,-11,-11,-12,2,7,11,9,-2,-11,6,14,0,6
858.2.a.f,858,1,0,1,-1,-2,0,1,1,6,0,4,6,4,2,10,-4,8,-6,4,-2,-4,-8,14,-8,4,-6,2
858.2.a.g,858,1,0,1,-1,-1,-3,1,-1,-4,-2,-1,-9,-4,-6,1,11,0,-10,-3,5,3,10,9,10,-6,-8,2
858.2.a.h,858,1,0,1,-1,2,4,-1,-1,2,-4,4,-2,0,-2,10,-4,-4,2,-4,10,-4,12,2,-4,-12,2,2
858.2.a.i,858,1,0,1,-1,4,0,1,1,0,0,-8,0,-2,2,-2,2,8,6,-8,10,2,4,-10,-14,4,0,-10
858.2.a.j,858,1,0,1,1,-3,5,-1,1,0,2,3,-3,8,-10,-3,5,12,-6,-9,-13,5,6,-7,-10,6,0,-10
858.2.a.k,858,1,0,1,1,-1,1,1,-1,4,6,3,-5,4,10,-7,-5,-8,-2,-3,13,-9,2,-3,10,-14,-8,-14
858.2.a.l,858,1,0,1,1,2,4,1,-1,-8,-6,-6,-2,-2,4,2,4,4,-8,12,-2,12,-16,0,-8,4,10,10
858.2.a.m,858,1,0,1,1,4,-4,1,-1,4,-4,8,0,-6,-10,-2,-10,12,-2,-8,-2,-14,-8,2,10,-4,12,6
858.2.a.n,858,2,0,-2,-2,-3,-1,2,2,2,2,-9,-9,4,0,-11,1,-16,8,-15,5,-25,-6,-19,18,-26,-10,-4
858.2.a.o,858,2,0,-2,-2,1,-1,-2,-2,-8,-2,-1,-1,6,-4,5,-11,-8,-20,-17,-1,7,-18,1,-20,-6,16,-20
858.2.a.p,858,2,0,-2,2,-1,3,-2,-2,8,12,-7,-7,-2,2,-7,-1,8,2,-21,15,9,-10,3,6,18,-10,-8
858.2.a.q,858,2,0,2,2,4,0,-2,2,2,2,-6,4,-2,2,4,0,-16,6,-8,0,0,-4,14,4,-8,-20,20
859.2.a.a,859,29,0,-10,-5,-21,-4,-24,-16,-24,-21,-19,-97,-5,-21,-50,-20,4,-73,-37,-32,4,-32,11,-5,-9,-35,29
859.2.a.b,859,42,0,10,1,21,2,22,14,30,1,9,107,-3,15,44,-2,14,89,29,42,-14,18,-11,33,5,63,-1
860.2.a.a,860,3,0,0,-3,3,-3,-9,0,0,-12,0,-6,-9,-3,-9,-3,0,6,-15,6,-18,-12,3,-27,6,-6,-18
860.2.a.b,860,3,0,0,3,-3,3,3,6,6,6,0,0,15,9,3,-3,6,6,-15,18,12,0,-3,-3,0,-30,-12
860.2.a.c,860,4,0,0,-1,-4,-7,0,-5,5,-2,-19,-6,-16,-21,4,4,-8,-11,13,-6,-19,-6,1,-11,-5,32,21
860.2.a.d,860,4,0,0,1,4,7,4,1,-1,8,1,0,8,11,-8,4,6,9,21,-2,19,6,-9,21,-11,0,-13
861.2.a.a,861,1,0,-1,-1,2,1,0,2,-2,-4,8,-6,4,6,-1,12,0,-6,12,14,-4,4,2,8,4,-10,6
861.2.a.b,861,1,0,-1,1,-3,1,-2,5,-2,-2,-3,1,-8,1,-1,-10,-9,-11,-4,2,-5,-6,4,11,14,8,1
861.2.a.c,861,1,0,-1,1,3,-1,-6,-7,-6,-6,5,3,0,1,1,6,-5,-9,-8,-2,9,-10,4,9,-2,16,13
861.2.a.d,861,1,0,1,1,-1,-1,-6,3,-6,6,-9,5,-8,-7,1,2,3,9,-12,6,13,-6,4,-11,2,-4,-9
861.2.a.e,861,2,0,-2,2,-2,2,-4,-6,-8,0,2,-18,4,-10,-2,8,2,2,-20,-8,-6,16,4,-14,-12,0,14
861.2.a.f,861,2,0,-1,-2,4,2,9,2,5,6,0,-1,15,7,-2,-13,-5,4,-8,-13,2,13,-9,-2,-10,8,-36
861.2.a.g,861,2,0,-1,2,-3,-2,-3,1,-5,-12,-3,-18,7,18,2,-11,-8,-7,12,7,-5,-7,-3,-1,12,-2,-25
861.2.a.h,861,3,0,-1,-3,1,3,-6,-7,10,-16,-3,-7,2,-17,3,-18,1,-1,-8,8,-13,-8,-6,-17,10,8,-1
861.2.a.i,861,4,0,1,-4,-3,-4,-5,-5,5,-6,3,2,-11,4,-4,-19,-4,9,-16,-27,-13,1,-25,-1,0,-10,15
861.2.a.j,861,5,0,-3,-5,1,-5,4,3,-8,20,-5,9,16,-19,5,6,9,-29,28,16,21,6,-4,21,26,12,37
861.2.a.k,861,5,0,3,-5,-9,5,0,-3,-16,4,-3,13,-4,17,-5,6,-15,11,12,12,11,18,12,23,-2,-28,3
861.2.a.l,861,5,0,3,5,3,-5,4,5,12,10,9,7,10,-11,-5,-2,-7,-9,8,-6,-9,4,-10,7,50,8,-11
861.2.a.m,861,7,0,4,7,1,7,11,-7,11,4,7,4,-7,0,7,1,14,23,8,-3,3,7,-11,-1,0,32,-25
862.2.a.a,862,1,0,-1,-3,-1,-2,3,-2,-2,5,9,-1,2,2,-6,6,-12,-11,-5,2,4,-12,0,10,2,-4,-5
862.2.a.b,862,1,0,-1,1,-1,-2,-1,6,-2,1,-3,-9,-2,-10,2,6,0,-3,-9,2,-8,0,4,6,-2,0,3
862.2.a.c,862,1,0,1,-1,-3,2,5,-6,-6,-5,-3,1,8,-8,-6,-6,-10,-13,9,2,2,10,2,12,0,-14,19
862.2.a.d,862,1,0,1,-1,1,-2,-3,-6,-2,-5,9,5,-8,8,2,-6,-2,-1,-15,2,-2,2,14,0,-16,10,3
862.2.a.e,862,1,0,1,0,2,4,0,4,-2,-4,0,2,-4,-4,6,6,0,-2,4,-10,-14,12,-6,4,2,2,-2
862.2.a.f,862,1,0,1,1,-3,2,3,2,6,5,3,9,-4,-4,-6,-10,6,3,-9,2,-10,-6,2,-4,12,6,-13
862.2.a.g,862,2,0,2,0,2,2,4,-2,0,4,-8,10,4,12,0,2,8,-6,0,0,16,10,-4,-24,8,-8,6
862.2.a.h,862,5,0,5,5,3,-3,1,5,7,2,19,-18,16,-7,-1,3,-6,12,10,2,-6,-14,-15,16,-4,-21,-20
862.2.a.i,862,6,0,-6,-2,-2,3,-6,-9,-17,1,-20,1,8,-3,-19,-21,-10,-1,11,-2,4,-4,-39,-16,-20,-17,-29
862.2.a.j,862,6,0,6,-8,-8,-9,-10,3,-11,-3,-20,-21,-28,-7,-11,3,-12,11,-9,-16,2,-4,-19,-4,10,23,7
862.2.a.k,862,10,0,-10,4,4,-3,4,5,27,-9,18,19,-20,-3,33,-1,18,33,13,-2,-2,-6,19,-4,46,29,9
863.2.a.a,863,4,0,1,-4,-9,-4,0,2,-2,3,-3,6,-4,-13,26,-3,-1,-12,-4,-21,-19,7,-10,10,-2,-29,-48
863.2.a.b,863,22,0,-6,-2,-2,-20,-4,-44,-28,-29,-4,-6,-8,-21,-53,-28,-16,-5,13,-10,-20,21,-126,-2,-24,3,-64
863.2.a.c,863,46,0,4,6,11,28,2,52,40,30,-3,2,16,32,31,45,11,1,1,43,27,-8,168,4,28,-10,160
864.2.a.a,864,1,0,0,0,-2,-3,6,-3,2,3,6,8,0,7,-8,12,6,-4,6,-1,3,12,-15,-9,-12,10,9
864.2.a.b,864,1,0,0,0,-2,-1,2,1,-6,5,-6,-8,-8,-5,-8,4,10,-4,-14,3,13,4,9,-11,12,2,1
864.2.a.c,864,1,0,0,0,-2,1,-2,1,-6,-5,6,-8,8,-5,-8,-4,-10,-4,14,3,-13,-4,9,11,-12,2,1
864.2.a.d,864,1,0,0,0,-2,3,-6,-3,2,-3,-6,8,0,7,-8,-12,-6,-4,-6,-1,-3,-12,-15,9,12,10,9
864.2.a.e,864,1,0,0,0,-1,-3,3,0,4,-6,-6,-2,-9,-2,-10,-6,-6,13,12,8,-6,-12,9,0,3,14,-9
864.2.a.f,864,1,0,0,0,-1,3,-3,0,4,6,6,-2,9,-2,-10,6,6,13,-12,8,6,12,9,0,-3,14,-9
864.2.a.g,864,1,0,0,0,1,-3,-3,0,-4,-6,6,2,-9,-2,10,-6,6,-13,-12,8,-6,12,9,0,-3,-14,-9
864.2.a.h,864,1,0,0,0,1,3,3,0,-4,6,-6,2,9,-2,10,6,-6,-13,12,8,6,-12,9,0,3,-14,-9
864.2.a.i,864,1,0,0,0,2,-3,-6,-3,-2,3,-6,-8,0,7,8,12,-6,4,-6,-1,3,-12,-15,-9,12,-10,9
864.2.a.j,864,1,0,0,0,2,-1,-2,1,6,5,6,8,-8,-5,8,4,-10,4,14,3,13,-4,9,-11,-12,-2,1
864.2.a.k,864,1,0,0,0,2,1,2,1,6,-5,-6,8,8,-5,8,-4,10,4,-14,3,-13,4,9,11,12,-2,1
864.2.a.l,864,1,0,0,0,2,3,6,-3,-2,-3,6,-8,0,7,8,-12,6,4,6,-1,-3,12,-15,9,-12,-10,9
864.2.a.m,864,2,0,0,0,0,0,-2,8,0,0,12,0,0,20,0,0,20,0,8,0,0,-16,-6,0,-18,0,14
864.2.a.n,864,2,0,0,0,0,0,2,8,0,0,-12,0,0,20,0,0,-20,0,-8,0,0,16,-6,0,18,0,14
865.2.a.a,865,9,0,-3,-4,9,-6,-18,-1,-4,-17,-14,-14,-27,11,-14,-6,-33,-6,-28,-15,-7,-56,9,-10,-28,-7,6
865.2.a.b,865,13,0,3,4,-13,6,2,5,12,-9,34,6,5,1,22,12,69,14,48,-13,7,26,-11,-36,44,37,12
865.2.a.c,865,16,0,-6,-8,-16,-12,-4,-9,-20,5,-32,-6,-15,-17,-6,-16,-63,-20,-42,23,-19,-28,-27,2,-36,-39,-14
865.2.a.d,865,19,0,3,4,19,4,20,-1,10,17,28,0,25,-9,-4,-22,63,6,54,11,-29,46,-9,24,40,19,-38
866.2.a.a,866,1,0,1,-2,0,-1,0,-1,-3,-4,0,-6,5,-7,-9,-1,3,-9,0,-4,-1,-3,14,-10,15,12,8
866.2.a.b,866,2,0,2,0,-4,-2,-4,-2,-2,-4,-4,-4,-10,-2,14,-6,2,6,8,4,-2,10,-12,4,-6,-4,-4
866.2.a.c,866,5,0,-5,0,-2,-5,-2,-5,9,-14,-6,-2,-21,-7,-1,-5,-1,15,-12,-12,-29,-17,-4,-22,5,-6,-12
866.2.a.d,866,13,0,-13,2,0,9,0,5,-11,18,8,-6,31,23,-1,9,19,-11,14,12,27,41,10,50,-11,8,20
866.2.a.e,866,16,0,16,4,6,3,6,13,13,14,-14,14,15,19,11,5,-23,17,14,-4,15,-7,-10,-14,-13,-12,-22
867.2.a.a,867,1,0,-1,-1,0,-4,4,2,0,4,-4,0,4,-8,-8,4,-8,-6,12,-8,12,-12,0,-4,-12,-10,-16
867.2.a.b,867,1,0,-1,1,0,4,-4,2,0,4,4,0,-4,8,8,4,-8,-6,12,8,12,12,0,4,-12,-10,16
867.2.a.c,867,1,0,0,-1,-3,4,3,-1,0,-1,-9,-6,-2,4,3,-7,-6,-6,6,-8,-4,-12,-2,10,-6,0,16
867.2.a.d,867,1,0,2,-1,-3,2,-5,-1,0,-5,-1,-6,10,-2,-5,1,-2,6,0,10,-12,0,6,-4,6,-10,8
867.2.a.e,867,1,0,2,1,3,-2,5,-1,0,-5,1,6,-10,2,5,1,-2,6,0,-10,-12,0,-6,4,6,-10,-8
867.2.a.f,867,2,0,-1,2,-3,0,1,5,0,3,9,0,2,2,3,-3,-14,8,6,-10,8,-4,8,-6,-10,6,14
867.2.a.g,867,2,0,2,-2,0,-6,-4,2,0,-6,0,12,-2,-2,-12,6,-8,8,-12,-2,2,16,4,-24,8,-12,10
867.2.a.h,867,2,0,2,2,0,6,4,2,0,-6,0,-12,2,2,12,6,-8,8,-12,2,2,-16,-4,24,8,-12,-10
867.2.a.i,867,3,0,-3,-3,3,3,-3,-15,0,-3,-3,6,12,-3,-18,-24,0,-24,-9,9,-18,15,-15,3,0,0,15
867.2.a.j,867,3,0,-3,3,-3,-3,3,-15,0,-3,3,-6,-12,3,18,-24,0,-24,-9,-9,-18,-15,15,-3,0,0,-15
867.2.a.k,867,4,0,-2,-4,-6,-4,-6,2,0,10,6,-16,-4,-12,14,14,4,-20,-24,-12,4,-4,-20,-8,-4,4,-24
867.2.a.l,867,4,0,-2,4,6,4,6,2,0,10,-6,16,4,12,-14,14,4,-20,-24,12,4,4,20,8,-4,4,24
867.2.a.m,867,4,0,0,-4,4,8,4,-4,0,-12,12,8,8,24,12,4,8,8,24,24,8,-24,8,0,8,16,-16
867.2.a.n,867,4,0,0,4,-4,-8,-4,-4,0,-12,-12,-8,-8,-24,-12,4,8,8,24,-24,8,24,-8,0,8,16,16
867.2.a.o,867,6,0,3,-6,3,-3,9,9,0,9,9,6,-24,3,18,0,24,24,-9,-21,-6,27,-18,-24,6,0,33
867.2.a.p,867,6,0,3,6,-3,3,-9,9,0,9,-9,-6,24,-3,-18,0,24,24,-9,21,-6,-27,18,24,6,0,-33
868.2.a.a,868,2,0,0,0,0,-2,2,2,10,12,6,4,-2,-4,4,-6,4,8,0,6,4,-16,-2,10,-20,6,-8
868.2.a.b,868,3,0,0,-3,-4,3,-2,-5,-8,-1,6,-11,-3,-4,-15,-13,-3,-23,-19,-5,12,7,11,20,-17,-1,-3
868.2.a.c,868,3,0,0,1,-2,-3,-4,-1,-10,-3,-4,-7,3,-2,1,3,-7,-21,5,5,-12,11,-7,-4,-3,-13,7
868.2.a.d,868,3,0,0,3,2,-3,2,7,0,-7,0,3,-3,10,9,15,-15,19,-7,-3,4,11,-15,-20,13,17,-5
868.2.a.e,868,5,0,0,3,8,5,2,1,12,-1,-4,3,5,8,5,1,1,5,17,-11,0,-1,13,-10,11,-5,25
869.2.a.a,869,1,0,-2,1,1,-2,-1,2,0,2,-9,0,-5,5,12,-8,4,-2,-13,-10,9,-1,-14,-1,12,-9,-7
869.2.a.b,869,1,0,-1,-2,2,4,1,2,0,-4,0,0,4,2,0,4,2,2,-2,-4,12,10,-2,-1,12,-6,14
869.2.a.c,869,1,0,1,-1,1,1,1,1,-8,0,-4,6,-8,0,-8,-12,-1,6,5,-6,2,-9,10,1,6,-3,17
869.2.a.d,869,1,0,1,1,1,-5,-1,5,0,-4,0,-6,-8,-4,0,4,1,-2,11,14,-6,-7,10,-1,-6,-3,-7
869.2.a.e,869,11,0,-3,-3,-8,-7,11,-13,-3,-45,7,-25,-21,2,-21,-4,-17,13,-13,-23,-26,31,-18,11,-11,-26,-10
869.2.a.f,869,11,0,1,-9,-8,-3,-11,-13,5,-31,3,11,-13,-16,3,-22,-11,-11,-51,-33,-26,-15,0,-11,-11,2,-10
869.2.a.g,869,18,0,4,8,-3,10,18,4,19,47,-1,5,7,-8,37,22,-26,-19,20,47,16,-8,20,-18,15,-21,-17
869.2.a.h,869,21,0,0,7,6,10,-21,10,-15,51,6,-13,46,15,-41,40,8,3,33,9,33,-3,24,21,47,10,16
870.2.a.a,870,1,0,-1,-1,1,0,0,-6,-2,-4,4,1,4,-6,-2,-12,0,-2,4,-6,0,0,-10,4,-12,-2,6
870.2.a.b,870,1,0,-1,1,-1,2,-6,-4,-6,-4,0,1,2,2,0,-4,0,6,-12,-4,8,0,2,-10,18,0,-10
870.2.a.c,870,1,0,-1,1,1,-4,0,-4,-6,2,-6,-1,-4,2,-12,8,0,-6,12,-4,14,0,2,-4,-12,-12,-10
870.2.a.d,870,1,0,-1,1,1,0,0,-2,6,0,8,1,-4,2,2,4,0,6,-4,14,-12,0,-2,-4,12,-14,-2
870.2.a.e,870,1,0,1,-1,-1,-2,-2,0,-2,-8,0,1,-10,6,-8,-4,0,-2,12,-12,8,0,6,-6,6,8,2
870.2.a.f,870,1,0,1,-1,1,-4,-4,-4,-2,2,-6,-1,0,-2,0,0,0,10,-12,0,-10,16,-10,-16,-4,0,2
870.2.a.g,870,1,0,1,-1,1,4,0,-2,2,0,-4,1,4,6,-6,4,8,-10,4,-2,-8,0,10,-4,8,-6,2
870.2.a.h,870,1,0,1,1,1,-2,2,4,-2,0,4,-1,2,-2,-8,4,8,-6,0,-8,-12,-8,-6,-10,14,0,-2
870.2.a.i,870,1,0,1,1,1,2,-2,-4,6,4,0,-1,-2,-10,0,-4,-8,10,0,-8,8,8,10,10,-6,8,-18
870.2.a.j,870,2,0,-2,-2,-2,-2,-2,0,-4,6,-2,2,6,12,8,-4,0,-4,4,24,14,0,8,10,-6,0,8
870.2.a.k,870,2,0,-2,-2,2,4,-4,8,4,0,0,-2,-4,4,-8,8,0,20,0,8,16,0,28,4,4,8,-12
870.2.a.l,870,2,0,2,-2,-2,0,0,4,4,8,8,-2,16,-4,4,8,0,-12,0,12,0,16,-4,0,-16,-12,-4
870.2.a.m,870,2,0,2,2,-2,2,6,0,4,-2,2,2,-2,-4,16,-12,8,-4,4,-8,-6,-8,0,-30,-10,-8,0
871.2.a.a,871,1,0,2,2,2,2,0,-1,-5,-5,1,3,-2,11,-12,10,11,14,-3,10,1,-8,-11,-4,12,11,-8
871.2.a.b,871,3,0,0,0,0,0,-6,3,-3,3,-9,-15,-6,-3,-6,6,-3,0,-15,-6,3,18,3,-12,12,-21,6
871.2.a.c,871,8,0,-4,-4,-8,0,-3,8,-16,-5,-8,-13,1,6,-18,-17,9,-33,7,1,8,-40,3,2,-8,-20,-16
871.2.a.d,871,12,0,-4,2,-8,-4,-9,-12,-4,-7,-12,-17,-5,-16,-40,7,-11,3,-39,7,-12,-34,-13,14,-20,-62,10
871.2.a.e,871,20,0,5,0,10,0,19,-20,0,9,-2,11,23,-16,66,-11,3,7,47,3,20,42,1,6,-14,60,-4
871.2.a.f,871,23,0,4,4,6,-2,7,23,28,-1,20,55,-11,10,28,-3,9,47,17,-1,-23,42,5,-6,-18,68,6
872.2.a.a,872,1,0,0,-2,1,0,-3,4,-2,-5,1,9,0,-8,-12,-10,-9,4,-4,5,-4,0,-9,-8,-6,13,5
872.2.a.b,872,2,0,0,0,-2,0,-2,0,-8,-2,10,-6,-16,-8,4,-16,2,0,-4,-26,4,24,14,12,-4,-10,10
872.2.a.c,872,3,0,0,-2,-2,-1,1,-13,-1,-5,-1,-2,19,-4,-26,7,8,-7,1,10,-15,10,-36,-2,-3,7,-32
872.2.a.d,872,5,0,0,-2,0,-9,-1,-11,-1,1,-21,-8,-17,2,18,-1,-22,-15,13,-16,-1,-22,-6,8,5,13,-22
872.2.a.e,872,7,0,0,3,-4,9,1,10,1,9,10,-4,27,11,-4,16,23,-8,5,0,5,32,9,27,-2,-34,-3
872.2.a.f,872,9,0,0,5,7,5,4,12,13,6,-3,15,-1,17,14,18,-14,20,-7,23,-1,-32,26,-5,-8,13,20
873.2.a.a,873,1,0,-2,0,-1,2,-4,0,-2,-2,8,3,-1,4,-7,-7,-6,-2,7,5,-10,-5,-9,-5,-5,-16,1
873.2.a.b,873,1,0,1,0,0,2,4,-2,8,-2,4,0,8,10,12,-8,-8,2,8,-10,2,-8,6,4,-8,-10,-1
873.2.a.c,873,1,0,1,0,2,-4,-4,6,-2,-8,-4,-6,8,-2,-10,-4,0,10,-8,14,8,4,-6,-8,-8,-10,1
873.2.a.d,873,1,0,2,0,-3,-2,0,-4,-6,6,0,-7,7,4,-5,1,10,-10,5,5,-14,-15,7,-5,9,8,1
873.2.a.e,873,2,0,-3,0,-6,-3,7,7,1,4,-8,-7,-9,-14,0,-13,0,0,-6,-12,11,8,-2,14,-16,-15,2
873.2.a.f,873,2,0,1,0,4,-7,-1,-9,-1,-8,-6,7,-5,-6,16,-5,-18,-6,4,-16,11,4,10,2,12,-9,2
873.2.a.g,873,2,0,1,0,6,3,3,-3,-5,-8,0,11,-5,-10,-4,15,16,8,14,0,9,-4,-6,18,12,17,-2
873.2.a.h,873,3,0,4,0,3,-7,7,-2,3,5,12,-1,-8,-2,-3,1,17,-2,-19,3,-1,23,-1,-12,-2,-12,-3
873.2.a.i,873,4,0,-3,0,-1,3,-5,-6,-3,-3,-22,-7,-4,-6,-3,9,-19,4,-1,-7,-11,-11,-19,-16,-14,26,4
873.2.a.j,873,6,0,0,0,0,-14,0,-10,0,-8,0,0,-28,-4,0,-28,0,0,0,6,-26,0,-26,-42,0,0,-6
873.2.a.k,873,7,0,0,0,-4,9,3,11,5,6,10,-3,9,4,0,5,2,12,12,12,-5,24,14,16,16,1,-7
873.2.a.l,873,10,0,0,0,0,22,0,10,0,16,0,0,8,28,0,16,0,0,0,2,18,0,14,14,0,0,10
874.2.a.a,874,1,0,-1,-3,1,2,5,-2,-2,-1,1,-1,6,2,0,7,-3,2,9,10,2,12,-9,-15,17,9,-15
874.2.a.b,874,1,0,-1,-1,-1,-2,5,6,-4,1,1,-9,-8,8,-2,-5,-9,8,-9,2,-4,-16,11,-11,1,-13,-1
874.2.a.c,874,1,0,-1,3,1,2,-1,-2,4,-1,1,-1,0,-4,6,1,3,-4,3,-2,-16,-12,3,-9,11,-3,9
874.2.a.d,874,1,0,1,-1,1,-2,-3,-6,-2,-1,1,5,2,-2,-8,-1,13,-6,-5,2,-2,-8,-1,-5,9,-5,3
874.2.a.e,874,1,0,1,1,-3,-2,-5,2,-4,-1,1,-3,8,-4,2,5,-13,8,1,-2,8,0,11,-15,-9,3,-1
874.2.a.f,874,1,0,1,1,3,2,-3,2,0,1,1,-3,-4,-4,6,-13,3,0,9,2,8,-12,11,-1,9,-3,17
874.2.a.g,874,2,0,-2,0,-1,1,4,-1,8,-2,2,7,-9,-2,-6,-4,6,10,-6,-4,13,9,-21,12,-14,21,-3
874.2.a.h,874,2,0,2,-2,-2,-4,-2,0,-4,2,-2,-18,-8,-4,0,6,-2,-4,10,0,0,-16,-18,14,6,14,-18
874.2.a.i,874,3,0,-3,-2,-3,5,-10,-6,-2,3,3,-7,-1,3,-16,-16,13,-19,-22,-20,0,-7,-10,9,4,-2,-1
874.2.a.j,874,4,0,-4,-1,-4,1,-9,0,-4,-4,-4,-20,5,7,-4,-1,-10,9,-1,2,-14,-7,5,-8,-27,11,30
874.2.a.k,874,4,0,-4,2,-1,-5,10,-1,-8,4,-4,17,-1,-14,18,-2,4,10,4,-4,7,29,9,30,4,13,-15
874.2.a.l,874,5,0,5,-2,0,2,6,-1,6,5,5,24,6,15,2,28,-21,9,8,-4,-5,10,-23,-5,-26,9,-24
874.2.a.m,874,7,0,7,1,7,0,7,7,-2,-7,-7,15,4,13,12,-25,16,7,-29,0,-41,10,2,4,-21,-4,-11
875.2.a.a,875,2,0,-1,2,0,-2,-1,2,-1,-5,-3,-10,-11,-11,-6,7,14,2,-15,-21,4,14,7,-10,-18,0,4
875.2.a.b,875,2,0,0,-3,0,2,9,5,11,4,-12,-9,12,4,-14,-10,-12,-6,0,6,-8,15,-1,13,9,6,13
875.2.a.c,875,2,0,0,3,0,-2,9,-5,-11,4,12,-9,12,-4,-14,10,12,6,0,6,8,15,1,13,-9,6,-13
875.2.a.d,875,2,0,1,-2,0,2,-1,-2,1,-5,3,-10,-11,11,-6,-7,-14,-2,-15,-21,-4,14,-7,-10,18,0,-4
875.2.a.e,875,6,0,-2,-5,0,6,1,-22,-4,-17,-3,7,-11,-33,3,-2,6,-33,-21,-19,-2,1,-16,22,-3,-8,-16
875.2.a.f,875,6,0,-2,-3,0,-6,-3,-16,-8,9,-9,-9,15,-31,9,-26,0,-5,5,-1,-34,-7,-10,-22,25,-4,-40
875.2.a.g,875,6,0,2,3,0,6,-3,16,8,9,9,-9,15,31,9,26,0,5,5,-1,34,-7,10,-22,-25,-4,40
875.2.a.h,875,6,0,2,5,0,-6,1,22,4,-17,3,7,-11,33,3,2,-6,33,-21,-19,2,1,16,22,3,-8,16
875.2.a.i,875,8,0,-1,8,0,8,-5,6,-13,13,5,22,3,-7,12,1,2,-10,-11,45,-6,-15,32,12,15,12,-20
875.2.a.j,875,8,0,1,-8,0,-8,-5,-6,13,13,-5,22,3,7,12,-1,-2,10,-11,45,6,-15,-32,12,-15,12,20
876.2.a.a,876,1,0,0,-1,1,-4,0,4,3,-7,-6,-6,2,-3,-8,-2,7,-11,1,-5,5,-4,1,1,-15,-18,13
876.2.a.b,876,1,0,0,1,-1,-2,-4,-2,1,-7,0,6,-2,-3,-6,2,-7,3,11,7,-3,-2,-1,-3,-9,6,-19
876.2.a.c,876,2,0,0,-2,0,0,-4,-4,-8,0,0,0,-16,8,-8,0,-20,8,-20,8,8,-16,2,8,4,-4,8
876.2.a.d,876,3,0,0,-3,1,2,6,-6,1,7,6,4,10,-9,8,-2,19,7,35,-15,3,8,-3,7,9,6,-29
876.2.a.e,876,5,0,0,5,-1,4,6,4,7,11,4,-4,10,11,-6,22,1,-7,5,5,3,-6,5,-1,3,-6,3
877.2.a.a,877,2,0,0,-2,-2,0,1,-2,-2,-3,-10,-15,2,1,-1,6,-9,-1,-6,14,-24,6,-13,0,-33,12,-9
877.2.a.b,877,32,0,-9,-20,-19,-17,-38,-9,-29,-11,-36,8,-19,-25,-18,-28,-73,-34,-89,-16,-24,-47,-6,-3,-122,-52,-4
877.2.a.c,877,38,0,7,22,21,15,37,3,29,16,50,11,7,6,19,26,74,31,73,-4,24,23,3,-27,163,20,9
878.2.a.a,878,2,0,-2,-3,-3,0,6,-1,6,2,-3,9,-11,-20,-6,-5,9,-3,-9,-3,-23,-6,3,11,-6,-30,-22
878.2.a.b,878,2,0,-2,2,1,-4,1,-5,-6,0,-12,3,2,-2,10,-15,5,3,7,-2,15,1,-23,-10,-8,-16,-3
878.2.a.c,878,2,0,2,0,-3,-6,9,5,0,-4,12,9,-2,10,-12,1,9,-9,3,-6,7,-15,-3,2,0,-6,-1
878.2.a.d,878,2,0,2,1,1,4,2,1,0,-2,3,-7,7,0,6,5,-9,15,-3,-13,-7,0,-5,-11,-4,-12,4
878.2.a.e,878,3,0,-3,-1,2,-4,-3,-6,-8,-10,14,-13,6,-3,-18,-3,-9,-4,19,-2,-14,33,-16,-21,11,23,-17
878.2.a.f,878,3,0,3,-5,0,-4,-3,-14,6,2,-10,-19,-10,-17,-10,-3,-3,6,-9,14,-10,-25,-12,-9,35,31,27
878.2.a.g,878,4,0,-4,1,0,8,5,4,-2,10,-6,-11,-12,17,2,11,-25,-10,17,28,22,5,22,-7,-17,-1,31
878.2.a.h,878,4,0,4,-1,-6,-10,-13,2,-4,-14,-7,10,3,-14,22,-22,4,-14,16,-11,-8,5,-12,-11,-32,-2,-15
878.2.a.i,878,7,0,7,3,4,14,1,2,2,14,-2,9,0,7,0,9,-3,-6,-1,22,20,13,-10,25,-9,-19,-7
878.2.a.j,878,8,0,-8,1,-2,6,-13,10,12,2,-5,4,25,22,8,16,34,16,-18,-9,28,-7,22,35,22,2,9
879.2.a.a,879,7,0,-5,7,-10,-3,-15,-5,-12,-4,-12,-4,-6,-5,-34,1,-14,-13,-23,0,0,-19,-2,10,-29,-31,-13
879.2.a.b,879,7,0,1,-7,-6,-5,5,-9,-2,-10,6,-6,-22,-9,-34,1,10,5,1,-24,-12,1,-22,-18,33,-37,-37
879.2.a.c,879,17,0,6,17,12,-1,19,1,12,0,18,10,14,-11,44,-27,36,13,39,-6,-32,25,8,-14,27,55,37
879.2.a.d,879,18,0,-3,-18,6,5,-9,11,8,14,-12,6,30,23,50,17,-12,-3,19,32,24,21,62,2,-23,63,55
880.2.a.a,880,1,0,0,-3,1,-1,1,-6,3,5,2,-5,-5,-1,-2,-12,2,-13,-2,1,-16,-15,10,-2,14,9,-16
880.2.a.b,880,1,0,0,-2,1,0,-1,0,-4,4,-6,2,0,-6,-10,-4,-10,2,4,-14,-2,-4,-4,8,-12,6,6
880.2.a.c,880,1,0,0,-1,-1,-5,-1,2,3,7,6,-3,7,-7,6,-8,-6,-3,6,-1,-8,-3,2,10,6,9,-4
880.2.a.d,880,1,0,0,-1,-1,1,1,2,-3,1,-6,-9,-5,5,-6,-8,-6,9,-6,5,-8,9,-10,-14,6,-15,8
880.2.a.e,880,1,0,0,0,-1,2,-1,-4,-4,0,0,-6,0,-2,6,-2,0,-10,-12,-6,12,-16,4,4,-2,6,-2
880.2.a.f,880,1,0,0,0,-1,2,1,0,0,8,8,10,-8,-10,-2,6,8,14,4,10,-4,0,-8,4,-10,6,-10
880.2.a.g,880,1,0,0,0,1,-4,1,6,-6,-4,-4,-2,-8,-10,10,0,-4,-10,4,-2,8,0,-14,16,8,-6,2
880.2.a.h,880,1,0,0,0,1,0,1,2,6,4,-4,6,8,-2,2,-4,12,-2,-4,-10,16,-8,14,-8,4,10,10
880.2.a.i,880,1,0,0,1,1,-3,-1,-6,-7,-5,6,5,3,3,2,-4,2,-1,10,7,-8,-7,14,-10,6,-15,-12
880.2.a.j,880,1,0,0,2,1,4,1,-4,0,4,6,-6,-8,2,6,-8,-6,-6,12,2,10,12,-16,-8,0,6,14
880.2.a.k,880,2,0,0,-1,-2,-5,2,6,-3,-7,6,13,7,19,-8,-2,-2,7,6,-21,0,5,-6,-2,12,7,-18
880.2.a.l,880,2,0,0,-1,-2,-3,-2,2,7,-9,-6,-5,-5,-1,-20,-2,6,-13,2,-3,0,9,18,-10,-20,-1,26
880.2.a.m,880,2,0,0,0,-2,4,-2,-8,8,0,0,4,0,-4,12,12,0,12,8,4,-8,0,-8,-8,12,-4,-4
880.2.a.n,880,2,0,0,1,2,-1,2,4,-3,-7,6,-3,-1,13,0,8,6,9,-6,-5,-16,-3,-8,14,-6,3,-14
880.2.a.o,880,2,0,0,1,2,1,-2,4,3,-1,-2,7,-9,1,4,-4,18,5,6,17,4,5,-4,6,-2,-21,6
881.2.a.a,881,27,0,-5,-9,-6,-27,-16,-13,-5,-35,-18,-22,-62,-17,-25,-33,-6,-2,-1,-45,-14,-49,-19,-142,16,3,-12
881.2.a.b,881,46,0,4,7,0,31,12,9,-3,33,16,18,80,13,-3,43,4,-10,7,45,30,59,15,212,-12,-31,-6
882.2.a.a,882,1,0,-1,0,-3,0,3,2,-6,2,6,-9,-7,-10,0,-4,-12,3,3,-4,2,0,2,5,-9,6,-13
882.2.a.b,882,1,0,-1,0,-2,0,4,-6,2,4,-8,2,0,-10,-6,-4,0,-6,4,-6,4,-8,-10,0,-4,-6,14
882.2.a.c,882,1,0,-1,0,-1,0,-5,0,4,8,4,5,3,-4,0,2,6,9,11,-6,-2,-2,10,3,7,6,7
882.2.a.d,882,1,0,-1,0,1,0,-5,0,-4,-8,4,5,-3,-4,0,2,-6,9,-11,6,-2,-2,-10,3,-7,-6,-7
882.2.a.e,882,1,0,-1,0,3,0,3,-2,6,-2,6,-9,7,-10,0,-4,12,3,-3,4,2,0,-2,5,9,-6,13
882.2.a.f,882,1,0,1,0,-4,0,4,4,0,4,0,-2,8,-6,0,4,8,10,-4,-4,4,-8,-16,-8,12,-8,8
882.2.a.g,882,1,0,1,0,-3,0,-3,-4,0,-4,0,-9,-1,8,0,-10,6,3,-3,-10,-10,6,2,-1,9,-6,-1
882.2.a.h,882,1,0,1,0,-3,0,-3,-2,-6,-2,-6,9,7,-10,0,-4,-12,-3,3,4,2,0,-2,5,-9,6,13
882.2.a.i,882,1,0,1,0,0,0,0,4,6,-2,0,6,4,2,6,8,-12,-6,-6,-8,-4,0,-2,8,-6,-6,10
882.2.a.j,882,1,0,1,0,3,0,-3,2,6,2,-6,9,-7,-10,0,-4,12,-3,-3,-4,2,0,2,5,9,-6,-13
882.2.a.k,882,1,0,1,0,3,0,-3,4,0,4,0,-9,1,8,0,-10,-6,3,3,10,-10,6,-2,-1,-9,6,1
882.2.a.l,882,1,0,1,0,4,0,4,-4,0,-4,0,-2,-8,-6,0,4,-8,10,4,4,4,-8,16,-8,-12,8,-8
882.2.a.m,882,2,0,-2,0,0,0,-8,0,0,0,-16,-4,0,8,0,-8,0,-8,0,0,-24,0,0,-32,0,0,0
882.2.a.n,882,2,0,-2,0,0,0,4,0,0,0,8,-4,0,20,0,4,0,4,0,0,24,24,0,-8,0,0,0
882.2.a.o,882,2,0,2,0,0,0,8,0,0,0,16,4,0,8,0,-8,0,8,0,0,-24,0,0,-32,0,0,0
883.2.a.a,883,34,0,-12,-11,-31,-10,-9,-39,-55,-12,-26,-54,0,-20,-36,-30,-29,-100,-32,-16,-17,3,-10,14,-53,-52,-5
883.2.a.b,883,39,0,10,7,29,6,5,35,55,6,22,52,-2,20,30,-8,31,96,18,36,-15,9,16,-16,65,38,5
884.2.a.a,884,2,0,0,-1,-2,-3,3,-2,2,5,-6,-14,-10,-4,-4,4,2,1,-10,-17,6,-8,4,-2,18,11,-13
884.2.a.b,884,2,0,0,-1,-2,1,-1,2,-2,-5,-2,4,-10,-16,0,-4,-2,-7,8,-9,-6,12,-16,4,4,-15,-9
884.2.a.c,884,6,0,0,-1,0,5,1,-6,-6,1,-6,8,8,-10,8,4,22,17,-2,39,-26,-12,26,36,-6,-5,-21
884.2.a.d,884,6,0,0,-1,4,5,1,6,6,-1,6,6,8,22,24,-4,-6,-7,-8,23,10,0,18,-10,-12,17,23
885.2.a.a,885,1,0,-2,1,1,-2,-3,-1,3,-5,-6,0,-8,3,2,-11,8,9,-1,-8,3,-8,-1,-5,-6,5,-2
885.2.a.b,885,1,0,0,1,1,0,-5,-5,-3,-5,2,-2,0,3,6,1,-12,-9,-1,2,-9,8,-9,-9,10,-1,10
885.2.a.c,885,1,0,1,-1,1,0,-4,6,-6,-4,-8,6,-4,-10,-6,0,-8,6,1,6,0,-8,10,0,12,-18,2
885.2.a.d,885,1,0,2,-1,-1,2,3,3,1,3,6,8,-4,-1,-2,-7,4,11,1,-8,-9,-12,3,11,-2,3,-18
885.2.a.e,885,2,0,0,2,-2,-4,-2,-6,-6,-2,4,4,8,-10,-4,-18,0,2,2,-8,-10,-8,-22,6,-12,10,8
885.2.a.f,885,2,0,0,2,-2,4,-6,-2,-6,-2,12,12,-8,10,-12,10,0,-6,-2,16,10,0,-2,22,-12,6,16
885.2.a.g,885,3,0,-1,-3,3,-2,-8,-4,2,-14,12,-16,-8,12,-18,-14,0,-2,3,4,-22,-4,20,-30,-28,6,6
885.2.a.h,885,3,0,2,-3,-3,0,3,-5,7,-5,6,-4,-8,7,-2,29,4,5,3,-8,15,-2,-29,-21,30,-5,-2
885.2.a.i,885,4,0,2,-4,4,0,12,-2,-2,6,4,10,8,6,4,6,8,2,-4,-2,2,42,-14,10,-16,8,-12
885.2.a.j,885,6,0,-4,-6,-6,0,-2,2,-10,-2,-12,-12,8,2,-4,-18,-16,-30,-6,4,-30,-24,-6,-2,-20,14,4
885.2.a.k,885,6,0,2,6,-6,6,12,16,2,8,-8,-8,8,8,0,16,8,-2,-6,-4,4,-10,24,-32,0,-8,16
885.2.a.l,885,9,0,3,9,9,4,4,0,0,18,-4,4,16,-4,2,10,-20,0,9,8,10,-6,8,50,-8,-6,2
886.2.a.a,886,1,0,-1,-2,1,2,-5,0,-2,7,0,-10,2,-2,7,4,-1,-9,-4,-10,-16,3,-14,-17,12,-13,12
886.2.a.b,886,1,0,-1,0,-4,3,3,1,3,1,-9,-6,-7,-1,6,-8,-8,-4,-6,-15,2,6,2,14,1,-17,8
886.2.a.c,886,1,0,-1,2,4,3,-3,-1,3,-1,7,-8,-11,1,-6,-8,2,4,6,-1,4,-8,8,-10,7,-1,10
886.2.a.d,886,1,0,1,0,-3,0,3,-4,-6,-1,-2,-10,8,2,-9,-4,3,3,0,0,4,7,4,-5,12,-9,-8
886.2.a.e,886,1,0,1,0,0,-3,-3,-7,3,-1,1,2,-1,-1,6,8,0,12,-6,9,-14,-14,-14,-2,-9,-9,4
886.2.a.f,886,2,0,2,-1,-2,-2,4,3,7,12,-2,6,-2,3,9,-8,-19,-6,19,-11,1,-1,0,15,12,-1,-14
886.2.a.g,886,4,0,4,-4,-5,-6,-10,7,-11,-14,-6,6,-22,7,-10,-14,-15,-16,-21,-1,19,-6,17,13,-14,-8,16
886.2.a.h,886,4,0,4,8,4,3,5,-5,-2,-7,13,-1,5,-11,-2,-7,-6,-8,-2,-15,-24,-10,10,-6,28,27,26
886.2.a.i,886,6,0,-6,3,-7,0,-12,-8,-12,-10,2,-2,-2,-10,-37,18,-14,-6,-36,14,10,-23,29,10,-22,-25,-26
886.2.a.j,886,6,0,6,0,7,6,4,-3,5,6,-2,-8,2,-3,-4,24,39,0,13,7,29,-2,-9,-13,-14,-2,-18
886.2.a.k,886,9,0,-9,-4,9,-6,14,7,4,-4,6,19,16,5,20,-5,11,18,35,25,-21,40,-9,5,23,54,-18
887.2.a.a,887,2,0,1,2,-3,-2,-3,3,5,-2,0,-9,-14,1,-14,11,17,6,-8,-9,-2,-14,-1,6,3,6,10
887.2.a.b,887,21,0,-4,-11,-3,-15,-4,-20,-30,-6,-13,0,2,-63,14,-48,-16,-36,21,-25,-36,10,-76,-41,8,-20,-106
887.2.a.c,887,51,0,4,11,8,23,9,25,35,8,27,13,16,92,16,63,9,40,-15,36,52,-16,99,37,-9,-10,132
888.2.a.a,888,1,0,0,-1,-4,-1,-3,-5,7,5,1,-8,6,1,-2,12,-2,-1,-4,14,14,4,-11,10,5,-9,-10
888.2.a.b,888,1,0,0,-1,0,0,0,-6,-4,4,6,-8,-4,1,10,-8,-8,-6,2,-10,-12,-8,-10,8,8,16,6
888.2.a.c,888,1,0,0,1,-2,0,-4,-2,-6,0,-4,6,4,1,-6,-8,-8,6,0,14,4,-16,-6,-4,-4,18,2
888.2.a.d,888,1,0,0,1,4,0,0,2,0,0,-6,-4,0,1,2,-12,8,2,6,-10,-4,-8,6,4,8,12,-2
888.2.a.e,888,2,0,0,-2,2,-4,-4,0,-2,-4,-6,-2,-8,-2,-4,-8,0,0,6,-4,-12,8,-4,-12,-12,6,-16
888.2.a.f,888,2,0,0,-2,2,8,4,0,-6,0,2,-6,12,2,-4,4,16,8,2,-12,8,8,8,0,-20,22,0
888.2.a.g,888,2,0,0,2,-4,-4,0,-4,-4,0,-8,-12,-8,-2,-12,0,0,-20,0,4,4,16,16,16,16,-12,4
888.2.a.h,888,2,0,0,2,0,3,3,1,5,-3,9,16,-6,2,4,8,-10,7,-6,12,-18,4,-13,-2,-13,1,-8
888.2.a.i,888,3,0,0,-3,2,-5,-3,9,-1,3,9,10,-6,-3,2,12,10,19,-10,14,14,-16,9,2,13,-25,22
888.2.a.j,888,3,0,0,3,0,-1,7,1,3,7,13,0,-2,-3,6,4,10,5,28,-18,2,0,-11,-2,7,-5,-2
889.2.a.a,889,12,0,-7,-4,-7,12,-22,0,-6,-7,-29,-22,-16,-4,-21,11,-31,-38,-15,-3,-1,-57,-7,-18,-21,6,4
889.2.a.b,889,15,0,0,4,7,-15,14,6,10,13,15,16,22,-14,19,-1,49,-28,43,27,3,55,-3,18,17,36,-2
889.2.a.c,889,16,0,-2,-4,-9,-16,-22,-4,-18,-15,-5,-12,-32,-2,-45,-3,-49,16,-35,-11,17,-81,-15,-34,-39,-32,-4
889.2.a.d,889,20,0,8,0,3,20,26,-4,4,1,31,16,6,2,25,13,19,24,23,-27,9,63,-21,18,-1,-16,-32
890.2.a.a,890,1,0,-1,-2,-1,-2,4,4,2,-4,-6,6,4,-12,-2,-6,-8,6,0,6,-8,0,-6,-8,-6,-1,-10
890.2.a.b,890,1,0,-1,-2,1,2,-4,-2,6,-6,2,-2,-2,-2,2,-10,4,2,-6,-10,-12,-12,-6,4,-2,1,-2
890.2.a.c,890,1,0,-1,0,-1,2,4,-6,-6,-2,6,0,-4,-10,2,0,4,-10,-10,-4,4,8,-14,0,0,-1,-10
890.2.a.d,890,1,0,-1,1,1,-4,-1,4,0,-6,-4,-2,-8,-2,-4,11,-5,11,-12,-7,0,6,-12,-8,7,1,-8
890.2.a.e,890,1,0,-1,2,-1,4,0,0,2,6,-4,4,4,-4,-2,6,0,14,-6,-8,-8,-16,14,0,6,1,-2
890.2.a.f,890,1,0,1,-3,-1,0,3,-4,-4,2,-4,2,-8,-10,-12,7,-3,1,0,-5,-4,-14,-4,12,11,1,16
890.2.a.g,890,1,0,1,-1,1,-2,-3,-6,-2,0,4,-10,-8,8,2,9,3,-11,0,7,-2,-8,-16,0,9,-1,-2
890.2.a.h,890,1,0,1,0,1,4,-4,6,2,0,4,-2,-4,-2,-6,8,-8,6,-8,-2,4,0,10,8,0,1,2
890.2.a.i,890,2,0,-2,-1,-2,-4,-7,-4,4,-2,6,6,-16,6,20,-15,5,-3,-6,-3,-10,0,18,-4,-15,-2,-20
890.2.a.j,890,2,0,2,0,-2,-6,0,-2,-8,-8,-2,-2,2,-2,0,-4,-12,-4,12,-10,4,20,16,0,4,2,-28
890.2.a.k,890,3,0,-3,1,-3,0,-1,12,-6,-2,12,-8,6,18,4,9,3,1,8,7,30,0,8,12,5,3,14
890.2.a.l,890,5,0,5,1,-5,8,1,6,8,6,6,-4,16,8,6,-3,11,-17,-6,1,12,-26,-8,12,-15,-5,28
890.2.a.m,890,5,0,5,1,5,0,3,0,6,2,-8,8,10,14,16,-7,-7,-1,8,17,-18,8,0,-24,-11,5,10
890.2.a.n,890,6,0,-6,3,6,6,9,6,-6,10,-4,-2,16,4,4,-5,5,-17,6,5,20,26,-18,4,7,-6,34
891.2.a.a,891,1,0,-2,0,-2,4,1,4,4,-6,-1,0,1,3,-2,12,-7,3,11,0,-4,15,-8,-10,12,3,17
891.2.a.b,891,1,0,-1,0,-1,-2,-1,7,-1,6,-8,-3,-2,-3,-10,0,4,-6,10,-9,2,0,-11,-4,6,-15,14
891.2.a.c,891,1,0,-1,0,-1,4,-1,-2,-4,6,4,-6,7,3,2,6,7,9,7,0,11,-9,4,8,12,-6,-19
891.2.a.d,891,1,0,0,0,-3,-4,1,2,-6,2,3,-6,8,2,0,8,3,3,0,8,-13,0,2,2,-18,3,2
891.2.a.e,891,1,0,0,0,3,-4,-1,2,6,2,-3,6,8,2,0,8,-3,-3,0,8,-13,0,2,2,18,-3,2
891.2.a.f,891,1,0,1,0,1,-2,1,7,1,6,8,3,-2,-3,10,0,-4,6,-10,-9,2,0,-11,-4,-6,15,14
891.2.a.g,891,1,0,1,0,1,4,1,-2,4,6,-4,6,7,3,-2,6,-7,-9,-7,0,11,9,4,8,-12,6,-19
891.2.a.h,891,1,0,2,0,2,4,-1,4,-4,-6,1,0,1,3,2,12,7,-3,-11,0,-4,-15,-8,-10,-12,-3,17
891.2.a.i,891,2,0,-1,0,-1,0,-2,-9,2,-7,4,-3,15,8,-13,-16,1,-9,-20,8,13,-3,-6,1,-12,3,-8
891.2.a.j,891,2,0,1,0,1,0,2,-9,-2,-7,-4,3,15,8,13,-16,-1,9,20,8,13,3,-6,1,12,-3,-8
891.2.a.k,891,3,0,0,0,-3,-3,3,-9,3,-9,6,6,-9,-12,6,3,-12,-3,-21,-21,3,-12,-6,-9,0,12,-3
891.2.a.l,891,3,0,0,0,3,-3,-3,-9,-3,-9,-6,-6,-9,-12,-6,3,12,3,21,-21,3,12,-6,-9,0,-12,-3
891.2.a.m,891,3,0,0,0,-6,0,-3,0,-9,-3,0,-18,-15,9,-3,6,-9,3,-6,3,-21,3,-3,-3,-18,-36,-6
891.2.a.n,891,3,0,0,0,6,0,3,0,9,-3,0,18,-15,9,3,6,9,-3,6,3,-21,-3,-3,-3,18,36,-6
891.2.a.o,891,4,0,-2,0,-8,-2,4,4,-8,0,-4,-12,-14,0,-14,-6,-4,-12,-16,12,2,-24,22,2,12,0,-16
891.2.a.p,891,4,0,-1,0,-4,1,-4,7,5,9,-14,6,-2,3,2,-21,7,6,-2,15,14,3,22,11,-18,6,26
891.2.a.q,891,4,0,1,0,4,1,4,7,-5,9,14,-6,-2,3,-2,-21,-7,-6,2,15,14,-3,22,11,18,-6,26
891.2.a.r,891,4,0,2,0,8,-2,-4,4,8,0,4,12,-14,0,14,-6,4,12,16,12,2,24,22,2,-12,0,-16
892.2.a.a,892,1,0,0,-1,2,-2,-3,6,-7,0,-9,7,-4,-1,-9,0,4,1,-9,6,-11,0,-5,4,-12,-9,-18
892.2.a.b,892,1,0,0,1,0,-4,3,-4,-3,2,-3,3,-4,-1,3,-10,-12,9,9,8,11,-12,-13,-4,12,15,8
892.2.a.c,892,1,0,0,3,0,4,1,0,-3,-6,-1,-5,-8,-1,11,-6,8,9,11,8,-7,-12,-5,-4,0,-9,-12
892.2.a.d,892,7,0,0,-4,-7,-1,-12,-9,8,-12,-12,-24,1,-13,5,-13,-21,-35,-23,-17,-18,-4,23,4,-44,0,32
892.2.a.e,892,8,0,0,-1,5,5,13,3,1,8,21,11,13,6,-12,23,23,14,2,-13,9,38,-6,-12,28,-9,-14
893.2.a.a,893,12,0,-1,-9,-7,-13,-4,-17,-6,12,-13,-2,-14,-2,8,-42,12,3,8,-6,-29,-7,-48,-11,-57,-2,-14
893.2.a.b,893,16,0,-4,-13,-1,-9,0,-19,-8,-16,-5,-2,-18,-24,-6,-34,-16,-23,-32,-16,-67,19,-2,-27,-17,20,-50
893.2.a.c,893,18,0,1,13,5,3,6,21,-4,-18,9,12,26,8,12,28,18,5,30,-16,45,-1,-24,33,-13,-6,44
893.2.a.d,893,23,0,1,13,1,15,2,13,12,23,13,-18,22,8,-16,68,-23,-7,10,28,55,-3,48,-31,47,-6,-18
894.2.a.a,894,1,0,-1,-1,-3,0,1,5,-2,1,2,-5,-6,-2,-3,-6,3,-6,-9,10,8,-4,-1,-17,9,-1,-18
894.2.a.b,894,1,0,-1,-1,0,0,-2,-1,1,1,-1,-8,6,4,-12,12,-6,0,6,-14,-13,-7,-7,-11,-12,-10,18
894.2.a.c,894,1,0,-1,1,1,-2,-3,-5,-4,-5,2,-1,-2,0,3,2,9,2,7,-12,12,-6,3,-5,9,-7,-8
894.2.a.d,894,1,0,-1,1,3,2,-3,5,0,-1,6,-3,-10,8,-9,2,-9,6,-9,8,-4,6,11,17,-15,-3,-16
894.2.a.e,894,1,0,1,-1,-3,2,-5,1,0,-5,-6,-5,2,-4,-3,-2,-3,-6,9,8,-4,2,-13,1,-1,15,12
894.2.a.f,894,1,0,1,-1,0,-4,-2,1,-3,1,-3,-8,-10,-4,12,4,-6,12,-6,-10,11,-13,17,-5,-4,-18,6
894.2.a.g,894,1,0,1,1,-3,-4,-1,-5,2,1,-6,-5,-2,2,-5,-10,11,10,1,-2,-8,0,-1,-7,15,9,6
894.2.a.h,894,2,0,2,2,-1,8,-3,2,-5,2,-5,1,-4,-6,-9,10,3,10,-13,12,3,3,0,-10,3,7,-4
894.2.a.i,894,3,0,3,3,3,-3,6,3,0,6,3,3,3,6,3,-9,0,-21,-6,-12,6,-9,-9,18,-24,-21,-6
894.2.a.j,894,4,0,-4,-4,2,-7,3,-4,10,-5,3,16,-3,-8,26,-5,5,9,17,10,10,17,-2,15,1,24,24
894.2.a.k,894,4,0,4,-4,0,3,9,0,0,1,13,10,5,6,8,3,3,19,23,-8,-2,21,-30,1,3,-30,-34
894.2.a.l,894,5,0,-5,5,-5,1,4,8,-1,11,-8,15,25,4,11,19,-2,-9,16,0,-3,-18,18,-9,20,1,14
895.2.a.a,895,1,0,-1,1,-1,0,3,-2,0,-2,-2,3,-4,-5,-8,3,-3,-5,-14,9,-12,5,5,-11,4,-11,18
895.2.a.b,895,1,0,-1,3,-1,-4,1,2,4,6,-6,3,4,11,0,1,7,3,10,-7,-12,-9,13,-17,-4,5,-14
895.2.a.c,895,2,0,-2,2,-2,0,-2,0,-8,-8,8,-10,-8,14,8,-6,-6,-6,4,2,-20,6,2,-2,4,-18,0
895.2.a.d,895,8,0,-1,-3,-8,-2,-16,14,-7,4,-19,-29,-3,-8,-48,5,-2,7,5,-26,38,-28,-9,4,-9,-8,-24
895.2.a.e,895,11,0,-6,-4,11,-10,-7,-28,-31,-2,-11,-16,9,-7,-28,-8,-21,-24,-1,-11,-2,-13,-32,21,-33,-5,-18
895.2.a.f,895,18,0,7,-3,-18,0,16,-22,9,4,15,25,-3,-24,56,-15,10,-1,9,16,10,64,-19,22,-37,22,2
895.2.a.g,895,18,0,7,4,18,12,13,22,27,-6,11,18,-7,25,34,8,3,36,-5,-33,-2,11,38,-9,31,17,14
896.2.a.a,896,1,0,0,0,0,-1,-2,4,-2,-4,-4,6,-8,-2,-2,-10,0,2,8,8,-2,0,-14,-4,-12,-6,6
896.2.a.b,896,1,0,0,0,0,-1,2,-4,-2,4,-4,-6,-8,2,-2,10,0,-2,-8,-8,2,0,-14,-4,12,-6,6
896.2.a.c,896,1,0,0,0,0,1,-2,-4,-2,-4,4,-6,8,2,-2,-10,0,-2,8,-8,-2,0,-14,4,-12,-6,6
896.2.a.d,896,1,0,0,0,0,1,2,4,-2,4,4,6,8,-2,-2,10,0,2,-8,8,2,0,-14,4,12,-6,6
896.2.a.e,896,2,0,0,-2,-2,2,-4,-2,8,-2,-4,0,-12,-16,0,-12,-4,-12,-2,-2,-16,0,4,-16,18,-4,8
896.2.a.f,896,2,0,0,-2,2,-2,-4,2,8,-2,4,0,12,16,0,-12,4,12,-2,2,-16,0,4,16,18,-4,8
896.2.a.g,896,2,0,0,2,-2,-2,4,-2,8,2,4,0,12,-16,0,12,4,-12,2,-2,16,0,4,16,-18,-4,8
896.2.a.h,896,2,0,0,2,2,2,4,2,8,2,-4,0,-12,16,0,12,-4,12,2,2,16,0,4,-16,-18,-4,8
896.2.a.i,896,3,0,0,-2,-2,-3,-2,-6,-2,-14,0,-10,-4,-2,14,-2,-4,6,-10,-26,18,0,-2,-12,14,-2,-10
896.2.a.j,896,3,0,0,-2,2,3,-2,6,-2,-14,0,10,4,2,14,-2,4,-6,-10,26,18,0,-2,12,14,-2,-10
896.2.a.k,896,3,0,0,2,-2,3,2,-6,-2,14,0,-10,4,-2,14,2,4,6,10,-26,-18,0,-2,12,-14,-2,-10
896.2.a.l,896,3,0,0,2,2,-3,2,6,-2,14,0,10,-4,2,14,2,-4,-6,10,26,-18,0,-2,-12,-14,-2,-10
897.2.a.a,897,1,0,-1,-1,-2,0,0,1,6,-4,1,6,0,2,-6,-8,-8,2,12,-10,-4,-16,2,-4,0,-6,-10
897.2.a.b,897,1,0,-1,-1,2,4,0,1,2,0,-1,-2,8,-6,2,4,-8,6,-4,14,8,8,2,16,0,-10,-2
897.2.a.c,897,1,0,-1,1,-4,2,2,1,-6,-2,-1,2,0,-8,-10,8,-8,-10,0,-10,-6,4,-2,0,-2,-8,0
897.2.a.d,897,1,0,-1,1,2,-4,-4,1,6,-8,-1,-10,0,-2,2,8,-8,2,-12,-10,0,-8,10,-12,4,-2,-6
897.2.a.e,897,1,0,1,-1,-4,2,-2,1,2,6,-1,2,4,4,-6,0,0,6,0,-2,-14,12,14,8,10,16,4
897.2.a.f,897,1,0,1,1,0,-2,-6,1,-6,2,-1,2,4,-8,2,0,0,-2,8,14,-10,-12,6,0,-18,4,0
897.2.a.g,897,2,0,-2,-2,0,4,0,-2,-8,-4,2,4,0,12,12,12,16,-8,8,-12,20,16,4,-20,0,16,20
897.2.a.h,897,3,0,-3,3,-8,-5,-5,3,4,-3,-3,-2,-14,8,-8,-25,-17,-1,-8,19,0,4,-12,13,-9,-13,-4
897.2.a.i,897,3,0,-1,-3,4,-7,-5,3,-4,-11,3,8,-14,-4,6,5,-13,-5,-36,11,2,10,-24,3,7,7,-34
897.2.a.j,897,3,0,-1,3,-4,-3,1,-3,-14,3,3,-22,-8,0,-8,-3,-5,-13,0,1,16,-22,10,5,9,5,16
897.2.a.k,897,4,0,0,-4,-2,3,1,4,0,7,-4,-14,2,10,-12,-9,31,-23,8,15,32,-6,-18,-17,3,-11,22
897.2.a.l,897,5,0,-1,-5,0,-5,1,-5,-6,-1,-5,8,-8,-16,-2,-17,-9,3,-8,-19,-22,16,-14,-17,-35,25,14
897.2.a.m,897,5,0,1,5,6,5,5,-5,4,-1,-5,6,4,-2,-8,-5,23,35,4,-1,8,-2,-2,9,7,15,16
897.2.a.n,897,5,0,3,-5,-2,3,-11,-5,8,-1,5,-16,28,-6,2,21,19,3,-12,-1,2,-28,10,35,7,-1,-18
897.2.a.o,897,7,0,3,7,6,3,11,7,2,-3,7,14,10,-14,8,-3,27,-1,20,-15,-4,16,-12,-27,5,1,4
898.2.a.a,898,1,0,-1,1,-2,1,-4,6,0,-5,1,-6,-6,9,-9,-7,8,-10,-4,8,0,-10,2,2,11,-1,1
898.2.a.b,898,1,0,-1,2,-2,0,3,1,2,0,8,10,0,1,7,8,1,6,-3,2,-13,5,-2,-11,-6,-5,17
898.2.a.c,898,1,0,1,-1,-2,3,-6,-2,2,-3,-1,-2,-6,1,-5,-1,-2,0,0,-10,2,-4,16,-2,-3,-17,5
898.2.a.d,898,1,0,1,2,2,0,0,4,-2,-6,-8,8,0,4,2,2,8,-6,0,-10,-4,-8,10,4,-6,14,2
898.2.a.e,898,2,0,-2,-3,-3,-2,2,-2,-2,1,-4,-10,-3,10,5,16,-8,5,-22,7,2,9,-18,3,-1,-17,15
898.2.a.f,898,3,0,-3,2,6,6,-1,-1,10,8,6,6,-8,-9,-3,-12,19,10,21,-2,-5,-13,-10,39,-2,-3,3
898.2.a.g,898,4,0,-4,2,3,-3,3,-2,3,-10,8,-7,16,8,-5,-8,3,0,3,-25,18,35,-8,-17,43,18,-12
898.2.a.h,898,5,0,5,-5,-9,-6,1,-6,-19,-9,-11,-5,10,-15,-6,1,-11,-16,-9,-1,4,13,-36,19,-16,25,-15
898.2.a.i,898,7,0,-7,-4,-2,-8,1,-2,-11,14,-19,9,-3,-21,-5,-23,-37,-41,9,6,-24,-30,6,-18,-39,-8,-4
898.2.a.j,898,12,0,12,6,11,1,5,4,19,12,16,-3,-8,-4,9,-6,-9,18,5,31,-4,3,-10,-43,5,4,6
899.2.a.a,899,1,0,1,-2,1,2,0,2,-3,-5,-1,-1,-1,-3,-10,-6,-9,-10,8,-7,-2,14,-11,4,9,13,2
899.2.a.b,899,1,0,2,1,2,5,-3,2,-3,-2,4,1,-1,-6,-2,0,6,-8,4,11,7,-8,1,-8,12,-7,8
899.2.a.c,899,10,0,0,-3,-7,-2,-9,-13,5,-14,-2,10,10,-34,-16,-13,16,-29,-13,-25,-37,6,-38,-11,-17,-12,-1
899.2.a.d,899,11,0,-4,1,-6,-8,-5,-13,-4,-17,-5,-11,-11,-23,-8,-5,1,13,-1,-12,-7,-16,13,-27,22,-17,-23
899.2.a.e,899,23,0,2,5,3,4,11,23,5,8,-2,-23,23,50,18,3,-12,23,-3,47,-7,16,23,49,5,40,31
899.2.a.f,899,25,0,0,-2,9,3,2,13,2,22,-2,25,-25,54,-20,-3,6,29,1,16,58,32,-14,21,-35,-3,9
900.2.a.a,900,1,0,0,0,0,-4,4,0,4,0,4,6,4,8,10,-4,-4,-12,-4,2,4,0,8,-12,4,10,-8
900.2.a.b,900,1,0,0,0,0,-2,0,-2,-6,-4,6,-6,-4,-2,-6,10,-6,-6,-12,2,-2,12,-2,8,6,6,-2
900.2.a.c,900,1,0,0,0,0,-1,-6,5,6,5,6,6,-1,2,0,-1,-6,12,6,-13,11,0,2,8,6,0,-7
900.2.a.d,900,1,0,0,0,0,-1,0,-7,0,-7,0,0,11,-10,0,-13,0,0,0,-1,11,0,-10,-4,0,0,-19
900.2.a.e,900,1,0,0,0,0,1,-6,-5,-6,5,-6,6,-1,-2,0,1,6,-12,6,-13,-11,0,-2,8,-6,0,7
900.2.a.f,900,1,0,0,0,0,1,0,7,0,-7,0,0,11,10,0,13,0,0,0,-1,-11,0,10,-4,0,0,19
900.2.a.g,900,1,0,0,0,0,4,0,-2,0,8,0,0,-4,10,0,-8,0,0,0,14,16,0,10,-4,0,0,-14
900.2.a.h,900,1,0,0,0,0,4,4,0,-4,0,-4,6,4,-8,10,4,4,12,-4,2,-4,0,-8,-12,-4,10,8
901.2.a.a,901,1,1,-2,-1,3,2,0,-7,1,0,-8,-10,0,8,7,-9,1,1,-12,-2,2,-15,1,17,-8,-9,0
901.2.a.b,901,1,1,-1,0,0,2,-6,6,-1,4,-8,2,4,2,0,-8,-8,-1,4,-8,-12,-8,-4,-4,-4,-14,-2
901.2.a.c,901,1,1,-1,0,3,-1,0,3,1,1,4,-4,4,8,-6,4,10,-1,-2,10,9,16,-1,2,11,-5,-8
901.2.a.d,901,1,1,-1,2,0,-4,0,2,-1,0,2,-2,-6,-10,-4,-12,8,-1,-12,-8,8,6,16,14,-16,6,6
901.2.a.e,901,1,1,0,1,-3,-4,6,5,1,-4,0,0,8,8,-3,11,-3,-1,12,-10,-4,3,11,-1,-6,15,2
901.2.a.f,901,1,1,2,-3,1,-2,0,1,1,-4,-8,-6,-8,4,-3,7,9,1,12,2,-14,-13,3,3,-4,7,8
901.2.a.g,901,12,1,-1,-3,-5,3,-20,-16,-12,-17,-11,-8,1,6,-8,-19,-19,-12,-52,-6,0,-21,20,-27,-18,-2,32
901.2.a.h,901,13,1,-2,-7,-11,-7,-30,8,13,-7,-21,-14,-13,-16,-6,-9,-13,13,-16,2,-12,-5,-22,-27,-12,-34,-30
901.2.a.i,901,18,1,4,8,7,14,28,-12,18,10,15,32,-11,-6,13,-10,-10,-18,38,8,-17,12,-10,0,5,-20,6
901.2.a.j,901,20,1,5,3,7,-7,34,0,-20,13,23,16,1,-6,16,13,29,20,40,-10,20,41,-16,15,20,34,-36
902.2.a.a,902,1,1,-1,-2,3,1,-1,-6,-7,1,7,-5,-3,7,-1,-12,-6,-14,3,6,-12,8,0,4,12,16,-14
902.2.a.b,902,1,1,1,-2,3,5,-1,2,-3,5,-9,-9,5,-1,-1,8,6,-6,3,-10,8,0,-4,-4,0,12,-10
902.2.a.c,902,2,1,2,-3,0,-4,2,-6,-2,-5,-13,-1,4,-9,-2,-10,2,-21,-5,9,-2,-7,2,0,18,3,-16
902.2.a.d,902,2,1,2,-1,-2,-4,-2,-4,-6,3,-3,-5,-4,1,2,-12,2,17,-3,1,-20,-5,6,0,-28,19,8
902.2.a.e,902,2,1,2,-1,2,6,2,0,-6,-11,5,-1,14,15,2,0,6,9,5,7,4,5,-4,6,-20,-19,10
902.2.a.f,902,3,1,-3,-1,-3,-3,3,-4,1,2,4,2,-11,-16,3,4,-6,-5,8,1,-22,-9,-18,-10,-4,23,-4
902.2.a.g,902,3,1,-3,3,-2,-4,-3,-8,4,-9,-1,-7,0,-23,-3,-10,14,-1,-5,-11,-4,19,-12,0,-6,-15,-12
902.2.a.h,902,5,1,-5,0,0,5,-5,10,1,9,0,-1,1,11,5,21,8,-10,1,24,23,-9,12,11,11,9,-2
902.2.a.i,902,5,1,5,3,-1,-4,5,4,0,15,10,-11,8,-7,5,7,-6,3,7,-31,7,2,-2,-17,-3,-6,-2
902.2.a.j,902,5,1,5,4,-6,5,-5,6,7,9,2,5,-7,13,-5,1,10,-32,-13,12,11,-3,16,7,3,1,-4
902.2.a.k,902,6,1,-6,4,4,5,6,8,1,1,6,11,9,23,-6,7,2,22,-9,2,19,-9,10,3,-3,19,52
903.2.a.a,903,1,1,0,1,0,-1,-3,1,1,-6,1,-10,-7,2,-7,1,8,-7,-8,-8,13,10,-6,-8,11,2,-11
903.2.a.b,903,1,1,0,1,0,1,-3,5,-3,2,9,6,5,2,-3,1,0,9,0,8,5,-6,2,8,-9,-6,17
903.2.a.c,903,2,1,-3,-2,-3,-2,3,2,3,2,-3,-6,6,-10,0,-2,0,0,-6,21,-9,-24,-20,6,-6,-12,-24
903.2.a.d,903,2,1,-1,2,-3,2,3,-8,-9,-12,3,8,-10,-6,-4,-2,-12,-2,-10,1,-13,6,4,-6,14,8,-18
903.2.a.e,903,2,1,-1,2,1,-2,-5,-10,-5,-8,-5,6,2,-16,4,2,2,2,22,5,-13,-8,-12,6,-16,0,-8
903.2.a.f,903,2,1,0,-2,2,-2,-4,0,-12,4,-8,0,14,-8,-8,-2,2,-24,6,-10,12,8,-6,4,-6,-10,16
903.2.a.g,903,5,1,-3,-5,-5,5,-4,-7,-12,8,-10,-2,-15,6,-7,5,-24,-7,-12,-9,0,4,-32,14,-15,-24,-17
903.2.a.h,903,5,1,2,-5,7,5,1,6,15,0,3,10,-2,-4,20,-5,12,10,-16,23,-5,6,10,-30,18,24,16
903.2.a.i,903,7,1,4,7,5,-7,-3,8,11,18,9,8,0,-8,-4,-7,-10,0,-30,13,11,4,32,18,12,10,26
903.2.a.j,903,8,1,1,8,3,8,1,0,17,14,-15,-16,8,20,6,8,-4,-22,2,7,7,-34,26,6,26,12,-14
903.2.a.k,903,8,1,2,-8,3,-8,6,9,20,-18,4,6,-13,16,13,8,2,7,32,-17,0,10,24,-2,19,-6,3
904.2.a.a,904,1,1,0,0,0,-4,4,6,-2,-4,-6,0,-8,-4,-10,-12,-2,10,-8,10,12,6,2,-10,12,-6,-2
904.2.a.b,904,5,1,0,1,-5,-2,-4,-12,-10,4,-12,-11,-11,-6,-19,20,-5,-1,-15,-9,23,-22,-11,11,20,-24,0
904.2.a.c,904,6,1,0,-7,-5,2,-12,-2,4,-12,-2,-13,-7,6,-9,-18,-13,-23,-27,-3,-25,-26,9,9,-44,-12,18
904.2.a.d,904,7,1,0,7,3,2,12,-4,2,14,6,1,5,-2,9,22,9,-1,23,-13,13,12,-31,-15,20,12,-32
904.2.a.e,904,9,1,0,-3,9,2,4,8,10,-8,2,17,9,20,25,-18,19,27,13,23,-5,10,23,-3,0,26,16
905.2.a.a,905,1,1,1,1,1,2,0,6,3,8,-2,-5,9,6,2,-4,-12,-9,-12,0,7,15,0,-6,-10,0,-3
905.2.a.b,905,1,1,1,2,-1,-4,0,-6,6,2,-4,-10,-2,10,-6,-6,8,-2,0,2,2,-14,2,16,0,-6,2
905.2.a.c,905,5,1,-3,0,-5,-1,-2,-1,6,-15,7,8,-18,14,-10,-11,-18,-23,-15,-17,-5,-2,-45,-26,27,35,-31
905.2.a.d,905,6,1,3,0,-6,-9,-9,-2,-11,-15,4,-7,-23,-25,-5,5,-5,26,-7,8,-13,20,27,-38,-7,-49,39
905.2.a.e,905,13,1,-6,-8,13,-26,-3,-13,-13,-24,-29,5,-23,-5,5,-32,-29,-5,2,-7,-34,-6,-16,-20,-50,16,-40
905.2.a.f,905,17,1,4,7,17,22,1,11,8,12,19,-4,20,-1,-15,44,43,12,10,21,35,-35,2,26,30,-24,29
905.2.a.g,905,18,1,-3,-2,-18,20,5,19,-1,36,-11,7,41,15,3,16,9,-17,18,23,0,34,36,40,2,18,6
906.2.a.a,906,1,1,-1,-1,0,-3,1,4,2,-6,4,-2,-8,7,-1,-8,-1,-9,9,-8,-3,-12,-2,-11,-8,10,-7
906.2.a.b,906,1,1,-1,-1,3,0,-5,-5,2,-6,-5,-5,1,-2,11,-2,8,12,-12,-14,-3,3,-8,-2,-8,-5,2
906.2.a.c,906,1,1,-1,1,-3,2,-3,-1,0,-4,-3,-3,5,-4,-3,-10,0,-6,0,-10,5,9,2,-4,0,-3,-10
906.2.a.d,906,1,1,-1,1,0,-1,-3,-4,-6,2,0,-6,-4,11,-3,8,-9,9,-3,8,-13,-12,2,-1,12,6,17
906.2.a.e,906,1,1,1,-1,-1,-2,-1,-3,0,0,-3,-9,-3,-8,-3,6,8,6,8,2,-1,-15,-14,-8,16,-3,14
906.2.a.f,906,1,1,1,-1,1,0,-3,3,6,6,-3,1,5,6,9,-2,-4,0,-4,2,9,5,4,-10,-16,9,2
906.2.a.g,906,1,1,1,-1,4,-3,3,0,6,-6,0,10,-4,-9,-3,4,5,-3,11,-4,-3,8,-2,5,-4,-18,-7
906.2.a.h,906,1,1,1,1,-3,-4,-3,1,-6,2,-1,-3,-7,-2,-1,-2,8,-12,4,-2,15,-1,16,-6,-8,15,2
906.2.a.i,906,1,1,1,1,-1,2,3,-5,0,8,7,-1,1,-4,-5,-10,12,2,0,6,-11,3,-2,4,-8,-5,-18
906.2.a.j,906,4,1,-4,-4,0,3,5,4,-10,7,-3,-4,13,-2,12,23,-5,0,12,21,29,9,6,33,11,12,-7
906.2.a.k,906,4,1,-4,4,2,-1,11,-6,12,-3,11,14,-3,-8,8,3,3,-2,12,-1,-11,-5,-16,9,25,8,-11
906.2.a.l,906,4,1,4,-4,-1,7,8,3,-12,-1,14,-1,4,24,-5,9,-3,12,-16,23,-10,-26,-2,15,-21,-5,29
906.2.a.m,906,4,1,4,4,5,0,-1,7,8,-7,-2,7,-8,1,2,-3,-6,5,-9,-9,-7,-14,-6,-8,13,13,-4
907.2.a.a,907,35,1,-11,-13,-32,-9,-14,-33,-63,-3,-30,-66,-10,-26,-36,-25,-50,-71,-1,-39,-1,8,-47,2,-61,-34,-3
907.2.a.b,907,40,1,9,9,32,7,12,33,59,3,32,58,-6,26,42,5,26,67,17,49,-27,14,35,-18,37,28,7
908.2.a.a,908,2,1,0,1,2,-5,-3,-6,-8,-5,-7,5,10,-2,14,-3,-7,-3,-8,6,-12,7,3,7,-16,-3,-1
908.2.a.b,908,5,1,0,-5,-1,-6,-5,5,7,-4,-8,-11,-28,0,-16,-26,-8,3,1,5,-12,-6,-19,-33,-1,-2,-9
908.2.a.c,908,12,1,0,6,1,15,6,-1,9,9,15,-6,18,-2,8,29,15,0,0,1,56,-1,12,16,-15,-9,30
909.2.a.a,909,1,1,0,0,1,-2,2,1,-3,-5,-1,4,-9,-2,-8,-8,-7,2,14,4,2,-13,8,-9,4,-14,2
909.2.a.b,909,1,1,0,0,3,0,2,-3,7,-5,5,-6,7,10,-6,4,7,4,10,-2,10,9,-8,7,-2,8,-10
909.2.a.c,909,1,1,2,0,1,-2,6,1,5,7,3,6,-1,-10,2,-12,-11,-4,-4,10,-2,-1,2,11,-8,-14,-10
909.2.a.d,909,2,1,0,0,2,-4,-4,-6,6,-6,-2,-4,2,-8,12,-4,6,0,-12,-4,-12,-18,-12,6,-12,8,-8
909.2.a.e,909,4,1,-3,0,0,-2,-8,-10,2,0,-12,2,-12,10,-20,8,4,-16,-22,8,-18,-2,-4,0,18,-18,-34
909.2.a.f,909,4,1,0,0,-4,2,-14,4,-10,-4,-4,-16,4,0,6,-8,-14,4,-14,-22,6,-24,-14,-24,-24,0,32
909.2.a.g,909,4,1,0,0,4,2,14,4,10,-4,4,16,4,0,-6,-8,14,-4,14,-22,6,24,-14,-24,24,0,32
909.2.a.h,909,4,1,3,0,0,-2,8,-10,-2,0,12,-2,-12,10,20,8,-4,16,22,8,-18,2,-4,0,-18,18,-34
909.2.a.i,909,6,1,-1,0,-6,0,-10,0,-12,-10,-4,-8,-2,-6,-6,-12,-6,-18,-2,-14,-18,10,24,-22,-10,-18,14
909.2.a.j,909,7,1,0,0,-6,6,10,10,-20,2,-6,10,10,8,-4,-4,0,0,16,12,2,20,8,14,-4,-10,52
909.2.a.k,909,7,1,0,0,3,2,-8,-1,7,19,7,2,7,0,2,32,13,8,-16,-6,34,-9,-2,15,22,22,-28
910.2.a.a,910,1,1,-1,-2,-1,1,0,1,0,2,-6,6,8,-10,-12,-4,0,-12,6,2,-4,-6,-10,-16,0,-12,2
910.2.a.b,910,1,1,-1,0,-1,1,4,-1,2,-4,8,-2,4,10,-6,0,8,2,12,-2,-4,12,-2,-8,4,2,14
910.2.a.c,910,1,1,-1,0,1,1,-2,-1,-4,-4,-4,-2,-2,-2,0,6,8,-4,-12,-2,8,-12,-2,-8,4,-16,2
910.2.a.d,910,1,1,-1,1,-1,1,-3,1,-6,2,-3,-6,-7,5,9,2,-9,0,0,-13,-13,12,-13,5,6,18,5
910.2.a.e,910,1,1,-1,1,1,1,-3,1,6,2,9,6,5,-7,9,-10,3,0,12,-1,-13,-12,11,17,-6,-6,-19
910.2.a.f,910,1,1,1,-3,-1,-1,3,1,-2,-6,-3,-6,-5,-5,7,-6,-7,-12,-8,15,-7,4,-7,1,6,6,15
910.2.a.g,910,1,1,1,-2,-1,1,0,1,0,2,6,6,-4,2,0,8,0,12,6,-10,-4,6,2,8,12,0,-10
910.2.a.h,910,1,1,1,-2,1,-1,-4,-1,0,-6,-2,6,-8,-6,-8,4,-8,0,-10,-14,-4,6,10,16,0,-16,14
910.2.a.i,910,1,1,1,-1,-1,1,-5,-1,2,-6,-3,-10,9,-5,1,-10,-9,8,4,5,-3,-8,-5,5,-18,10,5
910.2.a.j,910,1,1,1,0,-1,-1,-6,1,-8,0,0,6,-2,10,-8,-6,8,-12,-8,6,8,4,2,-8,-12,0,-18
910.2.a.k,910,1,1,1,2,-1,1,4,1,0,-2,2,-2,0,2,0,-4,0,4,-6,6,4,-6,-14,-8,-12,0,-18
910.2.a.l,910,2,1,-2,-1,-2,-2,1,-2,-4,2,1,-4,-1,-1,-11,-2,-7,-6,-4,-1,3,-16,-1,25,-22,-4,-27
910.2.a.m,910,2,1,-2,0,2,2,8,2,-4,-8,-8,12,-8,4,-4,0,0,12,8,-12,-8,16,12,0,-16,28,12
910.2.a.n,910,2,1,-2,2,-2,-2,-2,2,8,-6,6,4,-14,4,16,-6,16,0,-2,4,4,-2,-12,-16,8,8,12
910.2.a.o,910,2,1,2,1,2,-2,-1,2,4,6,9,-4,7,-11,-7,-6,5,-6,8,1,13,-4,-21,5,-2,-8,9
910.2.a.p,910,3,1,-3,-1,3,-3,5,-3,2,6,-3,-2,15,-11,15,2,5,12,12,-7,7,-4,-11,5,26,38,11
910.2.a.q,910,3,1,3,1,3,3,5,-3,-2,0,-1,6,3,3,1,4,3,-8,2,5,1,10,-17,1,-14,2,-15
911.2.a.a,911,9,1,-5,1,-1,5,-1,-26,-5,-24,6,11,-2,3,-10,-10,-43,-8,-15,-8,-35,-3,-24,-22,-19,-36,2
911.2.a.b,911,14,1,2,-7,-7,-15,-7,1,-19,-6,-12,-28,-28,-20,-36,-4,47,13,12,-74,32,6,-55,-16,17,32,-52
911.2.a.c,911,53,1,2,6,10,14,6,33,28,42,-2,21,50,13,68,26,0,-9,3,136,-5,-17,131,50,-24,46,114
912.2.a.a,912,1,1,0,-1,-3,3,1,-2,-5,-1,4,-6,2,8,-8,-13,-13,-6,-4,-13,-4,8,-3,4,-4,-6,2
912.2.a.b,912,1,1,0,-1,-2,0,0,6,-6,1,-4,2,-8,-10,-2,4,-12,-6,12,-2,4,0,10,0,-16,-2,10
912.2.a.c,912,1,1,0,-1,0,4,0,-4,6,-1,6,6,-2,-4,6,4,-6,6,12,14,-8,0,14,10,12,-6,-10
912.2.a.d,912,1,1,0,-1,1,-3,3,-6,3,1,-4,-10,-2,8,-8,1,-3,-6,0,7,-8,-12,-11,0,-4,10,-2
912.2.a.e,912,1,1,0,-1,2,0,0,2,2,1,0,2,4,2,6,4,0,10,4,-2,12,0,-6,4,8,6,-14
912.2.a.f,912,1,1,0,1,-3,-1,5,-6,-5,-1,-4,6,-6,-8,-8,-9,-1,2,8,11,0,4,-11,8,4,10,-10
912.2.a.g,912,1,1,0,1,-3,5,-1,2,-1,1,4,-2,6,0,0,1,9,10,8,-1,-8,12,-11,-16,-12,-6,-10
912.2.a.h,912,1,1,0,1,0,-4,-4,0,-2,-1,2,-6,-6,-8,10,12,-10,2,-4,-10,0,16,-2,-10,16,-2,-10
912.2.a.i,912,1,1,0,1,1,3,5,-2,-1,-1,-4,-6,10,0,0,11,-9,10,-4,-5,4,-8,13,-4,4,-6,2
912.2.a.j,912,1,1,0,1,2,0,-2,2,6,1,-2,4,8,-2,-8,8,-2,-4,0,2,-12,4,6,16,-6,0,-2
912.2.a.k,912,1,1,0,1,2,0,4,2,-6,1,4,-2,-4,10,10,-4,4,-10,-12,14,12,-8,-6,4,-12,-6,10
912.2.a.l,912,1,1,0,1,4,-4,4,-4,6,-1,6,2,-2,4,-6,-4,2,-6,4,-10,-8,0,-2,-14,16,-18,14
912.2.a.m,912,2,1,0,-2,1,-1,-7,-2,1,-2,-10,0,4,-16,-2,-1,1,-8,-24,1,4,0,-5,2,-8,-12,-8
912.2.a.n,912,2,1,0,-2,3,-1,3,4,-3,-2,6,-6,2,-2,0,-1,21,6,0,-11,-4,24,-5,-16,-6,18,28
912.2.a.o,912,2,1,0,2,-1,3,-3,12,1,-2,-8,4,-6,6,6,-1,-5,-12,8,9,24,0,7,-4,-4,0,-12
913.2.a.a,913,1,1,-1,0,0,-1,-1,1,0,2,-2,10,4,7,-2,10,-8,8,12,-8,13,13,11,0,1,6,0
913.2.a.b,913,1,1,2,3,3,-4,-1,-2,-6,2,7,4,-5,-5,-2,10,-8,14,-3,-2,-5,7,-4,12,1,-15,3
913.2.a.c,913,5,1,1,1,3,5,-5,-4,0,-5,2,-5,-14,-15,-14,-6,10,10,8,-4,1,25,-21,-12,5,22,1
913.2.a.d,913,12,1,2,4,-1,5,-12,-12,16,-1,53,2,24,26,36,-11,49,-4,4,-2,10,12,-14,11,12,3,-14
913.2.a.e,913,15,1,-7,-7,-4,-17,15,-21,-14,-2,-43,-17,-10,-26,-8,-9,-41,-22,-12,-18,16,-16,-22,-31,15,27,7
913.2.a.f,913,16,1,-5,-8,-7,-5,-16,5,-20,-4,-44,-7,-11,-15,0,-11,-31,-48,1,10,-33,-69,0,-19,-16,-30,-20
913.2.a.g,913,17,1,9,5,2,13,17,11,14,8,37,27,-6,-12,0,29,17,24,-12,-2,0,38,-4,27,-17,-1,-17
914.2.a.a,914,1,1,-1,0,0,0,2,0,-6,-4,8,-6,0,-4,6,-6,-8,12,-10,8,-4,0,-6,-16,-10,10,-10
914.2.a.b,914,1,1,-1,1,3,4,2,-1,6,-1,0,-4,-3,6,-10,-12,2,-11,-10,10,12,5,17,-4,4,0,-4
914.2.a.c,914,5,1,-5,-1,3,-5,-7,-5,9,-17,-14,0,-15,-5,-7,2,0,4,16,-32,-2,-19,-16,-18,13,-8,-2
914.2.a.d,914,5,1,5,-5,-7,-3,-3,-13,-11,-15,2,-2,-13,1,-17,-6,-2,-4,-2,-24,6,13,-4,0,9,2,2
914.2.a.e,914,12,1,-12,0,-8,7,-3,10,-11,26,6,4,30,-7,9,44,18,-1,12,44,-4,4,5,38,-11,-10,2
914.2.a.f,914,15,1,15,5,9,5,3,17,11,27,-10,14,-3,5,13,4,-22,4,8,18,-4,-31,14,-12,1,16,-2
915.2.a.a,915,1,1,-1,1,1,-2,-2,-2,-2,-4,0,0,0,-4,-10,10,-8,-6,6,-1,-10,-14,-2,12,4,-16,10
915.2.a.b,915,1,1,1,-1,1,0,0,-2,-2,-4,0,-10,-4,2,-6,-4,8,-14,0,1,-4,4,2,4,4,10,2
915.2.a.c,915,1,1,2,-1,1,3,-4,4,8,7,-6,-5,0,11,-2,1,-1,2,-7,-1,-12,13,-8,-12,9,-6,-4
915.2.a.d,915,1,1,2,1,-1,1,4,4,4,-1,-6,3,0,-7,2,-5,13,6,-15,-1,-4,-11,-8,0,-5,2,-8
915.2.a.e,915,3,1,-2,-3,3,-5,12,0,0,7,10,7,-4,3,18,-7,-1,18,-19,-3,8,1,-20,8,-7,2,8
915.2.a.f,915,4,1,1,4,-4,-1,4,-2,0,-1,20,5,-4,13,4,-7,5,18,25,-4,2,29,-6,4,19,-20,6
915.2.a.g,915,5,1,-3,5,-5,-4,-8,-6,-14,0,-16,-10,-4,-18,6,-4,-20,-30,-20,5,8,0,-2,-4,-12,-6,-18
915.2.a.h,915,5,1,1,-5,-5,-6,2,-10,2,0,0,-8,-4,-32,6,-14,8,-14,26,-5,-22,-6,-30,-8,4,0,-22
915.2.a.i,915,5,1,1,-5,-5,6,2,6,8,2,2,2,0,28,-2,22,-2,12,-4,5,28,-20,14,4,2,-16,10
915.2.a.j,915,5,1,1,-5,5,6,0,2,-8,-4,-2,14,20,12,-14,-6,-28,4,24,-5,2,-8,34,36,-16,10,-2
915.2.a.k,915,8,1,2,8,8,2,10,0,2,-6,6,20,-8,18,12,2,18,6,12,8,-16,28,-16,-20,10,38,-8
916.2.a.a,916,1,1,0,-3,-3,-4,-3,-4,-7,-5,-6,8,2,-6,10,-5,6,6,-14,-11,-2,-5,4,-4,-1,-6,-17
916.2.a.b,916,1,1,0,-1,1,2,-5,-2,-3,1,-2,0,8,-6,-12,1,-10,10,-4,5,-4,1,-16,4,-11,-18,-9
916.2.a.c,916,1,1,0,0,-2,-2,4,2,-2,8,2,10,2,6,10,-8,-2,10,-6,2,-2,0,-14,14,0,-6,6
916.2.a.d,916,1,1,0,1,-3,2,-3,2,-3,-1,-6,0,-4,2,0,-1,-6,-6,0,-7,8,3,8,-4,3,6,-1
916.2.a.e,916,1,1,0,3,1,4,-5,-4,1,5,2,4,-10,-6,-2,-11,10,-2,6,-7,-2,9,-8,8,9,-6,15
916.2.a.f,916,5,1,0,-1,-4,-9,7,-7,-3,-4,0,-27,-15,-4,-18,-4,6,-21,8,9,10,-21,6,-3,19,-20,23
916.2.a.g,916,9,1,0,-1,10,3,3,11,19,-12,8,11,9,18,18,20,6,17,12,31,-12,27,12,-11,-13,42,-7
917.2.a.a,917,14,1,-5,-6,3,-14,-11,-7,-6,-20,-10,-14,-6,-37,16,-50,-27,-15,1,23,-68,1,-24,-39,-12,-4,-11
917.2.a.b,917,14,1,-3,-12,-9,14,-7,-31,-4,-36,6,2,-30,-15,-10,-62,-5,-3,-9,-43,-40,7,-30,5,-38,14,-27
917.2.a.c,917,18,1,3,10,3,18,1,25,8,34,2,-8,26,9,2,34,-1,-29,17,37,42,1,36,29,24,2,51
917.2.a.d,917,19,1,4,8,-3,-19,9,7,0,26,10,6,2,13,6,66,1,13,11,-35,82,7,24,9,18,-6,-15
918.2.a.a,918,1,1,-1,0,-3,2,0,-1,1,-1,-3,3,-4,-10,3,-1,-6,-6,-12,2,-7,-9,2,8,12,-6,2
918.2.a.b,918,1,1,-1,0,-1,-2,0,3,-1,7,-9,-7,0,-10,5,-1,-2,-2,0,-10,9,-3,-10,-8,-12,10,-6
918.2.a.c,918,1,1,-1,0,-1,3,-5,-2,-1,-8,6,-2,5,10,-10,-6,-12,3,0,-10,-6,12,-5,-8,-7,0,-11
918.2.a.d,918,1,1,-1,0,0,-4,6,-4,1,2,-3,0,-10,5,-9,-4,-12,-3,3,2,2,12,-16,-10,15,-6,-10
918.2.a.e,918,1,1,-1,0,2,-2,0,-6,-1,-8,3,-10,6,-7,11,2,10,-11,-3,2,-6,0,-4,10,-3,4,0
918.2.a.f,918,1,1,-1,0,3,-1,3,2,1,-4,6,6,-7,2,6,2,0,-9,0,2,2,-12,11,8,9,12,5
918.2.a.g,918,1,1,1,0,-3,-1,-3,2,-1,-4,-6,-6,-7,2,-6,2,0,9,0,2,2,12,11,8,-9,-12,5
918.2.a.h,918,1,1,1,0,-2,-2,0,-6,1,-8,-3,10,6,-7,-11,2,-10,11,3,2,-6,0,-4,10,3,-4,0
918.2.a.i,918,1,1,1,0,0,-4,-6,-4,-1,2,3,0,-10,5,9,-4,12,3,-3,2,2,-12,-16,-10,-15,6,-10
918.2.a.j,918,1,1,1,0,1,-2,0,3,1,7,9,7,0,-10,-5,-1,2,2,0,-10,9,3,-10,-8,12,-10,-6
918.2.a.k,918,1,1,1,0,1,3,5,-2,1,-8,-6,2,5,10,10,-6,12,-3,0,-10,-6,-12,-5,-8,7,0,-11
918.2.a.l,918,1,1,1,0,3,2,0,-1,-1,-1,3,-3,-4,-10,-3,-1,6,6,12,2,-7,9,2,8,-12,6,2
918.2.a.m,918,2,1,-2,0,0,4,0,4,2,4,-6,0,4,10,-6,-8,0,6,-6,-8,4,12,16,4,6,24,-20
918.2.a.n,918,2,1,-2,0,2,2,-2,6,-2,6,6,-2,4,0,8,14,-6,6,12,16,-4,0,0,0,8,-6,30
918.2.a.o,918,2,1,2,0,-2,2,2,6,2,6,-6,2,4,0,-8,14,6,-6,-12,16,-4,0,0,0,-8,6,30
918.2.a.p,918,2,1,2,0,0,4,0,4,-2,4,6,0,4,10,6,-8,0,-6,6,-8,4,-12,16,4,-6,-24,-20
919.2.a.a,919,2,1,0,0,-3,1,0,0,6,-7,-6,-6,-7,-2,-6,-2,-15,0,18,7,-9,3,1,15,6,-21,-10
919.2.a.b,919,27,1,-6,-9,-17,-7,-13,-15,-47,-8,-12,-41,-12,1,-80,0,-2,-34,-72,-18,13,-34,-9,-41,-25,-133,0
919.2.a.c,919,47,1,5,9,22,-2,11,11,53,7,14,59,5,5,102,-16,27,52,86,23,-20,41,4,-38,21,194,10
920.2.a.a,920,1,1,0,-3,1,-2,0,1,0,0,1,-3,3,-8,3,-2,-11,-14,-8,-4,-4,7,-9,0,4,-2,18
920.2.a.b,920,1,1,0,-1,1,0,2,-5,-4,-2,-1,-3,7,-2,-9,-4,-9,-6,0,2,-2,-1,1,-14,0,16,-4
920.2.a.c,920,1,1,0,0,1,1,-6,-2,-3,-6,1,3,-3,1,9,-8,4,1,1,8,-7,-5,-6,0,-11,4,6
920.2.a.d,920,1,1,0,1,-1,-2,0,1,-4,-4,1,-3,-1,-8,-5,-6,9,2,0,0,4,3,7,4,8,-14,-14
920.2.a.e,920,2,1,0,-1,-2,-1,-4,-3,7,-4,-2,-8,-8,-3,0,-4,-5,13,-7,-10,-19,-10,11,-10,3,16,2
920.2.a.f,920,2,1,0,1,2,2,-8,3,2,8,2,-13,7,-6,-3,-10,5,8,4,14,-4,-5,29,-4,24,20,-16
920.2.a.g,920,3,1,0,0,-3,3,3,0,-3,3,3,3,6,12,-6,18,15,6,6,27,12,6,-15,0,-12,-30,9
920.2.a.h,920,3,1,0,1,3,2,7,-1,10,-13,3,13,-8,5,8,24,2,1,-17,13,5,-22,12,-4,-15,-8,-3
920.2.a.i,920,3,1,0,2,3,7,3,6,-5,7,-3,-1,10,2,-10,12,1,10,10,-13,-6,10,7,14,16,-20,5
920.2.a.j,920,5,1,0,0,-5,-2,-1,4,4,7,-5,4,19,15,25,0,-11,3,-1,-5,9,1,-1,-2,-45,6,25
921.2.a.a,921,1,1,-2,-1,0,0,5,0,1,-1,0,6,-4,3,3,4,-4,-10,6,14,2,7,-4,11,11,15,-5
921.2.a.b,921,1,1,0,1,0,-1,0,-4,-3,5,-6,-6,-10,2,6,2,0,-9,0,-10,-4,9,2,-13,15,15,11
921.2.a.c,921,2,1,0,2,0,4,-10,8,-2,-2,-4,-16,8,18,2,8,20,-4,0,-12,12,14,-16,-14,6,-6,10
921.2.a.d,921,2,1,2,2,0,6,-2,4,2,-2,12,-8,-4,-2,-10,0,-12,6,0,16,8,-18,16,8,8,12,20
921.2.a.e,921,7,1,-2,7,-7,-13,-10,-8,5,-20,0,8,-22,-33,-22,-7,-9,23,-14,-1,-18,-28,-13,-5,-19,-8,-17
921.2.a.f,921,11,1,4,-11,7,2,7,-8,5,10,18,2,38,-36,23,-19,47,22,48,-13,-6,48,-7,19,15,-2,5
921.2.a.g,921,13,1,-2,-13,-9,-8,-16,8,-8,-17,-18,-20,-42,27,-24,7,-29,-16,-34,5,-2,-67,11,-25,-13,-44,7
921.2.a.h,921,14,1,-3,14,3,6,18,6,-2,23,-2,24,48,31,0,13,7,-14,14,11,4,35,13,29,-21,10,-7
922.2.a.a,922,1,1,1,-2,2,-1,-2,3,6,7,-6,6,-3,1,5,1,8,6,4,8,5,1,-3,8,-16,-9,5
922.2.a.b,922,3,1,-3,-3,-6,1,4,-2,-6,8,4,-6,10,-6,-10,-24,-22,-5,6,14,-26,-3,3,-7,-26,-22,41
922.2.a.c,922,4,1,4,-2,-5,-6,-5,-4,-9,-4,-14,-2,1,-12,-3,0,-7,-22,10,-1,2,6,-2,-2,1,1,2
922.2.a.d,922,8,1,-8,-2,2,-4,-16,-2,-10,-14,-26,-4,-8,12,6,-2,0,-32,-26,-10,-8,-12,-16,2,-30,26,-32
922.2.a.e,922,8,1,-8,2,3,3,9,-3,18,7,24,9,-12,-9,10,17,20,32,13,-13,11,15,-9,-7,39,4,-13
922.2.a.f,922,14,1,14,3,6,7,6,4,13,-18,26,9,8,14,-4,-2,-3,23,-21,-8,-26,9,-9,-14,28,0,-19
923.2.a.a,923,1,1,0,3,2,0,0,-1,0,4,2,1,7,-8,-5,1,5,0,7,4,-13,1,4,-15,2,-6,2
923.2.a.b,923,10,1,-1,-4,-6,-9,-1,10,-11,-5,-12,-3,2,-41,0,-20,4,-12,9,-49,-11,10,-9,0,3,9,-29
923.2.a.c,923,16,1,-4,-4,-10,-13,-1,-16,1,-15,-12,-17,-18,-69,-6,-12,14,-34,3,-13,-49,-16,-45,-20,21,-13,-69
923.2.a.d,923,18,1,3,-1,6,11,9,-18,3,3,10,2,5,77,19,5,18,44,6,-25,66,18,9,21,-11,-3,47
923.2.a.e,923,26,1,3,6,6,7,-3,26,9,-3,4,19,12,75,-22,34,-5,36,-9,53,23,-26,-5,34,17,-13,19
924.2.a.a,924,1,1,0,-1,-3,-1,-1,1,-4,3,2,5,0,9,0,10,5,-6,13,6,-1,0,-9,12,-4,-14,-2
924.2.a.b,924,1,1,0,-1,-1,-1,1,-1,6,1,-8,-7,-10,-3,0,-4,7,4,7,-14,-13,-16,13,-8,-14,10,-12
924.2.a.c,924,1,1,0,-1,-1,1,-1,-3,2,-5,4,3,-6,-3,0,-8,-9,-4,-9,-2,-5,0,-9,-4,-2,10,16
924.2.a.d,924,1,1,0,-1,1,1,1,-1,0,5,2,-1,8,1,0,6,1,-2,9,10,7,0,9,0,0,-6,-2
924.2.a.e,924,1,1,0,1,-3,-1,-1,3,-2,-3,-4,-9,-2,-11,-4,-4,-3,-4,-3,10,11,4,9,-4,10,6,12
924.2.a.f,924,1,1,0,1,-3,1,1,-7,-6,-1,0,-3,2,5,-12,8,-3,-12,-3,-10,-13,-12,11,8,6,6,8
924.2.a.g,924,1,1,0,1,-1,-1,1,1,4,3,6,7,4,1,-4,-2,7,10,-9,-2,-9,-4,-9,16,4,-2,-14
924.2.a.h,924,1,1,0,1,3,1,-1,-1,0,5,6,-3,-4,-7,-12,2,3,6,3,2,-1,12,-7,-4,0,6,2
925.2.a.a,925,1,1,-1,2,0,2,0,2,-2,2,8,2,-6,1,10,4,10,6,-6,2,14,0,-2,-6,-18,2,10
925.2.a.b,925,1,1,0,-1,0,1,3,4,-6,2,-6,-6,-4,-1,-9,-8,-3,3,12,8,4,-15,-11,-10,-9,6,-8
925.2.a.c,925,1,1,0,1,0,3,-5,-4,4,-8,-4,4,2,-1,-5,6,-9,-3,-8,-10,4,5,15,-14,-11,-2,-10
925.2.a.d,925,1,1,2,-1,0,5,3,2,4,-4,2,2,0,1,7,10,-11,3,0,-4,-16,-15,-11,-12,3,-4,-8
925.2.a.e,925,1,1,2,3,0,1,-5,2,0,0,-2,6,-4,1,-9,-2,9,-1,8,-8,-8,9,1,4,15,4,-4
925.2.a.f,925,5,1,-2,-3,0,-11,-5,-4,0,-4,-4,-4,8,-5,-5,-10,-7,1,-30,-14,-24,-7,-5,28,-27,6,26
925.2.a.g,925,5,1,-1,1,0,0,-16,-3,2,-11,-7,-15,-13,5,-13,-7,-2,20,-32,1,-3,-26,12,-3,14,-20,-15
925.2.a.h,925,5,1,0,1,0,-7,7,-2,8,14,-2,2,8,5,-9,-14,5,15,12,12,2,13,5,36,9,-16,0
925.2.a.i,925,5,1,1,-1,0,0,-16,3,-2,-11,7,-15,-13,-5,-13,7,2,-20,-32,1,3,-26,-12,-3,-14,-20,15
925.2.a.j,925,7,1,-1,1,0,0,16,1,-4,9,1,3,11,-7,29,-3,2,6,42,-11,-3,10,14,-9,6,12,1
925.2.a.k,925,7,1,1,-1,0,0,16,-1,4,9,-1,3,11,7,29,3,-2,-6,42,-11,3,10,-14,-9,-6,12,-1
925.2.a.l,925,9,1,-5,-8,0,-8,0,-6,-18,-4,-16,-2,-6,9,2,-14,-34,4,10,8,-16,8,-8,-26,-70,-8,2
925.2.a.m,925,9,1,5,8,0,8,0,6,18,-4,16,-2,-6,-9,2,14,34,-4,10,8,16,8,8,-26,70,-8,-2
926.2.a.a,926,1,1,1,2,0,0,2,0,2,6,-4,6,0,8,-2,-4,0,-12,-12,-2,-16,16,10,8,-6,6,-18
926.2.a.b,926,5,1,-5,-1,1,-3,-2,-4,-6,-12,5,-2,-21,-8,-1,-6,13,-1,3,-24,-2,-6,-18,-9,20,-18,-15
926.2.a.c,926,5,1,5,-5,-5,-5,-8,-8,-6,-18,-3,-4,-13,-4,5,-8,-11,-3,-9,-20,-8,2,10,-11,-4,14,-3
926.2.a.d,926,13,1,13,5,7,13,4,10,-10,16,11,-12,19,-8,-9,4,21,9,23,20,20,-20,-30,-11,34,-22,-3
926.2.a.e,926,15,1,-15,1,1,3,2,6,10,18,-1,2,19,16,25,14,-7,-5,-5,52,18,-8,26,43,-38,42,65
927.2.a.a,927,1,1,1,0,1,-2,2,-5,0,-8,-1,2,5,2,-8,-11,2,-10,11,-5,11,-16,12,6,-1,6,-7
927.2.a.b,927,2,1,3,0,3,-2,3,-3,9,5,0,6,0,0,0,-4,3,9,-15,15,2,-3,-15,7,-3,18,10
927.2.a.c,927,3,1,-1,0,-1,-2,-8,-3,-4,12,-7,0,7,-6,-2,-1,-12,8,-15,-19,-3,-8,-12,2,-17,-24,3
927.2.a.d,927,4,1,0,0,0,-4,0,-12,0,-8,0,0,-12,-12,0,-8,0,0,0,0,-20,0,-36,-4,0,0,-4
927.2.a.e,927,5,1,2,0,5,-2,12,1,10,-16,5,16,-13,4,20,7,-8,8,19,-19,11,10,20,-14,11,-22,7
927.2.a.f,927,6,1,-4,0,-3,-2,1,-1,-21,-7,-12,-12,-16,0,-14,-6,-1,-19,-3,1,-12,27,-7,-21,9,14,-8
927.2.a.g,927,8,1,1,0,1,6,-6,9,4,16,11,0,17,-6,-12,9,6,16,-11,5,5,10,14,14,23,14,3
927.2.a.h,927,14,1,0,0,0,12,0,20,0,8,0,0,-4,28,0,40,0,0,0,24,-8,0,56,4,0,0,12
928.2.a.a,928,1,1,0,-1,-1,0,5,1,-6,-4,6,-1,-9,0,-8,1,-9,-9,-14,10,4,6,-4,17,-6,0,-4
928.2.a.b,928,1,1,0,1,-1,0,-5,1,-6,4,-6,-1,9,0,-8,-1,9,-9,14,10,-4,-6,-4,-17,6,0,-4
928.2.a.c,928,2,1,0,-2,2,-4,-2,2,0,-4,-8,2,-2,0,-4,-2,-6,6,-8,8,-8,-12,-16,-2,-8,-12,-12
928.2.a.d,928,2,1,0,0,6,0,0,2,4,0,0,-2,0,16,0,0,0,-2,0,20,0,0,8,0,0,0,-24
928.2.a.e,928,2,1,0,2,2,4,2,2,0,4,8,2,2,0,-4,2,6,6,8,8,8,12,-16,2,8,-12,-12
928.2.a.f,928,4,1,0,0,-8,0,0,-16,-12,0,0,4,0,-8,-20,0,0,-24,0,-20,0,0,16,0,0,-20,12
928.2.a.g,928,5,1,0,-4,-2,-4,-8,-6,6,-6,-8,-5,-8,-14,6,-8,-28,-14,-16,-18,0,4,2,12,-32,30,6
928.2.a.h,928,5,1,0,4,-2,4,8,-6,6,6,8,-5,8,-14,6,8,28,-14,16,-18,0,-4,2,-12,32,30,6
928.2.a.i,928,6,1,0,0,4,0,0,4,16,0,0,6,0,4,24,0,0,12,0,-16,0,0,20,0,0,8,40
929.2.a.a,929,2,1,-3,0,-1,-3,-3,4,6,-5,3,10,-3,-13,-12,-10,-18,11,8,-22,10,-9,1,-22,-18,14,-2
929.2.a.b,929,28,1,-1,-5,-7,-32,-20,-20,-9,-41,-23,-28,-66,-12,-9,-23,5,-10,-22,1,-61,-52,-8,-118,32,-29,-8
929.2.a.c,929,47,1,3,3,2,39,21,16,3,46,12,12,81,25,5,23,15,-5,2,17,69,71,15,186,2,-41,12
930.2.a.a,930,1,1,-1,-1,-1,-3,3,-2,-4,-3,5,4,1,0,4,1,10,3,6,-2,2,7,5,-1,12,1,-10
930.2.a.b,930,1,1,-1,-1,-1,0,-4,6,2,-4,-4,2,-1,-2,-6,-4,0,2,-4,-6,16,-12,-6,-16,-12,-18,-14
930.2.a.c,930,1,1,-1,-1,1,-4,2,2,0,0,-6,-8,1,-2,6,4,-12,-2,-12,-8,-4,-8,4,4,-16,-2,-2
930.2.a.d,930,1,1,-1,-1,1,2,-4,-4,-6,0,0,4,1,4,-6,-8,-12,-2,6,10,-10,-14,4,-8,-4,-8,-2
930.2.a.e,930,1,1,-1,-1,1,3,3,-2,8,-7,7,-8,-1,-4,0,1,6,5,6,2,10,9,1,13,-16,-3,6
930.2.a.f,930,1,1,-1,1,-1,1,5,2,-4,1,-5,4,-1,12,4,11,-10,9,-10,10,6,15,-13,13,-8,3,-18
930.2.a.g,930,1,1,-1,1,-1,4,-4,2,2,4,4,-2,-1,-6,10,-4,8,-6,8,10,-12,0,14,-8,4,-6,-6
930.2.a.h,930,1,1,-1,1,1,-2,-4,-4,2,-8,-8,4,-1,-12,10,8,-4,6,2,10,-6,6,-4,-8,4,0,-18
930.2.a.i,930,1,1,-1,1,1,-1,-3,2,0,5,9,0,1,8,0,11,-6,-9,6,-10,14,9,-1,-1,-12,-9,14
930.2.a.j,930,1,1,-1,1,1,4,2,2,0,0,-6,0,1,-2,-10,-4,4,6,-4,0,4,-16,4,4,8,6,14
930.2.a.k,930,1,1,1,-1,-1,-2,0,4,6,0,0,8,-1,4,10,8,-4,-14,14,-6,-10,6,-8,8,-12,16,-10
930.2.a.l,930,1,1,1,-1,-1,0,-6,-2,-4,0,2,-8,1,-6,-2,4,4,-6,0,4,-4,-8,-4,-4,0,-2,14
930.2.a.m,930,1,1,1,-1,-1,3,5,-6,-4,5,5,8,-1,4,0,-7,6,11,14,-6,10,-9,-3,-7,-12,-9,10
930.2.a.n,930,1,1,1,1,-1,2,0,-4,6,8,0,0,1,-4,-6,8,-12,-6,-6,2,2,-6,8,8,12,0,-10
930.2.a.o,930,1,1,1,1,1,0,-4,6,2,4,-8,6,-1,-2,10,-4,0,-10,-12,-2,-4,0,2,0,4,-14,18
930.2.a.p,930,2,1,2,-2,2,1,1,4,2,-3,7,6,2,2,6,5,2,19,-18,12,-6,-3,-1,-21,12,-15,-12
930.2.a.q,930,2,1,2,2,-2,-1,5,12,-8,1,5,0,2,2,-2,-9,6,3,-2,-6,-6,-17,-9,-9,-16,-5,0
930.2.a.r,930,2,1,2,2,2,1,7,-4,2,-7,1,-6,-2,10,-10,7,-2,-3,-6,0,10,1,1,-15,-24,3,4
931.2.a.a,931,1,1,0,2,-3,0,3,4,3,-1,0,6,4,2,6,-1,3,12,6,1,-4,6,7,8,-12,-12,-8
931.2.a.b,931,1,1,2,-2,-3,0,4,6,7,-1,3,0,0,-2,4,5,-4,6,-8,2,8,-2,-10,12,3,8,-4
931.2.a.c,931,1,1,2,2,3,0,4,-6,-7,1,3,0,0,-2,-4,5,4,6,8,-2,8,-2,10,12,-3,-8,4
931.2.a.d,931,2,1,-3,3,0,0,-9,-2,3,2,-6,-9,-5,-8,-3,-4,0,-9,12,0,-7,6,-15,-20,9,-18,-2
931.2.a.e,931,2,1,-2,0,-2,0,2,-4,8,2,-14,-16,4,4,12,2,6,0,-8,-18,8,-20,-2,0,-10,20,12
931.2.a.f,931,2,1,-2,0,2,0,2,4,-8,-2,-14,-16,-4,4,-12,2,-6,0,8,18,8,-20,2,0,10,-20,-12
931.2.a.g,931,2,1,-1,3,6,0,-5,4,7,-2,-6,9,1,0,-5,-20,2,-3,-2,-6,7,10,15,8,15,14,-12
931.2.a.h,931,2,1,0,0,0,0,-6,4,-6,2,6,-12,4,-8,-12,-4,-18,-24,12,6,-4,-12,-6,16,6,12,4
931.2.a.i,931,2,1,0,0,0,0,-6,-4,6,-2,6,-12,-4,-8,12,-4,18,-24,-12,-6,-4,-12,6,16,-6,-12,-4
931.2.a.j,931,2,1,1,-3,-2,0,-1,2,-1,2,-2,5,1,-14,-9,8,-6,3,-20,6,11,4,7,0,-13,-10,-6
931.2.a.k,931,3,1,2,-3,2,0,7,2,-7,-3,14,-3,11,0,7,-4,-8,-1,10,6,-3,0,-1,-4,-31,28,30
931.2.a.l,931,4,1,0,-2,-8,0,-6,-2,-8,4,-8,2,0,10,-12,4,-16,12,-14,-20,2,-2,16,-8,-20,-16,-2
931.2.a.m,931,4,1,0,2,8,0,-6,2,8,-4,-8,2,0,10,12,4,16,12,14,20,2,-2,-16,-8,20,16,2
931.2.a.n,931,7,1,2,-2,-2,0,7,6,19,7,-1,24,0,8,-4,4,5,20,-16,5,-4,12,3,-20,-11,-10,-4
931.2.a.o,931,7,1,2,2,2,0,7,-6,-19,-7,-1,24,0,8,4,4,-5,20,16,-5,-4,12,-3,-20,11,10,4
931.2.a.p,931,10,1,-2,-4,-16,0,0,-12,-16,-10,12,-12,-8,4,-40,4,-16,0,-36,-16,-28,-12,0,-8,0,-48,16
931.2.a.q,931,10,1,-2,4,16,0,0,12,16,10,12,-12,8,4,40,4,16,0,36,16,-28,-12,0,-8,0,48,-16
932.2.a.a,932,7,1,0,-4,-5,-1,-3,-16,-9,-6,4,-5,2,-22,-4,-23,4,-25,1,-30,-12,9,-33,4,-4,-3,-35
932.2.a.b,932,13,1,0,6,5,-1,3,20,15,10,4,11,2,34,16,7,4,17,9,18,26,-11,21,-26,-4,1,53
933.2.a.a,933,1,1,0,-1,0,-1,4,1,-3,4,-9,1,-4,-6,-5,-2,-8,6,9,8,-12,3,-1,-12,2,-2,-16
933.2.a.b,933,1,1,0,1,-2,3,-4,1,-5,-2,-7,3,2,-4,9,-6,-12,-12,3,-14,-12,-3,11,8,6,-12,4
933.2.a.c,933,10,1,-7,10,-6,-14,-12,-13,-26,-17,-11,-32,-2,3,-33,-23,4,-16,-19,16,-1,17,1,-15,-67,-10,9
933.2.a.d,933,10,1,-1,-10,-2,-10,-4,-13,0,-25,1,14,-6,-11,13,-45,-6,-6,-19,-46,-17,-3,-23,-11,-49,22,-7
933.2.a.e,933,14,1,4,14,6,5,14,2,23,7,18,19,-4,-13,22,21,16,-2,22,-10,3,22,-14,-35,51,24,-5
933.2.a.f,933,15,1,1,-15,2,13,-2,16,1,25,12,-27,18,9,-28,47,26,0,36,12,55,-16,24,21,69,-44,17
934.2.a.a,934,1,1,-1,1,1,-2,0,-4,-2,2,-6,-2,-9,11,1,7,4,2,0,-7,2,-12,2,-9,15,-9,7
934.2.a.b,934,1,1,1,1,3,2,0,-4,6,2,-6,-6,5,-7,9,-1,-12,-6,0,11,-10,12,14,5,15,-9,-1
934.2.a.c,934,1,1,1,3,-1,-2,-2,6,2,2,2,-2,3,-11,9,-7,-2,-12,12,-13,-4,-6,-4,-13,5,7,3
934.2.a.d,934,2,1,2,-2,-2,-4,-4,8,-8,-4,-4,0,-6,-10,-2,-6,-12,-4,-24,18,0,4,20,10,2,14,18
934.2.a.e,934,3,1,-3,-1,-5,3,-3,-1,2,-14,7,-11,17,-4,-2,-5,-17,-10,-3,-1,-5,-44,-5,26,6,-19,6
934.2.a.f,934,3,1,3,-1,-3,-3,-11,-11,2,-2,-9,-1,-1,10,-6,-7,-1,4,9,-1,-3,-18,-17,-18,-6,-15,-2
934.2.a.g,934,4,1,-4,0,-3,3,-10,-1,-5,8,-13,-8,-11,-19,-24,10,-5,-17,-25,-1,10,9,4,1,-38,10,-8
934.2.a.h,934,11,1,-11,-1,10,-4,16,3,1,-3,8,22,-3,13,9,-29,16,32,33,18,-12,41,-3,-6,18,54,-1
934.2.a.i,934,12,1,12,2,4,7,18,-10,-6,1,17,20,-3,5,-18,36,21,21,4,-16,22,30,-23,8,-23,7,-30
935.2.a.a,935,1,1,0,-2,-1,3,1,0,1,0,-2,3,-10,-4,-1,-8,-3,-9,1,2,-3,2,-11,0,6,-7,-12
935.2.a.b,935,1,1,0,-2,1,5,-1,-4,-1,-4,6,-3,2,8,9,-4,-3,-9,9,14,5,6,11,8,6,9,-4
935.2.a.c,935,3,1,-2,-1,3,-2,3,-3,-3,-14,5,-9,-6,-1,-13,1,-2,0,-7,-11,18,-6,-16,3,-3,-21,-13
935.2.a.d,935,3,1,-2,-1,-3,-6,3,-3,3,0,-5,3,0,-5,-23,7,4,6,9,-3,-10,20,-22,1,-15,15,-11
935.2.a.e,935,3,1,0,-3,3,0,-3,-9,3,0,-3,-21,-6,3,-9,3,6,-6,-3,-9,0,-24,-6,-9,3,-21,-33
935.2.a.f,935,3,1,1,1,-3,0,-3,-1,3,4,1,-3,10,-3,-7,9,-6,-10,-17,21,24,16,30,15,21,19,-3
935.2.a.g,935,4,1,0,-1,-4,1,-4,-13,-4,-2,5,12,-2,-1,2,-7,-19,-17,6,-15,-7,-8,-25,-7,5,16,-11
935.2.a.h,935,6,1,-2,4,-6,6,-6,10,6,-2,14,-4,4,18,12,-10,20,10,14,2,-34,-18,10,8,-30,-30,58
935.2.a.i,935,9,1,3,3,-9,8,9,23,-9,12,-1,-19,14,15,-7,33,-10,18,-7,13,8,-16,30,-21,33,-11,27
935.2.a.j,935,11,1,-1,5,11,-2,-11,13,-11,4,-7,9,20,-1,-9,5,0,14,13,11,26,-8,42,-27,-41,37,29
935.2.a.k,935,11,1,0,1,11,3,11,13,11,6,-5,26,-2,-3,36,-1,-15,-23,-2,17,5,-12,11,45,3,-4,11
936.2.a.a,936,1,1,0,0,-4,0,2,-1,-2,8,-4,6,-4,6,12,4,6,2,14,10,-4,-2,-2,-8,-14,0,-10
936.2.a.b,936,1,1,0,0,-2,0,0,1,-2,-4,0,-6,0,-2,-6,-12,4,-6,8,-2,4,12,-14,0,-8,18,-6
936.2.a.c,936,1,1,0,0,-2,2,-4,-1,0,-2,-4,0,2,-10,-2,8,0,-12,-12,-6,-6,8,-2,12,4,-14,-10
936.2.a.d,936,1,1,0,0,0,-4,2,-1,6,-4,-4,-10,-8,-2,0,-4,-2,2,-10,10,8,-2,-10,8,-6,12,-2
936.2.a.e,936,1,1,0,0,0,0,-6,-1,-2,0,-4,6,-4,-2,0,4,-10,10,6,-6,-12,-2,6,-16,-6,-4,14
936.2.a.f,936,1,1,0,0,1,5,2,-1,3,-2,-4,6,-4,11,-8,-1,-9,12,-6,0,6,-7,-2,12,16,10,-10
936.2.a.g,936,1,1,0,0,2,2,4,-1,0,-2,4,0,2,-10,2,8,0,12,12,-6,-6,-8,-2,12,-4,14,-10
936.2.a.h,936,1,1,0,0,2,4,0,1,-2,8,-8,2,4,-10,-2,-4,12,-6,0,-2,8,12,10,-8,0,14,2
936.2.a.i,936,1,1,0,0,4,-4,2,-1,6,4,-4,6,8,-10,4,-4,6,-6,6,-6,0,-10,-2,0,10,-8,-10
936.2.a.j,936,2,1,0,0,-3,-1,2,2,1,2,16,4,8,7,-2,15,13,2,-2,14,-2,3,-12,16,12,-20,0
936.2.a.k,936,2,1,0,0,0,-4,-4,2,-8,-4,-8,-8,-4,4,-8,0,4,-16,4,-4,4,-12,12,-8,12,-8,12
936.2.a.l,936,2,1,0,0,0,-4,4,2,8,-4,8,8,-4,4,8,0,-4,16,-4,-4,4,12,12,-8,-12,8,12
937.2.a.a,937,34,1,-13,-15,-9,-18,-19,-15,-27,-5,-88,-27,-10,-9,-6,-25,-93,-82,-40,5,-32,-94,-14,-32,-41,-15,-15
937.2.a.b,937,43,1,12,13,7,12,21,3,19,-1,102,23,10,13,12,7,97,76,32,-25,32,100,-32,18,55,7,-33
938.2.a.a,938,1,1,-1,-2,2,1,-4,2,-2,-8,4,10,0,-6,0,-12,-6,-10,4,-2,1,0,-2,-8,-16,2,0
938.2.a.b,938,1,1,-1,1,-1,1,2,-7,-2,-2,1,-5,9,-9,3,-6,12,-10,-8,-2,1,9,-2,-8,2,2,-18
938.2.a.c,938,1,1,1,-1,-1,1,-4,-3,0,4,-9,5,-7,-11,5,-8,6,6,10,-10,-1,-5,-6,-2,-6,-12,-2
938.2.a.d,938,1,1,1,1,3,1,-6,5,6,2,-3,-9,5,11,3,-10,-12,-6,0,-10,1,-3,2,8,6,6,-10
938.2.a.e,938,3,1,-3,1,-3,-3,2,3,2,6,9,-1,11,15,-5,14,14,-6,4,18,3,-7,34,-4,2,10,0
938.2.a.f,938,4,1,4,-4,-6,-4,3,-10,-13,-8,0,-9,-11,-9,-9,-5,-13,-9,12,1,4,0,-9,0,10,-9,-22
938.2.a.g,938,4,1,4,1,5,-4,0,11,6,2,-1,7,-1,-1,11,0,-4,4,-4,18,-4,-9,0,-18,4,10,2
938.2.a.h,938,5,1,-5,4,-2,5,3,10,-5,0,-6,7,7,15,5,15,-3,-5,4,-17,-5,-10,13,18,40,-29,36
938.2.a.i,938,6,1,-6,-4,0,-6,-5,-12,1,-14,-2,13,-19,-15,9,-21,-3,21,-10,-25,-6,-14,-29,-18,6,-7,-34
938.2.a.j,938,7,1,7,-1,1,7,5,-1,-3,2,11,20,-2,16,-4,21,5,13,-12,11,7,-5,21,16,-40,-39,18
939.2.a.a,939,1,1,-2,1,-1,-4,0,1,7,4,0,-8,-6,-8,6,-8,4,-13,-9,-12,0,14,-6,-1,8,-7,17
939.2.a.b,939,1,1,0,-1,-1,4,-6,1,3,4,-4,-6,0,-2,-6,-12,8,-13,3,-8,-6,2,0,-9,-12,5,-7
939.2.a.c,939,1,1,1,1,0,-4,0,2,-4,-4,-2,-2,0,-2,-12,0,-6,0,6,6,12,12,-2,0,16,0,-14
939.2.a.d,939,6,1,-1,6,-6,-6,-3,-23,-14,-14,2,-7,-12,-4,7,-18,10,15,-3,-31,-24,-11,1,-24,-1,-8,21
939.2.a.e,939,10,1,-3,-10,-8,6,-5,-11,-14,-14,0,-29,-2,4,-23,20,-34,-13,-35,-53,20,-19,-9,28,-5,-18,9
939.2.a.f,939,15,1,3,-15,13,-10,5,10,25,6,12,33,-2,4,23,-10,6,24,18,49,-24,15,11,-25,15,45,-10
939.2.a.g,939,19,1,1,19,9,18,1,26,7,14,-8,21,18,10,11,16,-8,-2,-16,63,2,-25,11,51,-13,5,34
940.2.a.a,940,1,1,0,-2,-1,2,0,-5,8,-4,-1,-8,10,2,6,11,-1,8,5,-5,16,9,9,1,6,15,-12
940.2.a.b,940,1,1,0,-1,1,1,-1,-5,2,-5,-4,8,-7,-2,-10,2,-1,-4,-12,13,-8,-12,11,-12,-1,-2,10
940.2.a.c,940,1,1,0,1,-1,-1,3,-7,-6,-1,0,0,5,2,-6,-10,1,12,-12,5,8,0,-7,8,-15,6,2
940.2.a.d,940,1,1,0,2,1,2,4,1,0,-4,-3,0,-2,10,2,1,1,-12,5,-5,8,9,3,-15,2,-1,0
940.2.a.e,940,1,1,0,3,-1,-3,5,5,-2,1,4,-8,-5,2,6,6,-1,8,0,5,-4,-16,-11,-4,11,-10,-2
940.2.a.f,940,2,1,0,-3,-2,-1,-2,4,-1,4,-12,-4,-8,-7,-8,16,2,3,-15,1,-22,-1,4,-9,0,-15,-11
940.2.a.g,940,2,1,0,-1,2,-5,-8,6,-3,-4,-6,-6,0,3,-4,-4,-2,7,9,-27,18,-13,-18,-13,-8,-3,17
940.2.a.h,940,2,1,0,3,-2,3,0,-2,9,8,6,14,-8,-1,-4,0,-2,-1,17,-19,-10,3,-2,-13,0,21,-7
940.2.a.i,940,3,1,0,2,3,-2,3,-1,5,13,4,0,19,-17,6,6,3,15,-7,6,-10,3,-5,15,-3,-17,-17
941.2.a.a,941,28,1,-3,-10,-8,-21,-29,-8,3,-48,-15,-15,-48,-35,-7,-50,-16,14,-35,-16,-77,-44,-20,-44,-2,5,-8
941.2.a.b,941,50,1,3,12,6,23,37,6,3,62,13,7,60,31,3,54,-8,4,59,22,117,52,10,44,-6,-19,-4
942.2.a.a,942,1,1,-1,1,2,2,3,2,4,-8,-1,4,1,-2,3,-3,-4,-8,-6,7,-2,14,-14,2,12,8,8
942.2.a.b,942,1,1,1,-1,-2,-1,0,1,5,6,3,0,6,9,-2,5,0,-6,3,8,-6,-12,2,16,12,-13,0
942.2.a.c,942,1,1,1,1,-4,-1,-6,-1,7,-8,-7,-8,-2,7,0,3,-4,4,-9,4,10,-10,4,8,0,17,-10
942.2.a.d,942,1,1,1,1,-2,-5,0,-7,-7,6,3,0,-2,-7,6,9,-8,2,-13,0,2,-12,2,8,-4,-1,0
942.2.a.e,942,2,1,-2,-2,0,-2,4,-6,-2,-4,6,8,-4,-10,-4,-2,-8,-8,6,-8,-4,-8,-16,4,-12,6,-28
942.2.a.f,942,2,1,-2,2,2,-2,2,-4,4,6,12,4,0,4,6,-4,16,18,6,-16,0,-22,22,-12,-16,4,18
942.2.a.g,942,2,1,2,-2,4,5,1,3,-7,2,0,0,7,-1,-1,6,16,-6,1,-9,20,-6,0,-6,-12,3,8
942.2.a.h,942,3,1,-3,3,-6,1,-6,-3,-9,-2,-7,-6,-4,-5,-16,-7,-14,0,-7,18,-12,8,-6,8,-4,-29,-10
942.2.a.i,942,3,1,3,-3,-4,-5,0,-5,-7,-12,-7,-2,-16,-7,-6,-7,-2,-2,7,-6,-12,22,-12,4,8,21,12
942.2.a.j,942,4,1,4,4,4,1,5,3,-1,-2,4,-6,1,-3,1,-2,2,4,5,-1,-14,18,-16,-10,0,-1,-6
942.2.a.k,942,5,1,-5,-5,0,3,-7,11,3,-4,2,-8,9,17,11,10,6,4,11,17,22,16,36,22,12,7,34
943.2.a.a,943,1,1,1,0,-2,2,2,6,8,-2,-1,2,8,10,1,-8,12,-4,12,-6,-14,-8,-6,10,0,8,-16
943.2.a.b,943,13,1,-6,-5,-6,-7,-5,-13,-26,-2,13,-21,-11,2,13,6,-40,-29,3,19,-2,-69,-20,-1,14,-33,-31
943.2.a.c,943,16,1,-7,-1,-12,-7,-13,-1,-22,-2,-16,-3,5,-28,-16,-16,-8,-35,-17,-23,-20,11,-30,-5,-34,-35,-31
943.2.a.d,943,19,1,6,3,14,3,9,3,24,10,-19,11,-27,10,19,12,8,49,-17,7,28,19,-4,9,30,27,57
943.2.a.e,943,24,1,9,3,12,-3,11,-5,26,-4,24,13,13,12,-24,14,36,37,27,-19,4,-5,30,-57,-6,75,-21
944.2.a.a,944,1,1,0,-3,-3,-3,-6,-6,-2,1,-8,-1,2,-4,-1,10,-6,5,1,-8,-2,4,-8,11,10,-16,-4
944.2.a.b,944,1,1,0,-2,-2,3,1,-3,7,-4,-4,4,4,-7,-11,-9,-10,0,1,-2,-4,-9,-14,-11,13,18,2
944.2.a.c,944,1,1,0,-2,2,-1,-1,-1,-1,0,0,-4,-4,3,-3,1,-10,-4,-1,-6,-4,-13,-6,1,3,2,-10
944.2.a.d,944,1,1,0,-2,2,3,-1,3,-1,8,-8,-4,4,-1,5,9,-2,12,-1,10,-4,15,10,-11,11,-6,14
944.2.a.e,944,1,1,0,-1,3,1,-6,-4,-6,-5,0,9,4,-4,-9,-8,12,-9,1,2,-2,0,14,7,0,-6,2
944.2.a.f,944,1,1,0,1,-3,1,2,-2,-2,-3,0,-1,-10,-12,7,6,6,-11,1,-12,-10,-4,12,15,14,4,0
944.2.a.g,944,1,1,0,1,-1,-1,-4,2,2,-3,-6,5,-4,-6,3,-8,2,11,-1,0,8,8,-6,1,-6,-16,-10
944.2.a.h,944,1,1,0,1,-1,-1,0,-2,-6,-3,6,-3,4,-2,-5,0,-2,3,-1,12,-4,0,-6,-15,14,12,6
944.2.a.i,944,1,1,0,1,-1,3,2,0,2,5,4,5,4,8,-1,0,-8,3,-1,-2,14,0,-2,13,-4,-18,2
944.2.a.j,944,1,1,0,1,1,-3,-2,-6,-2,5,-4,-5,-2,8,7,6,2,9,1,-8,2,-12,4,-5,-14,0,8
944.2.a.k,944,1,1,0,3,-1,-3,4,6,-6,7,6,-3,-8,2,3,12,2,-5,1,-4,8,-8,-10,-5,-6,-4,-14
944.2.a.l,944,3,1,0,0,-4,-8,-2,4,3,-8,4,-20,-8,-2,0,-12,-8,-8,3,-10,0,23,-4,-28,-14,10,-2
944.2.a.m,944,4,1,0,1,-3,9,4,-10,1,5,12,-9,14,-6,7,2,2,-15,4,18,6,7,28,-9,-4,-2,42
944.2.a.n,944,5,1,0,2,2,-2,2,8,-1,-6,8,14,0,18,-10,4,20,-10,-5,22,0,-3,-8,-10,-6,10,-22
944.2.a.o,944,6,1,0,1,7,4,3,9,14,3,-2,11,8,3,10,-1,0,25,6,-6,0,-2,14,36,-19,22,-12
945.2.a.a,945,2,1,-3,0,2,2,-4,-3,-5,-5,-11,-5,-6,-2,-5,0,-2,-5,6,-7,-17,-17,2,5,-20,4,5
945.2.a.b,945,2,1,-2,0,-2,-2,2,2,-4,6,-4,8,12,0,10,-2,2,2,-4,0,10,-4,10,24,-2,6,0
945.2.a.c,945,2,1,-1,0,2,-2,-2,-4,4,-6,-8,-2,-18,-6,8,-8,-8,-2,10,-12,4,4,-8,-12,-22,6,-6
945.2.a.d,945,2,1,-1,0,2,-2,-2,-1,-11,3,-11,1,6,-6,-1,-20,-8,-11,-8,9,1,-11,-14,-3,2,-18,3
945.2.a.e,945,2,1,-1,0,2,-2,4,5,1,-3,13,1,0,0,5,-2,22,-11,16,-21,7,1,10,9,8,-6,9
945.2.a.f,945,2,1,-1,0,-2,2,-6,-1,1,-3,-5,-7,-12,0,3,6,-8,-7,2,3,9,-15,-6,-23,10,0,-1
945.2.a.g,945,2,1,1,0,-2,-2,-4,5,-1,-3,-13,-1,0,0,-5,-2,-22,11,-16,-21,7,-1,10,9,-8,6,9
945.2.a.h,945,2,1,1,0,-2,-2,2,-4,-4,-6,8,2,-18,-6,-8,-8,8,2,-10,-12,4,-4,-8,-12,22,-6,-6
945.2.a.i,945,2,1,1,0,-2,-2,2,-1,11,3,11,-1,6,-6,1,-20,8,11,8,9,1,11,-14,-3,-2,18,3
945.2.a.j,945,2,1,1,0,2,2,6,-1,-1,-3,5,7,-12,0,-3,6,8,7,-2,3,9,15,-6,-23,-10,0,-1
945.2.a.k,945,2,1,2,0,2,-2,-2,2,4,6,4,-8,12,0,-10,-2,-2,-2,4,0,10,4,10,24,2,-6,0
945.2.a.l,945,2,1,3,0,-2,2,4,-3,5,-5,11,5,-6,-2,5,0,2,5,-6,-7,-17,17,2,5,20,-4,5
945.2.a.m,945,4,1,-1,0,-4,4,4,2,0,4,0,10,6,10,2,18,-18,4,2,8,10,8,-10,12,-24,8,10
945.2.a.n,945,4,1,1,0,4,4,-4,2,0,4,0,-10,6,10,-2,18,18,-4,-2,8,10,-8,-10,12,24,-8,10
946.2.a.a,946,1,1,-1,0,2,0,-1,2,2,4,8,2,0,2,10,1,0,-10,4,2,12,8,6,-4,12,-6,-14
946.2.a.b,946,1,1,-1,1,0,-4,1,2,6,2,-6,-9,-10,2,0,1,-6,-9,0,-1,-16,0,-1,-1,9,0,17
946.2.a.c,946,1,1,1,1,4,0,-1,-2,6,2,-6,1,-6,2,-4,-1,2,-9,4,1,4,-8,9,1,-1,8,-7
946.2.a.d,946,2,1,-2,-3,-5,2,2,4,-3,-1,3,-3,-5,9,-15,2,-7,-8,0,-12,18,-10,8,-7,-22,-20,-11
946.2.a.e,946,2,1,-2,1,-1,2,-2,-8,5,3,-1,17,-13,-11,-11,2,9,8,4,4,-22,2,-4,1,6,24,-3
946.2.a.f,946,2,1,2,-3,-3,0,2,-2,-3,-11,1,-5,-7,-9,-9,-2,-13,-6,-6,0,16,2,10,21,-12,12,9
946.2.a.g,946,4,1,4,-4,-6,-2,-4,-12,-8,-4,-10,-12,4,2,-12,4,8,14,-12,-24,-14,6,-28,-12,4,-34,-6
946.2.a.h,946,4,1,4,1,1,0,-4,10,5,5,9,7,1,7,19,-4,-5,22,-14,-4,-8,10,-10,5,4,0,13
946.2.a.i,946,5,1,-5,1,-2,-4,-5,4,-10,-6,-6,-9,-4,-4,-22,-5,-4,7,-14,-5,8,-22,-7,-31,-3,-6,31
946.2.a.j,946,6,1,-6,2,4,0,6,-4,8,-4,16,-4,22,-12,10,-6,18,12,18,-12,4,24,-34,10,2,26,-6
946.2.a.k,946,7,1,7,3,8,-2,7,4,10,-2,-4,5,-2,6,4,7,-6,1,-4,9,-6,0,13,-31,-11,10,23
947.2.a.a,947,35,1,-7,-10,-19,-27,-7,-68,-26,-32,-7,-20,-26,-98,-19,-35,-5,-20,-2,-97,-29,15,-113,-13,0,15,-133
947.2.a.b,947,44,1,5,8,17,25,3,72,16,26,5,16,36,94,19,31,3,10,-4,99,41,-13,101,17,6,21,117
948.2.a.a,948,1,1,0,-1,2,0,-2,2,8,0,-6,4,8,-2,4,4,12,-4,4,6,-4,4,6,-1,6,6,10
948.2.a.b,948,1,1,0,-1,4,-3,-1,5,-5,6,9,-1,-10,4,2,1,-6,10,14,6,8,-4,3,-1,9,-12,-17
948.2.a.c,948,1,1,0,1,0,-1,3,5,-3,2,-3,9,2,8,6,11,-6,6,-6,-10,8,-12,11,1,-3,-12,-1
948.2.a.d,948,2,1,0,-2,-1,-2,3,-3,-6,5,-5,-6,3,-14,-6,-2,-8,-18,-12,-4,15,-12,-7,2,-4,5,-15
948.2.a.e,948,2,1,0,2,-3,-4,-1,-7,-2,-3,-3,-4,-13,-6,0,-2,2,-4,10,-2,-5,8,-3,-2,20,13,13
948.2.a.f,948,3,1,0,-3,-3,1,6,-2,1,-13,10,11,-7,14,10,-9,12,30,-8,-12,-5,4,0,-3,-19,17,20
948.2.a.g,948,4,1,0,4,1,5,-4,4,11,7,10,-5,13,0,-8,-11,6,4,-6,24,-13,4,-22,4,-9,23,-6
949.2.a.a,949,2,1,-1,3,4,2,4,2,4,5,0,-9,5,3,17,12,-21,6,-24,-4,-14,8,-2,8,24,0,-16
949.2.a.b,949,2,1,3,3,0,6,0,2,0,5,0,9,-1,-13,3,-20,-3,-6,0,4,-14,6,-2,8,12,12,6
949.2.a.c,949,16,1,-3,-11,-6,1,-23,16,-18,-18,-38,-30,-17,-5,-11,-2,-3,-9,-35,-23,-3,1,16,-35,-60,-39,38
949.2.a.d,949,16,1,-1,3,4,-3,23,16,14,10,30,20,-5,3,11,28,33,25,59,-17,7,-1,-16,21,2,9,20
949.2.a.e,949,18,1,-3,-3,-12,-7,-35,-18,-10,-24,10,-18,-11,-3,-41,-22,-41,-5,-65,-11,-13,-23,-18,13,-76,-23,-14
949.2.a.f,949,19,1,4,5,8,5,27,-19,12,26,-2,6,13,-7,31,4,19,-29,65,33,13,29,19,-11,50,23,-16
950.2.a.a,950,1,1,-1,-1,0,1,0,1,3,1,-3,-3,2,10,6,-2,0,-3,3,8,7,12,13,14,-6,6,10
950.2.a.b,950,1,1,-1,1,0,-3,2,1,-3,-1,1,-5,-8,2,-8,-4,-8,1,15,2,-3,2,-9,-10,6,0,2
950.2.a.c,950,1,1,-1,3,0,5,-4,1,3,1,-7,-3,-2,2,-6,-6,0,13,-9,-12,3,0,-11,-2,10,2,2
950.2.a.d,950,1,1,1,-1,0,1,-6,-5,-3,1,-3,9,-4,-2,0,-8,0,3,9,-10,-5,-6,7,-10,6,-12,10
950.2.a.e,950,1,1,1,1,0,1,0,3,7,-1,5,-5,10,-2,2,-6,0,-9,-7,-4,-7,0,9,-10,2,-10,18
950.2.a.f,950,2,1,-2,2,0,6,0,6,2,-2,10,-6,4,0,0,12,0,-6,-6,20,18,-24,6,4,12,0,-12
950.2.a.g,950,2,1,2,-2,0,-6,0,-6,-2,-2,-10,-6,4,0,0,-12,0,6,-6,20,-18,-24,-6,4,-12,0,12
950.2.a.h,950,2,1,2,1,0,1,8,1,-11,-2,-3,1,-2,12,8,14,4,5,1,14,1,4,-9,-2,-14,4,-12
950.2.a.i,950,3,1,-3,-2,0,-4,0,-8,2,3,0,-8,4,-14,2,-18,14,-16,2,-30,-2,-8,-10,0,6,-14,-10
950.2.a.j,950,3,1,-3,-2,0,-2,2,6,-12,3,2,6,8,1,0,14,-3,10,6,-2,-4,-6,12,20,4,14,28
950.2.a.k,950,3,1,-3,-2,0,-2,2,2,4,-3,-14,14,-4,17,-8,-2,-13,10,-6,22,0,-2,12,24,-12,-30,0
950.2.a.l,950,3,1,3,2,0,2,2,-6,12,3,-2,6,8,-1,0,-14,3,-10,6,-2,4,-6,-12,20,-4,14,-28
950.2.a.m,950,3,1,3,2,0,2,2,-2,-4,-3,14,14,-4,-17,-8,2,13,-10,-6,22,0,-2,-12,24,12,-30,0
950.2.a.n,950,3,1,3,2,0,4,0,8,-2,3,0,-8,4,14,2,18,-14,16,2,-30,2,-8,10,0,-6,-14,10
951.2.a.a,951,2,1,1,-2,-1,-2,0,-1,0,0,-6,3,10,-9,-12,-12,7,13,-6,-26,23,-5,-7,-7,0,11,11
951.2.a.b,951,5,1,-2,-5,0,-2,3,-7,1,-11,7,-17,-18,-2,-13,12,10,-26,-6,10,-32,-7,-7,-16,42,-29,-32
951.2.a.c,951,7,1,-5,7,-7,-4,-15,-4,-15,-9,-13,-12,0,-11,-27,4,-17,-5,-8,0,11,-12,-2,9,-30,-24,-11
951.2.a.d,951,19,1,8,19,11,0,23,2,23,3,7,18,-8,-9,43,-12,17,13,26,-14,-5,14,-12,-7,78,46,-17
951.2.a.e,951,20,1,1,-20,-1,8,-3,12,-3,21,-3,14,16,29,27,28,-21,3,-6,32,43,14,50,41,-50,42,35
952.2.a.a,952,2,1,0,-1,-3,2,0,0,2,-4,-14,4,-7,8,-9,-9,-18,5,-8,13,11,0,-3,-6,-18,-10,1
952.2.a.b,952,2,1,0,1,-3,-2,2,-8,2,2,-12,-10,1,-2,5,-9,4,-19,4,-13,-9,-6,-1,12,-14,20,5
952.2.a.c,952,3,1,0,-3,-5,3,0,-2,-3,-2,-4,-10,7,-22,-11,7,-12,-9,-8,-27,15,-2,-1,12,-14,-6,9
952.2.a.d,952,3,1,0,-3,1,-3,-6,4,-3,-2,-6,-4,-13,0,-5,-5,-6,-9,-14,9,-13,-24,-7,-6,0,8,5
952.2.a.e,952,3,1,0,-1,3,-3,6,6,-3,-12,2,4,3,12,-5,7,10,7,4,19,-1,12,9,-22,-10,8,-3
952.2.a.f,952,3,1,0,1,3,3,6,0,-3,4,4,-8,3,-4,9,-1,8,19,14,1,7,6,-5,24,4,10,13
952.2.a.g,952,4,1,0,3,-1,-4,4,-8,4,14,8,4,5,-4,-7,19,8,5,0,-23,15,2,-5,-24,10,-16,-15
952.2.a.h,952,4,1,0,3,5,4,0,8,4,0,6,8,-7,8,15,-9,6,17,0,5,-9,-12,-11,-6,-6,2,9
953.2.a.a,953,32,1,-5,-16,-6,-38,-2,-30,-18,-19,-36,-1,-56,-23,-7,-42,-43,-22,-24,-24,-64,-13,-44,-28,-32,16,-35
953.2.a.b,953,47,1,2,16,6,42,6,32,4,21,34,-7,66,23,-9,62,87,-4,4,16,68,11,26,32,20,-6,63
954.2.a.a,954,1,1,-1,0,-3,2,3,-4,-3,-4,9,-6,5,-10,-6,-1,0,1,-15,-10,-4,-12,8,11,6,-9,-13
954.2.a.b,954,1,1,-1,0,-2,4,2,2,0,-4,0,6,-2,6,2,4,4,1,10,8,4,0,6,-10,-8,-4,6
954.2.a.c,954,1,1,-1,0,0,-4,0,5,3,-1,-3,-9,-4,5,-6,-10,-6,1,-6,8,-4,3,-4,-13,-3,-18,-7
954.2.a.d,954,1,1,-1,0,0,1,-5,0,-2,-1,-3,1,-4,0,9,0,-6,1,4,-7,1,-7,-14,-8,-8,12,13
954.2.a.e,954,1,1,-1,0,2,-3,-1,-2,2,-7,-5,5,-10,-2,-1,8,12,-1,-12,-5,-5,-9,4,10,0,-16,-7
954.2.a.f,954,1,1,-1,0,3,-4,5,-2,-5,6,7,8,1,2,-4,-1,6,-1,3,-2,-10,0,-6,15,10,5,19
954.2.a.g,954,1,1,1,0,-4,1,1,-4,-6,-1,-9,3,-8,12,-5,-8,2,-1,-4,-7,1,3,6,-4,8,4,-3
954.2.a.h,954,1,1,1,0,-2,-3,1,-2,-2,-7,5,-5,-10,-2,1,8,-12,1,12,-5,-5,9,4,10,0,16,-7
954.2.a.i,954,1,1,1,0,-1,-2,-5,-4,-3,-4,3,6,7,-6,-2,7,-4,-1,-7,2,16,-12,-12,-7,14,-17,3
954.2.a.j,954,1,1,1,0,0,5,3,-4,-6,5,3,-3,8,-4,3,-4,-6,1,12,-1,-13,15,2,-16,0,0,5
954.2.a.k,954,1,1,1,0,1,0,1,-2,7,2,5,4,-1,-2,4,-1,-6,1,-9,10,-2,0,10,1,-6,1,-13
954.2.a.l,954,1,1,1,0,2,4,-2,2,0,-4,0,-6,-2,6,-2,4,-4,-1,-10,8,4,0,6,-10,8,4,6
954.2.a.m,954,1,1,1,0,4,0,4,1,-5,-7,-1,-5,-4,1,10,-10,6,1,6,4,4,-15,-8,1,3,-2,17
954.2.a.n,954,2,1,-2,0,-1,1,2,-2,5,3,0,7,1,2,13,3,0,-2,3,5,9,5,0,15,18,1,0
954.2.a.o,954,2,1,2,0,-1,0,-3,12,9,-2,-3,2,-1,12,-2,11,10,2,3,-12,-14,0,4,-15,-2,3,-3
954.2.a.p,954,3,1,-3,0,0,-3,-3,6,-6,15,-3,-9,18,-6,3,-6,0,3,12,-15,9,15,-12,18,24,12,3
954.2.a.q,954,3,1,3,0,0,-3,3,6,6,15,3,9,18,-6,-3,-6,0,-3,-12,-15,9,-15,-12,18,-24,-12,3
955.2.a.a,955,1,1,-1,0,-1,2,-4,2,2,-4,4,10,-4,-8,6,8,-2,4,12,10,8,16,16,-16,2,6,-10
955.2.a.b,955,2,1,1,-2,2,1,-6,3,-9,10,-12,0,-6,-4,-1,13,-14,-7,0,-16,1,-21,-22,10,3,15,-14
955.2.a.c,955,12,1,-9,-5,12,-11,-7,-33,-24,-8,0,-41,10,-26,-18,-26,17,-44,-9,2,-9,10,-14,-5,2,-23,-45
955.2.a.d,955,14,1,-4,-1,-14,-2,-17,6,-7,-18,-6,-53,-16,-14,-39,5,-7,-45,-9,-32,12,-23,16,-11,-7,-40,49
955.2.a.e,955,17,1,7,-1,-17,-2,23,-12,-1,2,10,41,8,32,27,-19,9,41,9,4,-12,21,-66,51,21,34,-21
955.2.a.f,955,17,1,7,5,17,8,11,20,21,-2,8,33,-8,26,11,7,9,41,-19,-2,12,17,44,-25,11,14,19
956.2.a.a,956,1,1,0,0,3,-2,5,-2,3,4,6,5,1,-4,-2,-2,12,4,8,-7,-15,0,-10,10,11,8,-8
956.2.a.b,956,9,1,0,4,0,9,-3,11,-6,24,5,-4,28,17,2,15,2,0,15,18,38,3,6,2,-4,-29,-23
956.2.a.c,956,10,1,0,-4,-5,-9,-10,-9,-3,-26,-1,-11,-39,-13,0,-17,-14,-10,-31,-25,-29,-1,10,-28,3,33,7
957.2.a.a,957,1,1,1,-1,-2,-2,-1,2,6,4,6,1,0,-2,2,4,-4,-10,10,-4,12,6,-4,4,12,0,2
957.2.a.b,957,3,1,-3,3,0,-6,3,-9,-9,-3,-3,-3,0,-9,0,-18,9,-6,-3,-9,-9,3,-18,12,-9,12,-21
957.2.a.c,957,3,1,-1,3,-4,-2,-3,-3,5,-13,-5,3,-14,-5,-2,-12,-11,6,-9,13,-17,7,-8,4,3,-8,-9
957.2.a.d,957,3,1,1,-3,2,2,-3,-7,-7,-3,-3,3,4,9,8,0,31,22,11,3,15,7,-12,8,7,4,-9
957.2.a.e,957,3,1,1,3,-4,4,3,13,-7,11,-3,3,10,-3,6,0,3,6,1,-3,-9,-7,10,-26,9,-4,15
957.2.a.f,957,4,1,2,-4,4,4,4,1,5,-1,5,-4,2,-1,4,14,3,0,19,-19,19,21,-2,-8,-5,0,-19
957.2.a.g,957,6,1,3,6,4,2,6,-6,12,4,-4,6,2,4,-6,18,-10,-20,-16,10,20,-4,38,32,-10,-30,4
957.2.a.h,957,7,1,-6,-7,-2,-8,7,-5,-7,-7,-15,7,14,-13,-18,-30,-25,2,-13,11,-21,-21,2,-18,-21,0,39
957.2.a.i,957,7,1,-2,-7,-6,-4,-7,5,-5,3,-17,-7,-4,-5,0,-4,7,-34,-7,1,-37,-17,12,2,-33,-16,-33
957.2.a.j,957,10,1,1,10,2,10,-10,11,-11,17,15,-10,10,19,-12,8,5,4,3,15,47,21,-12,22,3,-8,13
958.2.a.a,958,2,1,-2,-1,5,4,4,-2,7,8,-6,-2,-16,8,-5,-6,-4,3,7,-6,17,30,18,-20,12,27,0
958.2.a.b,958,2,1,2,-3,-1,0,-10,2,-3,-6,-6,8,4,6,-19,-18,4,-1,-5,16,11,-18,-10,0,-32,11,24
958.2.a.c,958,6,1,6,-5,-6,-10,-7,-7,-10,0,-21,-34,-18,-19,18,6,-13,-22,13,-10,-22,7,16,-23,28,16,4
958.2.a.d,958,8,1,-8,-2,-3,-2,-5,-3,-15,2,-17,-16,8,-7,-11,0,-15,-23,-4,-6,-3,-5,-18,7,-30,-33,-28
958.2.a.e,958,10,1,-10,3,0,-2,3,5,22,-20,37,24,-8,-15,28,18,25,38,1,-4,-30,-19,4,-5,12,-24,4
958.2.a.f,958,11,1,11,4,3,6,11,5,13,10,21,12,10,3,-9,10,7,9,6,-4,1,17,-28,5,-4,-27,-38
959.2.a.a,959,2,1,1,0,6,2,0,6,-4,2,12,14,0,-12,0,10,0,6,8,-10,-2,6,12,-4,-28,0,10
959.2.a.b,959,7,1,-2,-3,-3,7,-2,-6,1,-6,-9,-5,-14,-19,-3,-15,-2,1,2,-33,-25,-13,-13,-41,16,-20,-12
959.2.a.c,959,10,1,1,-3,-3,-10,-6,-6,-11,-12,5,-9,-16,-13,-17,3,0,-3,-4,-35,3,-7,-15,-1,4,-12,-56
959.2.a.d,959,24,1,-1,7,9,-24,2,14,13,20,-1,13,44,11,41,-15,8,19,12,57,-21,-1,57,-1,26,42,90
959.2.a.e,959,26,1,4,3,-3,26,10,-6,11,4,-7,-7,14,59,13,29,-18,-1,-10,47,37,-9,13,67,-18,24,26
960.2.a.a,960,1,1,0,-1,-1,0,-4,2,2,4,0,2,0,10,10,4,-8,10,-4,2,12,8,10,0,12,-6,2
960.2.a.b,960,1,1,0,-1,-1,0,0,-2,6,-4,-8,2,-4,-10,2,-4,-8,2,8,2,-12,-8,-14,12,-4,-14,2
960.2.a.c,960,1,1,0,-1,-1,0,4,-6,-6,4,0,2,-8,2,-6,-12,8,-6,-12,-14,-4,8,-6,-8,12,10,2
960.2.a.d,960,1,1,0,-1,-1,4,0,2,-6,0,4,2,8,-6,-6,12,12,10,8,10,-12,-8,10,-16,12,-6,18
960.2.a.e,960,1,1,0,-1,1,-4,0,-2,6,4,0,6,8,-2,-6,4,0,6,0,10,4,0,2,8,-12,18,2
960.2.a.f,960,1,1,0,-1,1,0,-4,-2,-2,-8,4,6,0,-2,-6,-4,-12,6,-12,-14,12,0,2,-8,4,2,-14
960.2.a.g,960,1,1,0,-1,1,4,0,6,-2,-4,-8,6,0,6,10,4,8,-10,0,-6,4,0,-14,16,-12,2,2
960.2.a.h,960,1,1,0,-1,1,4,4,-6,2,4,0,-10,4,10,2,-4,-8,-2,12,10,12,0,10,4,4,-6,-14
960.2.a.i,960,1,1,0,1,-1,-4,0,2,-6,0,-4,2,-8,-6,-6,-12,-12,10,-8,10,12,8,10,16,-12,-6,18
960.2.a.j,960,1,1,0,1,-1,0,-4,-6,-6,-4,0,2,8,2,-6,12,-8,-6,12,-14,4,-8,-6,8,-12,10,2
960.2.a.k,960,1,1,0,1,-1,0,0,-2,6,4,8,2,4,-10,2,4,8,2,-8,2,12,8,-14,-12,4,-14,2
960.2.a.l,960,1,1,0,1,-1,0,4,2,2,-4,0,2,0,10,10,-4,8,10,4,2,-12,-8,10,0,-12,-6,2
960.2.a.m,960,1,1,0,1,1,-4,-4,-6,2,-4,0,-10,-4,10,2,4,8,-2,-12,10,-12,0,10,-4,-4,-6,-14
960.2.a.n,960,1,1,0,1,1,-4,0,6,-2,4,8,6,0,6,10,-4,-8,-10,0,-6,-4,0,-14,-16,12,2,2
960.2.a.o,960,1,1,0,1,1,0,4,-2,-2,8,-4,6,0,-2,-6,4,12,6,12,-14,-12,0,2,8,-4,2,-14
960.2.a.p,960,1,1,0,1,1,4,0,-2,6,-4,0,6,-8,-2,-6,-4,0,6,0,10,-4,0,2,-8,12,18,2
961.2.a.a,961,2,1,-2,-2,2,2,-2,-2,-6,6,-8,-8,0,2,2,-2,8,6,-6,0,-2,-14,2,-22,-6,-8,16
961.2.a.b,961,2,1,-2,0,0,8,0,0,0,-8,0,0,0,0,-4,0,24,0,16,0,-8,16,0,0,0,0,16
961.2.a.c,961,2,1,-2,2,2,2,2,2,6,6,8,8,0,-2,2,2,8,-6,-6,0,-2,-14,-2,22,6,8,16
961.2.a.d,961,2,1,1,-2,-3,6,-6,3,-4,10,-2,-15,0,-4,4,-7,-9,-12,10,4,-4,-11,3,0,3,-15,-24
961.2.a.e,961,2,1,1,2,-3,6,6,-3,4,10,2,15,0,4,4,7,-9,12,10,-4,-4,-11,-3,0,-3,15,-24
961.2.a.f,961,2,1,1,2,2,-4,-4,2,-6,0,2,-10,0,4,14,2,-4,12,0,6,16,4,-8,10,12,-10,-14
961.2.a.g,961,3,1,0,0,0,0,0,0,0,0,0,0,0,0,0,0,24,0,0,0,-36,0,0,0,0,0,0
961.2.a.h,961,4,1,6,0,0,-4,0,0,0,4,0,0,0,0,12,0,-12,0,12,0,24,12,0,0,0,0,-28
961.2.a.i,961,8,1,2,-3,3,-2,-18,-8,-14,-6,-22,-12,0,8,-22,2,-18,-6,-4,-30,-13,-1,-2,-8,-39,-27,34
961.2.a.j,961,8,1,2,3,3,-2,18,8,14,-6,22,12,0,-8,-22,-2,-18,6,-4,30,-13,-1,2,8,39,27,34
961.2.a.k,961,12,1,0,0,8,8,0,0,0,16,0,0,0,0,32,0,48,0,40,0,16,72,0,0,0,0,-8
961.2.a.l,961,16,1,-8,0,-16,-16,0,0,0,-32,0,0,0,0,-32,0,-32,0,-64,0,16,-48,0,0,0,0,0
962.2.a.a,962,1,1,1,0,2,-2,6,1,2,0,6,6,0,1,2,-6,-2,10,-4,-10,-14,-6,2,-6,6,-6,6
962.2.a.b,962,2,1,2,-1,-2,-5,-2,2,-3,0,-4,-12,-16,-2,-4,6,20,-2,1,-2,-6,6,-9,6,7,-6,-10
962.2.a.c,962,2,1,2,-1,-2,-3,-4,-2,-1,-8,2,-6,8,2,-10,-20,-14,-6,25,-6,6,10,-5,-8,5,2,-2
962.2.a.d,962,2,1,2,1,-6,5,6,2,-3,8,8,-2,10,2,-6,12,-2,-4,15,-6,6,-6,-25,-2,-7,-14,-8
962.2.a.e,962,3,1,-3,-3,2,-5,4,-3,1,2,-8,-2,2,-3,-4,-6,-14,-8,5,-24,-30,6,-9,-6,-11,8,6
962.2.a.f,962,4,1,-4,-3,0,-9,-4,4,5,-10,-8,6,-14,4,12,-18,-2,14,1,14,-16,-20,-3,-26,-23,14,-28
962.2.a.g,962,4,1,4,1,8,3,-8,4,6,3,-11,1,0,4,8,6,1,-2,1,21,12,3,14,7,-6,3,5
962.2.a.h,962,5,1,-5,0,-2,6,-2,-5,11,3,13,-1,8,5,-10,16,-1,-12,-18,27,8,-9,17,29,-13,-23,11
962.2.a.i,962,5,1,-5,0,2,10,-4,5,-3,7,-3,-17,4,-5,0,22,11,16,6,-7,0,25,45,17,5,-3,11
962.2.a.j,962,7,1,7,6,4,8,8,-7,7,-9,-3,17,-26,-7,-6,12,-13,12,4,-9,10,-17,27,-3,-3,11,-21
963.2.a.a,963,2,1,1,0,-2,-4,6,-2,-2,-8,4,2,-12,2,0,-6,-6,-14,-8,2,10,8,2,-4,12,10,-2
963.2.a.b,963,2,1,1,0,3,-4,-4,-12,3,2,-6,2,-2,-13,-10,9,14,6,-3,-13,-10,3,-8,1,-3,-20,-12
963.2.a.c,963,2,1,1,0,6,-2,4,-2,6,0,8,2,-4,2,10,0,-2,16,0,-2,12,4,6,-16,-14,-4,20
963.2.a.d,963,6,1,-3,0,-6,0,-6,-8,-4,-4,-14,-10,12,-12,6,-12,-16,-12,-8,-24,-4,-36,-26,8,8,8,-24
963.2.a.e,963,7,1,0,0,8,6,-4,6,10,8,-6,0,16,10,2,2,-16,16,-20,2,30,-32,-12,36,10,4,24
963.2.a.f,963,7,1,1,0,-5,4,2,18,1,-4,0,3,4,25,0,11,9,-8,19,25,-24,19,30,-21,-12,22,-4
963.2.a.g,963,9,1,-3,0,-14,0,-6,0,-20,4,-18,-20,-10,-12,-8,-10,-26,-32,-8,12,-10,4,-2,-8,-30,-12,2
963.2.a.h,963,9,1,3,0,14,0,6,0,20,4,18,20,-10,-12,8,-10,26,32,8,12,-10,-4,-2,-8,30,12,2
964.2.a.a,964,1,1,0,-2,1,1,-4,4,2,1,3,3,-8,4,9,-1,10,11,2,13,-2,7,8,14,6,2,-17
964.2.a.b,964,7,1,0,-1,-8,1,-10,-3,-10,-4,-6,-24,4,-14,-19,-8,-6,-21,-20,-8,-8,0,-4,19,-6,-21,13
964.2.a.c,964,12,1,0,5,11,0,20,3,4,5,-9,25,12,4,28,7,-16,12,30,3,-2,-21,-16,-23,-16,21,26
965.2.a.a,965,1,1,1,0,-1,4,2,2,2,6,0,2,4,10,2,-8,-6,2,4,2,-4,-2,2,2,-12,2,14
965.2.a.b,965,2,1,1,-1,2,-3,-7,-3,-7,-7,0,4,2,-2,-5,6,-3,-2,-10,-4,-3,-8,6,-28,24,11,2
965.2.a.c,965,8,1,-2,-6,8,-3,-14,0,6,-15,-5,-13,-29,-3,-3,-39,1,-3,-13,-18,-22,-26,-11,9,-30,-33,13
965.2.a.d,965,12,1,-1,-7,-12,-6,-1,-9,-3,-14,-11,1,-7,-23,12,-55,-14,-17,13,0,-61,28,-5,-29,-14,10,-7
965.2.a.e,965,20,1,3,11,-20,10,-1,13,9,10,25,1,-7,19,-8,79,28,7,-7,0,89,-40,5,15,36,-38,17
965.2.a.f,965,22,1,1,7,22,6,25,7,-5,28,7,7,33,9,4,49,-14,-13,29,2,53,52,17,39,-12,2,-5
966.2.a.a,966,1,1,-1,-1,-4,1,2,2,2,-2,1,-6,0,4,-10,-10,-8,0,0,-4,2,8,-2,-8,-6,6,-2
966.2.a.b,966,1,1,-1,-1,-2,-1,0,4,0,6,-1,-6,-10,-6,-2,12,10,-10,-12,-14,-12,-12,14,0,2,-12,12
966.2.a.c,966,1,1,-1,-1,2,1,-4,-4,-4,-2,1,-6,6,-2,-10,8,10,-6,-12,-10,8,-4,-2,-8,-6,0,-8
966.2.a.d,966,1,1,-1,-1,3,1,4,3,0,0,-1,1,-2,-5,5,-7,-3,12,-2,-6,-12,10,0,4,4,10,19
966.2.a.e,966,1,1,-1,1,0,-1,-2,-6,2,-6,1,-6,0,0,6,-6,8,-4,0,-8,-2,0,-2,8,-2,-2,14
966.2.a.f,966,1,1,-1,1,0,1,6,2,-6,2,1,-6,8,8,6,2,0,-12,0,8,-10,0,14,8,6,6,-10
966.2.a.g,966,1,1,1,-1,-2,1,-4,-2,-6,4,-1,-2,-8,6,-6,-4,-8,6,4,-10,4,-8,-6,0,-12,2,10
966.2.a.h,966,1,1,1,-1,1,1,0,-1,4,4,1,-1,10,-5,7,-3,3,0,6,-6,4,-2,-4,12,4,-6,-1
966.2.a.i,966,1,1,1,1,-3,1,0,5,0,8,-1,3,2,-7,9,-1,-3,-12,-6,14,-4,6,-4,-16,-12,6,-1
966.2.a.j,966,1,1,1,1,-2,-1,4,2,6,0,1,-2,4,6,-6,12,-12,6,-4,-10,4,-16,2,8,-16,6,-2
966.2.a.k,966,1,1,1,1,3,-1,4,-3,-4,0,1,3,-6,-9,9,-3,-7,-4,6,10,4,-6,-8,8,4,-14,-7
966.2.a.l,966,2,1,-2,-2,1,-2,2,-3,6,-2,2,11,-2,1,3,1,9,12,18,10,6,6,10,12,-10,28,-29
966.2.a.m,966,2,1,-2,2,-1,-2,0,5,0,2,-2,7,12,1,9,5,1,6,-14,20,8,2,2,0,-18,-18,17
966.2.a.n,966,2,1,-2,2,1,2,-8,5,8,2,2,7,-4,15,-7,3,-3,-6,-2,-4,4,-2,-10,16,14,-10,19
966.2.a.o,966,2,1,2,-2,-3,-2,8,-3,2,8,-2,13,2,11,1,-5,15,-2,6,-4,-8,18,-14,-4,8,-8,-13
966.2.a.p,966,2,1,2,2,4,2,0,0,0,-4,-2,-4,4,-4,-12,8,4,-4,8,-12,-8,-8,12,8,-4,-8,8
967.2.a.a,967,35,1,-12,-11,-27,-12,-13,-22,-66,-14,-22,-24,-4,-22,-74,-2,-66,-48,-46,-3,-19,4,-36,6,-67,-134,-95
967.2.a.b,967,45,1,11,11,27,4,11,16,72,8,14,14,12,24,74,4,62,66,34,-1,-1,28,42,-30,17,146,83
968.2.a.a,968,1,1,0,-3,-3,2,0,0,6,-4,1,8,-7,-1,-4,-6,-8,2,-1,-4,-5,3,-16,-2,2,15,-7
968.2.a.b,968,1,1,0,0,3,-4,0,-3,-3,-4,-8,5,-4,11,-7,12,-8,-1,-4,2,4,12,-10,-8,-4,3,-13
968.2.a.c,968,1,1,0,0,3,4,0,3,3,4,-8,-5,-4,11,7,-12,-8,-1,-4,-2,4,12,10,8,4,3,-13
968.2.a.d,968,1,1,0,1,1,-4,0,-4,-4,4,-3,-8,9,-5,12,-8,4,-10,7,8,11,-9,-4,-8,0,-1,1
968.2.a.e,968,1,1,0,1,1,4,0,4,4,-4,-3,8,9,-5,-12,8,4,-10,7,-8,11,-9,4,8,0,-1,1
968.2.a.f,968,2,1,0,-2,0,-2,0,-8,-2,-2,6,-8,14,4,-6,-12,-2,-4,-20,-12,-6,-8,-16,10,-2,2,6
968.2.a.g,968,2,1,0,-2,0,2,0,8,2,2,6,8,14,4,6,12,-2,-4,-20,12,-6,-8,16,-10,2,2,6
968.2.a.h,968,2,1,0,-1,-1,-1,0,5,-3,-3,-8,1,-9,-17,17,-12,-1,-1,-7,-3,-20,1,13,1,-21,0,-9
968.2.a.i,968,2,1,0,-1,-1,1,0,-5,3,3,-8,-1,-9,-17,-17,12,-1,-1,-7,3,-20,1,-13,-1,21,0,-9
968.2.a.j,968,2,1,0,1,3,2,0,2,-4,8,9,2,-7,-11,-6,6,16,8,-5,6,15,-5,-2,14,-10,-7,27
968.2.a.k,968,2,1,0,2,-4,-2,0,-2,-8,-10,6,2,-6,8,-12,-16,-10,-8,20,-20,10,12,4,2,6,-26,-10
968.2.a.l,968,2,1,0,2,-4,2,0,2,8,10,6,-2,-6,8,12,16,-10,-8,20,20,10,12,-4,-2,-6,-26,-10
968.2.a.m,968,4,1,0,2,1,-1,0,-1,12,-14,-2,9,11,13,8,-3,7,11,10,17,-5,-5,6,-7,-20,11,4
968.2.a.n,968,4,1,0,2,1,1,0,1,-12,14,-2,-9,11,13,-8,3,7,11,10,-17,-5,-5,-6,7,20,11,4
969.2.a.a,969,1,1,1,1,2,2,2,2,-1,-1,6,0,-8,12,-4,12,-8,6,-4,-6,12,-8,-10,-12,-4,-6,8
969.2.a.b,969,2,1,2,2,2,2,8,0,-2,-2,-8,0,16,0,12,-16,-10,-6,4,16,-2,10,-16,-4,6,2,-18
969.2.a.c,969,4,1,-3,4,-6,-5,-6,2,4,-4,-4,-11,-20,9,-3,-15,-21,-13,0,3,-14,-12,18,1,-15,-23,23
969.2.a.d,969,4,1,-1,-4,4,-3,-6,-10,4,4,2,-9,-14,5,1,-7,7,-3,-26,-9,-6,-14,-12,-45,-5,-25,5
969.2.a.e,969,4,1,1,4,4,3,6,-6,-4,-4,4,5,-10,-19,1,5,15,15,-12,-17,-22,30,22,39,7,13,1
969.2.a.f,969,5,1,-2,5,-8,-5,-10,-4,-5,5,-18,-13,-4,-7,-21,9,-11,1,-12,5,10,-28,4,-27,-15,-7,-3
969.2.a.g,969,5,1,2,-5,2,-7,-10,0,-5,-5,-8,5,-14,-15,3,-7,-7,7,10,-19,-14,-34,-6,-49,19,27,-1
969.2.a.h,969,7,1,0,-7,-6,9,4,0,-7,7,0,15,24,21,9,9,-15,-7,2,9,24,26,10,29,-13,-5,17
969.2.a.i,969,7,1,4,7,4,3,8,0,7,7,8,13,2,7,1,-3,15,15,20,1,-12,0,-12,15,13,3,-9
969.2.a.j,969,8,1,1,-8,-4,9,8,2,8,-8,10,-3,4,5,-9,25,27,-21,-2,11,4,22,8,21,3,3,-1
970.2.a.a,970,1,1,-1,-2,-1,0,3,-2,-1,-4,-6,5,-2,-8,10,10,9,-9,6,10,3,5,4,2,11,13,1
970.2.a.b,970,1,1,1,-2,1,-4,-1,6,3,0,6,3,-2,12,-6,-2,-1,-3,14,-10,11,-1,12,-6,-5,5,1
970.2.a.c,970,2,1,2,-3,2,-4,-4,-9,-11,5,0,-8,4,-13,-2,11,1,-2,-3,-9,-12,8,2,-14,4,-27,-2
970.2.a.d,970,2,1,2,-1,-2,-2,-4,-5,-7,-5,2,4,-12,5,-4,3,-5,-8,-5,-11,14,-12,-8,12,-2,1,2
970.2.a.e,970,3,1,-3,3,-3,-4,6,-7,5,11,2,12,-2,5,2,-13,9,12,23,-15,12,-14,-32,0,10,23,3
970.2.a.f,970,3,1,-3,3,3,0,1,1,8,-1,12,-3,8,5,4,5,8,11,9,-5,5,11,4,-20,11,2,-3
970.2.a.g,970,4,1,-4,0,-4,2,-8,4,0,-6,-6,-16,-8,2,-14,6,-12,2,-26,4,-2,-20,6,-10,-10,-14,-4
970.2.a.h,970,5,1,-5,-6,5,-6,-4,-4,-4,-8,-10,6,4,-8,6,-22,-14,-30,-28,16,-14,-30,-6,0,-42,-44,5
970.2.a.i,970,5,1,5,0,-5,2,1,6,15,2,10,7,8,-4,12,-6,15,1,8,24,-29,9,-12,-4,1,7,-5
970.2.a.j,970,5,1,5,4,5,8,2,0,-2,-2,-2,4,-6,-6,6,-4,14,20,2,-6,-12,-12,4,-8,6,24,5
971.2.a.a,971,26,1,-4,-6,-6,-12,-14,-34,-11,-22,1,-42,-16,-46,-19,-36,-10,-21,-12,-100,1,-1,-17,-52,18,11,-12
971.2.a.b,971,55,1,4,4,8,14,12,44,11,28,7,62,16,56,7,46,-16,37,-18,146,15,-9,49,72,-12,17,2
972.2.a.a,972,1,1,0,0,0,-4,0,5,0,-7,0,0,-7,-10,0,-13,0,0,0,-13,11,0,17,17,0,0,-19
972.2.a.b,972,1,1,0,0,0,-1,0,-7,0,-1,0,0,-7,11,0,-13,0,0,0,14,-16,0,-10,-13,0,0,5
972.2.a.c,972,1,1,0,0,0,-1,0,2,0,8,0,0,11,11,0,5,0,0,0,-13,11,0,17,-4,0,0,14
972.2.a.d,972,1,1,0,0,0,5,0,5,0,-7,0,0,11,-1,0,5,0,0,0,14,-16,0,-10,17,0,0,-19
972.2.a.e,972,2,1,0,0,0,4,0,-2,0,10,0,0,-14,-8,0,10,0,0,0,10,22,0,-2,22,0,0,-14
972.2.a.f,972,3,1,0,0,0,-3,-9,-3,-9,-3,-18,0,6,-3,-9,6,-18,0,-9,6,6,-9,6,-12,-18,18,-21
972.2.a.g,972,3,1,0,0,0,-3,9,-3,9,-3,18,0,6,-3,9,6,18,0,9,6,6,9,6,-12,18,-18,-21
973.2.a.a,973,1,1,0,1,0,1,0,-4,3,-7,6,-9,-4,-7,0,8,6,-6,-12,-1,-13,-3,2,8,6,-6,17
973.2.a.b,973,1,1,2,1,4,1,4,-2,-1,-7,-4,-1,-2,-3,2,10,6,-6,12,3,7,-11,-6,-4,-12,0,13
973.2.a.c,973,2,1,0,2,0,2,-4,-4,-2,6,4,2,-12,-6,4,-8,-4,12,0,6,2,-6,-12,-4,24,16,14
973.2.a.d,973,3,1,1,2,-2,3,6,12,1,4,9,11,7,-15,6,5,9,14,10,5,-22,32,16,-18,-27,-8,-15
973.2.a.e,973,4,1,1,0,-4,-4,9,8,7,-1,0,-11,-4,-6,-12,9,7,-4,25,-10,16,-20,-16,-12,16,-1,8
973.2.a.f,973,12,1,4,6,11,12,4,-2,23,12,3,-18,8,8,11,9,19,-16,39,-6,39,-13,0,0,84,24,-13
973.2.a.g,973,15,1,-7,-12,-19,15,-18,-12,-18,0,-14,5,-5,5,-37,-14,-46,-14,-47,-13,-25,-19,-18,14,-87,-18,2
973.2.a.h,973,15,1,7,7,-1,-15,13,-2,-4,12,24,15,13,16,17,15,33,28,14,-18,-2,34,14,14,71,-23,3
973.2.a.i,973,16,1,-9,-7,5,-16,-18,-4,-11,-11,-20,-24,3,-14,-1,-18,-34,-34,-13,12,-38,-50,10,-30,-79,14,-11
974.2.a.a,974,1,1,-1,-1,-2,-4,-5,1,-6,6,4,2,-4,6,7,-5,-12,-2,-3,0,2,-7,9,4,-4,17,-17
974.2.a.b,974,1,1,-1,0,3,-4,3,-5,8,0,6,10,7,6,3,-7,2,-2,5,-8,-2,-7,9,-4,-12,5,7
974.2.a.c,974,1,1,-1,2,-4,-4,2,4,6,0,-4,10,8,0,2,10,-12,2,-6,6,8,-8,-6,4,4,10,10
974.2.a.d,974,1,1,-1,3,-2,4,-1,5,2,-2,-4,-6,-4,6,7,-1,4,6,1,0,2,-15,9,4,4,-15,-17
974.2.a.e,974,1,1,1,-3,-3,2,3,-2,2,-6,0,-8,-5,-6,3,-4,-4,4,-7,10,10,-16,-6,-10,-6,2,7
974.2.a.f,974,1,1,1,-3,1,-2,-4,5,-4,-2,2,0,-7,-6,-2,-1,-2,0,-8,-12,-10,9,-3,4,-2,-3,-2
974.2.a.g,974,1,1,1,-1,-1,2,-4,-5,0,-6,2,4,5,6,-10,-11,-6,-4,0,0,-10,13,-3,4,-14,13,-2
974.2.a.h,974,1,1,1,-1,1,-4,1,-2,0,0,-8,-4,-7,6,-5,4,-6,10,3,0,-4,-16,6,-8,-4,2,7
974.2.a.i,974,2,1,-2,-2,-2,4,10,-4,0,0,-8,-16,10,12,10,-4,0,-8,6,12,16,-4,0,20,-16,8,14
974.2.a.j,974,2,1,2,2,-6,-4,-5,-1,2,-4,-6,0,-8,-12,9,-1,6,0,13,-14,12,9,7,-2,12,7,-11
974.2.a.k,974,3,1,-3,-1,-1,0,-1,-2,-2,-18,8,2,-5,-6,1,0,-14,-2,35,-2,-8,-10,2,-20,32,-18,-19
974.2.a.l,974,3,1,-3,-1,1,-2,2,-5,0,4,-2,-10,-19,0,-14,-5,26,6,-38,-24,-6,9,-13,-16,2,-1,-18
974.2.a.m,974,3,1,-3,-1,9,2,-5,2,8,14,-12,2,3,-10,9,-4,-8,10,3,22,8,22,14,6,12,-2,21
974.2.a.n,974,6,1,-6,1,-2,2,-5,0,-6,-4,10,-4,14,-2,-15,24,10,4,-7,16,-20,28,10,2,-14,6,33
974.2.a.o,974,14,1,14,8,8,12,7,9,-4,18,8,-4,28,0,-11,-1,12,-2,17,28,2,-3,-17,16,10,-21,-11
975.2.a.a,975,1,1,-2,-1,0,1,5,1,7,-6,-3,2,2,-7,9,8,-10,-5,0,5,4,9,6,-3,4,11,11
975.2.a.b,975,1,1,-2,-1,0,3,-5,-1,-5,2,1,10,-2,3,-9,4,-10,-9,0,-11,4,15,-6,-11,-8,-11,9
975.2.a.c,975,1,1,-2,1,0,-3,-1,1,1,-2,3,-2,-6,-11,-5,-4,10,-11,8,13,-12,-5,-10,-3,12,-15,-17
975.2.a.d,975,1,1,-1,-1,0,3,-1,-1,5,-8,0,1,3,8,-2,-8,11,11,5,1,-3,16,4,12,3,0,2
975.2.a.e,975,1,1,-1,1,0,-1,-1,-1,-7,0,0,5,-1,-8,6,-8,-5,-1,-3,-7,-7,0,-12,-12,11,8,10
975.2.a.f,975,1,1,-1,1,0,4,4,-1,-2,0,0,-10,4,2,6,12,0,-6,12,-2,8,0,-2,8,-4,-2,-10
975.2.a.g,975,1,1,0,-1,0,1,-1,1,1,-4,3,-8,-4,-3,-9,8,-10,1,4,-11,4,-1,-14,1,-6,-15,15
975.2.a.h,975,1,1,0,1,0,-1,-1,-1,-1,-4,-3,-8,-4,3,-9,-8,10,-1,4,-11,-4,-1,14,1,6,-15,-15
975.2.a.i,975,1,1,1,-1,0,0,4,-1,-2,-4,-8,-2,-8,-6,-6,4,8,-6,-12,-2,4,0,6,16,4,10,-18
975.2.a.j,975,1,1,1,-1,0,1,-1,1,7,0,0,5,-1,8,6,8,5,1,-3,-7,7,0,12,-12,-11,8,-10
975.2.a.k,975,1,1,1,1,0,-3,-1,1,-5,-8,0,1,3,-8,-2,8,-11,-11,5,1,3,16,-4,12,-3,0,-2
975.2.a.l,975,2,1,2,-2,0,0,-4,2,-4,0,8,4,-8,4,16,-8,12,4,4,4,-8,4,-12,0,4,24,4
975.2.a.m,975,3,1,-3,-3,0,1,-5,3,-13,6,-4,-9,3,-14,-8,0,-3,5,-17,3,1,-2,-6,-4,-7,-16,-46
975.2.a.n,975,3,1,-1,-3,0,-5,-1,-3,-7,6,-4,-13,7,-2,0,0,7,-9,3,-5,3,-18,-26,4,-13,-16,-26
975.2.a.o,975,3,1,0,3,0,-1,1,-3,1,6,7,18,6,-13,1,0,18,-11,-8,9,-4,-11,6,5,-8,11,25
975.2.a.p,975,3,1,1,3,0,5,-1,3,7,6,4,-13,7,2,0,0,-7,9,3,-5,-3,-18,26,4,13,-16,26
975.2.a.q,975,3,1,3,3,0,-1,-5,-3,13,6,4,-9,3,14,-8,0,3,-5,-17,3,-1,-2,6,-4,7,-16,46
975.2.a.r,975,5,1,0,-5,0,-5,5,-5,5,8,7,8,12,-17,5,-12,10,13,8,13,-28,5,14,1,6,19,13
975.2.a.s,975,5,1,0,5,0,5,5,5,-5,8,-7,8,12,17,5,12,-10,-13,8,13,28,5,-14,1,-6,19,-13
976.2.a.a,976,1,1,0,0,-3,3,1,1,-2,-2,-3,-8,0,-2,-3,-8,4,-10,-9,1,-13,12,5,17,-12,-8,-18
976.2.a.b,976,1,1,0,2,-3,-1,5,1,4,4,9,-6,0,8,5,8,-4,6,-9,-1,7,8,-11,-3,-4,-4,-14
976.2.a.c,976,1,1,0,2,1,5,3,-3,0,0,-5,6,0,-12,-3,8,-12,-2,9,-1,-7,16,-3,-1,12,12,2
976.2.a.d,976,2,1,0,-1,0,-5,-2,6,-2,-1,3,-11,1,-3,-9,-16,-8,-1,0,2,0,-9,1,12,-9,-14,17
976.2.a.e,976,2,1,0,0,-2,2,2,-6,-4,4,-6,-8,-4,-4,-6,4,-8,4,-6,-2,18,-28,-10,-14,-8,0,20
976.2.a.f,976,3,1,0,-2,-1,3,-13,-9,-2,0,-5,4,2,-6,3,14,4,-2,-29,3,-9,-14,-1,-13,8,-4,10
976.2.a.g,976,3,1,0,1,1,-4,7,-1,-6,3,-2,1,3,7,4,-12,8,11,23,-3,-21,-27,22,-3,11,-10,-5
976.2.a.h,976,3,1,0,2,-1,7,3,-5,-2,0,15,4,6,-6,3,6,16,14,3,3,11,6,-13,7,-8,20,-22
976.2.a.i,976,4,1,0,-1,-2,-7,-2,4,-2,-9,-15,-5,-17,7,-15,-4,-4,-15,12,-4,0,1,-1,-8,19,-6,13
976.2.a.j,976,4,1,0,0,5,1,1,5,6,6,-7,16,0,-2,13,8,8,0,5,-4,17,-20,-23,-7,-16,2,12
976.2.a.k,976,6,1,0,-3,5,-6,-3,7,6,-5,6,15,3,21,4,-6,8,3,3,6,-5,57,14,-5,-1,0,-19
977.2.a.a,977,36,1,-7,-13,-9,-48,-7,-41,-18,-43,-26,-2,-66,-19,-3,-58,-68,-8,-3,-22,-54,-9,-81,-36,-32,19,-49
977.2.a.b,977,45,1,4,11,7,52,5,43,12,45,20,-4,54,13,-1,58,44,-12,5,20,54,11,77,54,52,-7,37
978.2.a.a,978,1,1,-1,-1,-4,5,1,-2,1,-6,-6,4,-1,1,2,9,9,10,7,2,-2,15,-10,-4,-12,-5,17
978.2.a.b,978,1,1,-1,-1,-3,-3,-6,-1,-2,0,5,-7,7,-6,-5,7,4,14,-6,-10,14,-6,2,4,-5,0,-1
978.2.a.c,978,1,1,-1,-1,0,3,-3,2,1,6,2,-4,1,3,10,-11,7,-10,3,14,14,9,14,4,16,3,-7
978.2.a.d,978,1,1,-1,-1,2,2,4,4,-2,0,0,-2,2,4,-10,12,-6,4,4,-10,4,-6,2,14,0,10,14
978.2.a.e,978,1,1,-1,1,-3,1,2,-5,-2,0,-3,-7,11,-6,-9,-1,-12,-10,10,14,6,-14,-14,-4,15,-8,-17
978.2.a.f,978,1,1,1,-1,-1,-1,-2,-3,-2,-4,-1,3,5,-10,-5,-1,4,-14,14,-2,-10,-2,10,-12,-5,12,7
978.2.a.g,978,1,1,1,1,-3,-3,-4,1,-6,-2,-1,-3,7,-6,5,-7,2,-6,-10,8,6,14,-4,8,-1,-10,11
978.2.a.h,978,1,1,1,1,0,-1,3,2,3,2,-6,0,5,11,6,-7,9,-6,-3,-10,-10,-9,2,-4,12,9,-7
978.2.a.i,978,2,1,-2,2,-1,-3,-6,0,-9,5,-6,1,-13,-2,2,-2,-9,-10,0,-17,-3,-3,22,7,-20,-1,11
978.2.a.j,978,2,1,2,-2,3,1,8,-5,4,-6,7,3,3,20,-1,5,-10,4,2,14,10,2,6,-12,-13,-16,13
978.2.a.k,978,2,1,2,2,5,5,2,-8,-3,-3,-10,-9,-1,-10,-2,-6,5,14,12,-5,21,15,-2,-17,-4,-3,27
978.2.a.l,978,3,1,-3,-3,2,-6,2,-1,1,-7,-5,4,-10,-12,11,-13,-1,-4,-6,-1,-23,1,-26,-19,-1,5,-2
978.2.a.m,978,3,1,-3,3,3,-1,6,-1,4,-2,17,7,-3,6,5,-1,6,14,4,-8,2,14,-20,16,15,-8,9
978.2.a.n,978,3,1,3,3,1,-2,1,7,3,2,17,13,-10,-13,-5,8,-19,4,-5,-10,0,-7,-18,-14,-21,11,-18
978.2.a.o,978,4,1,4,-4,-3,-1,-4,16,3,11,-2,11,1,2,2,12,15,6,-14,11,-1,-19,2,13,0,-5,-7
979.2.a.a,979,1,1,0,2,3,0,-1,-1,6,4,0,7,8,2,5,-11,-11,-9,8,3,8,-8,6,16,-7,1,7
979.2.a.b,979,1,1,1,2,-2,-2,1,-2,-2,-6,2,6,-2,-6,-2,6,-4,-6,14,6,-4,-12,10,-4,6,1,14
979.2.a.c,979,11,1,-2,-5,-10,1,11,-6,-7,3,-25,-48,-30,-24,-10,11,-7,-15,-51,-35,-11,-18,-9,19,16,11,26
979.2.a.d,979,17,1,-4,-1,-14,-5,-17,-6,-19,-9,-13,-54,8,0,-16,-21,-3,-43,-1,-29,17,6,3,-43,-14,-17,-6
979.2.a.e,979,18,1,4,-1,11,3,-18,13,15,1,13,53,-32,10,17,20,-4,66,3,34,-39,38,9,-3,21,18,-13
979.2.a.f,979,25,1,4,3,18,-1,25,-4,13,-9,19,58,12,16,12,3,25,49,7,7,13,26,-21,-9,18,-25,6
980.2.a.a,980,1,1,0,-3,-1,0,-2,-6,2,0,-9,3,2,8,5,1,8,4,-8,7,-3,8,14,4,-1,13,-10
980.2.a.b,980,1,1,0,-3,1,0,-5,3,1,-6,6,-9,4,2,4,10,1,4,8,8,12,8,-2,13,4,-4,13
980.2.a.c,980,1,1,0,-1,-1,0,3,1,3,-2,-6,-9,-8,-10,0,2,3,0,-12,-8,8,0,-14,5,12,-12,-17
980.2.a.d,980,1,1,0,-1,1,0,-1,5,-1,6,-4,3,-2,8,10,-2,7,-2,-14,8,14,0,10,-11,4,-4,3
980.2.a.e,980,1,1,0,-1,1,0,6,-2,6,-8,3,3,-2,8,3,5,0,12,0,1,-7,0,10,-4,-3,3,10
980.2.a.f,980,1,1,0,1,-1,0,-1,-5,1,-6,-4,3,2,8,-10,-2,-7,-2,14,-8,14,0,-10,-11,-4,4,-3
980.2.a.g,980,1,1,0,1,-1,0,6,2,-6,8,3,3,2,8,-3,5,0,12,0,-1,-7,0,-10,-4,3,-3,-10
980.2.a.h,980,1,1,0,2,1,0,0,-2,6,4,6,6,4,2,-6,-10,6,-6,-12,-2,2,-12,-2,8,-6,6,-2
980.2.a.i,980,1,1,0,3,1,0,-2,6,-2,0,-9,3,-2,8,-5,1,-8,4,8,-7,-3,8,-14,4,1,-13,10
980.2.a.j,980,2,1,0,-2,2,0,-2,-10,-10,4,4,2,-12,-4,-4,12,-2,-16,-4,-16,-8,-4,-16,-2,16,0,-6
980.2.a.k,980,2,1,0,2,-2,0,-2,10,10,-4,4,2,12,-4,4,12,2,-16,4,16,-8,-4,16,-2,-16,0,6
981.2.a.a,981,1,1,-1,0,-3,2,-1,0,8,-5,-7,5,6,2,-2,-4,-9,-12,-12,-5,-12,6,-5,8,2,-1,1
981.2.a.b,981,1,1,1,0,1,-2,1,-4,4,-7,-1,-7,-2,-6,2,4,-7,4,-4,11,-12,10,11,8,-14,-5,-7
981.2.a.c,981,3,1,2,0,6,-1,13,-1,-3,-5,-1,6,-7,0,6,9,10,-9,25,-10,-11,10,20,-6,13,21,-20
981.2.a.d,981,3,1,3,0,3,-2,1,-2,8,5,9,7,6,-12,14,-8,1,8,2,5,10,2,-19,14,6,1,-9
981.2.a.e,981,4,1,1,0,-1,-3,-12,-7,-11,10,2,-1,-5,-12,-12,5,1,19,-27,-7,7,-32,-9,-24,-21,16,-11
981.2.a.f,981,6,1,-4,0,-5,-2,-7,6,-14,-15,-9,-5,-14,8,0,-4,-15,-22,-12,-11,0,2,-3,8,6,-39,35
981.2.a.g,981,6,1,0,0,0,-8,0,-8,0,-22,0,0,-32,0,0,-24,0,0,0,-14,-4,0,-26,-12,0,0,-22
981.2.a.h,981,9,1,-3,0,-1,6,5,6,0,13,5,3,18,16,-2,4,-3,0,22,-3,14,26,17,-22,14,5,27
981.2.a.i,981,12,1,0,0,0,8,0,8,0,38,0,0,24,8,0,0,0,0,0,34,12,0,6,44,0,0,2
982.2.a.a,982,1,1,-1,1,-2,2,-3,3,-3,-6,8,-6,-7,5,-5,7,-8,4,-12,-2,2,-13,0,16,-15,10,7
982.2.a.b,982,2,1,2,-3,-2,-3,3,0,-9,0,-13,-9,-2,12,0,-13,-9,-3,6,2,-20,18,2,-20,5,-6,5
982.2.a.c,982,5,1,5,-3,-7,-6,-7,-7,-8,-17,1,10,-17,-15,-13,5,-23,-1,-18,8,13,-19,2,32,-23,-10,1
982.2.a.d,982,9,1,-9,0,11,5,4,7,22,-8,12,16,-16,9,4,0,18,17,13,8,0,24,20,-19,58,32,-5
982.2.a.e,982,10,1,-10,-2,-10,-5,-2,-17,-17,9,-20,-7,19,-19,-17,-12,-30,-36,-2,-17,1,15,-14,-3,-36,-28,-18
982.2.a.f,982,13,1,13,5,8,7,11,0,19,18,8,0,15,-18,3,11,16,-9,17,-25,0,-9,10,6,53,-2,-14
983.2.a.a,983,28,1,-7,-6,-7,-25,-10,-28,-24,-13,-9,-14,-16,-58,-24,-43,2,-16,12,-22,-38,2,-124,-16,12,-3,-105
983.2.a.b,983,54,1,8,6,7,31,8,34,32,15,15,8,16,80,30,53,22,10,-4,24,54,-6,172,28,14,-5,127
984.2.a.a,984,1,1,0,-1,-2,0,1,4,-7,2,4,-9,-7,-3,1,1,-9,-2,-8,1,2,5,-11,10,2,-18,2
984.2.a.b,984,1,1,0,-1,-1,-2,2,-3,-3,7,6,0,7,10,1,-12,12,10,11,10,-7,1,1,4,15,1,-18
984.2.a.c,984,1,1,0,-1,2,4,5,0,-3,-2,0,3,1,-11,1,9,3,-2,8,1,2,1,-11,-14,6,-2,6
984.2.a.d,984,1,1,0,1,0,-2,-3,-6,-7,0,2,3,1,5,-1,-3,7,6,-12,-7,10,9,-11,-10,12,-6,-12
984.2.a.e,984,2,1,0,2,-4,-4,2,-4,-2,-8,0,-10,-10,-10,2,-14,-6,8,8,-6,-4,-2,18,-12,12,12,16
984.2.a.f,984,3,1,0,-3,0,0,-8,-2,-2,-6,-6,-4,-6,0,-3,-6,-10,-12,-24,-12,-8,-14,0,-2,-22,6,16
984.2.a.g,984,3,1,0,-3,3,-4,-6,3,11,5,8,8,-3,-4,-3,-2,0,22,-3,0,1,19,3,4,7,31,-8
984.2.a.h,984,3,1,0,3,1,6,-1,5,-2,9,4,-1,0,1,-3,9,5,0,7,9,21,-2,-4,20,-1,-13,-32
984.2.a.i,984,5,1,0,5,1,2,8,3,7,9,-2,2,1,16,5,6,-10,-6,-11,32,-9,-17,15,0,-15,-3,54
985.2.a.a,985,1,1,-2,-2,1,1,-6,4,0,1,-3,-1,2,3,5,1,-3,6,-8,1,-2,6,-8,-16,-15,-14,2
985.2.a.b,985,1,1,1,0,1,3,4,1,1,6,-3,7,-7,10,3,1,4,4,0,-7,2,-7,-3,-13,-4,-2,-8
985.2.a.c,985,2,1,-2,0,2,6,4,2,-2,-4,-2,-2,-6,4,10,6,4,0,16,-14,4,14,6,10,-28,-4,-8
985.2.a.d,985,2,1,-1,0,-2,-3,2,4,4,-3,-3,-11,0,-1,-9,1,-3,4,-12,19,12,-4,-12,-8,-11,0,-8
985.2.a.e,985,10,1,-2,-3,10,-6,-11,-5,-4,-28,-24,-16,-34,5,-15,-5,-14,-15,-49,-16,-2,-64,18,-11,4,-5,20
985.2.a.f,985,14,1,-6,-7,-14,-4,-5,-15,-18,20,-42,-2,0,-15,3,-15,-40,-39,19,-18,-22,-50,-10,1,-12,7,2
985.2.a.g,985,17,1,6,5,-17,7,7,3,6,-23,49,19,-18,10,14,22,51,37,23,-15,24,68,-10,3,29,-11,6
985.2.a.h,985,18,1,7,3,18,-8,9,-4,-1,23,48,4,51,-18,-5,-19,21,17,27,8,-8,57,-39,34,37,43,-8
986.2.a.a,986,1,1,-1,-2,0,5,0,5,1,-1,0,-1,-4,5,-3,5,-3,-9,6,11,2,15,-7,8,12,6,-10
986.2.a.b,986,1,1,-1,-1,1,-2,1,5,1,-4,-6,1,-1,2,2,-9,-3,3,6,-12,10,-14,-8,-11,-12,-16,-2
986.2.a.c,986,1,1,-1,2,-2,-2,-2,2,1,-4,6,1,-10,-10,2,-12,-12,6,0,6,4,10,-14,10,0,14,10
986.2.a.d,986,1,1,1,-2,0,1,-4,-3,-1,1,0,1,-4,-9,-9,3,-5,-1,10,1,-2,-5,-13,-12,0,14,-6
986.2.a.e,986,1,1,1,0,-2,-1,0,-1,1,-7,-4,-1,4,-3,-5,-1,-3,-3,-2,15,4,9,3,-14,6,8,2
986.2.a.f,986,1,1,1,1,-3,-2,-1,-3,-1,4,-6,1,-7,-6,6,-3,7,11,-2,-8,-2,-2,8,3,0,-4,18
986.2.a.g,986,2,1,-2,-2,2,2,-4,-8,2,-2,0,2,-8,-2,-8,6,12,0,-12,-6,-22,2,-4,-10,-6,-14,8
986.2.a.h,986,2,1,-2,0,0,-2,0,-2,-2,-2,4,-2,-8,-2,6,-6,2,6,-12,-10,-12,-22,22,-24,8,12,-20
986.2.a.i,986,6,1,-6,5,1,-3,-1,-2,6,16,-1,-6,20,-2,-9,6,5,8,33,8,13,-7,11,-6,25,-8,17
986.2.a.j,986,7,1,-7,4,0,2,12,0,-7,7,-3,7,13,25,14,10,-11,-14,-15,-1,27,8,8,35,-25,18,25
986.2.a.k,986,7,1,7,3,5,9,-1,0,-7,2,13,-7,14,18,-1,16,-1,14,-11,20,-9,5,-9,-2,-33,-12,25
986.2.a.l,986,9,1,9,0,0,1,0,9,9,10,-3,9,15,6,3,-19,-4,21,-1,6,3,9,9,7,-23,20,-29
987.2.a.a,987,1,1,-1,-1,2,-1,0,2,2,-4,-4,6,0,6,6,8,1,-10,-4,6,8,16,14,0,-12,2,18
987.2.a.b,987,1,1,-1,1,-2,-1,-2,4,6,-2,-6,-8,6,-6,-10,-4,1,-6,-12,-14,4,0,12,8,12,-14,-6
987.2.a.c,987,1,1,1,-1,4,-1,2,0,6,-4,6,6,-4,-10,0,6,1,10,12,10,-14,-8,-4,-8,12,18,-14
987.2.a.d,987,1,1,2,-1,0,-1,3,6,3,5,1,2,9,3,-2,-6,1,2,-3,-10,-2,-6,11,-13,-11,-1,18
987.2.a.e,987,1,1,2,1,4,-1,1,-2,-3,1,3,-2,-3,3,-10,-10,-1,-6,3,10,10,6,15,-13,3,1,6
987.2.a.f,987,2,1,0,-2,-2,-2,4,-8,-4,-2,-4,-2,-2,-8,10,-6,-2,20,0,4,-2,8,4,-16,-16,-4,-20
987.2.a.g,987,3,1,-1,-3,-1,3,-1,-6,5,-3,-2,-7,-4,-18,19,-9,3,-27,-7,-17,-20,0,-19,-2,9,13,3
987.2.a.h,987,3,1,-1,3,-1,-3,-1,-12,-5,-5,-14,1,-10,-6,5,13,3,-35,1,7,12,-24,3,2,-3,11,-3
987.2.a.i,987,3,1,1,-3,-3,-3,3,-2,-7,-3,8,9,-14,-2,-15,-5,-3,-25,7,-25,-2,4,-7,18,11,3,-7
987.2.a.j,987,4,1,-2,4,-7,4,-11,-8,-11,3,-14,-9,4,0,-9,-13,-4,-15,-17,9,-16,-12,3,-2,-9,-1,1
987.2.a.k,987,4,1,-1,-4,1,-4,-20,6,4,6,-9,-11,-5,21,1,-7,4,17,-4,5,22,-22,0,13,28,14,-29
987.2.a.l,987,5,1,0,5,5,-5,-2,14,10,0,7,19,3,-1,19,7,-5,13,0,7,-16,-6,-4,-11,0,10,5
987.2.a.m,987,9,1,3,-9,3,9,9,14,-5,5,0,1,0,16,1,15,-9,29,-33,7,22,-32,13,40,-1,-25,15
987.2.a.n,987,9,1,3,9,7,9,11,2,13,-9,12,13,-12,12,7,-9,9,27,5,-21,-2,36,-11,-16,-3,-5,-21
988.2.a.a,988,1,1,0,-2,0,2,0,1,-3,1,3,6,-1,-7,9,11,6,6,9,-1,11,12,8,-10,-6,6,11
988.2.a.b,988,1,1,0,0,-3,3,3,-1,-7,1,0,-8,2,-8,2,1,-7,-4,-12,-9,2,4,-13,6,4,-6,4
988.2.a.c,988,1,1,0,0,2,-2,-2,-1,-7,1,-5,2,-3,7,7,-9,-2,6,3,11,-3,-16,2,-4,-6,-6,-11
988.2.a.d,988,1,1,0,2,4,2,0,-1,-3,-1,3,-2,-11,-5,-5,11,-6,-14,11,7,-7,12,4,-2,-2,2,17
988.2.a.e,988,3,1,0,-3,-3,-3,-6,-3,12,3,0,3,-21,-6,-9,-9,-15,-21,-12,0,-3,-9,3,12,-24,-9,18
988.2.a.f,988,3,1,0,-1,-1,7,8,-3,4,-3,-4,5,3,12,-3,-5,29,13,6,12,7,-3,-11,0,26,-3,-22
988.2.a.g,988,4,1,0,-5,-3,-1,-2,4,1,-4,-17,-7,2,-9,-8,-10,-21,-1,-13,-5,-14,-11,17,-14,-12,37,1
988.2.a.h,988,4,1,0,5,2,-2,1,4,1,4,8,1,9,-4,-9,-12,10,11,-4,-5,-13,-21,-28,12,32,-9,-18
989.2.a.a,989,1,1,1,3,2,2,3,-3,0,-6,-1,-2,-4,3,-6,1,12,12,-10,-7,5,7,10,-15,-7,9,12
989.2.a.b,989,4,1,2,-2,-7,-2,14,7,-15,-10,4,-2,-10,-11,-10,4,-6,-7,-22,2,-25,15,13,-5,-2,4,24
989.2.a.c,989,10,1,-1,-5,-1,-2,-24,-18,-2,-22,10,8,-21,2,13,10,-8,-12,-1,-38,9,1,-8,-47,-13,-4,-76
989.2.a.d,989,16,1,-2,-11,0,-8,-10,-9,3,-28,-16,-16,-43,-17,-23,-16,-2,23,-23,-32,-40,-18,-29,-14,9,10,6
989.2.a.e,989,22,1,1,11,10,8,12,-1,3,46,22,0,33,17,-3,-22,-18,17,-3,30,18,26,25,14,31,36,-28
989.2.a.f,989,24,1,0,8,-6,2,9,18,-7,40,-24,10,57,0,19,24,6,-35,67,27,29,-19,-1,63,6,-25,28
990.2.a.a,990,1,1,-1,0,-1,0,-1,0,-2,2,-6,-2,0,-6,-2,-2,2,-2,-8,4,-4,2,-10,4,-12,0,-18
990.2.a.b,990,1,1,-1,0,-1,0,-1,6,-2,-4,0,10,0,6,-2,4,8,10,4,-2,-4,8,2,-8,12,6,18
990.2.a.c,990,1,1,-1,0,-1,0,1,-2,-2,-4,0,2,0,-2,-2,-12,-8,-6,12,6,4,0,-6,-16,-4,-10,2
990.2.a.d,990,1,1,-1,0,-1,3,-1,-6,7,5,6,-5,-3,3,-2,4,2,1,10,7,8,-7,14,10,6,15,-12
990.2.a.e,990,1,1,-1,0,1,-4,-1,-4,6,2,6,6,8,2,6,-10,6,-6,0,8,-4,6,14,-16,-12,0,14
990.2.a.f,990,1,1,-1,0,1,-1,1,2,3,-1,-6,9,5,5,6,8,-6,-9,-6,5,8,9,-10,14,6,15,8
990.2.a.g,990,1,1,-1,0,1,4,1,2,-2,4,4,-6,0,-10,6,-12,4,6,4,10,-12,4,10,4,-4,-10,18
990.2.a.h,990,1,1,1,0,-1,-4,-1,-2,2,-8,0,-2,-8,-10,10,0,0,-14,4,14,-4,-8,10,12,-4,6,-14
990.2.a.i,990,1,1,1,0,-1,-4,1,-4,-6,2,-6,-6,8,2,-6,-10,-6,6,0,8,-4,-6,14,-16,12,0,14
990.2.a.j,990,1,1,1,0,1,0,-1,2,2,8,-4,-2,8,-2,-6,8,4,-2,-4,-6,-12,12,2,0,-4,6,-14
990.2.a.k,990,1,1,1,0,1,0,1,0,2,2,6,2,0,-6,2,-2,-2,2,8,4,-4,-2,-10,4,12,0,-18
990.2.a.l,990,1,1,1,0,1,5,-1,2,-3,-7,6,3,-7,-7,-6,8,-6,3,6,-1,8,-3,2,-10,6,-9,-4
990.2.a.m,990,2,1,2,0,-2,1,2,4,3,7,6,3,1,13,0,-8,6,-9,-6,-5,16,-3,-8,-14,-6,-3,-14
991.2.a.a,991,33,1,-5,-6,-24,-9,-24,-12,-60,-18,-24,-53,-18,4,-109,-1,-14,-26,-28,-35,28,-28,-14,-29,-36,-117,-21
991.2.a.b,991,49,1,4,4,26,3,22,14,72,18,12,61,-2,2,127,-5,30,16,40,39,-4,16,34,-21,30,119,15
992.2.a.a,992,2,1,0,0,-2,-2,4,-4,-4,6,-8,0,-2,-12,-2,-4,-8,-8,6,-12,12,-10,-12,12,4,16,-2
992.2.a.b,992,2,1,0,0,-2,2,-4,-4,-4,-6,8,0,2,-12,-2,4,8,-8,-6,-12,-12,10,-12,-12,-4,16,-2
992.2.a.c,992,3,1,0,-2,0,-8,4,-4,-4,0,-14,0,3,6,-16,-10,-12,-6,8,12,-16,-8,6,-26,4,4,-16
992.2.a.d,992,3,1,0,2,0,8,-4,-4,-4,0,14,0,-3,6,-16,10,12,-6,-8,12,16,8,6,26,-4,4,-16
992.2.a.e,992,4,1,0,-4,2,-4,-10,0,2,-8,-2,0,-4,-10,2,-24,0,-2,-20,0,-24,16,8,6,-6,-18,-6
992.2.a.f,992,4,1,0,4,2,4,10,0,2,8,2,0,4,-10,2,24,0,-2,20,0,24,-16,8,-6,6,-18,-6
992.2.a.g,992,6,1,0,-2,2,2,-10,10,4,-2,4,10,6,26,6,-10,4,18,-6,10,4,30,4,20,-30,-20,30
992.2.a.h,992,6,1,0,2,2,-2,10,10,4,2,-4,10,-6,26,6,10,-4,18,6,10,-4,-30,4,-20,30,-20,30
993.2.a.a,993,2,1,-1,-2,4,4,0,2,10,4,4,-10,12,-6,10,-4,12,-8,24,12,-4,12,-2,4,6,12,-6
993.2.a.b,993,3,1,6,3,4,6,0,4,0,0,-4,-12,0,14,0,12,-14,-4,10,18,-12,12,-10,-28,-5,-9,4
993.2.a.c,993,10,1,-4,10,-4,-21,-7,-21,-3,-18,-26,2,-27,-29,4,-26,-15,4,17,-33,-14,-14,-20,-21,-2,23,6
993.2.a.d,993,10,1,7,-10,0,9,15,-7,-3,-10,26,24,-7,17,6,26,7,38,5,-41,22,30,-2,15,16,-13,-20
993.2.a.e,993,15,1,-6,-15,-8,-15,-9,7,-15,8,-38,-18,-9,-9,-8,-24,-33,-14,-11,39,-32,-44,-6,-43,-51,-20,-8
993.2.a.f,993,15,1,-1,15,-2,17,5,17,1,24,22,16,23,7,-14,16,3,-2,-13,23,40,-12,22,65,-2,-9,30
994.2.a.a,994,1,1,-1,-2,2,-1,4,0,-4,6,0,-2,0,-2,0,-4,4,6,8,8,12,1,2,4,6,14,-8
994.2.a.b,994,1,1,-1,1,0,-1,-5,5,-2,4,-7,-5,-4,1,5,-8,8,-6,-8,13,-8,-1,-4,-6,-9,0,-7
994.2.a.c,994,1,1,-1,1,0,1,-3,-1,-6,-4,3,-9,8,5,3,-4,-12,6,12,-1,8,1,-4,-10,-9,-12,-1
994.2.a.d,994,1,1,-1,2,-2,1,4,0,0,2,8,6,-8,6,12,-4,12,6,-4,0,4,-1,-14,4,-14,6,-12
994.2.a.e,994,1,1,1,-2,0,1,-6,2,-6,2,0,-6,8,-10,-6,-4,0,-12,-12,2,2,-1,2,8,6,-6,2
994.2.a.f,994,1,1,1,-2,4,-1,2,6,-2,-6,0,2,0,-2,6,-4,8,-12,4,14,-6,-1,2,16,6,-14,-2
994.2.a.g,994,1,1,1,0,-2,1,-4,-6,6,0,-8,-2,0,6,-10,-4,8,-2,12,10,-12,-1,-6,-8,-16,2,14
994.2.a.h,994,2,1,-2,2,-2,-2,2,0,4,-6,0,8,12,-4,12,-8,8,-6,4,-8,-6,2,4,8,18,-20,-4
994.2.a.i,994,3,1,-3,-2,4,3,4,-2,0,0,2,18,14,-14,0,0,12,-6,20,-2,-4,-3,-4,-4,22,12,28
994.2.a.j,994,3,1,-3,-1,-2,3,-5,3,-2,-2,-13,-1,-12,-7,-21,-4,4,-20,-16,-21,-2,3,24,-2,21,-16,15
994.2.a.k,994,3,1,3,-2,-4,-3,-2,-8,-4,-8,6,-6,-14,-10,-4,4,-8,0,-18,-12,6,3,-12,12,-2,-20,16
994.2.a.l,994,3,1,3,0,0,-3,0,0,6,18,-6,0,0,0,24,12,0,12,12,-12,-18,-3,18,12,-24,18,-12
994.2.a.m,994,3,1,3,6,2,-3,2,6,12,-2,-4,10,-4,-2,-12,-4,0,-24,-2,2,-2,-3,-10,-28,2,10,20
994.2.a.n,994,4,1,-4,-1,-4,-4,-1,-1,-6,-12,3,-3,-6,3,-27,8,-12,4,-32,7,20,-4,4,-18,-11,-40,13
994.2.a.o,994,7,1,7,0,2,7,8,2,2,0,8,16,-2,8,8,4,-8,28,4,6,14,7,-12,-20,4,-8,0
995.2.a.a,995,1,1,0,1,1,2,-6,-4,3,-4,0,-6,-7,2,-6,8,12,6,-6,-13,5,0,-13,8,-12,3,14
995.2.a.b,995,1,1,1,-2,1,4,0,-2,0,4,0,2,0,4,6,8,0,6,0,6,2,-4,8,8,-14,-10,0
995.2.a.c,995,3,1,-6,-1,3,0,0,-6,-9,6,-12,10,-1,-20,6,-14,0,0,2,-23,-7,14,-15,4,-6,9,-12
995.2.a.d,995,9,1,-1,-5,9,-15,6,-29,-19,-16,0,-8,4,-14,-6,1,-11,-46,10,-11,-9,-11,-13,-14,6,3,-43
995.2.a.e,995,13,1,1,-1,-13,-5,-12,-23,11,-26,12,-20,-16,-28,-30,-5,-7,6,-28,-51,-29,-3,-23,-10,8,-33,-13
995.2.a.f,995,19,1,5,7,19,7,0,37,23,14,8,-4,8,24,-6,-1,13,20,-12,25,17,-27,47,2,32,15,31
995.2.a.g,995,21,1,-3,1,-21,11,0,33,-15,26,-8,12,28,30,18,11,-3,-18,-6,65,17,15,23,2,-2,15,49
996.2.a.a,996,1,1,0,-1,4,4,4,-2,6,-2,-8,-6,-8,-2,-6,2,-12,4,12,2,-10,-8,14,6,-1,4,6
996.2.a.b,996,1,1,0,1,-3,2,-3,-4,0,-7,-3,-6,8,11,0,-4,-12,-3,-9,-1,-13,6,-10,8,-1,3,8
996.2.a.c,996,1,1,0,1,-1,-2,-3,0,-8,3,-3,6,-4,-5,-8,4,0,7,-9,-9,9,-2,10,8,-1,-15,8
996.2.a.d,996,2,1,0,-2,-2,0,2,-4,0,-6,6,-8,-4,-10,-4,-12,8,-6,-6,-14,-6,0,-8,4,2,-18,-4
996.2.a.e,996,4,1,0,-4,2,-4,0,6,0,6,0,20,12,16,20,2,8,8,-12,24,24,-14,14,18,-4,8,10
996.2.a.f,996,5,1,0,5,4,0,8,4,6,6,8,6,-4,6,26,-4,0,10,16,-2,-24,10,4,-24,5,6,-4
997.2.a.a,997,1,1,-2,-1,-2,-4,-2,-1,-6,-4,1,-4,-8,4,-6,-12,8,1,-7,-10,3,11,-10,1,0,1,18
997.2.a.b,997,1,1,-2,-1,0,4,0,-5,-4,4,1,0,8,-2,-10,6,2,-11,-11,-8,-5,-9,10,5,-12,9,-6
997.2.a.c,997,1,1,0,-1,-4,-2,-2,-5,-2,-4,-3,2,-4,-10,-2,6,-6,9,-3,4,-9,-13,10,-11,12,-7,-18
997.2.a.d,997,4,1,2,-1,-4,4,-18,7,-2,-2,9,-21,-7,20,-1,8,13,-3,-36,-21,-6,-35,10,-11,-1,0,-1
997.2.a.e,997,5,1,-4,-6,0,-4,6,4,-7,8,-24,4,7,7,8,-16,-7,-45,-19,2,-8,-1,-12,-12,7,-10,10
997.2.a.f,997,5,1,0,-1,-10,-10,-6,-1,6,4,-15,-4,0,0,-12,-4,6,1,9,40,-5,11,-10,-7,-16,5,-26
997.2.a.g,997,23,1,-8,-13,2,-5,-27,-16,-28,-23,-49,-4,-18,-49,9,-55,-55,-17,-4,-15,-45,-25,-3,5,-60,-35,13
997.2.a.h,997,42,1,14,24,16,15,49,9,37,15,68,31,18,28,18,51,49,65,53,-6,57,47,-19,30,46,9,8
998.2.a.a,998,2,1,-2,-3,1,1,-1,-2,-4,-7,9,8,6,-4,-8,-12,6,-10,-3,2,-18,13,-23,5,-13,-18,-12
998.2.a.b,998,2,1,-2,0,0,-2,3,-10,-9,7,-3,6,-3,-9,15,-10,-18,-6,9,-4,3,-9,2,-20,18,6,6
998.2.a.c,998,2,1,2,3,-3,1,9,8,6,-5,3,0,-6,6,-6,8,6,-12,15,14,-24,-21,-7,-5,-27,0,6
998.2.a.d,998,3,1,3,-3,0,-6,-6,-9,-6,0,-9,6,-9,0,9,-15,-9,3,3,18,-24,-12,-9,15,-3,-21,15
998.2.a.e,998,3,1,3,2,3,4,-1,-8,7,3,-5,1,8,-3,19,15,-11,6,-5,-20,-2,1,-1,20,8,-14,8
998.2.a.f,998,4,1,-4,-1,-5,-8,6,-3,12,0,-7,-19,-12,-14,5,4,0,1,9,-34,1,16,-8,3,-13,21,-43
998.2.a.g,998,4,1,4,-5,-3,-7,-2,0,-7,-16,-2,-6,-1,-15,-23,10,-4,4,-22,-22,21,16,-13,-21,-9,28,-42
998.2.a.h,998,9,1,9,4,2,10,3,6,-2,17,7,-16,16,1,-5,-11,16,-10,0,11,34,36,8,-21,12,13,7
998.2.a.i,998,13,1,-13,7,7,11,-3,14,11,9,3,10,5,30,-6,21,-2,16,-26,35,31,-16,39,0,-25,-11,55
999.2.a.a,999,1,1,-1,0,-1,-1,2,-2,3,0,1,3,-4,-1,0,-4,0,-4,-11,-8,-7,-6,2,-2,6,-10,-8
999.2.a.b,999,1,1,1,0,1,-1,-2,-2,-3,0,-1,-3,-4,-1,0,-4,0,4,11,-8,-7,6,2,-2,-6,10,-8
999.2.a.c,999,2,1,0,0,0,-2,0,-8,0,-8,0,0,4,2,0,-8,0,0,0,4,10,0,-20,-20,0,0,28
999.2.a.d,999,2,1,0,0,0,-2,0,-4,0,0,0,0,-8,-2,0,16,0,0,0,-16,10,0,28,20,0,0,32
999.2.a.e,999,6,1,-3,0,-4,-1,-9,0,-10,-7,-8,-16,2,-6,-30,8,0,-17,1,9,-3,-33,-8,15,-7,-29,7
999.2.a.f,999,6,1,-3,0,-4,-1,-7,-2,-10,1,-4,-22,-8,6,-18,-6,-8,-3,-21,-9,5,-3,0,-21,3,-29,-29
999.2.a.g,999,6,1,3,0,4,-1,9,0,10,-7,8,16,2,-6,30,8,0,17,-1,9,-3,33,-8,15,7,29,7
999.2.a.h,999,6,1,3,0,4,-1,7,-2,10,1,4,22,-8,6,18,-6,8,3,21,-9,5,3,0,-21,-3,29,-29
999.2.a.i,999,8,1,0,0,0,8,0,8,0,16,0,0,8,-8,0,-16,0,0,0,8,16,0,24,-16,0,0,-8
999.2.a.j,999,10,1,0,0,0,6,0,16,0,16,0,0,28,10,0,8,0,0,0,44,18,0,-4,20,0,0,28
1000.2.a.a,1000,2,1,0,-1,0,-1,2,-2,-10,2,-9,-1,10,-12,-11,-7,-7,-8,6,-15,-12,6,6,12,-11,-3,2
1000.2.a.b,1000,2,1,0,-1,0,4,-8,-7,0,-3,6,-16,-5,-2,-6,8,3,-13,-9,-5,3,-4,-19,-8,4,-8,-3
1000.2.a.c,1000,2,1,0,1,0,-4,-8,7,0,-3,-6,-16,-5,2,-6,-8,-3,13,-9,-5,-3,-4,19,-8,-4,-8,3
1000.2.a.d,1000,2,1,0,1,0,1,2,2,10,2,9,-1,10,12,-11,7,7,8,6,-15,12,6,-6,12,11,-3,-2
1000.2.a.e,1000,4,1,0,-4,0,-6,0,-4,-4,0,-14,10,-16,0,2,-12,-16,-24,8,6,16,-24,-4,-48,-2,10,-4
1000.2.a.f,1000,4,1,0,-1,0,-9,5,4,4,0,-11,10,9,15,17,12,-14,-6,18,11,-1,26,9,-8,12,5,29
1000.2.a.g,1000,4,1,0,1,0,9,5,-4,-4,0,11,10,9,-15,17,-12,14,6,18,11,1,26,-9,-8,-12,5,-29
1000.2.a.h,1000,4,1,0,4,0,6,0,4,4,0,14,10,-16,0,2,12,16,24,8,6,-16,-24,4,-48,2,10,4
