l,size,n_eis_members,persistent_pairs,breaking_pairs,min_break_prime,pair_classes,conductors,members
5,143,143,10153,0,None,"{'EIS': 10153}","[11, 38, 50, 57, 58, 66, 75, 110, 118, 123, 150, 155, 158, 175, 186, 203, 246, 286, 302, 325, '...+118 more']","['11a', '38b', '50b', '57c', '58b', '66c', '75c', '110a', '118b', '123a', '150a', '155a', '158c', '175a', '186b', '203a', '246b', '286d', '302a', '325e', '...+123 more']"
5,64,0,2016,0,None,"{'EIS': 0, 'P3': 1933, 'P2': 78, 'P1': 5}","[99, 171, 198, 225, 342, 369, 450, 522, 558, 738, 990, 1062, 1098, 1278, 1395, 1422, 1575, 1611, 1710, 1818, '...+40 more']","['99d', '171c', '198e', '225d', '342g', '369b', '450c', '450d', '522f', '558d', '738b', '990d', '1062d', '1098e', '1278c', '1395c', '1422b', '1575k', '1611h', '1710c', '...+44 more']"
5,53,0,1378,0,None,"{'EIS': 0, 'P3': 1243, 'P2': 122, 'P1': 13}","[50, 75, 150, 175, 275, 325, 550, 775, 950, 1050, 1425, 1450, 1650, 1950, 1975, 2175, 2350, 2550, 2850, 2950, '...+22 more']","['50a', '75a', '150b', '175c', '275b', '325d', '550b', '550f', '775c', '950a', '1050d', '1425b', '1450a', '1650b', '1650c', '1650d', '1950b', '1975d', '2175f', '2350e', '...+33 more']"
5,37,0,666,0,None,"{'EIS': 0, 'P3': 643, 'P2': 21, 'P1': 2}","[176, 304, 400, 464, 528, 880, 912, 944, 1200, 1264, 1488, 1968, 2288, 2416, 2480, 2800, 2928, 3248, 3408, 4400, '...+15 more']","['176b', '304a', '400b', '464c', '528f', '880g', '912f', '944h', '1200k', '1200m', '1264e', '1488h', '1968h', '1968j', '2288e', '2416b', '2480m', '2800y', '2928j', '3248g', '...+17 more']"
5,22,0,231,0,None,"{'EIS': 0, 'P2': 53, 'P1': 15, 'P3': 163}","[225, 450, 1575, 2475, 2925, 3150, 4275, 4950, 5850, 6525, 6975, 7650, 8550, 9225]","['225e', '450a', '450b', '1575i', '2475h', '2925r', '3150bp', '4275i', '4950bf', '4950bh', '4950bo', '4950bq', '4950br', '5850bw', '6525m', '6975m', '7650cp', '8550y', '8550z', '8550bl', '...+2 more']"
5,20,0,190,0,None,"{'EIS': 0, 'P3': 177, 'P2': 12, 'P1': 1}","[539, 1225, 1421, 1862, 2450, 2793, 2842, 3234, 3675, 4018, 4655, 5390, 5782, 6027, 7350, 7595, 7742, 8085, 9114]","['539d', '1225j', '1421e', '1862f', '2450v', '2793f', '2842e', '3234s', '3675f', '4018n', '4655k', '5390ba', '5782h', '6027c', '7350bt', '7350cc', '7595c', '7742l', '8085j', '9114r']"
5,17,0,136,0,None,"{'EIS': 0, 'P3': 128, 'P2': 6, 'P1': 2}","[704, 1216, 1600, 1856, 2112, 3520, 3648, 3776, 4800, 5056, 5952, 7872, 9152, 9664, 9920]","['704a', '1216f', '1600c', '1856a', '2112d', '3520b', '3648f', '3776f', '4800e', '4800l', '5056b', '5952f', '7872f', '7872h', '9152a', '9664b', '9920h']"
5,17,0,136,0,None,"{'EIS': 0, 'P3': 128, 'P2': 6, 'P1': 2}","[704, 1216, 1600, 1856, 2112, 3520, 3648, 3776, 4800, 5056, 5952, 7872, 9152, 9664, 9920]","['704k', '1216j', '1600q', '1856l', '2112bd', '3520y', '3648be', '3776m', '4800cg', '4800cl', '5056r', '5952ba', '7872bf', '7872bj', '9152ba', '9664g', '9920s']"
5,14,0,91,0,None,"{'EIS': 0, 'P1': 6, 'P3': 83, 'P2': 2}","[1584, 2736, 3600, 4176, 4464, 5904, 7920, 8496, 8784]","['1584p', '1584s', '2736s', '2736x', '3600bi', '3600bj', '3600bm', '4176bc', '4464s', '5904l', '5904o', '7920bd', '8496o', '8784v']"
5,10,0,45,0,None,"{'EIS': 0, 'P2': 11, 'P3': 33, 'P1': 1}","[121, 726, 1210, 3146, 4598, 6050, 6897, 7018, 9075]","['121d', '726e', '1210g', '3146c', '4598k', '6050g', '6050n', '6897g', '7018b', '9075n']"
5,10,0,45,0,None,"{'EIS': 0, 'P2': 12, 'P1': 4, 'P3': 29}","[400, 1200, 2800, 4400, 5200, 7600, 8400]","['400c', '1200q', '1200r', '2800be', '4400m', '4400n', '4400w', '5200bf', '7600p', '8400ct']"
5,8,0,28,0,None,"{'EIS': 0, 'P2': 8, 'P3': 20}","[20, 140, 460, 740, 1340, 2740, 3140, 9940]","['20a', '140b', '460b', '740a', '1340b', '2740a', '3140c', '9940a']"
5,8,0,28,0,None,"{'EIS': 0, 'P2': 7, 'P3': 21}","[35, 1155, 1785, 2415, 3885, 4305, 6195, 6405]","['35a', '1155d', '1785d', '2415b', '3885b', '4305a', '6195a', '6405b']"
5,8,0,28,0,None,"{'EIS': 0, 'P2': 7, 'P3': 18, 'P1': 3}","[108, 2700, 3132, 6372, 6588]","['108a', '2700g', '3132a', '3132b', '6372a', '6372f', '6588e', '6588f']"
5,8,0,28,0,None,"{'EIS': 0, 'P2': 10, 'P3': 17, 'P1': 1}","[338, 1014, 2366, 3549, 4225, 7098, 7943]","['338d', '1014c', '2366h', '3549e', '4225f', '7098o', '7098p', '7943e']"
5,8,0,28,0,None,"{'EIS': 0, 'P2': 10, 'P3': 17, 'P1': 1}","[338, 1014, 2366, 3549, 4225, 7098, 7943]","['338e', '1014g', '2366n', '3549b', '4225g', '7098y', '7098z', '7943d']"
5,7,0,21,0,None,"{'EIS': 0, 'P2': 6, 'P3': 15}","[30, 930, 1110, 1290, 1590, 1770, 4710]","['30a', '930f', '1110e', '1290c', '1590g', '1770c', '4710f']"
5,7,0,21,0,None,"{'EIS': 0, 'P2': 6, 'P3': 15}","[40, 920, 2440, 2680, 6520, 7160, 7880]","['40a', '920a', '2440c', '2680a', '6520a', '7160b', '7880a']"
5,7,0,21,0,None,"{'EIS': 0, 'P2': 10, 'P3': 11}","[135, 270, 1890, 2970, 4590, 5805, 6210]","['135a', '270b', '1890n', '2970q', '4590k', '5805b', '6210p']"
5,7,0,21,0,None,"{'EIS': 0, 'P2': 10, 'P3': 11}","[135, 270, 1890, 2970, 4590, 5805, 6210]","['135b', '270d', '1890b', '2970e', '4590e', '5805d', '6210i']"
5,7,0,21,0,None,"{'EIS': 0, 'P3': 18, 'P2': 3}","[214, 1605, 2675, 2782, 4494, 7062, 8239]","['214c', '1605c', '2675a', '2782b', '4494a', '7062b', '8239e']"
5,7,0,21,0,None,"{'EIS': 0, 'P3': 18, 'P2': 3}","[345, 1311, 1725, 2001, 2829, 5727, 6555]","['345a', '1311b', '1725c', '2001b', '2829b', '5727e', '6555a']"
5,7,0,21,0,None,"{'EIS': 0, 'P2': 2, 'P3': 19}","[1859, 3718, 4225, 6422, 8450, 9633, 9802]","['1859a', '3718a', '4225c', '6422b', '8450d', '9633p', '9802a']"
5,6,0,15,0,None,"{'EIS': 0, 'P2': 5, 'P3': 10}","[14, 182, 350, 742, 4634, 9422]","['14a', '182e', '350e', '742d', '4634b', '9422d']"
5,6,0,15,0,None,"{'EIS': 0, 'P2': 5, 'P3': 8, 'P1': 2}","[27, 675, 6507, 9693]","['27a', '675e', '6507a', '6507b', '9693c', '9693g']"
5,6,0,15,0,None,"{'EIS': 0, 'P2': 5, 'P3': 8, 'P1': 2}","[36, 900, 1044, 9756]","['36a', '900a', '1044a', '1044c', '9756c', '9756d']"
5,6,0,15,0,None,"{'EIS': 0, 'P2': 5, 'P1': 1, 'P3': 9}","[37, 1406, 1850, 3922, 7918]","['37a', '1406d', '1406g', '1850i', '3922b', '7918c']"
5,6,0,15,0,None,"{'EIS': 0, 'P2': 5, 'P3': 10}","[42, 546, 714, 1050, 1806, 3486]","['42a', '546e', '714e', '1050l', '1806h', '3486g']"
5,6,0,15,0,None,"{'EIS': 0, 'P2': 5, 'P3': 10}","[54, 594, 702, 1242, 1350, 2862]","['54a', '594d', '702f', '1242g', '1350h', '2862e']"
5,6,0,15,0,None,"{'EIS': 0, 'P2': 5, 'P3': 10}","[54, 594, 702, 1242, 1350, 2862]","['54b', '594e', '702j', '1242i', '1350o', '2862f']"
5,6,0,15,0,None,"{'EIS': 0, 'P2': 6, 'P3': 9}","[56, 280, 1400, 3752, 5656, 6104]","['56b', '280b', '1400c', '3752i', '5656e', '6104c']"
5,6,0,15,0,None,"{'EIS': 0, 'P2': 5, 'P3': 10}","[70, 910, 1330, 2170, 6230, 6790]","['70a', '910f', '1330g', '2170i', '6230f', '6790c']"
5,6,0,15,0,None,"{'EIS': 0, 'P2': 6, 'P3': 9}","[84, 420, 924, 1092, 2100, 3108]","['84b', '420a', '924b', '1092b', '2100a', '3108a']"
5,6,0,15,0,None,"{'EIS': 0, 'P2': 5, 'P3': 10}","[88, 616, 2024, 2200, 2728, 9064]","['88a', '616b', '2024b', '2200c', '2728b', '9064b']"
5,6,0,15,0,None,"{'EIS': 0, 'P2': 5, 'P3': 10}","[90, 2790, 3330, 3870, 4770, 5310]","['90c', '2790ba', '3330v', '3870w', '4770ba', '5310p']"
5,6,0,15,0,None,"{'EIS': 0, 'P2': 5, 'P3': 10}","[150, 4650, 5550, 6450, 7950, 8850]","['150c', '4650w', '5550z', '6450ba', '7950bb', '8850w']"
5,6,0,15,0,None,"{'EIS': 0, 'P2': 6, 'P3': 9}","[216, 1080, 1512, 2808, 4968, 5400]","['216a', '1080b', '1512a', '2808a', '4968b', '5400e']"
5,6,0,15,0,None,"{'EIS': 0, 'P2': 6, 'P3': 9}","[216, 1080, 1512, 3672, 5400, 6696]","['216b', '1080d', '1512e', '3672d', '5400m', '6696g']"
5,6,0,15,0,None,"{'EIS': 0, 'P2': 6, 'P3': 9}","[216, 1080, 1512, 3672, 5400, 6696]","['216c', '1080i', '1512j', '3672j', '5400bc', '6696m']"
5,6,0,15,0,None,"{'EIS': 0, 'P2': 6, 'P3': 9}","[216, 1080, 1512, 2808, 4968, 5400]","['216d', '1080g', '1512h', '2808h', '4968p', '5400bd']"
5,6,0,15,0,None,"{'EIS': 0, 'P1': 7, 'P2': 8}","[225, 6975]","['225a', '225b', '6975a', '6975b', '6975c', '6975d']"
5,6,0,15,0,None,"{'EIS': 0, 'P2': 6, 'P3': 9}","[252, 1260, 2772, 3276, 6300, 9324]","['252b', '1260h', '2772f', '3276g', '6300g', '9324b']"
5,6,0,15,0,None,"{'EIS': 0, 'P2': 5, 'P3': 10}","[270, 1890, 2970, 3510, 4590, 8370]","['270a', '1890e', '2970g', '3510j', '4590g', '8370c']"
5,6,0,15,0,None,"{'EIS': 0, 'P2': 5, 'P3': 10}","[270, 1890, 2970, 3510, 4590, 8370]","['270c', '1890x', '2970bd', '3510x', '4590q', '8370p']"
5,6,0,15,0,None,"{'EIS': 0, 'P3': 14, 'P1': 1}","[408, 5576, 5848, 8024, 9656]","['408d', '5576f', '5848d', '8024f', '8024j', '9656a']"
5,6,0,15,0,None,"{'EIS': 0, 'P3': 11, 'P2': 3, 'P1': 1}","[483, 805, 4830, 6118, 8050]","['483a', '805a', '4830h', '6118a', '6118b', '8050a']"
5,6,0,15,0,None,"{'EIS': 0, 'P3': 14, 'P2': 1}","[690, 1518, 3450, 4002, 4278, 8142]","['690i', '1518t', '3450z', '4002q', '4278o', '8142j']"
5,6,0,15,0,None,"{'EIS': 0, 'P3': 12, 'P1': 3}","[3363, 4425, 7257, 7611]","['3363f', '4425h', '7257j', '7257k', '7257m', '7611e']"
5,5,0,10,0,None,"{'EIS': 0, 'P2': 4, 'P3': 6}","[15, 705, 1185, 2265, 5595]","['15a', '705b', '1185c', '2265e', '5595d']"
5,5,0,10,0,None,"{'EIS': 0, 'P2': 4, 'P3': 6}","[19, 323, 703, 817, 6175]","['19a', '323a', '703a', '817b', '6175b']"
5,5,0,10,0,None,"{'EIS': 0, 'P2': 4, 'P3': 6}","[21, 525, 861, 1281, 9303]","['21a', '525d', '861c', '1281c', '9303b']"
5,5,0,10,0,None,"{'EIS': 0, 'P2': 4, 'P3': 6}","[24, 408, 600, 744, 2568]","['24a', '408c', '600g', '744d', '2568i']"
5,5,0,10,0,None,"{'EIS': 0, 'P2': 5, 'P3': 5}","[26, 130, 286, 442, 650]","['26b', '130c', '286e', '442e', '650i']"
5,5,0,10,0,None,"{'EIS': 0, 'P2': 6, 'P3': 4}","[38, 114, 2850, 3914, 9006]","['38a', '114b', '2850f', '3914c', '9006b']"
5,5,0,10,0,None,"{'EIS': 0, 'P2': 5, 'P3': 5}","[43, 430, 1462, 2150, 2365]","['43a', '430d', '1462c', '2150k', '2365c']"
5,5,0,10,0,None,"{'EIS': 0, 'P2': 6, 'P3': 4}","[44, 132, 924, 3300, 8932]","['44a', '132b', '924a', '3300b', '8932a']"
5,5,0,10,0,None,"{'EIS': 0, 'P3': 5, 'P2': 5}","[46, 115, 506, 1150, 3910]","['46a', '115a', '506d', '1150a', '3910c']"
5,5,0,10,0,None,"{'EIS': 0, 'P2': 4, 'P3': 6}","[48, 816, 1200, 1488, 5136]","['48a', '816d', '1200h', '1488f', '5136c']"
5,5,0,10,0,None,"{'EIS': 0, 'P2': 6, 'P3': 4}","[57, 114, 2451, 2622, 2850]","['57a', '114c', '2451f', '2622a', '2850u']"
5,5,0,10,0,None,"{'EIS': 0, 'P2': 4, 'P3': 6}","[58, 406, 1450, 1798, 7366]","['58a', '406d', '1450c', '1798a', '7366b']"
5,5,0,10,0,None,"{'EIS': 0, 'P2': 4, 'P3': 6}","[66, 858, 1518, 1650, 3102]","['66b', '858f', '1518n', '1650l', '3102h']"
5,5,0,10,0,None,"{'EIS': 0, 'P2': 4, 'P3': 6}","[69, 897, 1725, 2553, 7107]","['69a', '897d', '1725n', '2553b', '7107b']"
5,5,0,10,0,None,"{'EIS': 0, 'P2': 4, 'P3': 6}","[72, 1224, 1800, 2232, 7704]","['72a', '1224e', '1800i', '2232e', '7704f']"
5,5,0,10,0,None,"{'EIS': 0, 'P2': 4, 'P3': 6}","[77, 1001, 1925, 6545, 6853]","['77a', '1001a', '1925b', '6545a', '6853a']"
5,5,0,10,0,None,"{'EIS': 0, 'P2': 4, 'P3': 6}","[80, 560, 1840, 2960, 5360]","['80b', '560e', '1840h', '2960h', '5360l']"
5,5,0,10,0,None,"{'EIS': 0, 'P2': 4, 'P3': 6}","[84, 2100, 3108, 3612, 3948]","['84a', '2100l', '3108g', '3612g', '3948d']"
5,5,0,10,0,None,"{'EIS': 0, 'P2': 4, 'P3': 6}","[90, 630, 1170, 3330, 5490]","['90a', '630b', '1170a', '3330d', '5490d']"
5,5,0,10,0,None,"{'EIS': 0, 'P2': 4, 'P3': 6}","[90, 630, 1170, 3330, 5490]","['90b', '630g', '1170h', '3330o', '5490m']"
5,5,0,10,0,None,"{'EIS': 0, 'P2': 4, 'P3': 6}","[92, 1932, 3588, 6900, 7636]","['92a', '1932a', '3588d', '6900b', '7636b']"
5,5,0,10,0,None,"{'EIS': 0, 'P2': 4, 'P3': 6}","[100, 700, 2300, 3700, 6700]","['100a', '700d', '2300g', '3700e', '6700e']"
5,5,0,10,0,None,"{'EIS': 0, 'P2': 4, 'P3': 6}","[102, 714, 2346, 2550, 6630]","['102a', '714c', '2346a', '2550c', '6630h']"
5,5,0,10,0,None,"{'EIS': 0, 'P2': 4, 'P3': 6}","[104, 312, 2600, 5720, 9256]","['104a', '312e', '2600h', '5720d', '9256b']"
5,5,0,10,0,None,"{'EIS': 0, 'P2': 5, 'P3': 5}","[106, 318, 2650, 5406, 7526]","['106c', '318a', '2650g', '5406f', '7526j']"
5,5,0,10,0,None,"{'EIS': 0, 'P2': 2, 'P3': 8}","[106, 530, 742, 901, 1325]","['106d', '530c', '742e', '901e', '1325d']"
5,5,0,10,0,None,"{'EIS': 0, 'P2': 5, 'P3': 5}","[110, 330, 5610, 5830, 9790]","['110b', '330d', '5610w', '5830e', '9790h']"
5,5,0,10,0,None,"{'EIS': 0, 'P2': 4, 'P3': 6}","[123, 2829, 3075, 5781, 8241]","['123b', '2829c', '3075a', '5781a', '8241a']"
5,5,0,10,0,None,"{'EIS': 0, 'P2': 4, 'P3': 6}","[126, 1638, 2142, 3150, 5418]","['126b', '1638f', '2142f', '3150m', '5418e']"
5,5,0,10,0,None,"{'EIS': 0, 'P2': 5, 'P3': 5}","[140, 420, 3220, 4620, 8540]","['140a', '420b', '3220d', '4620e', '8540g']"
5,5,0,10,0,None,"{'EIS': 0, 'P2': 7, 'P3': 3}","[147, 294, 3234, 3822, 7350]","['147b', '294d', '3234h', '3822j', '7350t']"
5,5,0,10,0,None,"{'EIS': 0, 'P2': 7, 'P3': 3}","[147, 294, 3234, 3822, 7350]","['147c', '294e', '3234e', '3822i', '7350e']"
5,5,0,10,0,None,"{'EIS': 0, 'P2': 4, 'P3': 6}","[154, 3542, 3850, 6622, 9086]","['154c', '3542b', '3850e', '6622b', '9086b']"
5,5,0,10,0,None,"{'EIS': 0, 'P2': 4, 'P3': 6}","[160, 1120, 2720, 3680, 5920]","['160a', '1120e', '2720a', '3680b', '5920d']"
5,5,0,10,0,None,"{'EIS': 0, 'P2': 4, 'P3': 6}","[160, 1120, 2720, 3680, 5920]","['160b', '1120j', '2720d', '3680e', '5920j']"
5,5,0,10,0,None,"{'EIS': 0, 'P2': 6, 'P3': 4}","[171, 342, 7353, 7866, 8550]","['171d', '342f', '7353m', '7866h', '8550p']"
5,5,0,10,0,None,"{'EIS': 0, 'P2': 4, 'P3': 6}","[174, 1218, 3306, 4350, 6438]","['174e', '1218a', '3306b', '4350g', '6438a']"
5,5,0,10,0,None,"{'EIS': 0, 'P2': 4, 'P3': 6}","[176, 1232, 4048, 4400, 5456]","['176a', '1232d', '4048b', '4400k', '5456e']"
5,5,0,10,0,None,"{'EIS': 0, 'P2': 5, 'P3': 5}","[182, 546, 2730, 5642, 7462]","['182c', '546a', '2730c', '5642d', '7462c']"
5,5,0,10,0,None,"{'EIS': 0, 'P2': 8, 'P3': 2}","[189, 378, 1890, 6426, 9450]","['189a', '378g', '1890m', '6426r', '9450ci']"
5,5,0,10,0,None,"{'EIS': 0, 'P2': 8, 'P3': 2}","[189, 378, 1890, 6426, 9450]","['189d', '378h', '1890h', '6426j', '9450bh']"
5,5,0,10,0,None,"{'EIS': 0, 'P2': 4, 'P3': 6}","[198, 2574, 4554, 4950, 9306]","['198a', '2574n', '4554m', '4950n', '9306e']"
5,5,0,10,0,None,"{'EIS': 0, 'P1': 1, 'P2': 6, 'P3': 3}","[200, 1400, 2600, 8600]","['200a', '200d', '1400d', '2600g', '8600d']"
5,5,0,10,0,None,"{'EIS': 0, 'P1': 1, 'P2': 6, 'P3': 3}","[200, 1400, 2600, 8600]","['200b', '200e', '1400k', '2600i', '8600f']"
5,5,0,10,0,None,"{'EIS': 0, 'P3': 8, 'P2': 2}","[201, 469, 2613, 3417, 3551]","['201c', '469a', '2613b', '3417a', '3551a']"
5,5,0,10,0,None,"{'EIS': 0, 'P2': 5, 'P3': 5}","[208, 1040, 2288, 3536, 5200]","['208d', '1040e', '2288j', '3536h', '5200r']"
5,5,0,10,0,None,"{'EIS': 0, 'P2': 4, 'P1': 1, 'P3': 5}","[210, 3990, 6090, 7770]","['210d', '3990c', '3990d', '6090b', '7770b']"
5,5,0,10,0,None,"{'EIS': 0, 'P2': 5, 'P3': 5}","[234, 1170, 2574, 3978, 5850]","['234a', '1170f', '2574l', '3978f', '5850h']"
5,5,0,10,0,None,"{'EIS': 0, 'P2': 4, 'P3': 6}","[246, 1722, 2706, 4182, 6150]","['246a', '1722h', '2706n', '4182e', '6150v']"
5,5,0,10,0,None,"{'EIS': 0, 'P3': 8, 'P2': 2}","[258, 602, 1806, 1978, 2150]","['258c', '602b', '1806d', '1978a', '2150c']"
5,5,0,10,0,None,"{'EIS': 0, 'P2': 5, 'P3': 5}","[336, 1680, 3696, 4368, 8400]","['336f', '1680q', '3696y', '4368ba', '8400ch']"
5,5,0,10,0,None,"{'EIS': 0, 'P2': 5, 'P3': 5}","[338, 1690, 3718, 5746, 8450]","['338f', '1690e', '3718g', '5746d', '8450e']"
5,5,0,10,0,None,"{'EIS': 0, 'P2': 4, 'P1': 1, 'P3': 5}","[350, 1050, 3850, 5950]","['350b', '1050m', '1050n', '3850y', '5950s']"
5,5,0,10,0,None,"{'EIS': 0, 'P2': 4, 'P1': 1, 'P3': 5}","[350, 1050, 3850, 5950]","['350c', '1050f', '1050i', '3850b', '5950g']"
5,5,0,10,0,None,"{'EIS': 0, 'P2': 5, 'P3': 4, 'P1': 1}","[392, 1960, 7448, 9800]","['392e', '1960i', '7448i', '7448n', '9800y']"
5,5,0,10,0,None,"{'EIS': 0, 'P2': 5, 'P3': 4, 'P1': 1}","[392, 1960, 7448, 9800]","['392f', '1960n', '7448s', '7448v', '9800bj']"
5,5,0,10,0,None,"{'EIS': 0, 'P2': 4, 'P3': 6}","[432, 2160, 3024, 5616, 9936]","['432g', '2160h', '3024k', '5616f', '9936e']"
5,5,0,10,0,None,"{'EIS': 0, 'P2': 4, 'P3': 6}","[432, 2160, 3024, 5616, 9936]","['432h', '2160k', '3024h', '5616e', '9936n']"
5,5,0,10,0,None,"{'EIS': 0, 'P3': 10}","[497, 2627, 4899, 5325, 5893]","['497a', '2627a', '4899b', '5325m', '5893a']"
5,5,0,10,0,None,"{'EIS': 0, 'P3': 9, 'P2': 1}","[555, 777, 1887, 2775, 9213]","['555a', '777g', '1887b', '2775g', '9213d']"
5,5,0,10,0,None,"{'EIS': 0, 'P3': 10}","[651, 1023, 2139, 2325, 5673]","['651a', '1023a', '2139b', '2325a', '5673a']"
5,5,0,10,0,None,"{'EIS': 0, 'P3': 9, 'P2': 1}","[672, 1120, 2464, 5600, 6496]","['672b', '1120g', '2464e', '5600f', '6496g']"
5,5,0,10,0,None,"{'EIS': 0, 'P3': 9, 'P2': 1}","[672, 1120, 2464, 5600, 6496]","['672d', '1120m', '2464j', '5600n', '6496i']"
5,5,0,10,0,None,"{'EIS': 0, 'P3': 9, 'P2': 1}","[1035, 3933, 5175, 6003, 8487]","['1035c', '3933c', '5175a', '6003b', '8487g']"
5,5,0,10,0,None,"{'EIS': 0, 'P2': 8, 'P3': 1, 'P1': 1}","[1225, 2450, 3675, 7350]","['1225i', '2450p', '3675q', '7350bj', '7350bl']"
5,5,0,10,0,None,"{'EIS': 0, 'P2': 4, 'P1': 3, 'P3': 3}","[3025, 6050, 9075]","['3025g', '6050z', '6050bi', '6050bj', '9075j']"
5,4,0,6,0,None,"{'EIS': 0, 'P2': 3, 'P3': 3}","[17, 629, 901, 9775]","['17a', '629d', '901d', '9775c']"
5,4,0,6,0,None,"{'EIS': 0, 'P2': 3, 'P1': 1, 'P3': 2}","[32, 608, 800]","['32a', '608b', '608e', '800h']"
5,4,0,6,0,None,"{'EIS': 0, 'P2': 3, 'P3': 3}","[33, 1353, 6567, 7359]","['33a', '1353a', '6567b', '7359b']"
5,4,0,6,0,None,"{'EIS': 0, 'P2': 3, 'P3': 3}","[34, 850, 986, 9962]","['34a', '850i', '986e', '9962b']"
5,4,0,6,0,None,"{'EIS': 0, 'P2': 3, 'P3': 3}","[45, 2115, 3555, 6795]","['45a', '2115d', '3555c', '6795h']"
5,4,0,6,0,None,"{'EIS': 0, 'P2': 3, 'P3': 3}","[51, 561, 1173, 1275]","['51a', '561b', '1173c', '1275e']"
5,4,0,6,0,None,"{'EIS': 0, 'P2': 5, 'P3': 1}","[52, 364, 1300, 9100]","['52a', '364a', '1300a', '9100f']"
5,4,0,6,0,None,"{'EIS': 0, 'P2': 3, 'P3': 3}","[63, 1575, 2583, 3843]","['63a', '1575h', '2583c', '3843d']"
5,4,0,6,0,None,"{'EIS': 0, 'P2': 3, 'P1': 1, 'P3': 2}","[64, 1216, 1600]","['64a', '1216i', '1216n', '1600t']"
5,4,0,6,0,None,"{'EIS': 0, 'P2': 3, 'P3': 3}","[80, 1840, 4880, 5360]","['80a', '1840b', '4880c', '5360d']"
5,4,0,6,0,None,"{'EIS': 0, 'P2': 3, 'P3': 3}","[83, 1743, 6225, 8881]","['83a', '1743b', '6225f', '8881a']"
5,4,0,6,0,None,"{'EIS': 0, 'P2': 3, 'P3': 3}","[92, 2300, 2852, 9292]","['92b', '2300f', '2852b', '9292c']"
5,4,0,6,0,None,"{'EIS': 0, 'P2': 3, 'P3': 3}","[96, 2400, 4128, 4512]","['96a', '2400j', '4128g', '4512g']"
5,4,0,6,0,None,"{'EIS': 0, 'P2': 3, 'P3': 3}","[96, 2400, 4128, 4512]","['96b', '2400s', '4128j', '4512i']"
5,4,0,6,0,None,"{'EIS': 0, 'P2': 3, 'P3': 3}","[98, 1274, 2450, 5194]","['98a', '1274g', '2450k', '5194h']"
5,4,0,6,0,None,"{'EIS': 0, 'P2': 3, 'P3': 3}","[99, 2475, 3465, 4257]","['99a', '2475b', '3465d', '4257a']"
5,4,0,6,0,None,"{'EIS': 0, 'P2': 3, 'P3': 3}","[99, 2475, 3465, 4257]","['99c', '2475c', '3465b', '4257c']"
5,4,0,6,0,None,"{'EIS': 0, 'P2': 3, 'P3': 3}","[106, 742, 1378, 2650]","['106a', '742f', '1378b', '2650k']"
5,4,0,6,0,None,"{'EIS': 0, 'P2': 3, 'P3': 3}","[110, 330, 1870, 9130]","['110c', '330a', '1870d', '9130b']"
5,4,0,6,0,None,"{'EIS': 0, 'P2': 4, 'P3': 2}","[112, 560, 2800, 7504]","['112a', '560b', '2800e', '7504f']"
5,4,0,6,0,None,"{'EIS': 0, 'P2': 3, 'P3': 3}","[112, 1456, 2800, 5936]","['112c', '1456f', '2800r', '5936k']"
5,4,0,6,0,None,"{'EIS': 0, 'P2': 4, 'P3': 2}","[116, 348, 4292, 8700]","['116b', '348c', '4292a', '8700a']"
5,4,0,6,0,None,"{'EIS': 0, 'P2': 4, 'P3': 2}","[118, 2006, 2950, 6018]","['118a', '2006e', '2950c', '6018e']"
5,4,0,6,0,None,"{'EIS': 0, 'P2': 3, 'P3': 3}","[126, 1638, 3150, 6678]","['126a', '1638s', '3150bn', '6678s']"
5,4,0,6,0,None,"{'EIS': 0, 'P2': 3, 'P3': 3}","[128, 3200, 6784, 7808]","['128a', '3200k', '6784d', '7808f']"
5,4,0,6,0,None,"{'EIS': 0, 'P2': 3, 'P3': 3}","[128, 3200, 6784, 7808]","['128b', '3200v', '6784t', '7808p']"
5,4,0,6,0,None,"{'EIS': 0, 'P2': 3, 'P3': 3}","[128, 3200, 6784, 7808]","['128c', '3200w', '6784m', '7808i']"
5,4,0,6,0,None,"{'EIS': 0, 'P2': 3, 'P3': 3}","[128, 3200, 6784, 7808]","['128d', '3200x', '6784s', '7808n']"
5,4,0,6,0,None,"{'EIS': 0, 'P2': 3, 'P3': 3}","[132, 924, 3300, 6204]","['132a', '924h', '3300r', '6204f']"
5,4,0,6,0,None,"{'EIS': 0, 'P2': 3, 'P3': 3}","[138, 966, 3450, 6486]","['138a', '966b', '3450b', '6486e']"
5,4,0,6,0,None,"{'EIS': 0, 'P2': 3, 'P3': 2, 'P1': 1}","[144, 3600, 4176]","['144a', '3600y', '4176n', '4176s']"
5,4,0,6,0,None,"{'EIS': 0, 'P2': 3, 'P3': 3}","[144, 2448, 3600, 4464]","['144b', '2448h', '3600q', '4464l']"
5,4,0,6,0,None,"{'EIS': 0, 'P2': 3, 'P3': 3}","[147, 3675, 6027, 8967]","['147a', '3675h', '6027b', '8967e']"
5,4,0,6,0,None,"{'EIS': 0, 'P2': 3, 'P3': 3}","[152, 5320, 8360, 9880]","['152a', '5320a', '8360d', '9880a']"
5,4,0,6,0,None,"{'EIS': 0, 'P2': 3, 'P3': 3}","[152, 3192, 3496, 5016]","['152b', '3192d', '3496e', '5016b']"
5,4,0,6,0,None,"{'EIS': 0, 'P2': 4, 'P3': 2}","[153, 1530, 2142, 7650]","['153a', '1530i', '2142m', '7650bk']"
5,4,0,6,0,None,"{'EIS': 0, 'P2': 3, 'P3': 3}","[153, 1683, 3519, 3825]","['153b', '1683f', '3519g', '3825f']"
5,4,0,6,0,None,"{'EIS': 0, 'P2': 4, 'P3': 2}","[153, 1530, 2142, 7650]","['153d', '1530b', '2142c', '7650d']"
5,4,0,6,0,None,"{'EIS': 0, 'P2': 3, 'P3': 3}","[162, 2106, 2754, 4050]","['162a', '2106b', '2754a', '4050a']"
5,4,0,6,0,None,"{'EIS': 0, 'P2': 3, 'P3': 3}","[162, 2106, 2754, 4050]","['162d', '2106e', '2754d', '4050s']"
5,4,0,6,0,None,"{'EIS': 0, 'P2': 3, 'P3': 3}","[171, 2907, 6327, 7353]","['171b', '2907b', '6327c', '7353o']"
5,4,0,6,0,None,"{'EIS': 0, 'P2': 3, 'P3': 3}","[180, 1260, 4140, 6660]","['180a', '1260i', '4140j', '6660c']"
5,4,0,6,0,None,"{'EIS': 0, 'P2': 4, 'P3': 2}","[182, 910, 4550, 8554]","['182d', '910k', '4550x', '8554m']"
5,4,0,6,0,None,"{'EIS': 0, 'P2': 3, 'P3': 3}","[184, 1288, 4600, 6808]","['184d', '1288f', '4600f', '6808d']"
5,4,0,6,0,None,"{'EIS': 0, 'P2': 4, 'P3': 2}","[186, 930, 1302, 4650]","['186a', '930b', '1302b', '4650l']"
5,4,0,6,0,None,"{'EIS': 0, 'P2': 3, 'P3': 3}","[186, 1302, 4278, 4650]","['186c', '1302f', '4278h', '4650p']"
5,4,0,6,0,None,"{'EIS': 0, 'P2': 3, 'P3': 3}","[192, 4800, 8256, 9024]","['192a', '4800d', '8256f', '9024k']"
5,4,0,6,0,None,"{'EIS': 0, 'P2': 3, 'P3': 3}","[192, 4800, 8256, 9024]","['192b', '4800t', '8256x', '9024q']"
5,4,0,6,0,None,"{'EIS': 0, 'P2': 3, 'P3': 3}","[192, 3264, 4800, 5952]","['192c', '3264n', '4800ba', '5952p']"
5,4,0,6,0,None,"{'EIS': 0, 'P2': 3, 'P3': 3}","[192, 3264, 4800, 5952]","['192d', '3264s', '4800bq', '5952z']"
5,4,0,6,0,None,"{'EIS': 0, 'P2': 5, 'P3': 1}","[196, 588, 6468, 9996]","['196a', '588d', '6468r', '9996k']"
5,4,0,6,0,None,"{'EIS': 0, 'P2': 5, 'P3': 1}","[196, 588, 6468, 9996]","['196b', '588a', '6468b', '9996b']"
5,4,0,6,0,None,"{'EIS': 0, 'P2': 4, 'P3': 2}","[204, 1020, 5100, 7548]","['204b', '1020h', '5100p', '7548g']"
5,4,0,6,0,None,"{'EIS': 0, 'P2': 3, 'P3': 3}","[207, 2691, 5175, 7659]","['207a', '2691g', '5175m', '7659b']"
5,4,0,6,0,None,"{'EIS': 0, 'P2': 3, 'P3': 3}","[222, 1554, 5106, 5550]","['222b', '1554i', '5106d', '5550w']"
5,4,0,6,0,None,"{'EIS': 0, 'P2': 4, 'P3': 2}","[222, 1110, 1554, 5550]","['222e', '1110d', '1554a', '5550l']"
5,4,0,6,0,None,"{'EIS': 0, 'P2': 3, 'P3': 3}","[234, 1638, 5850, 7254]","['234b', '1638l', '5850bc', '7254i']"
5,4,0,6,0,None,"{'EIS': 0, 'P2': 3, 'P3': 3}","[234, 1638, 5850, 7254]","['234c', '1638b', '5850a', '7254a']"
5,4,0,6,0,None,"{'EIS': 0, 'P2': 3, 'P3': 3}","[246, 3198, 5658, 6150]","['246g', '3198a', '5658a', '6150g']"
5,4,0,6,0,None,"{'EIS': 0, 'P2': 3, 'P1': 1, 'P3': 2}","[260, 4940, 7540]","['260a', '4940a', '4940c', '7540c']"
5,4,0,6,0,None,"{'EIS': 0, 'P2': 4, 'P3': 2}","[264, 1320, 1848, 6600]","['264d', '1320c', '1848g', '6600k']"
5,4,0,6,0,None,"{'EIS': 0, 'P2': 3, 'P3': 3}","[273, 2730, 6006, 6279]","['273a', '2730t', '6006x', '6279f']"
5,4,0,6,0,None,"{'EIS': 0, 'P2': 3, 'P1': 1, 'P3': 2}","[288, 5472, 7200]","['288d', '5472h', '5472o', '7200q']"
5,4,0,6,0,None,"{'EIS': 0, 'P2': 3, 'P3': 3}","[294, 3822, 4998, 7350]","['294c', '3822bg', '4998bq', '7350cr']"
5,4,0,6,0,None,"{'EIS': 0, 'P2': 4, 'P3': 2}","[294, 1470, 3822, 7350]","['294f', '1470c', '3822g', '7350h']"
5,4,0,6,0,None,"{'EIS': 0, 'P2': 4, 'P3': 2}","[294, 1470, 3822, 7350]","['294g', '1470i', '3822k', '7350bb']"
5,4,0,6,0,None,"{'EIS': 0, 'P2': 3, 'P3': 3}","[297, 5049, 5643, 7425]","['297b', '5049b', '5643b', '7425b']"
5,4,0,6,0,None,"{'EIS': 0, 'P2': 3, 'P3': 3}","[297, 5049, 5643, 7425]","['297c', '5049e', '5643h', '7425s']"
5,4,0,6,0,None,"{'EIS': 0, 'P1': 2, 'P2': 4}","[300, 5700]","['300a', '300d', '5700a', '5700e']"
5,4,0,6,0,None,"{'EIS': 0, 'P1': 2, 'P2': 4}","[300, 5700]","['300b', '300c', '5700o', '5700r']"
5,4,0,6,0,None,"{'EIS': 0, 'P2': 3, 'P3': 3}","[306, 2142, 7038, 7650]","['306d', '2142s', '7038p', '7650cc']"
5,4,0,6,0,None,"{'EIS': 0, 'P2': 3, 'P1': 1, 'P3': 2}","[312, 5928, 7800]","['312a', '5928f', '5928g', '7800f']"
5,4,0,6,0,None,"{'EIS': 0, 'P2': 3, 'P3': 3}","[315, 3465, 5355, 7245]","['315a', '3465r', '5355n', '7245r']"
5,4,0,6,0,None,"{'EIS': 0, 'P2': 3, 'P3': 3}","[320, 2240, 5440, 7360]","['320d', '2240n', '5440g', '7360n']"
5,4,0,6,0,None,"{'EIS': 0, 'P2': 3, 'P3': 3}","[320, 2240, 5440, 7360]","['320e', '2240i', '5440f', '7360i']"
5,4,0,6,0,None,"{'EIS': 0, 'P2': 3, 'P3': 3}","[336, 4368, 5712, 8400]","['336d', '4368y', '5712x', '8400cj']"
5,4,0,6,0,None,"{'EIS': 0, 'P2': 5, 'P3': 1}","[345, 690, 4830, 7590]","['345e', '690c', '4830f', '7590f']"
5,4,0,6,0,None,"{'EIS': 0, 'P2': 4, 'P3': 2}","[352, 1760, 4576, 8800]","['352e', '1760l', '4576e', '8800r']"
5,4,0,6,0,None,"{'EIS': 0, 'P2': 4, 'P3': 2}","[352, 1760, 4576, 8800]","['352f', '1760n', '4576h', '8800y']"
5,4,0,6,0,None,"{'EIS': 0, 'P3': 5, 'P2': 1}","[354, 4425, 5133, 6726]","['354c', '4425b', '5133a', '6726b']"
5,4,0,6,0,None,"{'EIS': 0, 'P2': 3, 'P3': 3}","[357, 3570, 8925, 9282]","['357c', '3570m', '8925s', '9282g']"
5,4,0,6,0,None,"{'EIS': 0, 'P2': 3, 'P3': 3}","[360, 2520, 4680, 6120]","['360b', '2520k', '4680l', '6120p']"
5,4,0,6,0,None,"{'EIS': 0, 'P2': 3, 'P3': 3}","[360, 2520, 4680, 6120]","['360c', '2520b', '4680d', '6120b']"
5,4,0,6,0,None,"{'EIS': 0, 'P2': 3, 'P3': 2, 'P1': 1}","[366, 1830, 6954]","['366a', '1830l', '6954m', '6954o']"
5,4,0,6,0,None,"{'EIS': 0, 'P2': 4, 'P3': 2}","[368, 1840, 4048, 9200]","['368b', '1840e', '4048c', '9200q']"
5,4,0,6,0,None,"{'EIS': 0, 'P2': 4, 'P3': 2}","[378, 1890, 8694, 9450]","['378c', '1890p', '8694h', '9450ca']"
5,4,0,6,0,None,"{'EIS': 0, 'P2': 4, 'P3': 2}","[378, 1890, 8694, 9450]","['378d', '1890a', '8694a', '9450a']"
5,4,0,6,0,None,"{'EIS': 0, 'P1': 1, 'P2': 4, 'P3': 1}","[396, 2772, 9900]","['396a', '396c', '2772h', '9900s']"
5,4,0,6,0,None,"{'EIS': 0, 'P1': 1, 'P2': 4, 'P3': 1}","[400, 2800, 5200]","['400d', '400h', '2800d', '5200d']"
5,4,0,6,0,None,"{'EIS': 0, 'P1': 1, 'P2': 4, 'P3': 1}","[400, 2800, 5200]","['400f', '400g', '2800n', '5200l']"
5,4,0,6,0,None,"{'EIS': 0, 'P3': 5, 'P2': 1}","[430, 602, 2150, 2666]","['430b', '602a', '2150b', '2666b']"
5,4,0,6,0,None,"{'EIS': 0, 'P2': 3, 'P3': 3}","[432, 2160, 3024, 7344]","['432c', '2160j', '3024g', '7344m']"
5,4,0,6,0,None,"{'EIS': 0, 'P2': 3, 'P3': 3}","[432, 2160, 3024, 7344]","['432d', '2160b', '3024b', '7344c']"
5,4,0,6,0,None,"{'EIS': 0, 'P2': 3, 'P3': 3}","[432, 4752, 5616, 9936]","['432e', '4752g', '5616r', '9936y']"
5,4,0,6,0,None,"{'EIS': 0, 'P2': 3, 'P3': 3}","[432, 4752, 5616, 9936]","['432f', '4752r', '5616bc', '9936br']"
5,4,0,6,0,None,"{'EIS': 0, 'P3': 6}","[462, 5313, 5775, 7161]","['462b', '5313a', '5775e', '7161b']"
5,4,0,6,0,None,"{'EIS': 0, 'P2': 3, 'P3': 3}","[588, 2940, 6468, 7644]","['588f', '2940j', '6468o', '7644e']"
5,4,0,6,0,None,"{'EIS': 0, 'P1': 3, 'P2': 3}","[650, 7150]","['650e', '650f', '650g', '7150e']"
5,4,0,6,0,None,"{'EIS': 0, 'P3': 5, 'P2': 1}","[696, 5800, 8584, 9048]","['696c', '5800d', '8584c', '9048h']"
5,4,0,6,0,None,"{'EIS': 0, 'P3': 5, 'P2': 1}","[777, 1295, 1554, 8806]","['777b', '1295b', '1554h', '8806f']"
5,4,0,6,0,None,"{'EIS': 0, 'P1': 2, 'P2': 4}","[800, 2400]","['800b', '800e', '2400c', '2400f']"
5,4,0,6,0,None,"{'EIS': 0, 'P1': 2, 'P2': 4}","[800, 2400]","['800f', '800i', '2400bc', '2400bg']"
5,4,0,6,0,None,"{'EIS': 0, 'P3': 5, 'P2': 1}","[894, 3278, 6258, 7450]","['894c', '3278b', '6258c', '7450c']"
5,4,0,6,0,None,"{'EIS': 0, 'P2': 2, 'P3': 4}","[954, 4770, 6678, 8109]","['954i', '4770x', '6678r', '8109f']"
5,4,0,6,0,None,"{'EIS': 0, 'P3': 5, 'P2': 1}","[1215, 1701, 3159, 6075]","['1215h', '1701g', '3159c', '6075w']"
5,4,0,6,0,None,"{'EIS': 0, 'P3': 5, 'P2': 1}","[1215, 1701, 3159, 6075]","['1215j', '1701h', '3159d', '6075y']"
5,4,0,6,0,None,"{'EIS': 0, 'P1': 2, 'P2': 4}","[1300, 9100]","['1300b', '1300f', '9100d', '9100i']"
5,4,0,6,0,None,"{'EIS': 0, 'P1': 2, 'P2': 4}","[1600, 4800]","['1600b', '1600i', '4800f', '4800n']"
5,4,0,6,0,None,"{'EIS': 0, 'P1': 2, 'P2': 4}","[1600, 4800]","['1600d', '1600k', '4800u', '4800be']"
5,4,0,6,0,None,"{'EIS': 0, 'P3': 6}","[1610, 2530, 2990, 3910]","['1610g', '2530l', '2990i', '3910q']"
5,4,0,6,0,None,"{'EIS': 0, 'P3': 5, 'P2': 1}","[1665, 2331, 5661, 8325]","['1665e', '2331e', '5661c', '8325s']"
5,4,0,6,0,None,"{'EIS': 0, 'P3': 6}","[1953, 3069, 6417, 6975]","['1953e', '3069a', '6417j', '6975f']"
5,4,0,6,0,None,"{'EIS': 0, 'P2': 3, 'P1': 3}","[4725, 9450]","['4725g', '9450cn', '9450cp', '9450db']"
5,4,0,6,0,None,"{'EIS': 0, 'P2': 3, 'P1': 3}","[4725, 9450]","['4725m', '9450bj', '9450bl', '9450by']"
5,4,0,1,5,13,"{'EIS': 0, 'P1': 1}","[5408, 7200, 9248]","['5408a', '7200bg', '7200br', '9248e']"
5,4,0,6,0,None,"{'EIS': 0, 'P1': 6}","[7200]","['7200k', '7200m', '7200u', '7200x']"
5,4,0,6,0,None,"{'EIS': 0, 'P1': 6}","[7200]","['7200bl', '7200bm', '7200bu', '7200bw']"
5,3,0,3,0,None,"{'EIS': 0, 'P2': 2, 'P3': 1}","[26, 78, 650]","['26a', '78a', '650d']"
5,3,0,3,0,None,"{'EIS': 0, 'P2': 2, 'P3': 1}","[37, 1443, 2775]","['37b', '1443a', '2775b']"
5,3,0,3,0,None,"{'EIS': 0, 'P2': 2, 'P3': 1}","[39, 741, 975]","['39a', '741b', '975c']"
5,3,0,3,0,None,"{'EIS': 0, 'P2': 2, 'P3': 1}","[53, 901, 5353]","['53a', '901b', '5353a']"
5,3,0,3,0,None,"{'EIS': 0, 'P2': 2, 'P3': 1}","[55, 4565, 5885]","['55a', '4565a', '5885d']"
5,3,0,3,0,None,"{'EIS': 0, 'P2': 2, 'P3': 1}","[56, 1400, 2968]","['56a', '1400g', '2968c']"
5,3,0,3,0,None,"{'EIS': 0, 'P2': 2, 'P3': 1}","[57, 741, 1425]","['57b', '741c', '1425f']"
5,3,0,3,0,None,"{'EIS': 0, 'P2': 2, 'P3': 1}","[61, 1525, 4087]","['61a', '1525c', '4087a']"
5,3,0,3,0,None,"{'EIS': 0, 'P2': 2, 'P3': 1}","[62, 1550, 2914]","['62a', '1550f', '2914d']"
5,3,0,3,0,None,"{'EIS': 0, 'P2': 2, 'P3': 1}","[65, 1495, 8255]","['65a', '1495b', '8255c']"
5,3,0,3,0,None,"{'EIS': 0, 'P2': 2, 'P3': 1}","[66, 462, 1650]","['66a', '462d', '1650e']"
5,3,0,3,0,None,"{'EIS': 0, 'P2': 2, 'P3': 1}","[67, 938, 3886]","['67a', '938b', '3886d']"
5,3,0,3,0,None,"{'EIS': 0, 'P2': 2, 'P3': 1}","[75, 3525, 5925]","['75b', '3525k', '5925f']"
5,3,0,3,0,None,"{'EIS': 0, 'P2': 2, 'P3': 1}","[76, 380, 988]","['76a', '380b', '988a']"
5,3,0,3,0,None,"{'EIS': 0, 'P2': 2, 'P3': 1}","[77, 3003, 5775]","['77b', '3003c', '5775g']"
5,3,0,3,0,None,"{'EIS': 0, 'P2': 2, 'P3': 1}","[77, 1771, 1925]","['77c', '1771a', '1925h']"
5,3,0,3,0,None,"{'EIS': 0, 'P2': 2, 'P3': 1}","[82, 902, 8282]","['82a', '902a', '8282a']"
5,3,0,3,0,None,"{'EIS': 0, 'P2': 2, 'P3': 1}","[85, 3995, 6545]","['85a', '3995a', '6545d']"
5,3,0,3,0,None,"{'EIS': 0, 'P2': 3}","[91, 182, 7826]","['91a', '182a', '7826g']"
5,3,0,3,0,None,"{'EIS': 0, 'P2': 2, 'P3': 1}","[101, 4747, 9595]","['101a', '4747a', '9595b']"
5,3,0,3,0,None,"{'EIS': 0, 'P2': 2, 'P3': 1}","[102, 2550, 6834]","['102b', '2550bc', '6834w']"
5,3,0,3,0,None,"{'EIS': 0, 'P2': 2, 'P3': 1}","[102, 2346, 2550]","['102c', '2346e', '2550i']"
5,3,0,3,0,None,"{'EIS': 0, 'P2': 2, 'P3': 1}","[105, 1785, 7455]","['105a', '1785n', '7455f']"
5,3,0,3,0,None,"{'EIS': 0, 'P2': 3}","[106, 1590, 7950]","['106b', '1590i', '7950q']"
5,3,0,3,0,None,"{'EIS': 0, 'P2': 2, 'P3': 1}","[112, 2800, 5936]","['112b', '2800f', '5936c']"
5,3,0,3,0,None,"{'EIS': 0, 'P1': 1, 'P2': 2}","[116, 8236]","['116a', '116c', '8236b']"
5,3,0,3,0,None,"{'EIS': 0, 'P2': 2, 'P3': 1}","[117, 2223, 2925]","['117a', '2223e', '2925i']"
5,3,0,3,0,None,"{'EIS': 0, 'P2': 2, 'P3': 1}","[118, 2006, 2950]","['118c', '2006h', '2950m']"
5,3,0,3,0,None,"{'EIS': 0, 'P2': 2, 'P3': 1}","[118, 826, 2950]","['118d', '826a', '2950h']"
5,3,0,3,0,None,"{'EIS': 0, 'P2': 2, 'P3': 1}","[120, 1560, 2040]","['120b', '1560d', '2040g']"
5,3,0,3,0,None,"{'EIS': 0, 'P2': 2, 'P1': 1}","[121, 6897]","['121b', '6897b', '6897c']"
5,3,0,3,0,None,"{'EIS': 0, 'P2': 2, 'P3': 1}","[124, 3100, 3596]","['124a', '3100g', '3596b']"
5,3,0,3,0,None,"{'EIS': 0, 'P2': 2, 'P3': 1}","[124, 620, 1612]","['124b', '620b', '1612a']"
5,3,0,3,0,None,"{'EIS': 0, 'P2': 2, 'P3': 1}","[129, 3225, 3741]","['129a', '3225a', '3741a']"
5,3,0,3,0,None,"{'EIS': 0, 'P2': 2, 'P3': 1}","[138, 3450, 9246]","['138c', '3450p', '9246f']"
5,3,0,3,0,None,"{'EIS': 0, 'P2': 2, 'P3': 1}","[141, 1974, 7050]","['141a', '1974j', '7050be']"
5,3,0,3,0,None,"{'EIS': 0, 'P2': 2, 'P3': 1}","[141, 987, 1410]","['141e', '987d', '1410e']"
5,3,0,3,0,None,"{'EIS': 0, 'P2': 2, 'P3': 1}","[142, 4970, 8662]","['142a', '4970k', '8662i']"
5,3,0,3,0,None,"{'EIS': 0, 'P2': 2, 'P3': 1}","[142, 994, 3550]","['142e', '994b', '3550e']"
5,3,0,3,0,None,"{'EIS': 0, 'P2': 2, 'P3': 1}","[143, 3003, 3575]","['143a', '3003h', '3575a']"
5,3,0,3,0,None,"{'EIS': 0, 'P2': 2, 'P3': 1}","[153, 5661, 8109]","['153c', '5661h', '8109j']"
5,3,0,3,0,None,"{'EIS': 0, 'P2': 3}","[154, 770, 3850]","['154a', '770c', '3850h']"
5,3,0,3,0,None,"{'EIS': 0, 'P2': 2, 'P3': 1}","[154, 2618, 3850]","['154b', '2618d', '3850m']"
5,3,0,3,0,None,"{'EIS': 0, 'P2': 2, 'P3': 1}","[155, 4495, 6045]","['155c', '4495a', '6045f']"
5,3,0,3,0,None,"{'EIS': 0, 'P2': 2, 'P3': 1}","[158, 2370, 3950]","['158b', '2370c', '3950b']"
5,3,0,3,0,None,"{'EIS': 0, 'P2': 2, 'P3': 1}","[158, 3002, 4898]","['158e', '3002c', '4898b']"
5,3,0,3,0,None,"{'EIS': 0, 'P2': 2, 'P3': 1}","[168, 4200, 5208]","['168a', '4200m', '5208e']"
5,3,0,3,0,None,"{'EIS': 0, 'P2': 2, 'P3': 1}","[168, 2184, 4200]","['168b', '2184c', '4200f']"
5,3,0,3,0,None,"{'EIS': 0, 'P2': 2, 'P3': 1}","[170, 510, 3910]","['170c', '510c', '3910i']"
5,3,0,3,0,None,"{'EIS': 0, 'P2': 2, 'P3': 1}","[170, 3570, 3910]","['170d', '3570d', '3910e']"
5,3,0,3,0,None,"{'EIS': 0, 'P2': 2, 'P3': 1}","[171, 2223, 4275]","['171a', '2223a', '4275h']"
5,3,0,3,0,None,"{'EIS': 0, 'P2': 2, 'P3': 1}","[172, 6364, 7052]","['172a', '6364b', '7052b']"
5,3,0,3,0,None,"{'EIS': 0, 'P2': 2, 'P3': 1}","[174, 4350, 9570]","['174b', '4350w', '9570z']"
5,3,0,3,0,None,"{'EIS': 0, 'P2': 2, 'P3': 1}","[174, 870, 4002]","['174c', '870f', '4002i']"
5,3,0,3,0,None,"{'EIS': 0, 'P2': 2, 'P3': 1}","[175, 5775, 8925]","['175b', '5775r', '8925o']"
5,3,0,3,0,None,"{'EIS': 0, 'P2': 3}","[176, 528, 3696]","['176c', '528i', '3696bb']"
5,3,0,3,0,None,"{'EIS': 0, 'P2': 2, 'P3': 1}","[184, 2760, 6440]","['184a', '2760k', '6440i']"
5,3,0,3,0,None,"{'EIS': 0, 'P2': 2, 'P3': 1}","[184, 4600, 6072]","['184b', '4600c', '6072h']"
5,3,0,3,0,None,"{'EIS': 0, 'P2': 2, 'P3': 1}","[185, 1110, 4070]","['185a', '1110i', '4070d']"
5,3,0,3,0,None,"{'EIS': 0, 'P2': 2, 'P3': 1}","[185, 555, 1295]","['185b', '555b', '1295a']"
5,3,0,3,0,None,"{'EIS': 0, 'P2': 2, 'P3': 1}","[187, 1870, 4675]","['187b', '1870a', '4675j']"
5,3,0,3,0,None,"{'EIS': 0, 'P2': 2, 'P3': 1}","[189, 3213, 7749]","['189b', '3213s', '7749i']"
5,3,0,3,0,None,"{'EIS': 0, 'P2': 2, 'P3': 1}","[189, 3213, 7749]","['189c', '3213g', '7749d']"
5,3,0,3,0,None,"{'EIS': 0, 'P2': 2, 'P3': 1}","[190, 5890, 7030]","['190a', '5890g', '7030f']"
5,3,0,3,0,None,"{'EIS': 0, 'P2': 2, 'P3': 1}","[190, 570, 5510]","['190b', '570d', '5510b']"
5,3,0,3,0,None,"{'EIS': 0, 'P2': 2, 'P3': 1}","[190, 570, 3230]","['190c', '570i', '3230f']"
5,3,0,3,0,None,"{'EIS': 0, 'P2': 2, 'P3': 1}","[195, 390, 6045]","['195b', '390d', '6045k']"
5,3,0,3,0,None,"{'EIS': 0, 'P2': 3}","[195, 390, 6630]","['195c', '390g', '6630i']"
5,3,0,3,0,None,"{'EIS': 0, 'P2': 3}","[195, 390, 2730]","['195d', '390f', '2730i']"
5,3,0,3,0,None,"{'EIS': 0, 'P2': 2, 'P3': 1}","[198, 1386, 4950]","['198b', '1386j', '4950bk']"
5,3,0,3,0,None,"{'EIS': 0, 'P2': 2, 'P3': 1}","[201, 5226, 6834]","['201a', '5226d', '6834n']"
5,3,0,3,0,None,"{'EIS': 0, 'P2': 3}","[204, 1020, 5100]","['204a', '1020a', '5100c']"
5,3,0,3,0,None,"{'EIS': 0, 'P2': 2, 'P3': 1}","[208, 624, 5200]","['208a', '624i', '5200y']"
5,3,0,3,0,None,"{'EIS': 0, 'P2': 2, 'P3': 1}","[208, 624, 5200]","['208b', '624e', '5200a']"
5,3,0,3,0,None,"{'EIS': 0, 'P2': 2, 'P3': 1}","[208, 1456, 5200]","['208c', '1456e', '5200o']"
5,3,0,3,0,None,"{'EIS': 0, 'P2': 2, 'P3': 1}","[210, 6510, 7770]","['210c', '6510s', '7770s']"
5,3,0,3,0,None,"{'EIS': 0, 'P2': 2, 'P3': 1}","[219, 3066, 5475]","['219a', '3066g', '5475c']"
5,3,0,3,0,None,"{'EIS': 0, 'P3': 3}","[219, 2555, 3431]","['219c', '2555f', '3431a']"
5,3,0,3,0,None,"{'EIS': 0, 'P2': 2, 'P3': 1}","[220, 5060, 9460]","['220b', '5060e', '9460g']"
5,3,0,3,0,None,"{'EIS': 0, 'P2': 2, 'P3': 1}","[222, 2442, 5550]","['222a', '2442h', '5550bl']"
5,3,0,3,0,None,"{'EIS': 0, 'P2': 2, 'P3': 1}","[222, 1110, 3774]","['222d', '1110f', '3774k']"
5,3,0,3,0,None,"{'EIS': 0, 'P2': 2, 'P3': 1}","[228, 5700, 9804]","['228b', '5700d', '9804c']"
5,3,0,3,0,None,"{'EIS': 0, 'P2': 3}","[232, 696, 3480]","['232b', '696d', '3480q']"
5,3,0,3,0,None,"{'EIS': 0, 'P1': 1, 'P2': 2}","[234, 5850]","['234d', '234e', '5850bs']"
5,3,0,3,0,None,"{'EIS': 0, 'P2': 2, 'P3': 1}","[235, 705, 7285]","['235b', '705e', '7285c']"
5,3,0,3,0,None,"{'EIS': 0, 'P2': 2, 'P3': 1}","[238, 2618, 6902]","['238b', '2618a', '6902a']"
5,3,0,3,0,None,"{'EIS': 0, 'P2': 2, 'P3': 1}","[240, 7440, 8880]","['240b', '7440j', '8880j']"
5,3,0,3,0,None,"{'EIS': 0, 'P2': 2, 'P3': 1}","[240, 3120, 4080]","['240c', '3120b', '4080e']"
5,3,0,3,0,None,"{'EIS': 0, 'P2': 2, 'P3': 1}","[242, 1694, 6050]","['242a', '1694j', '6050bg']"
5,3,0,3,0,None,"{'EIS': 0, 'P2': 2, 'P3': 1}","[242, 1694, 6050]","['242b', '1694b', '6050l']"
5,3,0,3,0,None,"{'EIS': 0, 'P1': 1, 'P2': 2}","[246, 4674]","['246c', '246f', '4674b']"
5,3,0,3,0,None,"{'EIS': 0, 'P2': 2, 'P3': 1}","[246, 1722, 6150]","['246d', '1722a', '6150b']"
5,3,0,3,0,None,"{'EIS': 0, 'P2': 2, 'P3': 1}","[246, 4182, 6150]","['246e', '4182h', '6150bh']"
5,3,0,3,0,None,"{'EIS': 0, 'P2': 2, 'P3': 1}","[249, 1245, 9213]","['249a', '1245b', '9213a']"
5,3,0,3,0,None,"{'EIS': 0, 'P2': 2, 'P3': 1}","[249, 2739, 6225]","['249b', '2739e', '6225a']"
5,3,0,3,0,None,"{'EIS': 0, 'P2': 2, 'P3': 1}","[252, 6300, 9324]","['252a', '6300l', '9324e']"
5,3,0,3,0,None,"{'EIS': 0, 'P2': 2, 'P3': 1}","[254, 5842, 8890]","['254c', '5842c', '8890a']"
5,3,0,3,0,None,"{'EIS': 0, 'P2': 3}","[258, 1290, 6450]","['258a', '1290b', '6450f']"
5,3,0,3,0,None,"{'EIS': 0, 'P1': 1, 'P2': 2}","[258, 6450]","['258d', '258e', '6450v']"
5,3,0,3,0,None,"{'EIS': 0, 'P2': 2, 'P3': 1}","[262, 6026, 6550]","['262a', '6026d', '6550q']"
5,3,0,3,0,None,"{'EIS': 0, 'P2': 2, 'P3': 1}","[264, 4488, 6600]","['264a', '4488j', '6600bd']"
5,3,0,3,0,None,"{'EIS': 0, 'P2': 2, 'P3': 1}","[272, 6800, 7888]","['272d', '6800p', '7888d']"
5,3,0,3,0,None,"{'EIS': 0, 'P2': 2, 'P3': 1}","[280, 840, 3640]","['280a', '840d', '3640a']"
5,3,0,3,0,None,"{'EIS': 0, 'P3': 3}","[286, 3575, 7579]","['286a', '3575e', '7579a']"
5,3,0,3,0,None,"{'EIS': 0, 'P2': 3}","[291, 1455, 2910]","['291d', '1455e', '2910b']"
5,3,0,3,0,None,"{'EIS': 0, 'P2': 3}","[294, 1470, 7350]","['294a', '1470l', '7350bo']"
5,3,0,3,0,None,"{'EIS': 0, 'P2': 3}","[294, 1470, 7350]","['294b', '1470q', '7350cn']"
5,3,0,3,0,None,"{'EIS': 0, 'P2': 2, 'P3': 1}","[296, 6808, 7400]","['296b', '6808e', '7400i']"
5,3,0,3,0,None,"{'EIS': 0, 'P2': 2, 'P3': 1}","[303, 3333, 5757]","['303a', '3333e', '5757g']"
5,3,0,3,0,None,"{'EIS': 0, 'P2': 2, 'P3': 1}","[304, 6384, 6992]","['304c', '6384g', '6992b']"
5,3,0,3,0,None,"{'EIS': 0, 'P2': 2, 'P3': 1}","[304, 1520, 3952]","['304f', '1520i', '3952h']"
5,3,0,3,0,None,"{'EIS': 0, 'P2': 2, 'P3': 1}","[306, 7038, 7650]","['306a', '7038m', '7650cd']"
5,3,0,3,0,None,"{'EIS': 0, 'P2': 2, 'P3': 1}","[306, 7650, 8874]","['306b', '7650t', '8874d']"
5,3,0,3,0,None,"{'EIS': 0, 'P2': 2, 'P3': 1}","[308, 924, 7084]","['308a', '924f', '7084c']"
5,3,0,3,0,None,"{'EIS': 0, 'P3': 3}","[309, 2575, 8549]","['309a', '2575b', '8549a']"
5,3,0,3,0,None,"{'EIS': 0, 'P2': 2, 'P3': 1}","[310, 5270, 7130]","['310a', '5270d', '7130g']"
5,3,0,3,0,None,"{'EIS': 0, 'P2': 2, 'P3': 1}","[318, 6042, 7950]","['318b', '6042e', '7950k']"
5,3,0,3,0,None,"{'EIS': 0, 'P2': 3}","[318, 1590, 7950]","['318e', '1590e', '7950h']"
5,3,0,3,0,None,"{'EIS': 0, 'P2': 2, 'P3': 1}","[320, 2240, 7360]","['320c', '2240j', '7360j']"
5,3,0,3,0,None,"{'EIS': 0, 'P2': 2, 'P3': 1}","[320, 2240, 7360]","['320f', '2240bb', '7360bb']"
5,3,0,3,0,None,"{'EIS': 0, 'P3': 3}","[322, 2093, 9499]","['322d', '2093a', '9499b']"
5,3,0,3,0,None,"{'EIS': 0, 'P2': 2, 'P3': 1}","[324, 2268, 8100]","['324b', '2268b', '8100j']"
5,3,0,3,0,None,"{'EIS': 0, 'P2': 2, 'P3': 1}","[324, 2268, 8100]","['324d', '2268a', '8100i']"
5,3,0,3,0,None,"{'EIS': 0, 'P2': 2, 'P3': 1}","[329, 987, 7567]","['329a', '987e', '7567a']"
5,3,0,3,0,None,"{'EIS': 0, 'P2': 2, 'P3': 1}","[333, 4329, 8325]","['333a', '4329b', '8325u']"
5,3,0,3,0,None,"{'EIS': 0, 'P2': 2, 'P3': 1}","[336, 4368, 8400]","['336c', '4368g', '8400x']"
5,3,0,3,0,None,"{'EIS': 0, 'P2': 2, 'P3': 1}","[338, 1014, 8450]","['338c', '1014e', '8450p']"
5,3,0,3,0,None,"{'EIS': 0, 'P2': 2, 'P3': 1}","[339, 1695, 2373]","['339a', '1695d', '2373c']"
5,3,0,3,0,None,"{'EIS': 0, 'P1': 1, 'P2': 2}","[342, 8550]","['342a', '342b', '8550bg']"
5,3,0,3,0,None,"{'EIS': 0, 'P2': 2, 'P3': 1}","[342, 3762, 4446]","['342d', '3762m', '4446k']"
5,3,0,3,0,None,"{'EIS': 0, 'P2': 2, 'P3': 1}","[342, 3762, 4446]","['342e', '3762a', '4446a']"
5,3,0,3,0,None,"{'EIS': 0, 'P2': 2, 'P3': 1}","[344, 5848, 8600]","['344a', '5848g', '8600h']"
5,3,0,3,0,None,"{'EIS': 0, 'P2': 2, 'P3': 1}","[345, 2415, 5865]","['345b', '2415c', '5865d']"
5,3,0,3,0,None,"{'EIS': 0, 'P3': 3}","[345, 1955, 3565]","['345c', '1955a', '3565a']"
5,3,0,3,0,None,"{'EIS': 0, 'P2': 3}","[345, 690, 7590]","['345f', '690j', '7590x']"
5,3,0,3,0,None,"{'EIS': 0, 'P2': 2, 'P3': 1}","[350, 4550, 6650]","['350a', '4550f', '6650g']"
5,3,0,3,0,None,"{'EIS': 0, 'P1': 1, 'P2': 2}","[350, 4550]","['350d', '350f', '4550t']"
5,3,0,3,0,None,"{'EIS': 0, 'P2': 3}","[354, 1770, 8850]","['354e', '1770e', '8850r']"
5,3,0,3,0,None,"{'EIS': 0, 'P2': 3}","[357, 1785, 8925]","['357a', '1785f', '8925c']"
5,3,0,3,0,None,"{'EIS': 0, 'P2': 2, 'P3': 1}","[357, 7854, 9282]","['357d', '7854t', '9282u']"
5,3,0,3,0,None,"{'EIS': 0, 'P2': 2, 'P3': 1}","[360, 4680, 6120]","['360d', '4680u', '6120v']"
5,3,0,3,0,None,"{'EIS': 0, 'P2': 3}","[363, 726, 3630]","['363b', '726b', '3630a']"
5,3,0,3,0,None,"{'EIS': 0, 'P2': 3}","[363, 726, 3630]","['363c', '726g', '3630o']"
5,3,0,3,0,None,"{'EIS': 0, 'P2': 2, 'P3': 1}","[364, 6188, 9100]","['364b', '6188c', '9100e']"
5,3,0,3,0,None,"{'EIS': 0, 'P2': 2, 'P3': 1}","[366, 1830, 2562]","['366d', '1830f', '2562i']"
5,3,0,3,0,None,"{'EIS': 0, 'P2': 1, 'P3': 2}","[366, 2562, 7869]","['366g', '2562j', '7869d']"
5,3,0,3,0,None,"{'EIS': 0, 'P2': 2, 'P3': 1}","[368, 2576, 9200]","['368g', '2576b', '9200c']"
5,3,0,3,0,None,"{'EIS': 0, 'P2': 2, 'P3': 1}","[369, 8487, 9225]","['369a', '8487h', '9225u']"
5,3,0,3,0,None,"{'EIS': 0, 'P2': 2, 'P3': 1}","[370, 4070, 8510]","['370c', '4070a', '8510c']"
5,3,0,3,0,None,"{'EIS': 0, 'P2': 2, 'P3': 1}","[372, 7068, 9300]","['372d', '7068f', '9300j']"
5,3,0,3,0,None,"{'EIS': 0, 'P2': 2, 'P3': 1}","[378, 4914, 9450]","['378e', '4914y', '9450dx']"
5,3,0,3,0,None,"{'EIS': 0, 'P2': 2, 'P3': 1}","[378, 4914, 9450]","['378f', '4914l', '9450bx']"
5,3,0,3,0,None,"{'EIS': 0, 'P3': 3}","[381, 4445, 5461]","['381a', '4445b', '5461b']"
5,3,0,3,0,None,"{'EIS': 0, 'P2': 2, 'P3': 1}","[390, 2730, 6630]","['390e', '2730r', '6630p']"
5,3,0,3,0,None,"{'EIS': 0, 'P2': 2, 'P3': 1}","[392, 1176, 1960]","['392b', '1176b', '1960e']"
5,3,0,3,0,None,"{'EIS': 0, 'P2': 2, 'P3': 1}","[392, 1176, 1960]","['392c', '1176d', '1960a']"
5,3,0,3,0,None,"{'EIS': 0, 'P2': 3}","[392, 1960, 9800]","['392d', '1960d', '9800l']"
5,3,0,3,0,None,"{'EIS': 0, 'P2': 2, 'P3': 1}","[396, 2772, 9900]","['396b', '2772k', '9900y']"
5,3,0,3,0,None,"{'EIS': 0, 'P3': 3}","[399, 3325, 9443]","['399a', '3325a', '9443a']"
5,3,0,3,0,None,"{'EIS': 0, 'P2': 2, 'P3': 1}","[399, 5187, 9975]","['399c', '5187g', '9975j']"
5,3,0,3,0,None,"{'EIS': 0, 'P2': 2, 'P3': 1}","[400, 2800, 9200]","['400e', '2800q', '9200w']"
5,3,0,3,0,None,"{'EIS': 0, 'P2': 2, 'P3': 1}","[405, 810, 5265]","['405e', '810c', '5265l']"
5,3,0,3,0,None,"{'EIS': 0, 'P2': 2, 'P3': 1}","[405, 810, 5265]","['405f', '810g', '5265g']"
5,3,0,3,0,None,"{'EIS': 0, 'P2': 2, 'P3': 1}","[406, 1218, 5278]","['406c', '1218h', '5278e']"
5,3,0,3,0,None,"{'EIS': 0, 'P3': 2, 'P2': 1}","[414, 1035, 4554]","['414d', '1035e', '4554w']"
5,3,0,3,0,None,"{'EIS': 0, 'P2': 2, 'P3': 1}","[420, 4620, 7140]","['420d', '4620m', '7140l']"
5,3,0,3,0,None,"{'EIS': 0, 'P2': 2, 'P3': 1}","[423, 2961, 4230]","['423f', '2961h', '4230bg']"
5,3,0,3,0,None,"{'EIS': 0, 'P3': 3}","[435, 1015, 1885]","['435b', '1015b', '1885c']"
5,3,0,3,0,None,"{'EIS': 0, 'P2': 2, 'P3': 1}","[440, 7480, 8360]","['440d', '7480c', '8360g']"
5,3,0,3,0,None,"{'EIS': 0, 'P2': 3}","[441, 882, 9702]","['441e', '882h', '9702bq']"
5,3,0,3,0,None,"{'EIS': 0, 'P2': 3}","[441, 882, 9702]","['441f', '882j', '9702cd']"
5,3,0,3,0,None,"{'EIS': 0, 'P2': 2, 'P3': 1}","[450, 3150, 5850]","['450e', '3150y', '5850bg']"
5,3,0,3,0,None,"{'EIS': 0, 'P2': 2, 'P3': 1}","[450, 3150, 5850]","['450f', '3150d', '5850e']"
5,3,0,3,0,None,"{'EIS': 0, 'P2': 2, 'P3': 1}","[456, 2280, 3192]","['456d', '2280f', '3192m']"
5,3,0,3,0,None,"{'EIS': 0, 'P2': 3}","[464, 1392, 6960]","['464b', '1392e', '6960r']"
5,3,0,3,0,None,"{'EIS': 0, 'P2': 2, 'P3': 1}","[468, 2340, 8892]","['468a', '2340a', '8892b']"
5,3,0,3,0,None,"{'EIS': 0, 'P2': 2, 'P3': 1}","[468, 2340, 8892]","['468b', '2340c', '8892a']"
5,3,0,3,0,None,"{'EIS': 0, 'P3': 3}","[474, 2054, 3950]","['474b', '2054c', '3950e']"
5,3,0,3,0,None,"{'EIS': 0, 'P2': 2, 'P3': 1}","[475, 6175, 8075]","['475a', '6175i', '8075f']"
5,3,0,3,0,None,"{'EIS': 0, 'P2': 2, 'P3': 1}","[490, 6370, 9310]","['490h', '6370t', '9310r']"
5,3,0,3,0,None,"{'EIS': 0, 'P2': 2, 'P3': 1}","[496, 2480, 6448]","['496e', '2480n', '6448e']"
5,3,0,3,0,None,"{'EIS': 0, 'P3': 3}","[498, 4150, 9130]","['498b', '4150c', '9130a']"
5,3,0,3,0,None,"{'EIS': 0, 'P3': 2, 'P2': 1}","[522, 3393, 9918]","['522a', '3393b', '9918c']"
5,3,0,3,0,None,"{'EIS': 0, 'P3': 2, 'P2': 1}","[522, 3393, 9918]","['522i', '3393d', '9918k']"
5,3,0,3,0,None,"{'EIS': 0, 'P2': 2, 'P3': 1}","[522, 3654, 9918]","['522j', '3654s', '9918p']"
5,3,0,3,0,None,"{'EIS': 0, 'P2': 2, 'P3': 1}","[528, 2640, 3696]","['528c', '2640c', '3696b']"
5,3,0,3,0,None,"{'EIS': 0, 'P2': 2, 'P3': 1}","[540, 3780, 9180]","['540a', '3780a', '9180b']"
5,3,0,3,0,None,"{'EIS': 0, 'P2': 2, 'P3': 1}","[540, 3780, 9180]","['540f', '3780g', '9180f']"
5,3,0,3,0,None,"{'EIS': 0, 'P2': 2, 'P3': 1}","[546, 2730, 9282]","['546f', '2730z', '9282t']"
5,3,0,3,0,None,"{'EIS': 0, 'P2': 2, 'P3': 1}","[550, 1650, 9350]","['550i', '1650q', '9350ba']"
5,3,0,3,0,None,"{'EIS': 0, 'P2': 2, 'P3': 1}","[558, 2790, 3906]","['558h', '2790bc', '3906r']"
5,3,0,3,0,None,"{'EIS': 0, 'P2': 2, 'P3': 1}","[560, 1680, 7280]","['560a', '1680b', '7280c']"
5,3,0,3,0,None,"{'EIS': 0, 'P3': 3}","[564, 940, 2068]","['564a', '940c', '2068b']"
5,3,0,3,0,None,"{'EIS': 0, 'P2': 2, 'P3': 1}","[570, 3990, 9690]","['570a', '3990b', '9690a']"
5,3,0,3,0,None,"{'EIS': 0, 'P1': 1, 'P2': 2}","[570, 3990]","['570j', '570k', '3990x']"
5,3,0,3,0,None,"{'EIS': 0, 'P2': 2, 'P1': 1}","[575, 1150]","['575b', '1150e', '1150h']"
5,3,0,3,0,None,"{'EIS': 0, 'P3': 3}","[579, 5018, 9650]","['579a', '5018a', '9650d']"
5,3,0,3,0,None,"{'EIS': 0, 'P2': 3}","[585, 1170, 8190]","['585e', '1170j', '8190bj']"
5,3,0,3,0,None,"{'EIS': 0, 'P2': 2, 'P3': 1}","[588, 6468, 7644]","['588c', '6468i', '7644d']"
5,3,0,3,0,None,"{'EIS': 0, 'P2': 2, 'P3': 1}","[588, 6468, 7644]","['588e', '6468t', '7644f']"
5,3,0,3,0,None,"{'EIS': 0, 'P2': 2, 'P3': 1}","[594, 2970, 7722]","['594b', '2970k', '7722h']"
5,3,0,3,0,None,"{'EIS': 0, 'P2': 2, 'P3': 1}","[594, 2970, 7722]","['594f', '2970x', '7722w']"
5,3,0,3,0,None,"{'EIS': 0, 'P1': 1, 'P2': 2}","[600, 4200]","['600b', '600c', '4200b']"
5,3,0,3,0,None,"{'EIS': 0, 'P1': 1, 'P2': 2}","[600, 4200]","['600h', '600i', '4200bf']"
5,3,0,3,0,None,"{'EIS': 0, 'P2': 2, 'P3': 1}","[603, 4221, 7839]","['603c', '4221b', '7839c']"
5,3,0,3,0,None,"{'EIS': 0, 'P3': 3}","[618, 1442, 2678]","['618d', '1442a', '2678e']"
5,3,0,3,0,None,"{'EIS': 0, 'P1': 1, 'P2': 2}","[650, 7150]","['650b', '650c', '7150m']"
5,3,0,3,0,None,"{'EIS': 0, 'P1': 1, 'P2': 2}","[650, 1950]","['650h', '650k', '1950v']"
5,3,0,3,0,None,"{'EIS': 0, 'P1': 1, 'P2': 2}","[650, 7150]","['650l', '650m', '7150w']"
5,3,0,3,0,None,"{'EIS': 0, 'P2': 2, 'P3': 1}","[666, 3330, 4662]","['666g', '3330r', '4662p']"
5,3,0,3,0,None,"{'EIS': 0, 'P2': 3}","[675, 1350, 9450]","['675g', '1350g', '9450bk']"
5,3,0,3,0,None,"{'EIS': 0, 'P2': 3}","[675, 1350, 9450]","['675h', '1350r', '9450dh']"
5,3,0,3,0,None,"{'EIS': 0, 'P3': 3}","[681, 2497, 5675]","['681e', '2497a', '5675a']"
5,3,0,3,0,None,"{'EIS': 0, 'P2': 2, 'P3': 1}","[684, 3420, 8892]","['684a', '3420a', '8892g']"
5,3,0,3,0,None,"{'EIS': 0, 'P2': 2, 'P3': 1}","[690, 7590, 8970]","['690d', '7590e', '8970d']"
5,3,0,3,0,None,"{'EIS': 0, 'P1': 1, 'P2': 2}","[700, 7700]","['700b', '700g', '7700c']"
5,3,0,3,0,None,"{'EIS': 0, 'P1': 1, 'P2': 2}","[700, 7700]","['700i', '700j', '7700k']"
5,3,0,3,0,None,"{'EIS': 0, 'P2': 2, 'P3': 1}","[704, 3520, 9152]","['704h', '3520t', '9152r']"
5,3,0,3,0,None,"{'EIS': 0, 'P2': 2, 'P3': 1}","[704, 3520, 9152]","['704l', '3520ba', '9152bc']"
5,3,0,3,0,None,"{'EIS': 0, 'P3': 1, 'P2': 2}","[714, 1190, 3570]","['714b', '1190b', '3570e']"
5,3,0,3,0,None,"{'EIS': 0, 'P2': 2, 'P3': 1}","[720, 5040, 9360]","['720a', '5040c', '9360d']"
5,3,0,3,0,None,"{'EIS': 0, 'P2': 2, 'P3': 1}","[720, 5040, 9360]","['720b', '5040f', '9360h']"
5,3,0,3,0,None,"{'EIS': 0, 'P2': 2, 'P3': 1}","[720, 5040, 9360]","['720f', '5040x', '9360y']"
5,3,0,3,0,None,"{'EIS': 0, 'P2': 2, 'P3': 1}","[720, 5040, 9360]","['720g', '5040bb', '9360bd']"
5,3,0,3,0,None,"{'EIS': 0, 'P3': 3}","[722, 1083, 3971]","['722c', '1083c', '3971b']"
5,3,0,3,0,None,"{'EIS': 0, 'P3': 2, 'P2': 1}","[730, 1898, 3650]","['730h', '1898a', '3650l']"
5,3,0,3,0,None,"{'EIS': 0, 'P2': 1, 'P3': 2}","[738, 3690, 9225]","['738a', '3690b', '9225d']"
5,3,0,3,0,None,"{'EIS': 0, 'P2': 2, 'P3': 1}","[738, 5166, 8118]","['738d', '5166m', '8118d']"
5,3,0,3,0,None,"{'EIS': 0, 'P2': 1, 'P3': 2}","[738, 3690, 9225]","['738e', '3690n', '9225h']"
5,3,0,3,0,None,"{'EIS': 0, 'P2': 2, 'P3': 1}","[754, 2262, 3770]","['754b', '2262c', '3770c']"
5,3,0,3,0,None,"{'EIS': 0, 'P3': 3}","[768, 3328, 6400]","['768b', '3328b', '6400b']"
5,3,0,3,0,None,"{'EIS': 0, 'P3': 3}","[768, 3328, 6400]","['768d', '3328d', '6400d']"
5,3,0,3,0,None,"{'EIS': 0, 'P3': 3}","[768, 3328, 6400]","['768f', '3328k', '6400n']"
5,3,0,3,0,None,"{'EIS': 0, 'P3': 3}","[768, 3328, 6400]","['768h', '3328g', '6400p']"
5,3,0,3,0,None,"{'EIS': 0, 'P2': 2, 'P1': 1}","[774, 5418]","['774i', '5418q', '5418r']"
5,3,0,3,0,None,"{'EIS': 0, 'P2': 2, 'P3': 1}","[784, 2352, 3920]","['784a', '2352a', '3920a']"
5,3,0,3,0,None,"{'EIS': 0, 'P2': 2, 'P3': 1}","[784, 2352, 3920]","['784d', '2352h', '3920l']"
5,3,0,3,0,None,"{'EIS': 0, 'P2': 2, 'P3': 1}","[792, 3960, 5544]","['792g', '3960t', '5544w']"
5,3,0,3,0,None,"{'EIS': 0, 'P3': 2, 'P2': 1}","[795, 1113, 3975]","['795b', '1113d', '3975c']"
5,3,0,3,0,None,"{'EIS': 0, 'P3': 2, 'P2': 1}","[798, 6650, 8778]","['798c', '6650b', '8778h']"
5,3,0,3,0,None,"{'EIS': 0, 'P3': 3}","[798, 4522, 6650]","['798d', '4522c', '6650e']"
5,3,0,3,0,None,"{'EIS': 0, 'P2': 2, 'P3': 1}","[832, 4160, 9152]","['832f', '4160i', '9152n']"
5,3,0,3,0,None,"{'EIS': 0, 'P2': 2, 'P3': 1}","[832, 4160, 9152]","['832j', '4160q', '9152w']"
5,3,0,3,0,None,"{'EIS': 0, 'P2': 2, 'P3': 1}","[848, 4240, 5936]","['848g', '4240g', '5936l']"
5,3,0,3,0,None,"{'EIS': 0, 'P1': 1, 'P2': 2}","[850, 2550]","['850c', '850d', '2550g']"
5,3,0,3,0,None,"{'EIS': 0, 'P1': 1, 'P2': 2}","[850, 2550]","['850f', '850l', '2550bb']"
5,3,0,3,0,None,"{'EIS': 0, 'P2': 1, 'P3': 2}","[867, 1734, 5491]","['867c', '1734c', '5491e']"
5,3,0,3,0,None,"{'EIS': 0, 'P2': 1, 'P3': 2}","[867, 1734, 5491]","['867e', '1734f', '5491f']"
5,3,0,3,0,None,"{'EIS': 0, 'P2': 3}","[873, 4365, 8730]","['873d', '4365d', '8730j']"
5,3,0,3,0,None,"{'EIS': 0, 'P2': 1, 'P3': 2}","[876, 6132, 7300]","['876b', '6132f', '7300a']"
5,3,0,3,0,None,"{'EIS': 0, 'P3': 2, 'P2': 1}","[906, 2265, 9966]","['906e', '2265b', '9966d']"
5,3,0,3,0,None,"{'EIS': 0, 'P2': 2, 'P3': 1}","[912, 4560, 6384]","['912c', '4560h', '6384o']"
5,3,0,3,0,None,"{'EIS': 0, 'P3': 3}","[913, 2075, 6557]","['913a', '2075b', '6557a']"
5,3,0,3,0,None,"{'EIS': 0, 'P1': 1, 'P2': 2}","[918, 6426]","['918a', '918b', '6426g']"
5,3,0,3,0,None,"{'EIS': 0, 'P1': 1, 'P2': 2}","[918, 6426]","['918k', '918l', '6426bd']"
5,3,0,3,0,None,"{'EIS': 0, 'P3': 3}","[924, 7084, 7700]","['924e', '7084a', '7700a']"
5,3,0,3,0,None,"{'EIS': 0, 'P2': 2, 'P3': 1}","[925, 2775, 6475]","['925a', '2775a', '6475b']"
5,3,0,3,0,None,"{'EIS': 0, 'P2': 2, 'P1': 1}","[950, 2850]","['950e', '2850ba', '2850bb']"
5,3,0,3,0,None,"{'EIS': 0, 'P2': 1, 'P3': 2}","[966, 4830, 6279]","['966h', '4830y', '6279g']"
5,3,0,3,0,None,"{'EIS': 0, 'P3': 3}","[984, 4264, 5576]","['984c', '4264b', '5576i']"
5,3,0,3,0,None,"{'EIS': 0, 'P2': 2, 'P3': 1}","[1014, 5070, 7098]","['1014a', '5070c', '7098f']"
5,3,0,3,0,None,"{'EIS': 0, 'P2': 2, 'P3': 1}","[1014, 5070, 7098]","['1014d', '5070s', '7098s']"
5,3,0,3,0,None,"{'EIS': 0, 'P2': 2, 'P3': 1}","[1017, 5085, 7119]","['1017i', '5085i', '7119i']"
5,3,0,3,0,None,"{'EIS': 0, 'P2': 2, 'P1': 1}","[1075, 2150]","['1075d', '2150d', '2150i']"
5,3,0,3,0,None,"{'EIS': 0, 'P2': 2, 'P3': 1}","[1098, 5490, 7686]","['1098c', '5490j', '7686e']"
5,3,0,3,0,None,"{'EIS': 0, 'P2': 2, 'P1': 1}","[1100, 3300]","['1100a', '3300l', '3300p']"
5,3,0,3,0,None,"{'EIS': 0, 'P3': 3}","[1128, 2632, 9400]","['1128b', '2632d', '9400i']"
5,3,0,3,0,None,"{'EIS': 0, 'P3': 3}","[1158, 7334, 9650]","['1158e', '7334c', '9650j']"
5,3,0,3,0,None,"{'EIS': 0, 'P1': 1, 'P2': 2}","[1200, 8400]","['1200b', '1200c', '8400l']"
5,3,0,3,0,None,"{'EIS': 0, 'P1': 1, 'P2': 2}","[1200, 8400]","['1200f', '1200i', '8400z']"
5,3,0,3,0,None,"{'EIS': 0, 'P3': 3}","[1211, 4325, 7439]","['1211a', '4325a', '7439b']"
5,3,0,3,0,None,"{'EIS': 0, 'P3': 2, 'P2': 1}","[1230, 3895, 7790]","['1230b', '3895c', '7790a']"
5,3,0,3,0,None,"{'EIS': 0, 'P1': 1, 'P2': 2}","[1230, 8610]","['1230i', '1230j', '8610p']"
5,3,0,3,0,None,"{'EIS': 0, 'P2': 2, 'P1': 1}","[1275, 2550]","['1275d', '2550u', '2550z']"
5,3,0,3,0,None,"{'EIS': 0, 'P2': 2, 'P1': 1}","[1275, 2550]","['1275f', '2550j', '2550n']"
5,3,0,3,0,None,"{'EIS': 0, 'P2': 2, 'P1': 1}","[1325, 2650]","['1325e', '2650i', '2650j']"
5,3,0,3,0,None,"{'EIS': 0, 'P3': 3}","[1326, 3094, 5525]","['1326a', '3094a', '5525a']"
5,3,0,3,0,None,"{'EIS': 0, 'P2': 1, 'P3': 2}","[1330, 6650, 9842]","['1330f', '6650c', '9842a']"
5,3,0,3,0,None,"{'EIS': 0, 'P3': 3}","[1339, 1957, 7725]","['1339a', '1957a', '7725i']"
5,3,0,3,0,None,"{'EIS': 0, 'P3': 3}","[1344, 2240, 4928]","['1344e', '2240b', '4928n']"
5,3,0,3,0,None,"{'EIS': 0, 'P3': 3}","[1344, 2240, 4928]","['1344h', '2240a', '4928c']"
5,3,0,3,0,None,"{'EIS': 0, 'P2': 2, 'P1': 1}","[1350, 9450]","['1350b', '9450l', '9450w']"
5,3,0,3,0,None,"{'EIS': 0, 'P2': 2, 'P1': 1}","[1350, 9450]","['1350d', '9450p', '9450s']"
5,3,0,3,0,None,"{'EIS': 0, 'P2': 2, 'P1': 1}","[1350, 9450]","['1350s', '9450dj', '9450dz']"
5,3,0,3,0,None,"{'EIS': 0, 'P2': 2, 'P1': 1}","[1350, 9450]","['1350u', '9450do', '9450dq']"
5,3,0,3,0,None,"{'EIS': 0, 'P2': 2, 'P3': 1}","[1368, 6840, 9576]","['1368c', '6840g', '9576k']"
5,3,0,3,0,None,"{'EIS': 0, 'P1': 1, 'P2': 2}","[1400, 4200]","['1400b', '1400f', '4200n']"
5,3,0,3,0,None,"{'EIS': 0, 'P1': 3}","[1400]","['1400h', '1400i', '1400n']"
5,3,0,3,0,None,"{'EIS': 0, 'P1': 1, 'P2': 2}","[1400, 4200]","['1400l', '1400m', '4200t']"
5,3,0,3,0,None,"{'EIS': 0, 'P3': 2, 'P2': 1}","[1410, 3666, 7050]","['1410f', '3666h', '7050f']"
5,3,0,3,0,None,"{'EIS': 0, 'P2': 2, 'P1': 1}","[1425, 2850]","['1425i', '2850j', '2850m']"
5,3,0,3,0,None,"{'EIS': 0, 'P3': 3}","[1482, 3705, 8151]","['1482g', '3705b', '8151b']"
5,3,0,3,0,None,"{'EIS': 0, 'P2': 2, 'P1': 1}","[1485, 2970]","['1485f', '2970i', '2970j']"
5,3,0,3,0,None,"{'EIS': 0, 'P2': 2, 'P1': 1}","[1485, 2970]","['1485h', '2970z', '2970ba']"
5,3,0,3,0,None,"{'EIS': 0, 'P1': 1, 'P2': 2}","[1512, 7560]","['1512c', '1512d', '7560g']"
5,3,0,3,0,None,"{'EIS': 0, 'P1': 1, 'P2': 2}","[1512, 7560]","['1512g', '1512i', '7560m']"
5,3,0,3,0,None,"{'EIS': 0, 'P3': 2, 'P2': 1}","[1518, 5313, 7590]","['1518i', '5313d', '7590l']"
5,3,0,3,0,None,"{'EIS': 0, 'P1': 1, 'P3': 2}","[1518, 3542]","['1518k', '1518l', '3542n']"
5,3,0,3,0,None,"{'EIS': 0, 'P3': 2, 'P2': 1}","[1530, 5814, 7650]","['1530a', '5814c', '7650b']"
5,3,0,3,0,None,"{'EIS': 0, 'P3': 2, 'P2': 1}","[1530, 5814, 7650]","['1530j', '5814m', '7650bi']"
5,3,0,3,0,None,"{'EIS': 0, 'P2': 2, 'P1': 1}","[1550, 4650]","['1550b', '4650d', '4650h']"
5,3,0,3,0,None,"{'EIS': 0, 'P2': 2, 'P1': 1}","[1550, 4650]","['1550g', '4650bu', '4650bv']"
5,3,0,3,0,None,"{'EIS': 0, 'P2': 2, 'P3': 1}","[1599, 3198, 7995]","['1599c', '3198d', '7995d']"
5,3,0,3,0,None,"{'EIS': 0, 'P2': 2, 'P1': 1}","[1600, 4800]","['1600j', '4800bd', '4800bf']"
5,3,0,3,0,None,"{'EIS': 0, 'P2': 2, 'P1': 1}","[1600, 4800]","['1600v', '4800bv', '4800bw']"
5,3,0,3,0,None,"{'EIS': 0, 'P1': 1, 'P2': 2}","[1638, 8190]","['1638p', '1638r', '8190bp']"
5,3,0,3,0,None,"{'EIS': 0, 'P3': 2, 'P2': 1}","[1640, 3608, 8200]","['1640d', '3608c', '8200d']"
5,3,0,3,0,None,"{'EIS': 0, 'P3': 3}","[1670, 3674, 7682]","['1670b', '3674c', '7682b']"
5,3,0,3,0,None,"{'EIS': 0, 'P3': 3}","[1682, 5887, 9251]","['1682a', '5887c', '9251a']"
5,3,0,3,0,None,"{'EIS': 0, 'P3': 3}","[1830, 4270, 6710]","['1830i', '4270i', '6710h']"
5,3,0,3,0,None,"{'EIS': 0, 'P3': 2, 'P2': 1}","[1880, 4136, 9400]","['1880a', '4136b', '9400b']"
5,3,0,3,0,None,"{'EIS': 0, 'P1': 1, 'P2': 2}","[1914, 9570]","['1914g', '1914j', '9570s']"
5,3,0,3,0,None,"{'EIS': 0, 'P2': 2, 'P3': 1}","[1936, 5808, 9680]","['1936g', '5808v', '9680y']"
5,3,0,3,0,None,"{'EIS': 0, 'P1': 3}","[2100]","['2100m', '2100n', '2100r']"
5,3,0,3,0,None,"{'EIS': 0, 'P2': 2, 'P3': 1}","[2135, 4270, 6405]","['2135b', '4270f', '6405a']"
5,3,0,3,0,None,"{'EIS': 0, 'P2': 2, 'P1': 1}","[2156, 6468]","['2156a', '6468m', '6468n']"
5,3,0,3,0,None,"{'EIS': 0, 'P3': 3}","[2175, 5075, 9425]","['2175h', '5075d', '9425f']"
5,3,0,3,0,None,"{'EIS': 0, 'P3': 3}","[2256, 3760, 8272]","['2256m', '3760f', '8272o']"
5,3,0,3,0,None,"{'EIS': 0, 'P2': 2, 'P1': 1}","[2325, 4650]","['2325e', '4650i', '4650j']"
5,3,0,3,0,None,"{'EIS': 0, 'P2': 2, 'P1': 1}","[2325, 4650]","['2325k', '4650bk', '4650bw']"
5,3,0,3,0,None,"{'EIS': 0, 'P3': 3}","[2431, 3315, 5525]","['2431a', '3315a', '5525b']"
5,3,0,3,0,None,"{'EIS': 0, 'P2': 2, 'P1': 1}","[2450, 7350]","['2450f', '7350f', '7350q']"
5,3,0,3,0,None,"{'EIS': 0, 'P2': 2, 'P1': 1}","[2450, 7350]","['2450bf', '7350cw', '7350cy']"
5,3,0,3,0,None,"{'EIS': 0, 'P1': 3}","[2550]","['2550o', '2550p', '2550q']"
5,3,0,3,0,None,"{'EIS': 0, 'P1': 3}","[2550]","['2550r', '2550t', '2550x']"
5,3,0,3,0,None,"{'EIS': 0, 'P1': 1, 'P2': 2}","[2600, 7800]","['2600c', '2600f', '7800i']"
5,3,0,3,0,None,"{'EIS': 0, 'P1': 1, 'P2': 2}","[2650, 7950]","['2650b', '2650d', '7950t']"
5,3,0,3,0,None,"{'EIS': 0, 'P2': 2, 'P1': 1}","[2650, 7950]","['2650l', '7950be', '7950bm']"
5,3,0,3,0,None,"{'EIS': 0, 'P2': 2, 'P3': 1}","[2675, 5350, 8025]","['2675b', '5350h', '8025l']"
5,3,0,3,0,None,"{'EIS': 0, 'P3': 3}","[2678, 3502, 5150]","['2678l', '3502a', '5150j']"
5,3,0,3,0,None,"{'EIS': 0, 'P1': 1, 'P2': 2}","[2800, 8400]","['2800b', '2800j', '8400b']"
5,3,0,3,0,None,"{'EIS': 0, 'P1': 3}","[2800]","['2800g', '2800h', '2800m']"
5,3,0,3,0,None,"{'EIS': 0, 'P1': 1, 'P2': 2}","[2800, 8400]","['2800k', '2800l', '8400bf']"
5,3,0,3,0,None,"{'EIS': 0, 'P2': 2, 'P1': 1}","[2800, 8400]","['2800u', '8400bo', '8400bt']"
5,3,0,3,0,None,"{'EIS': 0, 'P2': 2, 'P1': 1}","[2800, 8400]","['2800z', '8400cm', '8400cn']"
5,3,0,3,0,None,"{'EIS': 0, 'P3': 3}","[2849, 4921, 6475]","['2849a', '4921b', '6475c']"
5,3,0,3,0,None,"{'EIS': 0, 'P2': 2, 'P1': 1}","[2900, 8700]","['2900b', '8700k', '8700q']"
5,3,0,3,0,None,"{'EIS': 0, 'P2': 2, 'P1': 1}","[2915, 8745]","['2915a', '8745a', '8745b']"
5,3,0,3,0,None,"{'EIS': 0, 'P3': 1, 'P2': 2}","[3010, 4515, 9030]","['3010a', '4515b', '9030b']"
5,3,0,3,0,None,"{'EIS': 0, 'P1': 1, 'P3': 2}","[3030, 7070]","['3030h', '3030i', '7070b']"
5,3,0,3,0,None,"{'EIS': 0, 'P1': 3}","[3150]","['3150s', '3150t', '3150u']"
5,3,0,3,0,None,"{'EIS': 0, 'P1': 3}","[3150]","['3150bg', '3150bh', '3150bo']"
5,3,0,3,0,None,"{'EIS': 0, 'P1': 3}","[3600]","['3600bn', '3600bo', '3600bp']"
5,3,0,3,0,None,"{'EIS': 0, 'P2': 2, 'P1': 1}","[3675, 7350]","['3675d', '7350bp', '7350by']"
5,3,0,3,0,None,"{'EIS': 0, 'P2': 2, 'P1': 1}","[3675, 7350]","['3675n', '7350co', '7350cx']"
5,3,0,3,0,None,"{'EIS': 0, 'P2': 2, 'P1': 1}","[3825, 7650]","['3825b', '7650bj', '7650br']"
5,3,0,3,0,None,"{'EIS': 0, 'P2': 2, 'P1': 1}","[3825, 7650]","['3825d', '7650c', '7650k']"
5,3,0,3,0,None,"{'EIS': 0, 'P2': 2, 'P1': 1}","[3825, 7650]","['3825j', '7650ce', '7650co']"
5,3,0,3,0,None,"{'EIS': 0, 'P2': 2, 'P1': 1}","[3825, 7650]","['3825n', '7650n', '7650be']"
5,3,0,3,0,None,"{'EIS': 0, 'P1': 3}","[3850]","['3850r', '3850s', '3850w']"
5,3,0,3,0,None,"{'EIS': 0, 'P2': 2, 'P1': 1}","[4275, 8550]","['4275j', '8550w', '8550bj']"
5,3,0,3,0,None,"{'EIS': 0, 'P1': 3}","[4550]","['4550j', '4550k', '4550n']"
5,3,0,3,0,None,"{'EIS': 0, 'P1': 3}","[4650]","['4650bm', '4650bo', '4650bx']"
5,3,0,3,0,None,"{'EIS': 0, 'P1': 1, 'P2': 2}","[4675, 9350]","['4675g', '4675n', '9350r']"
5,3,0,3,0,None,"{'EIS': 0, 'P2': 2, 'P1': 1}","[4725, 9450]","['4725e', '9450c', '9450o']"
5,3,0,3,0,None,"{'EIS': 0, 'P2': 2, 'P1': 1}","[4725, 9450]","['4725f', '9450cb', '9450cq']"
5,3,0,3,0,None,"{'EIS': 0, 'P2': 2, 'P1': 1}","[4725, 9450]","['4725s', '9450bs', '9450bu']"
5,3,0,3,0,None,"{'EIS': 0, 'P2': 2, 'P1': 1}","[4725, 9450]","['4725t', '9450du', '9450dw']"
5,3,0,3,0,None,"{'EIS': 0, 'P3': 2, 'P2': 1}","[4851, 8379, 9702]","['4851l', '8379o', '9702t']"
5,3,0,3,0,None,"{'EIS': 0, 'P1': 3}","[5100]","['5100b', '5100e', '5100h']"
5,3,0,3,0,None,"{'EIS': 0, 'P1': 3}","[5100]","['5100m', '5100o', '5100q']"
5,3,0,3,0,None,"{'EIS': 0, 'P1': 3}","[5200]","['5200ba', '5200bc', '5200bi']"
5,3,0,3,0,None,"{'EIS': 0, 'P3': 2, 'P1': 1}","[5335, 9215]","['5335b', '9215c', '9215d']"
5,3,0,3,0,None,"{'EIS': 0, 'P1': 3}","[5400]","['5400c', '5400f', '5400h']"
5,3,0,3,0,None,"{'EIS': 0, 'P1': 3}","[5400]","['5400j', '5400o', '5400s']"
5,3,0,3,0,None,"{'EIS': 0, 'P1': 3}","[5400]","['5400l', '5400n', '5400v']"
5,3,0,3,0,None,"{'EIS': 0, 'P1': 3}","[5400]","['5400q', '5400w', '5400x']"
5,3,0,3,0,None,"{'EIS': 0, 'P1': 3}","[5400]","['5400z', '5400bg', '5400bm']"
5,3,0,3,0,None,"{'EIS': 0, 'P1': 3}","[5400]","['5400ba', '5400be', '5400bj']"
5,3,0,3,0,None,"{'EIS': 0, 'P1': 3}","[5400]","['5400bp', '5400br', '5400bt']"
5,3,0,3,0,None,"{'EIS': 0, 'P1': 3}","[5400]","['5400bs', '5400bu', '5400bv']"
5,3,0,3,0,None,"{'EIS': 0, 'P1': 3}","[5550]","['5550bg', '5550bh', '5550bo']"
5,3,0,3,0,None,"{'EIS': 0, 'P3': 3}","[5655, 7395, 8265]","['5655f', '7395i', '8265c']"
5,3,0,3,0,None,"{'EIS': 0, 'P1': 1, 'P3': 2}","[5681, 7475]","['5681d', '5681e', '7475g']"
5,3,0,3,0,None,"{'EIS': 0, 'P3': 3}","[5848, 6536, 8600]","['5848f', '6536c', '8600g']"
5,3,0,3,0,None,"{'EIS': 0, 'P1': 3}","[5850]","['5850i', '5850m', '5850v']"
5,3,0,3,0,None,"{'EIS': 0, 'P1': 3}","[5850]","['5850bq', '5850bt', '5850ca']"
5,3,0,3,0,None,"{'EIS': 0, 'P1': 3}","[6300]","['6300o', '6300p', '6300bb']"
5,3,0,3,0,None,"{'EIS': 0, 'P1': 3}","[6450]","['6450k', '6450o', '6450q']"
5,3,0,3,0,None,"{'EIS': 0, 'P1': 3}","[6450]","['6450bh', '6450bi', '6450bm']"
5,3,0,3,0,None,"{'EIS': 0, 'P1': 3}","[6600]","['6600t', '6600u', '6600x']"
5,3,0,3,0,None,"{'EIS': 0, 'P3': 3}","[6700, 8308, 9916]","['6700a', '8308b', '9916b']"
5,3,0,3,0,None,"{'EIS': 0, 'P1': 3}","[7020]","['7020h', '7020i', '7020j']"
5,3,0,3,0,None,"{'EIS': 0, 'P1': 3}","[7020]","['7020n', '7020o', '7020p']"
5,3,0,3,0,None,"{'EIS': 0, 'P1': 3}","[7350]","['7350b', '7350c', '7350l']"
5,3,0,3,0,None,"{'EIS': 0, 'P1': 3}","[7350]","['7350j', '7350k', '7350p']"
5,3,0,3,0,None,"{'EIS': 0, 'P1': 3}","[7350]","['7350u', '7350v', '7350bf']"
5,3,0,3,0,None,"{'EIS': 0, 'P1': 3}","[7350]","['7350ba', '7350bd', '7350bm']"
5,3,0,3,0,None,"{'EIS': 0, 'P1': 3}","[7350]","['7350bv', '7350bx', '7350cf']"
5,3,0,3,0,None,"{'EIS': 0, 'P1': 3}","[7350]","['7350bw', '7350ce', '7350cg']"
5,3,0,3,0,None,"{'EIS': 0, 'P1': 3}","[7350]","['7350ci', '7350ct', '7350cu']"
5,3,0,3,0,None,"{'EIS': 0, 'P1': 3}","[7350]","['7350cq', '7350cs', '7350cz']"
5,3,0,3,0,None,"{'EIS': 0, 'P1': 3}","[7650]","['7650s', '7650z', '7650bh']"
5,3,0,3,0,None,"{'EIS': 0, 'P1': 3}","[7650]","['7650ba', '7650bb', '7650bf']"
5,3,0,3,0,None,"{'EIS': 0, 'P1': 3}","[7650]","['7650cg', '7650cl', '7650cm']"
5,3,0,3,0,None,"{'EIS': 0, 'P1': 3}","[7650]","['7650ch', '7650cj', '7650ck']"
5,3,0,3,0,None,"{'EIS': 0, 'P1': 3}","[7950]","['7950bn', '7950bq', '7950bx']"
5,3,0,3,0,None,"{'EIS': 0, 'P1': 3}","[8400]","['8400bi', '8400bj', '8400bq']"
5,3,0,3,0,None,"{'EIS': 0, 'P1': 3}","[8450]","['8450s', '8450t', '8450y']"
5,3,0,3,0,None,"{'EIS': 0, 'P1': 3}","[8550]","['8550i', '8550n', '8550r']"
5,3,0,3,0,None,"{'EIS': 0, 'P1': 3}","[8800]","['8800c', '8800d', '8800j']"
5,3,0,3,0,None,"{'EIS': 0, 'P1': 3}","[8800]","['8800h', '8800i', '8800l']"
5,3,0,3,0,None,"{'EIS': 0, 'P1': 3}","[8850]","['8850h', '8850l', '8850n']"
5,3,0,3,0,None,"{'EIS': 0, 'P1': 3}","[8925]","['8925w', '8925x', '8925bb']"
5,3,0,3,0,None,"{'EIS': 0, 'P1': 3}","[9200]","['9200z', '9200ba', '9200bh']"
5,3,0,3,0,None,"{'EIS': 0, 'P1': 3}","[9450]","['9450bb', '9450bf', '9450bo']"
5,3,0,3,0,None,"{'EIS': 0, 'P1': 3}","[9450]","['9450bm', '9450bn', '9450bt']"
5,3,0,3,0,None,"{'EIS': 0, 'P1': 3}","[9450]","['9450bv', '9450bw', '9450bz']"
5,3,0,3,0,None,"{'EIS': 0, 'P1': 3}","[9450]","['9450cc', '9450ck', '9450cs']"
5,3,0,3,0,None,"{'EIS': 0, 'P1': 3}","[9450]","['9450cv', '9450cw', '9450da']"
5,3,0,3,0,None,"{'EIS': 0, 'P1': 3}","[9450]","['9450dl', '9450dm', '9450dv']"
5,3,0,3,0,None,"{'EIS': 0, 'P1': 3}","[9800]","['9800b', '9800c', '9800n']"
5,3,0,3,0,None,"{'EIS': 0, 'P1': 3}","[9800]","['9800j', '9800m', '9800t']"
5,3,0,3,0,None,"{'EIS': 0, 'P1': 3}","[9800]","['9800r', '9800u', '9800v']"
5,3,0,3,0,None,"{'EIS': 0, 'P1': 3}","[9800]","['9800bg', '9800bm', '9800bq']"
5,3,0,3,0,None,"{'EIS': 0, 'P1': 3}","[9800]","['9800bh', '9800bl', '9800bp']"
5,3,0,3,0,None,"{'EIS': 0, 'P1': 3}","[9900]","['9900q', '9900r', '9900be']"
5,2,0,1,0,None,"{'EIS': 0, 'P2': 1}","[89, 5073]","['89a', '5073g']"
5,2,0,1,0,None,"{'EIS': 0, 'P2': 1}","[91, 8099]","['91b', '8099a']"
5,2,0,1,0,None,"{'EIS': 0, 'P2': 1}","[94, 1034]","['94a', '1034b']"
5,2,0,1,0,None,"{'EIS': 0, 'P2': 1}","[99, 4059]","['99b', '4059c']"
5,2,0,1,0,None,"{'EIS': 0, 'P2': 1}","[109, 4033]","['109a', '4033b']"
5,2,0,1,0,None,"{'EIS': 0, 'P2': 1}","[114, 4902]","['114a', '4902m']"
5,2,0,1,0,None,"{'EIS': 0, 'P2': 1}","[121, 605]","['121a', '605c']"
5,2,0,1,0,None,"{'EIS': 0, 'P2': 1}","[121, 605]","['121c', '605a']"
5,2,0,1,0,None,"{'EIS': 0, 'P2': 1}","[122, 4514]","['122a', '4514b']"
5,2,0,1,0,None,"{'EIS': 0, 'P2': 1}","[129, 2967]","['129b', '2967c']"
5,2,0,1,0,None,"{'EIS': 0, 'P2': 1}","[131, 9825]","['131a', '9825e']"
5,2,0,1,0,None,"{'EIS': 0, 'P2': 1}","[136, 9656]","['136b', '9656b']"
5,2,0,1,0,None,"{'EIS': 0, 'P2': 1}","[141, 1833]","['141b', '1833a']"
5,2,0,1,0,None,"{'EIS': 0, 'P2': 1}","[141, 9447]","['141c', '9447d']"
5,2,0,1,0,None,"{'EIS': 0, 'P2': 1}","[141, 705]","['141d', '705a']"
5,2,0,1,0,None,"{'EIS': 0, 'P2': 1}","[142, 426]","['142b', '426c']"
5,2,0,1,0,None,"{'EIS': 0, 'P2': 1}","[142, 8378]","['142c', '8378b']"
5,2,0,1,0,None,"{'EIS': 0, 'P2': 1}","[142, 3550]","['142d', '3550k']"
5,2,0,1,0,None,"{'EIS': 0, 'P2': 1}","[145, 9715]","['145a', '9715b']"
5,2,0,1,0,None,"{'EIS': 0, 'P2': 1}","[148, 5180]","['148a', '5180d']"
5,2,0,1,0,None,"{'EIS': 0, 'P2': 1}","[155, 7285]","['155b', '7285d']"
5,2,0,1,0,None,"{'EIS': 0, 'P2': 1}","[156, 780]","['156a', '780b']"
5,2,0,1,0,None,"{'EIS': 0, 'P2': 1}","[156, 4836]","['156b', '4836e']"
5,2,0,1,0,None,"{'EIS': 0, 'P2': 1}","[162, 6966]","['162b', '6966h']"
5,2,0,1,0,None,"{'EIS': 0, 'P2': 1}","[162, 6966]","['162c', '6966e']"
5,2,0,1,0,None,"{'EIS': 0, 'P1': 1}","[170]","['170b', '170e']"
5,2,0,1,0,None,"{'EIS': 0, 'P1': 1}","[174]","['174a', '174d']"
5,2,0,1,0,None,"{'EIS': 0, 'P2': 1}","[178, 4450]","['178b', '4450e']"
5,2,0,1,0,None,"{'EIS': 0, 'P2': 1}","[179, 8234]","['179a', '8234b']"
5,2,0,1,0,None,"{'EIS': 0, 'P2': 1}","[182, 6006]","['182b', '6006y']"
5,2,0,1,0,None,"{'EIS': 0, 'P2': 1}","[187, 561]","['187a', '561a']"
5,2,0,1,0,None,"{'EIS': 0, 'P2': 1}","[194, 4850]","['194a', '4850g']"
5,2,0,1,0,None,"{'EIS': 0, 'P2': 1}","[200, 4600]","['200c', '4600h']"
5,2,0,1,0,None,"{'EIS': 0, 'P2': 1}","[201, 5025]","['201b', '5025i']"
5,2,0,1,0,None,"{'EIS': 0, 'P2': 1}","[202, 5050]","['202a', '5050c']"
5,2,0,1,0,None,"{'EIS': 0, 'P2': 1}","[203, 3045]","['203b', '3045j']"
5,2,0,1,0,None,"{'EIS': 0, 'P2': 1}","[203, 5075]","['203c', '5075h']"
5,2,0,1,0,None,"{'EIS': 0, 'P2': 1}","[206, 5150]","['206a', '5150c']"
5,2,0,1,0,None,"{'EIS': 0, 'P2': 1}","[210, 9030]","['210e', '9030y']"
5,2,0,1,0,None,"{'EIS': 0, 'P2': 1}","[212, 2332]","['212a', '2332a']"
5,2,0,1,0,None,"{'EIS': 0, 'P2': 1}","[212, 5300]","['212b', '5300c']"
5,2,0,1,0,None,"{'EIS': 0, 'P2': 1}","[213, 5325]","['213a', '5325i']"
5,2,0,1,0,None,"{'EIS': 0, 'P2': 1}","[214, 2782]","['214a', '2782f']"
5,2,0,1,0,None,"{'EIS': 0, 'P2': 1}","[214, 7062]","['214d', '7062q']"
5,2,0,1,0,None,"{'EIS': 0, 'P2': 1}","[215, 7955]","['215a', '7955a']"
5,2,0,1,0,None,"{'EIS': 0, 'P2': 1}","[219, 5475]","['219b', '5475f']"
5,2,0,1,0,None,"{'EIS': 0, 'P2': 1}","[221, 1105]","['221a', '1105a']"
5,2,0,1,0,None,"{'EIS': 0, 'P2': 1}","[226, 5650]","['226a', '5650j']"
5,2,0,1,0,None,"{'EIS': 0, 'P2': 1}","[228, 5700]","['228a', '5700c']"
5,2,0,1,0,None,"{'EIS': 0, 'P2': 1}","[229, 7557]","['229a', '7557a']"
5,2,0,1,0,None,"{'EIS': 0, 'P2': 1}","[232, 4872]","['232a', '4872e']"
5,2,0,1,0,None,"{'EIS': 0, 'P2': 1}","[235, 7755]","['235a', '7755i']"
5,2,0,1,0,None,"{'EIS': 0, 'P2': 1}","[235, 3290]","['235c', '3290b']"
5,2,0,1,0,None,"{'EIS': 0, 'P2': 1}","[236, 3540]","['236a', '3540g']"
5,2,0,1,0,None,"{'EIS': 0, 'P2': 1}","[238, 4522]","['238a', '4522i']"
5,2,0,1,0,None,"{'EIS': 0, 'P2': 1}","[238, 5950]","['238d', '5950m']"
5,2,0,1,0,None,"{'EIS': 0, 'P3': 1}","[238, 595]","['238e', '595b']"
5,2,0,1,0,None,"{'EIS': 0, 'P2': 1}","[243, 6075]","['243a', '6075a']"
5,2,0,1,0,None,"{'EIS': 0, 'P2': 1}","[243, 6075]","['243b', '6075v']"
5,2,0,1,0,None,"{'EIS': 0, 'P2': 1}","[244, 3172]","['244a', '3172a']"
5,2,0,1,0,None,"{'EIS': 0, 'P2': 1}","[245, 490]","['245a', '490j']"
5,2,0,1,0,None,"{'EIS': 0, 'P2': 1}","[245, 490]","['245b', '490g']"
5,2,0,1,0,None,"{'EIS': 0, 'P2': 1}","[245, 8085]","['245c', '8085y']"
5,2,0,1,0,None,"{'EIS': 0, 'P2': 1}","[248, 1240]","['248a', '1240c']"
5,2,0,1,0,None,"{'EIS': 0, 'P2': 1}","[248, 2728]","['248b', '2728e']"
5,2,0,1,0,None,"{'EIS': 0, 'P2': 1}","[248, 1736]","['248c', '1736b']"
5,2,0,1,0,None,"{'EIS': 0, 'P2': 1}","[254, 7874]","['254b', '7874f']"
5,2,0,1,0,None,"{'EIS': 0, 'P2': 1}","[254, 7874]","['254d', '7874c']"
5,2,0,1,0,None,"{'EIS': 0, 'P2': 1}","[256, 6400]","['256b', '6400g']"
5,2,0,1,0,None,"{'EIS': 0, 'P2': 1}","[256, 6400]","['256c', '6400t']"
5,2,0,1,0,None,"{'EIS': 0, 'P2': 1}","[258, 6450]","['258f', '6450bo']"
5,2,0,1,0,None,"{'EIS': 0, 'P2': 1}","[258, 1806]","['258g', '1806n']"
5,2,0,1,0,None,"{'EIS': 0, 'P2': 1}","[262, 6026]","['262b', '6026b']"
5,2,0,1,0,None,"{'EIS': 0, 'P2': 1}","[264, 6072]","['264b', '6072f']"
5,2,0,1,0,None,"{'EIS': 0, 'P2': 1}","[267, 6675]","['267b', '6675d']"
5,2,0,1,0,None,"{'EIS': 0, 'P2': 1}","[268, 6700]","['268a', '6700c']"
5,2,0,1,0,None,"{'EIS': 0, 'P2': 1}","[273, 546]","['273b', '546b']"
5,2,0,1,0,None,"{'EIS': 0, 'P2': 1}","[274, 1918]","['274b', '1918a']"
5,2,0,1,0,None,"{'EIS': 0, 'P2': 1}","[278, 6950]","['278b', '6950b']"
5,2,0,1,0,None,"{'EIS': 0, 'P2': 1}","[282, 7050]","['282a', '7050z']"
5,2,0,1,0,None,"{'EIS': 0, 'P2': 1}","[282, 7050]","['282b', '7050u']"
5,2,0,1,0,None,"{'EIS': 0, 'P3': 1}","[285, 665]","['285a', '665a']"
5,2,0,1,0,None,"{'EIS': 0, 'P2': 1}","[285, 4845]","['285b', '4845a']"
5,2,0,1,0,None,"{'EIS': 0, 'P2': 1}","[286, 4290]","['286c', '4290j']"
5,2,0,1,0,None,"{'EIS': 0, 'P2': 1}","[286, 1430]","['286f', '1430k']"
5,2,0,1,0,None,"{'EIS': 0, 'P2': 1}","[288, 7200]","['288a', '7200d']"
5,2,0,1,0,None,"{'EIS': 0, 'P2': 1}","[288, 7200]","['288b', '7200bi']"
5,2,0,1,0,None,"{'EIS': 0, 'P2': 1}","[288, 7200]","['288c', '7200i']"
5,2,0,1,0,None,"{'EIS': 0, 'P2': 1}","[288, 7200]","['288e', '7200bd']"
5,2,0,1,0,None,"{'EIS': 0, 'P2': 1}","[291, 582]","['291a', '582c']"
5,2,0,1,0,None,"{'EIS': 0, 'P2': 1}","[296, 6808]","['296a', '6808b']"
5,2,0,1,0,None,"{'EIS': 0, 'P2': 1}","[297, 594]","['297a', '594h']"
5,2,0,1,0,None,"{'EIS': 0, 'P2': 1}","[297, 594]","['297d', '594c']"
5,2,0,1,0,None,"{'EIS': 0, 'P2': 1}","[304, 912]","['304b', '912h']"
5,2,0,1,0,None,"{'EIS': 0, 'P2': 1}","[304, 5168]","['304e', '5168e']"
5,2,0,1,0,None,"{'EIS': 0, 'P2': 1}","[306, 7650]","['306c', '7650m']"
5,2,0,1,0,None,"{'EIS': 0, 'P2': 1}","[312, 9048]","['312b', '9048b']"
5,2,0,1,0,None,"{'EIS': 0, 'P2': 1}","[312, 7800]","['312c', '7800x']"
5,2,0,1,0,None,"{'EIS': 0, 'P3': 1}","[314, 6751]","['314a', '6751a']"
5,2,0,1,0,None,"{'EIS': 0, 'P2': 1}","[315, 5355]","['315b', '5355j']"
5,2,0,1,0,None,"{'EIS': 0, 'P2': 1}","[318, 1590]","['318c', '1590a']"
5,2,0,1,0,None,"{'EIS': 0, 'P2': 1}","[318, 7950]","['318d', '7950bf']"
5,2,0,1,0,None,"{'EIS': 0, 'P2': 1}","[320, 7360]","['320a', '7360p']"
5,2,0,1,0,None,"{'EIS': 0, 'P2': 1}","[320, 7360]","['320b', '7360d']"
5,2,0,1,0,None,"{'EIS': 0, 'P2': 1}","[322, 8050]","['322a', '8050k']"
5,2,0,1,0,None,"{'EIS': 0, 'P2': 1}","[324, 3564]","['324a', '3564a']"
5,2,0,1,0,None,"{'EIS': 0, 'P2': 1}","[324, 3564]","['324c', '3564e']"
5,2,0,1,0,None,"{'EIS': 0, 'P2': 1}","[325, 975]","['325a', '975f']"
5,2,0,1,0,None,"{'EIS': 0, 'P2': 1}","[325, 975]","['325b', '975j']"
5,2,0,1,0,None,"{'EIS': 0, 'P2': 1}","[325, 7475]","['325c', '7475c']"
5,2,0,1,0,None,"{'EIS': 0, 'P2': 1}","[330, 9570]","['330c', '9570v']"
5,2,0,1,0,None,"{'EIS': 0, 'P2': 1}","[336, 8400]","['336a', '8400bg']"
5,2,0,1,0,None,"{'EIS': 0, 'P2': 1}","[336, 8400]","['336b', '8400k']"
5,2,0,1,0,None,"{'EIS': 0, 'P2': 1}","[336, 8400]","['336e', '8400by']"
5,2,0,1,0,None,"{'EIS': 0, 'P2': 1}","[340, 6460]","['340a', '6460b']"
5,2,0,1,0,None,"{'EIS': 0, 'P2': 1}","[346, 5190]","['346a', '5190i']"
5,2,0,1,0,None,"{'EIS': 0, 'P2': 1}","[348, 2436]","['348a', '2436a']"
5,2,0,1,0,None,"{'EIS': 0, 'P2': 1}","[348, 1740]","['348d', '1740f']"
5,2,0,1,0,None,"{'EIS': 0, 'P2': 1}","[352, 1760]","['352a', '1760g']"
5,2,0,1,0,None,"{'EIS': 0, 'P2': 1}","[352, 1056]","['352b', '1056g']"
5,2,0,1,0,None,"{'EIS': 0, 'P2': 1}","[352, 1760]","['352c', '1760d']"
5,2,0,1,0,None,"{'EIS': 0, 'P2': 1}","[352, 1056]","['352d', '1056d']"
5,2,0,1,0,None,"{'EIS': 0, 'P2': 1}","[354, 8850]","['354b', '8850i']"
5,2,0,1,0,None,"{'EIS': 0, 'P2': 1}","[357, 6783]","['357b', '6783b']"
5,2,0,1,0,None,"{'EIS': 0, 'P2': 1}","[358, 2506]","['358a', '2506a']"
5,2,0,1,0,None,"{'EIS': 0, 'P2': 1}","[360, 8280]","['360e', '8280t']"
5,2,0,1,0,None,"{'EIS': 0, 'P2': 1}","[361, 6137]","['361b', '6137a']"
5,2,0,1,0,None,"{'EIS': 0, 'P2': 1}","[362, 9050]","['362b', '9050g']"
5,2,0,1,0,None,"{'EIS': 0, 'P2': 1}","[366, 1830]","['366c', '1830e']"
5,2,0,1,0,None,"{'EIS': 0, 'P2': 1}","[366, 9150]","['366e', '9150g']"
5,2,0,1,0,None,"{'EIS': 0, 'P2': 1}","[368, 9200]","['368c', '9200g']"
5,2,0,1,0,None,"{'EIS': 0, 'P2': 1}","[368, 5520]","['368d', '5520c']"
5,2,0,1,0,None,"{'EIS': 0, 'P2': 1}","[368, 7728]","['368e', '7728t']"
5,2,0,1,0,None,"{'EIS': 0, 'P2': 1}","[368, 9200]","['368f', '9200v']"
5,2,0,1,0,None,"{'EIS': 0, 'P2': 1}","[370, 6290]","['370a', '6290c']"
5,2,0,1,0,None,"{'EIS': 0, 'P2': 1}","[370, 6290]","['370b', '6290f']"
5,2,0,1,0,None,"{'EIS': 0, 'P2': 1}","[371, 6307]","['371a', '6307d']"
5,2,0,1,0,None,"{'EIS': 0, 'P2': 1}","[371, 742]","['371b', '742c']"
5,2,0,1,0,None,"{'EIS': 0, 'P2': 1}","[372, 9300]","['372a', '9300e']"
5,2,0,1,0,None,"{'EIS': 0, 'P1': 1}","[372]","['372b', '372c']"
5,2,0,1,0,None,"{'EIS': 0, 'P3': 1}","[374, 4675]","['374a', '4675e']"
5,2,0,1,0,None,"{'EIS': 0, 'P2': 1}","[378, 9450]","['378a', '9450dn']"
5,2,0,1,0,None,"{'EIS': 0, 'P2': 1}","[378, 9450]","['378b', '9450n']"
5,2,0,1,0,None,"{'EIS': 0, 'P2': 1}","[380, 4940]","['380a', '4940b']"
5,2,0,1,0,None,"{'EIS': 0, 'P2': 1}","[381, 762]","['381b', '762b']"
5,2,0,1,0,None,"{'EIS': 0, 'P2': 1}","[384, 2688]","['384a', '2688h']"
5,2,0,1,0,None,"{'EIS': 0, 'P2': 1}","[384, 2688]","['384b', '2688o']"
5,2,0,1,0,None,"{'EIS': 0, 'P2': 1}","[384, 2688]","['384c', '2688l']"
5,2,0,1,0,None,"{'EIS': 0, 'P2': 1}","[384, 2688]","['384d', '2688e']"
5,2,0,1,0,None,"{'EIS': 0, 'P2': 1}","[384, 1920]","['384e', '1920f']"
5,2,0,1,0,None,"{'EIS': 0, 'P2': 1}","[384, 1920]","['384f', '1920l']"
5,2,0,1,0,None,"{'EIS': 0, 'P2': 1}","[384, 1920]","['384g', '1920p']"
5,2,0,1,0,None,"{'EIS': 0, 'P2': 1}","[384, 1920]","['384h', '1920w']"
5,2,0,1,0,None,"{'EIS': 0, 'P2': 1}","[385, 5005]","['385a', '5005d']"
5,2,0,1,0,None,"{'EIS': 0, 'P2': 1}","[387, 9675]","['387a', '9675g']"
5,2,0,1,0,None,"{'EIS': 0, 'P2': 1}","[387, 8901]","['387d', '8901e']"
5,2,0,1,0,None,"{'EIS': 0, 'P2': 1}","[387, 3870]","['387e', '3870f']"
5,2,0,1,0,None,"{'EIS': 0, 'P2': 1}","[390, 7410]","['390a', '7410a']"
5,2,0,1,0,None,"{'EIS': 0, 'P2': 1}","[392, 9800]","['392a', '9800z']"
5,2,0,1,0,None,"{'EIS': 0, 'P2': 1}","[400, 9200]","['400a', '9200d']"
5,2,0,1,0,None,"{'EIS': 0, 'P2': 1}","[405, 9315]","['405a', '9315i']"
5,2,0,1,0,None,"{'EIS': 0, 'P2': 1}","[405, 9315]","['405b', '9315d']"
5,2,0,1,0,None,"{'EIS': 0, 'P3': 1}","[406, 8323]","['406a', '8323b']"
5,2,0,1,0,None,"{'EIS': 0, 'P2': 1}","[410, 7790]","['410b', '7790f']"
5,2,0,1,0,None,"{'EIS': 0, 'P2': 1}","[414, 2898]","['414b', '2898u']"
5,2,0,1,0,None,"{'EIS': 0, 'P2': 1}","[415, 7055]","['415a', '7055a']"
5,2,0,1,0,None,"{'EIS': 0, 'P2': 1}","[416, 6240]","['416a', '6240i']"
5,2,0,1,0,None,"{'EIS': 0, 'P2': 1}","[416, 6240]","['416b', '6240be']"
5,2,0,1,0,None,"{'EIS': 0, 'P2': 1}","[418, 1254]","['418b', '1254j']"
5,2,0,1,0,None,"{'EIS': 0, 'P2': 1}","[423, 2115]","['423a', '2115j']"
5,2,0,1,0,None,"{'EIS': 0, 'P2': 1}","[423, 5499]","['423b', '5499e']"
5,2,0,1,0,None,"{'EIS': 0, 'P2': 1}","[423, 5922]","['423e', '5922c']"
5,2,0,1,0,None,"{'EIS': 0, 'P2': 1}","[425, 9775]","['425a', '9775e']"
5,2,0,1,0,None,"{'EIS': 0, 'P2': 1}","[425, 1275]","['425b', '1275g']"
5,2,0,1,0,None,"{'EIS': 0, 'P2': 1}","[425, 1275]","['425c', '1275b']"
5,2,0,1,0,None,"{'EIS': 0, 'P3': 1}","[426, 2343]","['426b', '2343a']"
5,2,0,1,0,None,"{'EIS': 0, 'P2': 1}","[428, 9844]","['428a', '9844a']"
5,2,0,1,0,None,"{'EIS': 0, 'P2': 1}","[430, 9890]","['430a', '9890a']"
5,2,0,1,0,None,"{'EIS': 0, 'P2': 1}","[431, 6465]","['431a', '6465a']"
5,2,0,1,0,None,"{'EIS': 0, 'P1': 1}","[434]","['434c', '434e']"
5,2,0,1,0,None,"{'EIS': 0, 'P2': 1}","[437, 874]","['437b', '874b']"
5,2,0,1,0,None,"{'EIS': 0, 'P2': 1}","[438, 3066]","['438a', '3066h']"
5,2,0,1,0,None,"{'EIS': 0, 'P2': 1}","[440, 8360]","['440b', '8360l']"
5,2,0,1,0,None,"{'EIS': 0, 'P2': 1}","[440, 5720]","['440c', '5720b']"
5,2,0,1,0,None,"{'EIS': 0, 'P2': 1}","[442, 4862]","['442a', '4862d']"
5,2,0,1,0,None,"{'EIS': 0, 'P2': 1}","[442, 3094]","['442d', '3094d']"
5,2,0,1,0,None,"{'EIS': 0, 'P2': 1}","[448, 5824]","['448c', '5824o']"
5,2,0,1,0,None,"{'EIS': 0, 'P2': 1}","[448, 2240]","['448e', '2240s']"
5,2,0,1,0,None,"{'EIS': 0, 'P2': 1}","[448, 5824]","['448f', '5824x']"
5,2,0,1,0,None,"{'EIS': 0, 'P2': 1}","[448, 2240]","['448h', '2240d']"
5,2,0,1,0,None,"{'EIS': 0, 'P2': 1}","[456, 3192]","['456c', '3192g']"
5,2,0,1,0,None,"{'EIS': 0, 'P3': 1}","[458, 3435]","['458b', '3435c']"
5,2,0,1,0,None,"{'EIS': 0, 'P2': 1}","[459, 4590]","['459b', '4590o']"
5,2,0,1,0,None,"{'EIS': 0, 'P2': 1}","[459, 3213]","['459c', '3213c']"
5,2,0,1,0,None,"{'EIS': 0, 'P2': 1}","[459, 918]","['459d', '918d']"
5,2,0,1,0,None,"{'EIS': 0, 'P2': 1}","[459, 4590]","['459e', '4590b']"
5,2,0,1,0,None,"{'EIS': 0, 'P2': 1}","[459, 3213]","['459f', '3213h']"
5,2,0,1,0,None,"{'EIS': 0, 'P2': 1}","[459, 918]","['459g', '918j']"
5,2,0,1,0,None,"{'EIS': 0, 'P2': 1}","[460, 5980]","['460d', '5980d']"
5,2,0,1,0,None,"{'EIS': 0, 'P2': 1}","[462, 2310]","['462e', '2310p']"
5,2,0,1,0,None,"{'EIS': 0, 'P2': 1}","[462, 8778]","['462f', '8778v']"
5,2,0,1,0,None,"{'EIS': 0, 'P2': 1}","[464, 9744]","['464a', '9744b']"
5,2,0,1,0,None,"{'EIS': 0, 'P2': 1}","[464, 1392]","['464d', '1392n']"
5,2,0,1,0,None,"{'EIS': 0, 'P1': 1}","[464]","['464e', '464f']"
5,2,0,1,0,None,"{'EIS': 0, 'P2': 1}","[464, 3248]","['464g', '3248i']"
5,2,0,1,0,None,"{'EIS': 0, 'P2': 1}","[465, 7905]","['465a', '7905c']"
5,2,0,1,0,None,"{'EIS': 0, 'P2': 1}","[468, 3276]","['468c', '3276k']"
5,2,0,1,0,None,"{'EIS': 0, 'P2': 1}","[468, 2340]","['468e', '2340f']"
5,2,0,1,0,None,"{'EIS': 0, 'P2': 1}","[470, 1410]","['470a', '1410a']"
5,2,0,1,0,None,"{'EIS': 0, 'P2': 1}","[470, 1410]","['470b', '1410c']"
5,2,0,1,0,None,"{'EIS': 0, 'P2': 1}","[470, 8930]","['470c', '8930d']"
5,2,0,1,0,None,"{'EIS': 0, 'P2': 1}","[470, 1410]","['470d', '1410i']"
5,2,0,1,0,None,"{'EIS': 0, 'P2': 1}","[470, 6110]","['470f', '6110d']"
5,2,0,1,0,None,"{'EIS': 0, 'P2': 1}","[472, 3304]","['472a', '3304a']"
5,2,0,1,0,None,"{'EIS': 0, 'P2': 1}","[472, 7080]","['472b', '7080e']"
5,2,0,1,0,None,"{'EIS': 0, 'P2': 1}","[472, 6136]","['472c', '6136c']"
5,2,0,1,0,None,"{'EIS': 0, 'P2': 1}","[473, 946]","['473a', '946c']"
5,2,0,1,0,None,"{'EIS': 0, 'P2': 1}","[474, 6162]","['474a', '6162b']"
5,2,0,1,0,None,"{'EIS': 0, 'P2': 1}","[475, 3325]","['475b', '3325j']"
5,2,0,1,0,None,"{'EIS': 0, 'P2': 1}","[475, 3325]","['475c', '3325e']"
5,2,0,1,0,None,"{'EIS': 0, 'P2': 1}","[477, 8109]","['477a', '8109l']"
5,2,0,1,0,None,"{'EIS': 0, 'P2': 1}","[480, 6240]","['480d', '6240j']"
5,2,0,1,0,None,"{'EIS': 0, 'P2': 1}","[480, 6240]","['480e', '6240t']"
5,2,0,1,0,None,"{'EIS': 0, 'P2': 1}","[483, 966]","['483b', '966f']"
5,2,0,1,0,None,"{'EIS': 0, 'P2': 1}","[484, 1452]","['484a', '1452c']"
5,2,0,1,0,None,"{'EIS': 0, 'P2': 1}","[486, 9234]","['486a', '9234a']"
5,2,0,1,0,None,"{'EIS': 0, 'P2': 1}","[486, 3402]","['486b', '3402b']"
5,2,0,1,0,None,"{'EIS': 0, 'P2': 1}","[486, 9234]","['486d', '9234d']"
5,2,0,1,0,None,"{'EIS': 0, 'P2': 1}","[486, 3402]","['486e', '3402l']"
5,2,0,1,0,None,"{'EIS': 0, 'P2': 1}","[490, 1470]","['490a', '1470a']"
5,2,0,1,0,None,"{'EIS': 0, 'P2': 1}","[490, 5390]","['490b', '5390f']"
5,2,0,1,0,None,"{'EIS': 0, 'P2': 1}","[490, 5390]","['490c', '5390k']"
5,2,0,1,0,None,"{'EIS': 0, 'P2': 1}","[490, 1470]","['490d', '1470g']"
5,2,0,1,0,None,"{'EIS': 0, 'P1': 1}","[490]","['490e', '490f']"
5,2,0,1,0,None,"{'EIS': 0, 'P1': 1}","[490]","['490i', '490k']"
5,2,0,1,0,None,"{'EIS': 0, 'P2': 1}","[492, 6396]","['492b', '6396e']"
5,2,0,1,0,None,"{'EIS': 0, 'P3': 1}","[494, 741]","['494a', '741d']"
5,2,0,1,0,None,"{'EIS': 0, 'P2': 1}","[494, 1482]","['494d', '1482k']"
5,2,0,1,0,None,"{'EIS': 0, 'P2': 1}","[496, 3472]","['496a', '3472b']"
5,2,0,1,0,None,"{'EIS': 0, 'P2': 1}","[496, 2480]","['496b', '2480g']"
5,2,0,1,0,None,"{'EIS': 0, 'P2': 1}","[496, 5456]","['496c', '5456a']"
5,2,0,1,0,None,"{'EIS': 0, 'P2': 1}","[498, 8466]","['498a', '8466j']"
5,2,0,1,0,None,"{'EIS': 0, 'P2': 1}","[504, 5544]","['504a', '5544a']"
5,2,0,1,0,None,"{'EIS': 0, 'P2': 1}","[504, 5544]","['504d', '5544k']"
5,2,0,1,0,None,"{'EIS': 0, 'P2': 1}","[504, 6552]","['504g', '6552x']"
5,2,0,1,0,None,"{'EIS': 0, 'P2': 1}","[504, 2520]","['504h', '2520p']"
5,2,0,1,0,None,"{'EIS': 0, 'P2': 1}","[506, 3542]","['506b', '3542d']"
5,2,0,1,0,None,"{'EIS': 0, 'P2': 1}","[506, 8602]","['506c', '8602b']"
5,2,0,1,0,None,"{'EIS': 0, 'P2': 1}","[506, 3542]","['506e', '3542k']"
5,2,0,1,0,None,"{'EIS': 0, 'P2': 1}","[506, 2530]","['506f', '2530i']"
5,2,0,1,0,None,"{'EIS': 0, 'P2': 1}","[507, 8619]","['507a', '8619a']"
5,2,0,1,0,None,"{'EIS': 0, 'P2': 1}","[507, 8619]","['507b', '8619c']"
5,2,0,1,0,None,"{'EIS': 0, 'P2': 1}","[507, 9633]","['507c', '9633c']"
5,2,0,1,0,None,"{'EIS': 0, 'P2': 1}","[510, 3570]","['510a', '3570b']"
5,2,0,1,0,None,"{'EIS': 0, 'P2': 1}","[510, 3570]","['510b', '3570q']"
5,2,0,1,0,None,"{'EIS': 0, 'P2': 1}","[510, 6630]","['510g', '6630x']"
5,2,0,1,0,None,"{'EIS': 0, 'P2': 1}","[516, 3612]","['516b', '3612d']"
5,2,0,1,0,None,"{'EIS': 0, 'P2': 1}","[516, 5676]","['516c', '5676e']"
5,2,0,1,0,None,"{'EIS': 0, 'P2': 1}","[516, 5676]","['516d', '5676j']"
5,2,0,1,0,None,"{'EIS': 0, 'P2': 1}","[517, 3102]","['517a', '3102e']"
5,2,0,1,0,None,"{'EIS': 0, 'P1': 1}","[522]","['522b', '522c']"
5,2,0,1,0,None,"{'EIS': 0, 'P2': 1}","[522, 2610]","['522e', '2610f']"
5,2,0,1,0,None,"{'EIS': 0, 'P1': 1}","[522]","['522g', '522h']"
5,2,0,1,0,None,"{'EIS': 0, 'P1': 1}","[522]","['522k', '522m']"
5,2,0,1,0,None,"{'EIS': 0, 'P2': 1}","[522, 3654]","['522l', '3654w']"
5,2,0,1,0,None,"{'EIS': 0, 'P2': 1}","[525, 8925]","['525a', '8925f']"
5,2,0,1,0,None,"{'EIS': 0, 'P1': 1}","[525]","['525b', '525c']"
5,2,0,1,0,None,"{'EIS': 0, 'P2': 1}","[528, 8976]","['528a', '8976b']"
5,2,0,1,0,None,"{'EIS': 0, 'P2': 1}","[528, 3696]","['528e', '3696m']"
5,2,0,1,0,None,"{'EIS': 0, 'P2': 1}","[528, 3696]","['528g', '3696r']"
5,2,0,1,0,None,"{'EIS': 0, 'P2': 1}","[528, 6864]","['528j', '6864ba']"
5,2,0,1,0,None,"{'EIS': 0, 'P2': 1}","[530, 1590]","['530a', '1590c']"
5,2,0,1,0,None,"{'EIS': 0, 'P2': 1}","[539, 7007]","['539b', '7007b']"
5,2,0,1,0,None,"{'EIS': 0, 'P2': 1}","[540, 7020]","['540b', '7020f']"
5,2,0,1,0,None,"{'EIS': 0, 'P2': 1}","[540, 7020]","['540d', '7020l']"
5,2,0,1,0,None,"{'EIS': 0, 'P2': 1}","[546, 9282]","['546d', '9282l']"
5,2,0,1,0,None,"{'EIS': 0, 'P2': 1}","[550, 1650]","['550a', '1650g']"
5,2,0,1,0,None,"{'EIS': 0, 'P1': 1}","[550]","['550c', '550g']"
5,2,0,1,0,None,"{'EIS': 0, 'P1': 1}","[550]","['550d', '550e']"
5,2,0,1,0,None,"{'EIS': 0, 'P1': 1}","[550]","['550h', '550j']"
5,2,0,1,0,None,"{'EIS': 0, 'P1': 1}","[550]","['550l', '550m']"
5,2,0,1,0,None,"{'EIS': 0, 'P2': 1}","[551, 5510]","['551c', '5510d']"
5,2,0,1,0,None,"{'EIS': 0, 'P2': 1}","[551, 5510]","['551d', '5510i']"
5,2,0,1,0,None,"{'EIS': 0, 'P2': 1}","[552, 6072]","['552a', '6072b']"
5,2,0,1,0,None,"{'EIS': 0, 'P2': 1}","[552, 9384]","['552b', '9384b']"
5,2,0,1,0,None,"{'EIS': 0, 'P2': 1}","[558, 2790]","['558a', '2790a']"
5,2,0,1,0,None,"{'EIS': 0, 'P2': 1}","[558, 2790]","['558e', '2790r']"
5,2,0,1,0,None,"{'EIS': 0, 'P2': 1}","[558, 3906]","['558g', '3906s']"
5,2,0,1,0,None,"{'EIS': 0, 'P2': 1}","[560, 7280]","['560d', '7280r']"
5,2,0,1,0,None,"{'EIS': 0, 'P2': 1}","[560, 1680]","['560f', '1680s']"
5,2,0,1,0,None,"{'EIS': 0, 'P2': 1}","[561, 1122]","['561c', '1122m']"
5,2,0,1,0,None,"{'EIS': 0, 'P2': 1}","[563, 8445]","['563a', '8445b']"
5,2,0,1,0,None,"{'EIS': 0, 'P2': 1}","[567, 6237]","['567a', '6237c']"
5,2,0,1,0,None,"{'EIS': 0, 'P2': 1}","[567, 6237]","['567b', '6237a']"
5,2,0,1,0,None,"{'EIS': 0, 'P2': 1}","[570, 7410]","['570b', '7410c']"
5,2,0,1,0,None,"{'EIS': 0, 'P2': 1}","[570, 3990]","['570h', '3990v']"
5,2,0,1,0,None,"{'EIS': 0, 'P3': 1}","[573, 4202]","['573b', '4202a']"
5,2,0,1,0,None,"{'EIS': 0, 'P2': 1}","[574, 8610]","['574a', '8610h']"
5,2,0,1,0,None,"{'EIS': 0, 'P3': 1}","[574, 8323]","['574b', '8323a']"
5,2,0,1,0,None,"{'EIS': 0, 'P1': 1}","[574]","['574d', '574e']"
5,2,0,1,0,None,"{'EIS': 0, 'P2': 1}","[574, 1722]","['574g', '1722p']"
5,2,0,1,0,None,"{'EIS': 0, 'P2': 1}","[575, 1150]","['575c', '1150c']"
5,2,0,1,0,None,"{'EIS': 0, 'P2': 1}","[575, 1150]","['575e', '1150g']"
5,2,0,1,0,None,"{'EIS': 0, 'P2': 1}","[576, 9792]","['576d', '9792x']"
5,2,0,1,0,None,"{'EIS': 0, 'P2': 1}","[576, 9792]","['576i', '9792cb']"
5,2,0,1,0,None,"{'EIS': 0, 'P2': 1}","[582, 4074]","['582b', '4074f']"
5,2,0,1,0,None,"{'EIS': 0, 'P2': 1}","[585, 4095]","['585a', '4095a']"
5,2,0,1,0,None,"{'EIS': 0, 'P2': 1}","[585, 9945]","['585b', '9945b']"
5,2,0,1,0,None,"{'EIS': 0, 'P2': 1}","[585, 4095]","['585c', '4095d']"
5,2,0,1,0,None,"{'EIS': 0, 'P2': 1}","[585, 9945]","['585d', '9945d']"
5,2,0,1,0,None,"{'EIS': 0, 'P2': 1}","[585, 1170]","['585g', '1170k']"
5,2,0,1,0,None,"{'EIS': 0, 'P2': 1}","[585, 1170]","['585i', '1170n']"
5,2,0,1,0,None,"{'EIS': 0, 'P2': 1}","[590, 6490]","['590a', '6490d']"
5,2,0,1,0,None,"{'EIS': 0, 'P2': 1}","[595, 1190]","['595a', '1190e']"
5,2,0,1,0,None,"{'EIS': 0, 'P2': 1}","[598, 6578]","['598a', '6578a']"
5,2,0,1,0,None,"{'EIS': 0, 'P3': 1}","[598, 2093]","['598b', '2093j']"
5,2,0,1,0,None,"{'EIS': 0, 'P2': 1}","[598, 2990]","['598d', '2990e']"
5,2,0,1,0,None,"{'EIS': 0, 'P1': 1}","[600]","['600d', '600e']"
5,2,0,1,0,None,"{'EIS': 0, 'P2': 1}","[600, 7800]","['600f', '7800k']"
5,2,0,1,0,None,"{'EIS': 0, 'P2': 1}","[603, 8442]","['603f', '8442e']"
5,2,0,1,0,None,"{'EIS': 0, 'P2': 1}","[606, 6666]","['606b', '6666c']"
5,2,0,1,0,None,"{'EIS': 0, 'P3': 1}","[610, 7015]","['610a', '7015a']"
5,2,0,1,0,None,"{'EIS': 0, 'P2': 1}","[611, 8554]","['611a', '8554c']"
5,2,0,1,0,None,"{'EIS': 0, 'P2': 1}","[612, 4284]","['612a', '4284a']"
5,2,0,1,0,None,"{'EIS': 0, 'P2': 1}","[612, 4284]","['612b', '4284b']"
5,2,0,1,0,None,"{'EIS': 0, 'P2': 1}","[612, 3060]","['612c', '3060h']"
5,2,0,1,0,None,"{'EIS': 0, 'P2': 1}","[612, 3060]","['612d', '3060o']"
5,2,0,1,0,None,"{'EIS': 0, 'P2': 1}","[615, 7995]","['615b', '7995g']"
5,2,0,1,0,None,"{'EIS': 0, 'P2': 1}","[618, 4326]","['618e', '4326j']"
5,2,0,1,0,None,"{'EIS': 0, 'P2': 1}","[618, 4326]","['618g', '4326o']"
5,2,0,1,0,None,"{'EIS': 0, 'P2': 1}","[623, 9345]","['623a', '9345f']"
5,2,0,1,0,None,"{'EIS': 0, 'P2': 1}","[624, 3120]","['624j', '3120ba']"
5,2,0,1,0,None,"{'EIS': 0, 'P2': 1}","[627, 4389]","['627a', '4389c']"
5,2,0,1,0,None,"{'EIS': 0, 'P2': 1}","[629, 1258]","['629b', '1258c']"
5,2,0,1,0,None,"{'EIS': 0, 'P2': 1}","[630, 8190]","['630e', '8190t']"
5,2,0,1,0,None,"{'EIS': 0, 'P2': 1}","[637, 1274]","['637d', '1274k']"
5,2,0,1,0,None,"{'EIS': 0, 'P2': 1}","[640, 4480]","['640a', '4480a']"
5,2,0,1,0,None,"{'EIS': 0, 'P2': 1}","[640, 4480]","['640b', '4480b']"
5,2,0,1,0,None,"{'EIS': 0, 'P2': 1}","[640, 4480]","['640c', '4480d']"
5,2,0,1,0,None,"{'EIS': 0, 'P2': 1}","[640, 7040]","['640d', '7040n']"
5,2,0,1,0,None,"{'EIS': 0, 'P2': 1}","[640, 7040]","['640e', '7040v']"
5,2,0,1,0,None,"{'EIS': 0, 'P2': 1}","[640, 7040]","['640f', '7040s']"
5,2,0,1,0,None,"{'EIS': 0, 'P2': 1}","[640, 4480]","['640g', '4480j']"
5,2,0,1,0,None,"{'EIS': 0, 'P2': 1}","[640, 7040]","['640h', '7040ba']"
5,2,0,1,0,None,"{'EIS': 0, 'P3': 1}","[642, 5457]","['642a', '5457a']"
5,2,0,1,0,None,"{'EIS': 0, 'P2': 1}","[644, 7084]","['644a', '7084b']"
5,2,0,1,0,None,"{'EIS': 0, 'P2': 1}","[644, 1932]","['644b', '1932b']"
5,2,0,1,0,None,"{'EIS': 0, 'P2': 1}","[645, 1290]","['645c', '1290a']"
5,2,0,1,0,None,"{'EIS': 0, 'P2': 1}","[645, 1290]","['645d', '1290l']"
5,2,0,1,0,None,"{'EIS': 0, 'P2': 1}","[646, 3230]","['646c', '3230c']"
5,2,0,1,0,None,"{'EIS': 0, 'P2': 1}","[646, 4522]","['646d', '4522g']"
5,2,0,1,0,None,"{'EIS': 0, 'P2': 1}","[648, 3240]","['648a', '3240a']"
5,2,0,1,0,None,"{'EIS': 0, 'P2': 1}","[648, 3240]","['648c', '3240d']"
5,2,0,1,0,None,"{'EIS': 0, 'P2': 1}","[649, 9735]","['649a', '9735c']"
5,2,0,1,0,None,"{'EIS': 0, 'P2': 1}","[656, 7216]","['656c', '7216h']"
5,2,0,1,0,None,"{'EIS': 0, 'P2': 1}","[657, 9198]","['657b', '9198b']"
5,2,0,1,0,None,"{'EIS': 0, 'P3': 1}","[658, 4935]","['658a', '4935f']"
5,2,0,1,0,None,"{'EIS': 0, 'P2': 1}","[658, 7238]","['658e', '7238f']"
5,2,0,1,0,None,"{'EIS': 0, 'P2': 1}","[659, 3954]","['659b', '3954c']"
5,2,0,1,0,None,"{'EIS': 0, 'P2': 1}","[660, 4620]","['660a', '4620c']"
5,2,0,1,0,None,"{'EIS': 0, 'P2': 1}","[660, 8580]","['660b', '8580a']"
5,2,0,1,0,None,"{'EIS': 0, 'P2': 1}","[665, 1995]","['665c', '1995g']"
5,2,0,1,0,None,"{'EIS': 0, 'P2': 1}","[665, 1330]","['665e', '1330j']"
5,2,0,1,0,None,"{'EIS': 0, 'P3': 1}","[666, 5661]","['666a', '5661b']"
5,2,0,1,0,None,"{'EIS': 0, 'P2': 1}","[666, 4662]","['666b', '4662e']"
5,2,0,1,0,None,"{'EIS': 0, 'P2': 1}","[666, 7326]","['666c', '7326d']"
5,2,0,1,0,None,"{'EIS': 0, 'P3': 1}","[666, 5661]","['666d', '5661a']"
5,2,0,1,0,None,"{'EIS': 0, 'P2': 1}","[666, 3330]","['666e', '3330x']"
5,2,0,1,0,None,"{'EIS': 0, 'P2': 1}","[670, 8710]","['670b', '8710g']"
5,2,0,1,0,None,"{'EIS': 0, 'P3': 1}","[670, 4355]","['670c', '4355b']"
5,2,0,1,0,None,"{'EIS': 0, 'P2': 1}","[670, 8710]","['670d', '8710i']"
5,2,0,1,0,None,"{'EIS': 0, 'P2': 1}","[672, 7392]","['672a', '7392a']"
5,2,0,1,0,None,"{'EIS': 0, 'P2': 1}","[672, 7392]","['672g', '7392n']"
5,2,0,1,0,None,"{'EIS': 0, 'P1': 1}","[675]","['675a', '675c']"
5,2,0,1,0,None,"{'EIS': 0, 'P1': 1}","[675]","['675b', '675d']"
5,2,0,1,0,None,"{'EIS': 0, 'P1': 1}","[675]","['675f', '675i']"
5,2,0,1,0,None,"{'EIS': 0, 'P2': 1}","[676, 4732]","['676a', '4732b']"
5,2,0,1,0,None,"{'EIS': 0, 'P1': 1}","[676]","['676b', '676e']"
5,2,0,1,0,None,"{'EIS': 0, 'P1': 1}","[676]","['676c', '676d']"
5,2,0,1,0,None,"{'EIS': 0, 'P2': 1}","[678, 3390]","['678a', '3390a']"
5,2,0,1,0,None,"{'EIS': 0, 'P2': 1}","[678, 3390]","['678d', '3390e']"
5,2,0,1,0,None,"{'EIS': 0, 'P2': 1}","[680, 2040]","['680b', '2040q']"
5,2,0,1,0,None,"{'EIS': 0, 'P2': 1}","[680, 4760]","['680c', '4760d']"
5,2,0,1,0,None,"{'EIS': 0, 'P2': 1}","[682, 8866]","['682b', '8866j']"
5,2,0,1,0,None,"{'EIS': 0, 'P2': 1}","[688, 3440]","['688c', '3440f']"
5,2,0,1,0,None,"{'EIS': 0, 'P2': 1}","[690, 4830]","['690a', '4830c']"
5,2,0,1,0,None,"{'EIS': 0, 'P2': 1}","[690, 7590]","['690b', '7590a']"
5,2,0,1,0,None,"{'EIS': 0, 'P3': 1}","[690, 9890]","['690e', '9890b']"
5,2,0,1,0,None,"{'EIS': 0, 'P2': 1}","[690, 8970]","['690g', '8970j']"
5,2,0,1,0,None,"{'EIS': 0, 'P2': 1}","[692, 4844]","['692a', '4844d']"
5,2,0,1,0,None,"{'EIS': 0, 'P2': 1}","[693, 9009]","['693b', '9009g']"
5,2,0,1,0,None,"{'EIS': 0, 'P2': 1}","[693, 9009]","['693c', '9009j']"
5,2,0,1,0,None,"{'EIS': 0, 'P2': 1}","[696, 9048]","['696a', '9048a']"
5,2,0,1,0,None,"{'EIS': 0, 'P2': 1}","[696, 9048]","['696b', '9048j']"
5,2,0,1,0,None,"{'EIS': 0, 'P2': 1}","[696, 3480]","['696e', '3480m']"
5,2,0,1,0,None,"{'EIS': 0, 'P2': 1}","[696, 9048]","['696f', '9048k']"
5,2,0,1,0,None,"{'EIS': 0, 'P2': 1}","[696, 7656]","['696g', '7656h']"
5,2,0,1,0,None,"{'EIS': 0, 'P2': 1}","[700, 2100]","['700a', '2100k']"
5,2,0,1,0,None,"{'EIS': 0, 'P1': 1}","[700]","['700c', '700h']"
5,2,0,1,0,None,"{'EIS': 0, 'P1': 1}","[700]","['700e', '700f']"
5,2,0,1,0,None,"{'EIS': 0, 'P3': 1}","[702, 1755]","['702a', '1755b']"
5,2,0,1,0,None,"{'EIS': 0, 'P1': 1}","[702]","['702c', '702e']"
5,2,0,1,0,None,"{'EIS': 0, 'P2': 1}","[702, 3510]","['702g', '3510g']"
5,2,0,1,0,None,"{'EIS': 0, 'P2': 1}","[702, 7722]","['702h', '7722k']"
5,2,0,1,0,None,"{'EIS': 0, 'P3': 1}","[702, 1755]","['702l', '1755d']"
5,2,0,1,0,None,"{'EIS': 0, 'P2': 1}","[702, 3510]","['702m', '3510v']"
5,2,0,1,0,None,"{'EIS': 0, 'P2': 1}","[702, 7722]","['702n', '7722s']"
5,2,0,1,0,None,"{'EIS': 0, 'P1': 1}","[702]","['702o', '702p']"
5,2,0,1,0,None,"{'EIS': 0, 'P2': 1}","[703, 9842]","['703b', '9842m']"
5,2,0,1,0,None,"{'EIS': 0, 'P2': 1}","[704, 2112]","['704b', '2112n']"
5,2,0,1,0,None,"{'EIS': 0, 'P2': 1}","[704, 2112]","['704c', '2112h']"
5,2,0,1,0,None,"{'EIS': 0, 'P2': 1}","[704, 2112]","['704d', '2112q']"
5,2,0,1,0,None,"{'EIS': 0, 'P2': 1}","[704, 4928]","['704e', '4928r']"
5,2,0,1,0,None,"{'EIS': 0, 'P2': 1}","[704, 2112]","['704f', '2112t']"
5,2,0,1,0,None,"{'EIS': 0, 'P2': 1}","[704, 3520]","['704g', '3520r']"
5,2,0,1,0,None,"{'EIS': 0, 'P2': 1}","[704, 4928]","['704i', '4928u']"
5,2,0,1,0,None,"{'EIS': 0, 'P2': 1}","[704, 3520]","['704j', '3520w']"
5,2,0,1,0,None,"{'EIS': 0, 'P2': 1}","[705, 4935]","['705d', '4935c']"
5,2,0,1,0,None,"{'EIS': 0, 'P2': 1}","[710, 2130]","['710c', '2130n']"
5,2,0,1,0,None,"{'EIS': 0, 'P2': 1}","[714, 7854]","['714d', '7854f']"
5,2,0,1,0,None,"{'EIS': 0, 'P1': 1}","[714]","['714g', '714h']"
5,2,0,1,0,None,"{'EIS': 0, 'P2': 1}","[715, 1430]","['715b', '1430h']"
5,2,0,1,0,None,"{'EIS': 0, 'P2': 1}","[720, 9360]","['720e', '9360u']"
5,2,0,1,0,None,"{'EIS': 0, 'P2': 1}","[720, 5040]","['720i', '5040bp']"
5,2,0,1,0,None,"{'EIS': 0, 'P2': 1}","[722, 2166]","['722a', '2166a']"
5,2,0,1,0,None,"{'EIS': 0, 'P2': 1}","[722, 7942]","['722b', '7942c']"
5,2,0,1,0,None,"{'EIS': 0, 'P2': 1}","[722, 7942]","['722d', '7942n']"
5,2,0,1,0,None,"{'EIS': 0, 'P2': 1}","[722, 2166]","['722e', '2166i']"
5,2,0,1,0,None,"{'EIS': 0, 'P2': 1}","[722, 2166]","['722f', '2166h']"
5,2,0,1,0,None,"{'EIS': 0, 'P2': 1}","[726, 9438]","['726a', '9438a']"
5,2,0,1,0,None,"{'EIS': 0, 'P2': 1}","[726, 9438]","['726c', '9438f']"
5,2,0,1,0,None,"{'EIS': 0, 'P2': 1}","[726, 3630]","['726d', '3630h']"
5,2,0,1,0,None,"{'EIS': 0, 'P2': 1}","[726, 9438]","['726f', '9438r']"
5,2,0,1,0,None,"{'EIS': 0, 'P2': 1}","[726, 5082]","['726h', '5082ba']"
5,2,0,1,0,None,"{'EIS': 0, 'P2': 1}","[726, 3630]","['726i', '3630v']"
5,2,0,1,0,None,"{'EIS': 0, 'P2': 1}","[728, 2184]","['728a', '2184f']"
5,2,0,1,0,None,"{'EIS': 0, 'P2': 1}","[728, 3640]","['728c', '3640h']"
5,2,0,1,0,None,"{'EIS': 0, 'P2': 1}","[730, 8030]","['730a', '8030d']"
5,2,0,1,0,None,"{'EIS': 0, 'P1': 1}","[730]","['730b', '730c']"
5,2,0,1,0,None,"{'EIS': 0, 'P2': 1}","[730, 2190]","['730d', '2190f']"
5,2,0,1,0,None,"{'EIS': 0, 'P2': 1}","[730, 2190]","['730i', '2190o']"
5,2,0,1,0,None,"{'EIS': 0, 'P2': 1}","[732, 3660]","['732b', '3660d']"
5,2,0,1,0,None,"{'EIS': 0, 'P2': 1}","[735, 1470]","['735b', '1470j']"
5,2,0,1,0,None,"{'EIS': 0, 'P2': 1}","[735, 1470]","['735f', '1470r']"
5,2,0,1,0,None,"{'EIS': 0, 'P2': 1}","[738, 9594]","['738f', '9594r']"
5,2,0,1,0,None,"{'EIS': 0, 'P2': 1}","[738, 5166]","['738g', '5166be']"
5,2,0,1,0,None,"{'EIS': 0, 'P1': 1}","[738]","['738h', '738j']"
5,2,0,1,0,None,"{'EIS': 0, 'P2': 1}","[738, 8118]","['738i', '8118t']"
5,2,0,1,0,None,"{'EIS': 0, 'P2': 1}","[741, 5187]","['741e', '5187f']"
5,2,0,1,0,None,"{'EIS': 0, 'P2': 1}","[742, 8162]","['742a', '8162a']"
5,2,0,1,0,None,"{'EIS': 0, 'P2': 1}","[744, 9672]","['744a', '9672b']"
5,2,0,1,0,None,"{'EIS': 0, 'P2': 1}","[744, 5208]","['744f', '5208i']"
5,2,0,1,0,None,"{'EIS': 0, 'P2': 1}","[747, 9711]","['747a', '9711a']"
5,2,0,1,0,None,"{'EIS': 0, 'P2': 1}","[747, 9711]","['747b', '9711b']"
5,2,0,1,0,None,"{'EIS': 0, 'P2': 1}","[747, 3735]","['747c', '3735c']"
5,2,0,1,0,None,"{'EIS': 0, 'P2': 1}","[747, 5229]","['747d', '5229b']"
5,2,0,1,0,None,"{'EIS': 0, 'P2': 1}","[747, 8217]","['747e', '8217h']"
5,2,0,1,0,None,"{'EIS': 0, 'P2': 1}","[752, 8272]","['752a', '8272h']"
5,2,0,1,0,None,"{'EIS': 0, 'P2': 1}","[755, 2265]","['755d', '2265a']"
5,2,0,1,0,None,"{'EIS': 0, 'P2': 1}","[756, 3780]","['756a', '3780c']"
5,2,0,1,0,None,"{'EIS': 0, 'P2': 1}","[756, 3780]","['756c', '3780e']"
5,2,0,1,0,None,"{'EIS': 0, 'P1': 1}","[760]","['760b', '760c']"
5,2,0,1,0,None,"{'EIS': 0, 'P3': 1}","[762, 9525]","['762a', '9525f']"
5,2,0,1,0,None,"{'EIS': 0, 'P2': 1}","[762, 3810]","['762g', '3810g']"
5,2,0,1,0,None,"{'EIS': 0, 'P1': 1}","[774]","['774b', '774c']"
5,2,0,1,0,None,"{'EIS': 0, 'P2': 1}","[774, 5418]","['774e', '5418j']"
5,2,0,1,0,None,"{'EIS': 0, 'P2': 1}","[774, 3870]","['774g', '3870q']"
5,2,0,1,0,None,"{'EIS': 0, 'P2': 1}","[777, 7770]","['777f', '7770bc']"
5,2,0,1,0,None,"{'EIS': 0, 'P2': 1}","[781, 5467]","['781a', '5467a']"
5,2,0,1,0,None,"{'EIS': 0, 'P2': 1}","[781, 3905]","['781b', '3905a']"
5,2,0,1,0,None,"{'EIS': 0, 'P2': 1}","[782, 3910]","['782b', '3910l']"
5,2,0,1,0,None,"{'EIS': 0, 'P1': 1}","[782]","['782c', '782d']"
5,2,0,1,0,None,"{'EIS': 0, 'P3': 1}","[782, 5083]","['782e', '5083b']"
5,2,0,1,0,None,"{'EIS': 0, 'P2': 1}","[784, 3920]","['784b', '3920c']"
5,2,0,1,0,None,"{'EIS': 0, 'P2': 1}","[784, 3920]","['784e', '3920h']"
5,2,0,1,0,None,"{'EIS': 0, 'P2': 1}","[784, 3920]","['784f', '3920n']"
5,2,0,1,0,None,"{'EIS': 0, 'P2': 1}","[784, 2352]","['784g', '2352s']"
5,2,0,1,0,None,"{'EIS': 0, 'P2': 1}","[784, 2352]","['784i', '2352m']"
5,2,0,1,0,None,"{'EIS': 0, 'P1': 1}","[786]","['786a', '786c']"
5,2,0,1,0,None,"{'EIS': 0, 'P3': 1}","[786, 6550]","['786l', '6550k']"
5,2,0,1,0,None,"{'EIS': 0, 'P2': 1}","[791, 3955]","['791b', '3955b']"
5,2,0,1,0,None,"{'EIS': 0, 'P2': 1}","[792, 5544]","['792f', '5544x']"
5,2,0,1,0,None,"{'EIS': 0, 'P3': 1}","[795, 1855]","['795c', '1855a']"
5,2,0,1,0,None,"{'EIS': 0, 'P2': 1}","[798, 8778]","['798a', '8778e']"
5,2,0,1,0,None,"{'EIS': 0, 'P2': 1}","[798, 3990]","['798f', '3990o']"
5,2,0,1,0,None,"{'EIS': 0, 'P3': 1}","[798, 5187]","['798g', '5187a']"
5,2,0,1,0,None,"{'EIS': 0, 'P2': 1}","[798, 3990]","['798h', '3990z']"
5,2,0,1,0,None,"{'EIS': 0, 'P2': 1}","[799, 5593]","['799a', '5593c']"
5,2,0,1,0,None,"{'EIS': 0, 'P1': 1}","[800]","['800a', '800d']"
5,2,0,1,0,None,"{'EIS': 0, 'P2': 1}","[800, 5600]","['800c', '5600h']"
5,2,0,1,0,None,"{'EIS': 0, 'P2': 1}","[800, 5600]","['800g', '5600q']"
5,2,0,1,0,None,"{'EIS': 0, 'P3': 1}","[804, 1340]","['804a', '1340a']"
5,2,0,1,0,None,"{'EIS': 0, 'P3': 1}","[804, 9916]","['804b', '9916a']"
5,2,0,1,0,None,"{'EIS': 0, 'P2': 1}","[804, 8844]","['804c', '8844b']"
5,2,0,1,0,None,"{'EIS': 0, 'P3': 1}","[806, 1209]","['806c', '1209a']"
5,2,0,1,0,None,"{'EIS': 0, 'P3': 1}","[814, 2035]","['814b', '2035b']"
5,2,0,1,0,None,"{'EIS': 0, 'P2': 1}","[816, 8976]","['816f', '8976o']"
5,2,0,1,0,None,"{'EIS': 0, 'P2': 1}","[816, 4080]","['816g', '4080x']"
5,2,0,1,0,None,"{'EIS': 0, 'P2': 1}","[816, 4080]","['816i', '4080y']"
5,2,0,1,0,None,"{'EIS': 0, 'P2': 1}","[816, 5712]","['816j', '5712q']"
5,2,0,1,0,None,"{'EIS': 0, 'P2': 1}","[819, 1638]","['819c', '1638e']"
5,2,0,1,0,None,"{'EIS': 0, 'P2': 1}","[819, 1638]","['819d', '1638o']"
5,2,0,1,0,None,"{'EIS': 0, 'P2': 1}","[819, 8190]","['819f', '8190y']"
5,2,0,1,0,None,"{'EIS': 0, 'P3': 1}","[822, 6987]","['822c', '6987b']"
5,2,0,1,0,None,"{'EIS': 0, 'P3': 1}","[822, 9590]","['822d', '9590a']"
5,2,0,1,0,None,"{'EIS': 0, 'P2': 1}","[822, 5754]","['822f', '5754g']"
5,2,0,1,0,None,"{'EIS': 0, 'P2': 1}","[828, 5796]","['828d', '5796f']"
5,2,0,1,0,None,"{'EIS': 0, 'P2': 1}","[830, 2490]","['830b', '2490j']"
5,2,0,1,0,None,"{'EIS': 0, 'P2': 1}","[832, 2496]","['832c', '2496j']"
5,2,0,1,0,None,"{'EIS': 0, 'P2': 1}","[832, 5824]","['832d', '5824k']"
5,2,0,1,0,None,"{'EIS': 0, 'P2': 1}","[832, 2496]","['832e', '2496p']"
5,2,0,1,0,None,"{'EIS': 0, 'P2': 1}","[832, 2496]","['832g', '2496u']"
5,2,0,1,0,None,"{'EIS': 0, 'P2': 1}","[832, 5824]","['832h', '5824t']"
5,2,0,1,0,None,"{'EIS': 0, 'P2': 1}","[832, 2496]","['832i', '2496x']"
5,2,0,1,0,None,"{'EIS': 0, 'P2': 1}","[846, 9306]","['846b', '9306c']"
5,2,0,1,0,None,"{'EIS': 0, 'P2': 1}","[848, 2544]","['848b', '2544d']"
5,2,0,1,0,None,"{'EIS': 0, 'P2': 1}","[848, 5936]","['848c', '5936q']"
5,2,0,1,0,None,"{'EIS': 0, 'P2': 1}","[848, 9328]","['848f', '9328i']"
5,2,0,1,0,None,"{'EIS': 0, 'P2': 1}","[850, 2550]","['850a', '2550m']"
5,2,0,1,0,None,"{'EIS': 0, 'P1': 1}","[850]","['850b', '850e']"
5,2,0,1,0,None,"{'EIS': 0, 'P1': 1}","[850]","['850h', '850j']"
5,2,0,1,0,None,"{'EIS': 0, 'P2': 1}","[855, 5985]","['855c', '5985s']"
5,2,0,1,0,None,"{'EIS': 0, 'P2': 1}","[856, 2568]","['856b', '2568b']"
5,2,0,1,0,None,"{'EIS': 0, 'P1': 1}","[858]","['858c', '858d']"
5,2,0,1,0,None,"{'EIS': 0, 'P2': 1}","[858, 4290]","['858g', '4290s']"
5,2,0,1,0,None,"{'EIS': 0, 'P1': 1}","[858]","['858k', '858m']"
5,2,0,1,0,None,"{'EIS': 0, 'P2': 1}","[861, 4305]","['861b', '4305f']"
5,2,0,1,0,None,"{'EIS': 0, 'P2': 1}","[864, 6048]","['864a', '6048c']"
5,2,0,1,0,None,"{'EIS': 0, 'P2': 1}","[864, 6048]","['864b', '6048e']"
5,2,0,1,0,None,"{'EIS': 0, 'P2': 1}","[864, 9504]","['864c', '9504b']"
5,2,0,1,0,None,"{'EIS': 0, 'P2': 1}","[864, 6048]","['864d', '6048i']"
5,2,0,1,0,None,"{'EIS': 0, 'P2': 1}","[864, 9504]","['864e', '9504e']"
5,2,0,1,0,None,"{'EIS': 0, 'P2': 1}","[864, 6048]","['864f', '6048l']"
5,2,0,1,0,None,"{'EIS': 0, 'P2': 1}","[864, 6048]","['864g', '6048q']"
5,2,0,1,0,None,"{'EIS': 0, 'P2': 1}","[864, 9504]","['864h', '9504h']"
5,2,0,1,0,None,"{'EIS': 0, 'P2': 1}","[864, 6048]","['864i', '6048o']"
5,2,0,1,0,None,"{'EIS': 0, 'P2': 1}","[864, 6048]","['864j', '6048t']"
5,2,0,1,0,None,"{'EIS': 0, 'P2': 1}","[864, 9504]","['864k', '9504l']"
5,2,0,1,0,None,"{'EIS': 0, 'P2': 1}","[864, 6048]","['864l', '6048x']"
5,2,0,1,0,None,"{'EIS': 0, 'P2': 1}","[867, 9537]","['867a', '9537b']"
5,2,0,1,0,None,"{'EIS': 0, 'P3': 1}","[870, 3045]","['870b', '3045h']"
5,2,0,1,0,None,"{'EIS': 0, 'P2': 1}","[870, 6090]","['870e', '6090t']"
5,2,0,1,0,None,"{'EIS': 0, 'P2': 1}","[873, 1746]","['873c', '1746d']"
5,2,0,1,0,None,"{'EIS': 0, 'P2': 1}","[874, 2622]","['874f', '2622d']"
5,2,0,1,0,None,"{'EIS': 0, 'P2': 1}","[880, 2640]","['880e', '2640r']"
5,2,0,1,0,None,"{'EIS': 0, 'P2': 1}","[880, 2640]","['880f', '2640u']"
5,2,0,1,0,None,"{'EIS': 0, 'P2': 1}","[882, 9702]","['882a', '9702a']"
5,2,0,1,0,None,"{'EIS': 0, 'P2': 1}","[882, 9702]","['882b', '9702f']"
5,2,0,1,0,None,"{'EIS': 0, 'P2': 1}","[882, 4410]","['882c', '4410g']"
5,2,0,1,0,None,"{'EIS': 0, 'P2': 1}","[882, 4410]","['882d', '4410u']"
5,2,0,1,0,None,"{'EIS': 0, 'P2': 1}","[882, 9702]","['882f', '9702bd']"
5,2,0,1,0,None,"{'EIS': 0, 'P2': 1}","[882, 9702]","['882g', '9702bi']"
5,2,0,1,0,None,"{'EIS': 0, 'P2': 1}","[882, 4410]","['882k', '4410bg']"
5,2,0,1,0,None,"{'EIS': 0, 'P2': 1}","[882, 4410]","['882l', '4410bm']"
5,2,0,1,0,None,"{'EIS': 0, 'P3': 1}","[888, 1480]","['888a', '1480b']"
5,2,0,1,0,None,"{'EIS': 0, 'P2': 1}","[890, 9790]","['890f', '9790i']"
5,2,0,1,0,None,"{'EIS': 0, 'P2': 1}","[891, 6237]","['891a', '6237e']"
5,2,0,1,0,None,"{'EIS': 0, 'P2': 1}","[891, 6237]","['891c', '6237f']"
5,2,0,1,0,None,"{'EIS': 0, 'P3': 1}","[894, 7450]","['894b', '7450a']"
5,2,0,1,0,None,"{'EIS': 0, 'P2': 1}","[894, 4470]","['894d', '4470h']"
5,2,0,1,0,None,"{'EIS': 0, 'P2': 1}","[894, 9834]","['894e', '9834g']"
5,2,0,1,0,None,"{'EIS': 0, 'P3': 1}","[897, 7475]","['897e', '7475h']"
5,2,0,1,0,None,"{'EIS': 0, 'P2': 1}","[899, 5394]","['899b', '5394b']"
5,2,0,1,0,None,"{'EIS': 0, 'P1': 1}","[900]","['900b', '900c']"
5,2,0,1,0,None,"{'EIS': 0, 'P1': 1}","[900]","['900d', '900h']"
5,2,0,1,0,None,"{'EIS': 0, 'P2': 1}","[900, 6300]","['900e', '6300q']"
5,2,0,1,0,None,"{'EIS': 0, 'P1': 1}","[900]","['900f', '900g']"
5,2,0,1,0,None,"{'EIS': 0, 'P2': 1}","[901, 5406]","['901f', '5406k']"
5,2,0,1,0,None,"{'EIS': 0, 'P3': 1}","[905, 3801]","['905b', '3801a']"
5,2,0,1,0,None,"{'EIS': 0, 'P2': 1}","[906, 6342]","['906a', '6342a']"
5,2,0,1,0,None,"{'EIS': 0, 'P2': 1}","[906, 6342]","['906d', '6342c']"
5,2,0,1,0,None,"{'EIS': 0, 'P2': 1}","[906, 6342]","['906f', '6342e']"
5,2,0,1,0,None,"{'EIS': 0, 'P3': 1}","[906, 7550]","['906h', '7550h']"
5,2,0,1,0,None,"{'EIS': 0, 'P2': 1}","[909, 9999]","['909a', '9999l']"
5,2,0,1,0,None,"{'EIS': 0, 'P2': 1}","[910, 2730]","['910b', '2730e']"
5,2,0,1,0,None,"{'EIS': 0, 'P2': 1}","[910, 2730]","['910e', '2730j']"
5,2,0,1,0,None,"{'EIS': 0, 'P2': 1}","[910, 2730]","['910h', '2730ba']"
5,2,0,1,0,None,"{'EIS': 0, 'P2': 1}","[912, 6384]","['912a', '6384d']"
5,2,0,1,0,None,"{'EIS': 0, 'P1': 1}","[912]","['912k', '912l']"
5,2,0,1,0,None,"{'EIS': 0, 'P2': 1}","[914, 2742]","['914b', '2742b']"
5,2,0,1,0,None,"{'EIS': 0, 'P2': 1}","[915, 1830]","['915a', '1830b']"
5,2,0,1,0,None,"{'EIS': 0, 'P2': 1}","[916, 4580]","['916b', '4580a']"
5,2,0,1,0,None,"{'EIS': 0, 'P2': 1}","[918, 6426]","['918c', '6426f']"
5,2,0,1,0,None,"{'EIS': 0, 'P2': 1}","[918, 6426]","['918h', '6426x']"
5,2,0,1,0,None,"{'EIS': 0, 'P2': 1}","[920, 2760]","['920d', '2760j']"
5,2,0,1,0,None,"{'EIS': 0, 'P2': 1}","[924, 4620]","['924c', '4620b']"
5,2,0,1,0,None,"{'EIS': 0, 'P2': 1}","[924, 4620]","['924d', '4620g']"
5,2,0,1,0,None,"{'EIS': 0, 'P2': 1}","[925, 2775]","['925b', '2775h']"
5,2,0,1,0,None,"{'EIS': 0, 'P2': 1}","[925, 5550]","['925d', '5550o']"
5,2,0,1,0,None,"{'EIS': 0, 'P2': 1}","[925, 1850]","['925e', '1850g']"
5,2,0,1,0,None,"{'EIS': 0, 'P3': 1}","[930, 5270]","['930c', '5270c']"
5,2,0,1,0,None,"{'EIS': 0, 'P2': 1}","[930, 6510]","['930d', '6510d']"
5,2,0,1,0,None,"{'EIS': 0, 'P3': 1}","[930, 2170]","['930h', '2170e']"
5,2,0,1,0,None,"{'EIS': 0, 'P1': 1}","[930]","['930i', '930j']"
5,2,0,1,0,None,"{'EIS': 0, 'P1': 1}","[930]","['930k', '930l']"
5,2,0,1,0,None,"{'EIS': 0, 'P1': 1}","[936]","['936b', '936d']"
5,2,0,1,0,None,"{'EIS': 0, 'P1': 1}","[940]","['940a', '940b']"
5,2,0,1,0,None,"{'EIS': 0, 'P3': 1}","[942, 7850]","['942c', '7850e']"
5,2,0,1,0,None,"{'EIS': 0, 'P2': 1}","[944, 6608]","['944d', '6608b']"
5,2,0,1,0,None,"{'EIS': 0, 'P2': 1}","[944, 6608]","['944g', '6608d']"
5,2,0,1,0,None,"{'EIS': 0, 'P2': 1}","[950, 2850]","['950b', '2850l']"
5,2,0,1,0,None,"{'EIS': 0, 'P2': 1}","[950, 2850]","['950d', '2850q']"
5,2,0,1,0,None,"{'EIS': 0, 'P1': 1}","[954]","['954d', '954e']"
5,2,0,1,0,None,"{'EIS': 0, 'P2': 1}","[954, 6678]","['954f', '6678d']"
5,2,0,1,0,None,"{'EIS': 0, 'P2': 1}","[954, 4770]","['954j', '4770bf']"
5,2,0,1,0,None,"{'EIS': 0, 'P2': 1}","[954, 4770]","['954l', '4770bh']"
5,2,0,1,0,None,"{'EIS': 0, 'P2': 1}","[954, 4770]","['954m', '4770z']"
5,2,0,1,0,None,"{'EIS': 0, 'P3': 1}","[955, 5539]","['955a', '5539a']"
5,2,0,1,0,None,"{'EIS': 0, 'P2': 1}","[957, 6699]","['957a', '6699e']"
5,2,0,1,0,None,"{'EIS': 0, 'P1': 1}","[966]","['966i', '966j']"
5,2,0,1,0,None,"{'EIS': 0, 'P2': 1}","[968, 2904]","['968a', '2904b']"
5,2,0,1,0,None,"{'EIS': 0, 'P2': 1}","[968, 2904]","['968c', '2904i']"
5,2,0,1,0,None,"{'EIS': 0, 'P2': 1}","[968, 6776]","['968e', '6776f']"
5,2,0,1,0,None,"{'EIS': 0, 'P2': 1}","[974, 2922]","['974f', '2922l']"
5,2,0,1,0,None,"{'EIS': 0, 'P2': 1}","[974, 6818]","['974g', '6818h']"
5,2,0,1,0,None,"{'EIS': 0, 'P2': 1}","[975, 1950]","['975b', '1950n']"
5,2,0,1,0,None,"{'EIS': 0, 'P2': 1}","[975, 1950]","['975d', '1950q']"
5,2,0,1,0,None,"{'EIS': 0, 'P2': 1}","[975, 6825]","['975e', '6825g']"
5,2,0,1,0,None,"{'EIS': 0, 'P1': 1}","[975]","['975g', '975k']"
5,2,0,1,0,None,"{'EIS': 0, 'P2': 1}","[975, 6825]","['975h', '6825l']"
5,2,0,1,0,None,"{'EIS': 0, 'P2': 1}","[975, 1950]","['975i', '1950x']"
5,2,0,1,0,None,"{'EIS': 0, 'P3': 1}","[978, 3586]","['978a', '3586b']"
5,2,0,1,0,None,"{'EIS': 0, 'P1': 1}","[978]","['978b', '978c']"
5,2,0,1,0,None,"{'EIS': 0, 'P3': 1}","[978, 2445]","['978d', '2445b']"
5,2,0,1,0,None,"{'EIS': 0, 'P2': 1}","[978, 4890]","['978f', '4890f']"
5,2,0,1,0,None,"{'EIS': 0, 'P2': 1}","[980, 2940]","['980a', '2940a']"
5,2,0,1,0,None,"{'EIS': 0, 'P2': 1}","[980, 2940]","['980c', '2940c']"
5,2,0,1,0,None,"{'EIS': 0, 'P2': 1}","[980, 2940]","['980d', '2940i']"
5,2,0,1,0,None,"{'EIS': 0, 'P2': 1}","[980, 2940]","['980e', '2940l']"
5,2,0,1,0,None,"{'EIS': 0, 'P2': 1}","[980, 2940]","['980f', '2940k']"
5,2,0,1,0,None,"{'EIS': 0, 'P1': 1}","[980]","['980g', '980i']"
5,2,0,1,0,None,"{'EIS': 0, 'P2': 1}","[984, 6888]","['984d', '6888b']"
5,2,0,1,0,None,"{'EIS': 0, 'P2': 1}","[987, 1974]","['987c', '1974a']"
5,2,0,1,0,None,"{'EIS': 0, 'P1': 1}","[988]","['988b', '988c']"
5,2,0,1,0,None,"{'EIS': 0, 'P1': 1}","[990]","['990f', '990g']"
5,2,0,1,0,None,"{'EIS': 0, 'P1': 1}","[990]","['990k', '990l']"
5,2,0,1,0,None,"{'EIS': 0, 'P2': 1}","[994, 2982]","['994d', '2982a']"
5,2,0,1,0,None,"{'EIS': 0, 'P2': 1}","[997, 5982]","['997c', '5982n']"
5,2,0,1,0,None,"{'EIS': 0, 'P2': 1}","[1006, 7042]","['1006e', '7042b']"
5,2,0,1,0,None,"{'EIS': 0, 'P2': 1}","[1008, 5040]","['1008f', '5040j']"
5,2,0,1,0,None,"{'EIS': 0, 'P2': 1}","[1008, 5040]","['1008m', '5040bm']"
5,2,0,1,0,None,"{'EIS': 0, 'P2': 1}","[1012, 3036]","['1012a', '3036a']"
5,2,0,1,0,None,"{'EIS': 0, 'P2': 1}","[1014, 7098]","['1014b', '7098l']"
5,2,0,1,0,None,"{'EIS': 0, 'P2': 1}","[1014, 7098]","['1014f', '7098be']"
5,2,0,1,0,None,"{'EIS': 0, 'P2': 1}","[1017, 5085]","['1017b', '5085e']"
5,2,0,1,0,None,"{'EIS': 0, 'P2': 1}","[1017, 5085]","['1017g', '5085c']"
5,2,0,1,0,None,"{'EIS': 0, 'P2': 1}","[1018, 5090]","['1018c', '5090f']"
5,2,0,1,0,None,"{'EIS': 0, 'P2': 1}","[1020, 7140]","['1020c', '7140e']"
5,2,0,1,0,None,"{'EIS': 0, 'P2': 1}","[1020, 7140]","['1020d', '7140h']"
5,2,0,1,0,None,"{'EIS': 0, 'P1': 1}","[1020]","['1020f', '1020g']"
5,2,0,1,0,None,"{'EIS': 0, 'P2': 1}","[1026, 7182]","['1026c', '7182c']"
5,2,0,1,0,None,"{'EIS': 0, 'P2': 1}","[1026, 7182]","['1026d', '7182f']"
5,2,0,1,0,None,"{'EIS': 0, 'P2': 1}","[1026, 5130]","['1026f', '5130g']"
5,2,0,1,0,None,"{'EIS': 0, 'P2': 1}","[1026, 5130]","['1026k', '5130m']"
5,2,0,1,0,None,"{'EIS': 0, 'P2': 1}","[1026, 7182]","['1026n', '7182t']"
5,2,0,1,0,None,"{'EIS': 0, 'P2': 1}","[1026, 7182]","['1026p', '7182r']"
5,2,0,1,0,None,"{'EIS': 0, 'P2': 1}","[1035, 2070]","['1035a', '2070e']"
5,2,0,1,0,None,"{'EIS': 0, 'P2': 1}","[1035, 2070]","['1035b', '2070o']"
5,2,0,1,0,None,"{'EIS': 0, 'P2': 1}","[1035, 7245]","['1035d', '7245l']"
5,2,0,1,0,None,"{'EIS': 0, 'P2': 1}","[1043, 5215]","['1043a', '5215a']"
5,2,0,1,0,None,"{'EIS': 0, 'P2': 1}","[1044, 7308]","['1044e', '7308a']"
5,2,0,1,0,None,"{'EIS': 0, 'P1': 1}","[1044]","['1044g', '1044j']"
5,2,0,1,0,None,"{'EIS': 0, 'P1': 1}","[1044]","['1044h', '1044i']"
5,2,0,1,0,None,"{'EIS': 0, 'P2': 1}","[1044, 5220]","['1044k', '5220k']"
5,2,0,1,0,None,"{'EIS': 0, 'P1': 1}","[1050]","['1050b', '1050e']"
5,2,0,1,0,None,"{'EIS': 0, 'P1': 1}","[1050]","['1050h', '1050j']"
5,2,0,1,0,None,"{'EIS': 0, 'P1': 1}","[1050]","['1050q', '1050r']"
5,2,0,1,0,None,"{'EIS': 0, 'P3': 1}","[1058, 2645]","['1058a', '2645c']"
5,2,0,1,0,None,"{'EIS': 0, 'P1': 1}","[1058]","['1058b', '1058e']"
5,2,0,1,0,None,"{'EIS': 0, 'P1': 1}","[1058]","['1058c', '1058d']"
5,2,0,1,0,None,"{'EIS': 0, 'P2': 1}","[1060, 7420]","['1060a', '7420c']"
5,2,0,1,0,None,"{'EIS': 0, 'P2': 1}","[1062, 5310]","['1062f', '5310h']"
5,2,0,1,0,None,"{'EIS': 0, 'P2': 1}","[1062, 7434]","['1062i', '7434g']"
5,2,0,1,0,None,"{'EIS': 0, 'P2': 1}","[1065, 7455]","['1065a', '7455a']"
5,2,0,1,0,None,"{'EIS': 0, 'P2': 1}","[1066, 7462]","['1066b', '7462a']"
5,2,0,1,0,None,"{'EIS': 0, 'P3': 1}","[1066, 3731]","['1066d', '3731c']"
5,2,0,1,0,None,"{'EIS': 0, 'P2': 1}","[1071, 5355]","['1071a', '5355c']"
5,2,0,1,0,None,"{'EIS': 0, 'P2': 1}","[1072, 7504]","['1072a', '7504q']"
5,2,0,1,0,None,"{'EIS': 0, 'P1': 1}","[1074]","['1074b', '1074c']"
5,2,0,1,0,None,"{'EIS': 0, 'P3': 1}","[1074, 8950]","['1074g', '8950l']"
5,2,0,1,0,None,"{'EIS': 0, 'P3': 1}","[1074, 8950]","['1074h', '8950k']"
5,2,0,1,0,None,"{'EIS': 0, 'P2': 1}","[1075, 2150]","['1075e', '2150e']"
5,2,0,1,0,None,"{'EIS': 0, 'P2': 1}","[1075, 2150]","['1075h', '2150r']"
5,2,0,1,0,None,"{'EIS': 0, 'P2': 1}","[1078, 3234]","['1078a', '3234a']"
5,2,0,1,0,None,"{'EIS': 0, 'P2': 1}","[1078, 5390]","['1078b', '5390l']"
5,2,0,1,0,None,"{'EIS': 0, 'P2': 1}","[1078, 5390]","['1078c', '5390c']"
5,2,0,1,0,None,"{'EIS': 0, 'P2': 1}","[1078, 3234]","['1078d', '3234l']"
5,2,0,1,0,None,"{'EIS': 0, 'P2': 1}","[1078, 5390]","['1078e', '5390e']"
5,2,0,1,0,None,"{'EIS': 0, 'P3': 1}","[1078, 1617]","['1078g', '1617c']"
5,2,0,1,0,None,"{'EIS': 0, 'P3': 1}","[1078, 1617]","['1078j', '1617i']"
5,2,0,1,0,None,"{'EIS': 0, 'P2': 1}","[1080, 7560]","['1080c', '7560c']"
5,2,0,1,0,None,"{'EIS': 0, 'P2': 1}","[1080, 7560]","['1080k', '7560p']"
5,2,0,1,0,None,"{'EIS': 0, 'P2': 1}","[1083, 2166]","['1083e', '2166d']"
5,2,0,1,0,None,"{'EIS': 0, 'P2': 1}","[1085, 2170]","['1085f', '2170d']"
5,2,0,1,0,None,"{'EIS': 0, 'P2': 1}","[1085, 6510]","['1085h', '6510bb']"
5,2,0,1,0,None,"{'EIS': 0, 'P3': 1}","[1086, 7059]","['1086c', '7059c']"
5,2,0,1,0,None,"{'EIS': 0, 'P2': 1}","[1089, 5445]","['1089f', '5445f']"
5,2,0,1,0,None,"{'EIS': 0, 'P2': 1}","[1089, 5445]","['1089h', '5445h']"
5,2,0,1,0,None,"{'EIS': 0, 'P2': 1}","[1089, 2178]","['1089i', '2178e']"
5,2,0,1,0,None,"{'EIS': 0, 'P2': 1}","[1089, 2178]","['1089j', '2178m']"
5,2,0,1,0,None,"{'EIS': 0, 'P2': 1}","[1089, 2178]","['1089k', '2178i']"
5,2,0,1,0,None,"{'EIS': 0, 'P2': 1}","[1090, 3270]","['1090h', '3270e']"
5,2,0,1,0,None,"{'EIS': 0, 'P3': 1}","[1092, 9100]","['1092a', '9100a']"
5,2,0,1,0,None,"{'EIS': 0, 'P2': 1}","[1092, 5460]","['1092c', '5460c']"
5,2,0,1,0,None,"{'EIS': 0, 'P3': 1}","[1092, 9100]","['1092e', '9100b']"
5,2,0,1,0,None,"{'EIS': 0, 'P2': 1}","[1098, 5490]","['1098d', '5490i']"
5,2,0,1,0,None,"{'EIS': 0, 'P2': 1}","[1098, 7686]","['1098f', '7686g']"
5,2,0,1,0,None,"{'EIS': 0, 'P2': 1}","[1098, 5490]","['1098i', '5490t']"
5,2,0,1,0,None,"{'EIS': 0, 'P2': 1}","[1100, 7700]","['1100d', '7700i']"
5,2,0,1,0,None,"{'EIS': 0, 'P2': 1}","[1100, 7700]","['1100e', '7700f']"
5,2,0,1,0,None,"{'EIS': 0, 'P2': 1}","[1104, 7728]","['1104i', '7728s']"
5,2,0,1,0,None,"{'EIS': 0, 'P1': 1}","[1110]","['1110a', '1110c']"
5,2,0,1,0,None,"{'EIS': 0, 'P3': 1}","[1110, 6105]","['1110g', '6105h']"
5,2,0,1,0,None,"{'EIS': 0, 'P2': 1}","[1110, 7770]","['1110l', '7770t']"
5,2,0,1,0,None,"{'EIS': 0, 'P1': 1}","[1110]","['1110n', '1110o']"
5,2,0,1,0,None,"{'EIS': 0, 'P2': 1}","[1113, 2226]","['1113c', '2226g']"
5,2,0,1,0,None,"{'EIS': 0, 'P2': 1}","[1116, 5580]","['1116a', '5580d']"
5,2,0,1,0,None,"{'EIS': 0, 'P1': 1}","[1116]","['1116d', '1116f']"
5,2,0,1,0,None,"{'EIS': 0, 'P2': 1}","[1120, 3360]","['1120a', '3360c']"
5,2,0,1,0,None,"{'EIS': 0, 'P2': 1}","[1120, 3360]","['1120b', '3360b']"
5,2,0,1,0,None,"{'EIS': 0, 'P2': 1}","[1120, 3360]","['1120d', '3360k']"
5,2,0,1,0,None,"{'EIS': 0, 'P2': 1}","[1120, 3360]","['1120k', '3360u']"
5,2,0,1,0,None,"{'EIS': 0, 'P3': 1}","[1122, 9350]","['1122b', '9350e']"
5,2,0,1,0,None,"{'EIS': 0, 'P3': 1}","[1122, 9350]","['1122i', '9350s']"
5,2,0,1,0,None,"{'EIS': 0, 'P2': 1}","[1122, 7854]","['1122j', '7854r']"
5,2,0,1,0,None,"{'EIS': 0, 'P2': 1}","[1122, 7854]","['1122n', '7854s']"
5,2,0,1,0,None,"{'EIS': 0, 'P3': 1}","[1128, 9400]","['1128a', '9400e']"
5,2,0,1,0,None,"{'EIS': 0, 'P1': 1}","[1128]","['1128d', '1128e']"
5,2,0,1,0,None,"{'EIS': 0, 'P3': 1}","[1130, 9718]","['1130c', '9718c']"
5,2,0,1,0,None,"{'EIS': 0, 'P2': 1}","[1131, 5655]","['1131b', '5655g']"
5,2,0,1,0,None,"{'EIS': 0, 'P2': 1}","[1134, 5670]","['1134a', '5670b']"
5,2,0,1,0,None,"{'EIS': 0, 'P2': 1}","[1134, 5670]","['1134e', '5670l']"
5,2,0,1,0,None,"{'EIS': 0, 'P2': 1}","[1136, 7952]","['1136d', '7952h']"
5,2,0,1,0,None,"{'EIS': 0, 'P2': 1}","[1136, 3408]","['1136e', '3408g']"
5,2,0,1,0,None,"{'EIS': 0, 'P2': 1}","[1139, 3417]","['1139a', '3417d']"
5,2,0,1,0,None,"{'EIS': 0, 'P2': 1}","[1143, 2286]","['1143c', '2286l']"
5,2,0,1,0,None,"{'EIS': 0, 'P2': 1}","[1144, 3432]","['1144b', '3432a']"
5,2,0,1,0,None,"{'EIS': 0, 'P1': 1}","[1150]","['1150b', '1150d']"
5,2,0,1,0,None,"{'EIS': 0, 'P1': 1}","[1150]","['1150f', '1150i']"
5,2,0,1,0,None,"{'EIS': 0, 'P2': 1}","[1152, 8064]","['1152e', '8064b']"
5,2,0,1,0,None,"{'EIS': 0, 'P2': 1}","[1152, 5760]","['1152i', '5760m']"
5,2,0,1,0,None,"{'EIS': 0, 'P2': 1}","[1152, 5760]","['1152j', '5760p']"
5,2,0,1,0,None,"{'EIS': 0, 'P2': 1}","[1152, 5760]","['1152k', '5760x']"
5,2,0,1,0,None,"{'EIS': 0, 'P2': 1}","[1152, 8064]","['1152p', '8064q']"
5,2,0,1,0,None,"{'EIS': 0, 'P2': 1}","[1152, 8064]","['1152q', '8064y']"
5,2,0,1,0,None,"{'EIS': 0, 'P2': 1}","[1152, 8064]","['1152r', '8064x']"
5,2,0,1,0,None,"{'EIS': 0, 'P2': 1}","[1152, 5760]","['1152t', '5760br']"
5,2,0,1,0,None,"{'EIS': 0, 'P2': 1}","[1155, 2310]","['1155b', '2310a']"
5,2,0,1,0,None,"{'EIS': 0, 'P2': 1}","[1155, 2310]","['1155g', '2310o']"
5,2,0,1,0,None,"{'EIS': 0, 'P2': 1}","[1155, 2310]","['1155i', '2310r']"
5,2,0,1,0,None,"{'EIS': 0, 'P2': 1}","[1157, 3471]","['1157b', '3471a']"
5,2,0,1,0,None,"{'EIS': 0, 'P3': 1}","[1158, 9650]","['1158d', '9650i']"
5,2,0,1,0,None,"{'EIS': 0, 'P2': 1}","[1170, 8190]","['1170e', '8190q']"
5,2,0,1,0,None,"{'EIS': 0, 'P2': 1}","[1175, 3525]","['1175a', '3525a']"
5,2,0,1,0,None,"{'EIS': 0, 'P3': 1}","[1178, 4123]","['1178b', '4123b']"
5,2,0,1,0,None,"{'EIS': 0, 'P2': 1}","[1183, 2366]","['1183b', '2366c']"
5,2,0,1,0,None,"{'EIS': 0, 'P2': 1}","[1184, 3552]","['1184b', '3552b']"
5,2,0,1,0,None,"{'EIS': 0, 'P2': 1}","[1184, 3552]","['1184c', '3552d']"
5,2,0,1,0,None,"{'EIS': 0, 'P2': 1}","[1190, 3570]","['1190c', '3570i']"
5,2,0,1,0,None,"{'EIS': 0, 'P1': 1}","[1200]","['1200a', '1200d']"
5,2,0,1,0,None,"{'EIS': 0, 'P1': 1}","[1200]","['1200l', '1200n']"
5,2,0,1,0,None,"{'EIS': 0, 'P1': 1}","[1200]","['1200o', '1200s']"
5,2,0,1,0,None,"{'EIS': 0, 'P1': 1}","[1210]","['1210a', '1210b']"
5,2,0,1,0,None,"{'EIS': 0, 'P2': 1}","[1210, 3630]","['1210c', '3630c']"
5,2,0,1,0,None,"{'EIS': 0, 'P2': 1}","[1210, 3630]","['1210d', '3630j']"
5,2,0,1,0,None,"{'EIS': 0, 'P2': 1}","[1210, 3630]","['1210e', '3630e']"
5,2,0,1,0,None,"{'EIS': 0, 'P2': 1}","[1210, 3630]","['1210f', '3630l']"
5,2,0,1,0,None,"{'EIS': 0, 'P1': 1}","[1210]","['1210h', '1210i']"
5,2,0,1,0,None,"{'EIS': 0, 'P2': 1}","[1210, 3630]","['1210j', '3630n']"
5,2,0,1,0,None,"{'EIS': 0, 'P2': 1}","[1210, 3630]","['1210k', '3630x']"
5,2,0,1,0,None,"{'EIS': 0, 'P2': 1}","[1210, 3630]","['1210l', '3630q']"
5,2,0,1,0,None,"{'EIS': 0, 'P2': 1}","[1210, 3630]","['1210m', '3630y']"
5,2,0,1,0,None,"{'EIS': 0, 'P2': 1}","[1215, 2430]","['1215c', '2430l']"
5,2,0,1,0,None,"{'EIS': 0, 'P2': 1}","[1215, 2430]","['1215f', '2430e']"
5,2,0,1,0,None,"{'EIS': 0, 'P2': 1}","[1216, 3648]","['1216b', '3648j']"
5,2,0,1,0,None,"{'EIS': 0, 'P2': 1}","[1216, 6080]","['1216h', '6080j']"
5,2,0,1,0,None,"{'EIS': 0, 'P2': 1}","[1216, 6080]","['1216k', '6080u']"
5,2,0,1,0,None,"{'EIS': 0, 'P2': 1}","[1216, 3648]","['1216o', '3648y']"
5,2,0,1,0,None,"{'EIS': 0, 'P3': 1}","[1218, 7917]","['1218b', '7917b']"
5,2,0,1,0,None,"{'EIS': 0, 'P2': 1}","[1218, 6090]","['1218e', '6090q']"
5,2,0,1,0,None,"{'EIS': 0, 'P2': 1}","[1218, 6090]","['1218j', '6090z']"
5,2,0,1,0,None,"{'EIS': 0, 'P2': 1}","[1225, 2450]","['1225c', '2450i']"
5,2,0,1,0,None,"{'EIS': 0, 'P2': 1}","[1225, 2450]","['1225d', '2450g']"
5,2,0,1,0,None,"{'EIS': 0, 'P2': 1}","[1225, 3675]","['1225e', '3675o']"
5,2,0,1,0,None,"{'EIS': 0, 'P2': 1}","[1225, 3675]","['1225f', '3675b']"
5,2,0,1,0,None,"{'EIS': 0, 'P2': 1}","[1225, 3675]","['1225g', '3675g']"
5,2,0,1,0,None,"{'EIS': 0, 'P2': 1}","[1225, 3675]","['1225h', '3675k']"
5,2,0,1,0,None,"{'EIS': 0, 'P3': 1}","[1230, 5330]","['1230g', '5330h']"
5,2,0,1,0,None,"{'EIS': 0, 'P2': 1}","[1232, 3696]","['1232g', '3696p']"
5,2,0,1,0,None,"{'EIS': 0, 'P2': 1}","[1232, 6160]","['1232k', '6160p']"
5,2,0,1,0,None,"{'EIS': 0, 'P3': 1}","[1236, 7828]","['1236c', '7828c']"
5,2,0,1,0,None,"{'EIS': 0, 'P2': 1}","[1240, 3720]","['1240a', '3720c']"
5,2,0,1,0,None,"{'EIS': 0, 'P2': 1}","[1240, 3720]","['1240f', '3720h']"
5,2,0,1,0,None,"{'EIS': 0, 'P2': 1}","[1242, 6210]","['1242b', '6210g']"
5,2,0,1,0,None,"{'EIS': 0, 'P1': 1}","[1242]","['1242c', '1242e']"
5,2,0,1,0,None,"{'EIS': 0, 'P3': 1}","[1242, 4347]","['1242h', '4347i']"
5,2,0,1,0,None,"{'EIS': 0, 'P3': 1}","[1242, 4347]","['1242j', '4347d']"
5,2,0,1,0,None,"{'EIS': 0, 'P1': 1}","[1242]","['1242k', '1242m']"
5,2,0,1,0,None,"{'EIS': 0, 'P2': 1}","[1242, 6210]","['1242o', '6210x']"
5,2,0,1,0,None,"{'EIS': 0, 'P3': 1}","[1246, 3115]","['1246a', '3115a']"
5,2,0,1,0,None,"{'EIS': 0, 'P1': 1}","[1246]","['1246b', '1246c']"
5,2,0,1,0,None,"{'EIS': 0, 'P3': 1}","[1248, 2912]","['1248b', '2912b']"
5,2,0,1,0,None,"{'EIS': 0, 'P2': 1}","[1248, 8736]","['1248c', '8736f']"
5,2,0,1,0,None,"{'EIS': 0, 'P3': 1}","[1248, 2912]","['1248d', '2912c']"
5,2,0,1,0,None,"{'EIS': 0, 'P2': 1}","[1248, 8736]","['1248f', '8736t']"
5,2,0,1,0,None,"{'EIS': 0, 'P3': 1}","[1258, 4403]","['1258a', '4403c']"
5,2,0,1,0,None,"{'EIS': 0, 'P1': 1}","[1260]","['1260f', '1260g']"
5,2,0,1,0,None,"{'EIS': 0, 'P2': 1}","[1269, 2538]","['1269c', '2538d']"
5,2,0,1,0,None,"{'EIS': 0, 'P2': 1}","[1269, 2538]","['1269e', '2538c']"
5,2,0,1,0,None,"{'EIS': 0, 'P2': 1}","[1274, 3822]","['1274b', '3822e']"
5,2,0,1,0,None,"{'EIS': 0, 'P2': 1}","[1274, 3822]","['1274c', '3822m']"
5,2,0,1,0,None,"{'EIS': 0, 'P2': 1}","[1274, 3822]","['1274d', '3822l']"
5,2,0,1,0,None,"{'EIS': 0, 'P2': 1}","[1274, 3822]","['1274f', '3822q']"
5,2,0,1,0,None,"{'EIS': 0, 'P2': 1}","[1274, 3822]","['1274h', '3822s']"
5,2,0,1,0,None,"{'EIS': 0, 'P2': 1}","[1274, 3822]","['1274l', '3822bh']"
5,2,0,1,0,None,"{'EIS': 0, 'P2': 1}","[1274, 6370]","['1274n', '6370bb']"
5,2,0,1,0,None,"{'EIS': 0, 'P2': 1}","[1274, 6370]","['1274o', '6370q']"
5,2,0,1,0,None,"{'EIS': 0, 'P1': 1}","[1275]","['1275a', '1275c']"
5,2,0,1,0,None,"{'EIS': 0, 'P2': 1}","[1278, 8946]","['1278i', '8946s']"
5,2,0,1,0,None,"{'EIS': 0, 'P1': 1}","[1278]","['1278j', '1278l']"
5,2,0,1,0,None,"{'EIS': 0, 'P3': 1}","[1278, 7029]","['1278k', '7029j']"
5,2,0,1,0,None,"{'EIS': 0, 'P2': 1}","[1281, 2562]","['1281d', '2562d']"
5,2,0,1,0,None,"{'EIS': 0, 'P3': 1}","[1281, 2135]","['1281e', '2135d']"
5,2,0,1,0,None,"{'EIS': 0, 'P2': 1}","[1287, 9009]","['1287d', '9009i']"
5,2,0,1,0,None,"{'EIS': 0, 'P1': 1}","[1288]","['1288b', '1288c']"
5,2,0,1,0,None,"{'EIS': 0, 'P1': 1}","[1290]","['1290g', '1290h']"
5,2,0,1,0,None,"{'EIS': 0, 'P2': 1}","[1290, 9030]","['1290j', '9030n']"
5,2,0,1,0,None,"{'EIS': 0, 'P3': 1}","[1290, 5590]","['1290k', '5590e']"
5,2,0,1,0,None,"{'EIS': 0, 'P2': 1}","[1290, 9030]","['1290n', '9030u']"
5,2,0,1,0,None,"{'EIS': 0, 'P2': 1}","[1296, 6480]","['1296a', '6480d']"
5,2,0,1,0,None,"{'EIS': 0, 'P2': 1}","[1296, 6480]","['1296b', '6480a']"
5,2,0,1,0,None,"{'EIS': 0, 'P2': 1}","[1296, 9072]","['1296g', '9072v']"
5,2,0,1,0,None,"{'EIS': 0, 'P2': 1}","[1296, 9072]","['1296i', '9072t']"
5,2,0,1,0,None,"{'EIS': 0, 'P2': 1}","[1298, 3894]","['1298b', '3894j']"
5,2,0,1,0,None,"{'EIS': 0, 'P2': 1}","[1300, 3900]","['1300c', '3900g']"
5,2,0,1,0,None,"{'EIS': 0, 'P2': 1}","[1300, 3900]","['1300e', '3900l']"
5,2,0,1,0,None,"{'EIS': 0, 'P3': 1}","[1302, 4774]","['1302a', '4774a']"
5,2,0,1,0,None,"{'EIS': 0, 'P2': 1}","[1302, 6510]","['1302p', '6510bc']"
5,2,0,1,0,None,"{'EIS': 0, 'P2': 1}","[1305, 9135]","['1305e', '9135k']"
5,2,0,1,0,None,"{'EIS': 0, 'P2': 1}","[1308, 9156]","['1308a', '9156f']"
5,2,0,1,0,None,"{'EIS': 0, 'P2': 1}","[1309, 6545]","['1309c', '6545f']"
5,2,0,1,0,None,"{'EIS': 0, 'P2': 1}","[1311, 6555]","['1311c', '6555n']"
5,2,0,1,0,None,"{'EIS': 0, 'P2': 1}","[1314, 9198]","['1314a', '9198c']"
5,2,0,1,0,None,"{'EIS': 0, 'P2': 1}","[1315, 9205]","['1315a', '9205a']"
5,2,0,1,0,None,"{'EIS': 0, 'P2': 1}","[1315, 9205]","['1315c', '9205h']"
5,2,0,1,0,None,"{'EIS': 0, 'P2': 1}","[1320, 9240]","['1320e', '9240s']"
5,2,0,1,0,None,"{'EIS': 0, 'P2': 1}","[1320, 9240]","['1320l', '9240bc']"
5,2,0,1,0,None,"{'EIS': 0, 'P2': 1}","[1323, 6615]","['1323e', '6615a']"
5,2,0,1,0,None,"{'EIS': 0, 'P2': 1}","[1323, 6615]","['1323g', '6615d']"
5,2,0,1,0,None,"{'EIS': 0, 'P2': 1}","[1323, 2646]","['1323h', '2646h']"
5,2,0,1,0,None,"{'EIS': 0, 'P2': 1}","[1323, 2646]","['1323i', '2646c']"
5,2,0,1,0,None,"{'EIS': 0, 'P2': 1}","[1323, 2646]","['1323j', '2646u']"
5,2,0,1,0,None,"{'EIS': 0, 'P2': 1}","[1323, 6615]","['1323k', '6615i']"
5,2,0,1,0,None,"{'EIS': 0, 'P2': 1}","[1323, 6615]","['1323l', '6615e']"
5,2,0,1,0,None,"{'EIS': 0, 'P2': 1}","[1323, 2646]","['1323q', '2646o']"
5,2,0,1,0,None,"{'EIS': 0, 'P2': 1}","[1323, 2646]","['1323r', '2646bd']"
5,2,0,1,0,None,"{'EIS': 0, 'P2': 1}","[1323, 2646]","['1323s', '2646z']"
5,2,0,1,0,None,"{'EIS': 0, 'P2': 1}","[1330, 3990]","['1330a', '3990j']"
5,2,0,1,0,None,"{'EIS': 0, 'P2': 1}","[1344, 6720]","['1344i', '6720x']"
5,2,0,1,0,None,"{'EIS': 0, 'P2': 1}","[1344, 6720]","['1344o', '6720br']"
5,2,0,1,0,None,"{'EIS': 0, 'P1': 1}","[1350]","['1350a', '1350e']"
5,2,0,1,0,None,"{'EIS': 0, 'P2': 1}","[1350, 9450]","['1350c', '9450j']"
5,2,0,1,0,None,"{'EIS': 0, 'P1': 1}","[1350]","['1350f', '1350k']"
5,2,0,1,0,None,"{'EIS': 0, 'P1': 1}","[1350]","['1350i', '1350j']"
5,2,0,1,0,None,"{'EIS': 0, 'P1': 1}","[1350]","['1350l', '1350q']"
5,2,0,1,0,None,"{'EIS': 0, 'P1': 1}","[1350]","['1350m', '1350p']"
5,2,0,1,0,None,"{'EIS': 0, 'P2': 1}","[1350, 9450]","['1350n', '9450co']"
5,2,0,1,0,None,"{'EIS': 0, 'P1': 1}","[1350]","['1350t', '1350v']"
5,2,0,1,0,None,"{'EIS': 0, 'P2': 1}","[1352, 4056]","['1352a', '4056d']"
5,2,0,1,0,None,"{'EIS': 0, 'P3': 1}","[1354, 2031]","['1354a', '2031b']"
5,2,0,1,0,None,"{'EIS': 0, 'P2': 1}","[1356, 6780]","['1356e', '6780e']"
5,2,0,1,0,None,"{'EIS': 0, 'P2': 1}","[1358, 4074]","['1358c', '4074d']"
5,2,0,1,0,None,"{'EIS': 0, 'P2': 1}","[1360, 4080]","['1360b', '4080j']"
5,2,0,1,0,None,"{'EIS': 0, 'P2': 1}","[1360, 9520]","['1360c', '9520e']"
5,2,0,1,0,None,"{'EIS': 0, 'P2': 1}","[1360, 4080]","['1360d', '4080z']"
5,2,0,1,0,None,"{'EIS': 0, 'P1': 1}","[1360]","['1360f', '1360h']"
5,2,0,1,0,None,"{'EIS': 0, 'P3': 1}","[1365, 7735]","['1365a', '7735b']"
5,2,0,1,0,None,"{'EIS': 0, 'P2': 1}","[1368, 9576]","['1368h', '9576ba']"
5,2,0,1,0,None,"{'EIS': 0, 'P2': 1}","[1368, 9576]","['1368i', '9576x']"
5,2,0,1,0,None,"{'EIS': 0, 'P2': 1}","[1369, 8214]","['1369e', '8214c']"
5,2,0,1,0,None,"{'EIS': 0, 'P2': 1}","[1369, 8214]","['1369f', '8214i']"
5,2,0,1,0,None,"{'EIS': 0, 'P2': 1}","[1378, 6890]","['1378c', '6890j']"
5,2,0,1,0,None,"{'EIS': 0, 'P1': 1}","[1380]","['1380a', '1380b']"
5,2,0,1,0,None,"{'EIS': 0, 'P2': 1}","[1386, 6930]","['1386e', '6930j']"
5,2,0,1,0,None,"{'EIS': 0, 'P2': 1}","[1386, 6930]","['1386k', '6930y']"
5,2,0,1,0,None,"{'EIS': 0, 'P2': 1}","[1392, 6960]","['1392f', '6960m']"
5,2,0,1,0,None,"{'EIS': 0, 'P1': 1}","[1392]","['1392h', '1392i']"
5,2,0,1,0,None,"{'EIS': 0, 'P2': 1}","[1392, 6960]","['1392j', '6960z']"
5,2,0,1,0,None,"{'EIS': 0, 'P2': 1}","[1392, 6960]","['1392m', '6960bk']"
5,2,0,1,0,None,"{'EIS': 0, 'P2': 1}","[1392, 9744]","['1392o', '9744t']"
5,2,0,1,0,None,"{'EIS': 0, 'P2': 1}","[1392, 9744]","['1392p', '9744v']"
5,2,0,1,0,None,"{'EIS': 0, 'P1': 1}","[1394]","['1394c', '1394d']"
5,2,0,1,0,None,"{'EIS': 0, 'P1': 1}","[1400]","['1400a', '1400e']"
5,2,0,1,0,None,"{'EIS': 0, 'P2': 1}","[1400, 4200]","['1400j', '4200r']"
5,2,0,1,0,None,"{'EIS': 0, 'P2': 1}","[1404, 9828]","['1404a', '9828i']"
5,2,0,1,0,None,"{'EIS': 0, 'P2': 1}","[1404, 9828]","['1404b', '9828j']"
5,2,0,1,0,None,"{'EIS': 0, 'P2': 1}","[1405, 8430]","['1405a', '8430h']"
5,2,0,1,0,None,"{'EIS': 0, 'P2': 1}","[1406, 4218]","['1406a', '4218d']"
5,2,0,1,0,None,"{'EIS': 0, 'P2': 1}","[1406, 7030]","['1406c', '7030b']"
5,2,0,1,0,None,"{'EIS': 0, 'P3': 1}","[1410, 7755]","['1410j', '7755b']"
5,2,0,1,0,None,"{'EIS': 0, 'P2': 1}","[1421, 8526]","['1421h', '8526p']"
5,2,0,1,0,None,"{'EIS': 0, 'P2': 1}","[1421, 8526]","['1421i', '8526bc']"
5,2,0,1,0,None,"{'EIS': 0, 'P2': 1}","[1422, 7110]","['1422f', '7110u']"
5,2,0,1,0,None,"{'EIS': 0, 'P1': 1}","[1425]","['1425a', '1425e']"
5,2,0,1,0,None,"{'EIS': 0, 'P3': 1}","[1425, 3325]","['1425c', '3325d']"
5,2,0,1,0,None,"{'EIS': 0, 'P1': 1}","[1428]","['1428a', '1428b']"
5,2,0,1,0,None,"{'EIS': 0, 'P2': 1}","[1430, 4290]","['1430a', '4290l']"
5,2,0,1,0,None,"{'EIS': 0, 'P2': 1}","[1430, 4290]","['1430b', '4290m']"
5,2,0,1,0,None,"{'EIS': 0, 'P2': 1}","[1430, 4290]","['1430e', '4290y']"
5,2,0,1,0,None,"{'EIS': 0, 'P3': 1}","[1435, 3731]","['1435a', '3731a']"
5,2,0,1,0,None,"{'EIS': 0, 'P2': 1}","[1444, 7220]","['1444c', '7220d']"
5,2,0,1,0,None,"{'EIS': 0, 'P2': 1}","[1449, 2898]","['1449a', '2898b']"
5,2,0,1,0,None,"{'EIS': 0, 'P2': 1}","[1449, 2898]","['1449b', '2898m']"
5,2,0,1,0,None,"{'EIS': 0, 'P2': 1}","[1449, 7245]","['1449c', '7245q']"
5,2,0,1,0,None,"{'EIS': 0, 'P2': 1}","[1449, 2898]","['1449d', '2898p']"
5,2,0,1,0,None,"{'EIS': 0, 'P2': 1}","[1450, 4350]","['1450b', '4350k']"
5,2,0,1,0,None,"{'EIS': 0, 'P1': 1}","[1450]","['1450f', '1450i']"
5,2,0,1,0,None,"{'EIS': 0, 'P2': 1}","[1450, 4350]","['1450h', '4350t']"
5,2,0,1,0,None,"{'EIS': 0, 'P2': 1}","[1452, 7260]","['1452a', '7260d']"
5,2,0,1,0,None,"{'EIS': 0, 'P2': 1}","[1452, 7260]","['1452b', '7260c']"
5,2,0,1,0,None,"{'EIS': 0, 'P2': 1}","[1452, 7260]","['1452g', '7260s']"
5,2,0,1,0,None,"{'EIS': 0, 'P2': 1}","[1452, 7260]","['1452h', '7260t']"
5,2,0,1,0,None,"{'EIS': 0, 'P2': 1}","[1456, 4368]","['1456a', '4368a']"
5,2,0,1,0,None,"{'EIS': 0, 'P2': 1}","[1456, 7280]","['1456d', '7280e']"
5,2,0,1,0,None,"{'EIS': 0, 'P1': 1}","[1456]","['1456i', '1456j']"
5,2,0,1,0,None,"{'EIS': 0, 'P2': 1}","[1456, 7280]","['1456k', '7280v']"
5,2,0,1,0,None,"{'EIS': 0, 'P2': 1}","[1456, 4368]","['1456l', '4368z']"
5,2,0,1,0,None,"{'EIS': 0, 'P2': 1}","[1472, 7360]","['1472d', '7360k']"
5,2,0,1,0,None,"{'EIS': 0, 'P2': 1}","[1472, 7360]","['1472i', '7360u']"
5,2,0,1,0,None,"{'EIS': 0, 'P2': 1}","[1478, 4434]","['1478a', '4434c']"
5,2,0,1,0,None,"{'EIS': 0, 'P2': 1}","[1479, 7395]","['1479b', '7395d']"
5,2,0,1,0,None,"{'EIS': 0, 'P1': 1}","[1484]","['1484a', '1484b']"
5,2,0,1,0,None,"{'EIS': 0, 'P1': 1}","[1488]","['1488i', '1488j']"
5,2,0,1,0,None,"{'EIS': 0, 'P2': 1}","[1488, 7440]","['1488n', '7440t']"
5,2,0,1,0,None,"{'EIS': 0, 'P2': 1}","[1490, 4470]","['1490d', '4470j']"
5,2,0,1,0,None,"{'EIS': 0, 'P2': 1}","[1495, 4485]","['1495a', '4485a']"
5,2,0,1,0,None,"{'EIS': 0, 'P1': 1}","[1496]","['1496a', '1496b']"
5,2,0,1,0,None,"{'EIS': 0, 'P3': 1}","[1506, 8283]","['1506e', '8283i']"
5,2,0,1,0,None,"{'EIS': 0, 'P3': 1}","[1518, 3795]","['1518a', '3795d']"
5,2,0,1,0,None,"{'EIS': 0, 'P1': 1}","[1518]","['1518c', '1518d']"
5,2,0,1,0,None,"{'EIS': 0, 'P2': 1}","[1518, 7590]","['1518g', '7590i']"
5,2,0,1,0,None,"{'EIS': 0, 'P1': 1}","[1518]","['1518r', '1518s']"
5,2,0,1,0,None,"{'EIS': 0, 'P1': 1}","[1520]","['1520c', '1520e']"
5,2,0,1,0,None,"{'EIS': 0, 'P2': 1}","[1520, 4560]","['1520h', '4560q']"
5,2,0,1,0,None,"{'EIS': 0, 'P2': 1}","[1520, 4560]","['1520j', '4560bc']"
5,2,0,1,0,None,"{'EIS': 0, 'P1': 1}","[1525]","['1525a', '1525b']"
5,2,0,1,0,None,"{'EIS': 0, 'P1': 1}","[1530]","['1530g', '1530h']"
5,2,0,1,0,None,"{'EIS': 0, 'P1': 1}","[1530]","['1530n', '1530p']"
5,2,0,1,0,None,"{'EIS': 0, 'P1': 1}","[1539]","['1539a', '1539b']"
5,2,0,1,0,None,"{'EIS': 0, 'P1': 1}","[1539]","['1539c', '1539d']"
5,2,0,1,0,None,"{'EIS': 0, 'P1': 1}","[1550]","['1550a', '1550e']"
5,2,0,1,0,None,"{'EIS': 0, 'P2': 1}","[1554, 7770]","['1554b', '7770k']"
5,2,0,1,0,None,"{'EIS': 0, 'P1': 1}","[1554]","['1554d', '1554f']"
5,2,0,1,0,None,"{'EIS': 0, 'P3': 1}","[1560, 3640]","['1560f', '3640e']"
5,2,0,1,0,None,"{'EIS': 0, 'P1': 1}","[1560]","['1560j', '1560l']"
5,2,0,1,0,None,"{'EIS': 0, 'P2': 1}","[1566, 7830]","['1566b', '7830f']"
5,2,0,1,0,None,"{'EIS': 0, 'P2': 1}","[1566, 7830]","['1566d', '7830a']"
5,2,0,1,0,None,"{'EIS': 0, 'P3': 1}","[1566, 8613]","['1566e', '8613d']"
5,2,0,1,0,None,"{'EIS': 0, 'P2': 1}","[1566, 7830]","['1566m', '7830q']"
5,2,0,1,0,None,"{'EIS': 0, 'P3': 1}","[1566, 8613]","['1566o', '8613h']"
5,2,0,1,0,None,"{'EIS': 0, 'P2': 1}","[1566, 7830]","['1566q', '7830p']"
5,2,0,1,0,None,"{'EIS': 0, 'P1': 1}","[1575]","['1575g', '1575j']"
5,2,0,1,0,None,"{'EIS': 0, 'P2': 1}","[1584, 7920]","['1584e', '7920l']"
5,2,0,1,0,None,"{'EIS': 0, 'P1': 1}","[1584]","['1584m', '1584o']"
5,2,0,1,0,None,"{'EIS': 0, 'P3': 1}","[1590, 6890]","['1590j', '6890l']"
5,2,0,1,0,None,"{'EIS': 0, 'P1': 1}","[1590]","['1590l', '1590m']"
5,2,0,1,0,None,"{'EIS': 0, 'P1': 1}","[1590]","['1590o', '1590r']"
5,2,0,1,0,None,"{'EIS': 0, 'P3': 1}","[1595, 1914]","['1595a', '1914k']"
5,2,0,1,0,None,"{'EIS': 0, 'P1': 1}","[1600]","['1600h', '1600l']"
5,2,0,1,0,None,"{'EIS': 0, 'P1': 1}","[1600]","['1600m', '1600n']"
5,2,0,1,0,None,"{'EIS': 0, 'P1': 1}","[1600]","['1600o', '1600u']"
5,2,0,1,0,None,"{'EIS': 0, 'P1': 1}","[1600]","['1600s', '1600x']"
5,2,0,1,0,None,"{'EIS': 0, 'P1': 1}","[1600]","['1600w', '1600y']"
5,2,0,1,0,None,"{'EIS': 0, 'P2': 1}","[1624, 4872]","['1624a', '4872b']"
5,2,0,1,0,None,"{'EIS': 0, 'P3': 1}","[1632, 2720]","['1632d', '2720b']"
5,2,0,1,0,None,"{'EIS': 0, 'P2': 1}","[1632, 8160]","['1632f', '8160j']"
5,2,0,1,0,None,"{'EIS': 0, 'P3': 1}","[1632, 2720]","['1632g', '2720e']"
5,2,0,1,0,None,"{'EIS': 0, 'P2': 1}","[1632, 8160]","['1632j', '8160p']"
5,2,0,1,0,None,"{'EIS': 0, 'P1': 1}","[1634]","['1634b', '1634c']"
5,2,0,1,0,None,"{'EIS': 0, 'P3': 1}","[1634, 2451]","['1634d', '2451e']"
5,2,0,1,0,None,"{'EIS': 0, 'P2': 1}","[1638, 8190]","['1638a', '8190d']"
5,2,0,1,0,None,"{'EIS': 0, 'P2': 1}","[1638, 8190]","['1638g', '8190j']"
5,2,0,1,0,None,"{'EIS': 0, 'P2': 1}","[1638, 8190]","['1638h', '8190v']"
5,2,0,1,0,None,"{'EIS': 0, 'P2': 1}","[1638, 8190]","['1638k', '8190bb']"
5,2,0,1,0,None,"{'EIS': 0, 'P1': 1}","[1650]","['1650f', '1650j']"
5,2,0,1,0,None,"{'EIS': 0, 'P1': 1}","[1650]","['1650i', '1650k']"
5,2,0,1,0,None,"{'EIS': 0, 'P1': 1}","[1650]","['1650m', '1650o']"
5,2,0,1,0,None,"{'EIS': 0, 'P1': 1}","[1650]","['1650n', '1650p']"
5,2,0,1,0,None,"{'EIS': 0, 'P2': 1}","[1656, 8280]","['1656b', '8280f']"
5,2,0,1,0,None,"{'EIS': 0, 'P1': 1}","[1664]","['1664h', '1664i']"
5,2,0,1,0,None,"{'EIS': 0, 'P1': 1}","[1664]","['1664k', '1664n']"
5,2,0,1,0,None,"{'EIS': 0, 'P1': 1}","[1664]","['1664l', '1664m']"
5,2,0,1,0,None,"{'EIS': 0, 'P1': 1}","[1664]","['1664r', '1664t']"
5,2,0,1,0,None,"{'EIS': 0, 'P2': 1}","[1665, 3330]","['1665a', '3330m']"
5,2,0,1,0,None,"{'EIS': 0, 'P2': 1}","[1665, 3330]","['1665b', '3330b']"
5,2,0,1,0,None,"{'EIS': 0, 'P1': 1}","[1665]","['1665c', '1665d']"
5,2,0,1,0,None,"{'EIS': 0, 'P2': 1}","[1665, 3330]","['1665g', '3330i']"
5,2,0,1,0,None,"{'EIS': 0, 'P2': 1}","[1666, 4998]","['1666a', '4998k']"
5,2,0,1,0,None,"{'EIS': 0, 'P1': 1}","[1666]","['1666b', '1666c']"
5,2,0,1,0,None,"{'EIS': 0, 'P2': 1}","[1666, 4998]","['1666e', '4998j']"
5,2,0,1,0,None,"{'EIS': 0, 'P1': 1}","[1666]","['1666f', '1666h']"
5,2,0,1,0,None,"{'EIS': 0, 'P3': 1}","[1666, 4165]","['1666g', '4165o']"
5,2,0,1,0,None,"{'EIS': 0, 'P2': 1}","[1666, 8330]","['1666i', '8330q']"
5,2,0,1,0,None,"{'EIS': 0, 'P2': 1}","[1666, 8330]","['1666j', '8330u']"
5,2,0,1,0,None,"{'EIS': 0, 'P1': 1}","[1672]","['1672a', '1672b']"
5,2,0,1,0,None,"{'EIS': 0, 'P2': 1}","[1682, 5046]","['1682c', '5046f']"
5,2,0,1,0,None,"{'EIS': 0, 'P1': 1}","[1682]","['1682d', '1682e']"
5,2,0,1,0,None,"{'EIS': 0, 'P1': 1}","[1682]","['1682f', '1682h']"
5,2,0,1,0,None,"{'EIS': 0, 'P2': 1}","[1682, 5046]","['1682i', '5046k']"
5,2,0,1,0,None,"{'EIS': 0, 'P2': 1}","[1683, 8415]","['1683b', '8415c']"
5,2,0,1,0,None,"{'EIS': 0, 'P2': 1}","[1683, 8415]","['1683c', '8415h']"
5,2,0,1,0,None,"{'EIS': 0, 'P1': 1}","[1683]","['1683g', '1683h']"
5,2,0,1,0,None,"{'EIS': 0, 'P2': 1}","[1683, 3366]","['1683i', '3366e']"
5,2,0,1,0,None,"{'EIS': 0, 'P3': 1}","[1690, 5915]","['1690b', '5915c']"
5,2,0,1,0,None,"{'EIS': 0, 'P3': 1}","[1690, 5915]","['1690g', '5915i']"
5,2,0,1,0,None,"{'EIS': 0, 'P2': 1}","[1692, 8460]","['1692c', '8460i']"
5,2,0,1,0,None,"{'EIS': 0, 'P2': 1}","[1694, 5082]","['1694a', '5082k']"
5,2,0,1,0,None,"{'EIS': 0, 'P2': 1}","[1694, 8470]","['1694g', '8470be']"
5,2,0,1,0,None,"{'EIS': 0, 'P2': 1}","[1694, 5082]","['1694h', '5082bb']"
5,2,0,1,0,None,"{'EIS': 0, 'P2': 1}","[1700, 5100]","['1700b', '5100r']"
5,2,0,1,0,None,"{'EIS': 0, 'P2': 1}","[1700, 5100]","['1700c', '5100i']"
5,2,0,1,0,None,"{'EIS': 0, 'P2': 1}","[1701, 3402]","['1701i', '3402g']"
5,2,0,1,0,None,"{'EIS': 0, 'P2': 1}","[1701, 3402]","['1701j', '3402q']"
5,2,0,1,0,None,"{'EIS': 0, 'P3': 1}","[1710, 5985]","['1710b', '5985f']"
5,2,0,1,0,None,"{'EIS': 0, 'P1': 1}","[1710]","['1710e', '1710g']"
5,2,0,1,0,None,"{'EIS': 0, 'P1': 1}","[1710]","['1710i', '1710j']"
5,2,0,1,0,None,"{'EIS': 0, 'P3': 1}","[1710, 5985]","['1710l', '5985c']"
5,2,0,1,0,None,"{'EIS': 0, 'P1': 1}","[1710]","['1710q', '1710s']"
5,2,0,1,0,None,"{'EIS': 0, 'P2': 1}","[1712, 5136]","['1712d', '5136g']"
5,2,0,1,0,None,"{'EIS': 0, 'P1': 1}","[1722]","['1722d', '1722e']"
5,2,0,1,0,None,"{'EIS': 0, 'P2': 1}","[1722, 8610]","['1722i', '8610i']"
5,2,0,1,0,None,"{'EIS': 0, 'P1': 1}","[1722]","['1722k', '1722l']"
5,2,0,1,0,None,"{'EIS': 0, 'P1': 1}","[1725]","['1725e', '1725k']"
5,2,0,1,0,None,"{'EIS': 0, 'P1': 1}","[1725]","['1725f', '1725l']"
5,2,0,1,0,None,"{'EIS': 0, 'P3': 1}","[1725, 9775]","['1725g', '9775b']"
5,2,0,1,0,None,"{'EIS': 0, 'P2': 1}","[1725, 3450]","['1725h', '3450c']"
5,2,0,1,0,None,"{'EIS': 0, 'P1': 1}","[1725]","['1725i', '1725j']"
5,2,0,1,0,None,"{'EIS': 0, 'P1': 1}","[1725]","['1725m', '1725q']"
5,2,0,1,0,None,"{'EIS': 0, 'P1': 1}","[1725]","['1725o', '1725u']"
5,2,0,1,0,None,"{'EIS': 0, 'P2': 1}","[1725, 3450]","['1725p', '3450v']"
5,2,0,1,0,None,"{'EIS': 0, 'P1': 1}","[1725]","['1725r', '1725s']"
5,2,0,1,0,None,"{'EIS': 0, 'P2': 1}","[1728, 8640]","['1728b', '8640m']"
5,2,0,1,0,None,"{'EIS': 0, 'P2': 1}","[1728, 8640]","['1728g', '8640s']"
5,2,0,1,0,None,"{'EIS': 0, 'P2': 1}","[1728, 8640]","['1728k', '8640p']"
5,2,0,1,0,None,"{'EIS': 0, 'P2': 1}","[1728, 8640]","['1728l', '8640y']"
5,2,0,1,0,None,"{'EIS': 0, 'P2': 1}","[1728, 8640]","['1728p', '8640bc']"
5,2,0,1,0,None,"{'EIS': 0, 'P2': 1}","[1728, 8640]","['1728t', '8640bd']"
5,2,0,1,0,None,"{'EIS': 0, 'P2': 1}","[1728, 8640]","['1728u', '8640bm']"
5,2,0,1,0,None,"{'EIS': 0, 'P2': 1}","[1728, 8640]","['1728x', '8640cc']"
5,2,0,1,0,None,"{'EIS': 0, 'P2': 1}","[1734, 8670]","['1734d', '8670d']"
5,2,0,1,0,None,"{'EIS': 0, 'P2': 1}","[1734, 8670]","['1734e', '8670j']"
5,2,0,1,0,None,"{'EIS': 0, 'P2': 1}","[1734, 8670]","['1734k', '8670s']"
5,2,0,1,0,None,"{'EIS': 0, 'P2': 1}","[1734, 8670]","['1734m', '8670x']"
5,2,0,1,0,None,"{'EIS': 0, 'P3': 1}","[1735, 4511]","['1735a', '4511d']"
5,2,0,1,0,None,"{'EIS': 0, 'P2': 1}","[1738, 8690]","['1738b', '8690b']"
5,2,0,1,0,None,"{'EIS': 0, 'P1': 1}","[1740]","['1740c', '1740d']"
5,2,0,1,0,None,"{'EIS': 0, 'P3': 1}","[1740, 4060]","['1740h', '4060f']"
5,2,0,1,0,None,"{'EIS': 0, 'P3': 1}","[1745, 4886]","['1745c', '4886g']"
5,2,0,1,0,None,"{'EIS': 0, 'P1': 1}","[1748]","['1748d', '1748e']"
5,2,0,1,0,None,"{'EIS': 0, 'P2': 1}","[1752, 8760]","['1752f', '8760e']"
5,2,0,1,0,None,"{'EIS': 0, 'P3': 1}","[1752, 6424]","['1752h', '6424a']"
5,2,0,1,0,None,"{'EIS': 0, 'P2': 1}","[1758, 8790]","['1758a', '8790d']"
5,2,0,1,0,None,"{'EIS': 0, 'P2': 1}","[1758, 8790]","['1758d', '8790o']"
5,2,0,1,0,None,"{'EIS': 0, 'P2': 1}","[1760, 5280]","['1760k', '5280k']"
5,2,0,1,0,None,"{'EIS': 0, 'P2': 1}","[1760, 5280]","['1760m', '5280r']"
5,2,0,1,0,None,"{'EIS': 0, 'P2': 1}","[1763, 5289]","['1763a', '5289b']"
5,2,0,1,0,None,"{'EIS': 0, 'P1': 1}","[1764]","['1764d', '1764e']"
5,2,0,1,0,None,"{'EIS': 0, 'P1': 1}","[1764]","['1764h', '1764j']"
5,2,0,1,0,None,"{'EIS': 0, 'P2': 1}","[1764, 8820]","['1764k', '8820n']"
5,2,0,1,0,None,"{'EIS': 0, 'P3': 1}","[1770, 6490]","['1770b', '6490b']"
5,2,0,1,0,None,"{'EIS': 0, 'P3': 1}","[1770, 6195]","['1770f', '6195d']"
5,2,0,1,0,None,"{'EIS': 0, 'P3': 1}","[1776, 2960]","['1776d', '2960b']"
5,2,0,1,0,None,"{'EIS': 0, 'P2': 1}","[1776, 8880]","['1776f', '8880l']"
5,2,0,1,0,None,"{'EIS': 0, 'P2': 1}","[1776, 8880]","['1776k', '8880bc']"
5,2,0,1,0,None,"{'EIS': 0, 'P2': 1}","[1782, 8910]","['1782c', '8910h']"
5,2,0,1,0,None,"{'EIS': 0, 'P2': 1}","[1782, 8910]","['1782f', '8910g']"
5,2,0,1,0,None,"{'EIS': 0, 'P2': 1}","[1782, 8910]","['1782i', '8910n']"
5,2,0,1,0,None,"{'EIS': 0, 'P2': 1}","[1782, 8910]","['1782k', '8910r']"
5,2,0,1,0,None,"{'EIS': 0, 'P3': 1}","[1786, 2679]","['1786d', '2679a']"
5,2,0,1,0,None,"{'EIS': 0, 'P2': 1}","[1790, 5370]","['1790a', '5370a']"
5,2,0,1,0,None,"{'EIS': 0, 'P3': 1}","[1794, 6279]","['1794g', '6279b']"
5,2,0,1,0,None,"{'EIS': 0, 'P1': 1}","[1800]","['1800a', '1800e']"
5,2,0,1,0,None,"{'EIS': 0, 'P1': 1}","[1800]","['1800c', '1800d']"
5,2,0,1,0,None,"{'EIS': 0, 'P1': 1}","[1800]","['1800f', '1800k']"
5,2,0,1,0,None,"{'EIS': 0, 'P1': 1}","[1800]","['1800j', '1800l']"
5,2,0,1,0,None,"{'EIS': 0, 'P1': 1}","[1800]","['1800m', '1800q']"
5,2,0,1,0,None,"{'EIS': 0, 'P1': 1}","[1800]","['1800o', '1800p']"
5,2,0,1,0,None,"{'EIS': 0, 'P1': 1}","[1800]","['1800s', '1800x']"
5,2,0,1,0,None,"{'EIS': 0, 'P1': 1}","[1800]","['1800t', '1800v']"
5,2,0,1,0,None,"{'EIS': 0, 'P1': 1}","[1800]","['1800u', '1800w']"
5,2,0,1,0,None,"{'EIS': 0, 'P2': 1}","[1806, 9030]","['1806i', '9030q']"
5,2,0,1,0,None,"{'EIS': 0, 'P2': 1}","[1810, 5430]","['1810c', '5430d']"
5,2,0,1,0,None,"{'EIS': 0, 'P2': 1}","[1827, 9135]","['1827a', '9135e']"
5,2,0,1,0,None,"{'EIS': 0, 'P1': 1}","[1830]","['1830g', '1830h']"
5,2,0,1,0,None,"{'EIS': 0, 'P3': 1}","[1833, 3055]","['1833d', '3055a']"
5,2,0,1,0,None,"{'EIS': 0, 'P2': 1}","[1840, 5520]","['1840d', '5520d']"
5,2,0,1,0,None,"{'EIS': 0, 'P3': 1}","[1841, 3419]","['1841a', '3419a']"
5,2,0,1,0,None,"{'EIS': 0, 'P2': 1}","[1848, 9240]","['1848a', '9240b']"
5,2,0,1,0,None,"{'EIS': 0, 'P1': 1}","[1848]","['1848b', '1848c']"
5,2,0,1,0,None,"{'EIS': 0, 'P1': 1}","[1848]","['1848d', '1848e']"
5,2,0,1,0,None,"{'EIS': 0, 'P1': 1}","[1850]","['1850b', '1850d']"
5,2,0,1,0,None,"{'EIS': 0, 'P2': 1}","[1850, 5550]","['1850c', '5550s']"
5,2,0,1,0,None,"{'EIS': 0, 'P2': 1}","[1850, 5550]","['1850k', '5550bb']"
5,2,0,1,0,None,"{'EIS': 0, 'P1': 1}","[1850]","['1850m', '1850p']"
5,2,0,1,0,None,"{'EIS': 0, 'P2': 1}","[1854, 9270]","['1854a', '9270d']"
5,2,0,1,0,None,"{'EIS': 0, 'P2': 1}","[1854, 9270]","['1854e', '9270p']"
5,2,0,1,0,None,"{'EIS': 0, 'P2': 1}","[1856, 5568]","['1856c', '5568n']"
5,2,0,1,0,None,"{'EIS': 0, 'P2': 1}","[1856, 5568]","['1856d', '5568o']"
5,2,0,1,0,None,"{'EIS': 0, 'P1': 1}","[1856]","['1856e', '1856g']"
5,2,0,1,0,None,"{'EIS': 0, 'P2': 1}","[1856, 5568]","['1856i', '5568w']"
5,2,0,1,0,None,"{'EIS': 0, 'P2': 1}","[1856, 5568]","['1856j', '5568x']"
5,2,0,1,0,None,"{'EIS': 0, 'P1': 1}","[1856]","['1856n', '1856p']"
5,2,0,1,0,None,"{'EIS': 0, 'P2': 1}","[1862, 5586]","['1862b', '5586r']"
5,2,0,1,0,None,"{'EIS': 0, 'P3': 1}","[1862, 4655]","['1862d', '4655n']"
5,2,0,1,0,None,"{'EIS': 0, 'P3': 1}","[1862, 4655]","['1862e', '4655g']"
5,2,0,1,0,None,"{'EIS': 0, 'P2': 1}","[1865, 3730]","['1865b', '3730b']"
5,2,0,1,0,None,"{'EIS': 0, 'P2': 1}","[1869, 3738]","['1869a', '3738b']"
5,2,0,1,0,None,"{'EIS': 0, 'P2': 1}","[1870, 5610]","['1870b', '5610b']"
5,2,0,1,0,None,"{'EIS': 0, 'P2': 1}","[1870, 5610]","['1870e', '5610p']"
5,2,0,1,0,None,"{'EIS': 0, 'P2': 1}","[1870, 9350]","['1870i', '9350bf']"
5,2,0,1,0,None,"{'EIS': 0, 'P1': 1}","[1872]","['1872e', '1872g']"
5,2,0,1,0,None,"{'EIS': 0, 'P2': 1}","[1872, 9360]","['1872l', '9360w']"
5,2,0,1,0,None,"{'EIS': 0, 'P2': 1}","[1872, 9360]","['1872m', '9360bc']"
5,2,0,1,0,None,"{'EIS': 0, 'P2': 1}","[1872, 9360]","['1872n', '9360by']"
5,2,0,1,0,None,"{'EIS': 0, 'P1': 1}","[1872]","['1872r', '1872s']"
5,2,0,1,0,None,"{'EIS': 0, 'P2': 1}","[1872, 9360]","['1872t', '9360bq']"
5,2,0,1,0,None,"{'EIS': 0, 'P2': 1}","[1876, 5628]","['1876a', '5628a']"
5,2,0,1,0,None,"{'EIS': 0, 'P2': 1}","[1876, 5628]","['1876b', '5628c']"
5,2,0,1,0,None,"{'EIS': 0, 'P3': 1}","[1878, 4069]","['1878d', '4069b']"
5,2,0,1,0,None,"{'EIS': 0, 'P1': 1}","[1890]","['1890f', '1890g']"
5,2,0,1,0,None,"{'EIS': 0, 'P1': 1}","[1890]","['1890q', '1890r']"
5,2,0,1,0,None,"{'EIS': 0, 'P1': 1}","[1900]","['1900a', '1900b']"
5,2,0,1,0,None,"{'EIS': 0, 'P2': 1}","[1904, 9520]","['1904b', '9520f']"
5,2,0,1,0,None,"{'EIS': 0, 'P2': 1}","[1911, 3822]","['1911c', '3822h']"
5,2,0,1,0,None,"{'EIS': 0, 'P1': 1}","[1914]","['1914h', '1914i']"
5,2,0,1,0,None,"{'EIS': 0, 'P2': 1}","[1917, 9585]","['1917d', '9585e']"
5,2,0,1,0,None,"{'EIS': 0, 'P2': 1}","[1917, 9585]","['1917f', '9585f']"
5,2,0,1,0,None,"{'EIS': 0, 'P3': 1}","[1920, 7040]","['1920d', '7040k']"
5,2,0,1,0,None,"{'EIS': 0, 'P3': 1}","[1920, 7040]","['1920g', '7040b']"
5,2,0,1,0,None,"{'EIS': 0, 'P3': 1}","[1920, 7040]","['1920j', '7040g']"
5,2,0,1,0,None,"{'EIS': 0, 'P3': 1}","[1920, 7040]","['1920n', '7040t']"
5,2,0,1,0,None,"{'EIS': 0, 'P2': 1}","[1922, 5766]","['1922a', '5766a']"
5,2,0,1,0,None,"{'EIS': 0, 'P2': 1}","[1922, 5766]","['1922b', '5766f']"
5,2,0,1,0,None,"{'EIS': 0, 'P2': 1}","[1925, 5775]","['1925a', '5775w']"
5,2,0,1,0,None,"{'EIS': 0, 'P1': 1}","[1925]","['1925d', '1925k']"
5,2,0,1,0,None,"{'EIS': 0, 'P1': 1}","[1925]","['1925f', '1925m']"
5,2,0,1,0,None,"{'EIS': 0, 'P2': 1}","[1925, 3850]","['1925g', '3850ba']"
5,2,0,1,0,None,"{'EIS': 0, 'P2': 1}","[1925, 3850]","['1925j', '3850j']"
5,2,0,1,0,None,"{'EIS': 0, 'P3': 1}","[1926, 4815]","['1926i', '4815e']"
5,2,0,1,0,None,"{'EIS': 0, 'P2': 1}","[1935, 3870]","['1935g', '3870e']"
5,2,0,1,0,None,"{'EIS': 0, 'P2': 1}","[1935, 3870]","['1935i', '3870p']"
5,2,0,1,0,None,"{'EIS': 0, 'P2': 1}","[1936, 5808]","['1936a', '5808j']"
5,2,0,1,0,None,"{'EIS': 0, 'P2': 1}","[1936, 5808]","['1936b', '5808k']"
5,2,0,1,0,None,"{'EIS': 0, 'P2': 1}","[1936, 5808]","['1936h', '5808be']"
5,2,0,1,0,None,"{'EIS': 0, 'P2': 1}","[1936, 9680]","['1936k', '9680bf']"
5,2,0,1,0,None,"{'EIS': 0, 'P2': 1}","[1936, 9680]","['1936l', '9680be']"
5,2,0,1,0,None,"{'EIS': 0, 'P1': 1}","[1938]","['1938a', '1938b']"
5,2,0,1,0,None,"{'EIS': 0, 'P3': 1}","[1938, 6783]","['1938e', '6783d']"
5,2,0,1,0,None,"{'EIS': 0, 'P2': 1}","[1947, 3894]","['1947b', '3894k']"
5,2,0,1,0,None,"{'EIS': 0, 'P1': 1}","[1950]","['1950c', '1950d']"
5,2,0,1,0,None,"{'EIS': 0, 'P1': 1}","[1950]","['1950f', '1950j']"
5,2,0,1,0,None,"{'EIS': 0, 'P1': 1}","[1950]","['1950h', '1950m']"
5,2,0,1,0,None,"{'EIS': 0, 'P1': 1}","[1950]","['1950k', '1950l']"
5,2,0,1,0,None,"{'EIS': 0, 'P1': 1}","[1950]","['1950o', '1950r']"
5,2,0,1,0,None,"{'EIS': 0, 'P1': 1}","[1950]","['1950p', '1950u']"
5,2,0,1,0,None,"{'EIS': 0, 'P1': 1}","[1950]","['1950s', '1950t']"
5,2,0,1,0,None,"{'EIS': 0, 'P1': 1}","[1950]","['1950z', '1950bb']"
5,2,0,1,0,None,"{'EIS': 0, 'P2': 1}","[1955, 9775]","['1955b', '9775a']"
5,2,0,1,0,None,"{'EIS': 0, 'P2': 1}","[1960, 5880]","['1960c', '5880c']"
5,2,0,1,0,None,"{'EIS': 0, 'P2': 1}","[1960, 5880]","['1960f', '5880h']"
5,2,0,1,0,None,"{'EIS': 0, 'P2': 1}","[1960, 5880]","['1960g', '5880n']"
5,2,0,1,0,None,"{'EIS': 0, 'P2': 1}","[1960, 5880]","['1960h', '5880r']"
5,2,0,1,0,None,"{'EIS': 0, 'P2': 1}","[1960, 5880]","['1960j', '5880s']"
5,2,0,1,0,None,"{'EIS': 0, 'P2': 1}","[1960, 5880]","['1960l', '5880bi']"
5,2,0,1,0,None,"{'EIS': 0, 'P2': 1}","[1960, 5880]","['1960m', '5880bh']"
5,2,0,1,0,None,"{'EIS': 0, 'P2': 1}","[1966, 9830]","['1966a', '9830c']"
5,2,0,1,0,None,"{'EIS': 0, 'P3': 1}","[1968, 8528]","['1968d', '8528b']"
5,2,0,1,0,None,"{'EIS': 0, 'P1': 1}","[1968]","['1968e', '1968g']"
5,2,0,1,0,None,"{'EIS': 0, 'P2': 1}","[1975, 5925]","['1975e', '5925a']"
5,2,0,1,0,None,"{'EIS': 0, 'P2': 1}","[1975, 5925]","['1975f', '5925i']"
5,2,0,1,0,None,"{'EIS': 0, 'P2': 1}","[1984, 9920]","['1984a', '9920a']"
5,2,0,1,0,None,"{'EIS': 0, 'P2': 1}","[1984, 9920]","['1984c', '9920e']"
5,2,0,1,0,None,"{'EIS': 0, 'P2': 1}","[1984, 9920]","['1984i', '9920t']"
5,2,0,1,0,None,"{'EIS': 0, 'P2': 1}","[1984, 9920]","['1984k', '9920v']"
5,2,0,1,0,None,"{'EIS': 0, 'P2': 1}","[1989, 9945]","['1989b', '9945h']"
5,2,0,1,0,None,"{'EIS': 0, 'P2': 1}","[1990, 9950]","['1990a', '9950b']"
5,2,0,1,0,None,"{'EIS': 0, 'P2': 1}","[1998, 9990]","['1998d', '9990i']"
5,2,0,1,0,None,"{'EIS': 0, 'P2': 1}","[1998, 9990]","['1998i', '9990y']"
5,2,0,1,0,None,"{'EIS': 0, 'P2': 1}","[2006, 6018]","['2006g', '6018j']"
5,2,0,1,0,None,"{'EIS': 0, 'P2': 1}","[2006, 6018]","['2006j', '6018k']"
5,2,0,1,0,None,"{'EIS': 0, 'P1': 1}","[2010]","['2010b', '2010c']"
5,2,0,1,0,None,"{'EIS': 0, 'P3': 1}","[2010, 6834]","['2010f', '6834p']"
5,2,0,1,0,None,"{'EIS': 0, 'P2': 1}","[2025, 4050]","['2025d', '4050h']"
5,2,0,1,0,None,"{'EIS': 0, 'P2': 1}","[2025, 4050]","['2025e', '4050y']"
5,2,0,1,0,None,"{'EIS': 0, 'P2': 1}","[2035, 4070]","['2035d', '4070e']"
5,2,0,1,0,None,"{'EIS': 0, 'P3': 1}","[2037, 7469]","['2037c', '7469c']"
5,2,0,1,0,None,"{'EIS': 0, 'P1': 1}","[2040]","['2040e', '2040f']"
5,2,0,1,0,None,"{'EIS': 0, 'P1': 1}","[2040]","['2040o', '2040p']"
5,2,0,1,0,None,"{'EIS': 0, 'P3': 1}","[2046, 4774]","['2046f', '4774g']"
5,2,0,1,0,None,"{'EIS': 0, 'P2': 1}","[2054, 6162]","['2054a', '6162i']"
5,2,0,1,0,None,"{'EIS': 0, 'P1': 1}","[2054]","['2054e', '2054f']"
5,2,0,1,0,None,"{'EIS': 0, 'P2': 1}","[2057, 6171]","['2057e', '6171a']"
5,2,0,1,0,None,"{'EIS': 0, 'P3': 1}","[2064, 4816]","['2064h', '4816e']"
5,2,0,1,0,None,"{'EIS': 0, 'P1': 1}","[2064]","['2064n', '2064o']"
5,2,0,1,0,None,"{'EIS': 0, 'P3': 1}","[2070, 4554]","['2070g', '4554f']"
5,2,0,1,0,None,"{'EIS': 0, 'P2': 1}","[2075, 6225]","['2075a', '6225b']"
5,2,0,1,0,None,"{'EIS': 0, 'P1': 1}","[2088]","['2088d', '2088e']"
5,2,0,1,0,None,"{'EIS': 0, 'P1': 1}","[2090]","['2090b', '2090c']"
5,2,0,1,0,None,"{'EIS': 0, 'P2': 1}","[2093, 6279]","['2093f', '6279d']"
5,2,0,1,0,None,"{'EIS': 0, 'P2': 1}","[2093, 6279]","['2093g', '6279c']"
5,2,0,1,0,None,"{'EIS': 0, 'P1': 1}","[2100]","['2100c', '2100f']"
5,2,0,1,0,None,"{'EIS': 0, 'P1': 1}","[2100]","['2100d', '2100h']"
5,2,0,1,0,None,"{'EIS': 0, 'P1': 1}","[2100]","['2100g', '2100i']"
5,2,0,1,0,None,"{'EIS': 0, 'P1': 1}","[2100]","['2100j', '2100q']"
5,2,0,1,0,None,"{'EIS': 0, 'P1': 1}","[2100]","['2100o', '2100p']"
5,2,0,1,0,None,"{'EIS': 0, 'P1': 1}","[2115]","['2115f', '2115g']"
5,2,0,1,0,None,"{'EIS': 0, 'P2': 1}","[2135, 6405]","['2135f', '6405e']"
5,2,0,1,0,None,"{'EIS': 0, 'P3': 1}","[2135, 7259]","['2135g', '7259b']"
5,2,0,1,0,None,"{'EIS': 0, 'P1': 1}","[2142]","['2142g', '2142i']"
5,2,0,1,0,None,"{'EIS': 0, 'P3': 1}","[2142, 5355]","['2142t', '5355t']"
5,2,0,1,0,None,"{'EIS': 0, 'P2': 1}","[2145, 4290]","['2145a', '4290d']"
5,2,0,1,0,None,"{'EIS': 0, 'P2': 1}","[2145, 4290]","['2145h', '4290n']"
5,2,0,1,0,None,"{'EIS': 0, 'P3': 1}","[2146, 3219]","['2146b', '3219a']"
5,2,0,1,0,None,"{'EIS': 0, 'P2': 1}","[2147, 4294]","['2147b', '4294d']"
5,2,0,1,0,None,"{'EIS': 0, 'P3': 1}","[2148, 9308]","['2148b', '9308d']"
5,2,0,1,0,None,"{'EIS': 0, 'P2': 1}","[2150, 6450]","['2150f', '6450g']"
5,2,0,1,0,None,"{'EIS': 0, 'P1': 1}","[2150]","['2150g', '2150h']"
5,2,0,1,0,None,"{'EIS': 0, 'P1': 1}","[2150]","['2150j', '2150p']"
5,2,0,1,0,None,"{'EIS': 0, 'P2': 1}","[2150, 6450]","['2150m', '6450bn']"
5,2,0,1,0,None,"{'EIS': 0, 'P1': 1}","[2150]","['2150n', '2150o']"
5,2,0,1,0,None,"{'EIS': 0, 'P2': 1}","[2150, 6450]","['2150q', '6450y']"
5,2,0,1,0,None,"{'EIS': 0, 'P3': 1}","[2154, 7539]","['2154d', '7539a']"
5,2,0,1,0,None,"{'EIS': 0, 'P2': 1}","[2156, 6468]","['2156b', '6468f']"
5,2,0,1,0,None,"{'EIS': 0, 'P1': 1}","[2160]","['2160t', '2160u']"
5,2,0,1,0,None,"{'EIS': 0, 'P1': 1}","[2160]","['2160v', '2160w']"
5,2,0,1,0,None,"{'EIS': 0, 'P1': 1}","[2170]","['2170a', '2170b']"
5,2,0,1,0,None,"{'EIS': 0, 'P1': 1}","[2184]","['2184b', '2184d']"
5,2,0,1,0,None,"{'EIS': 0, 'P1': 1}","[2190]","['2190h', '2190j']"
5,2,0,1,0,None,"{'EIS': 0, 'P1': 1}","[2190]","['2190k', '2190l']"
5,2,0,1,0,None,"{'EIS': 0, 'P3': 1}","[2198, 5966]","['2198a', '5966d']"
5,2,0,1,0,None,"{'EIS': 0, 'P2': 1}","[2198, 6594]","['2198c', '6594k']"
5,2,0,1,0,None,"{'EIS': 0, 'P2': 1}","[2200, 6600]","['2200b', '6600r']"
5,2,0,1,0,None,"{'EIS': 0, 'P1': 1}","[2200]","['2200g', '2200j']"
5,2,0,1,0,None,"{'EIS': 0, 'P2': 1}","[2200, 6600]","['2200i', '6600s']"
5,2,0,1,0,None,"{'EIS': 0, 'P3': 1}","[2202, 3670]","['2202c', '3670d']"
5,2,0,1,0,None,"{'EIS': 0, 'P1': 1}","[2204]","['2204b', '2204c']"
5,2,0,1,0,None,"{'EIS': 0, 'P2': 1}","[2205, 4410]","['2205e', '4410f']"
5,2,0,1,0,None,"{'EIS': 0, 'P2': 1}","[2205, 4410]","['2205h', '4410l']"
5,2,0,1,0,None,"{'EIS': 0, 'P2': 1}","[2205, 4410]","['2205l', '4410s']"
5,2,0,1,0,None,"{'EIS': 0, 'P2': 1}","[2205, 4410]","['2205m', '4410p']"
5,2,0,1,0,None,"{'EIS': 0, 'P2': 1}","[2211, 4422]","['2211d', '4422j']"
5,2,0,1,0,None,"{'EIS': 0, 'P3': 1}","[2219, 7925]","['2219b', '7925d']"
5,2,0,1,0,None,"{'EIS': 0, 'P3': 1}","[2220, 5180]","['2220a', '5180a']"
5,2,0,1,0,None,"{'EIS': 0, 'P3': 1}","[2220, 3108]","['2220c', '3108f']"
5,2,0,1,0,None,"{'EIS': 0, 'P2': 1}","[2223, 4446]","['2223b', '4446o']"
5,2,0,1,0,None,"{'EIS': 0, 'P2': 1}","[2240, 6720]","['2240c', '6720t']"
5,2,0,1,0,None,"{'EIS': 0, 'P2': 1}","[2240, 6720]","['2240g', '6720i']"
5,2,0,1,0,None,"{'EIS': 0, 'P2': 1}","[2240, 6720]","['2240h', '6720ba']"
5,2,0,1,0,None,"{'EIS': 0, 'P2': 1}","[2240, 6720]","['2240l', '6720m']"
5,2,0,1,0,None,"{'EIS': 0, 'P2': 1}","[2240, 6720]","['2240p', '6720bf']"
5,2,0,1,0,None,"{'EIS': 0, 'P2': 1}","[2240, 6720]","['2240x', '6720ci']"
5,2,0,1,0,None,"{'EIS': 0, 'P2': 1}","[2240, 6720]","['2240z', '6720bu']"
5,2,0,1,0,None,"{'EIS': 0, 'P2': 1}","[2240, 6720]","['2240ba', '6720cl']"
5,2,0,1,0,None,"{'EIS': 0, 'P3': 1}","[2254, 5635]","['2254c', '5635l']"
5,2,0,1,0,None,"{'EIS': 0, 'P1': 1}","[2256]","['2256e', '2256f']"
5,2,0,1,0,None,"{'EIS': 0, 'P3': 1}","[2256, 5264]","['2256g', '5264a']"
5,2,0,1,0,None,"{'EIS': 0, 'P3': 1}","[2265, 5889]","['2265d', '5889a']"
5,2,0,1,0,None,"{'EIS': 0, 'P3': 1}","[2265, 4983]","['2265h', '4983a']"
5,2,0,1,0,None,"{'EIS': 0, 'P2': 1}","[2275, 4550]","['2275b', '4550v']"
5,2,0,1,0,None,"{'EIS': 0, 'P2': 1}","[2275, 4550]","['2275e', '4550h']"
5,2,0,1,0,None,"{'EIS': 0, 'P2': 1}","[2275, 4550]","['2275h', '4550i']"
5,2,0,1,0,None,"{'EIS': 0, 'P2': 1}","[2288, 6864]","['2288c', '6864g']"
5,2,0,1,0,None,"{'EIS': 0, 'P3': 1}","[2298, 8043]","['2298a', '8043b']"
5,2,0,1,0,None,"{'EIS': 0, 'P1': 1}","[2300]","['2300b', '2300h']"
5,2,0,1,0,None,"{'EIS': 0, 'P2': 1}","[2300, 6900]","['2300e', '6900i']"
5,2,0,1,0,None,"{'EIS': 0, 'P2': 1}","[2303, 6909]","['2303a', '6909b']"
5,2,0,1,0,None,"{'EIS': 0, 'P2': 1}","[2314, 6942]","['2314c', '6942i']"
5,2,0,1,0,None,"{'EIS': 0, 'P2': 1}","[2315, 6945]","['2315a', '6945d']"
5,2,0,1,0,None,"{'EIS': 0, 'P2': 1}","[2321, 4642]","['2321b', '4642e']"
5,2,0,1,0,None,"{'EIS': 0, 'P2': 1}","[2325, 4650]","['2325f', '4650bc']"
5,2,0,1,0,None,"{'EIS': 0, 'P2': 1}","[2325, 4650]","['2325j', '4650u']"
5,2,0,1,0,None,"{'EIS': 0, 'P2': 1}","[2330, 6990]","['2330b', '6990k']"
5,2,0,1,0,None,"{'EIS': 0, 'P2': 1}","[2331, 4662]","['2331c', '4662d']"
5,2,0,1,0,None,"{'EIS': 0, 'P3': 1}","[2338, 4342]","['2338f', '4342f']"
5,2,0,1,0,None,"{'EIS': 0, 'P2': 1}","[2343, 4686]","['2343c', '4686b']"
5,2,0,1,0,None,"{'EIS': 0, 'P3': 1}","[2346, 3910]","['2346c', '3910a']"
5,2,0,1,0,None,"{'EIS': 0, 'P2': 1}","[2350, 7050]","['2350c', '7050l']"
5,2,0,1,0,None,"{'EIS': 0, 'P2': 1}","[2350, 7050]","['2350f', '7050n']"
5,2,0,1,0,None,"{'EIS': 0, 'P2': 1}","[2350, 7050]","['2350h', '7050i']"
5,2,0,1,0,None,"{'EIS': 0, 'P2': 1}","[2350, 7050]","['2350j', '7050y']"
5,2,0,1,0,None,"{'EIS': 0, 'P2': 1}","[2350, 7050]","['2350k', '7050t']"
5,2,0,1,0,None,"{'EIS': 0, 'P2': 1}","[2350, 7050]","['2350l', '7050bh']"
5,2,0,1,0,None,"{'EIS': 0, 'P2': 1}","[2350, 7050]","['2350m', '7050bd']"
5,2,0,1,0,None,"{'EIS': 0, 'P1': 1}","[2352]","['2352j', '2352k']"
5,2,0,1,0,None,"{'EIS': 0, 'P1': 1}","[2352]","['2352u', '2352x']"
5,2,0,1,0,None,"{'EIS': 0, 'P1': 1}","[2358]","['2358c', '2358d']"
5,2,0,1,0,None,"{'EIS': 0, 'P1': 1}","[2358]","['2358o', '2358p']"
5,2,0,1,0,None,"{'EIS': 0, 'P1': 1}","[2358]","['2358v', '2358y']"
5,2,0,1,0,None,"{'EIS': 0, 'P3': 1}","[2366, 5915]","['2366b', '5915h']"
5,2,0,1,0,None,"{'EIS': 0, 'P2': 1}","[2366, 7098]","['2366d', '7098c']"
5,2,0,1,0,None,"{'EIS': 0, 'P1': 1}","[2366]","['2366e', '2366f']"
5,2,0,1,0,None,"{'EIS': 0, 'P2': 1}","[2366, 7098]","['2366i', '7098q']"
5,2,0,1,0,None,"{'EIS': 0, 'P1': 1}","[2366]","['2366j', '2366l']"
5,2,0,1,0,None,"{'EIS': 0, 'P1': 1}","[2366]","['2366k', '2366m']"
5,2,0,1,0,None,"{'EIS': 0, 'P2': 1}","[2366, 7098]","['2366o', '7098u']"
5,2,0,1,0,None,"{'EIS': 0, 'P3': 1}","[2366, 5915]","['2366p', '5915e']"
5,2,0,1,0,None,"{'EIS': 0, 'P2': 1}","[2368, 7104]","['2368m', '7104s']"
5,2,0,1,0,None,"{'EIS': 0, 'P2': 1}","[2368, 7104]","['2368n', '7104z']"
5,2,0,1,0,None,"{'EIS': 0, 'P1': 1}","[2370]","['2370f', '2370h']"
5,2,0,1,0,None,"{'EIS': 0, 'P3': 1}","[2370, 8295]","['2370k', '8295f']"
5,2,0,1,0,None,"{'EIS': 0, 'P3': 1}","[2385, 3339]","['2385e', '3339f']"
5,2,0,1,0,None,"{'EIS': 0, 'P1': 1}","[2400]","['2400b', '2400h']"
5,2,0,1,0,None,"{'EIS': 0, 'P1': 1}","[2400]","['2400e', '2400g']"
5,2,0,1,0,None,"{'EIS': 0, 'P1': 1}","[2400]","['2400i', '2400q']"
5,2,0,1,0,None,"{'EIS': 0, 'P1': 1}","[2400]","['2400m', '2400n']"
5,2,0,1,0,None,"{'EIS': 0, 'P1': 1}","[2400]","['2400o', '2400p']"
5,2,0,1,0,None,"{'EIS': 0, 'P1': 1}","[2400]","['2400t', '2400y']"
5,2,0,1,0,None,"{'EIS': 0, 'P1': 1}","[2400]","['2400u', '2400x']"
5,2,0,1,0,None,"{'EIS': 0, 'P1': 1}","[2400]","['2400w', '2400z']"
5,2,0,1,0,None,"{'EIS': 0, 'P1': 1}","[2400]","['2400bd', '2400bf']"
5,2,0,1,0,None,"{'EIS': 0, 'P1': 1}","[2400]","['2400be', '2400bh']"
5,2,0,1,0,None,"{'EIS': 0, 'P3': 1}","[2409, 5621]","['2409b', '5621b']"
5,2,0,1,0,None,"{'EIS': 0, 'P2': 1}","[2420, 7260]","['2420c', '7260f']"
5,2,0,1,0,None,"{'EIS': 0, 'P2': 1}","[2420, 7260]","['2420d', '7260e']"
5,2,0,1,0,None,"{'EIS': 0, 'P2': 1}","[2422, 7266]","['2422c', '7266d']"
5,2,0,1,0,None,"{'EIS': 0, 'P3': 1}","[2424, 5656]","['2424a', '5656a']"
5,2,0,1,0,None,"{'EIS': 0, 'P1': 1}","[2442]","['2442c', '2442d']"
5,2,0,1,0,None,"{'EIS': 0, 'P1': 1}","[2450]","['2450a', '2450l']"
5,2,0,1,0,None,"{'EIS': 0, 'P1': 1}","[2450]","['2450b', '2450c']"
5,2,0,1,0,None,"{'EIS': 0, 'P1': 1}","[2450]","['2450d', '2450o']"
5,2,0,1,0,None,"{'EIS': 0, 'P1': 1}","[2450]","['2450h', '2450j']"
5,2,0,1,0,None,"{'EIS': 0, 'P1': 1}","[2450]","['2450m', '2450n']"
5,2,0,1,0,None,"{'EIS': 0, 'P1': 1}","[2450]","['2450q', '2450r']"
5,2,0,1,0,None,"{'EIS': 0, 'P2': 1}","[2450, 7350]","['2450s', '7350ch']"
5,2,0,1,0,None,"{'EIS': 0, 'P1': 1}","[2450]","['2450t', '2450bc']"
5,2,0,1,0,None,"{'EIS': 0, 'P2': 1}","[2450, 7350]","['2450w', '7350bs']"
5,2,0,1,0,None,"{'EIS': 0, 'P1': 1}","[2450]","['2450x', '2450bg']"
5,2,0,1,0,None,"{'EIS': 0, 'P1': 1}","[2450]","['2450y', '2450bh']"
5,2,0,1,0,None,"{'EIS': 0, 'P1': 1}","[2450]","['2450ba', '2450bb']"
5,2,0,1,0,None,"{'EIS': 0, 'P1': 1}","[2450]","['2450bd', '2450be']"
5,2,0,1,0,None,"{'EIS': 0, 'P1': 1}","[2451]","['2451a', '2451c']"
5,2,0,1,0,None,"{'EIS': 0, 'P2': 1}","[2451, 4902]","['2451d', '4902k']"
5,2,0,1,0,None,"{'EIS': 0, 'P1': 1}","[2457]","['2457e', '2457f']"
5,2,0,1,0,None,"{'EIS': 0, 'P1': 1}","[2457]","['2457g', '2457h']"
5,2,0,1,0,None,"{'EIS': 0, 'P1': 1}","[2460]","['2460c', '2460d']"
5,2,0,1,0,None,"{'EIS': 0, 'P2': 1}","[2470, 7410]","['2470a', '7410j']"
5,2,0,1,0,None,"{'EIS': 0, 'P2': 1}","[2470, 7410]","['2470c', '7410m']"
5,2,0,1,0,None,"{'EIS': 0, 'P3': 1}","[2470, 3458]","['2470e', '3458e']"
5,2,0,1,0,None,"{'EIS': 0, 'P1': 1}","[2475]","['2475a', '2475e']"
5,2,0,1,0,None,"{'EIS': 0, 'P1': 1}","[2475]","['2475d', '2475f']"
5,2,0,1,0,None,"{'EIS': 0, 'P2': 1}","[2480, 7440]","['2480b', '7440a']"
5,2,0,1,0,None,"{'EIS': 0, 'P2': 1}","[2480, 7440]","['2480f', '7440e']"
5,2,0,1,0,None,"{'EIS': 0, 'P1': 1}","[2484]","['2484b', '2484d']"
5,2,0,1,0,None,"{'EIS': 0, 'P1': 1}","[2484]","['2484f', '2484g']"
5,2,0,1,0,None,"{'EIS': 0, 'P3': 1}","[2490, 6474]","['2490e', '6474i']"
5,2,0,1,0,None,"{'EIS': 0, 'P3': 1}","[2496, 5824]","['2496r', '5824z']"
5,2,0,1,0,None,"{'EIS': 0, 'P3': 1}","[2496, 5824]","['2496y', '5824r']"
5,2,0,1,0,None,"{'EIS': 0, 'P3': 1}","[2499, 4165]","['2499a', '4165c']"
5,2,0,1,0,None,"{'EIS': 0, 'P3': 1}","[2499, 4165]","['2499c', '4165e']"
5,2,0,1,0,None,"{'EIS': 0, 'P3': 1}","[2499, 4165]","['2499i', '4165h']"
5,2,0,1,0,None,"{'EIS': 0, 'P3': 1}","[2499, 4165]","['2499l', '4165i']"
5,2,0,1,0,None,"{'EIS': 0, 'P1': 1}","[2520]","['2520q', '2520s']"
5,2,0,1,0,None,"{'EIS': 0, 'P2': 1}","[2522, 7566]","['2522e', '7566h']"
5,2,0,1,0,None,"{'EIS': 0, 'P2': 1}","[2530, 7590]","['2530c', '7590n']"
5,2,0,1,0,None,"{'EIS': 0, 'P3': 1}","[2530, 3795]","['2530h', '3795a']"
5,2,0,1,0,None,"{'EIS': 0, 'P3': 1}","[2534, 3801]","['2534a', '3801c']"
5,2,0,1,0,None,"{'EIS': 0, 'P1': 1}","[2534]","['2534d', '2534e']"
5,2,0,1,0,None,"{'EIS': 0, 'P3': 1}","[2534, 4706]","['2534f', '4706e']"
5,2,0,1,0,None,"{'EIS': 0, 'P2': 1}","[2535, 5070]","['2535b', '5070m']"
5,2,0,1,0,None,"{'EIS': 0, 'P2': 1}","[2535, 5070]","['2535g', '5070j']"
5,2,0,1,0,None,"{'EIS': 0, 'P2': 1}","[2535, 5070]","['2535h', '5070t']"
5,2,0,1,0,None,"{'EIS': 0, 'P2': 1}","[2535, 5070]","['2535k', '5070w']"
5,2,0,1,0,None,"{'EIS': 0, 'P2': 1}","[2535, 5070]","['2535l', '5070x']"
5,2,0,1,0,None,"{'EIS': 0, 'P3': 1}","[2540, 9652]","['2540a', '9652b']"
5,2,0,1,0,None,"{'EIS': 0, 'P2': 1}","[2541, 5082]","['2541d', '5082b']"
5,2,0,1,0,None,"{'EIS': 0, 'P2': 1}","[2541, 5082]","['2541e', '5082q']"
5,2,0,1,0,None,"{'EIS': 0, 'P2': 1}","[2541, 5082]","['2541h', '5082h']"
5,2,0,1,0,None,"{'EIS': 0, 'P2': 1}","[2541, 5082]","['2541i', '5082v']"
5,2,0,1,0,None,"{'EIS': 0, 'P1': 1}","[2548]","['2548i', '2548j']"
5,2,0,1,0,None,"{'EIS': 0, 'P1': 1}","[2550]","['2550b', '2550e']"
5,2,0,1,0,None,"{'EIS': 0, 'P1': 1}","[2550]","['2550v', '2550y']"
5,2,0,1,0,None,"{'EIS': 0, 'P1': 1}","[2550]","['2550bd', '2550bf']"
5,2,0,1,0,None,"{'EIS': 0, 'P2': 1}","[2555, 5110]","['2555d', '5110e']"
5,2,0,1,0,None,"{'EIS': 0, 'P1': 1}","[2574]","['2574d', '2574g']"
5,2,0,1,0,None,"{'EIS': 0, 'P1': 1}","[2574]","['2574u', '2574v']"
5,2,0,1,0,None,"{'EIS': 0, 'P2': 1}","[2575, 7725]","['2575a', '7725a']"
5,2,0,1,0,None,"{'EIS': 0, 'P1': 1}","[2576]","['2576e', '2576f']"
5,2,0,1,0,None,"{'EIS': 0, 'P2': 1}","[2576, 7728]","['2576m', '7728i']"
5,2,0,1,0,None,"{'EIS': 0, 'P1': 1}","[2590]","['2590e', '2590f']"
5,2,0,1,0,None,"{'EIS': 0, 'P2': 1}","[2597, 5194]","['2597e', '5194d']"
5,2,0,1,0,None,"{'EIS': 0, 'P1': 1}","[2600]","['2600b', '2600e']"
5,2,0,1,0,None,"{'EIS': 0, 'P1': 1}","[2600]","['2600k', '2600m']"
5,2,0,1,0,None,"{'EIS': 0, 'P2': 1}","[2601, 5202]","['2601k', '5202k']"
5,2,0,1,0,None,"{'EIS': 0, 'P2': 1}","[2601, 5202]","['2601l', '5202j']"
5,2,0,1,0,None,"{'EIS': 0, 'P3': 1}","[2610, 9135]","['2610m', '9135h']"
5,2,0,1,0,None,"{'EIS': 0, 'P3': 1}","[2618, 9350]","['2618c', '9350d']"
5,2,0,1,0,None,"{'EIS': 0, 'P2': 1}","[2620, 7860]","['2620b', '7860b']"
5,2,0,1,0,None,"{'EIS': 0, 'P2': 1}","[2639, 5278]","['2639a', '5278c']"
5,2,0,1,0,None,"{'EIS': 0, 'P1': 1}","[2646]","['2646d', '2646e']"
5,2,0,1,0,None,"{'EIS': 0, 'P1': 1}","[2646]","['2646j', '2646k']"
5,2,0,1,0,None,"{'EIS': 0, 'P1': 1}","[2646]","['2646p', '2646q']"
5,2,0,1,0,None,"{'EIS': 0, 'P1': 1}","[2646]","['2646ba', '2646bc']"
5,2,0,1,0,None,"{'EIS': 0, 'P1': 1}","[2650]","['2650c', '2650e']"
5,2,0,1,0,None,"{'EIS': 0, 'P2': 1}","[2650, 7950]","['2650h', '7950bp']"
5,2,0,1,0,None,"{'EIS': 0, 'P3': 1}","[2655, 6903]","['2655a', '6903a']"
5,2,0,1,0,None,"{'EIS': 0, 'P3': 1}","[2655, 6903]","['2655d', '6903c']"
5,2,0,1,0,None,"{'EIS': 0, 'P1': 1}","[2660]","['2660d', '2660e']"
5,2,0,1,0,None,"{'EIS': 0, 'P2': 1}","[2665, 7995]","['2665d', '7995i']"
5,2,0,1,0,None,"{'EIS': 0, 'P2': 1}","[2667, 5334]","['2667c', '5334d']"
5,2,0,1,0,None,"{'EIS': 0, 'P3': 1}","[2674, 9550]","['2674c', '9550a']"
5,2,0,1,0,None,"{'EIS': 0, 'P2': 1}","[2674, 8022]","['2674e', '8022d']"
5,2,0,1,0,None,"{'EIS': 0, 'P1': 1}","[2678]","['2678f', '2678g']"
5,2,0,1,0,None,"{'EIS': 0, 'P3': 1}","[2680, 3752]","['2680e', '3752k']"
5,2,0,1,0,None,"{'EIS': 0, 'P2': 1}","[2685, 5370]","['2685b', '5370c']"
5,2,0,1,0,None,"{'EIS': 0, 'P1': 1}","[2700]","['2700d', '2700k']"
5,2,0,1,0,None,"{'EIS': 0, 'P1': 1}","[2700]","['2700e', '2700h']"
5,2,0,1,0,None,"{'EIS': 0, 'P1': 1}","[2700]","['2700i', '2700j']"
5,2,0,1,0,None,"{'EIS': 0, 'P1': 1}","[2700]","['2700l', '2700t']"
5,2,0,1,0,None,"{'EIS': 0, 'P1': 1}","[2700]","['2700n', '2700s']"
5,2,0,1,0,None,"{'EIS': 0, 'P1': 1}","[2700]","['2700p', '2700u']"
5,2,0,1,0,None,"{'EIS': 0, 'P1': 1}","[2700]","['2700q', '2700r']"
5,2,0,1,0,None,"{'EIS': 0, 'P2': 1}","[2704, 8112]","['2704a', '8112q']"
5,2,0,1,0,None,"{'EIS': 0, 'P2': 1}","[2704, 8112]","['2704g', '8112bg']"
5,2,0,1,0,None,"{'EIS': 0, 'P1': 1}","[2704]","['2704h', '2704l']"
5,2,0,1,0,None,"{'EIS': 0, 'P1': 1}","[2704]","['2704i', '2704k']"
5,2,0,1,0,None,"{'EIS': 0, 'P2': 1}","[2704, 8112]","['2704m', '8112y']"
5,2,0,1,0,None,"{'EIS': 0, 'P2': 1}","[2704, 8112]","['2704n', '8112w']"
5,2,0,1,0,None,"{'EIS': 0, 'P3': 1}","[2706, 6314]","['2706h', '6314f']"
5,2,0,1,0,None,"{'EIS': 0, 'P1': 1}","[2706]","['2706j', '2706k']"
5,2,0,1,0,None,"{'EIS': 0, 'P3': 1}","[2710, 4065]","['2710a', '4065a']"
5,2,0,1,0,None,"{'EIS': 0, 'P1': 1}","[2712]","['2712c', '2712d']"
5,2,0,1,0,None,"{'EIS': 0, 'P2': 1}","[2717, 5434]","['2717b', '5434d']"
5,2,0,1,0,None,"{'EIS': 0, 'P3': 1}","[2718, 6795]","['2718d', '6795b']"
5,2,0,1,0,None,"{'EIS': 0, 'P3': 1}","[2726, 6815]","['2726a', '6815a']"
5,2,0,1,0,None,"{'EIS': 0, 'P1': 1}","[2730]","['2730k', '2730l']"
5,2,0,1,0,None,"{'EIS': 0, 'P1': 1}","[2730]","['2730bb', '2730bc']"
5,2,0,1,0,None,"{'EIS': 0, 'P1': 1}","[2736]","['2736m', '2736o']"
5,2,0,1,0,None,"{'EIS': 0, 'P1': 1}","[2736]","['2736v', '2736w']"
5,2,0,1,0,None,"{'EIS': 0, 'P2': 1}","[2745, 5490]","['2745b', '5490s']"
5,2,0,1,0,None,"{'EIS': 0, 'P2': 1}","[2758, 8274]","['2758g', '8274s']"
5,2,0,1,0,None,"{'EIS': 0, 'P2': 1}","[2765, 5530]","['2765c', '5530e']"
5,2,0,1,0,None,"{'EIS': 0, 'P1': 1}","[2772]","['2772e', '2772g']"
5,2,0,1,0,None,"{'EIS': 0, 'P1': 1}","[2775]","['2775c', '2775e']"
5,2,0,1,0,None,"{'EIS': 0, 'P2': 1}","[2775, 5550]","['2775d', '5550k']"
5,2,0,1,0,None,"{'EIS': 0, 'P2': 1}","[2775, 5550]","['2775f', '5550j']"
5,2,0,1,0,None,"{'EIS': 0, 'P2': 1}","[2775, 5550]","['2775i', '5550be']"
5,2,0,1,0,None,"{'EIS': 0, 'P2': 1}","[2775, 5550]","['2775j', '5550bn']"
5,2,0,1,0,None,"{'EIS': 0, 'P1': 1}","[2790]","['2790c', '2790e']"
5,2,0,1,0,None,"{'EIS': 0, 'P1': 1}","[2790]","['2790i', '2790j']"
5,2,0,1,0,None,"{'EIS': 0, 'P1': 1}","[2790]","['2790n', '2790p']"
5,2,0,1,0,None,"{'EIS': 0, 'P1': 1}","[2790]","['2790v', '2790x']"
5,2,0,1,0,None,"{'EIS': 0, 'P2': 1}","[2793, 5586]","['2793e', '5586i']"
5,2,0,1,0,None,"{'EIS': 0, 'P2': 1}","[2793, 5586]","['2793h', '5586l']"
5,2,0,1,0,None,"{'EIS': 0, 'P2': 1}","[2793, 5586]","['2793l', '5586bb']"
5,2,0,1,0,None,"{'EIS': 0, 'P2': 1}","[2795, 8385]","['2795a', '8385a']"
5,2,0,1,0,None,"{'EIS': 0, 'P1': 1}","[2800]","['2800a', '2800i']"
5,2,0,1,0,None,"{'EIS': 0, 'P2': 1}","[2800, 8400]","['2800c', '8400s']"
5,2,0,1,0,None,"{'EIS': 0, 'P1': 1}","[2800]","['2800p', '2800x']"
5,2,0,1,0,None,"{'EIS': 0, 'P2': 1}","[2800, 8400]","['2800t', '8400bn']"
5,2,0,1,0,None,"{'EIS': 0, 'P1': 1}","[2800]","['2800v', '2800bg']"
5,2,0,1,0,None,"{'EIS': 0, 'P1': 1}","[2800]","['2800w', '2800bf']"
5,2,0,1,0,None,"{'EIS': 0, 'P1': 1}","[2800]","['2800ba', '2800bb']"
5,2,0,1,0,None,"{'EIS': 0, 'P1': 1}","[2800]","['2800bc', '2800bd']"
5,2,0,1,0,None,"{'EIS': 0, 'P1': 1}","[2808]","['2808b', '2808c']"
5,2,0,1,0,None,"{'EIS': 0, 'P1': 1}","[2808]","['2808j', '2808k']"
5,2,0,1,0,None,"{'EIS': 0, 'P3': 1}","[2828, 9292]","['2828a', '9292b']"
5,2,0,1,0,None,"{'EIS': 0, 'P3': 1}","[2830, 7358]","['2830c', '7358b']"
5,2,0,1,0,None,"{'EIS': 0, 'P1': 1}","[2834]","['2834c', '2834d']"
5,2,0,1,0,None,"{'EIS': 0, 'P2': 1}","[2835, 5670]","['2835d', '5670d']"
5,2,0,1,0,None,"{'EIS': 0, 'P2': 1}","[2835, 5670]","['2835h', '5670q']"
5,2,0,1,0,None,"{'EIS': 0, 'P1': 1}","[2842]","['2842b', '2842c']"
5,2,0,1,0,None,"{'EIS': 0, 'P2': 1}","[2842, 8526]","['2842f', '8526r']"
5,2,0,1,0,None,"{'EIS': 0, 'P1': 1}","[2850]","['2850c', '2850d']"
5,2,0,1,0,None,"{'EIS': 0, 'P1': 1}","[2850]","['2850h', '2850n']"
5,2,0,1,0,None,"{'EIS': 0, 'P1': 1}","[2850]","['2850t', '2850v']"
5,2,0,1,0,None,"{'EIS': 0, 'P1': 1}","[2856]","['2856h', '2856i']"
5,2,0,1,0,None,"{'EIS': 0, 'P2': 1}","[2888, 8664]","['2888a', '8664b']"
5,2,0,1,0,None,"{'EIS': 0, 'P2': 1}","[2888, 8664]","['2888d', '8664n']"
5,2,0,1,0,None,"{'EIS': 0, 'P1': 1}","[2890]","['2890e', '2890f']"
5,2,0,1,0,None,"{'EIS': 0, 'P1': 1}","[2890]","['2890h', '2890k']"
5,2,0,1,0,None,"{'EIS': 0, 'P1': 1}","[2890]","['2890i', '2890l']"
5,2,0,1,0,None,"{'EIS': 0, 'P2': 1}","[2890, 8670]","['2890m', '8670u']"
5,2,0,1,0,None,"{'EIS': 0, 'P2': 1}","[2890, 8670]","['2890n', '8670o']"
5,2,0,1,0,None,"{'EIS': 0, 'P2': 1}","[2890, 8670]","['2890o', '8670q']"
5,2,0,1,0,None,"{'EIS': 0, 'P2': 1}","[2890, 8670]","['2890p', '8670y']"
5,2,0,1,0,None,"{'EIS': 0, 'P2': 1}","[2890, 8670]","['2890q', '8670ba']"
5,2,0,1,0,None,"{'EIS': 0, 'P1': 1}","[2898]","['2898e', '2898f']"
5,2,0,1,0,None,"{'EIS': 0, 'P1': 1}","[2900]","['2900c', '2900d']"
5,2,0,1,0,None,"{'EIS': 0, 'P3': 1}","[2905, 3486]","['2905b', '3486i']"
5,2,0,1,0,None,"{'EIS': 0, 'P1': 1}","[2914]","['2914a', '2914b']"
5,2,0,1,0,None,"{'EIS': 0, 'P3': 1}","[2919, 9591]","['2919a', '9591a']"
5,2,0,1,0,None,"{'EIS': 0, 'P3': 1}","[2922, 6818]","['2922a', '6818a']"
5,2,0,1,0,None,"{'EIS': 0, 'P1': 1}","[2925]","['2925e', '2925o']"
5,2,0,1,0,None,"{'EIS': 0, 'P1': 1}","[2925]","['2925f', '2925p']"
5,2,0,1,0,None,"{'EIS': 0, 'P2': 1}","[2925, 5850]","['2925h', '5850j']"
5,2,0,1,0,None,"{'EIS': 0, 'P2': 1}","[2925, 5850]","['2925l', '5850r']"
5,2,0,1,0,None,"{'EIS': 0, 'P2': 1}","[2925, 5850]","['2925n', '5850p']"
5,2,0,1,0,None,"{'EIS': 0, 'P1': 1}","[2925]","['2925s', '2925t']"
5,2,0,1,0,None,"{'EIS': 0, 'P1': 1}","[2934]","['2934k', '2934n']"
5,2,0,1,0,None,"{'EIS': 0, 'P3': 1}","[2934, 7335]","['2934o', '7335b']"
5,2,0,1,0,None,"{'EIS': 0, 'P2': 1}","[2950, 8850]","['2950b', '8850k']"
5,2,0,1,0,None,"{'EIS': 0, 'P1': 1}","[2950]","['2950f', '2950i']"
5,2,0,1,0,None,"{'EIS': 0, 'P1': 1}","[2950]","['2950g', '2950j']"
5,2,0,1,0,None,"{'EIS': 0, 'P1': 1}","[2950]","['2950l', '2950s']"
5,2,0,1,0,None,"{'EIS': 0, 'P1': 1}","[2950]","['2950n', '2950u']"
5,2,0,1,0,None,"{'EIS': 0, 'P1': 1}","[2950]","['2950q', '2950v']"
5,2,0,1,0,None,"{'EIS': 0, 'P2': 1}","[2950, 8850]","['2950r', '8850ba']"
5,2,0,1,0,None,"{'EIS': 0, 'P2': 1}","[2955, 5910]","['2955a', '5910c']"
5,2,0,1,0,None,"{'EIS': 0, 'P2': 1}","[2960, 8880]","['2960f', '8880t']"
5,2,0,1,0,None,"{'EIS': 0, 'P2': 1}","[2960, 8880]","['2960m', '8880r']"
5,2,0,1,0,None,"{'EIS': 0, 'P1': 1}","[2961]","['2961c', '2961e']"
5,2,0,1,0,None,"{'EIS': 0, 'P2': 1}","[2961, 5922]","['2961g', '5922m']"
5,2,0,1,0,None,"{'EIS': 0, 'P1': 1}","[2964]","['2964b', '2964c']"
5,2,0,1,0,None,"{'EIS': 0, 'P3': 1}","[2970, 4158]","['2970b', '4158c']"
5,2,0,1,0,None,"{'EIS': 0, 'P1': 1}","[2970]","['2970m', '2970o']"
5,2,0,1,0,None,"{'EIS': 0, 'P1': 1}","[2970]","['2970p', '2970r']"
5,2,0,1,0,None,"{'EIS': 0, 'P3': 1}","[2970, 4158]","['2970v', '4158q']"
5,2,0,1,0,None,"{'EIS': 0, 'P2': 1}","[2975, 5950]","['2975b', '5950n']"
5,2,0,1,0,None,"{'EIS': 0, 'P2': 1}","[2975, 5950]","['2975c', '5950d']"
5,2,0,1,0,None,"{'EIS': 0, 'P1': 1}","[2992]","['2992b', '2992c']"
5,2,0,1,0,None,"{'EIS': 0, 'P2': 1}","[2992, 8976]","['2992f', '8976ba']"
5,2,0,1,0,None,"{'EIS': 0, 'P2': 1}","[3003, 6006]","['3003f', '6006u']"
5,2,0,1,0,None,"{'EIS': 0, 'P2': 1}","[3003, 6006]","['3003i', '6006o']"
5,2,0,1,0,None,"{'EIS': 0, 'P2': 1}","[3010, 9030]","['3010g', '9030o']"
5,2,0,1,0,None,"{'EIS': 0, 'P2': 1}","[3010, 9030]","['3010h', '9030z']"
5,2,0,1,0,None,"{'EIS': 0, 'P2': 1}","[3021, 6042]","['3021b', '6042k']"
5,2,0,1,0,None,"{'EIS': 0, 'P1': 1}","[3024]","['3024e', '3024f']"
5,2,0,1,0,None,"{'EIS': 0, 'P1': 1}","[3024]","['3024j', '3024l']"
5,2,0,1,0,None,"{'EIS': 0, 'P1': 1}","[3024]","['3024t', '3024v']"
5,2,0,1,0,None,"{'EIS': 0, 'P1': 1}","[3024]","['3024bb', '3024bd']"
5,2,0,1,0,None,"{'EIS': 0, 'P1': 1}","[3025]","['3025c', '3025d']"
5,2,0,1,0,None,"{'EIS': 0, 'P1': 1}","[3025]","['3025e', '3025f']"
5,2,0,1,0,None,"{'EIS': 0, 'P3': 1}","[3026, 4539]","['3026b', '4539b']"
5,2,0,1,0,None,"{'EIS': 0, 'P1': 1}","[3030]","['3030e', '3030f']"
5,2,0,1,0,None,"{'EIS': 0, 'P1': 1}","[3030]","['3030k', '3030m']"
5,2,0,1,0,None,"{'EIS': 0, 'P3': 1}","[3030, 3535]","['3030u', '3535b']"
5,2,0,1,0,None,"{'EIS': 0, 'P1': 1}","[3036]","['3036b', '3036c']"
5,2,0,1,0,None,"{'EIS': 0, 'P3': 1}","[3036, 5060]","['3036j', '5060f']"
5,2,0,1,0,None,"{'EIS': 0, 'P1': 1}","[3038]","['3038l', '3038m']"
5,2,0,1,0,None,"{'EIS': 0, 'P1': 1}","[3042]","['3042d', '3042f']"
5,2,0,1,0,None,"{'EIS': 0, 'P1': 1}","[3042]","['3042g', '3042h']"
5,2,0,1,0,None,"{'EIS': 0, 'P1': 1}","[3042]","['3042n', '3042o']"
5,2,0,1,0,None,"{'EIS': 0, 'P1': 1}","[3050]","['3050b', '3050e']"
5,2,0,1,0,None,"{'EIS': 0, 'P1': 1}","[3050]","['3050c', '3050d']"
5,2,0,1,0,None,"{'EIS': 0, 'P1': 1}","[3050]","['3050g', '3050l']"
5,2,0,1,0,None,"{'EIS': 0, 'P1': 1}","[3050]","['3050h', '3050k']"
5,2,0,1,0,None,"{'EIS': 0, 'P1': 1}","[3054]","['3054a', '3054b']"
5,2,0,1,0,None,"{'EIS': 0, 'P3': 1}","[3054, 3563]","['3054f', '3563a']"
5,2,0,1,0,None,"{'EIS': 0, 'P1': 1}","[3060]","['3060k', '3060m']"
5,2,0,1,0,None,"{'EIS': 0, 'P1': 1}","[3066]","['3066a', '3066b']"
5,2,0,1,0,None,"{'EIS': 0, 'P3': 1}","[3073, 7463]","['3073b', '7463a']"
5,2,0,1,0,None,"{'EIS': 0, 'P2': 1}","[3075, 6150]","['3075e', '6150z']"
5,2,0,1,0,None,"{'EIS': 0, 'P1': 1}","[3075]","['3075h', '3075m']"
5,2,0,1,0,None,"{'EIS': 0, 'P2': 1}","[3075, 6150]","['3075j', '6150r']"
5,2,0,1,0,None,"{'EIS': 0, 'P1': 1}","[3100]","['3100a', '3100b']"
5,2,0,1,0,None,"{'EIS': 0, 'P1': 1}","[3100]","['3100e', '3100f']"
5,2,0,1,0,None,"{'EIS': 0, 'P1': 1}","[3102]","['3102c', '3102d']"
5,2,0,1,0,None,"{'EIS': 0, 'P2': 1}","[3105, 6210]","['3105g', '6210k']"
5,2,0,1,0,None,"{'EIS': 0, 'P2': 1}","[3105, 6210]","['3105h', '6210bc']"
5,2,0,1,0,None,"{'EIS': 0, 'P3': 1}","[3120, 7280]","['3120d', '7280h']"
5,2,0,1,0,None,"{'EIS': 0, 'P1': 1}","[3120]","['3120j', '3120l']"
5,2,0,1,0,None,"{'EIS': 0, 'P1': 1}","[3120]","['3120m', '3120o']"
5,2,0,1,0,None,"{'EIS': 0, 'P1': 1}","[3120]","['3120s', '3120t']"
5,2,0,1,0,None,"{'EIS': 0, 'P1': 1}","[3120]","['3120x', '3120y']"
5,2,0,1,0,None,"{'EIS': 0, 'P2': 1}","[3135, 6270]","['3135c', '6270h']"
5,2,0,1,0,None,"{'EIS': 0, 'P3': 1}","[3135, 8151]","['3135d', '8151i']"
5,2,0,1,0,None,"{'EIS': 0, 'P2': 1}","[3136, 9408]","['3136a', '9408b']"
5,2,0,1,0,None,"{'EIS': 0, 'P2': 1}","[3136, 9408]","['3136b', '9408w']"
5,2,0,1,0,None,"{'EIS': 0, 'P2': 1}","[3136, 9408]","['3136f', '9408n']"
5,2,0,1,0,None,"{'EIS': 0, 'P2': 1}","[3136, 9408]","['3136g', '9408bc']"
5,2,0,1,0,None,"{'EIS': 0, 'P2': 1}","[3136, 9408]","['3136o', '9408bq']"
5,2,0,1,0,None,"{'EIS': 0, 'P2': 1}","[3136, 9408]","['3136p', '9408ck']"
5,2,0,1,0,None,"{'EIS': 0, 'P2': 1}","[3136, 9408]","['3136w', '9408by']"
5,2,0,1,0,None,"{'EIS': 0, 'P2': 1}","[3136, 9408]","['3136x', '9408cx']"
5,2,0,1,0,None,"{'EIS': 0, 'P3': 1}","[3146, 4719]","['3146f', '4719h']"
5,2,0,1,0,None,"{'EIS': 0, 'P2': 1}","[3146, 9438]","['3146g', '9438n']"
5,2,0,1,0,None,"{'EIS': 0, 'P1': 1}","[3146]","['3146h', '3146i']"
5,2,0,1,0,None,"{'EIS': 0, 'P3': 1}","[3146, 4719]","['3146k', '4719e']"
5,2,0,1,0,None,"{'EIS': 0, 'P2': 1}","[3146, 9438]","['3146l', '9438u']"
5,2,0,1,0,None,"{'EIS': 0, 'P2': 1}","[3146, 9438]","['3146m', '9438ba']"
5,2,0,1,0,None,"{'EIS': 0, 'P1': 1}","[3150]","['3150a', '3150e']"
5,2,0,1,0,None,"{'EIS': 0, 'P1': 1}","[3150]","['3150c', '3150j']"
5,2,0,1,0,None,"{'EIS': 0, 'P1': 1}","[3150]","['3150f', '3150g']"
5,2,0,1,0,None,"{'EIS': 0, 'P1': 1}","[3150]","['3150h', '3150i']"
5,2,0,1,0,None,"{'EIS': 0, 'P1': 1}","[3150]","['3150l', '3150r']"
5,2,0,1,0,None,"{'EIS': 0, 'P1': 1}","[3150]","['3150p', '3150q']"
5,2,0,1,0,None,"{'EIS': 0, 'P1': 1}","[3150]","['3150v', '3150z']"
5,2,0,1,0,None,"{'EIS': 0, 'P1': 1}","[3150]","['3150x', '3150be']"
5,2,0,1,0,None,"{'EIS': 0, 'P1': 1}","[3150]","['3150ba', '3150bb']"
5,2,0,1,0,None,"{'EIS': 0, 'P1': 1}","[3150]","['3150bc', '3150bd']"
5,2,0,1,0,None,"{'EIS': 0, 'P1': 1}","[3150]","['3150bj', '3150bq']"
5,2,0,1,0,None,"{'EIS': 0, 'P1': 1}","[3150]","['3150bl', '3150br']"
5,2,0,1,0,None,"{'EIS': 0, 'P1': 1}","[3168]","['3168i', '3168j']"
5,2,0,1,0,None,"{'EIS': 0, 'P1': 1}","[3168]","['3168z', '3168ba']"
5,2,0,1,0,None,"{'EIS': 0, 'P2': 1}","[3179, 9537]","['3179a', '9537i']"
5,2,0,1,0,None,"{'EIS': 0, 'P2': 1}","[3179, 6358]","['3179d', '6358c']"
5,2,0,1,0,None,"{'EIS': 0, 'P2': 1}","[3179, 6358]","['3179f', '6358f']"
5,2,0,1,0,None,"{'EIS': 0, 'P1': 1}","[3185]","['3185b', '3185c']"
5,2,0,1,0,None,"{'EIS': 0, 'P1': 1}","[3185]","['3185f', '3185g']"
5,2,0,1,0,None,"{'EIS': 0, 'P1': 1}","[3186]","['3186e', '3186f']"
5,2,0,1,0,None,"{'EIS': 0, 'P1': 1}","[3186]","['3186i', '3186j']"
5,2,0,1,0,None,"{'EIS': 0, 'P1': 1}","[3186]","['3186o', '3186p']"
5,2,0,1,0,None,"{'EIS': 0, 'P1': 1}","[3186]","['3186s', '3186t']"
5,2,0,1,0,None,"{'EIS': 0, 'P3': 1}","[3190, 4466]","['3190b', '4466b']"
5,2,0,1,0,None,"{'EIS': 0, 'P2': 1}","[3200, 9600]","['3200b', '9600i']"
5,2,0,1,0,None,"{'EIS': 0, 'P2': 1}","[3200, 9600]","['3200c', '9600bb']"
5,2,0,1,0,None,"{'EIS': 0, 'P2': 1}","[3200, 9600]","['3200d', '9600bc']"
5,2,0,1,0,None,"{'EIS': 0, 'P1': 1}","[3200]","['3200g', '3200o']"
5,2,0,1,0,None,"{'EIS': 0, 'P1': 1}","[3200]","['3200i', '3200m']"
5,2,0,1,0,None,"{'EIS': 0, 'P1': 1}","[3200]","['3200j', '3200n']"
5,2,0,1,0,None,"{'EIS': 0, 'P2': 1}","[3200, 9600]","['3200l', '9600ba']"
5,2,0,1,0,None,"{'EIS': 0, 'P2': 1}","[3200, 9600]","['3200s', '9600bq']"
5,2,0,1,0,None,"{'EIS': 0, 'P1': 1}","[3200]","['3200t', '3200bb']"
5,2,0,1,0,None,"{'EIS': 0, 'P2': 1}","[3200, 9600]","['3200y', '9600br']"
5,2,0,1,0,None,"{'EIS': 0, 'P2': 1}","[3200, 9600]","['3200z', '9600bs']"
5,2,0,1,0,None,"{'EIS': 0, 'P2': 1}","[3200, 9600]","['3200ba', '9600ca']"
5,2,0,1,0,None,"{'EIS': 0, 'P2': 1}","[3206, 9618]","['3206c', '9618h']"
5,2,0,1,0,None,"{'EIS': 0, 'P2': 1}","[3213, 6426]","['3213m', '6426z']"
5,2,0,1,0,None,"{'EIS': 0, 'P2': 1}","[3213, 6426]","['3213q', '6426k']"
5,2,0,1,0,None,"{'EIS': 0, 'P3': 1}","[3216, 7504]","['3216l', '7504t']"
5,2,0,1,0,None,"{'EIS': 0, 'P3': 1}","[3216, 5360]","['3216m', '5360k']"
5,2,0,1,0,None,"{'EIS': 0, 'P2': 1}","[3220, 9660]","['3220c', '9660c']"
5,2,0,1,0,None,"{'EIS': 0, 'P1': 1}","[3222]","['3222e', '3222g']"
5,2,0,1,0,None,"{'EIS': 0, 'P1': 1}","[3225]","['3225f', '3225j']"
5,2,0,1,0,None,"{'EIS': 0, 'P2': 1}","[3225, 6450]","['3225h', '6450l']"
5,2,0,1,0,None,"{'EIS': 0, 'P2': 1}","[3225, 6450]","['3225i', '6450bg']"
5,2,0,1,0,None,"{'EIS': 0, 'P1': 1}","[3234]","['3234b', '3234c']"
5,2,0,1,0,None,"{'EIS': 0, 'P2': 1}","[3248, 9744]","['3248d', '9744e']"
5,2,0,1,0,None,"{'EIS': 0, 'P2': 1}","[3248, 9744]","['3248n', '9744l']"
5,2,0,1,0,None,"{'EIS': 0, 'P2': 1}","[3249, 6498]","['3249f', '6498x']"
5,2,0,1,0,None,"{'EIS': 0, 'P2': 1}","[3249, 6498]","['3249g', '6498w']"
5,2,0,1,0,None,"{'EIS': 0, 'P3': 1}","[3262, 4893]","['3262b', '4893c']"
5,2,0,1,0,None,"{'EIS': 0, 'P3': 1}","[3264, 5440]","['3264f', '5440j']"
5,2,0,1,0,None,"{'EIS': 0, 'P3': 1}","[3264, 5440]","['3264p', '5440k']"
5,2,0,1,0,None,"{'EIS': 0, 'P2': 1}","[3267, 6534]","['3267j', '6534m']"
5,2,0,1,0,None,"{'EIS': 0, 'P2': 1}","[3267, 6534]","['3267k', '6534bc']"
5,2,0,1,0,None,"{'EIS': 0, 'P3': 1}","[3270, 4578]","['3270d', '4578f']"
5,2,0,1,0,None,"{'EIS': 0, 'P2': 1}","[3275, 9825]","['3275a', '9825d']"
5,2,0,1,0,None,"{'EIS': 0, 'P3': 1}","[3280, 7216]","['3280g', '7216d']"
5,2,0,1,0,None,"{'EIS': 0, 'P2': 1}","[3283, 9849]","['3283a', '9849m']"
5,2,0,1,0,None,"{'EIS': 0, 'P2': 1}","[3283, 6566]","['3283e', '6566f']"
5,2,0,1,0,None,"{'EIS': 0, 'P2': 1}","[3286, 9858]","['3286a', '9858b']"
5,2,0,1,0,None,"{'EIS': 0, 'P3': 1}","[3298, 8245]","['3298c', '8245f']"
5,2,0,1,0,None,"{'EIS': 0, 'P1': 1}","[3300]","['3300a', '3300f']"
5,2,0,1,0,None,"{'EIS': 0, 'P1': 1}","[3300]","['3300d', '3300h']"
5,2,0,1,0,None,"{'EIS': 0, 'P1': 1}","[3300]","['3300g', '3300i']"
5,2,0,1,0,None,"{'EIS': 0, 'P1': 1}","[3300]","['3300j', '3300o']"
5,2,0,1,0,None,"{'EIS': 0, 'P1': 1}","[3300]","['3300n', '3300q']"
5,2,0,1,0,None,"{'EIS': 0, 'P3': 1}","[3306, 7163]","['3306d', '7163a']"
5,2,0,1,0,None,"{'EIS': 0, 'P2': 1}","[3325, 9975]","['3325b', '9975b']"
5,2,0,1,0,None,"{'EIS': 0, 'P2': 1}","[3325, 6650]","['3325f', '6650d']"
5,2,0,1,0,None,"{'EIS': 0, 'P2': 1}","[3325, 6650]","['3325h', '6650v']"
5,2,0,1,0,None,"{'EIS': 0, 'P2': 1}","[3325, 9975]","['3325i', '9975p']"
5,2,0,1,0,None,"{'EIS': 0, 'P2': 1}","[3325, 6650]","['3325k', '6650q']"
5,2,0,1,0,None,"{'EIS': 0, 'P1': 1}","[3330]","['3330k', '3330l']"
5,2,0,1,0,None,"{'EIS': 0, 'P1': 1}","[3330]","['3330u', '3330y']"
5,2,0,1,0,None,"{'EIS': 0, 'P2': 1}","[3332, 9996]","['3332a', '9996a']"
5,2,0,1,0,None,"{'EIS': 0, 'P2': 1}","[3332, 9996]","['3332b', '9996i']"
5,2,0,1,0,None,"{'EIS': 0, 'P2': 1}","[3332, 9996]","['3332d', '9996f']"
5,2,0,1,0,None,"{'EIS': 0, 'P2': 1}","[3332, 9996]","['3332e', '9996n']"
5,2,0,1,0,None,"{'EIS': 0, 'P2': 1}","[3339, 6678]","['3339d', '6678e']"
5,2,0,1,0,None,"{'EIS': 0, 'P2': 1}","[3339, 6678]","['3339g', '6678u']"
5,2,0,1,0,None,"{'EIS': 0, 'P1': 1}","[3344]","['3344b', '3344c']"
5,2,0,1,0,None,"{'EIS': 0, 'P2': 1}","[3345, 6690]","['3345e', '6690f']"
5,2,0,1,0,None,"{'EIS': 0, 'P3': 1}","[3354, 7826]","['3354b', '7826b']"
5,2,0,1,0,None,"{'EIS': 0, 'P1': 1}","[3354]","['3354d', '3354f']"
5,2,0,1,0,None,"{'EIS': 0, 'P1': 1}","[3360]","['3360q', '3360r']"
5,2,0,1,0,None,"{'EIS': 0, 'P1': 1}","[3360]","['3360x', '3360y']"
5,2,0,1,0,None,"{'EIS': 0, 'P1': 1}","[3364]","['3364b', '3364c']"
5,2,0,1,0,None,"{'EIS': 0, 'P3': 1}","[3381, 5635]","['3381c', '5635g']"
5,2,0,1,0,None,"{'EIS': 0, 'P2': 1}","[3381, 6762]","['3381h', '6762f']"
5,2,0,1,0,None,"{'EIS': 0, 'P1': 1}","[3384]","['3384a', '3384c']"
5,2,0,1,0,None,"{'EIS': 0, 'P2': 1}","[3417, 6834]","['3417b', '6834j']"
5,2,0,1,0,None,"{'EIS': 0, 'P3': 1}","[3417, 5025]","['3417c', '5025c']"
5,2,0,1,0,None,"{'EIS': 0, 'P2': 1}","[3417, 6834]","['3417e', '6834e']"
5,2,0,1,0,None,"{'EIS': 0, 'P1': 1}","[3422]","['3422g', '3422h']"
5,2,0,1,0,None,"{'EIS': 0, 'P3': 1}","[3440, 4816]","['3440e', '4816d']"
5,2,0,1,0,None,"{'EIS': 0, 'P3': 1}","[3444, 5740]","['3444a', '5740c']"
5,2,0,1,0,None,"{'EIS': 0, 'P1': 1}","[3444]","['3444b', '3444c']"
5,2,0,1,0,None,"{'EIS': 0, 'P3': 1}","[3444, 9348]","['3444e', '9348a']"
5,2,0,1,0,None,"{'EIS': 0, 'P1': 1}","[3450]","['3450a', '3450f']"
5,2,0,1,0,None,"{'EIS': 0, 'P1': 1}","[3450]","['3450e', '3450g']"
5,2,0,1,0,None,"{'EIS': 0, 'P1': 1}","[3450]","['3450i', '3450m']"
5,2,0,1,0,None,"{'EIS': 0, 'P1': 1}","[3450]","['3450t', '3450ba']"
5,2,0,1,0,None,"{'EIS': 0, 'P1': 1}","[3450]","['3450x', '3450bb']"
5,2,0,1,0,None,"{'EIS': 0, 'P2': 1}","[3455, 6910]","['3455c', '6910g']"
5,2,0,1,0,None,"{'EIS': 0, 'P2': 1}","[3465, 6930]","['3465m', '6930i']"
5,2,0,1,0,None,"{'EIS': 0, 'P2': 1}","[3465, 6930]","['3465o', '6930k']"
5,2,0,1,0,None,"{'EIS': 0, 'P2': 1}","[3465, 6930]","['3465q', '6930bg']"
5,2,0,1,0,None,"{'EIS': 0, 'P3': 1}","[3468, 8092]","['3468c', '8092a']"
5,2,0,1,0,None,"{'EIS': 0, 'P3': 1}","[3468, 8092]","['3468h', '8092h']"
5,2,0,1,0,None,"{'EIS': 0, 'P1': 1}","[3472]","['3472g', '3472h']"
5,2,0,1,0,None,"{'EIS': 0, 'P1': 1}","[3480]","['3480e', '3480f']"
5,2,0,1,0,None,"{'EIS': 0, 'P1': 1}","[3480]","['3480h', '3480i']"
5,2,0,1,0,None,"{'EIS': 0, 'P3': 1}","[3480, 8120]","['3480o', '8120g']"
5,2,0,1,0,None,"{'EIS': 0, 'P2': 1}","[3525, 7050]","['3525d', '7050b']"
5,2,0,1,0,None,"{'EIS': 0, 'P2': 1}","[3525, 7050]","['3525h', '7050v']"
5,2,0,1,0,None,"{'EIS': 0, 'P2': 1}","[3525, 7050]","['3525i', '7050s']"
5,2,0,1,0,None,"{'EIS': 0, 'P1': 1}","[3525]","['3525l', '3525m']"
5,2,0,1,0,None,"{'EIS': 0, 'P2': 1}","[3525, 7050]","['3525o', '7050q']"
5,2,0,1,0,None,"{'EIS': 0, 'P1': 1}","[3528]","['3528a', '3528b']"
5,2,0,1,0,None,"{'EIS': 0, 'P1': 1}","[3528]","['3528c', '3528f']"
5,2,0,1,0,None,"{'EIS': 0, 'P1': 1}","[3528]","['3528m', '3528n']"
5,2,0,1,0,None,"{'EIS': 0, 'P1': 1}","[3528]","['3528o', '3528r']"
5,2,0,1,0,None,"{'EIS': 0, 'P1': 1}","[3528]","['3528s', '3528t']"
5,2,0,1,0,None,"{'EIS': 0, 'P1': 1}","[3528]","['3528v', '3528w']"
5,2,0,1,0,None,"{'EIS': 0, 'P1': 1}","[3538]","['3538a', '3538b']"
5,2,0,1,0,None,"{'EIS': 0, 'P1': 1}","[3540]","['3540c', '3540d']"
5,2,0,1,0,None,"{'EIS': 0, 'P1': 1}","[3542]","['3542g', '3542h']"
5,2,0,1,0,None,"{'EIS': 0, 'P2': 1}","[3549, 7098]","['3549d', '7098bb']"
5,2,0,1,0,None,"{'EIS': 0, 'P1': 1}","[3550]","['3550b', '3550h']"
5,2,0,1,0,None,"{'EIS': 0, 'P1': 1}","[3550]","['3550o', '3550q']"
5,2,0,1,0,None,"{'EIS': 0, 'P2': 1}","[3575, 7150]","['3575c', '7150a']"
5,2,0,1,0,None,"{'EIS': 0, 'P1': 1}","[3575]","['3575d', '3575g']"
5,2,0,1,0,None,"{'EIS': 0, 'P2': 1}","[3575, 7150]","['3575f', '7150p']"
5,2,0,1,0,None,"{'EIS': 0, 'P2': 1}","[3591, 7182]","['3591a', '7182p']"
5,2,0,1,0,None,"{'EIS': 0, 'P2': 1}","[3591, 7182]","['3591b', '7182j']"
5,2,0,1,0,None,"{'EIS': 0, 'P1': 1}","[3600]","['3600a', '3600g']"
5,2,0,1,0,None,"{'EIS': 0, 'P1': 1}","[3600]","['3600b', '3600h']"
5,2,0,1,0,None,"{'EIS': 0, 'P1': 1}","[3600]","['3600e', '3600i']"
5,2,0,1,0,None,"{'EIS': 0, 'P1': 1}","[3600]","['3600f', '3600j']"
5,2,0,1,0,None,"{'EIS': 0, 'P1': 1}","[3600]","['3600k', '3600x']"
5,2,0,1,0,None,"{'EIS': 0, 'P1': 1}","[3600]","['3600m', '3600s']"
5,2,0,1,0,None,"{'EIS': 0, 'P1': 1}","[3600]","['3600n', '3600u']"
5,2,0,1,0,None,"{'EIS': 0, 'P1': 1}","[3600]","['3600r', '3600w']"
5,2,0,1,0,None,"{'EIS': 0, 'P1': 1}","[3600]","['3600t', '3600v']"
5,2,0,1,0,None,"{'EIS': 0, 'P1': 1}","[3600]","['3600bb', '3600bd']"
5,2,0,1,0,None,"{'EIS': 0, 'P1': 1}","[3600]","['3600bc', '3600be']"
5,2,0,1,0,None,"{'EIS': 0, 'P1': 1}","[3600]","['3600bg', '3600bq']"
5,2,0,1,0,None,"{'EIS': 0, 'P1': 1}","[3600]","['3600bl', '3600br']"
5,2,0,1,0,None,"{'EIS': 0, 'P2': 1}","[3621, 7242]","['3621b', '7242k']"
5,2,0,1,0,None,"{'EIS': 0, 'P2': 1}","[3627, 7254]","['3627b', '7254e']"
5,2,0,1,0,None,"{'EIS': 0, 'P3': 1}","[3640, 8008]","['3640j', '8008d']"
5,2,0,1,0,None,"{'EIS': 0, 'P1': 1}","[3648]","['3648r', '3648s']"
5,2,0,1,0,None,"{'EIS': 0, 'P1': 1}","[3648]","['3648v', '3648x']"
5,2,0,1,0,None,"{'EIS': 0, 'P1': 1}","[3650]","['3650d', '3650f']"
5,2,0,1,0,None,"{'EIS': 0, 'P1': 1}","[3650]","['3650j', '3650n']"
5,2,0,1,0,None,"{'EIS': 0, 'P1': 1}","[3654]","['3654a', '3654b']"
5,2,0,1,0,None,"{'EIS': 0, 'P1': 1}","[3654]","['3654g', '3654i']"
5,2,0,1,0,None,"{'EIS': 0, 'P1': 1}","[3654]","['3654n', '3654o']"
5,2,0,1,0,None,"{'EIS': 0, 'P1': 1}","[3666]","['3666b', '3666f']"
5,2,0,1,0,None,"{'EIS': 0, 'P3': 1}","[3666, 8554]","['3666m', '8554k']"
5,2,0,1,0,None,"{'EIS': 0, 'P2': 1}","[3675, 7350]","['3675c', '7350a']"
5,2,0,1,0,None,"{'EIS': 0, 'P1': 1}","[3675]","['3675j', '3675p']"
5,2,0,1,0,None,"{'EIS': 0, 'P2': 1}","[3675, 7350]","['3675m', '7350x']"
5,2,0,1,0,None,"{'EIS': 0, 'P2': 1}","[3685, 7370]","['3685a', '7370a']"
5,2,0,1,0,None,"{'EIS': 0, 'P1': 1}","[3690]","['3690i', '3690k']"
5,2,0,1,0,None,"{'EIS': 0, 'P1': 1}","[3696]","['3696e', '3696h']"
5,2,0,1,0,None,"{'EIS': 0, 'P1': 1}","[3696]","['3696i', '3696j']"
5,2,0,1,0,None,"{'EIS': 0, 'P2': 1}","[3705, 7410]","['3705d', '7410q']"
5,2,0,1,0,None,"{'EIS': 0, 'P1': 1}","[3718]","['3718c', '3718d']"
5,2,0,1,0,None,"{'EIS': 0, 'P3': 1}","[3718, 9295]","['3718e', '9295a']"
5,2,0,1,0,None,"{'EIS': 0, 'P1': 1}","[3718]","['3718r', '3718s']"
5,2,0,1,0,None,"{'EIS': 0, 'P3': 1}","[3718, 9295]","['3718t', '9295e']"
5,2,0,1,0,None,"{'EIS': 0, 'P3': 1}","[3740, 5236]","['3740c', '5236e']"
5,2,0,1,0,None,"{'EIS': 0, 'P3': 1}","[3752, 8040]","['3752f', '8040d']"
5,2,0,1,0,None,"{'EIS': 0, 'P3': 1}","[3760, 8272]","['3760b', '8272b']"
5,2,0,1,0,None,"{'EIS': 0, 'P1': 1}","[3760]","['3760j', '3760k']"
5,2,0,1,0,None,"{'EIS': 0, 'P1': 1}","[3762]","['3762j', '3762k']"
5,2,0,1,0,None,"{'EIS': 0, 'P1': 1}","[3770]","['3770e', '3770f']"
5,2,0,1,0,None,"{'EIS': 0, 'P1': 1}","[3774]","['3774b', '3774c']"
5,2,0,1,0,None,"{'EIS': 0, 'P1': 1}","[3774]","['3774f', '3774g']"
5,2,0,1,0,None,"{'EIS': 0, 'P3': 1}","[3774, 6290]","['3774j', '6290e']"
5,2,0,1,0,None,"{'EIS': 0, 'P2': 1}","[3795, 7590]","['3795e', '7590r']"
5,2,0,1,0,None,"{'EIS': 0, 'P1': 1}","[3800]","['3800d', '3800f']"
5,2,0,1,0,None,"{'EIS': 0, 'P1': 1}","[3822]","['3822w', '3822y']"
5,2,0,1,0,None,"{'EIS': 0, 'P1': 1}","[3822]","['3822bd', '3822be']"
5,2,0,1,0,None,"{'EIS': 0, 'P1': 1}","[3825]","['3825e', '3825k']"
5,2,0,1,0,None,"{'EIS': 0, 'P1': 1}","[3825]","['3825g', '3825o']"
5,2,0,1,0,None,"{'EIS': 0, 'P1': 1}","[3825]","['3825l', '3825m']"
5,2,0,1,0,None,"{'EIS': 0, 'P2': 1}","[3843, 7686]","['3843f', '7686o']"
5,2,0,1,0,None,"{'EIS': 0, 'P1': 1}","[3850]","['3850f', '3850l']"
5,2,0,1,0,None,"{'EIS': 0, 'P1': 1}","[3850]","['3850g', '3850i']"
5,2,0,1,0,None,"{'EIS': 0, 'P1': 1}","[3850]","['3850q', '3850x']"
5,2,0,1,0,None,"{'EIS': 0, 'P1': 1}","[3850]","['3850v', '3850bb']"
5,2,0,1,0,None,"{'EIS': 0, 'P1': 1}","[3870]","['3870s', '3870u']"
5,2,0,1,0,None,"{'EIS': 0, 'P3': 1}","[3870, 5418]","['3870t', '5418s']"
5,2,0,1,0,None,"{'EIS': 0, 'P1': 1}","[3900]","['3900b', '3900e']"
5,2,0,1,0,None,"{'EIS': 0, 'P1': 1}","[3900]","['3900h', '3900i']"
5,2,0,1,0,None,"{'EIS': 0, 'P1': 1}","[3900]","['3900m', '3900n']"
5,2,0,1,0,None,"{'EIS': 0, 'P1': 1}","[3906]","['3906c', '3906e']"
5,2,0,1,0,None,"{'EIS': 0, 'P3': 1}","[3910, 5865]","['3910g', '5865i']"
5,2,0,1,0,None,"{'EIS': 0, 'P1': 1}","[3915]","['3915b', '3915c']"
5,2,0,1,0,None,"{'EIS': 0, 'P1': 1}","[3915]","['3915d', '3915e']"
5,2,0,1,0,None,"{'EIS': 0, 'P2': 1}","[3915, 7830]","['3915j', '7830h']"
5,2,0,1,0,None,"{'EIS': 0, 'P2': 1}","[3915, 7830]","['3915n', '7830t']"
5,2,0,1,0,None,"{'EIS': 0, 'P1': 1}","[3920]","['3920r', '3920t']"
5,2,0,1,0,None,"{'EIS': 0, 'P1': 1}","[3920]","['3920w', '3920y']"
5,2,0,1,0,None,"{'EIS': 0, 'P1': 1}","[3920]","['3920bf', '3920bk']"
5,2,0,1,0,None,"{'EIS': 0, 'P1': 1}","[3920]","['3920bg', '3920bj']"
5,2,0,1,0,None,"{'EIS': 0, 'P1': 1}","[3920]","['3920bh', '3920bi']"
5,2,0,1,0,None,"{'EIS': 0, 'P2': 1}","[3933, 7866]","['3933b', '7866r']"
5,2,0,1,0,None,"{'EIS': 0, 'P1': 1}","[3950]","['3950g', '3950i']"
5,2,0,1,0,None,"{'EIS': 0, 'P1': 1}","[3952]","['3952c', '3952e']"
5,2,0,1,0,None,"{'EIS': 0, 'P2': 1}","[3959, 7918]","['3959c', '7918b']"
5,2,0,1,0,None,"{'EIS': 0, 'P3': 1}","[3975, 9275]","['3975a', '9275b']"
5,2,0,1,0,None,"{'EIS': 0, 'P1': 1}","[3975]","['3975b', '3975g']"
5,2,0,1,0,None,"{'EIS': 0, 'P1': 1}","[3975]","['3975h', '3975m']"
5,2,0,1,0,None,"{'EIS': 0, 'P1': 1}","[3975]","['3975k', '3975l']"
5,2,0,1,0,None,"{'EIS': 0, 'P1': 1}","[3990]","['3990g', '3990h']"
5,2,0,1,0,None,"{'EIS': 0, 'P1': 1}","[3990]","['3990ba', '3990bb']"
5,2,0,1,0,None,"{'EIS': 0, 'P1': 1}","[4002]","['4002d', '4002e']"
5,2,0,1,0,None,"{'EIS': 0, 'P1': 1}","[4002]","['4002o', '4002p']"
5,2,0,1,0,None,"{'EIS': 0, 'P2': 1}","[4011, 8022]","['4011a', '8022a']"
5,2,0,1,0,None,"{'EIS': 0, 'P1': 1}","[4018]","['4018g', '4018k']"
5,2,0,1,0,None,"{'EIS': 0, 'P2': 1}","[4025, 8050]","['4025e', '8050u']"
5,2,0,1,0,None,"{'EIS': 0, 'P1': 1}","[4050]","['4050d', '4050j']"
5,2,0,1,0,None,"{'EIS': 0, 'P1': 1}","[4050]","['4050g', '4050k']"
5,2,0,1,0,None,"{'EIS': 0, 'P1': 1}","[4050]","['4050i', '4050n']"
5,2,0,1,0,None,"{'EIS': 0, 'P1': 1}","[4050]","['4050l', '4050m']"
5,2,0,1,0,None,"{'EIS': 0, 'P1': 1}","[4050]","['4050p', '4050q']"
5,2,0,1,0,None,"{'EIS': 0, 'P1': 1}","[4050]","['4050u', '4050z']"
5,2,0,1,0,None,"{'EIS': 0, 'P1': 1}","[4050]","['4050v', '4050ba']"
5,2,0,1,0,None,"{'EIS': 0, 'P1': 1}","[4050]","['4050w', '4050bb']"
5,2,0,1,0,None,"{'EIS': 0, 'P1': 1}","[4050]","['4050bc', '4050bd']"
5,2,0,1,0,None,"{'EIS': 0, 'P1': 1}","[4050]","['4050bi', '4050bj']"
5,2,0,1,0,None,"{'EIS': 0, 'P1': 1}","[4056]","['4056b', '4056c']"
5,2,0,1,0,None,"{'EIS': 0, 'P1': 1}","[4056]","['4056l', '4056n']"
5,2,0,1,0,None,"{'EIS': 0, 'P1': 1}","[4080]","['4080b', '4080d']"
5,2,0,1,0,None,"{'EIS': 0, 'P1': 1}","[4080]","['4080g', '4080h']"
5,2,0,1,0,None,"{'EIS': 0, 'P1': 1}","[4080]","['4080s', '4080u']"
5,2,0,1,0,None,"{'EIS': 0, 'P1': 1}","[4092]","['4092a', '4092b']"
5,2,0,1,0,None,"{'EIS': 0, 'P1': 1}","[4094]","['4094c', '4094d']"
5,2,0,1,0,None,"{'EIS': 0, 'P1': 1}","[4110]","['4110d', '4110f']"
5,2,0,1,0,None,"{'EIS': 0, 'P1': 1}","[4136]","['4136e', '4136f']"
5,2,0,1,0,None,"{'EIS': 0, 'P1': 1}","[4140]","['4140g', '4140k']"
5,2,0,1,0,None,"{'EIS': 0, 'P1': 1}","[4150]","['4150e', '4150f']"
5,2,0,1,0,None,"{'EIS': 0, 'P1': 1}","[4150]","['4150j', '4150p']"
5,2,0,1,0,None,"{'EIS': 0, 'P2': 1}","[4165, 8330]","['4165b', '8330o']"
5,2,0,1,0,None,"{'EIS': 0, 'P2': 1}","[4165, 8330]","['4165l', '8330w']"
5,2,0,1,0,None,"{'EIS': 0, 'P2': 1}","[4165, 8330]","['4165p', '8330x']"
5,2,0,1,0,None,"{'EIS': 0, 'P2': 1}","[4171, 8342]","['4171d', '8342d']"
5,2,0,1,0,None,"{'EIS': 0, 'P1': 1}","[4176]","['4176h', '4176i']"
5,2,0,1,0,None,"{'EIS': 0, 'P1': 1}","[4176]","['4176o', '4176p']"
5,2,0,1,0,None,"{'EIS': 0, 'P1': 1}","[4176]","['4176t', '4176u']"
5,2,0,1,0,None,"{'EIS': 0, 'P1': 1}","[4176]","['4176bd', '4176bi']"
5,2,0,1,0,None,"{'EIS': 0, 'P1': 1}","[4176]","['4176be', '4176bj']"
5,2,0,1,0,None,"{'EIS': 0, 'P1': 1}","[4176]","['4176bf', '4176bh']"
5,2,0,1,0,None,"{'EIS': 0, 'P1': 1}","[4200]","['4200c', '4200h']"
5,2,0,1,0,None,"{'EIS': 0, 'P1': 1}","[4200]","['4200g', '4200i']"
5,2,0,1,0,None,"{'EIS': 0, 'P1': 1}","[4200]","['4200j', '4200p']"
5,2,0,1,0,None,"{'EIS': 0, 'P1': 1}","[4200]","['4200q', '4200v']"
5,2,0,1,0,None,"{'EIS': 0, 'P1': 1}","[4200]","['4200s', '4200u']"
5,2,0,1,0,None,"{'EIS': 0, 'P1': 1}","[4200]","['4200x', '4200be']"
5,2,0,1,0,None,"{'EIS': 0, 'P1': 1}","[4200]","['4200y', '4200bb']"
5,2,0,1,0,None,"{'EIS': 0, 'P1': 1}","[4200]","['4200bc', '4200bd']"
5,2,0,1,0,None,"{'EIS': 0, 'P2': 1}","[4209, 8418]","['4209c', '8418a']"
5,2,0,1,0,None,"{'EIS': 0, 'P1': 1}","[4225]","['4225d', '4225j']"
5,2,0,1,0,None,"{'EIS': 0, 'P1': 1}","[4225]","['4225e', '4225m']"
5,2,0,1,0,None,"{'EIS': 0, 'P2': 1}","[4225, 8450]","['4225i', '8450x']"
5,2,0,1,0,None,"{'EIS': 0, 'P1': 1}","[4225]","['4225k', '4225l']"
5,2,0,1,0,None,"{'EIS': 0, 'P1': 1}","[4225]","['4225n', '4225o']"
5,2,0,1,0,None,"{'EIS': 0, 'P2': 1}","[4225, 8450]","['4225p', '8450h']"
5,2,0,1,0,None,"{'EIS': 0, 'P2': 1}","[4225, 8450]","['4225q', '8450v']"
5,2,0,1,0,None,"{'EIS': 0, 'P1': 1}","[4230]","['4230e', '4230g']"
5,2,0,1,0,None,"{'EIS': 0, 'P1': 1}","[4230]","['4230h', '4230i']"
5,2,0,1,0,None,"{'EIS': 0, 'P1': 1}","[4230]","['4230o', '4230p']"
5,2,0,1,0,None,"{'EIS': 0, 'P1': 1}","[4230]","['4230q', '4230r']"
5,2,0,1,0,None,"{'EIS': 0, 'P1': 1}","[4230]","['4230s', '4230u']"
5,2,0,1,0,None,"{'EIS': 0, 'P1': 1}","[4230]","['4230bb', '4230bd']"
5,2,0,1,0,None,"{'EIS': 0, 'P1': 1}","[4230]","['4230be', '4230bf']"
5,2,0,1,0,None,"{'EIS': 0, 'P3': 1}","[4238, 8150]","['4238b', '8150b']"
5,2,0,1,0,None,"{'EIS': 0, 'P3': 1}","[4246, 6562]","['4246a', '6562a']"
5,2,0,1,0,None,"{'EIS': 0, 'P3': 1}","[4251, 6213]","['4251c', '6213c']"
5,2,0,1,0,None,"{'EIS': 0, 'P2': 1}","[4257, 8514]","['4257e', '8514e']"
5,2,0,1,0,None,"{'EIS': 0, 'P1': 1}","[4266]","['4266g', '4266i']"
5,2,0,1,0,None,"{'EIS': 0, 'P1': 1}","[4266]","['4266o', '4266q']"
5,2,0,1,0,None,"{'EIS': 0, 'P1': 1}","[4275]","['4275e', '4275n']"
5,2,0,1,0,None,"{'EIS': 0, 'P1': 1}","[4278]","['4278b', '4278c']"
5,2,0,1,0,None,"{'EIS': 0, 'P1': 1}","[4278]","['4278i', '4278j']"
5,2,0,1,0,None,"{'EIS': 0, 'P3': 1}","[4279, 5835]","['4279d', '5835c']"
5,2,0,1,0,None,"{'EIS': 0, 'P1': 1}","[4284]","['4284e', '4284f']"
5,2,0,1,0,None,"{'EIS': 0, 'P1': 1}","[4290]","['4290b', '4290c']"
5,2,0,1,0,None,"{'EIS': 0, 'P1': 1}","[4290]","['4290f', '4290h']"
5,2,0,1,0,None,"{'EIS': 0, 'P1': 1}","[4296]","['4296d', '4296e']"
5,2,0,1,0,None,"{'EIS': 0, 'P1': 1}","[4312]","['4312e', '4312f']"
5,2,0,1,0,None,"{'EIS': 0, 'P1': 1}","[4320]","['4320b', '4320c']"
5,2,0,1,0,None,"{'EIS': 0, 'P1': 1}","[4320]","['4320d', '4320e']"
5,2,0,1,0,None,"{'EIS': 0, 'P1': 1}","[4320]","['4320h', '4320i']"
5,2,0,1,0,None,"{'EIS': 0, 'P1': 1}","[4320]","['4320k', '4320l']"
5,2,0,1,0,None,"{'EIS': 0, 'P1': 1}","[4326]","['4326f', '4326g']"
5,2,0,1,0,None,"{'EIS': 0, 'P2': 1}","[4335, 8670]","['4335b', '8670p']"
5,2,0,1,0,None,"{'EIS': 0, 'P2': 1}","[4335, 8670]","['4335g', '8670z']"
5,2,0,1,0,None,"{'EIS': 0, 'P2': 1}","[4343, 8686]","['4343b', '8686a']"
5,2,0,1,0,None,"{'EIS': 0, 'P1': 1}","[4350]","['4350c', '4350e']"
5,2,0,1,0,None,"{'EIS': 0, 'P1': 1}","[4350]","['4350d', '4350i']"
5,2,0,1,0,None,"{'EIS': 0, 'P1': 1}","[4350]","['4350j', '4350l']"
5,2,0,1,0,None,"{'EIS': 0, 'P1': 1}","[4350]","['4350o', '4350q']"
5,2,0,1,0,None,"{'EIS': 0, 'P1': 1}","[4350]","['4350v', '4350ba']"
5,2,0,1,0,None,"{'EIS': 0, 'P1': 1}","[4350]","['4350x', '4350y']"
5,2,0,1,0,None,"{'EIS': 0, 'P1': 1}","[4356]","['4356g', '4356h']"
5,2,0,1,0,None,"{'EIS': 0, 'P1': 1}","[4368]","['4368f', '4368h']"
5,2,0,1,0,None,"{'EIS': 0, 'P1': 1}","[4368]","['4368q', '4368r']"
5,2,0,1,0,None,"{'EIS': 0, 'P3': 1}","[4378, 9950]","['4378a', '9950a']"
5,2,0,1,0,None,"{'EIS': 0, 'P1': 1}","[4386]","['4386b', '4386c']"
5,2,0,1,0,None,"{'EIS': 0, 'P1': 1}","[4389]","['4389d', '4389e']"
5,2,0,1,0,None,"{'EIS': 0, 'P1': 1}","[4400]","['4400e', '4400j']"
5,2,0,1,0,None,"{'EIS': 0, 'P1': 1}","[4400]","['4400p', '4400x']"
5,2,0,1,0,None,"{'EIS': 0, 'P1': 1}","[4400]","['4400u', '4400bd']"
5,2,0,1,0,None,"{'EIS': 0, 'P1': 1}","[4400]","['4400y', '4400z']"
5,2,0,1,0,None,"{'EIS': 0, 'P1': 1}","[4400]","['4400bc', '4400be']"
5,2,0,1,0,None,"{'EIS': 0, 'P1': 1}","[4410]","['4410b', '4410c']"
5,2,0,1,0,None,"{'EIS': 0, 'P1': 1}","[4410]","['4410i', '4410k']"
5,2,0,1,0,None,"{'EIS': 0, 'P1': 1}","[4410]","['4410n', '4410o']"
5,2,0,1,0,None,"{'EIS': 0, 'P1': 1}","[4410]","['4410y', '4410z']"
5,2,0,1,0,None,"{'EIS': 0, 'P1': 1}","[4410]","['4410bc', '4410bf']"
5,2,0,1,0,None,"{'EIS': 0, 'P1': 1}","[4410]","['4410bh', '4410bj']"
5,2,0,1,0,None,"{'EIS': 0, 'P3': 1}","[4424, 6952]","['4424a', '6952a']"
5,2,0,1,0,None,"{'EIS': 0, 'P1': 1}","[4425]","['4425d', '4425e']"
5,2,0,1,0,None,"{'EIS': 0, 'P1': 1}","[4425]","['4425i', '4425n']"
5,2,0,1,0,None,"{'EIS': 0, 'P2': 1}","[4425, 8850]","['4425l', '8850bd']"
5,2,0,1,0,None,"{'EIS': 0, 'P2': 1}","[4445, 8890]","['4445a', '8890d']"
5,2,0,1,0,None,"{'EIS': 0, 'P1': 1}","[4445]","['4445c', '4445d']"
5,2,0,1,0,None,"{'EIS': 0, 'P1': 1}","[4446]","['4446g', '4446i']"
5,2,0,1,0,None,"{'EIS': 0, 'P3': 1}","[4450, 6675]","['4450g', '6675j']"
5,2,0,1,0,None,"{'EIS': 0, 'P3': 1}","[4450, 6675]","['4450j', '6675f']"
5,2,0,1,0,None,"{'EIS': 0, 'P1': 1}","[4450]","['4450n', '4450p']"
5,2,0,1,0,None,"{'EIS': 0, 'P1': 1}","[4464]","['4464t', '4464v']"
5,2,0,1,0,None,"{'EIS': 0, 'P1': 1}","[4470]","['4470a', '4470b']"
5,2,0,1,0,None,"{'EIS': 0, 'P1': 1}","[4485]","['4485d', '4485e']"
5,2,0,1,0,None,"{'EIS': 0, 'P3': 1}","[4510, 6314]","['4510f', '6314g']"
5,2,0,1,0,None,"{'EIS': 0, 'P2': 1}","[4515, 9030]","['4515i', '9030bb']"
5,2,0,1,0,None,"{'EIS': 0, 'P3': 1}","[4532, 6180]","['4532a', '6180c']"
5,2,0,1,0,None,"{'EIS': 0, 'P1': 1}","[4554]","['4554c', '4554d']"
5,2,0,1,0,None,"{'EIS': 0, 'P1': 1}","[4554]","['4554j', '4554k']"
5,2,0,1,0,None,"{'EIS': 0, 'P1': 1}","[4554]","['4554o', '4554q']"
5,2,0,1,0,None,"{'EIS': 0, 'P1': 1}","[4554]","['4554s', '4554t']"
5,2,0,1,0,None,"{'EIS': 0, 'P1': 1}","[4554]","['4554bc', '4554bd']"
5,2,0,1,0,None,"{'EIS': 0, 'P2': 1}","[4557, 9114]","['4557f', '9114i']"
5,2,0,1,0,None,"{'EIS': 0, 'P2': 1}","[4557, 9114]","['4557l', '9114m']"
5,2,0,1,0,None,"{'EIS': 0, 'P1': 1}","[4560]","['4560m', '4560n']"
5,2,0,1,0,None,"{'EIS': 0, 'P2': 1}","[4563, 9126]","['4563c', '9126g']"
5,2,0,1,0,None,"{'EIS': 0, 'P2': 1}","[4563, 9126]","['4563d', '9126e']"
5,2,0,1,0,None,"{'EIS': 0, 'P2': 1}","[4563, 9126]","['4563e', '9126y']"
5,2,0,1,0,None,"{'EIS': 0, 'P2': 1}","[4563, 9126]","['4563f', '9126x']"
5,2,0,1,0,None,"{'EIS': 0, 'P2': 1}","[4575, 9150]","['4575e', '9150x']"
5,2,0,1,0,None,"{'EIS': 0, 'P3': 1}","[4578, 7630]","['4578d', '7630c']"
5,2,0,1,0,None,"{'EIS': 0, 'P3': 1}","[4590, 6426]","['4590f', '6426h']"
5,2,0,1,0,None,"{'EIS': 0, 'P3': 1}","[4590, 6426]","['4590l', '6426u']"
5,2,0,1,0,None,"{'EIS': 0, 'P1': 1}","[4592]","['4592d', '4592g']"
5,2,0,1,0,None,"{'EIS': 0, 'P1': 1}","[4598]","['4598c', '4598e']"
5,2,0,1,0,None,"{'EIS': 0, 'P1': 1}","[4598]","['4598q', '4598r']"
5,2,0,1,0,None,"{'EIS': 0, 'P1': 1}","[4600]","['4600k', '4600m']"
5,2,0,1,0,None,"{'EIS': 0, 'P1': 1}","[4600]","['4600l', '4600n']"
5,2,0,1,0,None,"{'EIS': 0, 'P2': 1}","[4605, 9210]","['4605g', '9210f']"
5,2,0,1,0,None,"{'EIS': 0, 'P2': 1}","[4611, 9222]","['4611b', '9222d']"
5,2,0,1,0,None,"{'EIS': 0, 'P1': 1}","[4620]","['4620h', '4620i']"
5,2,0,1,0,None,"{'EIS': 0, 'P3': 1}","[4641, 7735]","['4641g', '7735e']"
5,2,0,1,0,None,"{'EIS': 0, 'P3': 1}","[4642, 7174]","['4642a', '7174a']"
5,2,0,1,0,None,"{'EIS': 0, 'P1': 1}","[4650]","['4650c', '4650g']"
5,2,0,1,0,None,"{'EIS': 0, 'P1': 1}","[4650]","['4650n', '4650s']"
5,2,0,1,0,None,"{'EIS': 0, 'P1': 1}","[4650]","['4650o', '4650q']"
5,2,0,1,0,None,"{'EIS': 0, 'P1': 1}","[4650]","['4650y', '4650bh']"
5,2,0,1,0,None,"{'EIS': 0, 'P1': 1}","[4650]","['4650bb', '4650bd']"
5,2,0,1,0,None,"{'EIS': 0, 'P1': 1}","[4650]","['4650be', '4650bf']"
5,2,0,1,0,None,"{'EIS': 0, 'P1': 1}","[4650]","['4650bs', '4650bt']"
5,2,0,1,0,None,"{'EIS': 0, 'P2': 1}","[4653, 9306]","['4653c', '9306n']"
5,2,0,1,0,None,"{'EIS': 0, 'P2': 1}","[4655, 9310]","['4655h', '9310p']"
5,2,0,1,0,None,"{'EIS': 0, 'P1': 1}","[4656]","['4656m', '4656o']"
5,2,0,1,0,None,"{'EIS': 0, 'P1': 1}","[4662]","['4662m', '4662o']"
5,2,0,1,0,None,"{'EIS': 0, 'P3': 1}","[4670, 6538]","['4670a', '6538b']"
5,2,0,1,0,None,"{'EIS': 0, 'P1': 1}","[4675]","['4675a', '4675m']"
5,2,0,1,0,None,"{'EIS': 0, 'P1': 1}","[4675]","['4675c', '4675d']"
5,2,0,1,0,None,"{'EIS': 0, 'P2': 1}","[4675, 9350]","['4675f', '9350c']"
5,2,0,1,0,None,"{'EIS': 0, 'P1': 1}","[4675]","['4675i', '4675r']"
5,2,0,1,0,None,"{'EIS': 0, 'P1': 1}","[4675]","['4675p', '4675q']"
5,2,0,1,0,None,"{'EIS': 0, 'P2': 1}","[4675, 9350]","['4675s', '9350w']"
5,2,0,1,0,None,"{'EIS': 0, 'P2': 1}","[4675, 9350]","['4675t', '9350bj']"
5,2,0,1,0,None,"{'EIS': 0, 'P1': 1}","[4680]","['4680f', '4680h']"
5,2,0,1,0,None,"{'EIS': 0, 'P1': 1}","[4692]","['4692e', '4692f']"
5,2,0,1,0,None,"{'EIS': 0, 'P1': 1}","[4698]","['4698d', '4698f']"
5,2,0,1,0,None,"{'EIS': 0, 'P1': 1}","[4698]","['4698l', '4698m']"
5,2,0,1,0,None,"{'EIS': 0, 'P1': 1}","[4700]","['4700e', '4700f']"
5,2,0,1,0,None,"{'EIS': 0, 'P3': 1}","[4704, 7840]","['4704h', '7840c']"
5,2,0,1,0,None,"{'EIS': 0, 'P1': 1}","[4704]","['4704p', '4704q']"
5,2,0,1,0,None,"{'EIS': 0, 'P1': 1}","[4704]","['4704t', '4704x']"
5,2,0,1,0,None,"{'EIS': 0, 'P1': 1}","[4704]","['4704z', '4704ba']"
5,2,0,1,0,None,"{'EIS': 0, 'P1': 1}","[4704]","['4704bb', '4704bh']"
5,2,0,1,0,None,"{'EIS': 0, 'P3': 1}","[4704, 7840]","['4704bg', '7840r']"
5,2,0,1,0,None,"{'EIS': 0, 'P3': 1}","[4710, 6594]","['4710l', '6594m']"
5,2,0,1,0,None,"{'EIS': 0, 'P2': 1}","[4719, 9438]","['4719k', '9438bb']"
5,2,0,1,0,None,"{'EIS': 0, 'P2': 1}","[4719, 9438]","['4719m', '9438p']"
5,2,0,1,0,None,"{'EIS': 0, 'P1': 1}","[4725]","['4725d', '4725h']"
5,2,0,1,0,None,"{'EIS': 0, 'P1': 1}","[4725]","['4725i', '4725j']"
5,2,0,1,0,None,"{'EIS': 0, 'P1': 1}","[4725]","['4725l', '4725n']"
5,2,0,1,0,None,"{'EIS': 0, 'P1': 1}","[4725]","['4725q', '4725r']"
5,2,0,1,0,None,"{'EIS': 0, 'P1': 1}","[4752]","['4752h', '4752j']"
5,2,0,1,0,None,"{'EIS': 0, 'P1': 1}","[4752]","['4752m', '4752n']"
5,2,0,1,0,None,"{'EIS': 0, 'P3': 1}","[4755, 6657]","['4755c', '6657c']"
5,2,0,1,0,None,"{'EIS': 0, 'P1': 1}","[4770]","['4770f', '4770i']"
5,2,0,1,0,None,"{'EIS': 0, 'P1': 1}","[4770]","['4770m', '4770o']"
5,2,0,1,0,None,"{'EIS': 0, 'P1': 1}","[4770]","['4770bb', '4770bc']"
5,2,0,1,0,None,"{'EIS': 0, 'P1': 1}","[4774]","['4774e', '4774f']"
5,2,0,1,0,None,"{'EIS': 0, 'P3': 1}","[4774, 7161]","['4774h', '7161c']"
5,2,0,1,0,None,"{'EIS': 0, 'P3': 1}","[4776, 7960]","['4776c', '7960b']"
5,2,0,1,0,None,"{'EIS': 0, 'P2': 1}","[4797, 9594]","['4797d', '9594i']"
5,2,0,1,0,None,"{'EIS': 0, 'P1': 1}","[4800]","['4800c', '4800p']"
5,2,0,1,0,None,"{'EIS': 0, 'P1': 1}","[4800]","['4800h', '4800i']"
5,2,0,1,0,None,"{'EIS': 0, 'P1': 1}","[4800]","['4800j', '4800o']"
5,2,0,1,0,None,"{'EIS': 0, 'P1': 1}","[4800]","['4800k', '4800m']"
5,2,0,1,0,None,"{'EIS': 0, 'P1': 1}","[4800]","['4800s', '4800bg']"
5,2,0,1,0,None,"{'EIS': 0, 'P1': 1}","[4800]","['4800v', '4800bc']"
5,2,0,1,0,None,"{'EIS': 0, 'P1': 1}","[4800]","['4800x', '4800bb']"
5,2,0,1,0,None,"{'EIS': 0, 'P1': 1}","[4800]","['4800bj', '4800ca']"
5,2,0,1,0,None,"{'EIS': 0, 'P1': 1}","[4800]","['4800bk', '4800by']"
5,2,0,1,0,None,"{'EIS': 0, 'P1': 1}","[4800]","['4800bl', '4800bu']"
5,2,0,1,0,None,"{'EIS': 0, 'P1': 1}","[4800]","['4800bm', '4800bt']"
5,2,0,1,0,None,"{'EIS': 0, 'P1': 1}","[4800]","['4800br', '4800bz']"
5,2,0,1,0,None,"{'EIS': 0, 'P1': 1}","[4800]","['4800bs', '4800bx']"
5,2,0,1,0,None,"{'EIS': 0, 'P1': 1}","[4800]","['4800cb', '4800ct']"
5,2,0,1,0,None,"{'EIS': 0, 'P1': 1}","[4800]","['4800ce', '4800cr']"
5,2,0,1,0,None,"{'EIS': 0, 'P1': 1}","[4800]","['4800cf', '4800cm']"
5,2,0,1,0,None,"{'EIS': 0, 'P1': 1}","[4800]","['4800ci', '4800cs']"
5,2,0,1,0,None,"{'EIS': 0, 'P1': 1}","[4800]","['4800cj', '4800cq']"
5,2,0,1,0,None,"{'EIS': 0, 'P1': 1}","[4800]","['4800ck', '4800cp']"
5,2,0,1,0,None,"{'EIS': 0, 'P1': 1}","[4800]","['4800cn', '4800co']"
5,2,0,1,0,None,"{'EIS': 0, 'P3': 1}","[4805, 5766]","['4805f', '5766g']"
5,2,0,1,0,None,"{'EIS': 0, 'P2': 1}","[4815, 9630]","['4815a', '9630k']"
5,2,0,1,0,None,"{'EIS': 0, 'P2': 1}","[4815, 9630]","['4815b', '9630b']"
5,2,0,1,0,None,"{'EIS': 0, 'P1': 1}","[4850]","['4850d', '4850e']"
5,2,0,1,0,None,"{'EIS': 0, 'P2': 1}","[4851, 9702]","['4851i', '9702m']"
5,2,0,1,0,None,"{'EIS': 0, 'P2': 1}","[4851, 9702]","['4851t', '9702v']"
5,2,0,1,0,None,"{'EIS': 0, 'P1': 1}","[4900]","['4900d', '4900q']"
5,2,0,1,0,None,"{'EIS': 0, 'P1': 1}","[4900]","['4900j', '4900s']"
5,2,0,1,0,None,"{'EIS': 0, 'P1': 1}","[4900]","['4900k', '4900n']"
5,2,0,1,0,None,"{'EIS': 0, 'P1': 1}","[4900]","['4900l', '4900u']"
5,2,0,1,0,None,"{'EIS': 0, 'P1': 1}","[4900]","['4900m', '4900v']"
5,2,0,1,0,None,"{'EIS': 0, 'P1': 1}","[4900]","['4900p', '4900r']"
5,2,0,1,0,None,"{'EIS': 0, 'P1': 1}","[4900]","['4900t', '4900w']"
5,2,0,1,0,None,"{'EIS': 0, 'P1': 1}","[4914]","['4914b', '4914c']"
5,2,0,1,0,None,"{'EIS': 0, 'P1': 1}","[4914]","['4914e', '4914f']"
5,2,0,1,0,None,"{'EIS': 0, 'P1': 1}","[4914]","['4914q', '4914r']"
5,2,0,1,0,None,"{'EIS': 0, 'P1': 1}","[4914]","['4914u', '4914v']"
5,2,0,1,0,None,"{'EIS': 0, 'P1': 1}","[4930]","['4930c', '4930d']"
5,2,0,1,0,None,"{'EIS': 0, 'P2': 1}","[4941, 9882]","['4941a', '9882c']"
5,2,0,1,0,None,"{'EIS': 0, 'P2': 1}","[4941, 9882]","['4941c', '9882m']"
5,2,0,1,0,None,"{'EIS': 0, 'P1': 1}","[4950]","['4950h', '4950m']"
5,2,0,1,0,None,"{'EIS': 0, 'P1': 1}","[4950]","['4950j', '4950s']"
5,2,0,1,0,None,"{'EIS': 0, 'P1': 1}","[4950]","['4950o', '4950v']"
5,2,0,1,0,None,"{'EIS': 0, 'P1': 1}","[4950]","['4950p', '4950u']"
5,2,0,1,0,None,"{'EIS': 0, 'P1': 1}","[4950]","['4950q', '4950r']"
5,2,0,1,0,None,"{'EIS': 0, 'P1': 1}","[4950]","['4950bd', '4950bn']"
5,2,0,1,0,None,"{'EIS': 0, 'P1': 1}","[4950]","['4950bg', '4950bp']"
5,2,0,1,0,None,"{'EIS': 0, 'P1': 1}","[4950]","['4950bj', '4950bm']"
5,2,0,1,0,None,"{'EIS': 0, 'P1': 1}","[4950]","['4950bl', '4950bt']"
5,2,0,1,0,None,"{'EIS': 0, 'P1': 1}","[4950]","['4950bs', '4950bu']"
5,2,0,1,0,None,"{'EIS': 0, 'P3': 1}","[4966, 7258]","['4966a', '7258a']"
5,2,0,1,0,None,"{'EIS': 0, 'P1': 1}","[4968]","['4968g', '4968j']"
5,2,0,1,0,None,"{'EIS': 0, 'P1': 1}","[4968]","['4968l', '4968o']"
5,2,0,1,0,None,"{'EIS': 0, 'P1': 1}","[4970]","['4970h', '4970i']"
5,2,0,1,0,None,"{'EIS': 0, 'P2': 1}","[4975, 9950]","['4975c', '9950f']"
5,2,0,1,0,None,"{'EIS': 0, 'P2': 1}","[4975, 9950]","['4975d', '9950j']"
5,2,0,1,0,None,"{'EIS': 0, 'P1': 1}","[4982]","['4982c', '4982d']"
5,2,0,1,0,None,"{'EIS': 0, 'P1': 1}","[4998]","['4998b', '4998c']"
5,2,0,1,0,None,"{'EIS': 0, 'P1': 1}","[4998]","['4998m', '4998o']"
5,2,0,1,0,None,"{'EIS': 0, 'P3': 1}","[4998, 8330]","['4998n', '8330b']"
5,2,0,1,0,None,"{'EIS': 0, 'P1': 1}","[4998]","['4998u', '4998x']"
5,2,0,1,0,None,"{'EIS': 0, 'P1': 1}","[4998]","['4998z', '4998ba']"
5,2,0,1,0,None,"{'EIS': 0, 'P1': 1}","[4998]","['4998bj', '4998bk']"
5,2,0,1,0,None,"{'EIS': 0, 'P1': 1}","[4998]","['4998bm', '4998bo']"
5,2,0,1,0,None,"{'EIS': 0, 'P3': 1}","[5010, 7014]","['5010a', '7014b']"
5,2,0,1,0,None,"{'EIS': 0, 'P1': 1}","[5025]","['5025b', '5025d']"
5,2,0,1,0,None,"{'EIS': 0, 'P1': 1}","[5040]","['5040q', '5040t']"
5,2,0,1,0,None,"{'EIS': 0, 'P1': 1}","[5040]","['5040be', '5040bf']"
5,2,0,1,0,None,"{'EIS': 0, 'P1': 1}","[5046]","['5046h', '5046i']"
5,2,0,1,0,None,"{'EIS': 0, 'P1': 1}","[5050]","['5050d', '5050e']"
5,2,0,1,0,None,"{'EIS': 0, 'P3': 1}","[5064, 8440]","['5064a', '8440g']"
5,2,0,1,0,None,"{'EIS': 0, 'P1': 1}","[5070]","['5070g', '5070h']"
5,2,0,1,0,None,"{'EIS': 0, 'P1': 1}","[5070]","['5070o', '5070p']"
5,2,0,1,0,None,"{'EIS': 0, 'P1': 1}","[5073]","['5073c', '5073d']"
5,2,0,1,0,None,"{'EIS': 0, 'P1': 1}","[5075]","['5075b', '5075i']"
5,2,0,1,0,None,"{'EIS': 0, 'P1': 1}","[5082]","['5082c', '5082d']"
5,2,0,1,0,None,"{'EIS': 0, 'P1': 1}","[5082]","['5082w', '5082x']"
5,2,0,1,0,None,"{'EIS': 0, 'P1': 1}","[5100]","['5100a', '5100f']"
5,2,0,1,0,None,"{'EIS': 0, 'P1': 1}","[5100]","['5100d', '5100j']"
5,2,0,1,0,None,"{'EIS': 0, 'P1': 1}","[5100]","['5100s', '5100t']"
5,2,0,1,0,None,"{'EIS': 0, 'P3': 1}","[5115, 7161]","['5115a', '7161d']"
5,2,0,1,0,None,"{'EIS': 0, 'P1': 1}","[5130]","['5130a', '5130b']"
5,2,0,1,0,None,"{'EIS': 0, 'P1': 1}","[5130]","['5130j', '5130k']"
5,2,0,1,0,None,"{'EIS': 0, 'P1': 1}","[5150]","['5150l', '5150s']"
5,2,0,1,0,None,"{'EIS': 0, 'P1': 1}","[5160]","['5160j', '5160k']"
5,2,0,1,0,None,"{'EIS': 0, 'P1': 1}","[5166]","['5166a', '5166b']"
5,2,0,1,0,None,"{'EIS': 0, 'P1': 1}","[5166]","['5166e', '5166f']"
5,2,0,1,0,None,"{'EIS': 0, 'P1': 1}","[5166]","['5166h', '5166l']"
5,2,0,1,0,None,"{'EIS': 0, 'P1': 1}","[5166]","['5166i', '5166k']"
5,2,0,1,0,None,"{'EIS': 0, 'P1': 1}","[5166]","['5166u', '5166v']"
5,2,0,1,0,None,"{'EIS': 0, 'P1': 1}","[5166]","['5166y', '5166z']"
5,2,0,1,0,None,"{'EIS': 0, 'P1': 1}","[5166]","['5166bh', '5166bl']"
5,2,0,1,0,None,"{'EIS': 0, 'P1': 1}","[5166]","['5166bi', '5166bm']"
5,2,0,1,0,None,"{'EIS': 0, 'P3': 1}","[5170, 7755]","['5170d', '7755e']"
5,2,0,1,0,None,"{'EIS': 0, 'P1': 1}","[5175]","['5175b', '5175q']"
5,2,0,1,0,None,"{'EIS': 0, 'P1': 1}","[5175]","['5175d', '5175s']"
5,2,0,1,0,None,"{'EIS': 0, 'P1': 1}","[5175]","['5175f', '5175r']"
5,2,0,1,0,None,"{'EIS': 0, 'P1': 1}","[5175]","['5175i', '5175u']"
5,2,0,1,0,None,"{'EIS': 0, 'P1': 1}","[5175]","['5175v', '5175y']"
5,2,0,1,0,None,"{'EIS': 0, 'P1': 1}","[5175]","['5175w', '5175x']"
5,2,0,1,0,None,"{'EIS': 0, 'P1': 1}","[5190]","['5190c', '5190f']"
5,2,0,1,0,None,"{'EIS': 0, 'P1': 1}","[5194]","['5194i', '5194j']"
5,2,0,1,0,None,"{'EIS': 0, 'P1': 1}","[5194]","['5194o', '5194q']"
5,2,0,1,0,None,"{'EIS': 0, 'P1': 1}","[5200]","['5200c', '5200i']"
5,2,0,1,0,None,"{'EIS': 0, 'P1': 1}","[5200]","['5200f', '5200k']"
5,2,0,1,0,None,"{'EIS': 0, 'P1': 1}","[5200]","['5200g', '5200m']"
5,2,0,1,0,None,"{'EIS': 0, 'P1': 1}","[5200]","['5200p', '5200be']"
5,2,0,1,0,None,"{'EIS': 0, 'P1': 1}","[5200]","['5200t', '5200u']"
5,2,0,1,0,None,"{'EIS': 0, 'P1': 1}","[5200]","['5200v', '5200bg']"
5,2,0,1,0,None,"{'EIS': 0, 'P1': 1}","[5200]","['5200bj', '5200bk']"
5,2,0,1,0,None,"{'EIS': 0, 'P3': 1}","[5208, 8680]","['5208h', '8680i']"
5,2,0,1,0,None,"{'EIS': 0, 'P1': 1}","[5220]","['5220b', '5220c']"
5,2,0,1,0,None,"{'EIS': 0, 'P1': 1}","[5220]","['5220e', '5220f']"
5,2,0,1,0,None,"{'EIS': 0, 'P1': 1}","[5220]","['5220g', '5220h']"
5,2,0,1,0,None,"{'EIS': 0, 'P1': 1}","[5300]","['5300e', '5300g']"
5,2,0,1,0,None,"{'EIS': 0, 'P1': 1}","[5320]","['5320d', '5320e']"
5,2,0,1,0,None,"{'EIS': 0, 'P1': 1}","[5325]","['5325a', '5325c']"
5,2,0,1,0,None,"{'EIS': 0, 'P1': 1}","[5346]","['5346h', '5346i']"
5,2,0,1,0,None,"{'EIS': 0, 'P1': 1}","[5346]","['5346o', '5346p']"
5,2,0,1,0,None,"{'EIS': 0, 'P3': 1}","[5350, 8025]","['5350f', '8025o']"
5,2,0,1,0,None,"{'EIS': 0, 'P3': 1}","[5350, 8025]","['5350k', '8025c']"
5,2,0,1,0,None,"{'EIS': 0, 'P3': 1}","[5360, 7504]","['5360b', '7504i']"
5,2,0,1,0,None,"{'EIS': 0, 'P1': 1}","[5390]","['5390h', '5390i']"
5,2,0,1,0,None,"{'EIS': 0, 'P1': 1}","[5390]","['5390m', '5390n']"
5,2,0,1,0,None,"{'EIS': 0, 'P3': 1}","[5390, 8085]","['5390w', '8085i']"
5,2,0,1,0,None,"{'EIS': 0, 'P3': 1}","[5390, 8085]","['5390bd', '8085t']"
5,2,0,1,0,None,"{'EIS': 0, 'P1': 1}","[5400]","['5400k', '5400r']"
5,2,0,1,0,None,"{'EIS': 0, 'P1': 1}","[5400]","['5400t', '5400u']"
5,2,0,1,0,None,"{'EIS': 0, 'P1': 1}","[5400]","['5400bb', '5400bi']"
5,2,0,1,0,None,"{'EIS': 0, 'P1': 1}","[5400]","['5400bk', '5400bl']"
5,2,0,1,0,None,"{'EIS': 0, 'P1': 1}","[5424]","['5424g', '5424h']"
5,2,0,1,0,None,"{'EIS': 0, 'P3': 1}","[5439, 9065]","['5439i', '9065c']"
5,2,0,1,0,None,"{'EIS': 0, 'P1': 1}","[5440]","['5440l', '5440p']"
5,2,0,1,0,None,"{'EIS': 0, 'P1': 1}","[5440]","['5440y', '5440z']"
5,2,0,1,0,None,"{'EIS': 0, 'P1': 1}","[5454]","['5454b', '5454c']"
5,2,0,1,0,None,"{'EIS': 0, 'P1': 1}","[5454]","['5454f', '5454g']"
5,2,0,1,0,None,"{'EIS': 0, 'P1': 1}","[5454]","['5454j', '5454k']"
5,2,0,1,0,None,"{'EIS': 0, 'P1': 1}","[5454]","['5454o', '5454p']"
5,2,0,1,0,None,"{'EIS': 0, 'P1': 1}","[5475]","['5475a', '5475d']"
5,2,0,1,0,None,"{'EIS': 0, 'P1': 1}","[5475]","['5475i', '5475j']"
5,2,0,1,0,None,"{'EIS': 0, 'P1': 1}","[5490]","['5490e', '5490g']"
5,2,0,1,0,None,"{'EIS': 0, 'P1': 1}","[5491]","['5491a', '5491b']"
5,2,0,1,0,None,"{'EIS': 0, 'P1': 1}","[5510]","['5510k', '5510l']"
5,2,0,1,0,None,"{'EIS': 0, 'P1': 1}","[5520]","['5520t', '5520w']"
5,2,0,1,0,None,"{'EIS': 0, 'P1': 1}","[5520]","['5520bb', '5520bd']"
5,2,0,1,0,None,"{'EIS': 0, 'P1': 1}","[5520]","['5520be', '5520bf']"
5,2,0,1,0,None,"{'EIS': 0, 'P1': 1}","[5525]","['5525c', '5525d']"
5,2,0,1,0,None,"{'EIS': 0, 'P3': 1}","[5530, 8690]","['5530g', '8690e']"
5,2,0,1,0,None,"{'EIS': 0, 'P1': 1}","[5538]","['5538f', '5538g']"
5,2,0,1,0,None,"{'EIS': 0, 'P1': 1}","[5544]","['5544q', '5544r']"
5,2,0,1,0,None,"{'EIS': 0, 'P1': 1}","[5544]","['5544t', '5544u']"
5,2,0,1,0,None,"{'EIS': 0, 'P3': 1}","[5548, 9052]","['5548a', '9052c']"
5,2,0,1,0,None,"{'EIS': 0, 'P1': 1}","[5550]","['5550a', '5550h']"
5,2,0,1,0,None,"{'EIS': 0, 'P1': 1}","[5550]","['5550b', '5550d']"
5,2,0,1,0,None,"{'EIS': 0, 'P1': 1}","[5550]","['5550c', '5550g']"
5,2,0,1,0,None,"{'EIS': 0, 'P1': 1}","[5550]","['5550f', '5550i']"
5,2,0,1,0,None,"{'EIS': 0, 'P1': 1}","[5550]","['5550q', '5550t']"
5,2,0,1,0,None,"{'EIS': 0, 'P1': 1}","[5550]","['5550y', '5550bc']"
5,2,0,1,0,None,"{'EIS': 0, 'P1': 1}","[5550]","['5550bi', '5550br']"
5,2,0,1,0,None,"{'EIS': 0, 'P1': 1}","[5550]","['5550bj', '5550bm']"
5,2,0,1,0,None,"{'EIS': 0, 'P1': 1}","[5550]","['5550bp', '5550bq']"
5,2,0,1,0,None,"{'EIS': 0, 'P1': 1}","[5566]","['5566g', '5566i']"
5,2,0,1,0,None,"{'EIS': 0, 'P1': 1}","[5568]","['5568e', '5568g']"
5,2,0,1,0,None,"{'EIS': 0, 'P1': 1}","[5568]","['5568bg', '5568bi']"
5,2,0,1,0,None,"{'EIS': 0, 'P1': 1}","[5586]","['5586b', '5586c']"
5,2,0,1,0,None,"{'EIS': 0, 'P1': 1}","[5586]","['5586n', '5586o']"
5,2,0,1,0,None,"{'EIS': 0, 'P3': 1}","[5590, 7826]","['5590c', '7826e']"
5,2,0,1,0,None,"{'EIS': 0, 'P1': 1}","[5600]","['5600g', '5600j']"
5,2,0,1,0,None,"{'EIS': 0, 'P1': 1}","[5600]","['5600m', '5600v']"
5,2,0,1,0,None,"{'EIS': 0, 'P3': 1}","[5610, 7854]","['5610c', '7854e']"
5,2,0,1,0,None,"{'EIS': 0, 'P1': 1}","[5610]","['5610g', '5610h']"
5,2,0,1,0,None,"{'EIS': 0, 'P1': 1}","[5610]","['5610n', '5610o']"
5,2,0,1,0,None,"{'EIS': 0, 'P1': 1}","[5610]","['5610x', '5610y']"
5,2,0,1,0,None,"{'EIS': 0, 'P1': 1}","[5610]","['5610bf', '5610bg']"
5,2,0,1,0,None,"{'EIS': 0, 'P1': 1}","[5616]","['5616g', '5616k']"
5,2,0,1,0,None,"{'EIS': 0, 'P1': 1}","[5616]","['5616i', '5616j']"
5,2,0,1,0,None,"{'EIS': 0, 'P1': 1}","[5616]","['5616w', '5616x']"
5,2,0,1,0,None,"{'EIS': 0, 'P1': 1}","[5616]","['5616be', '5616bh']"
5,2,0,1,0,None,"{'EIS': 0, 'P3': 1}","[5635, 6762]","['5635c', '6762m']"
5,2,0,1,0,None,"{'EIS': 0, 'P3': 1}","[5635, 6762]","['5635f', '6762d']"
5,2,0,1,0,None,"{'EIS': 0, 'P1': 1}","[5650]","['5650c', '5650f']"
5,2,0,1,0,None,"{'EIS': 0, 'P3': 1}","[5673, 9455]","['5673d', '9455a']"
5,2,0,1,0,None,"{'EIS': 0, 'P3': 1}","[5675, 8399]","['5675b', '8399b']"
5,2,0,1,0,None,"{'EIS': 0, 'P1': 1}","[5684]","['5684g', '5684h']"
5,2,0,1,0,None,"{'EIS': 0, 'P1': 1}","[5700]","['5700j', '5700p']"
5,2,0,1,0,None,"{'EIS': 0, 'P1': 1}","[5700]","['5700m', '5700q']"
5,2,0,1,0,None,"{'EIS': 0, 'P1': 1}","[5712]","['5712g', '5712h']"
5,2,0,1,0,None,"{'EIS': 0, 'P1': 1}","[5712]","['5712t', '5712u']"
5,2,0,1,0,None,"{'EIS': 0, 'P1': 1}","[5712]","['5712v', '5712y']"
5,2,0,1,0,None,"{'EIS': 0, 'P3': 1}","[5712, 9520]","['5712ba', '9520o']"
5,2,0,1,0,None,"{'EIS': 0, 'P1': 1}","[5730]","['5730m', '5730o']"
5,2,0,1,0,None,"{'EIS': 0, 'P1': 1}","[5742]","['5742k', '5742o']"
5,2,0,1,0,None,"{'EIS': 0, 'P1': 1}","[5742]","['5742l', '5742n']"
5,2,0,1,0,None,"{'EIS': 0, 'P3': 1}","[5780, 8092]","['5780b', '8092e']"
5,2,0,1,0,None,"{'EIS': 0, 'P3': 1}","[5780, 8092]","['5780c', '8092f']"
5,2,0,1,0,None,"{'EIS': 0, 'P1': 1}","[5782]","['5782a', '5782b']"
5,2,0,1,0,None,"{'EIS': 0, 'P1': 1}","[5796]","['5796g', '5796h']"
5,2,0,1,0,None,"{'EIS': 0, 'P1': 1}","[5800]","['5800b', '5800e']"
5,2,0,1,0,None,"{'EIS': 0, 'P1': 1}","[5800]","['5800k', '5800l']"
5,2,0,1,0,None,"{'EIS': 0, 'P1': 1}","[5808]","['5808bc', '5808bi']"
5,2,0,1,0,None,"{'EIS': 0, 'P1': 1}","[5808]","['5808bd', '5808bh']"
5,2,0,1,0,None,"{'EIS': 0, 'P3': 1}","[5810, 9130]","['5810c', '9130g']"
5,2,0,1,0,None,"{'EIS': 0, 'P1': 1}","[5814]","['5814q', '5814r']"
5,2,0,1,0,None,"{'EIS': 0, 'P1': 1}","[5824]","['5824e', '5824f']"
5,2,0,1,0,None,"{'EIS': 0, 'P1': 1}","[5824]","['5824bd', '5824be']"
5,2,0,1,0,None,"{'EIS': 0, 'P1': 1}","[5840]","['5840e', '5840g']"
5,2,0,1,0,None,"{'EIS': 0, 'P1': 1}","[5850]","['5850c', '5850g']"
5,2,0,1,0,None,"{'EIS': 0, 'P1': 1}","[5850]","['5850k', '5850t']"
5,2,0,1,0,None,"{'EIS': 0, 'P1': 1}","[5850]","['5850o', '5850z']"
5,2,0,1,0,None,"{'EIS': 0, 'P1': 1}","[5850]","['5850s', '5850ba']"
5,2,0,1,0,None,"{'EIS': 0, 'P1': 1}","[5850]","['5850w', '5850bb']"
5,2,0,1,0,None,"{'EIS': 0, 'P1': 1}","[5850]","['5850x', '5850y']"
5,2,0,1,0,None,"{'EIS': 0, 'P1': 1}","[5850]","['5850be', '5850bi']"
5,2,0,1,0,None,"{'EIS': 0, 'P1': 1}","[5850]","['5850bk', '5850bo']"
5,2,0,1,0,None,"{'EIS': 0, 'P1': 1}","[5850]","['5850bl', '5850bu']"
5,2,0,1,0,None,"{'EIS': 0, 'P1': 1}","[5850]","['5850bp', '5850cc']"
5,2,0,1,0,None,"{'EIS': 0, 'P1': 1}","[5850]","['5850bv', '5850bz']"
5,2,0,1,0,None,"{'EIS': 0, 'P1': 1}","[5850]","['5850bx', '5850by']"
5,2,0,1,0,None,"{'EIS': 0, 'P1': 1}","[5880]","['5880a', '5880b']"
5,2,0,1,0,None,"{'EIS': 0, 'P1': 1}","[5880]","['5880m', '5880o']"
5,2,0,1,0,None,"{'EIS': 0, 'P1': 1}","[5880]","['5880v', '5880w']"
5,2,0,1,0,None,"{'EIS': 0, 'P1': 1}","[5880]","['5880y', '5880ba']"
5,2,0,1,0,None,"{'EIS': 0, 'P1': 1}","[5880]","['5880bb', '5880be']"
5,2,0,1,0,None,"{'EIS': 0, 'P1': 1}","[5880]","['5880bd', '5880bg']"
5,2,0,1,0,None,"{'EIS': 0, 'P1': 1}","[5885]","['5885b', '5885c']"
5,2,0,1,0,None,"{'EIS': 0, 'P1': 1}","[5904]","['5904q', '5904v']"
5,2,0,1,0,None,"{'EIS': 0, 'P1': 1}","[5910]","['5910h', '5910i']"
5,2,0,1,0,None,"{'EIS': 0, 'P1': 1}","[5936]","['5936h', '5936i']"
5,2,0,1,0,None,"{'EIS': 0, 'P1': 1}","[5936]","['5936m', '5936o']"
5,2,0,1,0,None,"{'EIS': 0, 'P1': 1}","[5940]","['5940a', '5940b']"
5,2,0,1,0,None,"{'EIS': 0, 'P1': 1}","[5940]","['5940o', '5940p']"
5,2,0,1,0,None,"{'EIS': 0, 'P1': 1}","[5950]","['5950f', '5950j']"
5,2,0,1,0,None,"{'EIS': 0, 'P1': 1}","[5952]","['5952g', '5952k']"
5,2,0,1,0,None,"{'EIS': 0, 'P1': 1}","[5952]","['5952bb', '5952bd']"
5,2,0,1,0,None,"{'EIS': 0, 'P3': 1}","[5964, 9372]","['5964d', '9372c']"
5,2,0,1,0,None,"{'EIS': 0, 'P3': 1}","[5970, 9950]","['5970e', '9950m']"
5,2,0,1,0,None,"{'EIS': 0, 'P1': 1}","[5985]","['5985k', '5985l']"
5,2,0,1,0,None,"{'EIS': 0, 'P1': 1}","[6006]","['6006a', '6006b']"
5,2,0,1,0,None,"{'EIS': 0, 'P1': 1}","[6018]","['6018h', '6018i']"
5,2,0,1,0,None,"{'EIS': 0, 'P1': 1}","[6030]","['6030v', '6030w']"
5,2,0,1,0,None,"{'EIS': 0, 'P1': 1}","[6050]","['6050a', '6050m']"
5,2,0,1,0,None,"{'EIS': 0, 'P1': 1}","[6050]","['6050c', '6050d']"
5,2,0,1,0,None,"{'EIS': 0, 'P1': 1}","[6050]","['6050i', '6050u']"
5,2,0,1,0,None,"{'EIS': 0, 'P1': 1}","[6050]","['6050j', '6050q']"
5,2,0,1,0,None,"{'EIS': 0, 'P1': 1}","[6050]","['6050k', '6050t']"
5,2,0,1,0,None,"{'EIS': 0, 'P1': 1}","[6050]","['6050o', '6050p']"
5,2,0,1,0,None,"{'EIS': 0, 'P1': 1}","[6050]","['6050r', '6050s']"
5,2,0,1,0,None,"{'EIS': 0, 'P1': 1}","[6050]","['6050v', '6050bh']"
5,2,0,1,0,None,"{'EIS': 0, 'P1': 1}","[6050]","['6050x', '6050y']"
5,2,0,1,0,None,"{'EIS': 0, 'P1': 1}","[6050]","['6050bd', '6050bq']"
5,2,0,1,0,None,"{'EIS': 0, 'P1': 1}","[6050]","['6050be', '6050bk']"
5,2,0,1,0,None,"{'EIS': 0, 'P1': 1}","[6050]","['6050bf', '6050bl']"
5,2,0,1,0,None,"{'EIS': 0, 'P1': 1}","[6050]","['6050bm', '6050bp']"
5,2,0,1,0,None,"{'EIS': 0, 'P1': 1}","[6050]","['6050bn', '6050bo']"
5,2,0,1,0,None,"{'EIS': 0, 'P1': 1}","[6075]","['6075b', '6075n']"
5,2,0,1,0,None,"{'EIS': 0, 'P1': 1}","[6075]","['6075c', '6075o']"
5,2,0,1,0,None,"{'EIS': 0, 'P1': 1}","[6075]","['6075e', '6075p']"
5,2,0,1,0,None,"{'EIS': 0, 'P1': 1}","[6075]","['6075h', '6075q']"
5,2,0,1,0,None,"{'EIS': 0, 'P1': 1}","[6075]","['6075r', '6075bd']"
5,2,0,1,0,None,"{'EIS': 0, 'P1': 1}","[6075]","['6075u', '6075bc']"
5,2,0,1,0,None,"{'EIS': 0, 'P1': 1}","[6080]","['6080d', '6080f']"
5,2,0,1,0,None,"{'EIS': 0, 'P1': 1}","[6080]","['6080n', '6080o']"
5,2,0,1,0,None,"{'EIS': 0, 'P1': 1}","[6084]","['6084h', '6084m']"
5,2,0,1,0,None,"{'EIS': 0, 'P1': 1}","[6084]","['6084k', '6084l']"
5,2,0,1,0,None,"{'EIS': 0, 'P1': 1}","[6090]","['6090j', '6090l']"
5,2,0,1,0,None,"{'EIS': 0, 'P1': 1}","[6090]","['6090m', '6090o']"
5,2,0,1,0,None,"{'EIS': 0, 'P3': 1}","[6095, 8533]","['6095a', '8533a']"
5,2,0,1,0,None,"{'EIS': 0, 'P1': 1}","[6096]","['6096j', '6096k']"
5,2,0,1,0,None,"{'EIS': 0, 'P3': 1}","[6099, 8025]","['6099c', '8025j']"
5,2,0,1,0,None,"{'EIS': 0, 'P1': 1}","[6120]","['6120e', '6120f']"
5,2,0,1,0,None,"{'EIS': 0, 'P1': 1}","[6120]","['6120h', '6120j']"
5,2,0,1,0,None,"{'EIS': 0, 'P1': 1}","[6120]","['6120x', '6120z']"
5,2,0,1,0,None,"{'EIS': 0, 'P1': 1}","[6132]","['6132a', '6132b']"
5,2,0,1,0,None,"{'EIS': 0, 'P1': 1}","[6150]","['6150d', '6150l']"
5,2,0,1,0,None,"{'EIS': 0, 'P1': 1}","[6150]","['6150f', '6150h']"
5,2,0,1,0,None,"{'EIS': 0, 'P1': 1}","[6150]","['6150i', '6150k']"
5,2,0,1,0,None,"{'EIS': 0, 'P1': 1}","[6150]","['6150m', '6150s']"
5,2,0,1,0,None,"{'EIS': 0, 'P1': 1}","[6150]","['6150w', '6150x']"
5,2,0,1,0,None,"{'EIS': 0, 'P1': 1}","[6150]","['6150bb', '6150be']"
5,2,0,1,0,None,"{'EIS': 0, 'P1': 1}","[6150]","['6150bc', '6150bi']"
5,2,0,1,0,None,"{'EIS': 0, 'P1': 1}","[6150]","['6150bg', '6150bj']"
5,2,0,1,0,None,"{'EIS': 0, 'P1': 1}","[6162]","['6162d', '6162f']"
5,2,0,1,0,None,"{'EIS': 0, 'P1': 1}","[6171]","['6171f', '6171g']"
5,2,0,1,0,None,"{'EIS': 0, 'P1': 1}","[6175]","['6175c', '6175j']"
5,2,0,1,0,None,"{'EIS': 0, 'P1': 1}","[6175]","['6175e', '6175f']"
5,2,0,1,0,None,"{'EIS': 0, 'P3': 1}","[6190, 9285]","['6190c', '9285c']"
5,2,0,1,0,None,"{'EIS': 0, 'P1': 1}","[6192]","['6192w', '6192y']"
5,2,0,1,0,None,"{'EIS': 0, 'P3': 1}","[6193, 7882]","['6193b', '7882a']"
5,2,0,1,0,None,"{'EIS': 0, 'P1': 1}","[6200]","['6200i', '6200j']"
5,2,0,1,0,None,"{'EIS': 0, 'P1': 1}","[6210]","['6210n', '6210o']"
5,2,0,1,0,None,"{'EIS': 0, 'P1': 1}","[6210]","['6210r', '6210s']"
5,2,0,1,0,None,"{'EIS': 0, 'P1': 1}","[6216]","['6216g', '6216h']"
5,2,0,1,0,None,"{'EIS': 0, 'P1': 1}","[6225]","['6225g', '6225h']"
5,2,0,1,0,None,"{'EIS': 0, 'P1': 1}","[6225]","['6225i', '6225j']"
5,2,0,1,0,None,"{'EIS': 0, 'P1': 1}","[6240]","['6240d', '6240e']"
5,2,0,1,0,None,"{'EIS': 0, 'P1': 1}","[6240]","['6240l', '6240n']"
5,2,0,1,0,None,"{'EIS': 0, 'P3': 1}","[6240, 8736]","['6240v', '8736r']"
5,2,0,1,0,None,"{'EIS': 0, 'P3': 1}","[6240, 8736]","['6240bc', '8736u']"
5,2,0,1,0,None,"{'EIS': 0, 'P1': 1}","[6256]","['6256e', '6256h']"
5,2,0,1,0,None,"{'EIS': 0, 'P1': 1}","[6258]","['6258n', '6258o']"
5,2,0,1,0,None,"{'EIS': 0, 'P1': 1}","[6270]","['6270d', '6270e']"
5,2,0,1,0,None,"{'EIS': 0, 'P3': 1}","[6270, 8778]","['6270o', '8778r']"
5,2,0,1,0,None,"{'EIS': 0, 'P1': 1}","[6288]","['6288n', '6288q']"
5,2,0,1,0,None,"{'EIS': 0, 'P1': 1}","[6300]","['6300e', '6300w']"
5,2,0,1,0,None,"{'EIS': 0, 'P1': 1}","[6300]","['6300f', '6300h']"
5,2,0,1,0,None,"{'EIS': 0, 'P1': 1}","[6300]","['6300i', '6300v']"
5,2,0,1,0,None,"{'EIS': 0, 'P1': 1}","[6300]","['6300j', '6300t']"
5,2,0,1,0,None,"{'EIS': 0, 'P1': 1}","[6300]","['6300m', '6300bf']"
5,2,0,1,0,None,"{'EIS': 0, 'P1': 1}","[6300]","['6300r', '6300z']"
5,2,0,1,0,None,"{'EIS': 0, 'P1': 1}","[6300]","['6300s', '6300y']"
5,2,0,1,0,None,"{'EIS': 0, 'P1': 1}","[6300]","['6300u', '6300x']"
5,2,0,1,0,None,"{'EIS': 0, 'P1': 1}","[6300]","['6300ba', '6300be']"
5,2,0,1,0,None,"{'EIS': 0, 'P1': 1}","[6300]","['6300bc', '6300bd']"
5,2,0,1,0,None,"{'EIS': 0, 'P1': 1}","[6336]","['6336m', '6336r']"
5,2,0,1,0,None,"{'EIS': 0, 'P1': 1}","[6336]","['6336n', '6336t']"
5,2,0,1,0,None,"{'EIS': 0, 'P1': 1}","[6336]","['6336y', '6336bg']"
5,2,0,1,0,None,"{'EIS': 0, 'P1': 1}","[6336]","['6336bb', '6336be']"
5,2,0,1,0,None,"{'EIS': 0, 'P1': 1}","[6336]","['6336bx', '6336cd']"
5,2,0,1,0,None,"{'EIS': 0, 'P1': 1}","[6336]","['6336ch', '6336cm']"
5,2,0,1,0,None,"{'EIS': 0, 'P1': 1}","[6342]","['6342i', '6342k']"
5,2,0,1,0,None,"{'EIS': 0, 'P1': 1}","[6348]","['6348a', '6348d']"
5,2,0,1,0,None,"{'EIS': 0, 'P1': 1}","[6348]","['6348b', '6348c']"
5,2,0,1,0,None,"{'EIS': 0, 'P3': 1}","[6350, 9525]","['6350d', '9525g']"
5,2,0,1,0,None,"{'EIS': 0, 'P3': 1}","[6350, 9525]","['6350f', '9525e']"
5,2,0,1,0,None,"{'EIS': 0, 'P1': 1}","[6360]","['6360h', '6360j']"
5,2,0,1,0,None,"{'EIS': 0, 'P1': 1}","[6390]","['6390g', '6390h']"
5,2,0,1,0,None,"{'EIS': 0, 'P1': 1}","[6396]","['6396c', '6396d']"
5,2,0,1,0,None,"{'EIS': 0, 'P1': 1}","[6400]","['6400a', '6400h']"
5,2,0,1,0,None,"{'EIS': 0, 'P1': 1}","[6400]","['6400m', '6400s']"
5,2,0,1,0,None,"{'EIS': 0, 'P3': 1}","[6422, 9633]","['6422i', '9633q']"
5,2,0,1,0,None,"{'EIS': 0, 'P1': 1}","[6426]","['6426a', '6426c']"
5,2,0,1,0,None,"{'EIS': 0, 'P1': 1}","[6426]","['6426d', '6426e']"
5,2,0,1,0,None,"{'EIS': 0, 'P1': 1}","[6426]","['6426p', '6426s']"
5,2,0,1,0,None,"{'EIS': 0, 'P1': 1}","[6426]","['6426y', '6426ba']"
5,2,0,1,0,None,"{'EIS': 0, 'P1': 1}","[6432]","['6432e', '6432f']"
5,2,0,1,0,None,"{'EIS': 0, 'P1': 1}","[6432]","['6432m', '6432n']"
5,2,0,1,0,None,"{'EIS': 0, 'P1': 1}","[6450]","['6450a', '6450h']"
5,2,0,1,0,None,"{'EIS': 0, 'P1': 1}","[6450]","['6450d', '6450i']"
5,2,0,1,0,None,"{'EIS': 0, 'P1': 1}","[6450]","['6450r', '6450s']"
5,2,0,1,0,None,"{'EIS': 0, 'P1': 1}","[6450]","['6450u', '6450be']"
5,2,0,1,0,None,"{'EIS': 0, 'P1': 1}","[6450]","['6450w', '6450x']"
5,2,0,1,0,None,"{'EIS': 0, 'P1': 1}","[6450]","['6450bj', '6450bk']"
5,2,0,1,0,None,"{'EIS': 0, 'P1': 1}","[6468]","['6468h', '6468j']"
5,2,0,1,0,None,"{'EIS': 0, 'P1': 1}","[6480]","['6480g', '6480n']"
5,2,0,1,0,None,"{'EIS': 0, 'P1': 1}","[6480]","['6480o', '6480v']"
5,2,0,1,0,None,"{'EIS': 0, 'P1': 1}","[6498]","['6498i', '6498l']"
5,2,0,1,0,None,"{'EIS': 0, 'P1': 1}","[6498]","['6498j', '6498k']"
5,2,0,1,0,None,"{'EIS': 0, 'P1': 1}","[6498]","['6498r', '6498s']"
5,2,0,1,0,None,"{'EIS': 0, 'P1': 1}","[6510]","['6510m', '6510n']"
5,2,0,1,0,None,"{'EIS': 0, 'P1': 1}","[6510]","['6510w', '6510x']"
5,2,0,1,0,None,"{'EIS': 0, 'P1': 1}","[6534]","['6534f', '6534g']"
5,2,0,1,0,None,"{'EIS': 0, 'P1': 1}","[6534]","['6534j', '6534o']"
5,2,0,1,0,None,"{'EIS': 0, 'P1': 1}","[6534]","['6534l', '6534n']"
5,2,0,1,0,None,"{'EIS': 0, 'P1': 1}","[6534]","['6534x', '6534bd']"
5,2,0,1,0,None,"{'EIS': 0, 'P1': 1}","[6534]","['6534y', '6534ba']"
5,2,0,1,0,None,"{'EIS': 0, 'P1': 1}","[6534]","['6534z', '6534bb']"
5,2,0,1,0,None,"{'EIS': 0, 'P1': 1}","[6550]","['6550c', '6550h']"
5,2,0,1,0,None,"{'EIS': 0, 'P1': 1}","[6550]","['6550f', '6550g']"
5,2,0,1,0,None,"{'EIS': 0, 'P1': 1}","[6550]","['6550l', '6550o']"
5,2,0,1,0,None,"{'EIS': 0, 'P1': 1}","[6552]","['6552c', '6552d']"
5,2,0,1,0,None,"{'EIS': 0, 'P1': 1}","[6552]","['6552p', '6552q']"
5,2,0,1,0,None,"{'EIS': 0, 'P1': 1}","[6552]","['6552t', '6552u']"
5,2,0,1,0,None,"{'EIS': 0, 'P1': 1}","[6552]","['6552v', '6552y']"
5,2,0,1,0,None,"{'EIS': 0, 'P1': 1}","[6555]","['6555e', '6555g']"
5,2,0,1,0,None,"{'EIS': 0, 'P1': 1}","[6555]","['6555k', '6555l']"
5,2,0,1,0,None,"{'EIS': 0, 'P1': 1}","[6558]","['6558f', '6558i']"
5,2,0,1,0,None,"{'EIS': 0, 'P1': 1}","[6570]","['6570b', '6570e']"
5,2,0,1,0,None,"{'EIS': 0, 'P1': 1}","[6570]","['6570k', '6570o']"
5,2,0,1,0,None,"{'EIS': 0, 'P1': 1}","[6570]","['6570l', '6570n']"
5,2,0,1,0,None,"{'EIS': 0, 'P1': 1}","[6570]","['6570s', '6570t']"
5,2,0,1,0,None,"{'EIS': 0, 'P1': 1}","[6570]","['6570ba', '6570bd']"
5,2,0,1,0,None,"{'EIS': 0, 'P1': 1}","[6594]","['6594q', '6594r']"
5,2,0,1,0,None,"{'EIS': 0, 'P1': 1}","[6600]","['6600b', '6600d']"
5,2,0,1,0,None,"{'EIS': 0, 'P1': 1}","[6600]","['6600e', '6600h']"
5,2,0,1,0,None,"{'EIS': 0, 'P1': 1}","[6600]","['6600n', '6600o']"
5,2,0,1,0,None,"{'EIS': 0, 'P1': 1}","[6600]","['6600y', '6600z']"
5,2,0,1,0,None,"{'EIS': 0, 'P1': 1}","[6600]","['6600be', '6600bf']"
5,2,0,1,0,None,"{'EIS': 0, 'P1': 1}","[6612]","['6612c', '6612d']"
5,2,0,1,0,None,"{'EIS': 0, 'P1': 1}","[6630]","['6630f', '6630g']"
5,2,0,1,0,None,"{'EIS': 0, 'P1': 1}","[6650]","['6650j', '6650k']"
5,2,0,1,0,None,"{'EIS': 0, 'P1': 1}","[6650]","['6650m', '6650n']"
5,2,0,1,0,None,"{'EIS': 0, 'P1': 1}","[6650]","['6650s', '6650bc']"
5,2,0,1,0,None,"{'EIS': 0, 'P1': 1}","[6650]","['6650ba', '6650bj']"
5,2,0,1,0,None,"{'EIS': 0, 'P1': 1}","[6650]","['6650bf', '6650bg']"
5,2,0,1,0,None,"{'EIS': 0, 'P3': 1}","[6660, 9324]","['6660f', '9324d']"
5,2,0,1,0,None,"{'EIS': 0, 'P1': 1}","[6675]","['6675g', '6675i']"
5,2,0,1,0,None,"{'EIS': 0, 'P1': 1}","[6700]","['6700g', '6700l']"
5,2,0,1,0,None,"{'EIS': 0, 'P1': 1}","[6710]","['6710b', '6710c']"
5,2,0,1,0,None,"{'EIS': 0, 'P1': 1}","[6720]","['6720bi', '6720bk']"
5,2,0,1,0,None,"{'EIS': 0, 'P1': 1}","[6720]","['6720cb', '6720ce']"
5,2,0,1,0,None,"{'EIS': 0, 'P1': 1}","[6760]","['6760d', '6760e']"
5,2,0,1,0,None,"{'EIS': 0, 'P1': 1}","[6760]","['6760l', '6760m']"
5,2,0,1,0,None,"{'EIS': 0, 'P1': 1}","[6762]","['6762g', '6762i']"
5,2,0,1,0,None,"{'EIS': 0, 'P1': 1}","[6762]","['6762o', '6762q']"
5,2,0,1,0,None,"{'EIS': 0, 'P1': 1}","[6762]","['6762r', '6762u']"
5,2,0,1,0,None,"{'EIS': 0, 'P1': 1}","[6762]","['6762bb', '6762bd']"
5,2,0,1,0,None,"{'EIS': 0, 'P1': 1}","[6768]","['6768e', '6768g']"
5,2,0,1,0,None,"{'EIS': 0, 'P1': 1}","[6786]","['6786n', '6786q']"
5,2,0,1,0,None,"{'EIS': 0, 'P1': 1}","[6795]","['6795e', '6795f']"
5,2,0,1,0,None,"{'EIS': 0, 'P1': 1}","[6798]","['6798k', '6798o']"
5,2,0,1,0,None,"{'EIS': 0, 'P1': 1}","[6798]","['6798m', '6798n']"
5,2,0,1,0,None,"{'EIS': 0, 'P1': 1}","[6800]","['6800j', '6800u']"
5,2,0,1,0,None,"{'EIS': 0, 'P1': 1}","[6800]","['6800m', '6800o']"
5,2,0,1,0,None,"{'EIS': 0, 'P1': 1}","[6800]","['6800t', '6800z']"
5,2,0,1,0,None,"{'EIS': 0, 'P1': 1}","[6800]","['6800x', '6800y']"
5,2,0,1,0,None,"{'EIS': 0, 'P1': 1}","[6834]","['6834b', '6834c']"
5,2,0,1,0,None,"{'EIS': 0, 'P1': 1}","[6834]","['6834q', '6834s']"
5,2,0,1,0,None,"{'EIS': 0, 'P1': 1}","[6840]","['6840n', '6840q']"
5,2,0,1,0,None,"{'EIS': 0, 'P1': 1}","[6864]","['6864j', '6864l']"
5,2,0,1,0,None,"{'EIS': 0, 'P1': 1}","[6864]","['6864n', '6864o']"
5,2,0,1,0,None,"{'EIS': 0, 'P1': 1}","[6890]","['6890d', '6890e']"
5,2,0,1,0,None,"{'EIS': 0, 'P1': 1}","[6900]","['6900f', '6900g']"
5,2,0,1,0,None,"{'EIS': 0, 'P1': 1}","[6909]","['6909e', '6909f']"
5,2,0,1,0,None,"{'EIS': 0, 'P1': 1}","[6936]","['6936a', '6936b']"
5,2,0,1,0,None,"{'EIS': 0, 'P1': 1}","[6936]","['6936e', '6936f']"
5,2,0,1,0,None,"{'EIS': 0, 'P1': 1}","[6936]","['6936g', '6936i']"
5,2,0,1,0,None,"{'EIS': 0, 'P1': 1}","[6936]","['6936m', '6936n']"
5,2,0,1,0,None,"{'EIS': 0, 'P1': 1}","[6936]","['6936o', '6936q']"
5,2,0,1,0,None,"{'EIS': 0, 'P1': 1}","[6950]","['6950e', '6950h']"
5,2,0,1,0,None,"{'EIS': 0, 'P1': 1}","[6954]","['6954b', '6954c']"
5,2,0,1,0,None,"{'EIS': 0, 'P1': 1}","[6958]","['6958h', '6958i']"
5,2,0,1,0,None,"{'EIS': 0, 'P1': 1}","[6960]","['6960b', '6960d']"
5,2,0,1,0,None,"{'EIS': 0, 'P1': 1}","[6960]","['6960f', '6960g']"
5,2,0,1,0,None,"{'EIS': 0, 'P1': 1}","[6960]","['6960bm', '6960bn']"
5,2,0,1,0,None,"{'EIS': 0, 'P3': 1}","[6974, 8242]","['6974a', '8242h']"
5,2,0,1,0,None,"{'EIS': 0, 'P1': 1}","[6990]","['6990e', '6990f']"
5,2,0,1,0,None,"{'EIS': 0, 'P1': 1}","[6992]","['6992q', '6992u']"
5,2,0,1,0,None,"{'EIS': 0, 'P1': 1}","[6992]","['6992r', '6992s']"
5,2,0,1,0,None,"{'EIS': 0, 'P1': 1}","[7014]","['7014g', '7014h']"
5,2,0,1,0,None,"{'EIS': 0, 'P1': 1}","[7020]","['7020c', '7020d']"
5,2,0,1,0,None,"{'EIS': 0, 'P1': 1}","[7020]","['7020e', '7020g']"
5,2,0,1,0,None,"{'EIS': 0, 'P1': 1}","[7020]","['7020k', '7020m']"
5,2,0,1,0,None,"{'EIS': 0, 'P1': 1}","[7020]","['7020s', '7020t']"
5,2,0,1,0,None,"{'EIS': 0, 'P1': 1}","[7035]","['7035i', '7035j']"
5,2,0,1,0,None,"{'EIS': 0, 'P1': 1}","[7038]","['7038e', '7038f']"
5,2,0,1,0,None,"{'EIS': 0, 'P1': 1}","[7050]","['7050c', '7050d']"
5,2,0,1,0,None,"{'EIS': 0, 'P1': 1}","[7050]","['7050g', '7050o']"
5,2,0,1,0,None,"{'EIS': 0, 'P1': 1}","[7050]","['7050h', '7050r']"
5,2,0,1,0,None,"{'EIS': 0, 'P1': 1}","[7050]","['7050w', '7050bb']"
5,2,0,1,0,None,"{'EIS': 0, 'P1': 1}","[7050]","['7050bf', '7050bj']"
5,2,0,1,0,None,"{'EIS': 0, 'P1': 1}","[7056]","['7056a', '7056d']"
5,2,0,1,0,None,"{'EIS': 0, 'P1': 1}","[7056]","['7056b', '7056c']"
5,2,0,1,0,None,"{'EIS': 0, 'P1': 1}","[7056]","['7056e', '7056l']"
5,2,0,1,0,None,"{'EIS': 0, 'P1': 1}","[7056]","['7056f', '7056k']"
5,2,0,1,0,None,"{'EIS': 0, 'P1': 1}","[7056]","['7056n', '7056o']"
5,2,0,1,0,None,"{'EIS': 0, 'P1': 1}","[7056]","['7056t', '7056u']"
5,2,0,1,0,None,"{'EIS': 0, 'P1': 1}","[7056]","['7056bl', '7056bo']"
5,2,0,1,0,None,"{'EIS': 0, 'P1': 1}","[7056]","['7056bm', '7056bn']"
5,2,0,1,0,None,"{'EIS': 0, 'P1': 1}","[7056]","['7056bu', '7056ca']"
5,2,0,1,0,None,"{'EIS': 0, 'P1': 1}","[7056]","['7056bw', '7056bz']"
5,2,0,1,0,None,"{'EIS': 0, 'P1': 1}","[7062]","['7062f', '7062h']"
5,2,0,1,0,None,"{'EIS': 0, 'P1': 1}","[7062]","['7062k', '7062n']"
5,2,0,1,0,None,"{'EIS': 0, 'P1': 1}","[7062]","['7062r', '7062s']"
5,2,0,1,0,None,"{'EIS': 0, 'P1': 1}","[7084]","['7084g', '7084i']"
5,2,0,1,0,None,"{'EIS': 0, 'P1': 1}","[7098]","['7098b', '7098d']"
5,2,0,1,0,None,"{'EIS': 0, 'P1': 1}","[7110]","['7110k', '7110m']"
5,2,0,1,0,None,"{'EIS': 0, 'P1': 1}","[7140]","['7140f', '7140g']"
5,2,0,1,0,None,"{'EIS': 0, 'P1': 1}","[7150]","['7150h', '7150j']"
5,2,0,1,0,None,"{'EIS': 0, 'P1': 1}","[7200]","['7200a', '7200e']"
5,2,0,1,0,None,"{'EIS': 0, 'P1': 1}","[7200]","['7200l', '7200w']"
5,2,0,1,0,None,"{'EIS': 0, 'P1': 1}","[7200]","['7200n', '7200v']"
5,2,0,1,0,None,"{'EIS': 0, 'P1': 1}","[7200]","['7200o', '7200t']"
5,2,0,1,0,None,"{'EIS': 0, 'P1': 1}","[7200]","['7200r', '7200z']"
5,2,0,1,0,None,"{'EIS': 0, 'P1': 1}","[7200]","['7200s', '7200y']"
5,2,0,1,0,None,"{'EIS': 0, 'P1': 1}","[7200]","['7200ba', '7200be']"
5,2,0,1,0,None,"{'EIS': 0, 'P1': 1}","[7200]","['7200bh', '7200ca']"
5,2,0,1,0,None,"{'EIS': 0, 'P1': 1}","[7200]","['7200bj', '7200bz']"
5,2,0,1,0,None,"{'EIS': 0, 'P1': 1}","[7200]","['7200bq', '7200bs']"
5,2,0,1,0,None,"{'EIS': 0, 'P1': 1}","[7200]","['7200bt', '7200by']"
5,2,0,1,0,None,"{'EIS': 0, 'P1': 1}","[7200]","['7200bv', '7200bx']"
5,2,0,1,0,None,"{'EIS': 0, 'P3': 1}","[7208, 9752]","['7208b', '9752e']"
5,2,0,1,0,None,"{'EIS': 0, 'P1': 1}","[7210]","['7210k', '7210l']"
5,2,0,1,0,None,"{'EIS': 0, 'P1': 1}","[7230]","['7230q', '7230s']"
5,2,0,1,0,None,"{'EIS': 0, 'P1': 1}","[7242]","['7242e', '7242f']"
5,2,0,1,0,None,"{'EIS': 0, 'P1': 1}","[7260]","['7260g', '7260j']"
5,2,0,1,0,None,"{'EIS': 0, 'P1': 1}","[7260]","['7260h', '7260i']"
5,2,0,1,0,None,"{'EIS': 0, 'P1': 1}","[7275]","['7275g', '7275h']"
5,2,0,1,0,None,"{'EIS': 0, 'P3': 1}","[7300, 9052]","['7300c', '9052a']"
5,2,0,1,0,None,"{'EIS': 0, 'P1': 1}","[7310]","['7310c', '7310d']"
5,2,0,1,0,None,"{'EIS': 0, 'P1': 1}","[7320]","['7320i', '7320k']"
5,2,0,1,0,None,"{'EIS': 0, 'P1': 1}","[7326]","['7326i', '7326k']"
5,2,0,1,0,None,"{'EIS': 0, 'P1': 1}","[7344]","['7344r', '7344s']"
5,2,0,1,0,None,"{'EIS': 0, 'P1': 1}","[7344]","['7344v', '7344x']"
5,2,0,1,0,None,"{'EIS': 0, 'P1': 1}","[7344]","['7344ba', '7344bc']"
5,2,0,1,0,None,"{'EIS': 0, 'P1': 1}","[7344]","['7344bi', '7344bj']"
5,2,0,1,0,None,"{'EIS': 0, 'P1': 1}","[7350]","['7350i', '7350s']"
5,2,0,1,0,None,"{'EIS': 0, 'P1': 1}","[7350]","['7350m', '7350n']"
5,2,0,1,0,None,"{'EIS': 0, 'P1': 1}","[7350]","['7350o', '7350r']"
5,2,0,1,0,None,"{'EIS': 0, 'P1': 1}","[7350]","['7350y', '7350bk']"
5,2,0,1,0,None,"{'EIS': 0, 'P1': 1}","[7350]","['7350be', '7350bg']"
5,2,0,1,0,None,"{'EIS': 0, 'P1': 1}","[7350]","['7350bh', '7350bi']"
5,2,0,1,0,None,"{'EIS': 0, 'P1': 1}","[7350]","['7350bn', '7350bz']"
5,2,0,1,0,None,"{'EIS': 0, 'P1': 1}","[7350]","['7350br', '7350ca']"
5,2,0,1,0,None,"{'EIS': 0, 'P1': 1}","[7350]","['7350cb', '7350cd']"
5,2,0,1,0,None,"{'EIS': 0, 'P1': 1}","[7350]","['7350cl', '7350cv']"
5,2,0,1,0,None,"{'EIS': 0, 'P1': 1}","[7350]","['7350cm', '7350da']"
5,2,0,1,0,None,"{'EIS': 0, 'P1': 1}","[7353]","['7353i', '7353k']"
5,2,0,1,0,None,"{'EIS': 0, 'P1': 1}","[7380]","['7380e', '7380f']"
5,2,0,1,0,None,"{'EIS': 0, 'P1': 1}","[7400]","['7400a', '7400c']"
5,2,0,1,0,None,"{'EIS': 0, 'P1': 1}","[7410]","['7410d', '7410h']"
5,2,0,1,0,None,"{'EIS': 0, 'P1': 1}","[7410]","['7410o', '7410p']"
5,2,0,1,0,None,"{'EIS': 0, 'P1': 1}","[7410]","['7410v', '7410w']"
5,2,0,1,0,None,"{'EIS': 0, 'P1': 1}","[7425]","['7425i', '7425m']"
5,2,0,1,0,None,"{'EIS': 0, 'P1': 1}","[7425]","['7425o', '7425v']"
5,2,0,1,0,None,"{'EIS': 0, 'P1': 1}","[7440]","['7440l', '7440n']"
5,2,0,1,0,None,"{'EIS': 0, 'P1': 1}","[7440]","['7440v', '7440w']"
5,2,0,1,0,None,"{'EIS': 0, 'P1': 1}","[7448]","['7448j', '7448l']"
5,2,0,1,0,None,"{'EIS': 0, 'P1': 1}","[7448]","['7448p', '7448q']"
5,2,0,1,0,None,"{'EIS': 0, 'P1': 1}","[7470]","['7470g', '7470i']"
5,2,0,1,0,None,"{'EIS': 0, 'P1': 1}","[7488]","['7488o', '7488t']"
5,2,0,1,0,None,"{'EIS': 0, 'P1': 1}","[7488]","['7488y', '7488be']"
5,2,0,1,0,None,"{'EIS': 0, 'P1': 1}","[7488]","['7488bt', '7488bv']"
5,2,0,1,0,None,"{'EIS': 0, 'P1': 1}","[7488]","['7488ca', '7488cc']"
5,2,0,1,0,None,"{'EIS': 0, 'P1': 1}","[7514]","['7514h', '7514i']"
5,2,0,1,0,None,"{'EIS': 0, 'P1': 1}","[7530]","['7530c', '7530e']"
5,2,0,1,0,None,"{'EIS': 0, 'P1': 1}","[7560]","['7560d', '7560e']"
5,2,0,1,0,None,"{'EIS': 0, 'P1': 1}","[7560]","['7560q', '7560r']"
5,2,0,1,0,None,"{'EIS': 0, 'P3': 1}","[7566, 9894]","['7566o', '9894f']"
5,2,0,1,0,None,"{'EIS': 0, 'P1': 1}","[7568]","['7568n', '7568o']"
5,2,0,1,0,None,"{'EIS': 0, 'P1': 1}","[7590]","['7590d', '7590g']"
5,2,0,1,0,None,"{'EIS': 0, 'P1': 1}","[7600]","['7600f', '7600g']"
5,2,0,1,0,None,"{'EIS': 0, 'P1': 1}","[7600]","['7600q', '7600r']"
5,2,0,1,0,None,"{'EIS': 0, 'P1': 1}","[7632]","['7632k', '7632m']"
5,2,0,1,0,None,"{'EIS': 0, 'P1': 1}","[7650]","['7650e', '7650j']"
5,2,0,1,0,None,"{'EIS': 0, 'P1': 1}","[7650]","['7650f', '7650h']"
5,2,0,1,0,None,"{'EIS': 0, 'P1': 1}","[7650]","['7650i', '7650l']"
5,2,0,1,0,None,"{'EIS': 0, 'P1': 1}","[7650]","['7650o', '7650bd']"
5,2,0,1,0,None,"{'EIS': 0, 'P1': 1}","[7650]","['7650p', '7650bc']"
5,2,0,1,0,None,"{'EIS': 0, 'P1': 1}","[7650]","['7650w', '7650y']"
5,2,0,1,0,None,"{'EIS': 0, 'P1': 1}","[7650]","['7650bl', '7650bq']"
5,2,0,1,0,None,"{'EIS': 0, 'P1': 1}","[7650]","['7650bm', '7650bp']"
5,2,0,1,0,None,"{'EIS': 0, 'P1': 1}","[7650]","['7650bo', '7650bs']"
5,2,0,1,0,None,"{'EIS': 0, 'P1': 1}","[7650]","['7650bv', '7650bx']"
5,2,0,1,0,None,"{'EIS': 0, 'P1': 1}","[7650]","['7650by', '7650ci']"
5,2,0,1,0,None,"{'EIS': 0, 'P1': 1}","[7650]","['7650bz', '7650cn']"
5,2,0,1,0,None,"{'EIS': 0, 'P1': 1}","[7670]","['7670b', '7670c']"
5,2,0,1,0,None,"{'EIS': 0, 'P1': 1}","[7688]","['7688m', '7688n']"
5,2,0,1,0,None,"{'EIS': 0, 'P1': 1}","[7688]","['7688o', '7688p']"
5,2,0,1,0,None,"{'EIS': 0, 'P1': 1}","[7704]","['7704q', '7704t']"
5,2,0,1,0,None,"{'EIS': 0, 'P1': 1}","[7725]","['7725g', '7725h']"
5,2,0,1,0,None,"{'EIS': 0, 'P1': 1}","[7725]","['7725j', '7725n']"
5,2,0,1,0,None,"{'EIS': 0, 'P1': 1}","[7728]","['7728g', '7728h']"
5,2,0,1,0,None,"{'EIS': 0, 'P1': 1}","[7728]","['7728l', '7728m']"
5,2,0,1,0,None,"{'EIS': 0, 'P1': 1}","[7770]","['7770c', '7770d']"
5,2,0,1,0,None,"{'EIS': 0, 'P1': 1}","[7770]","['7770g', '7770h']"
5,2,0,1,0,None,"{'EIS': 0, 'P1': 1}","[7770]","['7770m', '7770n']"
5,2,0,1,0,None,"{'EIS': 0, 'P1': 1}","[7770]","['7770v', '7770w']"
5,2,0,1,0,None,"{'EIS': 0, 'P1': 1}","[7776]","['7776b', '7776d']"
5,2,0,1,0,None,"{'EIS': 0, 'P1': 1}","[7776]","['7776f', '7776h']"
5,2,0,1,0,None,"{'EIS': 0, 'P1': 1}","[7776]","['7776j', '7776l']"
5,2,0,1,0,None,"{'EIS': 0, 'P1': 1}","[7776]","['7776n', '7776p']"
5,2,0,1,0,None,"{'EIS': 0, 'P1': 1}","[7800]","['7800a', '7800c']"
5,2,0,1,0,None,"{'EIS': 0, 'P1': 1}","[7800]","['7800e', '7800h']"
5,2,0,1,0,None,"{'EIS': 0, 'P1': 1}","[7800]","['7800p', '7800r']"
5,2,0,1,0,None,"{'EIS': 0, 'P1': 1}","[7824]","['7824j', '7824k']"
5,2,0,1,0,None,"{'EIS': 0, 'P1': 1}","[7840]","['7840n', '7840o']"
5,2,0,1,0,None,"{'EIS': 0, 'P1': 1}","[7840]","['7840y', '7840z']"
5,2,0,1,0,None,"{'EIS': 0, 'P1': 1}","[7866]","['7866i', '7866k']"
5,2,0,1,0,None,"{'EIS': 0, 'P1': 1}","[7872]","['7872b', '7872e']"
5,2,0,1,0,None,"{'EIS': 0, 'P1': 1}","[7872]","['7872bc', '7872be']"
5,2,0,1,0,None,"{'EIS': 0, 'P1': 1}","[7878]","['7878c', '7878d']"
5,2,0,1,0,None,"{'EIS': 0, 'P3': 1}","[7890, 9205]","['7890c', '9205g']"
5,2,0,1,0,None,"{'EIS': 0, 'P1': 1}","[7898]","['7898a', '7898b']"
5,2,0,1,0,None,"{'EIS': 0, 'P1': 1}","[7920]","['7920bf', '7920bi']"
5,2,0,1,0,None,"{'EIS': 0, 'P1': 1}","[7920]","['7920bj', '7920bm']"
5,2,0,1,0,None,"{'EIS': 0, 'P1': 1}","[7922]","['7922a', '7922b']"
5,2,0,1,0,None,"{'EIS': 0, 'P1': 1}","[7942]","['7942g', '7942i']"
5,2,0,1,0,None,"{'EIS': 0, 'P1': 1}","[7942]","['7942p', '7942q']"
5,2,0,1,0,None,"{'EIS': 0, 'P1': 1}","[7944]","['7944b', '7944c']"
5,2,0,1,0,None,"{'EIS': 0, 'P1': 1}","[7950]","['7950d', '7950g']"
5,2,0,1,0,None,"{'EIS': 0, 'P1': 1}","[7950]","['7950f', '7950i']"
5,2,0,1,0,None,"{'EIS': 0, 'P1': 1}","[7950]","['7950j', '7950r']"
5,2,0,1,0,None,"{'EIS': 0, 'P1': 1}","[7950]","['7950l', '7950n']"
5,2,0,1,0,None,"{'EIS': 0, 'P1': 1}","[7950]","['7950o', '7950w']"
5,2,0,1,0,None,"{'EIS': 0, 'P1': 1}","[7950]","['7950y', '7950z']"
5,2,0,1,0,None,"{'EIS': 0, 'P1': 1}","[7950]","['7950bh', '7950bk']"
5,2,0,1,0,None,"{'EIS': 0, 'P1': 1}","[7950]","['7950bi', '7950bj']"
5,2,0,1,0,None,"{'EIS': 0, 'P1': 1}","[7950]","['7950bo', '7950by']"
5,2,0,1,0,None,"{'EIS': 0, 'P1': 1}","[7950]","['7950bs', '7950bt']"
5,2,0,1,0,None,"{'EIS': 0, 'P1': 1}","[7950]","['7950bv', '7950bw']"
5,2,0,1,0,None,"{'EIS': 0, 'P1': 1}","[8050]","['8050n', '8050s']"
5,2,0,1,0,None,"{'EIS': 0, 'P1': 1}","[8085]","['8085b', '8085c']"
5,2,0,1,0,None,"{'EIS': 0, 'P1': 1}","[8085]","['8085q', '8085r']"
5,2,0,1,0,None,"{'EIS': 0, 'P1': 1}","[8092]","['8092c', '8092d']"
5,2,0,1,0,None,"{'EIS': 0, 'P1': 1}","[8092]","['8092i', '8092j']"
5,2,0,1,0,None,"{'EIS': 0, 'P1': 1}","[8100]","['8100e', '8100k']"
5,2,0,1,0,None,"{'EIS': 0, 'P1': 1}","[8100]","['8100f', '8100l']"
5,2,0,1,0,None,"{'EIS': 0, 'P1': 1}","[8112]","['8112l', '8112p']"
5,2,0,1,0,None,"{'EIS': 0, 'P1': 1}","[8112]","['8112n', '8112o']"
5,2,0,1,0,None,"{'EIS': 0, 'P1': 1}","[8118]","['8118e', '8118f']"
5,2,0,1,0,None,"{'EIS': 0, 'P1': 1}","[8136]","['8136h', '8136j']"
5,2,0,1,0,None,"{'EIS': 0, 'P1': 1}","[8178]","['8178c', '8178e']"
5,2,0,1,0,None,"{'EIS': 0, 'P1': 1}","[8190]","['8190h', '8190i']"
5,2,0,1,0,None,"{'EIS': 0, 'P1': 1}","[8190]","['8190u', '8190w']"
5,2,0,1,0,None,"{'EIS': 0, 'P1': 1}","[8190]","['8190bk', '8190bl']"
5,2,0,1,0,None,"{'EIS': 0, 'P1': 1}","[8190]","['8190bm', '8190bo']"
5,2,0,1,0,None,"{'EIS': 0, 'P1': 1}","[8190]","['8190bw', '8190bx']"
5,2,0,1,0,None,"{'EIS': 0, 'P1': 1}","[8200]","['8200j', '8200m']"
5,2,0,1,0,None,"{'EIS': 0, 'P1': 1}","[8211]","['8211g', '8211h']"
5,2,0,1,0,None,"{'EIS': 0, 'P1': 1}","[8226]","['8226g', '8226i']"
5,2,0,1,0,None,"{'EIS': 0, 'P1': 1}","[8256]","['8256w', '8256y']"
5,2,0,1,0,None,"{'EIS': 0, 'P1': 1}","[8256]","['8256bf', '8256bg']"
5,2,0,1,0,None,"{'EIS': 0, 'P1': 1}","[8260]","['8260a', '8260b']"
5,2,0,1,0,None,"{'EIS': 0, 'P1': 1}","[8272]","['8272e', '8272f']"
5,2,0,1,0,None,"{'EIS': 0, 'P1': 1}","[8274]","['8274g', '8274h']"
5,2,0,1,0,None,"{'EIS': 0, 'P1': 1}","[8274]","['8274k', '8274m']"
5,2,0,1,0,None,"{'EIS': 0, 'P3': 1}","[8274, 9850]","['8274q', '9850i']"
5,2,0,1,0,None,"{'EIS': 0, 'P1': 1}","[8280]","['8280g', '8280h']"
5,2,0,1,0,None,"{'EIS': 0, 'P1': 1}","[8288]","['8288c', '8288d']"
5,2,0,1,0,None,"{'EIS': 0, 'P1': 1}","[8288]","['8288e', '8288f']"
5,2,0,1,0,None,"{'EIS': 0, 'P1': 1}","[8325]","['8325a', '8325j']"
5,2,0,1,0,None,"{'EIS': 0, 'P1': 1}","[8325]","['8325b', '8325i']"
5,2,0,1,0,None,"{'EIS': 0, 'P1': 1}","[8325]","['8325m', '8325p']"
5,2,0,1,0,None,"{'EIS': 0, 'P1': 1}","[8325]","['8325n', '8325o']"
5,2,0,1,0,None,"{'EIS': 0, 'P1': 1}","[8325]","['8325q', '8325ba']"
5,2,0,1,0,None,"{'EIS': 0, 'P1': 1}","[8325]","['8325r', '8325t']"
5,2,0,1,0,None,"{'EIS': 0, 'P1': 1}","[8325]","['8325v', '8325bd']"
5,2,0,1,0,None,"{'EIS': 0, 'P1': 1}","[8330]","['8330f', '8330g']"
5,2,0,1,0,None,"{'EIS': 0, 'P1': 1}","[8330]","['8330h', '8330i']"
5,2,0,1,0,None,"{'EIS': 0, 'P1': 1}","[8330]","['8330k', '8330l']"
5,2,0,1,0,None,"{'EIS': 0, 'P1': 1}","[8360]","['8360n', '8360o']"
5,2,0,1,0,None,"{'EIS': 0, 'P1': 1}","[8400]","['8400f', '8400q']"
5,2,0,1,0,None,"{'EIS': 0, 'P1': 1}","[8400]","['8400g', '8400p']"
5,2,0,1,0,None,"{'EIS': 0, 'P1': 1}","[8400]","['8400h', '8400m']"
5,2,0,1,0,None,"{'EIS': 0, 'P1': 1}","[8400]","['8400n', '8400o']"
5,2,0,1,0,None,"{'EIS': 0, 'P1': 1}","[8400]","['8400r', '8400be']"
5,2,0,1,0,None,"{'EIS': 0, 'P1': 1}","[8400]","['8400t', '8400bc']"
5,2,0,1,0,None,"{'EIS': 0, 'P1': 1}","[8400]","['8400u', '8400ba']"
5,2,0,1,0,None,"{'EIS': 0, 'P1': 1}","[8400]","['8400bb', '8400bd']"
5,2,0,1,0,None,"{'EIS': 0, 'P1': 1}","[8400]","['8400bl', '8400br']"
5,2,0,1,0,None,"{'EIS': 0, 'P1': 1}","[8400]","['8400bm', '8400bw']"
5,2,0,1,0,None,"{'EIS': 0, 'P1': 1}","[8400]","['8400bs', '8400bx']"
5,2,0,1,0,None,"{'EIS': 0, 'P1': 1}","[8400]","['8400bu', '8400bv']"
5,2,0,1,0,None,"{'EIS': 0, 'P1': 1}","[8400]","['8400bz', '8400cq']"
5,2,0,1,0,None,"{'EIS': 0, 'P1': 1}","[8400]","['8400ca', '8400co']"
5,2,0,1,0,None,"{'EIS': 0, 'P1': 1}","[8400]","['8400cd', '8400cr']"
5,2,0,1,0,None,"{'EIS': 0, 'P1': 1}","[8400]","['8400ci', '8400cs']"
5,2,0,1,0,None,"{'EIS': 0, 'P1': 1}","[8400]","['8400cl', '8400cp']"
5,2,0,1,0,None,"{'EIS': 0, 'P1': 1}","[8450]","['8450c', '8450j']"
5,2,0,1,0,None,"{'EIS': 0, 'P1': 1}","[8450]","['8450k', '8450l']"
5,2,0,1,0,None,"{'EIS': 0, 'P1': 1}","[8450]","['8450r', '8450u']"
5,2,0,1,0,None,"{'EIS': 0, 'P1': 1}","[8460]","['8460l', '8460m']"
5,2,0,1,0,None,"{'EIS': 0, 'P1': 1}","[8464]","['8464o', '8464s']"
5,2,0,1,0,None,"{'EIS': 0, 'P1': 1}","[8464]","['8464p', '8464r']"
5,2,0,1,0,None,"{'EIS': 0, 'P1': 1}","[8470]","['8470a', '8470b']"
5,2,0,1,0,None,"{'EIS': 0, 'P1': 1}","[8470]","['8470o', '8470p']"
5,2,0,1,0,None,"{'EIS': 0, 'P1': 1}","[8470]","['8470v', '8470w']"
5,2,0,1,0,None,"{'EIS': 0, 'P1': 1}","[8470]","['8470bc', '8470bd']"
5,2,0,1,0,None,"{'EIS': 0, 'P1': 1}","[8475]","['8475b', '8475c']"
5,2,0,1,0,None,"{'EIS': 0, 'P1': 1}","[8478]","['8478a', '8478b']"
5,2,0,1,0,None,"{'EIS': 0, 'P1': 1}","[8478]","['8478f', '8478g']"
5,2,0,1,0,None,"{'EIS': 0, 'P1': 1}","[8526]","['8526a', '8526c']"
5,2,0,1,0,None,"{'EIS': 0, 'P1': 1}","[8526]","['8526d', '8526e']"
5,2,0,1,0,None,"{'EIS': 0, 'P1': 1}","[8526]","['8526g', '8526i']"
5,2,0,1,0,None,"{'EIS': 0, 'P1': 1}","[8526]","['8526k', '8526l']"
5,2,0,1,0,None,"{'EIS': 0, 'P1': 1}","[8550]","['8550d', '8550h']"
5,2,0,1,0,None,"{'EIS': 0, 'P1': 1}","[8550]","['8550o', '8550q']"
5,2,0,1,0,None,"{'EIS': 0, 'P1': 1}","[8550]","['8550v', '8550bk']"
5,2,0,1,0,None,"{'EIS': 0, 'P1': 1}","[8550]","['8550bb', '8550bh']"
5,2,0,1,0,None,"{'EIS': 0, 'P1': 1}","[8550]","['8550bd', '8550be']"
5,2,0,1,0,None,"{'EIS': 0, 'P1': 1}","[8554]","['8554f', '8554g']"
5,2,0,1,0,None,"{'EIS': 0, 'P1': 1}","[8568]","['8568c', '8568d']"
5,2,0,1,0,None,"{'EIS': 0, 'P1': 1}","[8582]","['8582b', '8582c']"
5,2,0,1,0,None,"{'EIS': 0, 'P1': 1}","[8592]","['8592c', '8592d']"
5,2,0,1,0,None,"{'EIS': 0, 'P1': 1}","[8592]","['8592l', '8592m']"
5,2,0,1,0,None,"{'EIS': 0, 'P1': 1}","[8600]","['8600a', '8600c']"
5,2,0,1,0,None,"{'EIS': 0, 'P1': 1}","[8610]","['8610q', '8610r']"
5,2,0,1,0,None,"{'EIS': 0, 'P1': 1}","[8624]","['8624i', '8624l']"
5,2,0,1,0,None,"{'EIS': 0, 'P1': 1}","[8640]","['8640q', '8640t']"
5,2,0,1,0,None,"{'EIS': 0, 'P1': 1}","[8640]","['8640z', '8640ba']"
5,2,0,1,0,None,"{'EIS': 0, 'P1': 1}","[8640]","['8640be', '8640bi']"
5,2,0,1,0,None,"{'EIS': 0, 'P1': 1}","[8640]","['8640bf', '8640bh']"
5,2,0,1,0,None,"{'EIS': 0, 'P1': 1}","[8640]","['8640bn', '8640bq']"
5,2,0,1,0,None,"{'EIS': 0, 'P1': 1}","[8640]","['8640bo', '8640bp']"
5,2,0,1,0,None,"{'EIS': 0, 'P1': 1}","[8640]","['8640bv', '8640by']"
5,2,0,1,0,None,"{'EIS': 0, 'P1': 1}","[8640]","['8640cd', '8640cg']"
5,2,0,1,0,None,"{'EIS': 0, 'P1': 1}","[8664]","['8664a', '8664c']"
5,2,0,1,0,None,"{'EIS': 0, 'P1': 1}","[8664]","['8664l', '8664m']"
5,2,0,1,0,None,"{'EIS': 0, 'P1': 1}","[8680]","['8680k', '8680m']"
5,2,0,1,0,None,"{'EIS': 0, 'P1': 1}","[8700]","['8700c', '8700d']"
5,2,0,1,0,None,"{'EIS': 0, 'P1': 1}","[8700]","['8700h', '8700j']"
5,2,0,1,0,None,"{'EIS': 0, 'P1': 1}","[8700]","['8700n', '8700p']"
5,2,0,1,0,None,"{'EIS': 0, 'P1': 1}","[8700]","['8700s', '8700t']"
5,2,0,1,0,None,"{'EIS': 0, 'P1': 1}","[8710]","['8710m', '8710n']"
5,2,0,1,0,None,"{'EIS': 0, 'P1': 1}","[8712]","['8712d', '8712g']"
5,2,0,1,0,None,"{'EIS': 0, 'P1': 1}","[8712]","['8712r', '8712u']"
5,2,0,1,0,None,"{'EIS': 0, 'P1': 1}","[8722]","['8722j', '8722l']"
5,2,0,1,0,None,"{'EIS': 0, 'P1': 1}","[8736]","['8736h', '8736i']"
5,2,0,1,0,None,"{'EIS': 0, 'P1': 1}","[8736]","['8736l', '8736m']"
5,2,0,1,0,None,"{'EIS': 0, 'P1': 1}","[8736]","['8736o', '8736q']"
5,2,0,1,0,None,"{'EIS': 0, 'P1': 1}","[8736]","['8736z', '8736bb']"
5,2,0,1,0,None,"{'EIS': 0, 'P1': 1}","[8766]","['8766g', '8766q']"
5,2,0,1,0,None,"{'EIS': 0, 'P1': 1}","[8775]","['8775b', '8775f']"
5,2,0,1,0,None,"{'EIS': 0, 'P1': 1}","[8775]","['8775c', '8775h']"
5,2,0,1,0,None,"{'EIS': 0, 'P1': 1}","[8775]","['8775k', '8775q']"
5,2,0,1,0,None,"{'EIS': 0, 'P1': 1}","[8775]","['8775m', '8775r']"
5,2,0,1,0,None,"{'EIS': 0, 'P1': 1}","[8778]","['8778c', '8778d']"
5,2,0,1,0,None,"{'EIS': 0, 'P1': 1}","[8778]","['8778s', '8778t']"
5,2,0,1,0,None,"{'EIS': 0, 'P1': 1}","[8800]","['8800n', '8800p']"
5,2,0,1,0,None,"{'EIS': 0, 'P1': 1}","[8800]","['8800v', '8800x']"
5,2,0,1,0,None,"{'EIS': 0, 'P1': 1}","[8816]","['8816l', '8816m']"
5,2,0,1,0,None,"{'EIS': 0, 'P1': 1}","[8820]","['8820j', '8820p']"
5,2,0,1,0,None,"{'EIS': 0, 'P1': 1}","[8820]","['8820k', '8820q']"
5,2,0,1,0,None,"{'EIS': 0, 'P1': 1}","[8820]","['8820o', '8820r']"
5,2,0,1,0,None,"{'EIS': 0, 'P1': 1}","[8820]","['8820u', '8820v']"
5,2,0,1,0,None,"{'EIS': 0, 'P1': 1}","[8820]","['8820w', '8820bc']"
5,2,0,1,0,None,"{'EIS': 0, 'P1': 1}","[8820]","['8820y', '8820bb']"
5,2,0,1,0,None,"{'EIS': 0, 'P1': 1}","[8850]","['8850d', '8850e']"
5,2,0,1,0,None,"{'EIS': 0, 'P1': 1}","[8850]","['8850s', '8850z']"
5,2,0,1,0,None,"{'EIS': 0, 'P1': 1}","[8850]","['8850bb', '8850bg']"
5,2,0,1,0,None,"{'EIS': 0, 'P1': 1}","[8866]","['8866f', '8866g']"
5,2,0,1,0,None,"{'EIS': 0, 'P1': 1}","[8880]","['8880n', '8880q']"
5,2,0,1,0,None,"{'EIS': 0, 'P1': 1}","[8880]","['8880u', '8880x']"
5,2,0,1,0,None,"{'EIS': 0, 'P1': 1}","[8892]","['8892i', '8892l']"
5,2,0,1,0,None,"{'EIS': 0, 'P1': 1}","[8892]","['8892j', '8892k']"
5,2,0,1,0,None,"{'EIS': 0, 'P1': 1}","[8904]","['8904h', '8904j']"
5,2,0,1,0,None,"{'EIS': 0, 'P1': 1}","[8910]","['8910a', '8910c']"
5,2,0,1,0,None,"{'EIS': 0, 'P1': 1}","[8910]","['8910o', '8910q']"
5,2,0,1,0,None,"{'EIS': 0, 'P1': 1}","[8925]","['8925j', '8925n']"
5,2,0,1,0,None,"{'EIS': 0, 'P1': 1}","[8940]","['8940i', '8940j']"
5,2,0,1,0,None,"{'EIS': 0, 'P1': 1}","[8946]","['8946u', '8946v']"
5,2,0,1,0,None,"{'EIS': 0, 'P1': 1}","[8976]","['8976m', '8976n']"
5,2,0,1,0,None,"{'EIS': 0, 'P1': 1}","[9016]","['9016h', '9016k']"
5,2,0,1,0,None,"{'EIS': 0, 'P1': 1}","[9016]","['9016i', '9016j']"
5,2,0,1,0,None,"{'EIS': 0, 'P1': 1}","[9024]","['9024v', '9024y']"
5,2,0,1,0,None,"{'EIS': 0, 'P1': 1}","[9024]","['9024bd', '9024bf']"
5,2,0,1,0,None,"{'EIS': 0, 'P1': 1}","[9030]","['9030a', '9030c']"
5,2,0,1,0,None,"{'EIS': 0, 'P1': 1}","[9042]","['9042b', '9042c']"
5,2,0,1,0,None,"{'EIS': 0, 'P1': 1}","[9044]","['9044a', '9044b']"
5,2,0,1,0,None,"{'EIS': 0, 'P1': 1}","[9050]","['9050c', '9050d']"
5,2,0,1,0,None,"{'EIS': 0, 'P1': 1}","[9065]","['9065a', '9065b']"
5,2,0,1,0,None,"{'EIS': 0, 'P1': 1}","[9075]","['9075a', '9075h']"
5,2,0,1,0,None,"{'EIS': 0, 'P1': 1}","[9075]","['9075c', '9075i']"
5,2,0,1,0,None,"{'EIS': 0, 'P1': 1}","[9075]","['9075p', '9075q']"
5,2,0,1,0,None,"{'EIS': 0, 'P1': 1}","[9075]","['9075r', '9075s']"
5,2,0,1,0,None,"{'EIS': 0, 'P3': 1}","[9086, 9499]","['9086e', '9499a']"
5,2,0,1,0,None,"{'EIS': 0, 'P1': 1}","[9090]","['9090s', '9090t']"
5,2,0,1,0,None,"{'EIS': 0, 'P1': 1}","[9090]","['9090u', '9090w']"
5,2,0,1,0,None,"{'EIS': 0, 'P1': 1}","[9090]","['9090y', '9090z']"
5,2,0,1,0,None,"{'EIS': 0, 'P1': 1}","[9100]","['9100g', '9100k']"
5,2,0,1,0,None,"{'EIS': 0, 'P1': 1}","[9108]","['9108p', '9108t']"
5,2,0,1,0,None,"{'EIS': 0, 'P1': 1}","[9108]","['9108r', '9108s']"
5,2,0,1,0,None,"{'EIS': 0, 'P1': 1}","[9114]","['9114f', '9114j']"
5,2,0,1,0,None,"{'EIS': 0, 'P1': 1}","[9114]","['9114k', '9114p']"
5,2,0,1,0,None,"{'EIS': 0, 'P1': 1}","[9126]","['9126f', '9126h']"
5,2,0,1,0,None,"{'EIS': 0, 'P1': 1}","[9126]","['9126o', '9126q']"
5,2,0,1,0,None,"{'EIS': 0, 'P1': 1}","[9126]","['9126z', '9126bb']"
5,2,0,1,0,None,"{'EIS': 0, 'P1': 1}","[9126]","['9126bi', '9126bj']"
5,2,0,1,0,None,"{'EIS': 0, 'P1': 1}","[9130]","['9130h', '9130i']"
5,2,0,1,0,None,"{'EIS': 0, 'P1': 1}","[9150]","['9150b', '9150d']"
5,2,0,1,0,None,"{'EIS': 0, 'P1': 1}","[9150]","['9150h', '9150i']"
5,2,0,1,0,None,"{'EIS': 0, 'P1': 1}","[9150]","['9150j', '9150k']"
5,2,0,1,0,None,"{'EIS': 0, 'P1': 1}","[9150]","['9150q', '9150r']"
5,2,0,1,0,None,"{'EIS': 0, 'P1': 1}","[9150]","['9150y', '9150ba']"
5,2,0,1,0,None,"{'EIS': 0, 'P1': 1}","[9162]","['9162t', '9162u']"
5,2,0,1,0,None,"{'EIS': 0, 'P1': 1}","[9198]","['9198g', '9198h']"
5,2,0,1,0,None,"{'EIS': 0, 'P1': 1}","[9200]","['9200b', '9200l']"
5,2,0,1,0,None,"{'EIS': 0, 'P1': 1}","[9200]","['9200j', '9200p']"
5,2,0,1,0,None,"{'EIS': 0, 'P1': 1}","[9200]","['9200u', '9200bf']"
5,2,0,1,0,None,"{'EIS': 0, 'P1': 1}","[9200]","['9200x', '9200bg']"
5,2,0,1,0,None,"{'EIS': 0, 'P1': 1}","[9200]","['9200bc', '9200bl']"
5,2,0,1,0,None,"{'EIS': 0, 'P1': 1}","[9200]","['9200bd', '9200bi']"
5,2,0,1,0,None,"{'EIS': 0, 'P1': 1}","[9200]","['9200bj', '9200bk']"
5,2,0,1,0,None,"{'EIS': 0, 'P1': 1}","[9225]","['9225w', '9225bc']"
5,2,0,1,0,None,"{'EIS': 0, 'P1': 1}","[9240]","['9240e', '9240f']"
5,2,0,1,0,None,"{'EIS': 0, 'P1': 1}","[9240]","['9240l', '9240m']"
5,2,0,1,0,None,"{'EIS': 0, 'P1': 1}","[9240]","['9240z', '9240ba']"
5,2,0,1,0,None,"{'EIS': 0, 'P1': 1}","[9240]","['9240bf', '9240bg']"
5,2,0,1,0,None,"{'EIS': 0, 'P1': 1}","[9266]","['9266e', '9266f']"
5,2,0,1,0,None,"{'EIS': 0, 'P1': 1}","[9282]","['9282o', '9282p']"
5,2,0,1,0,None,"{'EIS': 0, 'P1': 1}","[9300]","['9300b', '9300g']"
5,2,0,1,0,None,"{'EIS': 0, 'P1': 1}","[9300]","['9300c', '9300f']"
5,2,0,1,0,None,"{'EIS': 0, 'P1': 1}","[9300]","['9300l', '9300m']"
5,2,0,1,0,None,"{'EIS': 0, 'P1': 1}","[9306]","['9306l', '9306m']"
5,2,0,1,0,None,"{'EIS': 0, 'P1': 1}","[9315]","['9315b', '9315e']"
5,2,0,1,0,None,"{'EIS': 0, 'P1': 1}","[9315]","['9315g', '9315j']"
5,2,0,1,0,None,"{'EIS': 0, 'P1': 1}","[9350]","['9350g', '9350m']"
5,2,0,1,0,None,"{'EIS': 0, 'P1': 1}","[9350]","['9350j', '9350k']"
5,2,0,1,0,None,"{'EIS': 0, 'P1': 1}","[9350]","['9350p', '9350q']"
5,2,0,1,0,None,"{'EIS': 0, 'P1': 1}","[9350]","['9350u', '9350bg']"
5,2,0,1,0,None,"{'EIS': 0, 'P1': 1}","[9350]","['9350bd', '9350bk']"
5,2,0,1,0,None,"{'EIS': 0, 'P1': 1}","[9360]","['9360l', '9360p']"
5,2,0,1,0,None,"{'EIS': 0, 'P1': 1}","[9360]","['9360bj', '9360bk']"
5,2,0,1,0,None,"{'EIS': 0, 'P1': 1}","[9360]","['9360bo', '9360bp']"
5,2,0,1,0,None,"{'EIS': 0, 'P1': 1}","[9360]","['9360bt', '9360bz']"
5,2,0,1,0,None,"{'EIS': 0, 'P1': 1}","[9386]","['9386b', '9386d']"
5,2,0,1,0,None,"{'EIS': 0, 'P1': 1}","[9386]","['9386k', '9386l']"
5,2,0,1,0,None,"{'EIS': 0, 'P1': 1}","[9394]","['9394i', '9394j']"
5,2,0,1,0,None,"{'EIS': 0, 'P1': 1}","[9398]","['9398e', '9398f']"
5,2,0,1,0,None,"{'EIS': 0, 'P1': 1}","[9400]","['9400d', '9400g']"
5,2,0,1,0,None,"{'EIS': 0, 'P1': 1}","[9400]","['9400h', '9400n']"
5,2,0,1,0,None,"{'EIS': 0, 'P1': 1}","[9400]","['9400k', '9400o']"
5,2,0,1,0,None,"{'EIS': 0, 'P1': 1}","[9408]","['9408c', '9408d']"
5,2,0,1,0,None,"{'EIS': 0, 'P1': 1}","[9408]","['9408bi', '9408bk']"
5,2,0,1,0,None,"{'EIS': 0, 'P1': 1}","[9408]","['9408bo', '9408bt']"
5,2,0,1,0,None,"{'EIS': 0, 'P1': 1}","[9408]","['9408bx', '9408ci']"
5,2,0,1,0,None,"{'EIS': 0, 'P1': 1}","[9408]","['9408cc', '9408cg']"
5,2,0,1,0,None,"{'EIS': 0, 'P1': 1}","[9408]","['9408cl', '9408cp']"
5,2,0,1,0,None,"{'EIS': 0, 'P1': 1}","[9408]","['9408cm', '9408co']"
5,2,0,1,0,None,"{'EIS': 0, 'P1': 1}","[9408]","['9408cs', '9408df']"
5,2,0,1,0,None,"{'EIS': 0, 'P1': 1}","[9420]","['9420a', '9420b']"
5,2,0,1,0,None,"{'EIS': 0, 'P1': 1}","[9438]","['9438m', '9438q']"
5,2,0,1,0,None,"{'EIS': 0, 'P1': 1}","[9438]","['9438bc', '9438bd']"
5,2,0,1,0,None,"{'EIS': 0, 'P1': 1}","[9450]","['9450b', '9450t']"
5,2,0,1,0,None,"{'EIS': 0, 'P1': 1}","[9450]","['9450e', '9450q']"
5,2,0,1,0,None,"{'EIS': 0, 'P1': 1}","[9450]","['9450f', '9450r']"
5,2,0,1,0,None,"{'EIS': 0, 'P1': 1}","[9450]","['9450m', '9450v']"
5,2,0,1,0,None,"{'EIS': 0, 'P1': 1}","[9450]","['9450u', '9450z']"
5,2,0,1,0,None,"{'EIS': 0, 'P1': 1}","[9450]","['9450x', '9450y']"
5,2,0,1,0,None,"{'EIS': 0, 'P1': 1}","[9450]","['9450ba', '9450br']"
5,2,0,1,0,None,"{'EIS': 0, 'P1': 1}","[9450]","['9450bc', '9450bd']"
5,2,0,1,0,None,"{'EIS': 0, 'P1': 1}","[9450]","['9450be', '9450bq']"
5,2,0,1,0,None,"{'EIS': 0, 'P1': 1}","[9450]","['9450cd', '9450cg']"
5,2,0,1,0,None,"{'EIS': 0, 'P1': 1}","[9450]","['9450ce', '9450ct']"
5,2,0,1,0,None,"{'EIS': 0, 'P1': 1}","[9450]","['9450cu', '9450cz']"
5,2,0,1,0,None,"{'EIS': 0, 'P1': 1}","[9450]","['9450cx', '9450cy']"
5,2,0,1,0,None,"{'EIS': 0, 'P1': 1}","[9450]","['9450dc', '9450ds']"
5,2,0,1,0,None,"{'EIS': 0, 'P1': 1}","[9450]","['9450dd', '9450dt']"
5,2,0,1,0,None,"{'EIS': 0, 'P1': 1}","[9450]","['9450de', '9450dp']"
5,2,0,1,0,None,"{'EIS': 0, 'P1': 1}","[9450]","['9450dg', '9450dr']"
5,2,0,1,0,None,"{'EIS': 0, 'P1': 1}","[9450]","['9450dk', '9450dy']"
5,2,0,1,0,None,"{'EIS': 0, 'P1': 1}","[9510]","['9510h', '9510i']"
5,2,0,1,0,None,"{'EIS': 0, 'P1': 1}","[9510]","['9510r', '9510s']"
5,2,0,1,0,None,"{'EIS': 0, 'P1': 1}","[9520]","['9520i', '9520j']"
5,2,0,1,0,None,"{'EIS': 0, 'P1': 1}","[9522]","['9522i', '9522o']"
5,2,0,1,0,None,"{'EIS': 0, 'P1': 1}","[9522]","['9522l', '9522n']"
5,2,0,1,0,None,"{'EIS': 0, 'P1': 1}","[9555]","['9555h', '9555i']"
5,2,0,1,0,None,"{'EIS': 0, 'P1': 1}","[9555]","['9555n', '9555o']"
5,2,0,1,0,None,"{'EIS': 0, 'P1': 1}","[9570]","['9570a', '9570b']"
5,2,0,1,0,None,"{'EIS': 0, 'P1': 1}","[9600]","['9600d', '9600e']"
5,2,0,1,0,None,"{'EIS': 0, 'P1': 1}","[9600]","['9600o', '9600p']"
5,2,0,1,0,None,"{'EIS': 0, 'P1': 1}","[9600]","['9600r', '9600t']"
5,2,0,1,0,None,"{'EIS': 0, 'P1': 1}","[9600]","['9600bi', '9600bj']"
5,2,0,1,0,None,"{'EIS': 0, 'P1': 1}","[9614]","['9614c', '9614d']"
5,2,0,1,0,None,"{'EIS': 0, 'P1': 1}","[9633]","['9633m', '9633n']"
5,2,0,1,0,None,"{'EIS': 0, 'P1': 1}","[9675]","['9675j', '9675x']"
5,2,0,1,0,None,"{'EIS': 0, 'P1': 1}","[9680]","['9680l', '9680o']"
5,2,0,1,0,None,"{'EIS': 0, 'P1': 1}","[9680]","['9680m', '9680n']"
5,2,0,1,0,None,"{'EIS': 0, 'P1': 1}","[9702]","['9702c', '9702d']"
5,2,0,1,0,None,"{'EIS': 0, 'P1': 1}","[9702]","['9702k', '9702l']"
5,2,0,1,0,None,"{'EIS': 0, 'P1': 1}","[9702]","['9702bb', '9702bc']"
5,2,0,1,0,None,"{'EIS': 0, 'P1': 1}","[9702]","['9702bg', '9702bh']"
5,2,0,1,0,None,"{'EIS': 0, 'P1': 1}","[9702]","['9702bn', '9702bo']"
5,2,0,1,0,None,"{'EIS': 0, 'P1': 1}","[9702]","['9702by', '9702cb']"
5,2,0,1,0,None,"{'EIS': 0, 'P1': 1}","[9702]","['9702ca', '9702cc']"
5,2,0,1,0,None,"{'EIS': 0, 'P1': 1}","[9735]","['9735e', '9735f']"
5,2,0,1,0,None,"{'EIS': 0, 'P1': 1}","[9775]","['9775d', '9775f']"
5,2,0,1,0,None,"{'EIS': 0, 'P1': 1}","[9800]","['9800d', '9800o']"
5,2,0,1,0,None,"{'EIS': 0, 'P1': 1}","[9800]","['9800e', '9800p']"
5,2,0,1,0,None,"{'EIS': 0, 'P1': 1}","[9800]","['9800w', '9800x']"
5,2,0,1,0,None,"{'EIS': 0, 'P1': 1}","[9800]","['9800bc', '9800be']"
5,2,0,1,0,None,"{'EIS': 0, 'P1': 1}","[9800]","['9800bn', '9800bo']"
5,2,0,1,0,None,"{'EIS': 0, 'P1': 1}","[9810]","['9810h', '9810i']"
5,2,0,1,0,None,"{'EIS': 0, 'P1': 1}","[9828]","['9828d', '9828e']"
5,2,0,1,0,None,"{'EIS': 0, 'P1': 1}","[9828]","['9828f', '9828g']"
5,2,0,1,0,None,"{'EIS': 0, 'P1': 1}","[9834]","['9834c', '9834d']"
5,2,0,1,0,None,"{'EIS': 0, 'P1': 1}","[9840]","['9840o', '9840p']"
5,2,0,1,0,None,"{'EIS': 0, 'P1': 1}","[9840]","['9840u', '9840v']"
5,2,0,1,0,None,"{'EIS': 0, 'P1': 1}","[9867]","['9867g', '9867h']"
5,2,0,1,0,None,"{'EIS': 0, 'P1': 1}","[9900]","['9900k', '9900x']"
5,2,0,1,0,None,"{'EIS': 0, 'P1': 1}","[9900]","['9900m', '9900w']"
5,2,0,1,0,None,"{'EIS': 0, 'P1': 1}","[9900]","['9900n', '9900ba']"
5,2,0,1,0,None,"{'EIS': 0, 'P1': 1}","[9900]","['9900o', '9900bb']"
5,2,0,1,0,None,"{'EIS': 0, 'P1': 1}","[9900]","['9900v', '9900z']"
5,2,0,1,0,None,"{'EIS': 0, 'P1': 1}","[9922]","['9922d', '9922e']"
5,2,0,1,0,None,"{'EIS': 0, 'P1': 1}","[9930]","['9930r', '9930s']"
5,2,0,1,0,None,"{'EIS': 0, 'P1': 1}","[9936]","['9936i', '9936l']"
5,2,0,1,0,None,"{'EIS': 0, 'P1': 1}","[9936]","['9936q', '9936v']"
5,2,0,1,0,None,"{'EIS': 0, 'P1': 1}","[9936]","['9936bi', '9936bn']"
5,2,0,1,0,None,"{'EIS': 0, 'P1': 1}","[9936]","['9936bk', '9936bm']"
5,2,0,1,0,None,"{'EIS': 0, 'P1': 1}","[9936]","['9936bq', '9936bx']"
5,2,0,1,0,None,"{'EIS': 0, 'P1': 1}","[9936]","['9936bs', '9936bw']"
5,2,0,1,0,None,"{'EIS': 0, 'P1': 1}","[9940]","['9940d', '9940e']"
5,2,0,1,0,None,"{'EIS': 0, 'P1': 1}","[9950]","['9950o', '9950q']"
5,2,0,1,0,None,"{'EIS': 0, 'P1': 1}","[9968]","['9968o', '9968q']"
5,2,0,1,0,None,"{'EIS': 0, 'P1': 1}","[9975]","['9975d', '9975h']"
5,2,0,1,0,None,"{'EIS': 0, 'P1': 1}","[9996]","['9996o', '9996q']"
7,17,17,136,0,None,"{'EIS': 136}","[26, 174, 258, 294, 490, 546, 574, 678, 762, 858, 1230, 2110, 4730, 5010, 6378, 6690, 7530]","['26b', '174b', '258f', '294b', '490k', '546f', '574i', '678d', '762g', '858k', '1230k', '2110h', '4730k', '5010h', '6378c', '6690j', '7530l']"
7,11,0,55,0,None,"{'EIS': 0, 'P3': 53, 'P2': 2}","[208, 1392, 2064, 2352, 3920, 4368, 4592, 5424, 6096, 6864, 9840]","['208d', '1392k', '2064e', '2352l', '3920bj', '4368n', '4592f', '5424l', '6096f', '6864j', '9840r']"
7,11,0,55,0,None,"{'EIS': 0, 'P3': 52, 'P2': 3}","[234, 522, 774, 882, 1638, 2034, 2286, 2574, 3690, 4410, 5166]","['234a', '522d', '774d', '882d', '1638h', '2034c', '2286f', '2574d', '3690g', '4410i', '5166r']"
7,6,0,15,0,None,"{'EIS': 0, 'P3': 12, 'P2': 3}","[294, 490, 1274, 3822, 4018, 8526]","['294a', '490f', '1274n', '3822v', '4018s', '8526o']"
7,6,0,15,0,None,"{'EIS': 0, 'P3': 14, 'P2': 1}","[650, 2450, 4350, 6150, 6450, 7350]","['650f', '2450j', '4350d', '6150a', '6450a', '7350j']"
7,5,0,10,0,None,"{'EIS': 0, 'P2': 4, 'P1': 2, 'P3': 4}","[49, 637, 8869]","['49a', '637a', '637c', '8869d', '8869i']"
7,4,0,6,0,None,"{'EIS': 0, 'P2': 3, 'P3': 3}","[84, 924, 1428, 3444]","['84b', '924a', '1428b', '3444c']"
7,4,0,6,0,None,"{'EIS': 0, 'P2': 3, 'P3': 3}","[378, 1890, 4158, 4914]","['378c', '1890n', '4158s', '4914q']"
7,4,0,6,0,None,"{'EIS': 0, 'P2': 3, 'P3': 3}","[378, 1890, 4158, 4914]","['378d', '1890b', '4158a', '4914b']"
7,4,0,6,0,None,"{'EIS': 0, 'P3': 5, 'P2': 1}","[405, 891, 3969, 6885]","['405c', '891d', '3969c', '6885c']"
7,4,0,6,0,None,"{'EIS': 0, 'P3': 5, 'P2': 1}","[405, 891, 3969, 6885]","['405d', '891g', '3969f', '6885h']"
7,4,0,6,0,None,"{'EIS': 0, 'P3': 6}","[832, 5568, 8256, 9408]","['832f', '5568b', '8256c', '9408h']"
7,4,0,6,0,None,"{'EIS': 0, 'P3': 6}","[832, 5568, 8256, 9408]","['832j', '5568bc', '8256bp', '9408ct']"
7,4,0,6,0,None,"{'EIS': 0, 'P3': 5, 'P2': 1}","[1120, 1760, 5920, 7840]","['1120f', '1760g', '5920f', '7840j']"
7,4,0,6,0,None,"{'EIS': 0, 'P3': 5, 'P2': 1}","[1120, 1760, 5920, 7840]","['1120h', '1760d', '5920h', '7840m']"
7,4,0,6,0,None,"{'EIS': 0, 'P3': 6}","[1872, 4176, 6192, 7056]","['1872n', '4176y', '6192o', '7056bs']"
7,3,0,3,0,None,"{'EIS': 0, 'P2': 2, 'P3': 1}","[35, 1085, 4865]","['35a', '1085b', '4865d']"
7,3,0,3,0,None,"{'EIS': 0, 'P2': 2, 'P3': 1}","[38, 1102, 3002]","['38b', '1102d', '3002b']"
7,3,0,3,0,None,"{'EIS': 0, 'P2': 2, 'P3': 1}","[42, 1218, 4074]","['42a', '1218d', '4074d']"
7,3,0,3,0,None,"{'EIS': 0, 'P2': 2, 'P3': 1}","[46, 506, 2806]","['46a', '506b', '2806b']"
7,3,0,3,0,None,"{'EIS': 0, 'P2': 2, 'P3': 1}","[51, 2397, 2499]","['51a', '2397b', '2499l']"
7,3,0,3,0,None,"{'EIS': 0, 'P2': 2, 'P3': 1}","[54, 378, 5454]","['54a', '378h', '5454g']"
7,3,0,3,0,None,"{'EIS': 0, 'P2': 2, 'P3': 1}","[54, 378, 5454]","['54b', '378g', '5454k']"
7,3,0,3,0,None,"{'EIS': 0, 'P2': 2, 'P3': 1}","[65, 3185, 8255]","['65a', '3185b', '8255a']"
7,3,0,3,0,None,"{'EIS': 0, 'P2': 2, 'P3': 1}","[77, 1155, 4389]","['77a', '1155k', '4389c']"
7,3,0,3,0,None,"{'EIS': 0, 'P2': 2, 'P3': 1}","[78, 3666, 3822]","['78a', '3666d', '3822i']"
7,3,0,3,0,None,"{'EIS': 0, 'P2': 2, 'P3': 1}","[102, 3774, 4998]","['102a', '3774f', '4998f']"
7,3,0,3,0,None,"{'EIS': 0, 'P2': 2, 'P3': 1}","[104, 1144, 5096]","['104a', '1144d', '5096i']"
7,3,0,3,0,None,"{'EIS': 0, 'P2': 2, 'P3': 1}","[110, 2090, 5390]","['110b', '2090k', '5390w']"
7,3,0,3,0,None,"{'EIS': 0, 'P2': 2, 'P3': 1}","[135, 2565, 9585]","['135a', '2565a', '9585b']"
7,3,0,3,0,None,"{'EIS': 0, 'P2': 2, 'P3': 1}","[135, 2565, 9585]","['135b', '2565b', '9585c']"
7,3,0,3,0,None,"{'EIS': 0, 'P2': 2, 'P3': 1}","[150, 7350, 8850]","['150a', '7350da', '8850bg']"
7,3,0,3,0,None,"{'EIS': 0, 'P2': 2, 'P3': 1}","[150, 7350, 8850]","['150b', '7350r', '8850e']"
7,3,0,3,0,None,"{'EIS': 0, 'P2': 2, 'P3': 1}","[152, 760, 7448]","['152a', '760b', '7448e']"
7,3,0,3,0,None,"{'EIS': 0, 'P2': 2, 'P3': 1}","[153, 7191, 7497]","['153b', '7191i', '7497m']"
7,3,0,3,0,None,"{'EIS': 0, 'P2': 2, 'P3': 1}","[160, 6880, 7840]","['160a', '6880b', '7840f']"
7,3,0,3,0,None,"{'EIS': 0, 'P2': 2, 'P3': 1}","[160, 6880, 7840]","['160b', '6880h', '7840s']"
7,3,0,3,0,None,"{'EIS': 0, 'P2': 2, 'P3': 1}","[174, 2262, 9222]","['174e', '2262c', '9222d']"
7,3,0,3,0,None,"{'EIS': 0, 'P2': 2, 'P3': 1}","[184, 3496, 6808]","['184a', '3496h', '6808f']"
7,3,0,3,0,None,"{'EIS': 0, 'P2': 3}","[190, 1330, 9310]","['190b', '1330a', '9310a']"
7,3,0,3,0,None,"{'EIS': 0, 'P3': 3}","[195, 273, 741]","['195c', '273b', '741d']"
7,3,0,3,0,None,"{'EIS': 0, 'P2': 2, 'P3': 1}","[204, 1020, 3876]","['204a', '1020c', '3876b']"
7,3,0,3,0,None,"{'EIS': 0, 'P2': 2, 'P3': 1}","[216, 4104, 4968]","['216a', '4104b', '4968j']"
7,3,0,3,0,None,"{'EIS': 0, 'P2': 2, 'P3': 1}","[216, 4104, 4968]","['216d', '4104d', '4968o']"
7,3,0,3,0,None,"{'EIS': 0, 'P2': 2, 'P3': 1}","[222, 2442, 3774]","['222e', '2442d', '3774g']"
7,3,0,3,0,None,"{'EIS': 0, 'P2': 2, 'P1': 1}","[225, 9225]","['225a', '9225a', '9225e']"
7,3,0,3,0,None,"{'EIS': 0, 'P2': 2, 'P1': 1}","[225, 9225]","['225b', '9225i', '9225l']"
7,3,0,3,0,None,"{'EIS': 0, 'P2': 2, 'P3': 1}","[252, 2772, 4284]","['252b', '2772h', '4284f']"
7,3,0,3,0,None,"{'EIS': 0, 'P2': 2, 'P3': 1}","[270, 5130, 7830]","['270a', '5130c', '7830i']"
7,3,0,3,0,None,"{'EIS': 0, 'P2': 2, 'P3': 1}","[270, 5130, 7830]","['270c', '5130p', '7830r']"
7,3,0,3,0,None,"{'EIS': 0, 'P2': 2, 'P3': 1}","[300, 3900, 5100]","['300c', '3900l', '5100t']"
7,3,0,3,0,None,"{'EIS': 0, 'P2': 2, 'P3': 1}","[300, 3900, 5100]","['300d', '3900g', '5100j']"
7,3,0,3,0,None,"{'EIS': 0, 'P2': 2, 'P3': 1}","[336, 3696, 5712]","['336f', '3696bb', '5712y']"
7,3,0,3,0,None,"{'EIS': 0, 'P2': 2, 'P3': 1}","[432, 8208, 9936]","['432g', '8208b', '9936v']"
7,3,0,3,0,None,"{'EIS': 0, 'P2': 2, 'P3': 1}","[432, 8208, 9936]","['432h', '8208a', '9936l']"
7,3,0,3,0,None,"{'EIS': 0, 'P3': 3}","[435, 1479, 3741]","['435b', '1479b', '3741c']"
7,3,0,3,0,None,"{'EIS': 0, 'P2': 2, 'P1': 1}","[441, 5733]","['441d', '5733d', '5733k']"
7,3,0,3,0,None,"{'EIS': 0, 'P3': 3}","[585, 819, 2223]","['585i', '819d', '2223b']"
7,3,0,3,0,None,"{'EIS': 0, 'P2': 2, 'P3': 1}","[588, 6468, 9996]","['588f', '6468n', '9996q']"
7,3,0,3,0,None,"{'EIS': 0, 'P3': 3}","[1786, 2914, 5734]","['1786b', '2914a', '5734b']"
7,3,0,3,0,None,"{'EIS': 0, 'P3': 3}","[2535, 3549, 9633]","['2535k', '3549d', '9633q']"
7,3,0,3,0,None,"{'EIS': 0, 'P3': 3}","[2730, 7410, 8970]","['2730bc', '7410v', '8970p']"
7,3,0,3,0,None,"{'EIS': 0, 'P3': 3}","[3610, 5054, 7942]","['3610b', '5054a', '7942g']"
7,3,0,3,0,None,"{'EIS': 0, 'P3': 3}","[3610, 5054, 7942]","['3610f', '5054b', '7942p']"
7,3,0,3,0,None,"{'EIS': 0, 'P1': 3}","[8281]","['8281b', '8281f', '8281g']"
7,3,0,3,0,None,"{'EIS': 0, 'P1': 3}","[9310]","['9310f', '9310k', '9310l']"
7,2,0,1,0,None,"{'EIS': 0, 'P2': 1}","[19, 2261]","['19a', '2261b']"
7,2,0,1,0,None,"{'EIS': 0, 'P2': 1}","[20, 940]","['20a', '940a']"
7,2,0,1,0,None,"{'EIS': 0, 'P2': 1}","[26, 182]","['26a', '182c']"
7,2,0,1,0,None,"{'EIS': 0, 'P2': 1}","[27, 1323]","['27a', '1323m']"
7,2,0,1,0,None,"{'EIS': 0, 'P2': 1}","[30, 3030]","['30a', '3030h']"
7,2,0,1,0,None,"{'EIS': 0, 'P2': 1}","[36, 1764]","['36a', '1764c']"
7,2,0,1,0,None,"{'EIS': 0, 'P2': 1}","[43, 4171]","['43a', '4171d']"
7,2,0,1,0,None,"{'EIS': 0, 'P2': 1}","[44, 1012]","['44a', '1012a']"
7,2,0,1,0,None,"{'EIS': 0, 'P2': 1}","[50, 850]","['50a', '850d']"
7,2,0,1,0,None,"{'EIS': 0, 'P2': 1}","[50, 850]","['50b', '850f']"
7,2,0,1,0,None,"{'EIS': 0, 'P2': 1}","[52, 7748]","['52a', '7748a']"
7,2,0,1,0,None,"{'EIS': 0, 'P2': 1}","[53, 2703]","['53a', '2703b']"
7,2,0,1,0,None,"{'EIS': 0, 'P2': 1}","[56, 728]","['56b', '728b']"
7,2,0,1,0,None,"{'EIS': 0, 'P2': 1}","[57, 7239]","['57a', '7239b']"
7,2,0,1,0,None,"{'EIS': 0, 'P2': 1}","[58, 174]","['58a', '174a']"
7,2,0,1,0,None,"{'EIS': 0, 'P2': 1}","[58, 6670]","['58b', '6670e']"
7,2,0,1,0,None,"{'EIS': 0, 'P2': 1}","[61, 7259]","['61a', '7259d']"
7,2,0,1,0,None,"{'EIS': 0, 'P2': 1}","[66, 3234]","['66a', '3234l']"
7,2,0,1,0,None,"{'EIS': 0, 'P2': 1}","[66, 1518]","['66b', '1518k']"
7,2,0,1,0,None,"{'EIS': 0, 'P2': 1}","[69, 1173]","['69a', '1173d']"
7,2,0,1,0,None,"{'EIS': 0, 'P2': 1}","[70, 4970]","['70a', '4970h']"
7,2,0,1,0,None,"{'EIS': 0, 'P2': 1}","[75, 2325]","['75a', '2325e']"
7,2,0,1,0,None,"{'EIS': 0, 'P2': 1}","[75, 2325]","['75c', '2325k']"
7,2,0,1,0,None,"{'EIS': 0, 'P2': 1}","[76, 4180]","['76a', '4180b']"
7,2,0,1,0,None,"{'EIS': 0, 'P2': 1}","[77, 6083]","['77b', '6083e']"
7,2,0,1,0,None,"{'EIS': 0, 'P2': 1}","[79, 6083]","['79a', '6083c']"
7,2,0,1,0,None,"{'EIS': 0, 'P2': 1}","[80, 3760]","['80b', '3760j']"
7,2,0,1,0,None,"{'EIS': 0, 'P2': 1}","[85, 2635]","['85a', '2635c']"
7,2,0,1,0,None,"{'EIS': 0, 'P2': 1}","[88, 264]","['88a', '264d']"
7,2,0,1,0,None,"{'EIS': 0, 'P2': 1}","[90, 2790]","['90a', '2790e']"
7,2,0,1,0,None,"{'EIS': 0, 'P2': 1}","[90, 2790]","['90b', '2790p']"
7,2,0,1,0,None,"{'EIS': 0, 'P2': 1}","[90, 9090]","['90c', '9090y']"
7,2,0,1,0,None,"{'EIS': 0, 'P2': 1}","[92, 4692]","['92b', '4692f']"
7,2,0,1,0,None,"{'EIS': 0, 'P2': 1}","[100, 4700]","['100a', '4700e']"
7,2,0,1,0,None,"{'EIS': 0, 'P2': 1}","[108, 5292]","['108a', '5292c']"
7,2,0,1,0,None,"{'EIS': 0, 'P2': 1}","[109, 5777]","['109a', '5777b']"
7,2,0,1,0,None,"{'EIS': 0, 'P2': 1}","[110, 5390]","['110a', '5390bi']"
7,2,0,1,0,None,"{'EIS': 0, 'P2': 1}","[112, 1456]","['112a', '1456c']"
7,2,0,1,0,None,"{'EIS': 0, 'P2': 1}","[114, 1482]","['114b', '1482a']"
7,2,0,1,0,None,"{'EIS': 0, 'P2': 1}","[116, 348]","['116a', '348d']"
7,2,0,1,0,None,"{'EIS': 0, 'P2': 1}","[120, 5880]","['120b', '5880i']"
7,2,0,1,0,None,"{'EIS': 0, 'P2': 1}","[122, 6466]","['122a', '6466a']"
7,2,0,1,0,None,"{'EIS': 0, 'P2': 1}","[126, 3654]","['126b', '3654k']"
7,2,0,1,0,None,"{'EIS': 0, 'P2': 1}","[129, 5289]","['129a', '5289b']"
7,2,0,1,0,None,"{'EIS': 0, 'P2': 1}","[132, 6468]","['132a', '6468r']"
7,2,0,1,0,None,"{'EIS': 0, 'P2': 1}","[132, 2244]","['132b', '2244a']"
7,2,0,1,0,None,"{'EIS': 0, 'P2': 1}","[140, 420]","['140b', '420a']"
7,2,0,1,0,None,"{'EIS': 0, 'P2': 1}","[141, 4371]","['141d', '4371a']"
7,2,0,1,0,None,"{'EIS': 0, 'P2': 1}","[144, 7056]","['144a', '7056bg']"
7,2,0,1,0,None,"{'EIS': 0, 'P2': 1}","[152, 8056]","['152b', '8056a']"
7,2,0,1,0,None,"{'EIS': 0, 'P2': 1}","[154, 2618]","['154a', '2618a']"
7,2,0,1,0,None,"{'EIS': 0, 'P2': 1}","[162, 4698]","['162a', '4698f']"
7,2,0,1,0,None,"{'EIS': 0, 'P2': 1}","[162, 5022]","['162b', '5022g']"
7,2,0,1,0,None,"{'EIS': 0, 'P2': 1}","[162, 5022]","['162c', '5022d']"
7,2,0,1,0,None,"{'EIS': 0, 'P2': 1}","[162, 4698]","['162d', '4698m']"
7,2,0,1,0,None,"{'EIS': 0, 'P2': 1}","[170, 510]","['170e', '510a']"
7,2,0,1,0,None,"{'EIS': 0, 'P2': 1}","[175, 5425]","['175b', '5425a']"
7,2,0,1,0,None,"{'EIS': 0, 'P2': 1}","[176, 528]","['176a', '528c']"
7,2,0,1,0,None,"{'EIS': 0, 'P2': 1}","[176, 4048]","['176c', '4048k']"
7,2,0,1,0,None,"{'EIS': 0, 'P2': 1}","[180, 8460]","['180a', '8460l']"
7,2,0,1,0,None,"{'EIS': 0, 'P2': 1}","[182, 546]","['182d', '546e']"
7,2,0,1,0,None,"{'EIS': 0, 'P2': 1}","[182, 9282]","['182e', '9282b']"
7,2,0,1,0,None,"{'EIS': 0, 'P2': 1}","[184, 552]","['184d', '552b']"
7,2,0,1,0,None,"{'EIS': 0, 'P2': 1}","[186, 930]","['186a', '930d']"
7,2,0,1,0,None,"{'EIS': 0, 'P2': 1}","[189, 3213]","['189a', '3213b']"
7,2,0,1,0,None,"{'EIS': 0, 'P2': 1}","[189, 3213]","['189d', '3213p']"
7,2,0,1,0,None,"{'EIS': 0, 'P2': 1}","[190, 570]","['190a', '570j']"
7,2,0,1,0,None,"{'EIS': 0, 'P2': 1}","[195, 2145]","['195b', '2145h']"
7,2,0,1,0,None,"{'EIS': 0, 'P2': 1}","[195, 5655]","['195d', '5655d']"
7,2,0,1,0,None,"{'EIS': 0, 'P2': 1}","[196, 3332]","['196a', '3332e']"
7,2,0,1,0,None,"{'EIS': 0, 'P2': 1}","[196, 3332]","['196b', '3332a']"
7,2,0,1,0,None,"{'EIS': 0, 'P2': 1}","[198, 4554]","['198a', '4554o']"
7,2,0,1,0,None,"{'EIS': 0, 'P2': 1}","[198, 9702]","['198b', '9702cb']"
7,2,0,1,0,None,"{'EIS': 0, 'P2': 1}","[200, 600]","['200a', '600e']"
7,2,0,1,0,None,"{'EIS': 0, 'P2': 1}","[200, 600]","['200e', '600g']"
7,2,0,1,0,None,"{'EIS': 0, 'P2': 1}","[201, 9849]","['201b', '9849p']"
7,2,0,1,0,None,"{'EIS': 0, 'P2': 1}","[201, 9849]","['201c', '9849e']"
7,2,0,1,0,None,"{'EIS': 0, 'P2': 1}","[204, 1020]","['204b', '1020f']"
7,2,0,1,0,None,"{'EIS': 0, 'P2': 1}","[207, 3519]","['207a', '3519e']"
7,2,0,1,0,None,"{'EIS': 0, 'P2': 1}","[208, 1456]","['208a', '1456l']"
7,2,0,1,0,None,"{'EIS': 0, 'P2': 1}","[208, 2288]","['208b', '2288a']"
7,2,0,1,0,None,"{'EIS': 0, 'P2': 1}","[216, 1080]","['216b', '1080f']"
7,2,0,1,0,None,"{'EIS': 0, 'P2': 1}","[216, 1080]","['216c', '1080h']"
7,2,0,1,0,None,"{'EIS': 0, 'P2': 1}","[222, 3774]","['222b', '3774n']"
7,2,0,1,0,None,"{'EIS': 0, 'P2': 1}","[225, 6975]","['225d', '6975l']"
7,2,0,1,0,None,"{'EIS': 0, 'P2': 1}","[225, 6975]","['225e', '6975s']"
7,2,0,1,0,None,"{'EIS': 0, 'P2': 1}","[234, 4446]","['234b', '4446k']"
7,2,0,1,0,None,"{'EIS': 0, 'P2': 1}","[234, 4446]","['234c', '4446a']"
7,2,0,1,0,None,"{'EIS': 0, 'P2': 1}","[234, 1638]","['234e', '1638r']"
7,2,0,1,0,None,"{'EIS': 0, 'P2': 1}","[245, 735]","['245a', '735f']"
7,2,0,1,0,None,"{'EIS': 0, 'P2': 1}","[245, 735]","['245b', '735b']"
7,2,0,1,0,None,"{'EIS': 0, 'P2': 1}","[245, 7595]","['245c', '7595j']"
7,2,0,1,0,None,"{'EIS': 0, 'P2': 1}","[246, 3198]","['246a', '3198d']"
7,2,0,1,0,None,"{'EIS': 0, 'P2': 1}","[246, 1230]","['246b', '1230i']"
7,2,0,1,0,None,"{'EIS': 0, 'P2': 1}","[246, 2706]","['246g', '2706b']"
7,2,0,1,0,None,"{'EIS': 0, 'P2': 1}","[258, 1806]","['258e', '1806h']"
7,2,0,1,0,None,"{'EIS': 0, 'P2': 1}","[264, 5016]","['264a', '5016e']"
7,2,0,1,0,None,"{'EIS': 0, 'P2': 1}","[270, 4590]","['270b', '4590m']"
7,2,0,1,0,None,"{'EIS': 0, 'P2': 1}","[270, 4590]","['270d', '4590d']"
7,2,0,1,0,None,"{'EIS': 0, 'P2': 1}","[280, 4760]","['280a', '4760a']"
7,2,0,1,0,None,"{'EIS': 0, 'P2': 1}","[286, 1430]","['286c', '1430b']"
7,2,0,1,0,None,"{'EIS': 0, 'P2': 1}","[286, 1430]","['286f', '1430f']"
7,2,0,1,0,None,"{'EIS': 0, 'P2': 1}","[294, 8526]","['294c', '8526y']"
7,2,0,1,0,None,"{'EIS': 0, 'P1': 1}","[294]","['294d', '294g']"
7,2,0,1,0,None,"{'EIS': 0, 'P1': 1}","[294]","['294e', '294f']"
7,2,0,1,0,None,"{'EIS': 0, 'P2': 1}","[296, 8584]","['296b', '8584e']"
7,2,0,1,0,None,"{'EIS': 0, 'P2': 1}","[300, 2100]","['300a', '2100d']"
7,2,0,1,0,None,"{'EIS': 0, 'P2': 1}","[300, 2100]","['300b', '2100o']"
7,2,0,1,0,None,"{'EIS': 0, 'P3': 1}","[303, 1111]","['303a', '1111b']"
7,2,0,1,0,None,"{'EIS': 0, 'P2': 1}","[304, 8816]","['304a', '8816j']"
7,2,0,1,0,None,"{'EIS': 0, 'P2': 1}","[304, 1520]","['304d', '1520c']"
7,2,0,1,0,None,"{'EIS': 0, 'P2': 1}","[315, 9765]","['315a', '9765m']"
7,2,0,1,0,None,"{'EIS': 0, 'P2': 1}","[330, 9570]","['330a', '9570b']"
7,2,0,1,0,None,"{'EIS': 0, 'P2': 1}","[336, 9744]","['336d', '9744r']"
7,2,0,1,0,None,"{'EIS': 0, 'P2': 1}","[338, 1690]","['338a', '1690b']"
7,2,0,1,0,None,"{'EIS': 0, 'P2': 1}","[338, 1690]","['338b', '1690g']"
7,2,0,1,0,None,"{'EIS': 0, 'P2': 1}","[338, 2366]","['338c', '2366o']"
7,2,0,1,0,None,"{'EIS': 0, 'P2': 1}","[338, 7098]","['338f', '7098i']"
7,2,0,1,0,None,"{'EIS': 0, 'P2': 1}","[342, 4446]","['342b', '4446p']"
7,2,0,1,0,None,"{'EIS': 0, 'P2': 1}","[342, 9918]","['342g', '9918f']"
7,2,0,1,0,None,"{'EIS': 0, 'P2': 1}","[345, 2415]","['345a', '2415b']"
7,2,0,1,0,None,"{'EIS': 0, 'P2': 1}","[345, 6555]","['345b', '6555l']"
7,2,0,1,0,None,"{'EIS': 0, 'P2': 1}","[345, 3795]","['345e', '3795d']"
7,2,0,1,0,None,"{'EIS': 0, 'P2': 1}","[350, 1050]","['350e', '1050b']"
7,2,0,1,0,None,"{'EIS': 0, 'P2': 1}","[350, 1050]","['350f', '1050q']"
7,2,0,1,0,None,"{'EIS': 0, 'P2': 1}","[352, 1760]","['352a', '1760c']"
7,2,0,1,0,None,"{'EIS': 0, 'P2': 1}","[352, 1760]","['352c', '1760a']"
7,2,0,1,0,None,"{'EIS': 0, 'P2': 1}","[354, 4602]","['354e', '4602c']"
7,2,0,1,0,None,"{'EIS': 0, 'P2': 1}","[357, 1785]","['357b', '1785d']"
7,2,0,1,0,None,"{'EIS': 0, 'P3': 1}","[357, 4403]","['357d', '4403b']"
7,2,0,1,0,None,"{'EIS': 0, 'P2': 1}","[363, 2541]","['363b', '2541d']"
7,2,0,1,0,None,"{'EIS': 0, 'P2': 1}","[363, 2541]","['363c', '2541i']"
7,2,0,1,0,None,"{'EIS': 0, 'P2': 1}","[364, 6916]","['364a', '6916f']"
7,2,0,1,0,None,"{'EIS': 0, 'P2': 1}","[366, 8418]","['366a', '8418h']"
7,2,0,1,0,None,"{'EIS': 0, 'P2': 1}","[366, 4026]","['366d', '4026f']"
7,2,0,1,0,None,"{'EIS': 0, 'P2': 1}","[368, 4048]","['368b', '4048i']"
7,2,0,1,0,None,"{'EIS': 0, 'P2': 1}","[368, 6992]","['368d', '6992a']"
7,2,0,1,0,None,"{'EIS': 0, 'P2': 1}","[368, 1104]","['368g', '1104b']"
7,2,0,1,0,None,"{'EIS': 0, 'P2': 1}","[372, 2604]","['372c', '2604d']"
7,2,0,1,0,None,"{'EIS': 0, 'P2': 1}","[387, 1935]","['387b', '1935c']"
7,2,0,1,0,None,"{'EIS': 0, 'P2': 1}","[387, 1935]","['387c', '1935a']"
7,2,0,1,0,None,"{'EIS': 0, 'P2': 1}","[392, 1960]","['392b', '1960c']"
7,2,0,1,0,None,"{'EIS': 0, 'P2': 1}","[392, 1960]","['392c', '1960g']"
7,2,0,1,0,None,"{'EIS': 0, 'P2': 1}","[392, 5096]","['392d', '5096f']"
7,2,0,1,0,None,"{'EIS': 0, 'P2': 1}","[392, 5880]","['392e', '5880v']"
7,2,0,1,0,None,"{'EIS': 0, 'P2': 1}","[392, 5880]","['392f', '5880bb']"
7,2,0,1,0,None,"{'EIS': 0, 'P2': 1}","[396, 6732]","['396a', '6732c']"
7,2,0,1,0,None,"{'EIS': 0, 'P2': 1}","[396, 9108]","['396c', '9108t']"
7,2,0,1,0,None,"{'EIS': 0, 'P2': 1}","[400, 6800]","['400b', '6800j']"
7,2,0,1,0,None,"{'EIS': 0, 'P2': 1}","[400, 6800]","['400c', '6800y']"
7,2,0,1,0,None,"{'EIS': 0, 'P2': 1}","[400, 1200]","['400g', '1200d']"
7,2,0,1,0,None,"{'EIS': 0, 'P2': 1}","[400, 1200]","['400h', '1200h']"
7,2,0,1,0,None,"{'EIS': 0, 'P2': 1}","[414, 4554]","['414d', '4554bg']"
7,2,0,1,0,None,"{'EIS': 0, 'P2': 1}","[416, 9568]","['416a', '9568c']"
7,2,0,1,0,None,"{'EIS': 0, 'P2': 1}","[416, 9568]","['416b', '9568l']"
7,2,0,1,0,None,"{'EIS': 0, 'P2': 1}","[420, 4620]","['420b', '4620g']"
7,2,0,1,0,None,"{'EIS': 0, 'P2': 1}","[420, 9660]","['420d', '9660f']"
7,2,0,1,0,None,"{'EIS': 0, 'P2': 1}","[429, 7293]","['429a', '7293b']"
7,2,0,1,0,None,"{'EIS': 0, 'P2': 1}","[432, 2160]","['432c', '2160i']"
7,2,0,1,0,None,"{'EIS': 0, 'P2': 1}","[432, 2160]","['432d', '2160f']"
7,2,0,1,0,None,"{'EIS': 0, 'P2': 1}","[432, 3024]","['432e', '3024v']"
7,2,0,1,0,None,"{'EIS': 0, 'P2': 1}","[432, 3024]","['432f', '3024bd']"
7,2,0,1,0,None,"{'EIS': 0, 'P2': 1}","[434, 1302]","['434e', '1302m']"
7,2,0,1,0,None,"{'EIS': 0, 'P1': 1}","[441]","['441a', '441b']"
7,2,0,1,0,None,"{'EIS': 0, 'P2': 1}","[448, 5824]","['448e', '5824v']"
7,2,0,1,0,None,"{'EIS': 0, 'P2': 1}","[448, 5824]","['448h', '5824n']"
7,2,0,1,0,None,"{'EIS': 0, 'P2': 1}","[450, 7650]","['450b', '7650cm']"
7,2,0,1,0,None,"{'EIS': 0, 'P2': 1}","[450, 7650]","['450d', '7650ba']"
7,2,0,1,0,None,"{'EIS': 0, 'P2': 1}","[460, 1380]","['460b', '1380b']"
7,2,0,1,0,None,"{'EIS': 0, 'P2': 1}","[462, 8778]","['462a', '8778d']"
7,2,0,1,0,None,"{'EIS': 0, 'P2': 1}","[464, 1392]","['464f', '1392j']"
7,2,0,1,0,None,"{'EIS': 0, 'P2': 1}","[464, 1392]","['464g', '1392i']"
7,2,0,1,0,None,"{'EIS': 0, 'P2': 1}","[469, 7035]","['469b', '7035f']"
7,2,0,1,0,None,"{'EIS': 0, 'P3': 1}","[470, 658]","['470c', '658a']"
7,2,0,1,0,None,"{'EIS': 0, 'P2': 1}","[477, 8109]","['477a', '8109h']"
7,2,0,1,0,None,"{'EIS': 0, 'P1': 1}","[490]","['490e', '490g']"
7,2,0,1,0,None,"{'EIS': 0, 'P1': 1}","[490]","['490i', '490j']"
7,2,0,1,0,None,"{'EIS': 0, 'P2': 1}","[494, 2470]","['494a', '2470a']"
7,2,0,1,0,None,"{'EIS': 0, 'P2': 1}","[494, 1482]","['494c', '1482b']"
7,2,0,1,0,None,"{'EIS': 0, 'P2': 1}","[504, 6552]","['504h', '6552z']"
7,2,0,1,0,None,"{'EIS': 0, 'P2': 1}","[510, 6630]","['510b', '6630o']"
7,2,0,1,0,None,"{'EIS': 0, 'P2': 1}","[522, 6786]","['522j', '6786q']"
7,2,0,1,0,None,"{'EIS': 0, 'P1': 1}","[522]","['522l', '522m']"
7,2,0,1,0,None,"{'EIS': 0, 'P2': 1}","[528, 8976]","['528i', '8976be']"
7,2,0,1,0,None,"{'EIS': 0, 'P2': 1}","[539, 8085]","['539b', '8085d']"
7,2,0,1,0,None,"{'EIS': 0, 'P2': 1}","[546, 2730]","['546b', '2730k']"
7,2,0,1,0,None,"{'EIS': 0, 'P3': 1}","[551, 1421]","['551c', '1421g']"
7,2,0,1,0,None,"{'EIS': 0, 'P2': 1}","[558, 2790]","['558a', '2790c']"
7,2,0,1,0,None,"{'EIS': 0, 'P2': 1}","[558, 2790]","['558e', '2790n']"
7,2,0,1,0,None,"{'EIS': 0, 'P2': 1}","[558, 2790]","['558h', '2790w']"
7,2,0,1,0,None,"{'EIS': 0, 'P2': 1}","[560, 9520]","['560a', '9520a']"
7,2,0,1,0,None,"{'EIS': 0, 'P2': 1}","[560, 1680]","['560e', '1680q']"
7,2,0,1,0,None,"{'EIS': 0, 'P2': 1}","[574, 1722]","['574e', '1722d']"
7,2,0,1,0,None,"{'EIS': 0, 'P2': 1}","[585, 6435]","['585g', '6435m']"
7,2,0,1,0,None,"{'EIS': 0, 'P1': 1}","[588]","['588a', '588c']"
7,2,0,1,0,None,"{'EIS': 0, 'P1': 1}","[588]","['588d', '588e']"
7,2,0,1,0,None,"{'EIS': 0, 'P2': 1}","[594, 2970]","['594b', '2970g']"
7,2,0,1,0,None,"{'EIS': 0, 'P2': 1}","[594, 4158]","['594d', '4158k']"
7,2,0,1,0,None,"{'EIS': 0, 'P2': 1}","[594, 4158]","['594e', '4158o']"
7,2,0,1,0,None,"{'EIS': 0, 'P2': 1}","[594, 2970]","['594f', '2970bd']"
7,2,0,1,0,None,"{'EIS': 0, 'P2': 1}","[600, 6600]","['600b', '6600d']"
7,2,0,1,0,None,"{'EIS': 0, 'P2': 1}","[600, 6600]","['600i', '6600bf']"
7,2,0,1,0,None,"{'EIS': 0, 'P2': 1}","[602, 6622]","['602b', '6622c']"
7,2,0,1,0,None,"{'EIS': 0, 'P2': 1}","[606, 6666]","['606e', '6666i']"
7,2,0,1,0,None,"{'EIS': 0, 'P2': 1}","[612, 3060]","['612c', '3060k']"
7,2,0,1,0,None,"{'EIS': 0, 'P2': 1}","[612, 3060]","['612d', '3060j']"
7,2,0,1,0,None,"{'EIS': 0, 'P3': 1}","[615, 3895]","['615b', '3895a']"
7,2,0,1,0,None,"{'EIS': 0, 'P2': 1}","[650, 1950]","['650c', '1950f']"
7,2,0,1,0,None,"{'EIS': 0, 'P2': 1}","[650, 4550]","['650h', '4550u']"
7,2,0,1,0,None,"{'EIS': 0, 'P2': 1}","[650, 1950]","['650m', '1950s']"
7,2,0,1,0,None,"{'EIS': 0, 'P2': 1}","[662, 3310]","['662a', '3310b']"
7,2,0,1,0,None,"{'EIS': 0, 'P2': 1}","[666, 7326]","['666g', '7326k']"
7,2,0,1,0,None,"{'EIS': 0, 'P2': 1}","[675, 7425]","['675b', '7425b']"
7,2,0,1,0,None,"{'EIS': 0, 'P2': 1}","[675, 7425]","['675d', '7425m']"
7,2,0,1,0,None,"{'EIS': 0, 'P2': 1}","[675, 7425]","['675f', '7425s']"
7,2,0,1,0,None,"{'EIS': 0, 'P2': 1}","[675, 7425]","['675i', '7425v']"
7,2,0,1,0,None,"{'EIS': 0, 'P2': 1}","[676, 2028]","['676d', '2028a']"
7,2,0,1,0,None,"{'EIS': 0, 'P2': 1}","[676, 2028]","['676e', '2028b']"
7,2,0,1,0,None,"{'EIS': 0, 'P3': 1}","[690, 2990]","['690b', '2990c']"
7,2,0,1,0,None,"{'EIS': 0, 'P2': 1}","[693, 3465]","['693b', '3465g']"
7,2,0,1,0,None,"{'EIS': 0, 'P2': 1}","[696, 4872]","['696a', '4872b']"
7,2,0,1,0,None,"{'EIS': 0, 'P2': 1}","[700, 7700]","['700c', '7700f']"
7,2,0,1,0,None,"{'EIS': 0, 'P2': 1}","[700, 2100]","['700d', '2100m']"
7,2,0,1,0,None,"{'EIS': 0, 'P2': 1}","[700, 7700]","['700f', '7700i']"
7,2,0,1,0,None,"{'EIS': 0, 'P2': 1}","[700, 2100]","['700g', '2100q']"
7,2,0,1,0,None,"{'EIS': 0, 'P2': 1}","[700, 2100]","['700j', '2100i']"
7,2,0,1,0,None,"{'EIS': 0, 'P2': 1}","[702, 4914]","['702b', '4914e']"
7,2,0,1,0,None,"{'EIS': 0, 'P2': 1}","[702, 7722]","['702c', '7722d']"
7,2,0,1,0,None,"{'EIS': 0, 'P2': 1}","[702, 7722]","['702f', '7722g']"
7,2,0,1,0,None,"{'EIS': 0, 'P2': 1}","[702, 4914]","['702g', '4914l']"
7,2,0,1,0,None,"{'EIS': 0, 'P2': 1}","[702, 4914]","['702i', '4914u']"
7,2,0,1,0,None,"{'EIS': 0, 'P2': 1}","[702, 7722]","['702j', '7722p']"
7,2,0,1,0,None,"{'EIS': 0, 'P2': 1}","[702, 4914]","['702m', '4914y']"
7,2,0,1,0,None,"{'EIS': 0, 'P2': 1}","[702, 7722]","['702o', '7722z']"
7,2,0,1,0,None,"{'EIS': 0, 'P2': 1}","[704, 2112]","['704e', '2112j']"
7,2,0,1,0,None,"{'EIS': 0, 'P2': 1}","[704, 3520]","['704g', '3520be']"
7,2,0,1,0,None,"{'EIS': 0, 'P2': 1}","[704, 2112]","['704i', '2112z']"
7,2,0,1,0,None,"{'EIS': 0, 'P2': 1}","[704, 3520]","['704j', '3520bg']"
7,2,0,1,0,None,"{'EIS': 0, 'P2': 1}","[714, 3570]","['714b', '3570b']"
7,2,0,1,0,None,"{'EIS': 0, 'P2': 1}","[714, 7854]","['714c', '7854g']"
7,2,0,1,0,None,"{'EIS': 0, 'P2': 1}","[722, 2166]","['722b', '2166c']"
7,2,0,1,0,None,"{'EIS': 0, 'P2': 1}","[722, 2166]","['722d', '2166f']"
7,2,0,1,0,None,"{'EIS': 0, 'P2': 1}","[726, 3630]","['726b', '3630f']"
7,2,0,1,0,None,"{'EIS': 0, 'P2': 1}","[726, 3630]","['726d', '3630l']"
7,2,0,1,0,None,"{'EIS': 0, 'P2': 1}","[726, 3630]","['726g', '3630r']"
7,2,0,1,0,None,"{'EIS': 0, 'P2': 1}","[726, 3630]","['726i', '3630y']"
7,2,0,1,0,None,"{'EIS': 0, 'P2': 1}","[730, 9490]","['730e', '9490c']"
7,2,0,1,0,None,"{'EIS': 0, 'P3': 1}","[730, 6862]","['730j', '6862e']"
7,2,0,1,0,None,"{'EIS': 0, 'P2': 1}","[738, 3690]","['738b', '3690i']"
7,2,0,1,0,None,"{'EIS': 0, 'P2': 1}","[738, 9594]","['738d', '9594i']"
7,2,0,1,0,None,"{'EIS': 0, 'P2': 1}","[738, 8118]","['738f', '8118p']"
7,2,0,1,0,None,"{'EIS': 0, 'P2': 1}","[741, 3705]","['741a', '3705a']"
7,2,0,1,0,None,"{'EIS': 0, 'P2': 1}","[742, 2226]","['742f', '2226g']"
7,2,0,1,0,None,"{'EIS': 0, 'P2': 1}","[744, 3720]","['744g', '3720h']"
7,2,0,1,0,None,"{'EIS': 0, 'P2': 1}","[756, 3780]","['756a', '3780a']"
7,2,0,1,0,None,"{'EIS': 0, 'P2': 1}","[756, 3780]","['756c', '3780g']"
7,2,0,1,0,None,"{'EIS': 0, 'P2': 1}","[762, 5334]","['762f', '5334d']"
7,2,0,1,0,None,"{'EIS': 0, 'P2': 1}","[765, 8415]","['765a', '8415b']"
7,2,0,1,0,None,"{'EIS': 0, 'P2': 1}","[765, 8415]","['765b', '8415j']"
7,2,0,1,0,None,"{'EIS': 0, 'P2': 1}","[774, 5418]","['774c', '5418e']"
7,2,0,1,0,None,"{'EIS': 0, 'P2': 1}","[784, 3920]","['784a', '3920j']"
7,2,0,1,0,None,"{'EIS': 0, 'P2': 1}","[784, 3920]","['784d', '3920e']"
7,2,0,1,0,None,"{'EIS': 0, 'P1': 1}","[792]","['792f', '792g']"
7,2,0,1,0,None,"{'EIS': 0, 'P2': 1}","[808, 8888]","['808b', '8888c']"
7,2,0,1,0,None,"{'EIS': 0, 'P2': 1}","[816, 4080]","['816g', '4080s']"
7,2,0,1,0,None,"{'EIS': 0, 'P2': 1}","[816, 4080]","['816i', '4080bd']"
7,2,0,1,0,None,"{'EIS': 0, 'P2': 1}","[825, 5775]","['825a', '5775g']"
7,2,0,1,0,None,"{'EIS': 0, 'P2': 1}","[825, 5775]","['825c', '5775w']"
7,2,0,1,0,None,"{'EIS': 0, 'P2': 1}","[832, 5824]","['832c', '5824c']"
7,2,0,1,0,None,"{'EIS': 0, 'P2': 1}","[832, 9152]","['832e', '9152e']"
7,2,0,1,0,None,"{'EIS': 0, 'P2': 1}","[832, 5824]","['832g', '5824ba']"
7,2,0,1,0,None,"{'EIS': 0, 'P2': 1}","[832, 9152]","['832i', '9152be']"
7,2,0,1,0,None,"{'EIS': 0, 'P2': 1}","[834, 5838]","['834c', '5838f']"
7,2,0,1,0,None,"{'EIS': 0, 'P2': 1}","[850, 2550]","['850e', '2550o']"
7,2,0,1,0,None,"{'EIS': 0, 'P2': 1}","[850, 2550]","['850i', '2550r']"
7,2,0,1,0,None,"{'EIS': 0, 'P2': 1}","[850, 2550]","['850j', '2550ba']"
7,2,0,1,0,None,"{'EIS': 0, 'P2': 1}","[856, 9416]","['856b', '9416b']"
7,2,0,1,0,None,"{'EIS': 0, 'P2': 1}","[858, 6006]","['858f', '6006x']"
7,2,0,1,0,None,"{'EIS': 0, 'P2': 1}","[882, 4410]","['882c', '4410n']"
7,2,0,1,0,None,"{'EIS': 0, 'P1': 1}","[882]","['882h', '882k']"
7,2,0,1,0,None,"{'EIS': 0, 'P1': 1}","[882]","['882j', '882l']"
7,2,0,1,0,None,"{'EIS': 0, 'P2': 1}","[894, 9834]","['894a', '9834b']"
7,2,0,1,0,None,"{'EIS': 0, 'P2': 1}","[900, 6300]","['900d', '6300m']"
7,2,0,1,0,None,"{'EIS': 0, 'P2': 1}","[900, 6300]","['900f', '6300u']"
7,2,0,1,0,None,"{'EIS': 0, 'P3': 1}","[906, 1510]","['906e', '1510b']"
7,2,0,1,0,None,"{'EIS': 0, 'P2': 1}","[909, 9999]","['909a', '9999e']"
7,2,0,1,0,None,"{'EIS': 0, 'P3': 1}","[915, 8601]","['915a', '8601c']"
7,2,0,1,0,None,"{'EIS': 0, 'P2': 1}","[918, 6426]","['918d', '6426e']"
7,2,0,1,0,None,"{'EIS': 0, 'P2': 1}","[918, 6426]","['918j', '6426ba']"
7,2,0,1,0,None,"{'EIS': 0, 'P2': 1}","[924, 4620]","['924c', '4620e']"
7,2,0,1,0,None,"{'EIS': 0, 'P2': 1}","[924, 4620]","['924f', '4620m']"
7,2,0,1,0,None,"{'EIS': 0, 'P2': 1}","[930, 6510]","['930f', '6510g']"
7,2,0,1,0,None,"{'EIS': 0, 'P2': 1}","[950, 2850]","['950c', '2850c']"
7,2,0,1,0,None,"{'EIS': 0, 'P2': 1}","[950, 6650]","['950d', '6650x']"
7,2,0,1,0,None,"{'EIS': 0, 'P2': 1}","[966, 4830]","['966h', '4830u']"
7,2,0,1,0,None,"{'EIS': 0, 'P2': 1}","[968, 4840]","['968a', '4840a']"
7,2,0,1,0,None,"{'EIS': 0, 'P2': 1}","[968, 4840]","['968c', '4840d']"
7,2,0,1,0,None,"{'EIS': 0, 'P2': 1}","[968, 2904]","['968e', '2904o']"
7,2,0,1,0,None,"{'EIS': 0, 'P2': 1}","[974, 2922]","['974h', '2922l']"
7,2,0,1,0,None,"{'EIS': 0, 'P2': 1}","[975, 6825]","['975d', '6825e']"
7,2,0,1,0,None,"{'EIS': 0, 'P1': 1}","[980]","['980a', '980c']"
7,2,0,1,0,None,"{'EIS': 0, 'P1': 1}","[980]","['980e', '980f']"
7,2,0,1,0,None,"{'EIS': 0, 'P2': 1}","[980, 2940]","['980i', '2940j']"
7,2,0,1,0,None,"{'EIS': 0, 'P2': 1}","[1014, 5070]","['1014a', '5070f']"
7,2,0,1,0,None,"{'EIS': 0, 'P2': 1}","[1014, 5070]","['1014d', '5070n']"
7,2,0,1,0,None,"{'EIS': 0, 'P2': 1}","[1020, 7140]","['1020a', '7140b']"
7,2,0,1,0,None,"{'EIS': 0, 'P1': 1}","[1026]","['1026d', '1026e']"
7,2,0,1,0,None,"{'EIS': 0, 'P2': 1}","[1026, 5130]","['1026f', '5130d']"
7,2,0,1,0,None,"{'EIS': 0, 'P2': 1}","[1026, 5130]","['1026k', '5130q']"
7,2,0,1,0,None,"{'EIS': 0, 'P1': 1}","[1026]","['1026n', '1026o']"
7,2,0,1,0,None,"{'EIS': 0, 'P2': 1}","[1035, 7245]","['1035c', '7245r']"
7,2,0,1,0,None,"{'EIS': 0, 'P1': 1}","[1044]","['1044i', '1044k']"
7,2,0,1,0,None,"{'EIS': 0, 'P2': 1}","[1058, 3174]","['1058d', '3174b']"
7,2,0,1,0,None,"{'EIS': 0, 'P2': 1}","[1058, 3174]","['1058e', '3174c']"
7,2,0,1,0,None,"{'EIS': 0, 'P2': 1}","[1071, 5355]","['1071c', '5355n']"
7,2,0,1,0,None,"{'EIS': 0, 'P2': 1}","[1078, 3234]","['1078b', '3234h']"
7,2,0,1,0,None,"{'EIS': 0, 'P2': 1}","[1078, 3234]","['1078e', '3234e']"
7,2,0,1,0,None,"{'EIS': 0, 'P2': 1}","[1089, 7623]","['1089i', '7623r']"
7,2,0,1,0,None,"{'EIS': 0, 'P2': 1}","[1089, 7623]","['1089k', '7623k']"
7,2,0,1,0,None,"{'EIS': 0, 'P2': 1}","[1102, 3306]","['1102b', '3306a']"
7,2,0,1,0,None,"{'EIS': 0, 'P2': 1}","[1102, 5510]","['1102c', '5510k']"
7,2,0,1,0,None,"{'EIS': 0, 'P2': 1}","[1110, 7770]","['1110a', '7770e']"
7,2,0,1,0,None,"{'EIS': 0, 'P1': 1}","[1110]","['1110b', '1110c']"
7,2,0,1,0,None,"{'EIS': 0, 'P2': 1}","[1116, 7812]","['1116f', '7812h']"
7,2,0,1,0,None,"{'EIS': 0, 'P2': 1}","[1120, 3360]","['1120n', '3360x']"
7,2,0,1,0,None,"{'EIS': 0, 'P2': 1}","[1120, 3360]","['1120p', '3360q']"
7,2,0,1,0,None,"{'EIS': 0, 'P2': 1}","[1150, 8050]","['1150a', '8050j']"
7,2,0,1,0,None,"{'EIS': 0, 'P2': 1}","[1150, 8050]","['1150h', '8050r']"
7,2,0,1,0,None,"{'EIS': 0, 'P2': 1}","[1155, 8085]","['1155b', '8085h']"
7,2,0,1,0,None,"{'EIS': 0, 'P2': 1}","[1200, 8400]","['1200l', '8400bs']"
7,2,0,1,0,None,"{'EIS': 0, 'P2': 1}","[1200, 8400]","['1200o', '8400bz']"
7,2,0,1,0,None,"{'EIS': 0, 'P2': 1}","[1210, 3630]","['1210b', '3630g']"
7,2,0,1,0,None,"{'EIS': 0, 'P2': 1}","[1210, 8470]","['1210e', '8470k']"
7,2,0,1,0,None,"{'EIS': 0, 'P2': 1}","[1210, 3630]","['1210i', '3630t']"
7,2,0,1,0,None,"{'EIS': 0, 'P2': 1}","[1210, 8470]","['1210l', '8470bf']"
7,2,0,1,0,None,"{'EIS': 0, 'P2': 1}","[1216, 6080]","['1216g', '6080d']"
7,2,0,1,0,None,"{'EIS': 0, 'P2': 1}","[1216, 6080]","['1216l', '6080n']"
7,2,0,1,0,None,"{'EIS': 0, 'P2': 1}","[1225, 3675]","['1225c', '3675c']"
7,2,0,1,0,None,"{'EIS': 0, 'P2': 1}","[1225, 3675]","['1225d', '3675m']"
7,2,0,1,0,None,"{'EIS': 0, 'P2': 1}","[1246, 6230]","['1246a', '6230c']"
7,2,0,1,0,None,"{'EIS': 0, 'P1': 1}","[1260]","['1260h', '1260i']"
7,2,0,1,0,None,"{'EIS': 0, 'P1': 1}","[1274]","['1274c', '1274d']"
7,2,0,1,0,None,"{'EIS': 0, 'P2': 1}","[1274, 3822]","['1274o', '3822bg']"
7,2,0,1,0,None,"{'EIS': 0, 'P2': 1}","[1275, 8925]","['1275c', '8925l']"
7,2,0,1,0,None,"{'EIS': 0, 'P2': 1}","[1275, 8925]","['1275e', '8925y']"
7,2,0,1,0,None,"{'EIS': 0, 'P2': 1}","[1281, 6405]","['1281e', '6405l']"
7,2,0,1,0,None,"{'EIS': 0, 'P2': 1}","[1288, 3864]","['1288c', '3864c']"
7,2,0,1,0,None,"{'EIS': 0, 'P1': 1}","[1290]","['1290h', '1290i']"
7,2,0,1,0,None,"{'EIS': 0, 'P2': 1}","[1302, 6510]","['1302k', '6510m']"
7,2,0,1,0,None,"{'EIS': 0, 'P3': 1}","[1305, 4437]","['1305e', '4437c']"
7,2,0,1,0,None,"{'EIS': 0, 'P1': 1}","[1323]","['1323a', '1323b']"
7,2,0,1,0,None,"{'EIS': 0, 'P1': 1}","[1323]","['1323d', '1323e']"
7,2,0,1,0,None,"{'EIS': 0, 'P1': 1}","[1323]","['1323f', '1323g']"
7,2,0,1,0,None,"{'EIS': 0, 'P1': 1}","[1323]","['1323k', '1323o']"
7,2,0,1,0,None,"{'EIS': 0, 'P1': 1}","[1323]","['1323l', '1323p']"
7,2,0,1,0,None,"{'EIS': 0, 'P3': 1}","[1330, 9842]","['1330i', '9842g']"
7,2,0,1,0,None,"{'EIS': 0, 'P2': 1}","[1350, 9450]","['1350f', '9450bl']"
7,2,0,1,0,None,"{'EIS': 0, 'P2': 1}","[1350, 9450]","['1350m', '9450cp']"
7,2,0,1,0,None,"{'EIS': 0, 'P1': 1}","[1356]","['1356d', '1356e']"
7,2,0,1,0,None,"{'EIS': 0, 'P2': 1}","[1360, 4080]","['1360h', '4080ba']"
7,2,0,1,0,None,"{'EIS': 0, 'P2': 1}","[1368, 6840]","['1368f', '6840q']"
7,2,0,1,0,None,"{'EIS': 0, 'P2': 1}","[1378, 6890]","['1378a', '6890c']"
7,2,0,1,0,None,"{'EIS': 0, 'P3': 1}","[1380, 3036]","['1380e', '3036i']"
7,2,0,1,0,None,"{'EIS': 0, 'P2': 1}","[1392, 9744]","['1392d', '9744e']"
7,2,0,1,0,None,"{'EIS': 0, 'P1': 1}","[1410]","['1410g', '1410i']"
7,2,0,1,0,None,"{'EIS': 0, 'P2': 1}","[1450, 4350]","['1450f', '4350q']"
7,2,0,1,0,None,"{'EIS': 0, 'P2': 1}","[1452, 7260]","['1452a', '7260g']"
7,2,0,1,0,None,"{'EIS': 0, 'P2': 1}","[1452, 7260]","['1452b', '7260h']"
7,2,0,1,0,None,"{'EIS': 0, 'P1': 1}","[1452]","['1452e', '1452h']"
7,2,0,1,0,None,"{'EIS': 0, 'P1': 1}","[1452]","['1452f', '1452g']"
7,2,0,1,0,None,"{'EIS': 0, 'P2': 1}","[1456, 4368]","['1456k', '4368y']"
7,2,0,1,0,None,"{'EIS': 0, 'P1': 1}","[1470]","['1470a', '1470c']"
7,2,0,1,0,None,"{'EIS': 0, 'P1': 1}","[1470]","['1470g', '1470i']"
7,2,0,1,0,None,"{'EIS': 0, 'P1': 1}","[1470]","['1470l', '1470n']"
7,2,0,1,0,None,"{'EIS': 0, 'P1': 1}","[1470]","['1470o', '1470q']"
7,2,0,1,0,None,"{'EIS': 0, 'P2': 1}","[1472, 4416]","['1472g', '4416k']"
7,2,0,1,0,None,"{'EIS': 0, 'P2': 1}","[1472, 4416]","['1472k', '4416p']"
7,2,0,1,0,None,"{'EIS': 0, 'P3': 1}","[1484, 6572]","['1484b', '6572e']"
7,2,0,1,0,None,"{'EIS': 0, 'P2': 1}","[1488, 7440]","['1488b', '7440e']"
7,2,0,1,0,None,"{'EIS': 0, 'P2': 1}","[1488, 7440]","['1488n', '7440y']"
7,2,0,1,0,None,"{'EIS': 0, 'P2': 1}","[1512, 7560]","['1512c', '7560i']"
7,2,0,1,0,None,"{'EIS': 0, 'P2': 1}","[1512, 7560]","['1512g', '7560k']"
7,2,0,1,0,None,"{'EIS': 0, 'P2': 1}","[1520, 4560]","['1520g', '4560m']"
7,2,0,1,0,None,"{'EIS': 0, 'P3': 1}","[1526, 4142]","['1526a', '4142a']"
7,2,0,1,0,None,"{'EIS': 0, 'P1': 1}","[1530]","['1530n', '1530o']"
7,2,0,1,0,None,"{'EIS': 0, 'P1': 1}","[1584]","['1584d', '1584e']"
7,2,0,1,0,None,"{'EIS': 0, 'P2': 1}","[1600, 4800]","['1600h', '4800ba']"
7,2,0,1,0,None,"{'EIS': 0, 'P2': 1}","[1600, 4800]","['1600n', '4800p']"
7,2,0,1,0,None,"{'EIS': 0, 'P2': 1}","[1600, 4800]","['1600s', '4800bq']"
7,2,0,1,0,None,"{'EIS': 0, 'P2': 1}","[1600, 4800]","['1600y', '4800ct']"
7,2,0,1,0,None,"{'EIS': 0, 'P1': 1}","[1617]","['1617a', '1617d']"
7,2,0,1,0,None,"{'EIS': 0, 'P1': 1}","[1617]","['1617e', '1617f']"
7,2,0,1,0,None,"{'EIS': 0, 'P1': 1}","[1638]","['1638f', '1638g']"
7,2,0,1,0,None,"{'EIS': 0, 'P2': 1}","[1638, 8190]","['1638o', '8190bm']"
7,2,0,1,0,None,"{'EIS': 0, 'P1': 1}","[1656]","['1656d', '1656e']"
7,2,0,1,0,None,"{'EIS': 0, 'P2': 1}","[1666, 4998]","['1666c', '4998e']"
7,2,0,1,0,None,"{'EIS': 0, 'P2': 1}","[1666, 4998]","['1666h', '4998v']"
7,2,0,1,0,None,"{'EIS': 0, 'P2': 1}","[1682, 5046]","['1682e', '5046c']"
7,2,0,1,0,None,"{'EIS': 0, 'P2': 1}","[1682, 5046]","['1682g', '5046i']"
7,2,0,1,0,None,"{'EIS': 0, 'P2': 1}","[1682, 5046]","['1682h', '5046m']"
7,2,0,1,0,None,"{'EIS': 0, 'P2': 1}","[1694, 5082]","['1694b', '5082c']"
7,2,0,1,0,None,"{'EIS': 0, 'P2': 1}","[1694, 5082]","['1694j', '5082w']"
7,2,0,1,0,None,"{'EIS': 0, 'P1': 1}","[1710]","['1710i', '1710k']"
7,2,0,1,0,None,"{'EIS': 0, 'P2': 1}","[1728, 8640]","['1728b', '8640g']"
7,2,0,1,0,None,"{'EIS': 0, 'P2': 1}","[1728, 8640]","['1728g', '8640bb']"
7,2,0,1,0,None,"{'EIS': 0, 'P2': 1}","[1728, 8640]","['1728p', '8640br']"
7,2,0,1,0,None,"{'EIS': 0, 'P2': 1}","[1728, 8640]","['1728x', '8640bz']"
7,2,0,1,0,None,"{'EIS': 0, 'P2': 1}","[1734, 8670]","['1734d', '8670g']"
7,2,0,1,0,None,"{'EIS': 0, 'P2': 1}","[1734, 8670]","['1734e', '8670h']"
7,2,0,1,0,None,"{'EIS': 0, 'P1': 1}","[1734]","['1734j', '1734k']"
7,2,0,1,0,None,"{'EIS': 0, 'P1': 1}","[1734]","['1734l', '1734m']"
7,2,0,1,0,None,"{'EIS': 0, 'P2': 1}","[1735, 5205]","['1735a', '5205b']"
7,2,0,1,0,None,"{'EIS': 0, 'P1': 1}","[1764]","['1764a', '1764b']"
7,2,0,1,0,None,"{'EIS': 0, 'P1': 1}","[1764]","['1764d', '1764g']"
7,2,0,1,0,None,"{'EIS': 0, 'P1': 1}","[1764]","['1764h', '1764i']"
7,2,0,1,0,None,"{'EIS': 0, 'P3': 1}","[1770, 3894]","['1770d', '3894f']"
7,2,0,1,0,None,"{'EIS': 0, 'P1': 1}","[1782]","['1782e', '1782f']"
7,2,0,1,0,None,"{'EIS': 0, 'P1': 1}","[1782]","['1782h', '1782i']"
7,2,0,1,0,None,"{'EIS': 0, 'P1': 1}","[1800]","['1800f', '1800i']"
7,2,0,1,0,None,"{'EIS': 0, 'P1': 1}","[1800]","['1800u', '1800x']"
7,2,0,1,0,None,"{'EIS': 0, 'P2': 1}","[1840, 5520]","['1840h', '5520bd']"
7,2,0,1,0,None,"{'EIS': 0, 'P2': 1}","[1848, 9240]","['1848d', '9240l']"
7,2,0,1,0,None,"{'EIS': 0, 'P2': 1}","[1848, 9240]","['1848i', '9240ba']"
7,2,0,1,0,None,"{'EIS': 0, 'P2': 1}","[1849, 9245]","['1849b', '9245b']"
7,2,0,1,0,None,"{'EIS': 0, 'P2': 1}","[1849, 9245]","['1849c', '9245a']"
7,2,0,1,0,None,"{'EIS': 0, 'P2': 1}","[1850, 5550]","['1850d', '5550f']"
7,2,0,1,0,None,"{'EIS': 0, 'P2': 1}","[1850, 5550]","['1850m', '5550bi']"
7,2,0,1,0,None,"{'EIS': 0, 'P2': 1}","[1856, 5568]","['1856f', '5568g']"
7,2,0,1,0,None,"{'EIS': 0, 'P2': 1}","[1856, 5568]","['1856g', '5568h']"
7,2,0,1,0,None,"{'EIS': 0, 'P2': 1}","[1856, 5568]","['1856o', '5568bi']"
7,2,0,1,0,None,"{'EIS': 0, 'P2': 1}","[1856, 5568]","['1856p', '5568bj']"
7,2,0,1,0,None,"{'EIS': 0, 'P2': 1}","[1870, 5610]","['1870c', '5610k']"
7,2,0,1,0,None,"{'EIS': 0, 'P2': 1}","[1911, 9555]","['1911a', '9555i']"
7,2,0,1,0,None,"{'EIS': 0, 'P2': 1}","[1911, 9555]","['1911c', '9555m']"
7,2,0,1,0,None,"{'EIS': 0, 'P2': 1}","[1911, 9555]","['1911e', '9555o']"
7,2,0,1,0,None,"{'EIS': 0, 'P2': 1}","[1914, 9570]","['1914p', '9570bb']"
7,2,0,1,0,None,"{'EIS': 0, 'P2': 1}","[1925, 5775]","['1925d', '5775h']"
7,2,0,1,0,None,"{'EIS': 0, 'P2': 1}","[1936, 9680]","['1936a', '9680b']"
7,2,0,1,0,None,"{'EIS': 0, 'P2': 1}","[1936, 9680]","['1936b', '9680a']"
7,2,0,1,0,None,"{'EIS': 0, 'P2': 1}","[1936, 5808]","['1936e', '5808g']"
7,2,0,1,0,None,"{'EIS': 0, 'P1': 1}","[1950]","['1950b', '1950c']"
7,2,0,1,0,None,"{'EIS': 0, 'P1': 1}","[1950]","['1950y', '1950z']"
7,2,0,1,0,None,"{'EIS': 0, 'P1': 1}","[1960]","['1960h', '1960j']"
7,2,0,1,0,None,"{'EIS': 0, 'P1': 1}","[1960]","['1960l', '1960m']"
7,2,0,1,0,None,"{'EIS': 0, 'P2': 1}","[1968, 9840]","['1968h', '9840o']"
7,2,0,1,0,None,"{'EIS': 0, 'P3': 1}","[1995, 6555]","['1995b', '6555d']"
7,2,0,1,0,None,"{'EIS': 0, 'P2': 1}","[1998, 9990]","['1998c', '9990r']"
7,2,0,1,0,None,"{'EIS': 0, 'P2': 1}","[1998, 9990]","['1998j', '9990be']"
7,2,0,1,0,None,"{'EIS': 0, 'P2': 1}","[2170, 6510]","['2170b', '6510a']"
7,2,0,1,0,None,"{'EIS': 0, 'P3': 1}","[2175, 5075]","['2175d', '5075j']"
7,2,0,1,0,None,"{'EIS': 0, 'P3': 1}","[2175, 5075]","['2175g', '5075f']"
7,2,0,1,0,None,"{'EIS': 0, 'P1': 1}","[2184]","['2184d', '2184e']"
7,2,0,1,0,None,"{'EIS': 0, 'P3': 1}","[2190, 8030]","['2190a', '8030c']"
7,2,0,1,0,None,"{'EIS': 0, 'P3': 1}","[2193, 5117]","['2193a', '5117c']"
7,2,0,1,0,None,"{'EIS': 0, 'P2': 1}","[2200, 6600]","['2200g', '6600u']"
7,2,0,1,0,None,"{'EIS': 0, 'P1': 1}","[2205]","['2205e', '2205h']"
7,2,0,1,0,None,"{'EIS': 0, 'P1': 1}","[2205]","['2205l', '2205m']"
7,2,0,1,0,None,"{'EIS': 0, 'P2': 1}","[2240, 6720]","['2240j', '6720x']"
7,2,0,1,0,None,"{'EIS': 0, 'P3': 1}","[2240, 3520]","['2240q', '3520r']"
7,2,0,1,0,None,"{'EIS': 0, 'P2': 1}","[2240, 6720]","['2240r', '6720bi']"
7,2,0,1,0,None,"{'EIS': 0, 'P3': 1}","[2240, 3520]","['2240u', '3520w']"
7,2,0,1,0,None,"{'EIS': 0, 'P2': 1}","[2240, 6720]","['2240v', '6720cb']"
7,2,0,1,0,None,"{'EIS': 0, 'P2': 1}","[2240, 6720]","['2240bb', '6720br']"
7,2,0,1,0,None,"{'EIS': 0, 'P1': 1}","[2262]","['2262d', '2262e']"
7,2,0,1,0,None,"{'EIS': 0, 'P2': 1}","[2300, 6900]","['2300g', '6900g']"
7,2,0,1,0,None,"{'EIS': 0, 'P1': 1}","[2352]","['2352k', '2352q']"
7,2,0,1,0,None,"{'EIS': 0, 'P1': 1}","[2352]","['2352m', '2352n']"
7,2,0,1,0,None,"{'EIS': 0, 'P3': 1}","[2352, 3920]","['2352r', '3920t']"
7,2,0,1,0,None,"{'EIS': 0, 'P1': 1}","[2352]","['2352s', '2352w']"
7,2,0,1,0,None,"{'EIS': 0, 'P1': 1}","[2352]","['2352x', '2352y']"
7,2,0,1,0,None,"{'EIS': 0, 'P3': 1}","[2365, 2795]","['2365a', '2795b']"
7,2,0,1,0,None,"{'EIS': 0, 'P2': 1}","[2366, 7098]","['2366f', '7098f']"
7,2,0,1,0,None,"{'EIS': 0, 'P2': 1}","[2366, 7098]","['2366g', '7098d']"
7,2,0,1,0,None,"{'EIS': 0, 'P2': 1}","[2366, 7098]","['2366m', '7098s']"
7,2,0,1,0,None,"{'EIS': 0, 'P3': 1}","[2405, 9139]","['2405c', '9139a']"
7,2,0,1,0,None,"{'EIS': 0, 'P1': 1}","[2450]","['2450a', '2450d']"
7,2,0,1,0,None,"{'EIS': 0, 'P1': 1}","[2450]","['2450b', '2450g']"
7,2,0,1,0,None,"{'EIS': 0, 'P2': 1}","[2450, 7350]","['2450c', '7350u']"
7,2,0,1,0,None,"{'EIS': 0, 'P1': 1}","[2450]","['2450h', '2450i']"
7,2,0,1,0,None,"{'EIS': 0, 'P2': 1}","[2450, 7350]","['2450k', '7350y']"
7,2,0,1,0,None,"{'EIS': 0, 'P2': 1}","[2450, 7350]","['2450n', '7350m']"
7,2,0,1,0,None,"{'EIS': 0, 'P2': 1}","[2450, 7350]","['2450r', '7350bh']"
7,2,0,1,0,None,"{'EIS': 0, 'P1': 1}","[2450]","['2450ba', '2450bd']"
7,2,0,1,0,None,"{'EIS': 0, 'P2': 1}","[2450, 7350]","['2450bc', '7350cv']"
7,2,0,1,0,None,"{'EIS': 0, 'P2': 1}","[2450, 7350]","['2450bg', '7350ca']"
7,2,0,1,0,None,"{'EIS': 0, 'P2': 1}","[2450, 7350]","['2450bh', '7350cb']"
7,2,0,1,0,None,"{'EIS': 0, 'P1': 1}","[2499]","['2499a', '2499d']"
7,2,0,1,0,None,"{'EIS': 0, 'P3': 1}","[2530, 3542]","['2530k', '3542j']"
7,2,0,1,0,None,"{'EIS': 0, 'P2': 1}","[2548, 7644]","['2548a', '7644f']"
7,2,0,1,0,None,"{'EIS': 0, 'P2': 1}","[2548, 7644]","['2548k', '7644d']"
7,2,0,1,0,None,"{'EIS': 0, 'P1': 1}","[2550]","['2550i', '2550j']"
7,2,0,1,0,None,"{'EIS': 0, 'P1': 1}","[2550]","['2550y', '2550z']"
7,2,0,1,0,None,"{'EIS': 0, 'P3': 1}","[2562, 9394]","['2562n', '9394g']"
7,2,0,1,0,None,"{'EIS': 0, 'P1': 1}","[2568]","['2568a', '2568b']"
7,2,0,1,0,None,"{'EIS': 0, 'P3': 1}","[2568, 4280]","['2568g', '4280d']"
7,2,0,1,0,None,"{'EIS': 0, 'P2': 1}","[2576, 7728]","['2576f', '7728d']"
7,2,0,1,0,None,"{'EIS': 0, 'P3': 1}","[2618, 4862]","['2618d', '4862d']"
7,2,0,1,0,None,"{'EIS': 0, 'P1': 1}","[2646]","['2646c', '2646d']"
7,2,0,1,0,None,"{'EIS': 0, 'P1': 1}","[2646]","['2646g', '2646h']"
7,2,0,1,0,None,"{'EIS': 0, 'P1': 1}","[2646]","['2646j', '2646o']"
7,2,0,1,0,None,"{'EIS': 0, 'P1': 1}","[2646]","['2646p', '2646u']"
7,2,0,1,0,None,"{'EIS': 0, 'P1': 1}","[2646]","['2646z', '2646ba']"
7,2,0,1,0,None,"{'EIS': 0, 'P1': 1}","[2646]","['2646bb', '2646bd']"
7,2,0,1,0,None,"{'EIS': 0, 'P3': 1}","[2660, 4940]","['2660d', '4940f']"
7,2,0,1,0,None,"{'EIS': 0, 'P3': 1}","[2680, 3752]","['2680f', '3752l']"
7,2,0,1,0,None,"{'EIS': 0, 'P2': 1}","[2704, 8112]","['2704k', '8112be']"
7,2,0,1,0,None,"{'EIS': 0, 'P2': 1}","[2704, 8112]","['2704l', '8112bf']"
7,2,0,1,0,None,"{'EIS': 0, 'P2': 1}","[2800, 8400]","['2800q', '8400bi']"
7,2,0,1,0,None,"{'EIS': 0, 'P2': 1}","[2800, 8400]","['2800r', '8400ca']"
7,2,0,1,0,None,"{'EIS': 0, 'P2': 1}","[2800, 8400]","['2800bb', '8400cp']"
7,2,0,1,0,None,"{'EIS': 0, 'P2': 1}","[2800, 8400]","['2800bf', '8400bw']"
7,2,0,1,0,None,"{'EIS': 0, 'P2': 1}","[2800, 8400]","['2800bg', '8400bu']"
7,2,0,1,0,None,"{'EIS': 0, 'P3': 1}","[2835, 7371]","['2835c', '7371d']"
7,2,0,1,0,None,"{'EIS': 0, 'P3': 1}","[2835, 7371]","['2835f', '7371e']"
7,2,0,1,0,None,"{'EIS': 0, 'P2': 1}","[2842, 8526]","['2842c', '8526e']"
7,2,0,1,0,None,"{'EIS': 0, 'P3': 1}","[2856, 4760]","['2856e', '4760e']"
7,2,0,1,0,None,"{'EIS': 0, 'P1': 1}","[2888]","['2888a', '2888b']"
7,2,0,1,0,None,"{'EIS': 0, 'P1': 1}","[2888]","['2888d', '2888e']"
7,2,0,1,0,None,"{'EIS': 0, 'P2': 1}","[2890, 8670]","['2890f', '8670d']"
7,2,0,1,0,None,"{'EIS': 0, 'P2': 1}","[2890, 8670]","['2890k', '8670j']"
7,2,0,1,0,None,"{'EIS': 0, 'P2': 1}","[2890, 8670]","['2890l', '8670l']"
7,2,0,1,0,None,"{'EIS': 0, 'P2': 1}","[2900, 8700]","['2900d', '8700d']"
7,2,0,1,0,None,"{'EIS': 0, 'P1': 1}","[2970]","['2970e', '2970f']"
7,2,0,1,0,None,"{'EIS': 0, 'P1': 1}","[2970]","['2970q', '2970s']"
7,2,0,1,0,None,"{'EIS': 0, 'P3': 1}","[3003, 6279]","['3003f', '6279b']"
7,2,0,1,0,None,"{'EIS': 0, 'P2': 1}","[3016, 9048]","['3016b', '9048i']"
7,2,0,1,0,None,"{'EIS': 0, 'P3': 1}","[3030, 7878]","['3030o', '7878c']"
7,2,0,1,0,None,"{'EIS': 0, 'P2': 1}","[3038, 9114]","['3038m', '9114v']"
7,2,0,1,0,None,"{'EIS': 0, 'P3': 1}","[3120, 4368]","['3120m', '4368q']"
7,2,0,1,0,None,"{'EIS': 0, 'P2': 1}","[3146, 9438]","['3146i', '9438m']"
7,2,0,1,0,None,"{'EIS': 0, 'P1': 1}","[3150]","['3150p', '3150r']"
7,2,0,1,0,None,"{'EIS': 0, 'P1': 1}","[3150]","['3150bj', '3150bn']"
7,2,0,1,0,None,"{'EIS': 0, 'P2': 1}","[3185, 9555]","['3185c', '9555d']"
7,2,0,1,0,None,"{'EIS': 0, 'P1': 1}","[3185]","['3185f', '3185i']"
7,2,0,1,0,None,"{'EIS': 0, 'P2': 1}","[3185, 9555]","['3185g', '9555v']"
7,2,0,1,0,None,"{'EIS': 0, 'P3': 1}","[3220, 7084]","['3220b', '7084c']"
7,2,0,1,0,None,"{'EIS': 0, 'P1': 1}","[3234]","['3234a', '3234b']"
7,2,0,1,0,None,"{'EIS': 0, 'P2': 1}","[3266, 9798]","['3266a', '9798e']"
7,2,0,1,0,None,"{'EIS': 0, 'P3': 1}","[3300, 7700]","['3300f', '7700k']"
7,2,0,1,0,None,"{'EIS': 0, 'P3': 1}","[3300, 7700]","['3300j', '7700c']"
7,2,0,1,0,None,"{'EIS': 0, 'P1': 1}","[3312]","['3312d', '3312e']"
7,2,0,1,0,None,"{'EIS': 0, 'P3': 1}","[3318, 6162]","['3318c', '6162c']"
7,2,0,1,0,None,"{'EIS': 0, 'P1': 1}","[3330]","['3330w', '3330y']"
7,2,0,1,0,None,"{'EIS': 0, 'P1': 1}","[3381]","['3381d', '3381e']"
7,2,0,1,0,None,"{'EIS': 0, 'P1': 1}","[3381]","['3381j', '3381m']"
7,2,0,1,0,None,"{'EIS': 0, 'P3': 1}","[3468, 8092]","['3468d', '8092j']"
7,2,0,1,0,None,"{'EIS': 0, 'P3': 1}","[3468, 8092]","['3468g', '8092d']"
7,2,0,1,0,None,"{'EIS': 0, 'P1': 1}","[3486]","['3486o', '3486p']"
7,2,0,1,0,None,"{'EIS': 0, 'P1': 1}","[3552]","['3552a', '3552b']"
7,2,0,1,0,None,"{'EIS': 0, 'P1': 1}","[3552]","['3552c', '3552d']"
7,2,0,1,0,None,"{'EIS': 0, 'P1': 1}","[3600]","['3600m', '3600q']"
7,2,0,1,0,None,"{'EIS': 0, 'P1': 1}","[3600]","['3600t', '3600x']"
7,2,0,1,0,None,"{'EIS': 0, 'P1': 1}","[3672]","['3672f', '3672g']"
7,2,0,1,0,None,"{'EIS': 0, 'P1': 1}","[3672]","['3672m', '3672n']"
7,2,0,1,0,None,"{'EIS': 0, 'P1': 1}","[3718]","['3718h', '3718i']"
7,2,0,1,0,None,"{'EIS': 0, 'P1': 1}","[3718]","['3718l', '3718m']"
7,2,0,1,0,None,"{'EIS': 0, 'P3': 1}","[3720, 8680]","['3720f', '8680m']"
7,2,0,1,0,None,"{'EIS': 0, 'P3': 1}","[3760, 5264]","['3760l', '5264h']"
7,2,0,1,0,None,"{'EIS': 0, 'P1': 1}","[3800]","['3800c', '3800d']"
7,2,0,1,0,None,"{'EIS': 0, 'P1': 1}","[3822]","['3822b', '3822e']"
7,2,0,1,0,None,"{'EIS': 0, 'P1': 1}","[3822]","['3822j', '3822m']"
7,2,0,1,0,None,"{'EIS': 0, 'P1': 1}","[3822]","['3822p', '3822q']"
7,2,0,1,0,None,"{'EIS': 0, 'P1': 1}","[3822]","['3822y', '3822z']"
7,2,0,1,0,None,"{'EIS': 0, 'P1': 1}","[3822]","['3822bb', '3822be']"
7,2,0,1,0,None,"{'EIS': 0, 'P3': 1}","[3836, 8220]","['3836c', '8220b']"
7,2,0,1,0,None,"{'EIS': 0, 'P1': 1}","[3870]","['3870u', '3870v']"
7,2,0,1,0,None,"{'EIS': 0, 'P1': 1}","[3906]","['3906d', '3906e']"
7,2,0,1,0,None,"{'EIS': 0, 'P1': 1}","[3910]","['3910l', '3910m']"
7,2,0,1,0,None,"{'EIS': 0, 'P1': 1}","[3915]","['3915h', '3915i']"
7,2,0,1,0,None,"{'EIS': 0, 'P1': 1}","[3915]","['3915k', '3915l']"
7,2,0,1,0,None,"{'EIS': 0, 'P1': 1}","[3920]","['3920b', '3920f']"
7,2,0,1,0,None,"{'EIS': 0, 'P1': 1}","[3920]","['3920i', '3920k']"
7,2,0,1,0,None,"{'EIS': 0, 'P1': 1}","[3920]","['3920q', '3920v']"
7,2,0,1,0,None,"{'EIS': 0, 'P1': 1}","[3920]","['3920r', '3920w']"
7,2,0,1,0,None,"{'EIS': 0, 'P1': 1}","[3920]","['3920bb', '3920be']"
7,2,0,1,0,None,"{'EIS': 0, 'P1': 1}","[3920]","['3920bg', '3920bh']"
7,2,0,1,0,None,"{'EIS': 0, 'P1': 1}","[3975]","['3975b', '3975c']"
7,2,0,1,0,None,"{'EIS': 0, 'P1': 1}","[3975]","['3975l', '3975m']"
7,2,0,1,0,None,"{'EIS': 0, 'P1': 1}","[3990]","['3990b', '3990c']"
7,2,0,1,0,None,"{'EIS': 0, 'P1': 1}","[3990]","['3990f', '3990h']"
7,2,0,1,0,None,"{'EIS': 0, 'P3': 1}","[3990, 8778]","['3990r', '8778m']"
7,2,0,1,0,None,"{'EIS': 0, 'P3': 1}","[3990, 8778]","['3990v', '8778n']"
7,2,0,1,0,None,"{'EIS': 0, 'P1': 1}","[3990]","['3990ba', '3990bc']"
7,2,0,1,0,None,"{'EIS': 0, 'P1': 1}","[4046]","['4046j', '4046k']"
7,2,0,1,0,None,"{'EIS': 0, 'P1': 1}","[4046]","['4046r', '4046s']"
7,2,0,1,0,None,"{'EIS': 0, 'P1': 1}","[4068]","['4068a', '4068b']"
7,2,0,1,0,None,"{'EIS': 0, 'P3': 1}","[4140, 9108]","['4140c', '9108h']"
7,2,0,1,0,None,"{'EIS': 0, 'P1': 1}","[4140]","['4140j', '4140k']"
7,2,0,1,0,None,"{'EIS': 0, 'P1': 1}","[4176]","['4176bg', '4176bh']"
7,2,0,1,0,None,"{'EIS': 0, 'P1': 1}","[4176]","['4176bj', '4176bk']"
7,2,0,1,0,None,"{'EIS': 0, 'P1': 1}","[4200]","['4200c', '4200f']"
7,2,0,1,0,None,"{'EIS': 0, 'P1': 1}","[4200]","['4200j', '4200m']"
7,2,0,1,0,None,"{'EIS': 0, 'P1': 1}","[4200]","['4200u', '4200v']"
7,2,0,1,0,None,"{'EIS': 0, 'P1': 1}","[4200]","['4200bd', '4200be']"
7,2,0,1,0,None,"{'EIS': 0, 'P1': 1}","[4230]","['4230m', '4230p']"
7,2,0,1,0,None,"{'EIS': 0, 'P3': 1}","[4230, 5922]","['4230z', '5922n']"
7,2,0,1,0,None,"{'EIS': 0, 'P1': 1}","[4290]","['4290g', '4290h']"
7,2,0,1,0,None,"{'EIS': 0, 'P1': 1}","[4290]","['4290x', '4290y']"
7,2,0,1,0,None,"{'EIS': 0, 'P1': 1}","[4326]","['4326g', '4326h']"
7,2,0,1,0,None,"{'EIS': 0, 'P1': 1}","[4356]","['4356i', '4356l']"
7,2,0,1,0,None,"{'EIS': 0, 'P1': 1}","[4356]","['4356j', '4356k']"
7,2,0,1,0,None,"{'EIS': 0, 'P1': 1}","[4368]","['4368h', '4368i']"
7,2,0,1,0,None,"{'EIS': 0, 'P3': 1}","[4371, 7285]","['4371c', '7285e']"
7,2,0,1,0,None,"{'EIS': 0, 'P1': 1}","[4390]","['4390c', '4390d']"
7,2,0,1,0,None,"{'EIS': 0, 'P1': 1}","[4410]","['4410g', '4410j']"
7,2,0,1,0,None,"{'EIS': 0, 'P1': 1}","[4410]","['4410k', '4410l']"
7,2,0,1,0,None,"{'EIS': 0, 'P1': 1}","[4410]","['4410o', '4410s']"
7,2,0,1,0,None,"{'EIS': 0, 'P1': 1}","[4410]","['4410q', '4410u']"
7,2,0,1,0,None,"{'EIS': 0, 'P1': 1}","[4410]","['4410bc', '4410bg']"
7,2,0,1,0,None,"{'EIS': 0, 'P1': 1}","[4410]","['4410bh', '4410bm']"
7,2,0,1,0,None,"{'EIS': 0, 'P1': 1}","[4446]","['4446r', '4446s']"
7,2,0,1,0,None,"{'EIS': 0, 'P3': 1}","[4532, 5356]","['4532b', '5356b']"
7,2,0,1,0,None,"{'EIS': 0, 'P1': 1}","[4557]","['4557f', '4557g']"
7,2,0,1,0,None,"{'EIS': 0, 'P1': 1}","[4557]","['4557i', '4557l']"
7,2,0,1,0,None,"{'EIS': 0, 'P1': 1}","[4590]","['4590g', '4590h']"
7,2,0,1,0,None,"{'EIS': 0, 'P1': 1}","[4590]","['4590q', '4590r']"
7,2,0,1,0,None,"{'EIS': 0, 'P1': 1}","[4650]","['4650bm', '4650bn']"
7,2,0,1,0,None,"{'EIS': 0, 'P3': 1}","[4731, 7885]","['4731c', '7885a']"
7,2,0,1,0,None,"{'EIS': 0, 'P1': 1}","[4851]","['4851h', '4851q']"
7,2,0,1,0,None,"{'EIS': 0, 'P1': 1}","[4851]","['4851r', '4851s']"
7,2,0,1,0,None,"{'EIS': 0, 'P1': 1}","[4900]","['4900b', '4900i']"
7,2,0,1,0,None,"{'EIS': 0, 'P1': 1}","[4900]","['4900e', '4900h']"
7,2,0,1,0,None,"{'EIS': 0, 'P1': 1}","[4998]","['4998a', '4998d']"
7,2,0,1,0,None,"{'EIS': 0, 'P1': 1}","[4998]","['4998b', '4998h']"
7,2,0,1,0,None,"{'EIS': 0, 'P1': 1}","[4998]","['4998l', '4998x']"
7,2,0,1,0,None,"{'EIS': 0, 'P1': 1}","[4998]","['4998m', '4998p']"
7,2,0,1,0,None,"{'EIS': 0, 'P1': 1}","[4998]","['4998s', '4998t']"
7,2,0,1,0,None,"{'EIS': 0, 'P1': 1}","[4998]","['4998z', '4998bf']"
7,2,0,1,0,None,"{'EIS': 0, 'P1': 1}","[4998]","['4998bi', '4998bj']"
7,2,0,1,0,None,"{'EIS': 0, 'P1': 1}","[5040]","['5040bm', '5040bp']"
7,2,0,1,0,None,"{'EIS': 0, 'P1': 1}","[5070]","['5070i', '5070j']"
7,2,0,1,0,None,"{'EIS': 0, 'P1': 1}","[5070]","['5070u', '5070x']"
7,2,0,1,0,None,"{'EIS': 0, 'P1': 1}","[5096]","['5096g', '5096j']"
7,2,0,1,0,None,"{'EIS': 0, 'P1': 1}","[5100]","['5100a', '5100b']"
7,2,0,1,0,None,"{'EIS': 0, 'P1': 1}","[5100]","['5100n', '5100o']"
7,2,0,1,0,None,"{'EIS': 0, 'P1': 1}","[5136]","['5136f', '5136g']"
7,2,0,1,0,None,"{'EIS': 0, 'P3': 1}","[5136, 8560]","['5136h', '8560c']"
7,2,0,1,0,None,"{'EIS': 0, 'P1': 1}","[5160]","['5160i', '5160j']"
7,2,0,1,0,None,"{'EIS': 0, 'P1': 1}","[5166]","['5166bh', '5166bi']"
7,2,0,1,0,None,"{'EIS': 0, 'P1': 1}","[5202]","['5202c', '5202d']"
7,2,0,1,0,None,"{'EIS': 0, 'P1': 1}","[5202]","['5202e', '5202f']"
7,2,0,1,0,None,"{'EIS': 0, 'P1': 1}","[5292]","['5292a', '5292b']"
7,2,0,1,0,None,"{'EIS': 0, 'P1': 1}","[5292]","['5292h', '5292j']"
7,2,0,1,0,None,"{'EIS': 0, 'P1': 1}","[5292]","['5292i', '5292k']"
7,2,0,1,0,None,"{'EIS': 0, 'P3': 1}","[5360, 7504]","['5360f', '7504g']"
7,2,0,1,0,None,"{'EIS': 0, 'P1': 1}","[5390]","['5390u', '5390ba']"
7,2,0,1,0,None,"{'EIS': 0, 'P1': 1}","[5390]","['5390bd', '5390be']"
7,2,0,1,0,None,"{'EIS': 0, 'P1': 1}","[5400]","['5400e', '5400f']"
7,2,0,1,0,None,"{'EIS': 0, 'P1': 1}","[5400]","['5400o', '5400p']"
7,2,0,1,0,None,"{'EIS': 0, 'P1': 1}","[5400]","['5400v', '5400x']"
7,2,0,1,0,None,"{'EIS': 0, 'P1': 1}","[5400]","['5400bd', '5400bg']"
7,2,0,1,0,None,"{'EIS': 0, 'P1': 1}","[5400]","['5400be', '5400bf']"
7,2,0,1,0,None,"{'EIS': 0, 'P1': 1}","[5400]","['5400bt', '5400bv']"
7,2,0,1,0,None,"{'EIS': 0, 'P1': 1}","[5424]","['5424o', '5424p']"
7,2,0,1,0,None,"{'EIS': 0, 'P1': 1}","[5550]","['5550bk', '5550bm']"
7,2,0,1,0,None,"{'EIS': 0, 'P1': 1}","[5566]","['5566h', '5566i']"
7,2,0,1,0,None,"{'EIS': 0, 'P3': 1}","[5600, 8800]","['5600o', '8800n']"
7,2,0,1,0,None,"{'EIS': 0, 'P3': 1}","[5600, 8800]","['5600t', '8800v']"
7,2,0,1,0,None,"{'EIS': 0, 'P1': 1}","[5610]","['5610w', '5610x']"
7,2,0,1,0,None,"{'EIS': 0, 'P3': 1}","[5712, 9520]","['5712i', '9520c']"
7,2,0,1,0,None,"{'EIS': 0, 'P1': 1}","[5776]","['5776a', '5776b']"
7,2,0,1,0,None,"{'EIS': 0, 'P1': 1}","[5776]","['5776d', '5776e']"
7,2,0,1,0,None,"{'EIS': 0, 'P1': 1}","[5808]","['5808t', '5808x']"
7,2,0,1,0,None,"{'EIS': 0, 'P1': 1}","[5808]","['5808u', '5808w']"
7,2,0,1,0,None,"{'EIS': 0, 'P1': 1}","[5850]","['5850q', '5850s']"
7,2,0,1,0,None,"{'EIS': 0, 'P1': 1}","[5850]","['5850w', '5850x']"
7,2,0,1,0,None,"{'EIS': 0, 'P1': 1}","[5850]","['5850bk', '5850bl']"
7,2,0,1,0,None,"{'EIS': 0, 'P1': 1}","[5850]","['5850bw', '5850bx']"
7,2,0,1,0,None,"{'EIS': 0, 'P1': 1}","[5880]","['5880a', '5880c']"
7,2,0,1,0,None,"{'EIS': 0, 'P1': 1}","[5880]","['5880e', '5880g']"
7,2,0,1,0,None,"{'EIS': 0, 'P1': 1}","[5880]","['5880m', '5880n']"
7,2,0,1,0,None,"{'EIS': 0, 'P1': 1}","[5880]","['5880w', '5880y']"
7,2,0,1,0,None,"{'EIS': 0, 'P1': 1}","[5880]","['5880bd', '5880be']"
7,2,0,1,0,None,"{'EIS': 0, 'P3': 1}","[5910, 8274]","['5910f', '8274h']"
7,2,0,1,0,None,"{'EIS': 0, 'P1': 1}","[5978]","['5978a', '5978c']"
7,2,0,1,0,None,"{'EIS': 0, 'P1': 1}","[5978]","['5978d', '5978e']"
7,2,0,1,0,None,"{'EIS': 0, 'P1': 1}","[6084]","['6084g', '6084h']"
7,2,0,1,0,None,"{'EIS': 0, 'P1': 1}","[6084]","['6084j', '6084k']"
7,2,0,1,0,None,"{'EIS': 0, 'P1': 1}","[6150]","['6150e', '6150f']"
7,2,0,1,0,None,"{'EIS': 0, 'P1': 1}","[6258]","['6258s', '6258t']"
7,2,0,1,0,None,"{'EIS': 0, 'P1': 1}","[6300]","['6300o', '6300q']"
7,2,0,1,0,None,"{'EIS': 0, 'P1': 1}","[6300]","['6300v', '6300w']"
7,2,0,1,0,None,"{'EIS': 0, 'P1': 1}","[6300]","['6300bc', '6300be']"
7,2,0,1,0,None,"{'EIS': 0, 'P1': 1}","[6336]","['6336s', '6336u']"
7,2,0,1,0,None,"{'EIS': 0, 'P1': 1}","[6336]","['6336cl', '6336cn']"
7,2,0,1,0,None,"{'EIS': 0, 'P1': 1}","[6360]","['6360h', '6360i']"
7,2,0,1,0,None,"{'EIS': 0, 'P1': 1}","[6370]","['6370o', '6370p']"
7,2,0,1,0,None,"{'EIS': 0, 'P1': 1}","[6370]","['6370r', '6370u']"
7,2,0,1,0,None,"{'EIS': 0, 'P1': 1}","[6450]","['6450x', '6450z']"
7,2,0,1,0,None,"{'EIS': 0, 'P3': 1}","[6460, 9044]","['6460b', '9044f']"
7,2,0,1,0,None,"{'EIS': 0, 'P1': 1}","[6468]","['6468b', '6468h']"
7,2,0,1,0,None,"{'EIS': 0, 'P1': 1}","[6498]","['6498f', '6498g']"
7,2,0,1,0,None,"{'EIS': 0, 'P1': 1}","[6498]","['6498t', '6498u']"
7,2,0,1,0,None,"{'EIS': 0, 'P1': 1}","[6552]","['6552y', '6552ba']"
7,2,0,1,0,None,"{'EIS': 0, 'P1': 1}","[6678]","['6678d', '6678e']"
7,2,0,1,0,None,"{'EIS': 0, 'P1': 1}","[6762]","['6762bc', '6762be']"
7,2,0,1,0,None,"{'EIS': 0, 'P1': 1}","[6762]","['6762bg', '6762bn']"
7,2,0,1,0,None,"{'EIS': 0, 'P1': 1}","[6786]","['6786j', '6786k']"
7,2,0,1,0,None,"{'EIS': 0, 'P1': 1}","[6962]","['6962e', '6962f']"
7,2,0,1,0,None,"{'EIS': 0, 'P1': 1}","[6962]","['6962l', '6962m']"
7,2,0,1,0,None,"{'EIS': 0, 'P1': 1}","[7020]","['7020e', '7020f']"
7,2,0,1,0,None,"{'EIS': 0, 'P1': 1}","[7020]","['7020k', '7020l']"
7,2,0,1,0,None,"{'EIS': 0, 'P1': 1}","[7050]","['7050j', '7050l']"
7,2,0,1,0,None,"{'EIS': 0, 'P1': 1}","[7056]","['7056bb', '7056bf']"
7,2,0,1,0,None,"{'EIS': 0, 'P1': 1}","[7056]","['7056bc', '7056bh']"
7,2,0,1,0,None,"{'EIS': 0, 'P1': 1}","[7056]","['7056bl', '7056bt']"
7,2,0,1,0,None,"{'EIS': 0, 'P1': 1}","[7056]","['7056bn', '7056cc']"
7,2,0,1,0,None,"{'EIS': 0, 'P1': 1}","[7056]","['7056bu', '7056bv']"
7,2,0,1,0,None,"{'EIS': 0, 'P1': 1}","[7056]","['7056bz', '7056cd']"
7,2,0,1,0,None,"{'EIS': 0, 'P1': 1}","[7098]","['7098j', '7098l']"
7,2,0,1,0,None,"{'EIS': 0, 'P1': 1}","[7098]","['7098bc', '7098be']"
7,2,0,1,0,None,"{'EIS': 0, 'P1': 1}","[7104]","['7104q', '7104s']"
7,2,0,1,0,None,"{'EIS': 0, 'P1': 1}","[7104]","['7104x', '7104z']"
7,2,0,1,0,None,"{'EIS': 0, 'P1': 1}","[7150]","['7150h', '7150i']"
7,2,0,1,0,None,"{'EIS': 0, 'P1': 1}","[7150]","['7150q', '7150r']"
7,2,0,1,0,None,"{'EIS': 0, 'P1': 1}","[7170]","['7170k', '7170l']"
7,2,0,1,0,None,"{'EIS': 0, 'P1': 1}","[7242]","['7242c', '7242d']"
7,2,0,1,0,None,"{'EIS': 0, 'P1': 1}","[7260]","['7260c', '7260f']"
7,2,0,1,0,None,"{'EIS': 0, 'P1': 1}","[7260]","['7260d', '7260e']"
7,2,0,1,0,None,"{'EIS': 0, 'P1': 1}","[7344]","['7344a', '7344b']"
7,2,0,1,0,None,"{'EIS': 0, 'P1': 1}","[7344]","['7344f', '7344g']"
7,2,0,1,0,None,"{'EIS': 0, 'P1': 1}","[7350]","['7350b', '7350h']"
7,2,0,1,0,None,"{'EIS': 0, 'P1': 1}","[7350]","['7350d', '7350k']"
7,2,0,1,0,None,"{'EIS': 0, 'P1': 1}","[7350]","['7350n', '7350o']"
7,2,0,1,0,None,"{'EIS': 0, 'P1': 1}","[7350]","['7350v', '7350z']"
7,2,0,1,0,None,"{'EIS': 0, 'P1': 1}","[7350]","['7350ba', '7350bb']"
7,2,0,1,0,None,"{'EIS': 0, 'P1': 1}","[7350]","['7350be', '7350bi']"
7,2,0,1,0,None,"{'EIS': 0, 'P1': 1}","[7350]","['7350bg', '7350bl']"
7,2,0,1,0,None,"{'EIS': 0, 'P1': 1}","[7350]","['7350bn', '7350br']"
7,2,0,1,0,None,"{'EIS': 0, 'P1': 1}","[7350]","['7350bp', '7350bv']"
7,2,0,1,0,None,"{'EIS': 0, 'P1': 1}","[7350]","['7350bs', '7350bx']"
7,2,0,1,0,None,"{'EIS': 0, 'P1': 1}","[7350]","['7350bz', '7350cc']"
7,2,0,1,0,None,"{'EIS': 0, 'P1': 1}","[7350]","['7350ce', '7350cf']"
7,2,0,1,0,None,"{'EIS': 0, 'P1': 1}","[7350]","['7350ch', '7350cs']"
7,2,0,1,0,None,"{'EIS': 0, 'P1': 1}","[7350]","['7350cl', '7350cm']"
7,2,0,1,0,None,"{'EIS': 0, 'P1': 1}","[7350]","['7350co', '7350cq']"
7,2,0,1,0,None,"{'EIS': 0, 'P1': 1}","[7350]","['7350ct', '7350cz']"
7,2,0,1,0,None,"{'EIS': 0, 'P1': 1}","[7395]","['7395d', '7395e']"
7,2,0,1,0,None,"{'EIS': 0, 'P1': 1}","[7448]","['7448c', '7448g']"
7,2,0,1,0,None,"{'EIS': 0, 'P1': 1}","[7464]","['7464e', '7464f']"
7,2,0,1,0,None,"{'EIS': 0, 'P1': 1}","[7497]","['7497c', '7497f']"
7,2,0,1,0,None,"{'EIS': 0, 'P1': 1}","[7590]","['7590d', '7590e']"
7,2,0,1,0,None,"{'EIS': 0, 'P1': 1}","[7600]","['7600e', '7600f']"
7,2,0,1,0,None,"{'EIS': 0, 'P1': 1}","[7650]","['7650d', '7650f']"
7,2,0,1,0,None,"{'EIS': 0, 'P1': 1}","[7650]","['7650k', '7650l']"
7,2,0,1,0,None,"{'EIS': 0, 'P1': 1}","[7650]","['7650s', '7650t']"
7,2,0,1,0,None,"{'EIS': 0, 'P1': 1}","[7650]","['7650w', '7650x']"
7,2,0,1,0,None,"{'EIS': 0, 'P1': 1}","[7650]","['7650bc', '7650be']"
7,2,0,1,0,None,"{'EIS': 0, 'P1': 1}","[7650]","['7650bk', '7650bm']"
7,2,0,1,0,None,"{'EIS': 0, 'P1': 1}","[7650]","['7650br', '7650bs']"
7,2,0,1,0,None,"{'EIS': 0, 'P1': 1}","[7650]","['7650cd', '7650ce']"
7,2,0,1,0,None,"{'EIS': 0, 'P1': 1}","[7650]","['7650ch', '7650ci']"
7,2,0,1,0,None,"{'EIS': 0, 'P1': 1}","[7704]","['7704p', '7704q']"
7,2,0,1,0,None,"{'EIS': 0, 'P1': 1}","[7840]","['7840a', '7840d']"
7,2,0,1,0,None,"{'EIS': 0, 'P1': 1}","[7840]","['7840b', '7840e']"
7,2,0,1,0,None,"{'EIS': 0, 'P1': 1}","[7840]","['7840g', '7840n']"
7,2,0,1,0,None,"{'EIS': 0, 'P1': 1}","[7840]","['7840v', '7840y']"
7,2,0,1,0,None,"{'EIS': 0, 'P1': 1}","[7998]","['7998e', '7998f']"
7,2,0,1,0,None,"{'EIS': 0, 'P1': 1}","[8085]","['8085s', '8085x']"
7,2,0,1,0,None,"{'EIS': 0, 'P1': 1}","[8208]","['8208h', '8208i']"
7,2,0,1,0,None,"{'EIS': 0, 'P1': 1}","[8208]","['8208t', '8208u']"
7,2,0,1,0,None,"{'EIS': 0, 'P1': 1}","[8400]","['8400g', '8400k']"
7,2,0,1,0,None,"{'EIS': 0, 'P1': 1}","[8400]","['8400o', '8400q']"
7,2,0,1,0,None,"{'EIS': 0, 'P1': 1}","[8400]","['8400t', '8400x']"
7,2,0,1,0,None,"{'EIS': 0, 'P1': 1}","[8400]","['8400ba', '8400be']"
7,2,0,1,0,None,"{'EIS': 0, 'P1': 1}","[8410]","['8410c', '8410d']"
7,2,0,1,0,None,"{'EIS': 0, 'P1': 1}","[8410]","['8410h', '8410i']"
7,2,0,1,0,None,"{'EIS': 0, 'P1': 1}","[8450]","['8450a', '8450b']"
7,2,0,1,0,None,"{'EIS': 0, 'P1': 1}","[8450]","['8450n', '8450o']"
7,2,0,1,0,None,"{'EIS': 0, 'P1': 1}","[8550]","['8550bd', '8550bi']"
7,2,0,1,0,None,"{'EIS': 0, 'P1': 1}","[8680]","['8680a', '8680b']"
7,2,0,1,0,None,"{'EIS': 0, 'P1': 1}","[8712]","['8712l', '8712n']"
7,2,0,1,0,None,"{'EIS': 0, 'P1': 1}","[8766]","['8766n', '8766q']"
7,2,0,1,0,None,"{'EIS': 0, 'P1': 1}","[8800]","['8800o', '8800p']"
7,2,0,1,0,None,"{'EIS': 0, 'P1': 1}","[8800]","['8800w', '8800x']"
7,2,0,1,0,None,"{'EIS': 0, 'P1': 1}","[8820]","['8820k', '8820r']"
7,2,0,1,0,None,"{'EIS': 0, 'P1': 1}","[8820]","['8820n', '8820p']"
7,2,0,1,0,None,"{'EIS': 0, 'P1': 1}","[8820]","['8820v', '8820w']"
7,2,0,1,0,None,"{'EIS': 0, 'P1': 1}","[8880]","['8880w', '8880x']"
7,2,0,1,0,None,"{'EIS': 0, 'P1': 1}","[8925]","['8925o', '8925p']"
7,2,0,1,0,None,"{'EIS': 0, 'P1': 1}","[9310]","['9310c', '9310d']"
7,2,0,1,0,None,"{'EIS': 0, 'P1': 1}","[9310]","['9310e', '9310g']"
7,2,0,1,0,None,"{'EIS': 0, 'P1': 1}","[9315]","['9315d', '9315e']"
7,2,0,1,0,None,"{'EIS': 0, 'P1': 1}","[9315]","['9315i', '9315j']"
7,2,0,1,0,None,"{'EIS': 0, 'P1': 1}","[9408]","['9408d', '9408s']"
7,2,0,1,0,None,"{'EIS': 0, 'P1': 1}","[9408]","['9408n', '9408o']"
7,2,0,1,0,None,"{'EIS': 0, 'P1': 1}","[9408]","['9408w', '9408bf']"
7,2,0,1,0,None,"{'EIS': 0, 'P1': 1}","[9408]","['9408bk', '9408bm']"
7,2,0,1,0,None,"{'EIS': 0, 'P1': 1}","[9408]","['9408bq', '9408cb']"
7,2,0,1,0,None,"{'EIS': 0, 'P1': 1}","[9408]","['9408cg', '9408ch']"
7,2,0,1,0,None,"{'EIS': 0, 'P1': 1}","[9408]","['9408co', '9408de']"
7,2,0,1,0,None,"{'EIS': 0, 'P1': 1}","[9408]","['9408cx', '9408cy']"
7,2,0,1,0,None,"{'EIS': 0, 'P1': 1}","[9438]","['9438b', '9438c']"
7,2,0,1,0,None,"{'EIS': 0, 'P1': 1}","[9438]","['9438s', '9438t']"
7,2,0,1,0,None,"{'EIS': 0, 'P1': 1}","[9450]","['9450l', '9450n']"
7,2,0,1,0,None,"{'EIS': 0, 'P1': 1}","[9450]","['9450p', '9450t']"
7,2,0,1,0,None,"{'EIS': 0, 'P1': 1}","[9450]","['9450bb', '9450bh']"
7,2,0,1,0,None,"{'EIS': 0, 'P1': 1}","[9450]","['9450bk', '9450bm']"
7,2,0,1,0,None,"{'EIS': 0, 'P1': 1}","[9450]","['9450bw', '9450by']"
7,2,0,1,0,None,"{'EIS': 0, 'P1': 1}","[9450]","['9450cc', '9450ci']"
7,2,0,1,0,None,"{'EIS': 0, 'P1': 1}","[9450]","['9450cw', '9450db']"
7,2,0,1,0,None,"{'EIS': 0, 'P1': 1}","[9450]","['9450dh', '9450dm']"
7,2,0,1,0,None,"{'EIS': 0, 'P1': 1}","[9450]","['9450dj', '9450dn']"
7,2,0,1,0,None,"{'EIS': 0, 'P1': 1}","[9450]","['9450do', '9450dt']"
7,2,0,1,0,None,"{'EIS': 0, 'P1': 1}","[9464]","['9464f', '9464g']"
7,2,0,1,0,None,"{'EIS': 0, 'P1': 1}","[9522]","['9522i', '9522j']"
7,2,0,1,0,None,"{'EIS': 0, 'P1': 1}","[9522]","['9522l', '9522m']"
7,2,0,1,0,None,"{'EIS': 0, 'P1': 1}","[9570]","['9570j', '9570k']"
7,2,0,1,0,None,"{'EIS': 0, 'P1': 1}","[9675]","['9675a', '9675c']"
7,2,0,1,0,None,"{'EIS': 0, 'P1': 1}","[9675]","['9675d', '9675f']"
7,2,0,1,0,None,"{'EIS': 0, 'P1': 1}","[9690]","['9690t', '9690u']"
7,2,0,1,0,None,"{'EIS': 0, 'P1': 1}","[9702]","['9702a', '9702e']"
7,2,0,1,0,None,"{'EIS': 0, 'P1': 1}","[9702]","['9702f', '9702g']"
7,2,0,1,0,None,"{'EIS': 0, 'P1': 1}","[9702]","['9702bd', '9702bl']"
7,2,0,1,0,None,"{'EIS': 0, 'P1': 1}","[9702]","['9702bi', '9702bj']"
7,2,0,1,0,None,"{'EIS': 0, 'P1': 1}","[9702]","['9702bo', '9702ca']"
7,2,0,1,0,None,"{'EIS': 0, 'P1': 1}","[9702]","['9702bq', '9702br']"
7,2,0,1,0,None,"{'EIS': 0, 'P1': 1}","[9702]","['9702cd', '9702cf']"
7,2,0,1,0,None,"{'EIS': 0, 'P1': 1}","[9800]","['9800a', '9800h']"
7,2,0,1,0,None,"{'EIS': 0, 'P1': 1}","[9800]","['9800f', '9800g']"
7,2,0,1,0,None,"{'EIS': 0, 'P1': 1}","[9800]","['9800n', '9800q']"
7,2,0,1,0,None,"{'EIS': 0, 'P1': 1}","[9800]","['9800s', '9800t']"
7,2,0,1,0,None,"{'EIS': 0, 'P1': 1}","[9800]","['9800x', '9800bb']"
7,2,0,1,0,None,"{'EIS': 0, 'P1': 1}","[9800]","['9800y', '9800bk']"
7,2,0,1,0,None,"{'EIS': 0, 'P1': 1}","[9800]","['9800bd', '9800be']"
7,2,0,1,0,None,"{'EIS': 0, 'P1': 1}","[9800]","['9800bi', '9800bj']"
7,2,0,1,0,None,"{'EIS': 0, 'P1': 1}","[9849]","['9849b', '9849i']"
7,2,0,1,0,None,"{'EIS': 0, 'P1': 1}","[9849]","['9849k', '9849m']"
7,2,0,1,0,None,"{'EIS': 0, 'P1': 1}","[9870]","['9870c', '9870d']"
7,2,0,1,0,None,"{'EIS': 0, 'P1': 1}","[9918]","['9918m', '9918n']"
11,2,0,1,0,None,"{'EIS': 0, 'P2': 1}","[190, 2470]","['190b', '2470a']"
11,2,0,1,0,None,"{'EIS': 0, 'P2': 1}","[216, 1512]","['216b', '1512c']"
11,2,0,1,0,None,"{'EIS': 0, 'P2': 1}","[216, 1512]","['216c', '1512g']"
11,2,0,1,0,None,"{'EIS': 0, 'P2': 1}","[238, 4522]","['238b', '4522b']"
11,2,0,1,0,None,"{'EIS': 0, 'P2': 1}","[294, 4998]","['294a', '4998ba']"
11,2,0,1,0,None,"{'EIS': 0, 'P2': 1}","[294, 4998]","['294b', '4998bk']"
11,2,0,1,0,None,"{'EIS': 0, 'P2': 1}","[432, 3024]","['432c', '3024j']"
11,2,0,1,0,None,"{'EIS': 0, 'P2': 1}","[432, 3024]","['432d', '3024e']"
11,2,0,1,0,None,"{'EIS': 0, 'P2': 1}","[600, 4200]","['600b', '4200c']"
11,2,0,1,0,None,"{'EIS': 0, 'P2': 1}","[600, 4200]","['600i', '4200bd']"
11,2,0,1,0,None,"{'EIS': 0, 'P2': 1}","[648, 4536]","['648b', '4536c']"
11,2,0,1,0,None,"{'EIS': 0, 'P2': 1}","[648, 4536]","['648d', '4536i']"
11,2,0,1,0,None,"{'EIS': 0, 'P2': 1}","[1200, 8400]","['1200c', '8400o']"
11,2,0,1,0,None,"{'EIS': 0, 'P2': 1}","[1200, 8400]","['1200f', '8400t']"
11,2,0,1,0,None,"{'EIS': 0, 'P1': 1}","[1210]","['1210d', '1210f']"
11,2,0,1,0,None,"{'EIS': 0, 'P1': 1}","[1210]","['1210k', '1210m']"
11,2,0,1,0,None,"{'EIS': 0, 'P2': 1}","[1296, 9072]","['1296c', '9072c']"
11,2,0,1,0,None,"{'EIS': 0, 'P2': 1}","[1296, 9072]","['1296d', '9072i']"
11,2,0,1,0,None,"{'EIS': 0, 'P1': 1}","[2184]","['2184c', '2184d']"
11,2,0,1,0,None,"{'EIS': 0, 'P1': 1}","[3990]","['3990z', '3990ba']"
11,2,0,1,0,None,"{'EIS': 0, 'P1': 1}","[4368]","['4368g', '4368h']"
11,2,0,1,0,None,"{'EIS': 0, 'P1': 1}","[6050]","['6050b', '6050e']"
11,2,0,1,0,None,"{'EIS': 0, 'P1': 1}","[6050]","['6050w', '6050ba']"
11,2,0,1,0,None,"{'EIS': 0, 'P1': 1}","[6552]","['6552x', '6552y']"
11,2,0,1,0,None,"{'EIS': 0, 'P1': 1}","[8670]","['8670o', '8670p']"
11,2,0,1,0,None,"{'EIS': 0, 'P1': 1}","[8670]","['8670y', '8670z']"
11,2,0,1,0,None,"{'EIS': 0, 'P1': 1}","[9450]","['9450l', '9450m']"
11,2,0,1,0,None,"{'EIS': 0, 'P1': 1}","[9450]","['9450p', '9450q']"
11,2,0,1,0,None,"{'EIS': 0, 'P1': 1}","[9450]","['9450dj', '9450dk']"
11,2,0,1,0,None,"{'EIS': 0, 'P1': 1}","[9450]","['9450do', '9450dp']"
11,2,0,1,0,None,"{'EIS': 0, 'P1': 1}","[9680]","['9680u', '9680x']"
11,2,0,1,0,None,"{'EIS': 0, 'P1': 1}","[9680]","['9680v', '9680z']"
13,2,0,1,0,None,"{'EIS': 0, 'P2': 1}","[52, 988]","['52a', '988b']"
13,2,0,1,0,None,"{'EIS': 0, 'P2': 1}","[208, 3952]","['208c', '3952c']"
13,2,0,1,0,None,"{'EIS': 0, 'P2': 1}","[468, 8892]","['468c', '8892j']"
13,2,0,1,0,None,"{'EIS': 0, 'P2': 1}","[735, 9555]","['735c', '9555h']"
13,2,0,1,0,None,"{'EIS': 0, 'P2': 1}","[735, 9555]","['735d', '9555n']"
